country,start_date,policy_length,policy,st_economic_costs,st_economic_costs_lb,st_economic_costs_ub,lt_economic_costs,d_costs,d_costs_lb,d_costs_ub,h_costs,h_costs_lb,h_costs_ub,mh_costs,mh_costs_lb,mh_costs_ub,num_cases,num_cases_lb,num_cases_ub,num_deaths,num_deaths_lb,num_deaths_ub,hospitalization_days,hospitalization_days_lb,hospitalization_days_ub,icu_days,icu_days_lb,icu_days_ub,ventilated_days,ventilated_days_lb,ventilated_days_ub
BR,2020-03-15,3,actual,27094568747.88475,27094568747.88475,27094568747.88475,0,194451963302.48077,,,1057496062.2439024,,,41372285187.96225,,,893160,,,44190,,,1432788.4705882352,,,52488.529411764706,,,297435,,
BR,2020-03-15,3,No_Measure-No_Measure-No_Measure,34135045606.546307,25427258373.337677,42842832839.75494,0,2517385574850.568,2325041537692.2515,2709729612008.884,10889492844.731709,10889492844.731709,10889492844.731709,67640748589.62291,60424488441.18623,74857008738.0596,12509667,9318474.0,15700860.0,570258,531003.0,609513.0,14571284.588235294,14571284.588235294,14571284.588235294,567910.4117647059,567910.4117647059,567910.4117647059,3218159,3218159.0,3218159.0
BR,2020-03-15,3,No_Measure-No_Measure-Restrict_Mass_Gatherings,31718792158.1661,24899290763.839653,38538293552.49255,0,1978907991989.9124,1827763664320.6077,2130052319659.2173,9028483143.658539,9028483143.658539,9028483143.658539,61506448179.892746,55855035849.05276,67157860510.73275,9796941,7297759.0,12296123.0,448349,417486.0,479212.0,12105518.235294119,12105518.235294119,12105518.235294119,467185.7647058824,467185.7647058824,467185.7647058824,2647386,2647386.0,2647386.0
BR,2020-03-15,3,No_Measure-No_Measure-Restrict_Mass_Gatherings_and_Schools,31832724129.802757,28881669519.554237,34783778740.05128,0,874832025369.153,808153891838.5454,941510158899.7603,5102853668.268293,5102853668.268293,5102853668.268293,48939391303.58119,46493812741.60365,51384969865.55872,4239505,3158015.0,5320995.0,198382,184726.0,212038.0,6898641.352941177,6898641.352941177,6898641.352941177,255551.64705882355,255551.64705882355,255551.64705882355,1448126,1448126.0,1448126.0
BR,2020-03-15,3,No_Measure-No_Measure-Authorize_Schools_but_Restrict_Mass_Gatherings_and_Others,30955001627.74873,25165524684.154137,36744478571.34332,0,1685339846240.724,1556657843102.0862,1814021849379.3623,8015484427.097562,8015484427.097562,8015484427.097562,58160311752.77373,53362494508.339264,62958128997.20819,8317204,6195501.0,10438907.0,381888,355600.0,408176.0,10763065.11764706,10763065.11764706,10763065.11764706,412398.8823529412,412398.8823529412,412398.8823529412,2336927,2336927.0,2336927.0
BR,2020-03-15,3,No_Measure-No_Measure-Restrict_Mass_Gatherings_and_Schools_and_Others,32787014204.939854,30149309099.696365,35424719310.18335,0,784945805582.4465,725140082032.8184,844751529132.0746,4751866046.560976,4751866046.560976,4751866046.560976,47921442320.73363,45735540699.05576,50107343942.41149,3789345,2822690.0,4756000.0,178027,165772.0,190282.0,6432006.647058823,6432006.647058823,6432006.647058823,236793.35294117648,236793.35294117648,236793.35294117648,1341829,1341829.0,1341829.0
BR,2020-03-15,3,No_Measure-No_Measure-Lockdown,37061476518.4767,35162057610.5788,38960895426.3746,0,572332307538.8099,528778410550.2352,615886204527.3845,3864337589.414634,3864337589.414634,3864337589.414634,45523045884.060684,43948971942.75239,47097119825.36897,2728720,2032629.0,3424811.0,129872,120932.0,138812.0,5250187.176470588,5250187.176470588,5250187.176470588,189638.82352941178,189638.82352941178,189638.82352941178,1074620,1074620.0,1074620.0
BR,2020-03-15,3,No_Measure-Restrict_Mass_Gatherings-No_Measure,27737729469.34603,21933790450.80455,33541668487.88752,0,1673291523104.005,1545404724790.6646,1801178321417.3452,6923923541.780488,6923923541.780488,6923923541.780488,58207288099.33867,53397485939.29845,63017090259.3789,8337978,6210975.0,10464981.0,379003,352913.0,405093.0,9261020.05882353,9261020.05882353,9261020.05882353,361684.9411764706,361684.9411764706,361684.9411764706,2049548,2049548.0,2049548.0
BR,2020-03-15,3,No_Measure-Restrict_Mass_Gatherings-Restrict_Mass_Gatherings,27069542492.811012,22707963511.28444,31431121474.337574,0,1263848241991.455,1167303797442.3352,1360392686540.575,5615602040.560976,5615602040.560976,5615602040.560976,53521633835.84037,49907134796.56474,57136132875.116,6265876,4667463.0,7864289.0,286325,266615.0,306035.0,7530203.0,7530203.0,7530203.0,290475.0,290475.0,290475.0,1646025,1646025.0,1646025.0
BR,2020-03-15,3,No_Measure-Restrict_Mass_Gatherings-Restrict_Mass_Gatherings_and_Schools,32204592280.887287,30430581392.32605,33978603169.448524,0,527275833591.4613,487096202684.2079,567455464498.7148,3111833985.5121956,3111833985.5121956,3111833985.5121956,45115644683.04819,43645498050.480545,46585791315.61583,2548558,1898426.0,3198690.0,119581,111349.0,127813.0,4212304.823529412,4212304.823529412,4212304.823529412,155037.17647058825,155037.17647058825,155037.17647058825,878544,878544.0,878544.0
BR,2020-03-15,3,No_Measure-Restrict_Mass_Gatherings-Authorize_Schools_but_Restrict_Mass_Gatherings_and_Others,27461473673.961105,23835092008.866936,31087855339.055267,0,1055040206927.6106,974479992182.7544,1135600421672.4668,4937540865.292684,4937540865.292684,4937540865.292684,51133259502.17964,48128028346.20458,54138490658.15471,5209683,3880702.0,6538664.0,239060,222604.0,255516.0,6632704.05882353,6632704.05882353,6632704.05882353,253639.9411764706,253639.9411764706,253639.9411764706,1437293,1437293.0,1437293.0
BR,2020-03-15,3,No_Measure-Restrict_Mass_Gatherings-Restrict_Mass_Gatherings_and_Schools_and_Others,33643271819.86361,32059041556.313038,35227502083.41418,0,472895530628.1444,436875992497.76825,508915068758.5207,2903255309.9268293,2903255309.9268293,2903255309.9268293,44499115749.934395,43186242868.38205,45811988631.48674,2275915,1695333.0,2856497.0,107267,99883.0,114651.0,3935119.9411764704,3935119.9411764704,3935119.9411764704,143872.05882352943,143872.05882352943,143872.05882352943,815275,815275.0,815275.0
BR,2020-03-15,3,No_Measure-Restrict_Mass_Gatherings-Lockdown,39102606476.412766,37954402315.1243,40250810637.70123,0,347420681317.0335,320991666483.76184,373849696150.3051,2385740614.8292685,2385740614.8292685,2385740614.8292685,43082638926.23228,42131106727.584145,44034171124.8804,1649517,1228728.0,2070306.0,78849,73421.0,84277.0,3246203.294117647,3246203.294117647,3246203.294117647,116346.70588235295,116346.70588235295,116346.70588235295,659298,659298.0,659298.0
BR,2020-03-15,3,No_Measure-Restrict_Mass_Gatherings_and_Schools-No_Measure,23988306398.763424,23038347269.369637,24938265528.15721,0,275716890145.3338,254659156828.23154,296774623462.43604,1190504052.073171,1190504052.073171,1190504052.073171,42438617048.97981,41651373168.9336,43225860929.02602,1364716,1016579.0,1712853.0,62468,58168.0,66768.0,1602446.7647058824,1602446.7647058824,1602446.7647058824,60673.23529411765,60673.23529411765,60673.23529411765,343815,343815.0,343815.0
BR,2020-03-15,3,No_Measure-Restrict_Mass_Gatherings_and_Schools-Restrict_Mass_Gatherings,27935254050.588047,27250341095.87666,28620167005.299435,0,200992214345.98895,185658419015.23587,216326009676.74207,977027957.5609757,977027957.5609757,977027957.5609757,41577586792.28904,41009990234.41924,42145183350.158844,983949,732945.0,1234953.0,45559,42423.0,48695.0,1320595.294117647,1320595.294117647,1320595.294117647,48969.705882352944,48969.705882352944,48969.705882352944,277495,277495.0,277495.0
BR,2020-03-15,3,No_Measure-Restrict_Mass_Gatherings_and_Schools-Restrict_Mass_Gatherings_and_Schools,41717306698.00182,41414129761.940575,42020483634.06308,0,92693169552.73756,85647961540.97083,99738377564.50429,628740560.0487806,628740560.0487806,628740560.0487806,40337484961.51202,40086238165.62335,40588731757.40069,435548,324441.0,546655.0,21046,19597.0,22495.0,859517.2941176471,859517.2941176471,859517.2941176471,30060.705882352944,30060.705882352944,30060.705882352944,170344,170344.0,170344.0
BR,2020-03-15,3,No_Measure-Restrict_Mass_Gatherings_and_Schools-Authorize_Schools_but_Restrict_Mass_Gatherings_and_Others,30740493507.673557,30175151897.14574,31305835118.201374,0,167189176828.52295,154441371518.0435,179936982139.00238,875543542.9024391,875543542.9024391,875543542.9024391,41189153416.2013,40720647236.038055,41657659596.364555,812175,604991.0,1019359.0,37909,35299.0,40519.0,1186460.1764705882,1186460.1764705882,1186460.1764705882,43427.82352941177,43427.82352941177,43427.82352941177,246091,246091.0,246091.0
BR,2020-03-15,3,No_Measure-Restrict_Mass_Gatherings_and_Schools-Restrict_Mass_Gatherings_and_Schools_and_Others,43805993745.89317,43526782923.84298,44085204567.943375,0,85834532107.4011,79314300614.47131,92354763600.33086,602744970.2195122,602744970.2195122,602744970.2195122,40259625974.866325,40028240219.31076,40491011730.42189,401117,298793.0,503441.0,19493,18151.0,20835.0,824975.4705882353,824975.4705882353,824975.4705882353,28668.529411764706,28668.529411764706,28668.529411764706,162455,162455.0,162455.0
BR,2020-03-15,3,No_Measure-Restrict_Mass_Gatherings_and_Schools-Lockdown,50766647317.45302,50540479566.13728,50992815068.768745,0,70574964840.88263,65221644756.824715,75928284924.94052,540061448.4878049,540061448.4878049,540061448.4878049,40087312285.418205,39899884034.47783,40274740536.35858,324916,242031.0,407801.0,16037,14933.0,17141.0,741532.7058823529,741532.7058823529,741532.7058823529,25334.29411764706,25334.29411764706,25334.29411764706,143561,143561.0,143561.0
BR,2020-03-15,3,No_Measure-Authorize_Schools_but_Restrict_Mass_Gatherings_and_Others-No_Measure,25127451225.336395,20824569167.240517,29430333283.432274,0,1239531143514.848,1144788875700.7112,1334273411328.9849,5049332638.3902445,5049332638.3902445,5049332638.3902445,53330942522.02846,49765086410.978424,56896798633.07849,6181548,4604646.0,7758450.0,280746,261420.0,300072.0,6755065.764705882,6755065.764705882,6755065.764705882,263554.23529411765,263554.23529411765,263554.23529411765,1493474,1493474.0,1493474.0
BR,2020-03-15,3,No_Measure-Authorize_Schools_but_Restrict_Mass_Gatherings_and_Others-Restrict_Mass_Gatherings,25655103210.532845,22489524183.647537,28820682237.41815,0,917390663995.5804,847312594575.8337,987468733415.3269,4057244049.8780494,4057244049.8780494,4057244049.8780494,49636296055.61789,47012938230.41503,52259653880.82074,4547692,3387584.0,5707800.0,207836,193529.0,222143.0,5443496.764705882,5443496.764705882,5443496.764705882,209422.23529411765,209422.23529411765,209422.23529411765,1186726,1186726.0,1186726.0
BR,2020-03-15,3,No_Measure-Authorize_Schools_but_Restrict_Mass_Gatherings_and_Others-Restrict_Mass_Gatherings_and_Schools,33464403494.374084,32204197384.355385,34724609604.392784,0,375641940093.6705,347026541678.99506,404257338508.3458,2251148200.8292685,2251148200.8292685,2251148200.8292685,43446494180.108864,42402144463.35615,44490843896.86159,1810422,1348587.0,2272257.0,85202,79337.0,91067.0,3050999.882352941,3050999.882352941,3050999.882352941,111593.11764705883,111593.11764705883,111593.11764705883,632361,632361.0,632361.0
BR,2020-03-15,3,No_Measure-Authorize_Schools_but_Restrict_Mass_Gatherings_and_Others-Authorize_Schools_but_Restrict_Mass_Gatherings_and_Others,26738479838.36091,24131715387.423615,29345244289.298203,0,758930458482.4902,700983487638.5193,816877429326.461,3556383901.0243907,3556383901.0243907,3556383901.0243907,47820931843.59303,45660671157.39702,49981192529.789055,3744897,2789581.0,4700213.0,171970,160132.0,183808.0,4780878.470588235,4780878.470588235,4780878.470588235,182163.52941176473,182163.52941176473,182163.52941176473,1032260,1032260.0,1032260.0
BR,2020-03-15,3,No_Measure-Authorize_Schools_but_Restrict_Mass_Gatherings_and_Others-Restrict_Mass_Gatherings_and_Schools_and_Others,35125749871.05163,33998523904.516315,36252975837.58694,0,337552144522.167,311850905780.88293,363253383263.451,2105896663.682927,2105896663.682927,2105896663.682927,43014492243.836914,42080344956.73164,43948639530.94219,1619381,1206280.0,2032482.0,76577,71306.0,81848.0,2857995.705882353,2857995.705882353,2857995.705882353,103814.29411764706,103814.29411764706,103814.29411764706,588281,588281.0,588281.0
BR,2020-03-15,3,No_Measure-Authorize_Schools_but_Restrict_Mass_Gatherings_and_Others-Lockdown,41111135682.060616,40285741405.747154,41936529958.37407,0,250706502148.68402,231644107407.55212,269768896889.8159,1748811589.3170733,1748811589.3170733,1748811589.3170733,42033961072.03249,41349945757.53407,42717976386.530914,1185768,883281.0,1488255.0,56908,52991.0,60825.0,2382664.3529411764,2382664.3529411764,2382664.3529411764,84818.64705882354,84818.64705882354,84818.64705882354,480639,480639.0,480639.0
BR,2020-03-15,3,No_Measure-Restrict_Mass_Gatherings_and_Schools_and_Others-No_Measure,25118073288.180687,24436702177.484596,25799444398.87678,0,198722980185.24905,183552262104.55005,213893698265.9481,894879331.0975611,894879331.0975611,894879331.0975611,41566088057.222,41001426673.02319,42130749441.4208,978864,729158.0,1228570.0,45033,41933.0,48133.0,1207695.0,1207695.0,1207695.0,45132.0,45132.0,45132.0,255748,255748.0,255748.0
BR,2020-03-15,3,No_Measure-Restrict_Mass_Gatherings_and_Schools_and_Others-Restrict_Mass_Gatherings,29388403850.591423,28889582327.43255,29887225373.750298,0,147277833323.33856,136046488907.29234,158509177739.38477,749165694.9512196,749165694.9512196,749165694.9512196,40973049558.6955,40559669467.70912,41386429649.68189,716609,533803.0,899415.0,33392,31093.0,35691.0,1015342.4117647059,1015342.4117647059,1015342.4117647059,37138.58823529412,37138.58823529412,37138.58823529412,210452,210452.0,210452.0
BR,2020-03-15,3,No_Measure-Restrict_Mass_Gatherings_and_Schools_and_Others-Restrict_Mass_Gatherings_and_Schools,43641003300.296196,43403879845.03484,43878126755.55755,0,73058350031.41989,67511264244.0837,78605435818.7561,511888832.5609757,511888832.5609757,511888832.5609757,40122896178.24318,39926388788.40522,40319403568.08113,340652,253752.0,427552.0,16593,15451.0,17735.0,701278.5294117647,701278.5294117647,701278.5294117647,24248.470588235297,24248.470588235297,24248.470588235297,137408,137408.0,137408.0
BR,2020-03-15,3,No_Measure-Restrict_Mass_Gatherings_and_Schools_and_Others-Authorize_Schools_but_Restrict_Mass_Gatherings_and_Others,32340698051.64637,31923933795.997498,32757462307.29524,0,124092392875.049,114635826043.67392,133548959706.42406,680022278.3414636,680022278.3414636,680022278.3414636,40706482422.574936,40361104290.4747,41051860554.67516,598727,445993.0,751461.0,28145,26207.0,30083.0,923967.2941176471,923967.2941176471,923967.2941176471,33360.705882352944,33360.705882352944,33360.705882352944,189044,189044.0,189044.0
BR,2020-03-15,3,No_Measure-Restrict_Mass_Gatherings_and_Schools_and_Others-Restrict_Mass_Gatherings_and_Schools_and_Others,45759184794.99907,45538504446.083,45979865143.91514,0,68354821815.869774,63166174467.736694,73543469164.00285,494154671.195122,494154671.195122,494154671.195122,40069479635.51875,39886598868.59408,40252360402.443436,317030,236156.0,397904.0,15528,14459.0,16597.0,677719.0,677719.0,677719.0,23298.0,23298.0,23298.0,132022,132022.0,132022.0
BR,2020-03-15,3,No_Measure-Restrict_Mass_Gatherings_and_Schools_and_Others-Lockdown,52784879502.112526,52600649039.4494,52969109964.77565,0,57872529094.03223,53483434794.62918,62261623393.43527,451312339.902439,451312339.902439,451312339.902439,39951066408.028946,39798392151.04047,40103740665.01743,264665,197149.0,332181.0,13154,12248.0,14060.0,620697.1764705882,620697.1764705882,620697.1764705882,21017.823529411766,21017.823529411766,21017.823529411766,119101,119101.0,119101.0
BR,2020-03-15,3,No_Measure-Lockdown-No_Measure,30549569814.803764,30311324866.560684,30787814763.046844,0,71441026787.01006,66000692095.33579,76881361478.68431,394165701.43902445,394165701.43902445,394165701.43902445,40126541401.631195,39929104615.50758,40323978187.75481,342264,254953.0,429575.0,16208,15092.0,17324.0,537855.4705882353,537855.4705882353,537855.4705882353,18993.529411764706,18993.529411764706,18993.529411764706,107630,107630.0,107630.0
BR,2020-03-15,3,No_Measure-Lockdown-Restrict_Mass_Gatherings,35336362903.1152,35148920768.33651,35523805037.89388,0,57131013779.3382,52787350576.55824,61474676982.11816,353880041.1219512,353880041.1219512,353880041.1219512,39961502329.82529,39806166517.05039,40116838142.60019,269280,200587.0,337973.0,12970,12077.0,13863.0,484677.76470588235,484677.76470588235,484677.76470588235,16783.235294117647,16783.235294117647,16783.235294117647,95105,95105.0,95105.0
BR,2020-03-15,3,No_Measure-Lockdown-Restrict_Mass_Gatherings_and_Schools,50336940869.073364,50220390188.46832,50453491549.678406,0,37028598792.39796,34222967013.34672,39834230571.449196,289634636.6341464,289634636.6341464,289634636.6341464,39731208784.50323,39634621671.2449,39827795897.76155,167439,124726.0,210152.0,8420,7840.0,9000.0,399638.4705882353,399638.4705882353,399638.4705882353,13293.529411764706,13293.529411764706,13293.529411764706,75330,75330.0,75330.0
BR,2020-03-15,3,No_Measure-Lockdown-Authorize_Schools_but_Restrict_Mass_Gatherings_and_Others,38522124110.293976,38357180052.484566,38687068168.10339,0,50776656780.930084,46919689964.97269,54633623596.88748,334971946.6097561,334971946.6097561,334971946.6097561,39888412435.06876,39751721080.62774,40025103789.50978,236958,176510.0,297406.0,11532,10738.0,12326.0,459691.0,459691.0,459691.0,15750.000000000002,15750.000000000002,15750.000000000002,89250,89250.0,89250.0
BR,2020-03-15,3,No_Measure-Lockdown-Restrict_Mass_Gatherings_and_Schools_and_Others,52502519767.894646,52390321353.2406,52614718182.54868,0,35783180737.94337,33075293666.490635,38491067809.396095,284913396.6585366,284913396.6585366,284913396.6585366,39717071106.69809,39624090774.645645,39810051438.75053,161187,120069.0,202305.0,8138,7578.0,8698.0,393363.0,393363.0,393363.0,13041.0,13041.0,13041.0,73899,73899.0,73899.0
BR,2020-03-15,3,No_Measure-Lockdown-Lockdown,59633563869.262764,59530940439.70093,59736187298.82461,0,33027993472.44166,30530909678.768158,35525077266.11516,273581590.24390244,273581590.24390244,273581590.24390244,39685962336.13422,39600916922.734726,39771007749.5337,147430,109821.0,185039.0,7514,6997.0,8031.0,378280.0,378280.0,378280.0,12438.0,12438.0,12438.0,70482,70482.0,70482.0
BR,2020-03-15,3,Restrict_Mass_Gatherings-No_Measure-No_Measure,27462286972.862183,21728611809.01552,33195962136.708855,0,1650054022949.653,1523923599337.4336,1776184446561.8728,6688210934.92683,6688210934.92683,6688210934.92683,57979025205.7551,53227451645.12024,62730598766.38995,8237035,6135782.0,10338288.0,373711,347986.0,399436.0,8934713.176470589,8934713.176470589,8934713.176470589,351026.8235294118,351026.8235294118,351026.8235294118,1989152,1989152.0,1989152.0
BR,2020-03-15,3,Restrict_Mass_Gatherings-No_Measure-Restrict_Mass_Gatherings,26737861625.637444,22460891239.93698,31014832011.337902,0,1236533225491.5493,1142054954787.9958,1331011496195.1028,5367053877.658537,5367053877.658537,5367053877.658537,53246765449.68418,49702382689.31195,56791148210.05641,6144323,4576917.0,7711729.0,280110,260828.0,299392.0,7186909.882352941,7186909.882352941,7186909.882352941,279119.11764705885,279119.11764705885,279119.11764705885,1581675,1581675.0,1581675.0
BR,2020-03-15,3,Restrict_Mass_Gatherings-No_Measure-Restrict_Mass_Gatherings_and_Schools,31807998526.749256,30135156674.175014,33480840379.323498,0,495272863547.54376,457518196558.0008,533027530537.08685,2847826564.536586,2847826564.536586,2847826564.536586,44786982116.26076,43400675621.61754,46173288610.903984,2403216,1790160.0,3016272.0,112305,104574.0,120036.0,3848483.6470588236,3848483.6470588236,3848483.6470588236,142851.35294117648,142851.35294117648,142851.35294117648,809491,809491.0,809491.0
BR,2020-03-15,3,Restrict_Mass_Gatherings-No_Measure-Authorize_Schools_but_Restrict_Mass_Gatherings_and_Others,27104822533.610363,23569423692.092484,30640221375.128242,0,1025922445824.9122,947566089799.8162,1104278801850.0083,4683297436.024391,4683297436.024391,4683297436.024391,50837697915.51244,47907865446.52664,53767530384.49824,5078979,3783341.0,6374617.0,232437,216437.0,248437.0,6281861.705882353,6281861.705882353,6281861.705882353,241976.29411764708,241976.29411764708,241976.29411764708,1371199,1371199.0,1371199.0
BR,2020-03-15,3,Restrict_Mass_Gatherings-No_Measure-Restrict_Mass_Gatherings_and_Schools_and_Others,33245788511.681675,31762956494.36254,34728620529.00081,0,440822133452.8856,407232481230.0183,474411785675.75287,2638916292.878049,2638916292.878049,2638916292.878049,44169715997.771965,42940873203.74987,45398558791.79406,2130247,1586825.0,2673669.0,99975,93093.0,106857.0,3570846.8235294116,3570846.8235294116,3570846.8235294116,131670.17647058825,131670.17647058825,131670.17647058825,746131,746131.0,746131.0
BR,2020-03-15,3,Restrict_Mass_Gatherings-No_Measure-Lockdown,38703139408.13906,37656838301.358475,39749440514.91964,0,315188876250.07336,291203965400.5194,339173787099.6273,2119853951.7073174,2119853951.7073174,2119853951.7073174,42751595205.457504,41884511435.733406,43618678975.1816,1503122,1119678.0,1886566.0,71521,66598.0,76444.0,2879823.529411765,2879823.529411765,2879823.529411765,104069.4705882353,104069.4705882353,104069.4705882353,589727,589727.0,589727.0
BR,2020-03-15,3,Restrict_Mass_Gatherings-Restrict_Mass_Gatherings-No_Measure,23926780800.02116,20366913764.90917,27486647835.133152,0,1023003938732.0316,944794479077.2732,1101213398386.79,4042430781.2926836,4042430781.2926836,4042430781.2926836,50917185041.63665,47967075452.22879,53867294631.04451,5114130,3809525.0,6418735.0,231680,215732.0,247628.0,5400871.823529412,5400871.823529412,5400871.823529412,212070.17647058825,212070.17647058825,212070.17647058825,1201731,1201731.0,1201731.0
BR,2020-03-15,3,Restrict_Mass_Gatherings-Restrict_Mass_Gatherings-Restrict_Mass_Gatherings,25041893184.334015,22469466610.968742,27614319757.699287,0,743585678877.8696,686770738004.6942,800400619751.045,3196140062.6341467,3196140062.6341467,3196140062.6341467,47709374892.351654,45577570466.15243,49841179318.55089,3695564,2752832.0,4638296.0,168442,156847.0,180037.0,4282383.294117647,4282383.294117647,4282383.294117647,165843.70588235295,165843.70588235295,165843.70588235295,939781,939781.0,939781.0
BR,2020-03-15,3,Restrict_Mass_Gatherings-Restrict_Mass_Gatherings-Restrict_Mass_Gatherings_and_Schools,34075238933.43994,33095932706.6775,35054545160.202385,0,290914083988.75415,268743512446.04105,313084655531.4672,1703304032.3414633,1703304032.3414633,1703304032.3414633,42533955921.971275,41722391708.46468,43345520135.47786,1406877,1047985.0,1765769.0,65975,61433.0,70517.0,2305304.8235294116,2305304.8235294116,2305304.8235294116,84915.17647058824,84915.17647058824,84915.17647058824,481186,481186.0,481186.0
BR,2020-03-15,3,Restrict_Mass_Gatherings-Restrict_Mass_Gatherings-Authorize_Schools_but_Restrict_Mass_Gatherings_and_Others,26447321120.37572,24351553622.486553,28543088618.264885,0,608523828966.3989,562047974378.2092,654999683554.5886,2774289944.8536587,2774289944.8536587,2774289944.8536587,46160898921.73341,44424108268.68094,47897689574.7859,3010793,2242745.0,3778841.0,137873,128382.0,147364.0,3724409.588235294,3724409.588235294,3724409.588235294,142867.4117647059,142867.4117647059,142867.4117647059,809582,809582.0,809582.0
BR,2020-03-15,3,Restrict_Mass_Gatherings-Restrict_Mass_Gatherings-Restrict_Mass_Gatherings_and_Schools_and_Others,35830321385.32046,34960083761.89808,36700559008.742836,0,259678044760.3399,239896819922.38617,279459269598.29364,1584783646.9756098,1584783646.9756098,1584783646.9756098,42179634329.26334,41458456731.16772,42900811927.35897,1250188,931267.0,1569109.0,58902,54847.0,62957.0,2147836.588235294,2147836.588235294,2147836.588235294,78565.41176470589,78565.41176470589,78565.41176470589,445204,445204.0,445204.0
BR,2020-03-15,3,Restrict_Mass_Gatherings-Restrict_Mass_Gatherings-Lockdown,42032736553.49477,41408968160.181496,42656504946.80804,0,188779913964.30728,174421320044.54642,203138507884.0681,1294332773.8536587,1294332773.8536587,1294332773.8536587,41378958298.51935,40862033059.3088,41895883537.729904,896111,667515.0,1124707.0,42845,39896.0,45794.0,1761246.8235294118,1761246.8235294118,1761246.8235294118,63108.17647058824,63108.17647058824,63108.17647058824,357613,357613.0,357613.0
BR,2020-03-15,3,Restrict_Mass_Gatherings-Restrict_Mass_Gatherings_and_Schools-No_Measure,27234154486.709682,26728091011.303814,27740217962.115547,0,146998695351.3556,135771058296.7308,158226332405.98038,636488874.7317075,636488874.7317075,636488874.7317075,40996576174.16011,40577194580.15151,41415957768.1687,727013,541553.0,912473.0,33306,31013.0,35599.0,857200.4705882353,857200.4705882353,857200.4705882353,32367.529411764706,32367.529411764706,32367.529411764706,183416,183416.0,183416.0
BR,2020-03-15,3,Restrict_Mass_Gatherings-Restrict_Mass_Gatherings_and_Schools-Restrict_Mass_Gatherings,31667248880.91425,31302217923.17447,32032279838.65403,0,107264287982.69029,99080819407.64178,115447756557.7388,524415927.1463415,524415927.1463415,524415927.1463415,40538422247.51444,40235916193.71039,40840928301.3185,524407,390632.0,658182.0,24315,22641.0,25989.0,709271.8235294118,709271.8235294118,709271.8235294118,26217.176470588238,26217.176470588238,26217.176470588238,148564,148564.0,148564.0
BR,2020-03-15,3,Restrict_Mass_Gatherings-Restrict_Mass_Gatherings_and_Schools-Restrict_Mass_Gatherings_and_Schools,46157228283.05868,45993340229.58972,46321116336.527626,0,50230656084.28811,46414969675.23485,54046342493.34136,342585606.00000006,342585606.00000006,342585606.00000006,39884988819.55421,39749172590.08289,40020805049.02552,235444,175383.0,295505.0,11406,10621.0,12191.0,468609.5294117647,468609.5294117647,468609.5294117647,16337.470588235296,16337.470588235296,16337.470588235296,92579,92579.0,92579.0
BR,2020-03-15,3,Restrict_Mass_Gatherings-Restrict_Mass_Gatherings_and_Schools-Authorize_Schools_but_Restrict_Mass_Gatherings_and_Others,34693482486.655235,34391645339.046616,34995319634.26386,0,89412173807.19289,82595440136.64575,96228907477.74,471352843.90243906,471352843.90243906,471352843.90243906,40333129688.40698,40082993193.19047,40583266183.62349,433622,323006.0,544238.0,20275,18879.0,21671.0,639150.5882352941,639150.5882352941,639150.5882352941,23317.411764705885,23317.411764705885,23317.411764705885,132132,132132.0,132132.0
BR,2020-03-15,3,Restrict_Mass_Gatherings-Restrict_Mass_Gatherings_and_Schools-Restrict_Mass_Gatherings_and_Schools_and_Others,48290469436.56002,48139182489.14857,48441756383.971466,0,46622559124.30473,43081800878.0853,50163317370.52418,329023385.9268293,329023385.9268293,329023385.9268293,39844052418.1936,39718678894.43312,39969425941.95409,217341,161898.0,272784.0,10589,9860.0,11318.0,450592.4117647059,450592.4117647059,450592.4117647059,15610.588235294119,15610.588235294119,15610.588235294119,88460,88460.0,88460.0
BR,2020-03-15,3,Restrict_Mass_Gatherings-Restrict_Mass_Gatherings_and_Schools-Lockdown,55349596095.04128,55226231867.05088,55472960323.03168,0,38590926068.35597,35663233151.71078,41518618985.001175,296271303.6585366,296271303.6585366,296271303.6585366,39753344697.4966,39651111106.07458,39855578288.918625,177228,132018.0,222438.0,8770,8166.0,9374.0,407002.9411764706,407002.9411764706,407002.9411764706,13867.058823529413,13867.058823529413,13867.058823529413,78580,78580.0,78580.0
BR,2020-03-15,3,Restrict_Mass_Gatherings-Authorize_Schools_but_Restrict_Mass_Gatherings_and_Others-No_Measure,23226053102.452408,20680119413.173817,25771986791.731003,0,731606800364.9755,675671684858.0026,787541915871.9482,2878316793.804878,2878316793.804878,2878316793.804878,47623309630.47327,45513460212.8809,49733159048.06563,3657504,2724481.0,4590527.0,165687,154281.0,177093.0,3847543.6470588236,3847543.6470588236,3847543.6470588236,150702.35294117648,150702.35294117648,150702.35294117648,853980,853980.0,853980.0
BR,2020-03-15,3,Restrict_Mass_Gatherings-Authorize_Schools_but_Restrict_Mass_Gatherings_and_Others-Restrict_Mass_Gatherings,25350623775.44529,23534623753.057106,27166623797.833473,0,525363592528.26874,485223294171.8502,565503890884.6871,2268248236.6097565,2268248236.6097565,2268248236.6097565,45252051113.08047,43747107521.76914,46756994704.3918,2608880,1943360.0,3274400.0,119013,110820.0,127206.0,3041598.6470588236,3041598.6470588236,3041598.6470588236,117327.35294117648,117327.35294117648,117327.35294117648,664855,664855.0,664855.0
BR,2020-03-15,3,Restrict_Mass_Gatherings-Authorize_Schools_but_Restrict_Mass_Gatherings_and_Others-Restrict_Mass_Gatherings_and_Schools,36211233593.237656,35522219412.3668,36900247774.10851,0,205360176752.61963,189717635098.33664,221002718406.90262,1224908775.9512196,1224908775.9512196,1224908775.9512196,41590910400.35493,41019915101.323715,42161905699.38613,989841,737334.0,1242348.0,46579,43373.0,49785.0,1660109.294117647,1660109.294117647,1660109.294117647,60723.705882352944,60723.705882352944,60723.705882352944,344101,344101.0,344101.0
BR,2020-03-15,3,Restrict_Mass_Gatherings-Authorize_Schools_but_Restrict_Mass_Gatherings_and_Others-Authorize_Schools_but_Restrict_Mass_Gatherings_and_Others,27278222663.951637,25805675092.005116,28750770235.898163,0,428144301689.2902,395449426605.80273,460839176772.7777,1969594661.3414636,1969594661.3414636,1969594661.3414636,44136305218.88985,42915985282.77684,45356625155.00287,2115472,1575819.0,2655125.0,97010,90332.0,103688.0,2646697.3529411764,2646697.3529411764,2646697.3529411764,101042.64705882354,101042.64705882354,101042.64705882354,572575,572575.0,572575.0
BR,2020-03-15,3,Restrict_Mass_Gatherings-Authorize_Schools_but_Restrict_Mass_Gatherings_and_Others-Restrict_Mass_Gatherings_and_Schools_and_Others,38101307235.6272,37486928276.25586,38715686194.99853,0,183989853480.13113,169981264372.38962,197998442587.87265,1144081788.2195122,1144081788.2195122,1144081788.2195122,41348457818.95509,40839313729.66896,41857601908.24121,882623,657468.0,1107778.0,41740,38867.0,44613.0,1552729.9411764706,1552729.9411764706,1552729.9411764706,56392.05882352941,56392.05882352941,56392.05882352941,319555,319555.0,319555.0
BR,2020-03-15,3,Restrict_Mass_Gatherings-Authorize_Schools_but_Restrict_Mass_Gatherings_and_Others-Lockdown,44613306311.93357,44166420009.99436,45060192613.87277,0,135817453400.76253,125491360509.23994,146143546292.28513,947033639.4146343,947033639.4146343,947033639.4146343,40804338127.843605,40433997451.710915,41174678803.9763,642001,478228.0,805774.0,30830,28708.0,32952.0,1290459.5294117648,1290459.5294117648,1290459.5294117648,45905.470588235294,45905.470588235294,45905.470588235294,260131,260131.0,260131.0
BR,2020-03-15,3,Restrict_Mass_Gatherings-Restrict_Mass_Gatherings_and_Schools_and_Others-No_Measure,28877166772.525307,28508763149.760178,29245570395.29044,0,107553785854.67358,99343269561.20612,115764302148.14105,486001204.2439025,486001204.2439025,486001204.2439025,40549380530.72681,40244079504.1513,40854681557.30232,529253,394242.0,664264.0,24374,22696.0,26052.0,656243.4117647059,656243.4117647059,656243.4117647059,24457.58823529412,24457.58823529412,24457.58823529412,138593,138593.0,138593.0
BR,2020-03-15,3,Restrict_Mass_Gatherings-Restrict_Mass_Gatherings_and_Schools_and_Others-Restrict_Mass_Gatherings,33474007328.142746,33204862655.994263,33743152000.29123,0,79592352988.06831,73525796224.19958,85658909751.93704,407314464.51219517,407314464.51219517,407314464.51219517,40226925245.70123,40003881443.66825,40449969047.73422,386656,288021.0,485291.0,18047,16805.0,19289.0,552381.4705882353,552381.4705882353,552381.4705882353,20139.529411764706,20139.529411764706,20139.529411764706,114124,114124.0,114124.0
BR,2020-03-15,3,Restrict_Mass_Gatherings-Restrict_Mass_Gatherings_and_Schools_and_Others-Restrict_Mass_Gatherings_and_Schools,48201634094.67868,48073008945.839676,48330259243.517685,0,39749608958.124596,36729918380.84261,42769299535.40657,280365369.6585366,280365369.6585366,280365369.6585366,39770433378.10656,39663839990.96983,39877026765.243286,184785,137647.0,231923.0,9029,8407.0,9651.0,384356.0,384356.0,384356.0,13242.0,13242.0,13242.0,75038,75038.0,75038.0
BR,2020-03-15,3,Restrict_Mass_Gatherings-Restrict_Mass_Gatherings_and_Schools_and_Others-Authorize_Schools_but_Restrict_Mass_Gatherings_and_Others,36574338602.78617,36349486081.682594,36799191123.88975,0,67082509538.83255,61970295435.21446,72194723642.45062,370170958.7560976,370170958.7560976,370170958.7560976,40083038419.287094,39896700117.27539,40269376721.29879,323026,240623.0,405429.0,15216,14168.0,16264.0,503301.9411764706,503301.9411764706,503301.9411764706,18109.058823529413,18109.058823529413,18109.058823529413,102618,102618.0,102618.0
BR,2020-03-15,3,Restrict_Mass_Gatherings-Restrict_Mass_Gatherings_and_Schools_and_Others-Restrict_Mass_Gatherings_and_Schools_and_Others,50349967651.29913,50230093422.14969,50469841880.44857,0,37245511541.70595,34417214318.35775,40073808765.054146,270934753.6097561,270934753.6097561,270934753.6097561,39742004253.767746,39642662871.22492,39841345636.31056,172213,128282.0,216144.0,8462,7879.0,9045.0,371833.29411764705,371833.29411764705,371833.29411764705,12735.705882352942,12735.705882352942,12735.705882352942,72169,72169.0,72169.0
BR,2020-03-15,3,Restrict_Mass_Gatherings-Restrict_Mass_Gatherings_and_Schools_and_Others-Lockdown,57442668153.20428,57342151274.93659,57543185031.47197,0,31677668618.991444,29275834520.91819,34079502717.064697,248194618.6097561,248194618.6097561,248194618.6097561,39679119627.71477,39595819941.64503,39762419313.784515,144404,107567.0,181241.0,7201,6705.0,7697.0,341563.0,341563.0,341563.0,11526.0,11526.0,11526.0,65314,65314.0,65314.0
BR,2020-03-15,3,Restrict_Mass_Gatherings-Lockdown-No_Measure,35107253620.32914,34978257369.18961,35236249871.468666,0,38826477106.267746,35869200571.65408,41783753640.8814,217752438.1463415,217752438.1463415,217752438.1463415,39771636392.276794,39664735467.683014,39878537316.870575,185317,138043.0,232591.0,8810,8203.0,9417.0,297448.70588235295,297448.70588235295,297448.70588235295,10445.29411764706,10445.29411764706,10445.29411764706,59190,59190.0,59190.0
BR,2020-03-15,3,Restrict_Mass_Gatherings-Lockdown-Restrict_Mass_Gatherings,39987646349.174225,39885576844.36979,40089715853.97867,0,31242759198.04799,28870152728.142387,33615365667.953587,196445462.5609756,196445462.5609756,196445462.5609756,39684164598.79335,39599578230.274605,39768750967.31209,146635,109229.0,184041.0,7094,6606.0,7582.0,269327.35294117645,269327.35294117645,269327.35294117645,9275.64705882353,9275.64705882353,9275.64705882353,52562,52562.0,52562.0
BR,2020-03-15,3,Restrict_Mass_Gatherings-Lockdown-Restrict_Mass_Gatherings_and_Schools,55119444451.38169,55054790790.28891,55184098112.47447,0,20634777138.181515,19073088713.50942,22196465562.853607,162580546.24390244,162580546.24390244,162580546.24390244,39562614941.502556,39509035584.830284,39616194298.17483,92883,69189.0,116577.0,4693,4370.0,5016.0,224499.5294117647,224499.5294117647,224499.5294117647,7436.470588235295,7436.470588235295,7436.470588235295,42140,42140.0,42140.0
BR,2020-03-15,3,Restrict_Mass_Gatherings-Lockdown-Authorize_Schools_but_Restrict_Mass_Gatherings_and_Others,43214968285.31832,43124795883.677734,43305140686.9589,0,27884337377.874424,25767608957.408195,30001065798.340656,186465547.8292683,186465547.8292683,186465547.8292683,39645516637.922,39570789558.46762,39720243717.376366,129544,96498.0,162590.0,6334,5898.0,6770.0,256139.82352941178,256139.82352941178,256139.82352941178,8730.176470588236,8730.176470588236,8730.176470588236,49471,49471.0,49471.0
BR,2020-03-15,3,Restrict_Mass_Gatherings-Lockdown-Restrict_Mass_Gatherings_and_Schools_and_Others,57293105740.0129,57230741452.67116,57355470027.35465,0,19976846367.773315,18464369663.575848,21489323071.97078,160098617.85365856,160098617.85365856,160098617.85365856,39555175248.60766,39503493126.68883,39606857370.52649,89593,66738.0,112448.0,4544,4231.0,4857.0,221202.58823529413,221202.58823529413,221202.58823529413,7303.411764705883,7303.411764705883,7303.411764705883,41386,41386.0,41386.0
BR,2020-03-15,3,Restrict_Mass_Gatherings-Lockdown-Lockdown,64441960023.11279,64384627446.375206,64499292599.85037,0,18532852156.10727,17132861596.373024,19932842715.84151,154140566.0487805,154140566.0487805,154140566.0487805,39538826014.67753,39491313738.86757,39586338290.48748,82363,61352.0,103374.0,4217,3927.0,4507.0,213275.0588235294,213275.0588235294,213275.0588235294,6985.941176470588,6985.941176470588,6985.941176470588,39587,39587.0,39587.0
BR,2020-03-15,3,Restrict_Mass_Gatherings_and_Schools-No_Measure-No_Measure,23360821525.05814,22570933007.086,24150710043.030277,0,225975779170.7134,208692646373.26224,243258911968.16458,836903405.8536586,836903405.8536586,836903405.8536586,41918611912.589066,41264020696.555214,42573203128.62291,1134758,845283.0,1424233.0,51167,47645.0,54689.0,1116042.3529411764,1116042.3529411764,1116042.3529411764,44219.64705882353,44219.64705882353,44219.64705882353,250578,250578.0,250578.0
BR,2020-03-15,3,Restrict_Mass_Gatherings_and_Schools-No_Measure-Restrict_Mass_Gatherings,27381067338.623043,26837527988.251015,27924606688.995068,0,156544392218.8146,144577653555.66812,168511130881.9611,639845172.7317073,639845172.7317073,639845172.7317073,41118324826.276054,40667886471.7147,41568763180.8374,780853,581659.0,980047.0,35456,33015.0,37897.0,855911.4117647059,855911.4117647059,855911.4117647059,33409.58823529412,33409.58823529412,33409.58823529412,189321,189321.0,189321.0
BR,2020-03-15,3,Restrict_Mass_Gatherings_and_Schools-No_Measure-Restrict_Mass_Gatherings_and_Schools,41263189358.58917,41075856371.54594,41450522345.632416,0,55524651347.94153,51291427297.94626,59757875397.936806,317170754.195122,317170754.195122,317170754.195122,39961151827.57644,39805906466.9948,40116397188.15809,269125,200472.0,337778.0,12591,11724.0,13458.0,428824.35294117645,428824.35294117645,428824.35294117645,15878.64705882353,15878.64705882353,15878.64705882353,89979,89979.0,89979.0
BR,2020-03-15,3,Restrict_Mass_Gatherings_and_Schools-No_Measure-Authorize_Schools_but_Restrict_Mass_Gatherings_and_Others,30218767332.230865,29786515012.921886,30651019651.539845,0,125095931436.96364,115537893031.22223,134653969842.70505,546039075.7317073,546039075.7317073,546039075.7317073,40756791932.46118,40398578634.138626,41115005230.78374,620975,462565.0,779385.0,28339,26388.0,30290.0,731945.0,731945.0,731945.0,28284.000000000004,28284.000000000004,28284.000000000004,160276,160276.0,160276.0
BR,2020-03-15,3,Restrict_Mass_Gatherings_and_Schools-No_Measure-Restrict_Mass_Gatherings_and_Schools_and_Others,43357552088.72383,43192736279.50357,43522367897.94409,0,49081120544.04892,45343120281.32293,52819120806.7749,292958902.097561,292958902.097561,292958902.097561,39887996354.979805,39751411281.86586,40024581428.09376,236774,176373.0,297175.0,11132,10366.0,11898.0,396661.29411764705,396661.29411764705,396661.29411764705,14580.705882352942,14580.705882352942,14580.705882352942,82624,82624.0,82624.0
BR,2020-03-15,3,Restrict_Mass_Gatherings_and_Schools-No_Measure-Lockdown,50330110949.527695,50215301175.303055,50444920723.752335,0,34700012463.311295,32060530935.424095,37339493991.19849,234427746.2195122,234427746.2195122,234427746.2195122,39725548738.510544,39630404337.73457,39820693139.286514,164936,122861.0,207011.0,7875,7333.0,8417.0,318765.5882352941,318765.5882352941,318765.5882352941,11464.411764705883,11464.411764705883,11464.411764705883,64965,64965.0,64965.0
BR,2020-03-15,3,Restrict_Mass_Gatherings_and_Schools-Restrict_Mass_Gatherings-No_Measure,26962941464.974453,26526064010.375854,27399818919.57305,0,125192621781.94977,115616487417.39713,134768756146.50243,471365301.0,471365301.0,471365301.0,40771818303.06502,40409772093.053444,41133864513.076584,627620,467515.0,787725.0,28349,26397.0,30301.0,629463.3529411765,629463.3529411765,629463.3529411765,24773.64705882353,24773.64705882353,24773.64705882353,140384,140384.0,140384.0
BR,2020-03-15,3,Restrict_Mass_Gatherings_and_Schools-Restrict_Mass_Gatherings-Restrict_Mass_Gatherings,31415832529.69595,31114936781.30557,31716728278.086334,0,86889707825.8943,80249433632.82043,93529982018.96817,363498106.82926834,363498106.82926834,363498106.82926834,40330070142.97026,40080713797.92054,40579426488.01999,432269,321998.0,542540.0,19682,18327.0,21037.0,487089.4117647059,487089.4117647059,487089.4117647059,18853.58823529412,18853.58823529412,18853.58823529412,106837,106837.0,106837.0
BR,2020-03-15,3,Restrict_Mass_Gatherings_and_Schools-Restrict_Mass_Gatherings-Restrict_Mass_Gatherings_and_Schools,45934774283.441574,45827632137.63217,46041916429.25098,0,31954534516.592377,29520140186.819656,34388928846.36509,188674606.4634146,188674606.4634146,188674606.4634146,39700638204.4892,39611848070.289116,39789428338.689285,153920,114655.0,193185.0,7248,6749.0,7747.0,255712.0588235294,255712.0588235294,255712.0588235294,9352.94117647059,9352.94117647059,9352.94117647059,53000,53000.0,53000.0
BR,2020-03-15,3,Restrict_Mass_Gatherings_and_Schools-Restrict_Mass_Gatherings-Authorize_Schools_but_Restrict_Mass_Gatherings_and_Others,34451084467.078354,34211082240.294556,34691086693.86215,0,69687176925.58386,64364393206.49576,75009960644.67198,312453666.5853659,312453666.5853659,312453666.5853659,40132251196.33017,39933358129.89522,40331144262.76512,344789,256834.0,432744.0,15789,14702.0,16876.0,419640.5882352941,419640.5882352941,419640.5882352941,16063.411764705883,16063.411764705883,16063.411764705883,91026,91026.0,91026.0
BR,2020-03-15,3,Restrict_Mass_Gatherings_and_Schools-Restrict_Mass_Gatherings-Restrict_Mass_Gatherings_and_Schools_and_Others,48069838204.1249,47974833286.49735,48164843121.75246,0,28478952501.58064,26309626000.02427,30648279003.137012,175640330.0487805,175640330.0487805,175640330.0487805,39661212354.75589,39582480504.44533,39739944205.06645,136485,101668.0,171302.0,6461,6016.0,6906.0,238400.23529411765,238400.23529411765,238400.23529411765,8653.764705882353,8653.764705882353,8653.764705882353,49038,49038.0,49038.0
BR,2020-03-15,3,Restrict_Mass_Gatherings_and_Schools-Restrict_Mass_Gatherings-Lockdown,55132981499.27066,55064873312.350945,55201089686.19038,0,20747342108.46906,19171065876.882977,22323618340.05514,144168956.0487805,144168956.0487805,144168956.0487805,39573833274.77052,39517391106.181854,39630275443.35919,97844,72884.0,122804.0,4710,4386.0,5034.0,196515.64705882352,196515.64705882352,196515.64705882352,6978.352941176471,6978.352941176471,6978.352941176471,39544,39544.0,39544.0
BR,2020-03-15,3,Restrict_Mass_Gatherings_and_Schools-Restrict_Mass_Gatherings_and_Schools-No_Measure,40747057004.5882,40691388930.81621,40802725078.36021,0,16336493687.761482,15089719172.091814,17583268203.43115,75154262.7804878,75154262.7804878,75154262.7804878,39533426018.74043,39487293138.877556,39579558898.60332,79975,59574.0,100376.0,3703,3448.0,3958.0,101692.82352941176,101692.82352941176,101692.82352941176,3750.1764705882356,3750.1764705882356,3750.1764705882356,21251,21251.0,21251.0
BR,2020-03-15,3,Restrict_Mass_Gatherings_and_Schools-Restrict_Mass_Gatherings_and_Schools-Restrict_Mass_Gatherings,45674214080.6861,45633540177.071304,45714887984.30089,0,12115817021.634527,11193493134.662813,13038140908.606243,63344934.29268293,63344934.29268293,63344934.29268293,39484708467.45541,39451001457.640396,39518415477.270424,58431,43525.0,73337.0,2748,2559.0,2937.0,86103.64705882352,86103.64705882352,86103.64705882352,3102.3529411764707,3102.3529411764707,3102.3529411764707,17580,17580.0,17580.0
BR,2020-03-15,3,Restrict_Mass_Gatherings_and_Schools-Restrict_Mass_Gatherings_and_Schools-Restrict_Mass_Gatherings_and_Schools,60870597626.65169,60850866444.77603,60890328808.52735,0,6177866888.800027,5707932655.245949,6647801122.354103,44478363.439024396,44478363.439024396,44478363.439024396,39416681634.21611,39400330138.98115,39433033129.45107,28348,21117.0,35579.0,1404,1307.0,1501.0,61137.470588235294,61137.470588235294,61137.470588235294,2076.529411764706,2076.529411764706,2076.529411764706,11767,11767.0,11767.0
BR,2020-03-15,3,Restrict_Mass_Gatherings_and_Schools-Restrict_Mass_Gatherings_and_Schools-Authorize_Schools_but_Restrict_Mass_Gatherings_and_Others,48922145837.97621,48888113574.063446,48956178101.88898,0,10237911380.437666,9458308842.6016,11017513918.273731,57793814.34146342,57793814.34146342,57793814.34146342,39463140141.97469,39434937148.119,39491343135.830376,48893,36421.0,61365.0,2323,2163.0,2483.0,78772.70588235294,78772.70588235294,78772.70588235294,2798.294117647059,2798.294117647059,2798.294117647059,15857,15857.0,15857.0
BR,2020-03-15,3,Restrict_Mass_Gatherings_and_Schools-Restrict_Mass_Gatherings_and_Schools-Restrict_Mass_Gatherings_and_Schools_and_Others,63048174590.2921,63029734080.388115,63066615100.19608,0,5806950976.5372925,5366295178.956391,6247606774.118192,43086727.682926826,43086727.682926826,43086727.682926826,39412486913.75409,39397205015.70432,39427768811.80386,26493,19735.0,33251.0,1320,1229.0,1411.0,59286.76470588235,59286.76470588235,59286.76470588235,2002.2352941176473,2002.2352941176473,2002.2352941176473,11346,11346.0,11346.0
BR,2020-03-15,3,Restrict_Mass_Gatherings_and_Schools-Restrict_Mass_Gatherings_and_Schools-Lockdown,70205594241.93129,70189999759.22913,70221188724.63347,0,4990007178.669278,4612936550.466472,5367077806.872086,39741107.19512196,39741107.19512196,39741107.19512196,39403235915.68934,39390312558.57859,39416159272.80009,22402,16687.0,28117.0,1135,1057.0,1213.0,54836.17647058824,54836.17647058824,54836.17647058824,1823.8235294117649,1823.8235294117649,1823.8235294117649,10335,10335.0,10335.0
BR,2020-03-15,3,Restrict_Mass_Gatherings_and_Schools-Authorize_Schools_but_Restrict_Mass_Gatherings_and_Others-No_Measure,29688101957.25496,29391222845.529076,29984981068.980846,0,85233193595.5064,78715068749.89522,91751318441.11758,326664248.92682934,326664248.92682934,326664248.92682934,40317022414.093796,40070994709.755714,40563050118.43188,426499,317700.0,535298.0,19302,17973.0,20631.0,436803.64705882355,436803.64705882355,436803.64705882355,17082.352941176472,17082.352941176472,17082.352941176472,96800,96800.0,96800.0
BR,2020-03-15,3,Restrict_Mass_Gatherings_and_Schools-Authorize_Schools_but_Restrict_Mass_Gatherings_and_Others-Restrict_Mass_Gatherings,34313754786.33735,34108786253.939056,34518723318.73564,0,59344359081.31272,54808414125.25991,63880304037.365524,253920137.92682928,253920137.92682928,253920137.92682928,40018444246.78167,39848584073.075485,40188304420.487854,294461,219345.0,369577.0,13444,12518.0,14370.0,340791.4705882353,340791.4705882353,340791.4705882353,13089.529411764706,13089.529411764706,13089.529411764706,74174,74174.0,74174.0
BR,2020-03-15,3,Restrict_Mass_Gatherings_and_Schools-Authorize_Schools_but_Restrict_Mass_Gatherings_and_Others-Restrict_Mass_Gatherings_and_Schools,49083089631.28145,49007998717.98643,49158180544.57646,0,22519167209.844486,20803382519.278988,24234951900.40998,136762321.75609756,136762321.75609756,136762321.75609756,39596516423.53306,39534287575.88115,39658745271.18497,107875,80356.0,135394.0,5109,4757.0,5461.0,185734.35294117648,185734.35294117648,185734.35294117648,6722.64705882353,6722.64705882353,6722.64705882353,38095,38095.0,38095.0
BR,2020-03-15,3,Restrict_Mass_Gatherings_and_Schools-Authorize_Schools_but_Restrict_Mass_Gatherings_and_Others-Authorize_Schools_but_Restrict_Mass_Gatherings_and_Others,37427123757.98007,37263121099.3889,37591126416.57124,0,47771424510.79888,44124797803.81464,51418051217.78312,219616257.2195122,219616257.2195122,219616257.2195122,39885361934.851364,39749450730.57714,40021273139.125595,235609,175506.0,295712.0,10825,10080.0,11570.0,295464.82352941175,295464.82352941175,295464.82352941175,11214.176470588236,11214.176470588236,11214.176470588236,63547,63547.0,63547.0
BR,2020-03-15,3,Restrict_Mass_Gatherings_and_Schools-Authorize_Schools_but_Restrict_Mass_Gatherings_and_Others-Restrict_Mass_Gatherings_and_Schools_and_Others,51234042733.55266,51167036938.76097,51301048528.344345,0,20209263676.51531,18670171790.57013,21748355562.460487,128069047.24390244,128069047.24390244,128069047.24390244,39570258151.832275,39514729550.39544,39625786753.269104,96263,71707.0,120819.0,4586,4270.0,4902.0,174184.0588235294,174184.0588235294,174184.0588235294,6256.941176470588,6256.941176470588,6256.941176470588,35456,35456.0,35456.0
BR,2020-03-15,3,Restrict_Mass_Gatherings_and_Schools-Authorize_Schools_but_Restrict_Mass_Gatherings_and_Others-Lockdown,58332525336.74318,58283400669.7113,58381650003.775055,0,15065316476.01939,13918618129.741495,16212014822.297289,107103158.85365856,107103158.85365856,107103158.85365856,39512165230.716774,39471454959.839294,39552875501.594246,70573,52570.0,88576.0,3421,3185.0,3657.0,146281.23529411765,146281.23529411765,146281.23529411765,5140.764705882353,5140.764705882353,5140.764705882353,29131,29131.0,29131.0
BR,2020-03-15,3,Restrict_Mass_Gatherings_and_Schools-Restrict_Mass_Gatherings_and_Schools_and_Others-No_Measure,42871994744.11531,42831045242.468506,42912944245.76211,0,12123306749.651516,11200156934.144552,13046456565.158482,59317139.41463415,59317139.41463415,59317139.41463415,39485608466.77826,39451673065.175285,39519543868.381226,58829,43822.0,73836.0,2749,2560.0,2938.0,80551.29411764706,80551.29411764706,80551.29411764706,2916.7058823529414,2916.7058823529414,2916.7058823529414,16528,16528.0,16528.0
BR,2020-03-15,3,Restrict_Mass_Gatherings_and_Schools-Restrict_Mass_Gatherings_and_Schools_and_Others-Restrict_Mass_Gatherings,47817294902.5381,47786714435.75888,47847875369.317314,0,9206350635.735744,8504853911.365736,9907847360.105753,51150622.17073171,51150622.17073171,51150622.17073171,39451926331.31639,39426583888.07227,39477268774.56051,43934,32727.0,55141.0,2089,1945.0,2233.0,69772.5294117647,69772.5294117647,69772.5294117647,2468.470588235294,2468.470588235294,2468.470588235294,13988,13988.0,13988.0
BR,2020-03-15,3,Restrict_Mass_Gatherings_and_Schools-Restrict_Mass_Gatherings_and_Schools_and_Others-Restrict_Mass_Gatherings_and_Schools,63039104413.47635,63022977835.56387,63055230991.38883,0,5106391381.405714,4719255980.829181,5493526781.982246,38125836.878048785,38125836.878048785,38125836.878048785,39404970336.49493,39391606024.94208,39418334648.047775,23169,17259.0,29079.0,1161,1081.0,1241.0,52535.529411764706,52535.529411764706,52535.529411764706,1760.4705882352941,1760.4705882352941,1760.4705882352941,9976,9976.0,9976.0
BR,2020-03-15,3,Restrict_Mass_Gatherings_and_Schools-Restrict_Mass_Gatherings_and_Schools_and_Others-Authorize_Schools_but_Restrict_Mass_Gatherings_and_Others,51073273576.62413,51047277314.73374,51099269838.51452,0,7907355813.077049,7304298884.676798,8510412741.4773,47320361.26829269,47320361.26829269,47320361.26829269,39437026593.783104,39415483142.65553,39458570044.91068,37345,27818.0,46872.0,1795,1671.0,1919.0,64709.64705882353,64709.64705882353,64709.64705882353,2259.3529411764707,2259.3529411764707,2259.3529411764707,12803,12803.0,12803.0
BR,2020-03-15,3,Restrict_Mass_Gatherings_and_Schools-Restrict_Mass_Gatherings_and_Schools_and_Others-Restrict_Mass_Gatherings_and_Schools_and_Others,65218255833.200615,65203018809.33204,65233492857.06919,0,4850305944.931915,4482776728.446835,5217835161.416996,37167826.75609756,37167826.75609756,37167826.75609756,39402080388.920555,39389453262.74271,39414707515.098404,21891,16307.0,27475.0,1103,1027.0,1179.0,51260.529411764706,51260.529411764706,51260.529411764706,1709.4705882352941,1709.4705882352941,1709.4705882352941,9687,9687.0,9687.0
BR,2020-03-15,3,Restrict_Mass_Gatherings_and_Schools-Restrict_Mass_Gatherings_and_Schools_and_Others-Lockdown,72379151840.21384,72365874018.19656,72392429662.23112,0,4289414873.496701,3965872819.808511,4612956927.184891,34860890.92682927,34860890.92682927,34860890.92682927,39395710293.210846,39384706783.901855,39406713802.519844,19074,14208.0,23940.0,976,909.0,1043.0,48190.35294117647,48190.35294117647,48190.35294117647,1586.6470588235295,1586.6470588235295,1586.6470588235295,8991,8991.0,8991.0
BR,2020-03-15,3,Restrict_Mass_Gatherings_and_Schools-Lockdown-No_Measure,49943163126.5099,49927063835.53128,49959262417.48852,0,4995952228.621029,4617368761.021972,5374535696.220085,31718143.17073171,31718143.17073171,31718143.17073171,39404879884.301674,39391538185.79714,39418221582.806206,23129,17229.0,29029.0,1135,1057.0,1213.0,43642.94117647059,43642.94117647059,43642.94117647059,1474.058823529412,1474.058823529412,1474.058823529412,8353,8353.0,8353.0
BR,2020-03-15,3,Restrict_Mass_Gatherings_and_Schools-Lockdown-Restrict_Mass_Gatherings,54918478912.18096,54905089213.73485,54931868610.62708,0,4231432170.01187,3911789917.3409176,4551074422.682821,29576708.780487806,29576708.780487806,29576708.780487806,39396072101.98386,39384975879.17677,39407168324.790924,19234,14327.0,24141.0,962,896.0,1028.0,40815.294117647056,40815.294117647056,40815.294117647056,1356.7058823529412,1356.7058823529412,1356.7058823529412,7688,7688.0,7688.0
BR,2020-03-15,3,Restrict_Mass_Gatherings_and_Schools-Lockdown-Restrict_Mass_Gatherings_and_Schools,70182269370.866,70172626168.43915,70191912573.29286,0,3171018219.8697715,2930364951.771876,3411671487.9676666,26189564.634146344,26189564.634146344,26189564.634146344,39383906281.991585,39375914830.71785,39391897733.26532,13854,10320.0,17388.0,722,672.0,772.0,36330.0,36330.0,36330.0,1173.0,1173.0,1173.0,6647,6647.0,6647.0
BR,2020-03-15,3,Restrict_Mass_Gatherings_and_Schools-Lockdown-Authorize_Schools_but_Restrict_Mass_Gatherings_and_Others,58187757237.83137,58175562707.08841,58199951768.574326,0,3895541740.6840386,3600656632.190026,4190426849.178051,28573615.829268295,28573615.829268295,28573615.829268295,39392193964.19821,39382088192.907234,39402299735.48919,17519,13050.0,21988.0,886,825.0,947.0,39491.35294117647,39491.35294117647,39491.35294117647,1301.6470588235295,1301.6470588235295,1301.6470588235295,7376,7376.0,7376.0
BR,2020-03-15,3,Restrict_Mass_Gatherings_and_Schools-Lockdown-Restrict_Mass_Gatherings_and_Schools_and_Others,72364013049.30717,72354599057.12476,72373427041.48958,0,3104809812.4454527,2869078534.1460447,3340541090.7448606,25939236.29268293,25939236.29268293,25939236.29268293,39383164574.00693,39375363072.33902,39390966075.67483,13526,10076.0,16976.0,707,658.0,756.0,35998.58823529412,35998.58823529412,35998.58823529412,1159.4117647058824,1159.4117647058824,1159.4117647058824,6570,6570.0,6570.0
BR,2020-03-15,3,Restrict_Mass_Gatherings_and_Schools-Lockdown-Lockdown,79530636583.73804,79521721942.4453,79539551225.03078,0,2959180755.148852,2737651198.0376577,3180710312.2600455,25347227.56097561,25347227.56097561,25347227.56097561,39381540957.13807,39374153274.25429,39388928640.02185,12808,9541.0,16075.0,674,628.0,720.0,35210.0,35210.0,35210.0,1128.0,1128.0,1128.0,6392,6392.0,6392.0
BR,2020-03-15,3,Authorize_Schools_but_Restrict_Mass_Gatherings_and_Others-No_Measure-No_Measure,24646516287.32411,20466321741.25885,28826710833.389366,0,1200401881691.0703,1108623394481.4739,1292180368900.6665,4715562505.097562,4715562505.097562,4715562505.097562,52932385284.21109,49468201960.984924,56396568607.43726,6005297,4473357.0,7537237.0,271847,253134.0,290560.0,6294823.117647059,6294823.117647059,6294823.117647059,248190.8823529412,248190.8823529412,248190.8823529412,1406415,1406415.0,1406415.0
BR,2020-03-15,3,Authorize_Schools_but_Restrict_Mass_Gatherings_and_Others-No_Measure-Restrict_Mass_Gatherings,25169663199.73993,22127920464.800835,28211405934.679024,0,877985326208.2557,810891420440.615,945079231975.8965,3725314601.048781,3725314601.048781,3725314601.048781,49234005403.524086,46713272375.479065,51754738431.56911,4369790,3255065.0,5484515.0,198875,185185.0,212565.0,4985767.705882353,4985767.705882353,4985767.705882353,194147.29411764708,194147.29411764708,194147.29411764708,1100168,1100168.0,1100168.0
BR,2020-03-15,3,Authorize_Schools_but_Restrict_Mass_Gatherings_and_Others-No_Measure-Restrict_Mass_Gatherings_and_Schools,32988713105.050083,31849854718.609375,34127571491.490795,0,337028134759.21686,311334386081.11194,362721883437.3218,1926483612.658537,1926483612.658537,1926483612.658537,43052283170.177216,42108495940.57621,43996070399.77822,1636093,1218729.0,2053457.0,76421,71160.0,81682.0,2603040.1764705884,2603040.1764705884,2603040.1764705884,96689.82352941178,96689.82352941178,96689.82352941178,547909,547909.0,547909.0
BR,2020-03-15,3,Authorize_Schools_but_Restrict_Mass_Gatherings_and_Others-No_Measure-Authorize_Schools_but_Restrict_Mass_Gatherings_and_Others,26253189905.70423,23770220816.312355,28736158995.096107,0,719563686168.6666,664596521235.2104,774530851102.123,3225887611.6097565,3225887611.6097565,3225887611.6097565,47418765563.26495,45361095754.6543,49476435371.8756,3567050,2657102.0,4476998.0,163018,151796.0,174240.0,4325087.764705882,4325087.764705882,4325087.764705882,166960.23529411765,166960.23529411765,166960.23529411765,946108,946108.0,946108.0
BR,2020-03-15,3,Authorize_Schools_but_Restrict_Mass_Gatherings_and_Others-No_Measure-Restrict_Mass_Gatherings_and_Schools_and_Others,34652032327.04585,33645649275.812084,35658415378.27962,0,299084009132.5612,276294437130.5764,321873581134.546,1782126020.5609758,1782126020.5609758,1782126020.5609758,42621916157.29828,41787913015.95093,43455919298.64563,1445775,1076960.0,1814590.0,67829,63160.0,72498.0,2411234.7647058824,2411234.7647058824,2411234.7647058824,88957.23529411765,88957.23529411765,88957.23529411765,504091,504091.0,504091.0
BR,2020-03-15,3,Authorize_Schools_but_Restrict_Mass_Gatherings_and_Others-No_Measure-Lockdown,40643025602.96349,39937044406.6172,41349006799.309784,0,212665974199.57834,196481315629.81226,228850632769.34442,1427519315.4146342,1427519315.4146342,1427519315.4146342,41646031966.92213,41060975874.45004,42231088059.39422,1014217,755492.0,1272942.0,48257,44935.0,51579.0,1939232.0,1939232.0,1939232.0,70089.0,70089.0,70089.0,397171,397171.0,397171.0
BR,2020-03-15,3,Authorize_Schools_but_Restrict_Mass_Gatherings_and_Others-Restrict_Mass_Gatherings-No_Measure,23048731691.44317,20548034281.121105,25549429101.765224,0,717645957728.1152,662773891273.3768,772518024182.8538,2779973940.5121956,2779973940.5121956,2779973940.5121956,47476360997.31757,45403999491.21811,49548722503.41703,3592520,2676075.0,4508965.0,162516,151329.0,173703.0,3712596.294117647,3712596.294117647,3712596.294117647,146076.70588235295,146076.70588235295,146076.70588235295,827768,827768.0,827768.0
BR,2020-03-15,3,Authorize_Schools_but_Restrict_Mass_Gatherings_and_Others-Restrict_Mass_Gatherings-Restrict_Mass_Gatherings,25201953644.99121,23423877003.284527,26980030286.697895,0,513491806086.46533,474252883449.8741,552730728723.0565,2177496501.292683,2177496501.292683,2177496501.292683,45128846180.65318,43655330203.88694,46602362157.41943,2554396,1902774.0,3206018.0,116315,108308.0,124322.0,2916729.470588235,2916729.470588235,2916729.470588235,113109.52941176471,113109.52941176471,113109.52941176471,640954,640954.0,640954.0
BR,2020-03-15,3,Authorize_Schools_but_Restrict_Mass_Gatherings_and_Others-Restrict_Mass_Gatherings-Restrict_Mass_Gatherings_and_Schools,36082979546.69918,35426685128.22232,36739273965.17603,0,194981031123.3777,180122628782.3755,209839433464.37988,1139677314.4390244,1139677314.4390244,1139677314.4390244,41484624550.675255,40940744557.875885,42028504543.474625,942839,702323.0,1183355.0,44219,41175.0,47263.0,1542569.6470588236,1542569.6470588236,1542569.6470588236,56802.352941176476,56802.352941176476,56802.352941176476,321880,321880.0,321880.0
BR,2020-03-15,3,Authorize_Schools_but_Restrict_Mass_Gatherings_and_Others-Restrict_Mass_Gatherings-Authorize_Schools_but_Restrict_Mass_Gatherings_and_Others,27142063592.673317,25704249558.83982,28579877626.506817,0,417186670472.043,385320085414.8382,449053255529.24786,1882345150.0243905,1882345150.0243905,1882345150.0243905,44023468369.11397,42831932582.19828,45215004156.02966,2065573,1538649.0,2592497.0,94519,88012.0,101026.0,2526486.294117647,2526486.294117647,2526486.294117647,97011.70588235295,97011.70588235295,97011.70588235295,549733,549733.0,549733.0
BR,2020-03-15,3,Authorize_Schools_but_Restrict_Mass_Gatherings_and_Others-Restrict_Mass_Gatherings-Restrict_Mass_Gatherings_and_Schools_and_Others,37974518497.4371,37392482740.77248,38556554254.10174,0,173716741068.39313,160482692619.6429,186950789517.1433,1059276834.0000001,1059276834.0000001,1059276834.0000001,41243386289.96982,40761045446.848816,41725727133.09081,836158,622856.0,1049460.0,39404,36691.0,42117.0,1435752.8235294118,1435752.8235294118,1435752.8235294118,52494.17647058824,52494.17647058824,52494.17647058824,297467,297467.0,297467.0
BR,2020-03-15,3,Authorize_Schools_but_Restrict_Mass_Gatherings_and_Others-Restrict_Mass_Gatherings-Lockdown,44490416876.59237,44074877804.2739,44905955948.910835,0,125831306782.10849,116259829442.586,135402784121.63097,863454226.3170733,863454226.3170733,863454226.3170733,40702498003.46223,40358135197.23124,41046860809.69321,596965,444680.0,749250.0,28559,26593.0,30525.0,1175119.0,1175119.0,1175119.0,42072.0,42072.0,42072.0,238408,238408.0,238408.0
BR,2020-03-15,3,Authorize_Schools_but_Restrict_Mass_Gatherings_and_Others-Restrict_Mass_Gatherings_and_Schools-No_Measure,29849190371.309666,29511217137.187508,30187163605.43182,0,98239081331.26689,90738082156.98067,105740080505.55312,426542884.39024395,426542884.39024395,426542884.39024395,40450518544.80822,40170435589.711105,40730601499.905334,485534,361675.0,609393.0,22259,20727.0,23791.0,574675.2941176471,574675.2941176471,574675.2941176471,21657.705882352944,21657.705882352944,21657.705882352944,122727,122727.0,122727.0
BR,2020-03-15,3,Authorize_Schools_but_Restrict_Mass_Gatherings_and_Others-Restrict_Mass_Gatherings_and_Schools-Restrict_Mass_Gatherings,34465243657.05938,34221628640.232243,34708858673.88651,0,71660806021.76561,66195907832.04437,77125704211.48683,351856652.5609757,351856652.5609757,351856652.5609757,40143985107.09966,39942098073.0681,40345872141.131226,349978,260699.0,439257.0,16245,15127.0,17363.0,476099.70588235295,476099.70588235295,476099.70588235295,17558.29411764706,17558.29411764706,17558.29411764706,99497,99497.0,99497.0
BR,2020-03-15,3,Authorize_Schools_but_Restrict_Mass_Gatherings_and_Others-Restrict_Mass_Gatherings_and_Schools-Restrict_Mass_Gatherings_and_Schools,49217906185.41376,49108425549.372375,49327386821.45513,0,33629473012.735672,31073723425.36653,36185222600.10481,230671041.51219514,230671041.51219514,230671041.51219514,39708240711.331955,39617512638.891464,39798968783.77244,157282,117160.0,197404.0,7637,7111.0,8163.0,315700.82352941175,315700.82352941175,315700.82352941175,10974.176470588236,10974.176470588236,10974.176470588236,62187,62187.0,62187.0
BR,2020-03-15,3,Authorize_Schools_but_Restrict_Mass_Gatherings_and_Others-Restrict_Mass_Gatherings_and_Schools-Authorize_Schools_but_Restrict_Mass_Gatherings_and_Others,37573310777.4527,37372015066.35224,37774606488.55316,0,59707765760.21206,55157417259.330826,64258114261.09329,316369347.58536583,316369347.58536583,316369347.58536583,40006509079.882195,39839692622.478905,40173325537.28548,289183,215413.0,362953.0,13540,12608.0,14472.0,429205.1176470588,429205.1176470588,429205.1176470588,15618.882352941177,15618.882352941177,15618.882352941177,88507,88507.0,88507.0
BR,2020-03-15,3,Authorize_Schools_but_Restrict_Mass_Gatherings_and_Others-Restrict_Mass_Gatherings_and_Schools-Restrict_Mass_Gatherings_and_Schools_and_Others,51367860585.90561,51266716108.159096,51469005063.65213,0,31244580168.7177,28870510795.84936,33618649541.58604,221682355.82926834,221682355.82926834,221682355.82926834,39681154802.06292,39597335015.88198,39764974588.24385,145304,108237.0,182371.0,7097,6608.0,7586.0,303761.9411764706,303761.9411764706,303761.9411764706,10492.058823529413,10492.058823529413,10492.058823529413,59455,59455.0,59455.0
BR,2020-03-15,3,Authorize_Schools_but_Restrict_Mass_Gatherings_and_Others-Restrict_Mass_Gatherings_and_Schools-Lockdown,58464195707.401184,58381480824.78511,58546910590.017265,0,25941734425.905468,23974407509.07713,27909061342.733814,200024801.92682928,200024801.92682928,200024801.92682928,39621282234.045204,39552735300.69471,39689829167.3957,118827,88514.0,149140.0,5896,5490.0,6302.0,274934.29411764705,274934.29411764705,274934.29411764705,9339.705882352942,9339.705882352942,9339.705882352942,52925,52925.0,52925.0
BR,2020-03-15,3,Authorize_Schools_but_Restrict_Mass_Gatherings_and_Others-Authorize_Schools_but_Restrict_Mass_Gatherings_and_Others-No_Measure,23399020282.826363,21644145720.982594,25153894844.67013,0,503813139349.6722,465291717160.17236,542334561539.17194,1954784951.9268293,1954784951.9268293,1954784951.9268293,45053476890.626724,43599188788.840836,46507764992.41263,2521066,1877947.0,3164185.0,114094,106240.0,121948.0,2612373.705882353,2612373.705882353,2612373.705882353,102446.29411764706,102446.29411764706,102446.29411764706,580529,580529.0,580529.0
BR,2020-03-15,3,Authorize_Schools_but_Restrict_Mass_Gatherings_and_Others-Authorize_Schools_but_Restrict_Mass_Gatherings_and_Others-Restrict_Mass_Gatherings,26354472634.532364,25117572294.725254,27591372974.339474,0,357631630105.2806,330305778539.64703,384957481670.9142,1530464176.4634147,1530464176.4634147,1530464176.4634147,43370781171.748055,42345745259.55927,44395817083.93684,1776940,1323646.0,2230234.0,81014,75437.0,86591.0,2052005.5882352942,2052005.5882352942,2052005.5882352942,79204.41176470589,79204.41176470589,79204.41176470589,448825,448825.0,448825.0
BR,2020-03-15,3,Authorize_Schools_but_Restrict_Mass_Gatherings_and_Others-Authorize_Schools_but_Restrict_Mass_Gatherings_and_Others-Restrict_Mass_Gatherings_and_Schools,38584589104.62132,38125317263.40213,39043860945.84052,0,136945477799.11748,126514505925.57033,147376449672.66464,816954253.9024391,816954253.9024391,816954253.9024391,40844569002.09685,40463964263.33499,41225173740.85871,659792,491480.0,828104.0,31062,28924.0,33200.0,1107382.9411764706,1107382.9411764706,1107382.9411764706,40474.05882352941,40474.05882352941,40474.05882352941,229353,229353.0,229353.0
BR,2020-03-15,3,Authorize_Schools_but_Restrict_Mass_Gatherings_and_Others-Authorize_Schools_but_Restrict_Mass_Gatherings_and_Others-Authorize_Schools_but_Restrict_Mass_Gatherings_and_Others,28690445046.525,27692823829.75434,29688066263.29566,0,289956150127.7885,267811157636.0897,312101142619.4873,1325353912.7560976,1325353912.7560976,1325353912.7560976,42593459897.30149,41766717805.76737,43420201988.83561,1433191,1067587.0,1798795.0,65698,61175.0,70221.0,1780865.3529411764,1780865.3529411764,1780865.3529411764,68009.64705882354,68009.64705882354,68009.64705882354,385388,385388.0,385388.0
BR,2020-03-15,3,Authorize_Schools_but_Restrict_Mass_Gatherings_and_Others-Authorize_Schools_but_Restrict_Mass_Gatherings_and_Others-Restrict_Mass_Gatherings_and_Schools_and_Others,40570006022.6183,40161045830.05398,40978966215.18262,0,122539604396.69266,113208067139.13231,131871141654.25302,762563006.7804878,762563006.7804878,762563006.7804878,40681128672.806656,40342217872.52388,41020039473.08944,587515,437641.0,737389.0,27800,25886.0,29714.0,1035122.7058823529,1035122.7058823529,1035122.7058823529,37559.29411764706,37559.29411764706,37559.29411764706,212836,212836.0,212836.0
BR,2020-03-15,3,Authorize_Schools_but_Restrict_Mass_Gatherings_and_Others-Authorize_Schools_but_Restrict_Mass_Gatherings_and_Others-Lockdown,47298731571.12414,47001977979.294014,47595485162.954254,0,90267222322.82428,83402197169.81058,97132247475.83797,630612683.8536586,630612683.8536586,630612683.8536586,40316613117.919334,40070689433.603485,40562536802.235176,426318,317565.0,535071.0,20491,19080.0,21902.0,859501.5294117647,859501.5294117647,859501.5294117647,30536.470588235297,30536.470588235297,30536.470588235297,173040,173040.0,173040.0
BR,2020-03-15,3,Authorize_Schools_but_Restrict_Mass_Gatherings_and_Others-Restrict_Mass_Gatherings_and_Schools_and_Others-No_Measure,31676577740.537872,31429229871.15841,31923925609.91734,0,72280649099.7552,66762213286.6371,77799084912.87334,327852418.75609756,327852418.75609756,327852418.75609756,40156117007.51946,39951136508.478714,40361097506.56021,355343,264696.0,445990.0,16381,15253.0,17509.0,442883.1176470588,442883.1176470588,442883.1176470588,16470.88235294118,16470.88235294118,16470.88235294118,93335,93335.0,93335.0
BR,2020-03-15,3,Authorize_Schools_but_Restrict_Mass_Gatherings_and_Others-Restrict_Mass_Gatherings_and_Schools_and_Others-Restrict_Mass_Gatherings,36399726784.309425,36219417454.04228,36580036114.57657,0,53396597142.71237,49324179609.037704,57469014676.38704,274757896.1707317,274757896.1707317,274757896.1707317,39938335261.82886,39788910499.88292,40087760023.774796,259035,192956.0,325114.0,12108,11274.0,12942.0,372805.35294117645,372805.35294117645,372805.35294117645,13556.64705882353,13556.64705882353,13556.64705882353,76821,76821.0,76821.0
BR,2020-03-15,3,Authorize_Schools_but_Restrict_Mass_Gatherings_and_Others-Restrict_Mass_Gatherings_and_Schools_and_Others-Restrict_Mass_Gatherings_and_Schools,51309602982.1101,51223321697.23825,51395884266.98196,0,26733269492.892582,24704433622.917633,28762105362.867527,189733459.75609758,189733459.75609758,189733459.75609758,39632875943.91516,39561373485.150185,39704378402.68013,123954,92334.0,155574.0,6073,5655.0,6491.0,260268.82352941178,260268.82352941178,260268.82352941178,8937.176470588236,8937.176470588236,8937.176470588236,50644,50644.0,50644.0
BR,2020-03-15,3,Authorize_Schools_but_Restrict_Mass_Gatherings_and_Others-Restrict_Mass_Gatherings_and_Schools_and_Others-Authorize_Schools_but_Restrict_Mass_Gatherings_and_Others,39556992246.45605,39406450232.339035,39707534260.57307,0,44987530698.83163,41559116965.285126,48415944432.37813,249783195.14634147,249783195.14634147,249783195.14634147,39841630560.71931,39716874373.177765,39966386748.26085,216270,161100.0,271440.0,10205,9502.0,10908.0,339804.5294117647,339804.5294117647,339804.5294117647,12191.470588235296,12191.470588235296,12191.470588235296,69085,69085.0,69085.0
BR,2020-03-15,3,Authorize_Schools_but_Restrict_Mass_Gatherings_and_Others-Restrict_Mass_Gatherings_and_Schools_and_Others-Restrict_Mass_Gatherings_and_Schools_and_Others,53469487097.83435,53389009743.79496,53549964451.87374,0,25072687554.422375,23171357301.123863,26974017807.720886,183462794.12195122,183462794.12195122,183462794.12195122,39614018922.92714,39547326259.53829,39680711586.31599,115615,86122.0,145108.0,5697,5305.0,6089.0,251934.29411764705,251934.29411764705,251934.29411764705,8601.705882352942,8601.705882352942,8601.705882352942,48743,48743.0,48743.0
BR,2020-03-15,3,Authorize_Schools_but_Restrict_Mass_Gatherings_and_Others-Restrict_Mass_Gatherings_and_Schools_and_Others-Lockdown,60587894620.13095,60520217566.76626,60655571673.49564,0,21390263662.08046,19768693608.80151,23011833715.35941,168376655.7804878,168376655.7804878,168376655.7804878,39572438049.68962,39516353167.2643,39628522932.11495,97227,72425.0,122029.0,4863,4528.0,5198.0,231854.0588235294,231854.0588235294,231854.0588235294,7798.941176470588,7798.941176470588,7798.941176470588,44194,44194.0,44194.0
BR,2020-03-15,3,Authorize_Schools_but_Restrict_Mass_Gatherings_and_Others-Lockdown-No_Measure,38215364399.816635,38128676539.63024,38302052260.00304,0,26174779660.192688,24182841051.627884,28166718268.757496,148730033.34146342,148730033.34146342,148730033.34146342,39634196545.93662,39562357152.75179,39706035939.12146,124538,92769.0,156307.0,5940,5531.0,6349.0,203347.0,203347.0,203347.0,7107.000000000001,7107.000000000001,7107.000000000001,40273,40273.0,40273.0
BR,2020-03-15,3,Authorize_Schools_but_Restrict_Mass_Gatherings_and_Others-Lockdown-Restrict_Mass_Gatherings,43131513926.79458,43062630790.95318,43200397062.63598,0,21158800708.96941,19550556511.909912,22767044906.028908,134644021.97560978,134644021.97560978,134644021.97560978,39576356890.96223,39519272511.801476,39633441270.12298,98960,73716.0,124204.0,4805,4474.0,5136.0,184751.58823529413,184751.58823529413,184751.58823529413,6334.411764705883,6334.411764705883,6334.411764705883,35895,35895.0,35895.0
BR,2020-03-15,3,Authorize_Schools_but_Restrict_Mass_Gatherings_and_Others-Lockdown-Restrict_Mass_Gatherings_and_Schools,58313342622.23814,58269110502.44773,58357574742.02855,0,14169282949.339285,13096537984.06447,15242027914.614101,112315564.39024392,112315564.39024392,112315564.39024392,39496268257.7529,39459612506.4379,39532924009.067894,63543,47333.0,79753.0,3223,3001.0,3445.0,155197.64705882352,155197.64705882352,155197.64705882352,5121.352941176471,5121.352941176471,5121.352941176471,29021,29021.0,29021.0
BR,2020-03-15,3,Authorize_Schools_but_Restrict_Mass_Gatherings_and_Others-Lockdown-Authorize_Schools_but_Restrict_Mass_Gatherings_and_Others,46374692300.205925,46313659615.23664,46435724985.1752,0,18940548766.73048,17504059029.472305,20377038503.98865,128054217.36585367,128054217.36585367,128054217.36585367,39550849372.46542,39500270767.30426,39601427977.626595,87680,65313.0,110047.0,4303,4007.0,4599.0,176042.58823529413,176042.58823529413,176042.58823529413,5974.411764705883,5974.411764705883,5974.411764705883,33855,33855.0,33855.0
BR,2020-03-15,3,Authorize_Schools_but_Restrict_Mass_Gatherings_and_Others-Lockdown-Restrict_Mass_Gatherings_and_Schools_and_Others,60490090063.08915,60447361453.354546,60532818672.82376,0,13740825047.773209,12702231443.208557,14779418652.337858,110683091.41463415,110683091.41463415,110683091.41463415,39491386100.62217,39455976328.2692,39526795872.975136,61384,45725.0,77043.0,3126,2911.0,3341.0,153028.0,153028.0,153028.0,5034.0,5034.0,5034.0,28526,28526.0,28526.0
BR,2020-03-15,3,Authorize_Schools_but_Restrict_Mass_Gatherings_and_Others-Lockdown-Lockdown,67645736064.0273,67606309173.29,67685162954.764595,0,12791513500.118057,11826340867.018227,13756686133.21789,106773342.36585367,106773342.36585367,106773342.36585367,39480665254.41708,39447991660.909966,39513338847.9242,56643,42194.0,71092.0,2911,2711.0,3111.0,147819.35294117648,147819.35294117648,147819.35294117648,4826.64705882353,4826.64705882353,4826.64705882353,27351,27351.0,27351.0
BR,2020-03-15,3,Restrict_Mass_Gatherings_and_Schools_and_Others-No_Measure-No_Measure,24615682634.072655,24062470065.646526,25168895202.498787,0,158267365075.00427,146161525085.64685,170373205064.36166,585049366.5365855,585049366.5365855,585049366.5365855,41149750179.516304,40691295499.32808,41608204859.70453,794750,592011.0,997489.0,35836,33369.0,38303.0,780266.8235294118,780266.8235294118,780266.8235294118,30900.176470588238,30900.176470588238,30900.176470588238,175101,175101.0,175101.0
BR,2020-03-15,3,Restrict_Mass_Gatherings_and_Schools_and_Others-No_Measure-Restrict_Mass_Gatherings,28919974514.36812,28540650660.671387,29299298368.064846,0,109274464315.97104,100921109574.10838,117627819057.8337,446713298.1219512,446713298.1219512,446713298.1219512,40584855880.91988,40270505112.4096,40899206649.43016,544941,405928.0,683954.0,24750,23046.0,26454.0,597666.5294117647,597666.5294117647,597666.5294117647,23309.470588235297,23309.470588235297,23309.470588235297,132087,132087.0,132087.0
BR,2020-03-15,3,Restrict_Mass_Gatherings_and_Schools_and_Others-No_Measure-Restrict_Mass_Gatherings_and_Schools,43222533611.280945,43092162098.67477,43352905123.88712,0,38681702866.8972,35733010103.93,41630395629.8644,221753539.24390247,221753539.24390247,221753539.24390247,39776104730.6234,39668064108.39465,39884145352.85214,187293,139515.0,235071.0,8772,8168.0,9376.0,299926.64705882355,299926.64705882355,299926.64705882355,11085.352941176472,11085.352941176472,11085.352941176472,62817,62817.0,62817.0
BR,2020-03-15,3,Restrict_Mass_Gatherings_and_Schools_and_Others-No_Measure-Authorize_Schools_but_Restrict_Mass_Gatherings_and_Others,31887781337.323647,31586555417.033535,32189007257.61376,0,87206987984.63716,80544548918.1356,93869427051.13872,381117781.5365854,381117781.5365854,381117781.5365854,40331144262.76512,40081514299.83081,40580774225.699425,432744,322352.0,543136.0,19756,18396.0,21116.0,510987.70588235295,510987.70588235295,510987.70588235295,19724.29411764706,19724.29411764706,19724.29411764706,111771,111771.0,111771.0
BR,2020-03-15,3,Restrict_Mass_Gatherings_and_Schools_and_Others-No_Measure-Restrict_Mass_Gatherings_and_Schools_and_Others,45343880390.31181,45229144290.8086,45458616489.815025,0,34207884667.986446,31602504564.375904,36813264771.59699,204951287.41463417,204951287.41463417,204951287.41463417,39725311301.50326,39630227955.95773,39820394647.04878,164831,122783.0,206879.0,7759,7225.0,8293.0,277608.70588235295,277608.70588235295,277608.70588235295,10184.29411764706,10184.29411764706,10184.29411764706,57711,57711.0,57711.0
BR,2020-03-15,3,Restrict_Mass_Gatherings_and_Schools_and_Others-No_Measure-Lockdown,52376557823.800575,52296489773.76912,52456625873.83204,0,24237787351.627243,22392739751.053577,26082834952.200912,164371402.31707317,164371402.31707317,164371402.31707317,39612684753.07669,39546331285.41254,39679038220.740845,115025,85682.0,144368.0,5501,5122.0,5880.0,223600.88235294117,223600.88235294117,223600.88235294117,8024.117647058824,8024.117647058824,8024.117647058824,45470,45470.0,45470.0
BR,2020-03-15,3,Restrict_Mass_Gatherings_and_Schools_and_Others-Restrict_Mass_Gatherings-No_Measure,28626661804.898003,28322161452.54444,28931162157.251564,0,87292049038.67578,80615561880.93674,93968536196.41483,329249393.26829267,329249393.26829267,329249393.26829267,40341783701.99628,40089440173.264435,40594127230.72812,437449,325857.0,549041.0,19767,18406.0,21128.0,439807.5294117647,439807.5294117647,439807.5294117647,17285.470588235294,17285.470588235294,17285.470588235294,97951,97951.0,97951.0
BR,2020-03-15,3,Restrict_Mass_Gatherings_and_Schools_and_Others-Restrict_Mass_Gatherings-Restrict_Mass_Gatherings,33238954951.161526,33029770587.481544,33448139314.841507,0,60444165304.86322,55823589753.53687,65064740856.18957,253797939.73170733,253797939.73170733,253797939.73170733,40032134186.23022,39858780296.55971,40205488075.90073,300515,223854.0,377176.0,13692,12749.0,14635.0,340219.5882352941,340219.5882352941,340219.5882352941,13144.411764705883,13144.411764705883,13144.411764705883,74485,74485.0,74485.0
BR,2020-03-15,3,Restrict_Mass_Gatherings_and_Schools_and_Others-Restrict_Mass_Gatherings-Restrict_Mass_Gatherings_and_Schools,47989284446.6707,47914829318.93467,48063739574.40673,0,22244907524.944996,20552203588.955193,23937611460.934803,132270648.29268295,132270648.29268295,132270648.29268295,39594456374.831764,39532754411.20555,39656158338.457985,106964,79678.0,134250.0,5046,4699.0,5393.0,179378.82352941178,179378.82352941178,179378.82352941178,6540.176470588236,6540.176470588236,6540.176470588236,37061,37061.0,37061.0
BR,2020-03-15,3,Restrict_Mass_Gatherings_and_Schools_and_Others-Restrict_Mass_Gatherings-Authorize_Schools_but_Restrict_Mass_Gatherings_and_Others,36346356270.368614,36179660391.40525,36513052149.33197,0,48442543862.4963,44741260084.58294,52143827640.40967,218213350.75609758,218213350.75609758,218213350.75609758,39894106400.63392,39755963288.49122,40032249512.77661,239476,178386.0,300566.0,10976,10220.0,11732.0,293201.0,293201.0,293201.0,11199.0,11199.0,11199.0,63461,63461.0,63461.0
BR,2020-03-15,3,Restrict_Mass_Gatherings_and_Schools_and_Others-Restrict_Mass_Gatherings-Restrict_Mass_Gatherings_and_Schools_and_Others,50139047838.62553,50072977985.665306,50205117691.58575,0,19846737018.39706,18335860492.09256,21357613544.701565,123254675.63414635,123254675.63414635,123254675.63414635,39567212174.22454,39512459200.34484,39621965148.10425,94916,70703.0,119129.0,4503,4193.0,4813.0,167403.35294117648,167403.35294117648,167403.35294117648,6056.64705882353,6056.64705882353,6056.64705882353,34321,34321.0,34321.0
BR,2020-03-15,3,Restrict_Mass_Gatherings_and_Schools_and_Others-Restrict_Mass_Gatherings-Lockdown,57234905438.77851,57187387972.151115,57282422905.405914,0,14512814658.728664,13409048576.42541,15616580741.03192,101509922.0487805,101509922.0487805,101509922.0487805,39506943877.86135,39467565515.5295,39546322240.19321,68264,50850.0,85678.0,3295,3068.0,3522.0,138462.82352941178,138462.82352941178,138462.82352941178,4899.176470588236,4899.176470588236,4899.176470588236,27762,27762.0,27762.0
BR,2020-03-15,3,Restrict_Mass_Gatherings_and_Schools_and_Others-Restrict_Mass_Gatherings_and_Schools-No_Measure,42864108820.22917,42825170365.608,42903047274.85034,0,11472882062.280806,10598109861.202969,12347654263.35864,54016941.0,54016941.0,54016941.0,39479073295.815865,39446804475.87355,39511342115.75819,55939,41669.0,70209.0,2601,2422.0,2780.0,73208.05882352941,73208.05882352941,73208.05882352941,2677.9411764705883,2677.9411764705883,2677.9411764705883,15175,15175.0,15175.0
BR,2020-03-15,3,Restrict_Mass_Gatherings_and_Schools_and_Others-Restrict_Mass_Gatherings_and_Schools-Restrict_Mass_Gatherings,47809739150.5517,47781085141.30314,47838393159.80025,0,8578090821.792724,7924718209.034094,9231463434.551353,45919234.3902439,45919234.3902439,45919234.3902439,39445664778.23859,39421918816.205345,39469410740.27182,41165,30664.0,51666.0,1946,1812.0,2080.0,62520.58823529412,62520.58823529412,62520.58823529412,2233.4117647058824,2233.4117647058824,2233.4117647058824,12656,12656.0,12656.0
BR,2020-03-15,3,Restrict_Mass_Gatherings_and_Schools_and_Others-Restrict_Mass_Gatherings_and_Schools-Restrict_Mass_Gatherings_and_Schools,63031971608.964806,63017662340.84754,63046280877.08208,0,4509044634.113858,4165471165.8012166,4852618102.426499,32997665.048780486,32997665.048780486,32997665.048780486,39399059285.66597,39387201003.13075,39410917568.20119,20555,15311.0,25799.0,1025,954.0,1096.0,45418.76470588235,45418.76470588235,45418.76470588235,1531.235294117647,1531.235294117647,1531.235294117647,8677,8677.0,8677.0
BR,2020-03-15,3,Restrict_Mass_Gatherings_and_Schools_and_Others-Restrict_Mass_Gatherings_and_Schools-Authorize_Schools_but_Restrict_Mass_Gatherings_and_Others,51065859716.69381,51041757168.01345,51089962265.37417,0,7292226466.479492,6737195519.56762,7847257413.391364,42121599.2195122,42121599.2195122,42121599.2195122,39430882628.556526,39410908522.98186,39450856734.131195,34628,25795.0,43461.0,1655,1541.0,1769.0,57498.58823529412,57498.58823529412,57498.58823529412,2026.4117647058824,2026.4117647058824,2026.4117647058824,11483,11483.0,11483.0
BR,2020-03-15,3,Restrict_Mass_Gatherings_and_Schools_and_Others-Restrict_Mass_Gatherings_and_Schools-Restrict_Mass_Gatherings_and_Schools_and_Others,65211147586.92954,65197722415.469406,65224572758.38968,0,4257267874.1697974,3933284234.9281073,4581251513.411488,32043214.097560976,32043214.097560976,32043214.097560976,39396189689.83508,39385064070.0652,39407315309.604965,19286,14366.0,24206.0,968,901.0,1035.0,44153.294117647056,44153.294117647056,44153.294117647056,1479.7058823529412,1479.7058823529412,1479.7058823529412,8385,8385.0,8385.0
BR,2020-03-15,3,Restrict_Mass_Gatherings_and_Schools_and_Others-Restrict_Mass_Gatherings_and_Schools-Lockdown,72372089981.73035,72360613097.34796,72383566866.11272,0,3696515820.408833,3416486633.9230337,3976545006.8946314,29756446.902439028,29756446.902439028,29756446.902439028,39389858036.3075,39380346988.18716,39399369084.42786,16486,12280.0,20692.0,841,783.0,899.0,41104.17647058824,41104.17647058824,41104.17647058824,1358.8235294117649,1358.8235294117649,1358.8235294117649,7700,7700.0,7700.0
BR,2020-03-15,3,Restrict_Mass_Gatherings_and_Schools_and_Others-Authorize_Schools_but_Restrict_Mass_Gatherings_and_Others-No_Measure,31512138491.00491,31306738825.051598,31717538156.95822,0,59010614645.15843,54498788116.11105,63522441174.20582,227318895.8780488,227318895.8780488,227318895.8780488,40019843994.47223,39849626534.6027,40190061454.34176,295080,219806.0,370354.0,13364,12444.0,14284.0,304112.17647058825,304112.17647058825,304112.17647058825,11864.823529411766,11864.823529411766,11864.823529411766,67234,67234.0,67234.0
BR,2020-03-15,3,Restrict_Mass_Gatherings_and_Schools_and_Others-Authorize_Schools_but_Restrict_Mass_Gatherings_and_Others-Restrict_Mass_Gatherings,36251190359.831276,36108771665.924995,36393609053.73755,0,41279576820.53694,38125377192.316475,44433776448.7574,177724817.70731708,177724817.70731708,177724817.70731708,39815241133.3383,39697216850.27948,39933265416.39713,204600,152407.0,256793.0,9352,8708.0,9996.0,238660.11764705883,238660.11764705883,238660.11764705883,9141.882352941177,9141.882352941177,9141.882352941177,51804,51804.0,51804.0
BR,2020-03-15,3,Restrict_Mass_Gatherings_and_Schools_and_Others-Authorize_Schools_but_Restrict_Mass_Gatherings_and_Others-Restrict_Mass_Gatherings_and_Schools,51176936638.36613,51124496608.87001,51229376667.86224,0,15764930094.078007,14565945283.47148,16963914904.68453,96588775.31707318,96588775.31707318,96588775.31707318,39522933564.32331,39479475808.075836,39566391320.570786,75335,56117.0,94553.0,3577,3331.0,3823.0,131275.0588235294,131275.0588235294,131275.0588235294,4732.941176470588,4732.941176470588,4732.941176470588,26820,26820.0,26820.0
BR,2020-03-15,3,Restrict_Mass_Gatherings_and_Schools_and_Others-Authorize_Schools_but_Restrict_Mass_Gatherings_and_Others-Authorize_Schools_but_Restrict_Mass_Gatherings_and_Others,39413645796.79846,39299671002.75,39527620590.846924,0,33241810631.900677,30702238237.712204,35781383026.08916,153921083.85365856,153921083.85365856,153921083.85365856,39722837434.017845,39628384992.52024,39817289875.51544,163737,121968.0,205506.0,7533,7014.0,8052.0,207207.41176470587,207207.41176470587,207207.41176470587,7840.588235294118,7840.588235294118,7840.588235294118,44430,44430.0,44430.0
BR,2020-03-15,3,Restrict_Mass_Gatherings_and_Schools_and_Others-Authorize_Schools_but_Restrict_Mass_Gatherings_and_Others-Restrict_Mass_Gatherings_and_Schools_and_Others,53337715765.52105,53290853185.30634,53384578345.73576,0,14170556563.03212,13094163556.813793,15246949569.250448,90584454.29268293,90584454.29268293,90584454.29268293,39504818251.319954,39465982602.147606,39543653900.4923,67324,50150.0,84498.0,3216,2995.0,3437.0,123297.76470588235,123297.76470588235,123297.76470588235,4411.235294117648,4411.235294117648,4411.235294117648,24997,24997.0,24997.0
BR,2020-03-15,3,Restrict_Mass_Gatherings_and_Schools_and_Others-Authorize_Schools_but_Restrict_Mass_Gatherings_and_Others-Lockdown,60458003357.560745,60423460827.98476,60492545887.136734,0,10629289501.252066,9822747295.374323,11435831707.129808,76130661.95121953,76130661.95121953,76130661.95121953,39464795417.11118,39436169559.25205,39493421274.97032,49625,36966.0,62284.0,2414,2248.0,2580.0,104062.35294117648,104062.35294117648,104062.35294117648,3641.6470588235297,3641.6470588235297,3641.6470588235297,20636,20636.0,20636.0
BR,2020-03-15,3,Restrict_Mass_Gatherings_and_Schools_and_Others-Restrict_Mass_Gatherings_and_Schools_and_Others-No_Measure,45007487069.66027,44978562919.76648,45036411219.55406,0,8606657814.374151,7952475628.100772,9260840000.647532,43232653.68292683,43232653.68292683,43232653.68292683,39446537641.90346,39422567810.691925,39470507473.11499,41551,30951.0,52151.0,1952,1818.0,2086.0,58808.05882352941,58808.05882352941,58808.05882352941,2110.9411764705883,2110.9411764705883,2110.9411764705883,11962,11962.0,11962.0
BR,2020-03-15,3,Restrict_Mass_Gatherings_and_Schools_and_Others-Restrict_Mass_Gatherings_and_Schools_and_Others-Restrict_Mass_Gatherings,49965415621.074425,49943640647.85249,49987190594.29635,0,6591503321.142915,6090033658.786659,7092972983.499169,37600859.19512196,37600859.19512196,37600859.19512196,39423320825.20074,39405275612.64715,39441366037.754326,31284,23304.0,39264.0,1496,1393.0,1599.0,51376.41176470588,51376.41176470588,51376.41176470588,1801.5882352941178,1801.5882352941178,1801.5882352941178,10209,10209.0,10209.0
BR,2020-03-15,3,Restrict_Mass_Gatherings_and_Schools_and_Others-Restrict_Mass_Gatherings_and_Schools_and_Others-Restrict_Mass_Gatherings_and_Schools,65204912522.54206,65193078179.32609,65216746865.75804,0,3772723580.1248775,3487388060.858841,4058059099.390914,28638274.097560976,28638274.097560976,28638274.097560976,39391022608.29561,39381215329.24236,39400829887.34886,17001,12664.0,21338.0,858,799.0,917.0,39509.76470588235,39509.76470588235,39509.76470588235,1315.235294117647,1315.235294117647,1315.235294117647,7453,7453.0,7453.0
BR,2020-03-15,3,Restrict_Mass_Gatherings_and_Schools_and_Others-Restrict_Mass_Gatherings_and_Schools_and_Others-Authorize_Schools_but_Restrict_Mass_Gatherings_and_Others,53226993573.98895,53208375699.01486,53245611448.963036,0,5698916011.766106,5266198833.893932,6131633189.63828,34959954.512195125,34959954.512195125,34959954.512195125,39413061285.18124,39397632402.31744,39428490168.04504,26747,19924.0,33570.0,1294,1205.0,1383.0,47885.58823529412,47885.58823529412,47885.58823529412,1657.4117647058824,1657.4117647058824,1657.4117647058824,9392,9392.0,9392.0
BR,2020-03-15,3,Restrict_Mass_Gatherings_and_Schools_and_Others-Restrict_Mass_Gatherings_and_Schools_and_Others-Restrict_Mass_Gatherings_and_Schools_and_Others,67385158148.31419,67373935032.416725,67396381264.21166,0,3600383825.0735984,3329585304.9160256,3871182345.2311716,27975675.146341465,27975675.146341465,27975675.146341465,39389039443.95858,39379738697.18754,39398340190.72962,16124,12011.0,20237.0,819,763.0,875.0,38631.58823529412,38631.58823529412,38631.58823529412,1279.4117647058824,1279.4117647058824,1279.4117647058824,7250,7250.0,7250.0
BR,2020-03-15,3,Restrict_Mass_Gatherings_and_Schools_and_Others-Restrict_Mass_Gatherings_and_Schools_and_Others-Lockdown,74548471777.66759,74538591178.91614,74558352376.41905,0,3211906106.281913,2970541394.792267,3453270817.7715583,26393623.756097566,26393623.756097566,26393623.756097566,39384672864.329384,39376484679.53533,39392861049.123436,14193,10572.0,17814.0,731,681.0,781.0,36524.58823529412,36524.58823529412,36524.58823529412,1195.4117647058824,1195.4117647058824,1195.4117647058824,6774,6774.0,6774.0
BR,2020-03-15,3,Restrict_Mass_Gatherings_and_Schools_and_Others-Lockdown-No_Measure,52108712009.703926,52096973170.75647,52120450848.65139,0,3674212800.6789055,3393398573.2091064,3955027028.148704,24164989.68292683,24164989.68292683,24164989.68292683,39390717332.14339,39380989198.75924,39400445465.52754,16866,12564.0,21168.0,835,777.0,893.0,33308.76470588235,33308.76470588235,33308.76470588235,1114.235294117647,1114.235294117647,1114.235294117647,6314,6314.0,6314.0
BR,2020-03-15,3,Restrict_Mass_Gatherings_and_Schools_and_Others-Lockdown-Restrict_Mass_Gatherings,57087490507.28208,57077577164.20999,57097403850.35417,0,3161469502.013808,2920006660.4011617,3402932343.626453,22722932.341463417,22722932.341463417,22722932.341463417,39384779145.656456,39376563825.20443,39392994466.10848,14240,10607.0,17873.0,719,669.0,769.0,31408.352941176472,31408.352941176472,31408.352941176472,1034.6470588235295,1034.6470588235295,1034.6470588235295,5863,5863.0,5863.0
BR,2020-03-15,3,Restrict_Mass_Gatherings_and_Schools_and_Others-Lockdown-Restrict_Mass_Gatherings_and_Schools,72356053450.69958,72348669606.39651,72363437295.00267,0,2445694174.423016,2262632832.061976,2628755516.7840567,20436758.341463417,20436758.341463417,20436758.341463417,39376568347.81409,39370449256.94066,39382687438.68752,10609,7903.0,13315.0,557,519.0,595.0,28382.58823529412,28382.58823529412,28382.58823529412,910.4117647058824,910.4117647058824,910.4117647058824,5159,5159.0,5159.0
BR,2020-03-15,3,Restrict_Mass_Gatherings_and_Schools_and_Others-Lockdown-Authorize_Schools_but_Restrict_Mass_Gatherings_and_Others,60358291443.84199,60349185794.012215,60367397093.67176,0,2931784017.905186,2709682035.0764923,3153886000.73388,22048469.48780488,22048469.48780488,22048469.48780488,39382162815.96667,39374616841.7447,39389708790.18864,13083,9746.0,16420.0,667,621.0,713.0,30516.058823529413,30516.058823529413,30516.058823529413,997.9411764705883,997.9411764705883,997.9411764705883,5655,5655.0,5655.0
BR,2020-03-15,3,Restrict_Mass_Gatherings_and_Schools_and_Others-Lockdown-Restrict_Mass_Gatherings_and_Schools_and_Others,74538086370.6397,74530855333.16624,74545317408.11314,0,2401527977.7726374,2218924575.9855967,2584131379.5596776,20268290.92682927,20268290.92682927,20268290.92682927,39376066338.14155,39370073880.33866,39382058795.94443,10387,7737.0,13037.0,547,509.0,585.0,28158.58823529412,28158.58823529412,28158.58823529412,901.4117647058824,901.4117647058824,901.4117647058824,5108,5108.0,5108.0
BR,2020-03-15,3,Restrict_Mass_Gatherings_and_Schools_and_Others-Lockdown-Lockdown,81705342961.93616,81698450282.4426,81712235641.42972,0,2304381971.166403,2131262738.5253382,2477501203.807468,19869663.804878052,19869663.804878052,19869663.804878052,39374967343.993546,39369255287.98974,39380679399.99735,9901,7375.0,12427.0,525,489.0,561.0,27630.117647058825,27630.117647058825,27630.117647058825,879.8823529411766,879.8823529411766,879.8823529411766,4986,4986.0,4986.0
BR,2020-03-15,3,Lockdown-No_Measure-No_Measure,30164695798.75949,30024631967.24551,30304759630.27347,0,40146556700.67684,37075645684.67691,43217467716.67677,150214800.73170733,150214800.73170733,150214800.73170733,39807591139.09409,39691518362.10466,39923663916.083534,201217,149887.0,252547.0,9091,8465.0,9717.0,200627.64705882352,200627.64705882352,200627.64705882352,7890.352941176471,7890.352941176471,7890.352941176471,44712,44712.0,44712.0
BR,2020-03-15,3,Lockdown-No_Measure-Restrict_Mass_Gatherings,34977880809.50231,34881888104.86895,35073873514.13567,0,27736720515.26279,25615254702.245777,29858186328.279808,115532461.53658539,115532461.53658539,115532461.53658539,39664423407.6163,39584872964.95682,39743973850.27579,137905,102726.0,173084.0,6283,5850.0,6716.0,154853.58823529413,154853.58823529413,154853.58823529413,5986.411764705883,5986.411764705883,5986.411764705883,33923,33923.0,33923.0
BR,2020-03-15,3,Lockdown-No_Measure-Restrict_Mass_Gatherings_and_Schools,50012561985.40129,49978758931.73296,50046365039.06962,0,10108152256.420279,9337706787.32019,10878597725.520369,59678988.439024396,59678988.439024396,59678988.439024396,39462391650.07554,39434378605.82568,39490404694.32539,48562,36174.0,60950.0,2293,2135.0,2451.0,80940.11764705883,80940.11764705883,80940.11764705883,2949.8823529411766,2949.8823529411766,2949.8823529411766,16716,16716.0,16716.0
BR,2020-03-15,3,Lockdown-No_Measure-Authorize_Schools_but_Restrict_Mass_Gatherings_and_Others,38174949722.07353,38098570865.50022,38251328578.64684,0,22199740722.76594,20505506720.987373,23893974724.544506,99187563.14634147,99187563.14634147,99187563.14634147,39600704360.08058,39537408176.54832,39664000543.612854,109727,81736.0,137718.0,5030,4684.0,5376.0,133256.0588235294,133256.0588235294,133256.0588235294,5092.941176470588,5092.941176470588,5092.941176470588,28860,28860.0,28860.0
BR,2020-03-15,3,Lockdown-No_Measure-Restrict_Mass_Gatherings_and_Schools_and_Others,52180001853.11196,52150076272.74544,52209927433.478485,0,8999598711.018312,8312769825.920768,9686427596.115858,55524843.0,55524843.0,55524843.0,39449796182.16533,39424996452.08071,39474595912.24994,42992,32025.0,53959.0,2042,1901.0,2183.0,75421.82352941176,75421.82352941176,75421.82352941176,2727.1764705882356,2727.1764705882356,2727.1764705882356,15454,15454.0,15454.0
BR,2020-03-15,3,Lockdown-No_Measure-Lockdown,59314901598.234795,59293568673.34143,59336234523.12816,0,6531246398.436571,6035336571.678304,7027156225.194838,45497472.65853659,45497472.65853659,45497472.65853659,39421882635.32805,39404203754.15712,39439561516.49897,30648,22830.0,38466.0,1483,1381.0,1585.0,62080.17647058824,62080.17647058824,62080.17647058824,2192.823529411765,2192.823529411765,2192.823529411765,12426,12426.0,12426.0
BR,2020-03-15,3,Lockdown-Restrict_Mass_Gatherings-No_Measure,34903016377.758354,34826121798.13505,34979910957.38165,0,22133812093.434147,20442267621.155815,23825356565.71247,86026342.97560976,86026342.97560976,86026342.97560976,39602382248.26539,39538658678.12001,39666105818.41077,110469,82289.0,138649.0,5013,4668.0,5358.0,115213.76470588235,115213.76470588235,115213.76470588235,4471.235294117648,4471.235294117648,4471.235294117648,25337,25337.0,25337.0
BR,2020-03-15,3,Lockdown-Restrict_Mass_Gatherings-Restrict_Mass_Gatherings,39795961096.17999,39742789776.85637,39849132415.50361,0,15455901914.549412,14275900925.883327,16635902903.215498,67364424.4390244,67364424.4390244,67364424.4390244,39525312457.00581,39481248671.06355,39569376242.948074,76387,56901.0,95873.0,3502,3261.0,3743.0,90584.35294117648,90584.35294117648,90584.35294117648,3446.6470588235297,3446.6470588235297,3446.6470588235297,19531,19531.0,19531.0
BR,2020-03-15,3,Lockdown-Restrict_Mass_Gatherings-Restrict_Mass_Gatherings_and_Schools,54943858489.36607,54923996330.20787,54963720648.52427,0,6014228004.654748,5556606487.421134,6471849521.888362,37431798.58536586,37431798.58536586,37431798.58536586,39417104498.21956,39400644460.35269,39433564536.08642,28535,21256.0,35814.0,1365,1271.0,1459.0,50972.58823529412,50972.58823529412,50972.58823529412,1819.4117647058824,1819.4117647058824,1819.4117647058824,10310,10310.0,10310.0
BR,2020-03-15,3,Lockdown-Restrict_Mass_Gatherings-Authorize_Schools_but_Restrict_Mass_Gatherings_and_Others,43028639457.44121,42985998165.89496,43071280748.98746,0,12481984414.55805,11528354069.071157,13435614760.04494,58585136.63414634,58585136.63414634,58585136.63414634,39491103437.51826,39455766026.9199,39526440848.11662,61259,45632.0,76886.0,2829,2634.0,3024.0,78985.5294117647,78985.5294117647,78985.5294117647,2966.470588235294,2966.470588235294,2966.470588235294,16810,16810.0,16810.0
BR,2020-03-15,3,Lockdown-Restrict_Mass_Gatherings-Restrict_Mass_Gatherings_and_Schools_and_Others,57118392959.880875,57100596421.616035,57136189498.14571,0,5422440221.588868,5009124790.051895,5835755653.12584,35215028.41463415,35215028.41463415,35215028.41463415,39410388422.87067,39395640192.76108,39425136652.980255,25565,19043.0,32087.0,1231,1146.0,1316.0,48027.35294117647,48027.35294117647,48027.35294117647,1700.6470588235295,1700.6470588235295,1700.6470588235295,9637,9637.0,9637.0
BR,2020-03-15,3,Lockdown-Restrict_Mass_Gatherings-Lockdown,64269050909.30904,64255827661.159485,64282274157.458595,0,4106668633.3852205,3795995366.714494,4417341900.055947,29867374.390243907,29867374.390243907,29867374.390243907,39395533911.434006,39384575628.22164,39406492194.64638,18996,14150.0,23842.0,933,869.0,997.0,40911.17647058824,40911.17647058824,40911.17647058824,1415.8235294117649,1415.8235294117649,1415.8235294117649,8023,8023.0,8023.0
BR,2020-03-15,3,Lockdown-Restrict_Mass_Gatherings_and_Schools-No_Measure,49923639325.33159,49912519899.7828,49934758750.88039,0,3361992778.0367756,3104210240.0811663,3619775315.9923854,18169566.585365858,18169566.585365858,18169566.585365858,39388700248.23389,39379485431.04644,39397915065.42134,15974,11899.0,20049.0,763,710.0,816.0,24837.058823529413,24837.058823529413,24837.058823529413,868.9411764705883,868.9411764705883,868.9411764705883,4924,4924.0,4924.0
BR,2020-03-15,3,Lockdown-Restrict_Mass_Gatherings_and_Schools-Restrict_Mass_Gatherings,54899544508.77408,54890987326.31493,54908101691.23322,0,2637354772.079008,2438071863.498004,2836637680.6600127,16150923.585365854,16150923.585365854,16150923.585365854,39380380907.75962,39373289455.80874,39387472359.71051,12295,9159.0,15431.0,599,558.0,640.0,22174.058823529413,22174.058823529413,22174.058823529413,757.9411764705883,757.9411764705883,757.9411764705883,4295,4295.0,4295.0
BR,2020-03-15,3,Lockdown-Restrict_Mass_Gatherings_and_Schools-Restrict_Mass_Gatherings_and_Schools,70164082629.44693,70159078205.77663,70169087053.11723,0,1630002406.9952648,1504892800.8220792,1755112013.1684504,12941144.780487806,12941144.780487806,12941144.780487806,39368834685.29112,39364687452.23056,39372981918.351685,7189,5355.0,9023.0,371,345.0,397.0,17925.41176470588,17925.41176470588,17925.41176470588,583.5882352941177,583.5882352941177,583.5882352941177,3307,3307.0,3307.0
BR,2020-03-15,3,Lockdown-Restrict_Mass_Gatherings_and_Schools-Authorize_Schools_but_Restrict_Mass_Gatherings_and_Others,58169071145.52262,58161643642.125374,58176498648.919876,0,2319148811.933879,2144426787.2838142,2493870836.583944,15205370.560975611,15205370.560975611,15205370.560975611,39376708548.71363,39370553276.96289,39382863820.46436,10671,7949.0,13393.0,527,491.0,563.0,20924.764705882353,20924.764705882353,20924.764705882353,706.2352941176471,706.2352941176471,706.2352941176471,4002,4002.0,4002.0
BR,2020-03-15,3,Lockdown-Restrict_Mass_Gatherings_and_Schools-Restrict_Mass_Gatherings_and_Schools_and_Others,72345867238.2889,72341081110.0895,72350653366.4883,0,1568151741.1621842,1447931414.7464862,1688372067.5778818,12708019.097560976,12708019.097560976,12708019.097560976,39368126896.87894,39364160568.20487,39372093225.55299,6876,5122.0,8630.0,357,332.0,382.0,17612.41176470588,17612.41176470588,17612.41176470588,571.5882352941177,571.5882352941177,571.5882352941177,3239,3239.0,3239.0
BR,2020-03-15,3,Lockdown-Restrict_Mass_Gatherings_and_Schools-Lockdown,79512572633.52135,79508264026.66454,79516881240.37817,0,1431238167.048059,1320919062.801087,1541557271.2950306,12142704.146341464,12142704.146341464,12142704.146341464,39366571119.155014,39363000518.82643,39370141719.483604,6188,4609.0,7767.0,326,303.0,349.0,16862.941176470587,16862.941176470587,16862.941176470587,541.0588235294118,541.0588235294118,541.0588235294118,3066,3066.0,3066.0
BR,2020-03-15,3,Lockdown-Authorize_Schools_but_Restrict_Mass_Gatherings_and_Others-No_Measure,38080905304.51792,38028517120.196144,38133293488.83971,0,15146011610.95652,13989532962.419624,16302490259.493418,60980458.536585376,60980458.536585376,60980458.536585376,39522768489.070625,39479353697.614944,39566183280.52631,75262,56063.0,94461.0,3431,3195.0,3667.0,81871.76470588235,81871.76470588235,81871.76470588235,3139.2352941176473,3139.2352941176473,3139.2352941176473,17789,17789.0,17789.0
BR,2020-03-15,3,Lockdown-Authorize_Schools_but_Restrict_Mass_Gatherings_and_Others-Restrict_Mass_Gatherings,43004782491.1656,42968226185.87059,43041338796.46061,0,10686811314.884718,9869999027.504988,11503623602.26445,48522174.585365854,48522174.585365854,48522174.585365854,39471332849.37841,39441038148.55379,39501627550.20302,52516,39119.0,65913.0,2422,2255.0,2589.0,65430.94117647059,65430.94117647059,65430.94117647059,2455.0588235294117,2455.0588235294117,2455.0588235294117,13912,13912.0,13912.0
BR,2020-03-15,3,Lockdown-Authorize_Schools_but_Restrict_Mass_Gatherings_and_Others-Restrict_Mass_Gatherings_and_Schools,58196388095.01194,58181991508.706314,58210784681.317566,0,4404206204.478411,4068841213.7127447,4739571195.244077,28592004.87804878,28592004.87804878,28592004.87804878,39399346471.37954,39387415827.08972,39411277115.66936,20682,15406.0,25958.0,1000,931.0,1069.0,39051.76470588235,39051.76470588235,39051.76470588235,1372.235294117647,1372.235294117647,1372.235294117647,7776,7776.0,7776.0
BR,2020-03-15,3,Lockdown-Authorize_Schools_but_Restrict_Mass_Gatherings_and_Others-Authorize_Schools_but_Restrict_Mass_Gatherings_and_Others,46251235296.640396,46221697190.73471,46280773402.54608,0,8702831568.632648,8038339284.678041,9367323852.587254,42667931.92682927,42667931.92682927,42667931.92682927,39448538896.67914,39424060271.88057,39473017521.47771,42436,31611.0,53261.0,1973,1837.0,2109.0,57694.882352941175,57694.882352941175,57694.882352941175,2135.117647058824,2135.117647058824,2135.117647058824,12099,12099.0,12099.0
BR,2020-03-15,3,Lockdown-Authorize_Schools_but_Restrict_Mass_Gatherings_and_Others-Restrict_Mass_Gatherings_and_Schools_and_Others,60373653987.60633,60360627205.380585,60386680769.832085,0,4011182661.3597364,3705333254.364498,4317032068.354975,27117321.804878052,27117321.804878052,27117321.804878052,39394893962.166756,39384098492.902245,39405689431.431274,18713,13939.0,23487.0,911,848.0,974.0,37094.0,37094.0,37094.0,1293.0,1293.0,1293.0,7327,7327.0,7327.0
BR,2020-03-15,3,Lockdown-Authorize_Schools_but_Restrict_Mass_Gatherings_and_Others-Lockdown,67530366907.658485,67520368975.09142,67540364840.22555,0,3141299941.087118,2903818675.5942106,3378781206.5800257,23570608.17073171,23570608.17073171,23570608.17073171,39385057286.1507,39376771865.2489,39393342707.052505,14363,10699.0,18027.0,714,665.0,763.0,32377.352941176472,32377.352941176472,32377.352941176472,1103.6470588235295,1103.6470588235295,1103.6470588235295,6254,6254.0,6254.0
BR,2020-03-15,3,Lockdown-Restrict_Mass_Gatherings_and_Schools_and_Others-No_Measure,52095906251.64246,52087433658.67829,52104378844.606636,0,2602476484.328605,2403447078.565351,2801505890.09186,15347144.195121953,15347144.195121953,15347144.195121953,39380105028.570206,39373083677.06909,39387126380.07132,12173,9068.0,15278.0,591,550.0,632.0,21068.470588235294,21068.470588235294,21068.470588235294,720.529411764706,720.529411764706,720.529411764706,4083,4083.0,4083.0
BR,2020-03-15,3,Lockdown-Restrict_Mass_Gatherings_and_Schools_and_Others-Restrict_Mass_Gatherings,57075186828.80368,57068414211.819115,57081959445.78824,0,2125118479.0494108,1965064293.6718097,2285172664.427012,14011268.780487807,14011268.780487807,14011268.780487807,39374582922.172226,39368970363.581,39380195480.76346,9731,7249.0,12213.0,483,450.0,516.0,19303.529411764706,19303.529411764706,19303.529411764706,647.4705882352941,647.4705882352941,647.4705882352941,3669,3669.0,3669.0
BR,2020-03-15,3,Lockdown-Restrict_Mass_Gatherings_and_Schools_and_Others-Restrict_Mass_Gatherings_and_Schools,72344339169.9926,72339943244.94742,72348735095.03778,0,1449225204.1100106,1338644419.5350385,1559805988.6849823,11872800.36585366,11872800.36585366,11872800.36585366,39366860566.173416,39363217604.09023,39370503528.25661,6316,4705.0,7927.0,330,307.0,353.0,16475.0,16475.0,16475.0,531.0,531.0,531.0,3009,3009.0,3009.0
BR,2020-03-15,3,Lockdown-Restrict_Mass_Gatherings_and_Schools_and_Others-Authorize_Schools_but_Restrict_Mass_Gatherings_and_Others,60346192417.367546,60340172919.757576,60352211914.97752,0,1912986623.959491,1767894668.2233539,2058078579.6956284,13383668.341463417,13383668.341463417,13383668.341463417,39372136190.34479,39367147751.88699,39377124628.80258,8649,6443.0,10855.0,435,405.0,465.0,18476.117647058825,18476.117647058825,18476.117647058825,612.8823529411765,612.8823529411765,612.8823529411765,3473,3473.0,3473.0
BR,2020-03-15,3,Lockdown-Restrict_Mass_Gatherings_and_Schools_and_Others-Restrict_Mass_Gatherings_and_Schools_and_Others,74526402105.55995,74522153529.95763,74530650681.16228,0,1409384039.0098693,1303479918.9258854,1515288159.0938532,11717976.43902439,11717976.43902439,11717976.43902439,39366383430.85402,39362862579.23172,39369904282.47632,6105,4548.0,7662.0,321,299.0,343.0,16266.941176470587,16266.941176470587,16266.941176470587,523.0588235294118,523.0588235294118,523.0588235294118,2964,2964.0,2964.0
BR,2020-03-15,3,Lockdown-Restrict_Mass_Gatherings_and_Schools_and_Others-Lockdown,81693713270.72415,81689789409.63478,81697637131.8135,0,1316636661.5461233,1215940744.1193771,1417332578.9728692,11335958.780487806,11335958.780487806,11335958.780487806,39365329662.80264,39362077906.45527,39368581419.150024,5639,4201.0,7077.0,300,279.0,321.0,15757.058823529413,15757.058823529413,15757.058823529413,502.9411764705883,502.9411764705883,502.9411764705883,2850,2850.0,2850.0
BR,2020-03-15,3,Lockdown-Lockdown-No_Measure,59248337851.77167,59243985585.82067,59252690117.72267,0,1419072645.912095,1312857780.438611,1525287511.385579,10761745.902439024,10761745.902439024,10761745.902439024,39366720365.27388,39363113584.06799,39370327146.47977,6254,4659.0,7849.0,323,301.0,345.0,14938.470588235294,14938.470588235294,14938.470588235294,480.5294117647059,480.5294117647059,480.5294117647059,2723,2723.0,2723.0
BR,2020-03-15,3,Lockdown-Lockdown-Restrict_Mass_Gatherings,64232598294.36272,64228674433.273346,64236522155.45208,0,1299679990.7756715,1203219152.2864134,1396140829.2649298,10426590.658536587,10426590.658536587,10426590.658536587,39365325140.19298,39362073383.845604,39368576896.54036,5637,4199.0,7075.0,296,276.0,316.0,14494.64705882353,14494.64705882353,14494.64705882353,462.3529411764706,462.3529411764706,462.3529411764706,2620,2620.0,2620.0
BR,2020-03-15,3,Lockdown-Lockdown-Restrict_Mass_Gatherings_and_Schools,79508665144.5923,79505355239.51483,79511975049.66977,0,1127307525.683393,1041156784.8753606,1213458266.4914255,9870173.634146342,9870173.634146342,9870173.634146342,39363332930.63663,39360589967.87629,39366075893.396965,4756,3543.0,5969.0,257,239.0,275.0,13757.823529411764,13757.823529411764,13757.823529411764,432.1764705882353,432.1764705882353,432.1764705882353,2449,2449.0,2449.0
BR,2020-03-15,3,Lockdown-Lockdown-Authorize_Schools_but_Restrict_Mass_Gatherings_and_Others,67505789566.32893,67502062171.163376,67509516961.49449,0,1246561163.1455665,1150689105.3943083,1342433220.8968248,10263462.0,10263462.0,10263462.0,39364689713.53539,39361600771.13587,39367778655.93492,5356,3990.0,6722.0,284,264.0,304.0,14274.941176470587,14274.941176470587,14274.941176470587,454.05882352941177,454.05882352941177,454.05882352941177,2573,2573.0,2573.0
BR,2020-03-15,3,Lockdown-Lockdown-Restrict_Mass_Gatherings_and_Schools_and_Others,81691156485.02127,81687884781.65121,81694428188.39134,0,1114160703.317429,1028124447.6528969,1200196958.9819617,9831615.951219512,9831615.951219512,9831615.951219512,39363210820.175735,39360499515.68304,39365922124.66844,4702,3503.0,5901.0,254,236.0,272.0,13706.941176470587,13706.941176470587,13706.941176470587,430.05882352941177,430.05882352941177,430.05882352941177,2437,2437.0,2437.0
BR,2020-03-15,3,Lockdown-Lockdown-Lockdown,88859417235.48387,88856227392.91539,88862607078.05234,0,1092020362.4204898,1010464511.0009452,1173576213.8400342,9734925.146341465,9734925.146341465,9734925.146341465,39362943986.20565,39360300520.85789,39365587451.55341,4584,3415.0,5753.0,249,232.0,266.0,13576.882352941177,13576.882352941177,13576.882352941177,425.11764705882354,425.11764705882354,425.11764705882354,2409,2409.0,2409.0
DE,2020-03-15,3,actual,58780916230.00001,58780916230.00001,58780916230.00001,0,10903205479.36306,,,280895168.95,,,20008573694.18311,,,181623,,,8779,,,574883.0,,,27954.0,,,107321,,
DE,2020-03-15,3,No_Measure-No_Measure-No_Measure,5018012862.563229,4946517693.107348,5089508032.019108,0,54263299171.57807,53844891927.99604,54681706415.16011,1311307688.2441177,1311307688.2441177,1311307688.2441177,22985430369.18311,22936852546.78311,23034008191.58311,1431248,1410856.0,1451640.0,47885,47485.0,48285.0,2601128.882352941,2601128.882352941,2601128.882352941,93341.11764705883,93341.11764705883,93341.11764705883,528933,528933.0,528933.0
DE,2020-03-15,3,No_Measure-No_Measure-Restrict_Mass_Gatherings,9422872065.416138,9360776589.433739,9484967541.398537,0,49957472503.23599,49589364893.639725,50325580112.83226,1206151706.9735293,1206151706.9735293,1206151706.9735293,22537174177.38311,22494983033.18311,22579365321.58311,1243079,1225368.0,1260790.0,44080,43712.0,44448.0,2409647.470588235,2409647.470588235,2409647.470588235,85563.52941176471,85563.52941176471,85563.52941176471,484860,484860.0,484860.0
DE,2020-03-15,3,No_Measure-No_Measure-Restrict_Mass_Gatherings_and_Schools,23470242881.90074,23424482046.684082,23516003717.117405,0,42068755632.51017,41790768718.718094,42488476467.070244,1014704880.7235293,1014704880.7235293,1014704880.7235293,21758251950.18311,21727159475.78311,21789344424.58311,916103,903051.0,929155.0,37130,36820.0,37440.0,2060342.4705882352,2060342.4705882352,2060342.4705882352,71415.52941176471,71415.52941176471,71415.52941176471,404688,404688.0,404688.0
DE,2020-03-15,3,No_Measure-No_Measure-Authorize_Schools_but_Restrict_Mass_Gatherings_and_Others,11751440925.283787,11696830844.887318,11806051005.680254,0,46421018529.155945,45951818979.698105,46748484157.84577,1118532080.682353,1118532080.682353,1118532080.682353,22180137187.98311,22143032040.78311,22217242335.18311,1093202,1077626.0,1108778.0,40902,40560.0,41244.0,2249549.6470588236,2249549.6470588236,2249549.6470588236,79092.35294117648,79092.35294117648,79092.35294117648,448190,448190.0,448190.0
DE,2020-03-15,3,No_Measure-No_Measure-Restrict_Mass_Gatherings_and_Schools_and_Others,25625860887.896442,25580881899.6192,25670839876.173683,0,41690932675.14791,41275779227.927505,41964352201.60032,1004140647.1970589,1004140647.1970589,1004140647.1970589,21720932404.98311,21690371161.18311,21751493648.78311,900437,887608.0,913266.0,36744,36437.0,37051.0,2040819.9411764706,2040819.9411764706,2040819.9411764706,70639.05882352941,70639.05882352941,70639.05882352941,400288,400288.0,400288.0
DE,2020-03-15,3,No_Measure-No_Measure-Lockdown,32276351468.7329,32235688415.802864,32317014521.662937,0,39356019131.705765,38966576739.13279,39745461524.27874,948332467.2705883,948332467.2705883,948332467.2705883,21515131764.78311,21487503009.18311,21542760520.38311,814046,802448.0,825644.0,34708,34418.0,34998.0,1938481.4117647058,1938481.4117647058,1938481.4117647058,66523.58823529413,66523.58823529413,66523.58823529413,376967,376967.0,376967.0
DE,2020-03-15,3,No_Measure-Restrict_Mass_Gatherings-No_Measure,8729009201.981165,8676800759.044352,8781217644.91798,0,41165353859.87442,40884553949.321686,41587887691.195175,993119287.0617647,993119287.0617647,993119287.0617647,22065724886.38311,22030251546.18311,22101198226.58311,1045174,1030283.0,1060065.0,36363,36059.0,36667.0,1990569.2352941176,1990569.2352941176,1990569.2352941176,70339.76470588236,70339.76470588236,70339.76470588236,398592,398592.0,398592.0
DE,2020-03-15,3,No_Measure-Restrict_Mass_Gatherings-Restrict_Mass_Gatherings,13367542470.598341,13321402983.052273,13413681958.144405,0,38527730931.425224,38136923915.25958,38776804026.82287,927035270.1617646,927035270.1617646,927035270.1617646,21776239942.38311,21744890190.38311,21807589694.38311,923654,910494.0,936814.0,33972,33688.0,34256.0,1870543.2352941176,1870543.2352941176,1870543.2352941176,65446.76470588236,65446.76470588236,65446.76470588236,370865,370865.0,370865.0
DE,2020-03-15,3,No_Measure-Restrict_Mass_Gatherings-Restrict_Mass_Gatherings_and_Schools,27750658697.902584,27716068106.40338,27785249289.401787,0,32810897669.07914,32626667347.284813,33136861911.64147,789979161.7941177,789979161.7941177,789979161.7941177,21225441951.58311,21201939166.38311,21248944736.78311,692440,682574.0,702306.0,28996,28754.0,29238.0,1620075.8823529412,1620075.8823529412,1620075.8823529412,55325.117647058825,55325.117647058825,55325.117647058825,313509,313509.0,313509.0
DE,2020-03-15,3,No_Measure-Restrict_Mass_Gatherings-Authorize_Schools_but_Restrict_Mass_Gatherings_and_Others,15869295686.607744,15828176848.466387,15910414524.749102,0,36183780056.017334,35820868869.58568,36404957321.680984,869017681.7029412,869017681.7029412,869017681.7029412,21536874104.18311,21508935662.58311,21564812545.78311,823173,811445.0,834901.0,31868,31602.0,32134.0,1764646.0588235294,1764646.0588235294,1764646.0588235294,61159.941176470595,61159.941176470595,61159.941176470595,346573,346573.0,346573.0
DE,2020-03-15,3,No_Measure-Restrict_Mass_Gatherings-Restrict_Mass_Gatherings_and_Schools_and_Others,29908923764.164032,29875079959.20338,29942767569.124683,0,32423416969.606216,32101967826.543552,32744866112.66888,779058333.8735294,779058333.8735294,779058333.8735294,21189920967.38311,21166925590.78311,21212916343.983112,677529,667876.0,687182.0,28598,28359.0,28837.0,1599713.4705882352,1599713.4705882352,1599713.4705882352,54525.529411764706,54525.529411764706,54525.529411764706,308978,308978.0,308978.0
DE,2020-03-15,3,No_Measure-Restrict_Mass_Gatherings-Lockdown,36662376224.237976,36631379323.82804,36693373124.64791,0,30850891855.815536,30547293959.39153,31154489752.239536,741415957.332353,741415957.332353,741415957.332353,21054078394.58311,21033017364.38311,21075139424.78311,620505,611664.0,629346.0,27224,26997.0,27451.0,1530470.6470588236,1530470.6470588236,1530470.6470588236,51753.352941176476,51753.352941176476,51753.352941176476,293269,293269.0,293269.0
DE,2020-03-15,3,No_Measure-Restrict_Mass_Gatherings_and_Schools-No_Measure,21731313613.4672,21710326457.505898,21752300769.428505,0,19851943831.206505,19655111062.809464,19907042678.835545,469867548.5,469867548.5,469867548.5,20576726011.98311,20562466162.78311,20590985861.18311,420122,414136.0,426108.0,17447,17301.0,17593.0,980770.0,980770.0,980770.0,32613.000000000004,32613.000000000004,32613.000000000004,184807,184807.0,184807.0
DE,2020-03-15,3,No_Measure-Restrict_Mass_Gatherings_and_Schools-Restrict_Mass_Gatherings,26696402961.835754,26676835752.109722,26715970171.561787,0,19213769337.91532,19024723174.55106,19261081580.51159,454442397.7970588,454442397.7970588,454442397.7970588,20509121558.18311,20495826499.98311,20522416616.38311,391743,386162.0,397324.0,16890,16749.0,17031.0,952743.9411764706,952743.9411764706,952743.9411764706,31471.058823529413,31471.058823529413,31471.058823529413,178336,178336.0,178336.0
DE,2020-03-15,3,No_Measure-Restrict_Mass_Gatherings_and_Schools-Restrict_Mass_Gatherings_and_Schools,41713561996.609085,41696508617.625496,41730615375.59268,0,17860828780.044506,17827469681.099236,18035921799.75778,424542831.61176467,424542831.61176467,424542831.61176467,20389127761.983112,20377540741.18311,20400714782.78311,341372,336508.0,346236.0,15804,15672.0,15936.0,898056.2352941176,898056.2352941176,898056.2352941176,29263.764705882353,29263.764705882353,29263.764705882353,165828,165828.0,165828.0
DE,2020-03-15,3,No_Measure-Restrict_Mass_Gatherings_and_Schools-Authorize_Schools_but_Restrict_Mass_Gatherings_and_Others,29474624968.91241,29456137619.5332,29493112318.29162,0,18593887747.489204,18552721128.37516,18776788287.37125,442120662.61764705,442120662.61764705,442120662.61764705,20457604100.983112,20445042760.38311,20470165441.58311,370117,364844.0,375390.0,16443,16306.0,16580.0,930252.3529411765,930252.3529411765,930252.3529411765,30560.64705882353,30560.64705882353,30560.64705882353,173177,173177.0,173177.0
DE,2020-03-15,3,No_Measure-Restrict_Mass_Gatherings_and_Schools-Restrict_Mass_Gatherings_and_Schools_and_Others,43917942008.135994,43900976280.15458,43934907736.11741,0,17805151208.167747,17771922828.822475,17980113508.281017,423409151.4852941,423409151.4852941,423409151.4852941,20384939854.38311,20373412388.58311,20396467320.18311,339614,334775.0,344453.0,15763,15631.0,15895.0,895969.7058823529,895969.7058823529,895969.7058823529,29180.29411764706,29180.29411764706,29180.29411764706,165355,165355.0,165355.0
DE,2020-03-15,3,No_Measure-Restrict_Mass_Gatherings_and_Schools-Lockdown,50829990191.549324,50813613478.30254,50846366904.79611,0,17563246775.634106,17392564279.7405,17733929271.52771,415637492.0588236,415637492.0588236,415637492.0588236,20356856098.58311,20345728842.38311,20367983354.78311,327825,323154.0,332496.0,15479,15350.0,15608.0,881681.1764705882,881681.1764705882,881681.1764705882,28607.823529411766,28607.823529411766,28607.823529411766,162111,162111.0,162111.0
DE,2020-03-15,3,No_Measure-Authorize_Schools_but_Restrict_Mass_Gatherings_and_Others-No_Measure,10518640097.782047,10481595278.221886,10555684917.342209,0,31084832041.921688,30769946914.092575,31257983248.9828,744734318.1205883,744734318.1205883,744734318.1205883,21342503259.58311,21317332934.38311,21367673584.78311,741580,731014.0,752146.0,27372,27143.0,27601.0,1513590.4117647058,1513590.4117647058,1513590.4117647058,52390.58823529412,52390.58823529412,52390.58823529412,296880,296880.0,296880.0
DE,2020-03-15,3,No_Measure-Authorize_Schools_but_Restrict_Mass_Gatherings_and_Others-Restrict_Mass_Gatherings,15362949871.190538,15329042957.50832,15396856784.872757,0,29733660335.362232,29434792864.23867,30032527806.485798,712778330.6294117,712778330.6294117,712778330.6294117,21192834397.98311,21169796141.78311,21215872654.18311,678752,669081.0,688423.0,26220,26001.0,26439.0,1455964.5882352942,1455964.5882352942,1455964.5882352942,50017.41176470589,50017.41176470589,50017.41176470589,283432,283432.0,283432.0
DE,2020-03-15,3,No_Measure-Authorize_Schools_but_Restrict_Mass_Gatherings_and_Others-Restrict_Mass_Gatherings_and_Schools,30052578147.068283,30025855109.524506,30079301184.61206,0,26207481735.993023,26090540491.119892,26466156901.63415,628168475.932353,628168475.932353,628168475.932353,20850297859.98311,20832140731.58311,20868454988.38311,534962,527340.0,542584.0,23148,22955.0,23341.0,1301434.6470588236,1301434.6470588236,1301434.6470588236,43767.352941176476,43767.352941176476,43767.352941176476,248015,248015.0,248015.0
DE,2020-03-15,3,No_Measure-Authorize_Schools_but_Restrict_Mass_Gatherings_and_Others-Authorize_Schools_but_Restrict_Mass_Gatherings_and_Others,18009330746.83237,17978382930.983654,18040278562.68109,0,28342344739.501915,28059228257.099903,28625461221.903927,679555446.6735294,679555446.6735294,679555446.6735294,21051736691.98311,21030709012.58311,21072764371.38311,619522,610695.0,628349.0,25016,24807.0,25225.0,1395505.4705882352,1395505.4705882352,1395505.4705882352,47559.529411764706,47559.529411764706,47559.529411764706,269504,269504.0,269504.0
DE,2020-03-15,3,No_Measure-Authorize_Schools_but_Restrict_Mass_Gatherings_and_Others-Restrict_Mass_Gatherings_and_Schools_and_Others,32240406143.344048,32214005661.48828,32266806625.199814,0,26135065834.318768,25878005506.308193,26250392241.561344,623793073.75,623793073.75,623793073.75,20834863586.18311,20816925620.18311,20852801552.18311,528483,520953.0,536013.0,22989,22797.0,23181.0,1293335.0,1293335.0,1293335.0,43446.0,43446.0,43446.0,246194,246194.0,246194.0
DE,2020-03-15,3,No_Measure-Authorize_Schools_but_Restrict_Mass_Gatherings_and_Others-Lockdown,39072513106.731705,39047841102.63888,39097185110.82454,0,25173031461.446926,24926485450.46624,25419577472.42762,601485318.5617647,601485318.5617647,601485318.5617647,20752463288.18311,20735699746.78311,20769226829.58311,493893,486856.0,500930.0,22175,21990.0,22360.0,1252439.2352941176,1252439.2352941176,1252439.2352941176,41800.76470588236,41800.76470588236,41800.76470588236,236871,236871.0,236871.0
DE,2020-03-15,3,No_Measure-Restrict_Mass_Gatherings_and_Schools_and_Others-No_Measure,23884617633.00542,23864447384.384407,23904787881.62643,0,19166804056.770866,18976858542.5586,19356749570.98313,455185380.3705883,455185380.3705883,455185380.3705883,20537834214.78311,20524129418.18311,20551539011.38311,403796,398043.0,409549.0,16918,16777.0,17059.0,952015.4117647059,952015.4117647059,952015.4117647059,31561.58823529412,31561.58823529412,31561.58823529412,178849,178849.0,178849.0
DE,2020-03-15,3,No_Measure-Restrict_Mass_Gatherings_and_Schools_and_Others-Restrict_Mass_Gatherings,28856049407.891518,28837207948.46351,28874890867.319523,0,18574369697.817448,18390941050.751404,18757798344.883495,440661031.6147059,440661031.6147059,440661031.6147059,20474539160.78311,20461737217.98311,20487341103.58311,377226,371852.0,382600.0,16393,16256.0,16530.0,925604.2941176471,925604.2941176471,925604.2941176471,30486.705882352944,30486.705882352944,30486.705882352944,172758,172758.0,172758.0
DE,2020-03-15,3,No_Measure-Restrict_Mass_Gatherings_and_Schools_and_Others-Restrict_Mass_Gatherings_and_Schools,43885682933.29471,43869180002.60479,43902185863.98463,0,17461132339.365486,17291395396.750435,17630869281.980534,412667014.5117647,412667014.5117647,412667014.5117647,20363021232.18311,20351808216.78311,20374234247.58311,330413,325706.0,335120.0,15377,15249.0,15505.0,874362.2352941176,874362.2352941176,874362.2352941176,28420.764705882353,28420.764705882353,28420.764705882353,161051,161051.0,161051.0
DE,2020-03-15,3,No_Measure-Restrict_Mass_Gatherings_and_Schools_and_Others-Authorize_Schools_but_Restrict_Mass_Gatherings_and_Others,31639439318.056538,31621604092.133526,31657274543.97955,0,18135675361.84687,17958282533.799046,18313068189.8947,429089171.5735294,429089171.5735294,429089171.5735294,20426533066.38311,20414414814.98311,20438651317.78311,357074,351987.0,362161.0,15974,15841.0,16107.0,904491.4705882353,904491.4705882353,904491.4705882353,29631.529411764706,29631.529411764706,29631.529411764706,167912,167912.0,167912.0
DE,2020-03-15,3,No_Measure-Restrict_Mass_Gatherings_and_Schools_and_Others-Restrict_Mass_Gatherings_and_Schools_and_Others,46090518730.03293,46074096438.265015,46106941021.80084,0,17408402088.413837,17238785407.830788,17578018768.996887,411606436.3705883,411606436.3705883,411606436.3705883,20359143010.58311,20347984785.78311,20370301235.38311,328785,324101.0,333469.0,15338,15210.0,15466.0,872415.4117647059,872415.4117647059,872415.4117647059,28342.58823529412,28342.58823529412,28342.58823529412,160608,160608.0,160608.0
DE,2020-03-15,3,No_Measure-Restrict_Mass_Gatherings_and_Schools_and_Others-Lockdown,53005732867.6449,52989854012.090485,53021611723.19932,0,17051027327.612741,16884488687.554802,17217565967.67068,404349424.5294118,404349424.5294118,404349424.5294118,20333210381.38311,20322421397.58311,20343999365.18311,317899,313370.0,322428.0,15073,14947.0,15199.0,859050.5882352941,859050.5882352941,859050.5882352941,27808.411764705885,27808.411764705885,27808.411764705885,157581,157581.0,157581.0
DE,2020-03-15,3,No_Measure-Lockdown-No_Measure,30400609504.021046,30386669488.634785,30414549519.407303,0,14703882213.074312,14560643301.614363,14847121124.534262,344522821.4882353,344522821.4882353,344522821.4882353,20240647618.18311,20231175990.98311,20250119245.38311,279043,275067.0,283019.0,12932,12824.0,13040.0,735557.7647058824,735557.7647058824,735557.7647058824,23632.235294117647,23632.235294117647,23632.235294117647,133916,133916.0,133916.0
DE,2020-03-15,3,No_Measure-Lockdown-Restrict_Mass_Gatherings,35444164029.538605,35430525533.59984,35457802525.47738,0,14551199261.084919,14409543814.551525,14692854707.618313,341538140.1882353,341538140.1882353,341538140.1882353,20226356800.38311,20217090042.38311,20235623558.38311,273044,269154.0,276934.0,12825,12718.0,12932.0,730195.7647058824,730195.7647058824,730195.7647058824,23410.235294117647,23410.235294117647,23410.235294117647,132658,132658.0,132658.0
DE,2020-03-15,3,No_Measure-Lockdown-Restrict_Mass_Gatherings_and_Schools,50588848260.39957,50575907466.438126,50601789054.361,0,14140137470.891506,14143524052.147223,14278484810.403788,333328718.30588233,333328718.30588233,333328718.30588233,20193010764.78311,20184218064.58311,20201803464.98311,259046,255355.0,262737.0,12527,12422.0,12632.0,715198.1176470588,715198.1176470588,715198.1176470588,22803.88235294118,22803.88235294118,22803.88235294118,129222,129222.0,129222.0
DE,2020-03-15,3,No_Measure-Lockdown-Authorize_Schools_but_Restrict_Mass_Gatherings_and_Others,38270085712.000084,38256846904.63124,38283324519.36893,0,14308578442.668669,14168652867.013832,14448504018.323507,336657686.7705882,336657686.7705882,336657686.7705882,20207249174.18311,20198253986.983112,20216244361.38311,265023,261247.0,268799.0,12648,12542.0,12754.0,721231.4117647059,721231.4117647059,721231.4117647059,23050.58823529412,23050.58823529412,23050.58823529412,130620,130620.0,130620.0
DE,2020-03-15,3,No_Measure-Lockdown-Restrict_Mass_Gatherings_and_Schools_and_Others,52797091928.10243,52784186194.54187,52809997661.663,0,14118566756.546623,14123139415.144896,14255728018.71635,332878552.2558824,332878552.2558824,332878552.2558824,20191448041.58311,20182679163.38311,20200216919.78311,258390,254709.0,262071.0,12511,12407.0,12615.0,714361.1176470588,714361.1176470588,714361.1176470588,22770.88235294118,22770.88235294118,22770.88235294118,129035,129035.0,129035.0
DE,2020-03-15,3,No_Measure-Lockdown-Lockdown,59736704598.68044,59723995203.36475,59749413993.99613,0,14126388292.291115,13989519842.025387,14121522821.788843,330150869.37941176,330150869.37941176,330150869.37941176,20182093142.18311,20173457667.18311,20190728617.18311,254463,250838.0,258088.0,12411,12307.0,12515.0,709319.5882352941,709319.5882352941,709319.5882352941,22570.411764705885,22570.411764705885,22570.411764705885,127899,127899.0,127899.0
DE,2020-03-15,3,Restrict_Mass_Gatherings-No_Measure-No_Measure,8415372879.950702,8367631132.084837,8463114627.816567,0,36318953631.29716,35945031482.386955,36551141859.43936,870339830.9794118,870339830.9794118,870339830.9794118,21852622803.18311,21820184385.78311,21885061220.58311,955718,942101.0,969335.0,32001,31734.0,32268.0,1731383.5882352942,1731383.5882352942,1731383.5882352942,61867.41176470589,61867.41176470589,61867.41176470589,350582,350582.0,350582.0
DE,2020-03-15,3,Restrict_Mass_Gatherings-No_Measure-Restrict_Mass_Gatherings,13045291808.073904,13003745233.041924,13086838383.105886,0,33472327763.66932,33272054586.90621,33814334861.20042,802939086.8323529,802939086.8323529,802939086.8323529,21557284793.78311,21529055723.78311,21585513863.78311,831741,819891.0,843591.0,29562,29315.0,29809.0,1608940.6470588236,1608940.6470588236,1608940.6470588236,56877.352941176476,56877.352941176476,56877.352941176476,322305,322305.0,322305.0
DE,2020-03-15,3,Restrict_Mass_Gatherings-No_Measure-Restrict_Mass_Gatherings_and_Schools,27441408432.021065,27411224932.911335,27471591931.1308,0,28073079704.515835,27793370676.03093,28211054812.232735,669620968.7941177,669620968.7941177,669620968.7941177,21015320000.58311,20994811640.78311,21035828360.38311,604235,595626.0,612844.0,24724,24517.0,24931.0,1365575.8823529412,1365575.8823529412,1365575.8823529412,47027.117647058825,47027.117647058825,47027.117647058825,266487,266487.0,266487.0
DE,2020-03-15,3,Restrict_Mass_Gatherings-No_Measure-Authorize_Schools_but_Restrict_Mass_Gatherings_and_Others,15573087889.850191,15536190323.973686,15609985455.726696,0,31413248617.867874,31096315519.961655,31588447795.0061,750835476.0,750835476.0,750835476.0,21335613937.18311,21310543664.38311,21360684209.98311,738688,728164.0,749212.0,27675,27444.0,27906.0,1514160.0,1514160.0,1514160.0,53022.0,53022.0,53022.0,300458,300458.0,300458.0
DE,2020-03-15,3,Restrict_Mass_Gatherings-No_Measure-Restrict_Mass_Gatherings_and_Schools_and_Others,29617000348.3929,29587314706.975533,29646685989.810265,0,27746576897.2015,27469877935.049713,28023275859.353294,662986224.3911765,662986224.3911765,662986224.3911765,20991571848.78311,20971401761.38311,21011741936.18311,594266,585799.0,602733.0,24482,24277.0,24687.0,1353331.8235294118,1353331.8235294118,1353331.8235294118,46539.17647058824,46539.17647058824,46539.17647058824,263722,263722.0,263722.0
DE,2020-03-15,3,Restrict_Mass_Gatherings-No_Measure-Lockdown,36360358919.05612,36333667435.87312,36387050402.23911,0,26087569375.61385,25970675189.796722,26346197482.198982,623608677.2911764,623608677.2911764,623608677.2911764,20848870922.18311,20830735233.58311,20867006610.78311,534363,526750.0,541976.0,23045,22852.0,23238.0,1280957.8235294118,1280957.8235294118,1280957.8235294118,43638.17647058824,43638.17647058824,43638.17647058824,247283,247283.0,247283.0
DE,2020-03-15,3,Restrict_Mass_Gatherings-Restrict_Mass_Gatherings-No_Measure,12575230001.517963,12540379963.052319,12610080039.98361,0,27684031901.99974,27542498651.286503,27967299073.480976,661867263.6029412,661867263.6029412,661867263.6029412,21237898475.38311,21214219407.38311,21261577543.38311,697669,687729.0,707609.0,24450,24246.0,24654.0,1332132.0588235294,1332132.0588235294,1332132.0588235294,46783.941176470595,46783.941176470595,46783.941176470595,265109,265109.0,265109.0
DE,2020-03-15,3,Restrict_Mass_Gatherings-Restrict_Mass_Gatherings-Restrict_Mass_Gatherings,17346263537.106335,17315596204.464584,17376930869.748085,0,25808621884.853745,25688065836.98572,26070911853.48976,616463926.882353,616463926.882353,616463926.882353,21038441633.78311,21017604530.38311,21059278737.18311,613941,605194.0,622688.0,22807,22616.0,22998.0,1249657.6470588236,1249657.6470588236,1249657.6470588236,43422.352941176476,43422.352941176476,43422.352941176476,246060,246060.0,246060.0
DE,2020-03-15,3,Restrict_Mass_Gatherings-Restrict_Mass_Gatherings-Restrict_Mass_Gatherings_and_Schools,31960385733.668568,31937975125.431908,31982796341.905228,0,21650570834.038918,21577476047.070103,21865399541.77573,515796129.5617647,515796129.5617647,515796129.5617647,20644602036.58311,20629375014.18311,20659829058.98311,448615,442223.0,455007.0,19152,18992.0,19312.0,1065059.2352941176,1065059.2352941176,1065059.2352941176,35998.76470588236,35998.76470588236,35998.76470588236,203993,203993.0,203993.0
DE,2020-03-15,3,Restrict_Mass_Gatherings-Restrict_Mass_Gatherings-Authorize_Schools_but_Restrict_Mass_Gatherings_and_Others,19962864108.24845,19935580104.29074,19990148112.20616,0,24279932491.436523,24036293773.391163,24523571209.48188,577495106.5647058,577495106.5647058,577495106.5647058,20877109520.98311,20858571240.58311,20895647801.38311,546217,538435.0,553999.0,21396,21217.0,21575.0,1178547.294117647,1178547.294117647,1178547.294117647,40542.705882352944,40542.705882352944,40542.705882352944,229742,229742.0,229742.0
DE,2020-03-15,3,Restrict_Mass_Gatherings-Restrict_Mass_Gatherings-Restrict_Mass_Gatherings_and_Schools_and_Others,34212013141.409065,34189017024.47786,34235009258.340267,0,22168758894.480614,21949655611.308136,22387862177.653095,526839691.94705886,526839691.94705886,526839691.94705886,20672516656.18311,20656891806.38311,20688141505.98311,460333,453774.0,466892.0,19555,19392.0,19718.0,1086134.9411764706,1086134.9411764706,1086134.9411764706,36799.05882352941,36799.05882352941,36799.05882352941,208528,208528.0,208528.0
DE,2020-03-15,3,Restrict_Mass_Gatherings-Restrict_Mass_Gatherings-Lockdown,41028924927.05929,41007874662.37641,41049975191.74216,0,21053677178.958946,20987146318.192352,21261941960.49354,501381310.54117644,501381310.54117644,501381310.54117644,20579791903.38311,20565489174.58311,20594094632.18311,421409,415405.0,427413.0,18626,18470.0,18782.0,1039362.8235294118,1039362.8235294118,1039362.8235294118,34923.17647058824,34923.17647058824,34923.17647058824,197898,197898.0,197898.0
DE,2020-03-15,3,Restrict_Mass_Gatherings-Restrict_Mass_Gatherings_and_Schools-No_Measure,26330677402.231438,26316320168.074818,26345034636.38806,0,13816884609.935976,13821560130.963356,13953943009.676594,324072788.2647059,324072788.2647059,324072788.2647059,20260627129.58311,20250872020.58311,20270382238.58311,287430,283335.0,291525.0,12236,12134.0,12338.0,681645.2941176471,681645.2941176471,681645.2941176471,22404.705882352944,22404.705882352944,22404.705882352944,126960,126960.0,126960.0
DE,2020-03-15,3,Restrict_Mass_Gatherings-Restrict_Mass_Gatherings_and_Schools-Restrict_Mass_Gatherings,31334967784.813717,31321469530.47843,31348466039.149002,0,13493409578.126244,13361033598.973291,13625785557.279198,314885829.9794118,314885829.9794118,314885829.9794118,20219658053.98311,20210486583.98311,20228829523.98311,270232,266382.0,274082.0,11905,11806.0,12004.0,664963.5882352941,664963.5882352941,664963.5882352941,21724.411764705885,21724.411764705885,21724.411764705885,123105,123105.0,123105.0
DE,2020-03-15,3,Restrict_Mass_Gatherings-Restrict_Mass_Gatherings_and_Schools-Restrict_Mass_Gatherings_and_Schools,46419505897.98069,46407564325.44407,46431447470.5173,0,12719414961.24567,12595029509.701492,12843800412.789846,296612924.7705882,296612924.7705882,296612924.7705882,20145445377.38311,20137331604.18311,20153559150.58311,239079,235673.0,242485.0,11241,11147.0,11335.0,631591.4117647059,631591.4117647059,631591.4117647059,20374.58823529412,20374.58823529412,20374.58823529412,115456,115456.0,115456.0
DE,2020-03-15,3,Restrict_Mass_Gatherings-Restrict_Mass_Gatherings_and_Schools-Authorize_Schools_but_Restrict_Mass_Gatherings_and_Others,34142524829.299026,34129689216.540203,34155360442.057854,0,13259691886.148373,13130571726.176529,13247078125.352215,307433090.44411767,307433090.44411767,307433090.44411767,20188072464.18311,20179351229.983112,20196793698.38311,256973,253312.0,260634.0,11635,11538.0,11732.0,651396.8823529412,651396.8823529412,651396.8823529412,21173.117647058825,21173.117647058825,21173.117647058825,119981,119981.0,119981.0
DE,2020-03-15,3,Restrict_Mass_Gatherings-Restrict_Mass_Gatherings_and_Schools-Restrict_Mass_Gatherings_and_Schools_and_Others,48626231450.32586,48614342468.39055,48638120432.26117,0,12685376077.905792,12561069058.121616,12809683097.68997,295918579.42941177,295918579.42941177,295918579.42941177,20142851161.58311,20134773121.38311,20150929201.78311,237990,234599.0,241381.0,11216,11122.0,11310.0,630316.5882352941,630316.5882352941,630316.5882352941,20323.411764705885,20323.411764705885,20323.411764705885,115166,115166.0,115166.0
DE,2020-03-15,3,Restrict_Mass_Gatherings-Restrict_Mass_Gatherings_and_Schools-Lockdown,55550042398.23136,55538577647.14659,55561507149.31614,0,12544914638.881226,12423507880.966158,12524587476.028294,290173522.6029412,290173522.6029412,290173522.6029412,20122759686.78311,20114969892.78311,20130549480.78311,229556,226286.0,232826.0,11006,10914.0,11098.0,619712.0588235294,619712.0588235294,619712.0588235294,19900.94117647059,19900.94117647059,19900.94117647059,112772,112772.0,112772.0
DE,2020-03-15,3,Restrict_Mass_Gatherings-Authorize_Schools_but_Restrict_Mass_Gatherings_and_Others-No_Measure,14763658933.064655,14738292733.03458,14789025133.09473,0,21379625528.337486,21304390455.461784,21596594521.98119,508267600.4676471,508267600.4676471,508267600.4676471,20785642569.78311,20768407352.78311,20802877786.78311,507821,500586.0,515056.0,18890,18732.0,19048.0,1037501.3529411765,1037501.3529411765,1037501.3529411765,35678.64705882353,35678.64705882353,35678.64705882353,202179,202179.0,202179.0
DE,2020-03-15,3,Restrict_Mass_Gatherings-Authorize_Schools_but_Restrict_Mass_Gatherings_and_Others-Restrict_Mass_Gatherings,19665334534.378067,19642289332.885643,19688379735.87049,0,20436003404.311676,20230432392.19386,20641574416.429493,484209518.4676471,484209518.4676471,484209518.4676471,20674951264.58311,20659293063.98311,20690609465.18311,461355,454782.0,467928.0,18022,17871.0,18173.0,994021.3529411765,994021.3529411765,994021.3529411765,33893.64705882353,33893.64705882353,33893.64705882353,192064,192064.0,192064.0
DE,2020-03-15,3,Restrict_Mass_Gatherings-Authorize_Schools_but_Restrict_Mass_Gatherings_and_Others-Restrict_Mass_Gatherings_and_Schools,34511437379.34251,34493346212.49313,34529528546.19188,0,18071748804.506462,17893974275.22664,18107789413.01829,425580066.0441177,425580066.0441177,425580066.0441177,20438732312.58311,20426440160.58311,20451024464.58311,362195,357035.0,367355.0,15894,15761.0,16027.0,886860.8823529412,886860.8823529412,886860.8823529412,29564.117647058825,29564.117647058825,29564.117647058825,167530,167530.0,167530.0
DE,2020-03-15,3,Restrict_Mass_Gatherings-Authorize_Schools_but_Restrict_Mass_Gatherings_and_Others-Authorize_Schools_but_Restrict_Mass_Gatherings_and_Others,22366087079.690445,22345226141.172276,22386948018.20861,0,19456842325.46944,19263599161.804066,19508351568.36682,459064418.5117647,459064418.5117647,459064418.5117647,20570796716.18311,20556622626.18311,20584970806.18311,417633,411683.0,423583.0,17110,16967.0,17253.0,948122.2352941176,948122.2352941176,948122.2352941176,32035.764705882357,32035.764705882357,32035.764705882357,181536,181536.0,181536.0
DE,2020-03-15,3,Restrict_Mass_Gatherings-Authorize_Schools_but_Restrict_Mass_Gatherings_and_Others-Restrict_Mass_Gatherings_and_Schools_and_Others,36709243565.70612,36691331206.90119,36727155924.51105,0,17955246735.01473,17778872663.221455,18131620806.808,423233838.7823529,423233838.7823529,423233838.7823529,20430077779.98311,20417907120.18311,20442248439.78311,358562,353453.0,363671.0,15808,15676.0,15940.0,882543.6470588235,882543.6470588235,882543.6470588235,29391.352941176472,29391.352941176472,29391.352941176472,166551,166551.0,166551.0
DE,2020-03-15,3,Restrict_Mass_Gatherings-Authorize_Schools_but_Restrict_Mass_Gatherings_and_Others-Lockdown,43555357159.24169,43538973433.914734,43571740884.56865,0,17033375775.766327,16867217980.314941,17199533571.217712,401394399.88235295,401394399.88235295,401394399.88235295,20357194370.98311,20346062350.38311,20368326391.58311,327967,323294.0,332640.0,15011,14886.0,15136.0,841997.6470588235,841997.6470588235,841997.6470588235,27789.352941176472,27789.352941176472,27789.352941176472,157473,157473.0,157473.0
DE,2020-03-15,3,Restrict_Mass_Gatherings-Restrict_Mass_Gatherings_and_Schools_and_Others-No_Measure,28502864953.67871,28489054661.775673,28516675245.581745,0,13506856886.854807,13374015545.925856,13639698227.78376,314404717.6823529,314404717.6823529,314404717.6823529,20234565861.58311,20225182375.78311,20243949347.38311,276490,272551.0,280429.0,11888,11789.0,11987.0,662769.6470588235,662769.6470588235,662769.6470588235,21711.352941176472,21711.352941176472,21711.352941176472,123031,123031.0,123031.0
DE,2020-03-15,3,Restrict_Mass_Gatherings-Restrict_Mass_Gatherings_and_Schools_and_Others-Restrict_Mass_Gatherings,33512014707.82169,33498993274.938248,33525036140.70513,0,13077239766.464952,13089576401.70911,13206637051.988796,305923146.8352941,305923146.8352941,305923146.8352941,20196898515.18311,20188051024.38311,20205746005.98311,260678,256964.0,264392.0,11582,11485.0,11679.0,647368.7058823529,647368.7058823529,647368.7058823529,21083.29411764706,21083.29411764706,21083.29411764706,119472,119472.0,119472.0
DE,2020-03-15,3,Restrict_Mass_Gatherings-Restrict_Mass_Gatherings_and_Schools_and_Others-Restrict_Mass_Gatherings_and_Schools,48605314415.1663,48593723446.63839,48616905383.69421,0,12373001355.928131,12393140282.557064,12494596350.067202,289011227.63823533,289011227.63823533,289011227.63823533,20128638956.38311,20120763403.18311,20136514509.58311,232024,228718.0,235330.0,10968,10876.0,11060.0,616468.7647058824,616468.7647058824,616468.7647058824,19834.235294117647,19834.235294117647,19834.235294117647,112394,112394.0,112394.0
DE,2020-03-15,3,Restrict_Mass_Gatherings-Restrict_Mass_Gatherings_and_Schools_and_Others-Authorize_Schools_but_Restrict_Mass_Gatherings_and_Others,36323473974.92393,36311059086.975555,36335888862.87231,0,12874285080.135294,12748059953.24856,13000510207.022024,299073753.16764706,299073753.16764706,299073753.16764706,20167964313.98311,20159528943.78311,20176399684.18311,248532,244991.0,252073.0,11334,11239.0,11429.0,634899.3529411765,634899.3529411765,634899.3529411765,20576.64705882353,20576.64705882353,20576.64705882353,116601,116601.0,116601.0
DE,2020-03-15,3,Restrict_Mass_Gatherings-Restrict_Mass_Gatherings_and_Schools_and_Others-Restrict_Mass_Gatherings_and_Schools_and_Others,50812509776.883125,50800967892.916435,50824051660.849815,0,12343064498.15192,12364410417.259409,12463452499.812433,288404929.9794118,288404929.9794118,288404929.9794118,20126363955.38311,20118521752.98311,20134206157.78311,231069,227777.0,234361.0,10946,10855.0,11037.0,615363.5882352941,615363.5882352941,615363.5882352941,19789.411764705885,19789.411764705885,19789.411764705885,112140,112140.0,112140.0
DE,2020-03-15,3,Restrict_Mass_Gatherings-Restrict_Mass_Gatherings_and_Schools_and_Others-Lockdown,57738999339.41517,57727839613.81797,57750159065.01237,0,12227006061.149345,12108321786.44739,12345690335.851301,283151508.8264706,283151508.8264706,283151508.8264706,20108092481.38311,20100509938.78311,20115675023.98311,223399,220216.0,226582.0,10754,10664.0,10844.0,605644.5294117647,605644.5294117647,605644.5294117647,19403.470588235294,19403.470588235294,19403.470588235294,109953,109953.0,109953.0
DE,2020-03-15,3,Restrict_Mass_Gatherings-Lockdown-No_Measure,35190908729.88796,35180877949.19881,35200939510.57712,0,10777834416.322294,10673305494.596443,10740629417.280146,246837246.87352943,246837246.87352943,246837246.87352943,20054280965.58311,20047465491.38311,20061096439.78311,200810,197949.0,203671.0,9455,9376.0,9534.0,530453.4705882353,530453.4705882353,530453.4705882353,16872.529411764706,16872.529411764706,16872.529411764706,95611,95611.0,95611.0
DE,2020-03-15,3,Restrict_Mass_Gatherings-Lockdown-Restrict_Mass_Gatherings,40233183550.773735,40223471819.732506,40242895281.81497,0,10596032010.11158,10493112697.232283,10698951322.990875,243211966.86764705,243211966.86764705,243211966.86764705,20039120644.78311,20032521950.78311,20045719338.78311,194446,191676.0,197216.0,9324,9246.0,9402.0,523837.35294117645,523837.35294117645,523837.35294117645,16604.64705882353,16604.64705882353,16604.64705882353,94093,94093.0,94093.0
DE,2020-03-15,3,Restrict_Mass_Gatherings-Lockdown-Restrict_Mass_Gatherings_and_Schools,55400863898.565895,55391523807.773895,55410203989.357895,0,10387066660.552317,10285835388.279575,10488297932.825058,239065762.2117647,239065762.2117647,239065762.2117647,20021399458.98311,20015053278.18311,20027745639.78311,187007,184343.0,189671.0,9174,9097.0,9251.0,516300.23529411765,516300.23529411765,516300.23529411765,16297.764705882353,16297.764705882353,16297.764705882353,92354,92354.0,92354.0
DE,2020-03-15,3,Restrict_Mass_Gatherings-Lockdown-Authorize_Schools_but_Restrict_Mass_Gatherings_and_Others,43084043696.374664,43074377543.85456,43093709848.89476,0,10591284274.23958,10488432935.552282,10694135612.926874,243188087.53529412,243188087.53529412,243188087.53529412,20036957607.18311,20030389881.78311,20043525332.58311,193538,190781.0,196295.0,9324,9246.0,9402.0,523886.70588235295,523886.70588235295,523886.70588235295,16601.29411764706,16601.29411764706,16601.29411764706,94074,94074.0,94074.0
DE,2020-03-15,3,Restrict_Mass_Gatherings-Lockdown-Restrict_Mass_Gatherings_and_Schools_and_Others,57610012124.61124,57600689564.01967,57619334685.2028,0,10373647709.494766,10273576370.644579,10473719048.344952,238793830.06764707,238793830.06764707,238793830.06764707,20020451343.38311,20014117073.58311,20026785613.18311,186609,183950.0,189268.0,9164,9088.0,9240.0,515805.35294117645,515805.35294117645,515805.35294117645,16277.64705882353,16277.64705882353,16277.64705882353,92240,92240.0,92240.0
DE,2020-03-15,3,Restrict_Mass_Gatherings-Lockdown-Lockdown,64553898658.055405,64544712833.02724,64563084483.08357,0,10280122897.24391,10180255480.969723,10379990313.518095,236896377.2794118,236896377.2794118,236896377.2794118,20014000345.78311,20007758981.78311,20020241709.78311,183901,181281.0,186521.0,9094,9018.0,9170.0,512285.5882352941,512285.5882352941,512285.5882352941,16138.411764705883,16138.411764705883,16138.411764705883,91451,91451.0,91451.0
DE,2020-03-15,3,Restrict_Mass_Gatherings_and_Schools-No_Measure-No_Measure,21042909654.447823,21031732398.65019,21054086910.245457,0,9313994044.080233,9220226994.514486,9407761093.645975,209916958.61764705,209916958.61764705,209916958.61764705,20108985806.38311,20101391352.78311,20116580259.983112,223774,220586.0,226962.0,8183,8115.0,8251.0,430412.35294117645,430412.35294117645,430412.35294117645,14702.64705882353,14702.64705882353,14702.64705882353,83315,83315.0,83315.0
DE,2020-03-15,3,Restrict_Mass_Gatherings_and_Schools-No_Measure-Restrict_Mass_Gatherings,26011953816.034615,26002136903.790768,26021770728.278458,0,8711196146.207483,8623993022.843956,8798399269.571009,195246960.12647057,195246960.12647057,195246960.12647057,20044068474.18311,20037398314.18311,20050738634.18311,196523,193723.0,199323.0,7652,7588.0,7716.0,403766.5294117647,403766.5294117647,403766.5294117647,13616.470588235296,13616.470588235296,13616.470588235296,77160,77160.0,77160.0
DE,2020-03-15,3,Restrict_Mass_Gatherings_and_Schools-No_Measure-Restrict_Mass_Gatherings_and_Schools,41045454503.65386,41037920023.50671,41052988983.80101,0,7535688533.405601,7602693585.214516,7610417402.364685,169027233.97058824,169027233.97058824,169027233.97058824,19935178112.18311,19930058764.38311,19940297459.983112,150813,148664.0,152962.0,6701,6645.0,6757.0,355999.4117647059,355999.4117647059,355999.4117647059,11677.588235294119,11677.588235294119,11677.588235294119,66173,66173.0,66173.0
DE,2020-03-15,3,Restrict_Mass_Gatherings_and_Schools-No_Measure-Authorize_Schools_but_Restrict_Mass_Gatherings_and_Others,28790705235.164417,28781961171.18722,28799449299.141613,0,8237239391.441027,8156171433.991721,8176573428.122332,182985519.77647057,182985519.77647057,182985519.77647057,19992910729.18311,19986969522.38311,19998851935.98311,175048,172554.0,177542.0,7208,7148.0,7268.0,381387.5294117647,381387.5294117647,381387.5294117647,12710.470588235296,12710.470588235296,12710.470588235296,72026,72026.0,72026.0
DE,2020-03-15,3,Restrict_Mass_Gatherings_and_Schools-No_Measure-Restrict_Mass_Gatherings_and_Schools_and_Others,43251598053.344574,43244126681.91899,43259069424.77016,0,7500781671.921723,7567880841.842639,7575416422.768807,168342069.30294117,168342069.30294117,168342069.30294117,19932188451.18311,19927111982.98311,19937264919.38311,149558,147427.0,151689.0,6676,6620.0,6732.0,354750.0588235294,354750.0588235294,354750.0588235294,11626.94117647059,11626.94117647059,11626.94117647059,65886,65886.0,65886.0
DE,2020-03-15,3,Restrict_Mass_Gatherings_and_Schools-No_Measure-Lockdown,50161570661.026344,50154719858.696175,50168421463.356514,0,7242176325.22942,7171868437.658,7312484212.800838,160223562.50588235,160223562.50588235,160223562.50588235,19902694432.98311,19898039614.18311,19907349251.78311,137177,135223.0,139131.0,6380,6327.0,6433.0,339826.1176470588,339826.1176470588,339826.1176470588,11028.882352941177,11028.882352941177,11028.882352941177,62497,62497.0,62497.0
DE,2020-03-15,3,Restrict_Mass_Gatherings_and_Schools-Restrict_Mass_Gatherings-No_Measure,25960071434.825897,25950994297.04043,25969148572.611366,0,7916131845.458117,7836834732.533921,7995428958.382311,177843723.32352942,177843723.32352942,177843723.32352942,20008816678.58311,20002649162.78311,20014984194.38311,181725,179136.0,184314.0,7019,6961.0,7077.0,369546.4705882353,369546.4705882353,369546.4705882353,12372.529411764706,12372.529411764706,12372.529411764706,70111,70111.0,70111.0
DE,2020-03-15,3,Restrict_Mass_Gatherings_and_Schools-Restrict_Mass_Gatherings-Restrict_Mass_Gatherings,30956515299.693275,30948409335.01193,30964621264.37462,0,7527666688.4362955,7453219317.187766,7602114059.684825,167378133.95882353,167378133.95882353,167378133.95882353,19962516239.38311,19957008592.98311,19968023885.78311,162289,159977.0,164601.0,6641,6586.0,6696.0,350527.17647058825,350527.17647058825,350527.17647058825,11597.823529411766,11597.823529411766,11597.823529411766,65721,65721.0,65721.0
DE,2020-03-15,3,Restrict_Mass_Gatherings_and_Schools-Restrict_Mass_Gatherings-Restrict_Mass_Gatherings_and_Schools,46035243904.43594,46028775260.475266,46041712548.396614,0,6717797028.4064,6651460446.798645,6784133610.0141535,148425708.65,148425708.65,148425708.65,19884356257.38311,19879961098.38311,19888751416.38311,129479,127634.0,131324.0,5953,5903.0,6003.0,315961.0,315961.0,315961.0,10197.0,10197.0,10197.0,57783,57783.0,57783.0
DE,2020-03-15,3,Restrict_Mass_Gatherings_and_Schools-Restrict_Mass_Gatherings-Authorize_Schools_but_Restrict_Mass_Gatherings_and_Others,33760320881.285404,33752930148.781822,33767711613.788982,0,7264544618.024767,7193431497.717348,7193923817.564186,159348313.46764708,159348313.46764708,159348313.46764708,19928381695.58311,19923360017.98311,19933403373.18311,147960,145852.0,150068.0,6350,6297.0,6403.0,335921.35294117645,335921.35294117645,335921.35294117645,11003.64705882353,11003.64705882353,11003.64705882353,62354,62354.0,62354.0
DE,2020-03-15,3,Restrict_Mass_Gatherings_and_Schools-Restrict_Mass_Gatherings-Restrict_Mass_Gatherings_and_Schools_and_Others,48240910632.67481,48234512109.51588,48247309155.83375,0,6673108736.278082,6608010519.852883,6738206952.70328,147509569.42058825,147509569.42058825,147509569.42058825,19881042617.18311,19876695102.18311,19885390132.18311,128088,126263.0,129913.0,5920,5871.0,5969.0,314272.4117647059,314272.4117647059,314272.4117647059,10129.588235294119,10129.588235294119,10129.588235294119,57401,57401.0,57401.0
DE,2020-03-15,3,Restrict_Mass_Gatherings_and_Schools-Restrict_Mass_Gatherings-Lockdown,55165671717.44392,55159683400.975174,55171660033.91267,0,6553338719.260951,6489986060.066307,6616691378.455595,142221949.7117647,142221949.7117647,142221949.7117647,19861596718.58311,19857527920.98311,19865665516.18311,119925,118217.0,121633.0,5727,5679.0,5775.0,304570.23529411765,304570.23529411765,304570.23529411765,9739.764705882353,9739.764705882353,9739.764705882353,55192,55192.0,55192.0
DE,2020-03-15,3,Restrict_Mass_Gatherings_and_Schools-Restrict_Mass_Gatherings_and_Schools-No_Measure,40828700587.34988,40824254928.51945,40833146246.1803,0,4901797112.812189,4854350592.608207,4949243633.016172,102282974.65588236,102282974.65588236,102282974.65588236,19787903361.58311,19784882731.98311,19790923991.18311,88990,87722.0,90258.0,4288,4252.0,4324.0,224057.11764705883,224057.11764705883,224057.11764705883,6918.882352941177,6918.882352941177,6918.882352941177,39207,39207.0,39207.0
DE,2020-03-15,3,Restrict_Mass_Gatherings_and_Schools-Restrict_Mass_Gatherings_and_Schools-Restrict_Mass_Gatherings,45881823096.2651,45877542221.31876,45886103971.21143,0,4814404039.973774,4768337062.120346,4860471017.827202,100542063.16470589,100542063.16470589,100542063.16470589,19780113567.58311,19777204901.38311,19783022233.78311,85720,84499.0,86941.0,4226,4191.0,4261.0,220911.29411764705,220911.29411764705,220911.29411764705,6789.705882352941,6789.705882352941,6789.705882352941,38475,38475.0,38475.0
DE,2020-03-15,3,Restrict_Mass_Gatherings_and_Schools-Restrict_Mass_Gatherings_and_Schools-Restrict_Mass_Gatherings_and_Schools,61054825612.90945,61050839245.33043,61058811980.488464,0,4640586932.587834,4596092962.092961,4685080903.082706,97082583.39117646,97082583.39117646,97082583.39117646,19766008561.38311,19763299999.98311,19768717122.78311,79799,78662.0,80936.0,4100,4066.0,4134.0,214591.82352941178,214591.82352941178,214591.82352941178,6534.176470588236,6534.176470588236,6534.176470588236,37027,37027.0,37027.0
DE,2020-03-15,3,Restrict_Mass_Gatherings_and_Schools-Restrict_Mass_Gatherings_and_Schools-Authorize_Schools_but_Restrict_Mass_Gatherings_and_Others,48726638828.75588,48722487677.29277,48730789980.218994,0,4739417247.347799,4693543734.502372,4785290760.193228,99054608.00294118,99054608.00294118,99054608.00294118,19773843617.18311,19771023092.38311,19776664141.98311,83088,81904.0,84272.0,4172,4137.0,4207.0,218188.0588235294,218188.0588235294,218188.0588235294,6679.941176470588,6679.941176470588,6679.941176470588,37853,37853.0,37853.0
DE,2020-03-15,3,Restrict_Mass_Gatherings_and_Schools-Restrict_Mass_Gatherings_and_Schools-Restrict_Mass_Gatherings_and_Schools_and_Others,63264475202.68725,63260502859.26858,63268447546.10592,0,4632450855.652504,4587977800.293631,4676923911.011375,96914530.15,96914530.15,96914530.15,19765401100.38311,19762702067.78311,19768100132.98311,79544,78411.0,80677.0,4094,4060.0,4128.0,214271.0,214271.0,214271.0,6522.0,6522.0,6522.0,36958,36958.0,36958.0
DE,2020-03-15,3,Restrict_Mass_Gatherings_and_Schools-Restrict_Mass_Gatherings_and_Schools-Lockdown,70211464581.60849,70207583395.23209,70215345767.9849,0,4568496886.297859,4524159779.322986,4612833993.272732,95607357.05882353,95607357.05882353,95607357.05882353,19761058349.78311,19758421254.38311,19763695445.18311,77721,76614.0,78828.0,4046,4012.0,4080.0,211861.17647058822,211861.17647058822,211861.17647058822,6425.823529411765,6425.823529411765,6425.823529411765,36413,36413.0,36413.0
DE,2020-03-15,3,Restrict_Mass_Gatherings_and_Schools-Authorize_Schools_but_Restrict_Mass_Gatherings_and_Others-No_Measure,28648896431.762005,28642171846.874973,28655621016.64904,0,6416913693.815981,6353596779.483892,6480230608.148069,140374055.19411767,140374055.19411767,140374055.19411767,19896557885.78311,19891988826.18311,19901126945.38311,134601,132683.0,136519.0,5664,5617.0,5711.0,297751.8823529412,297751.8823529412,297751.8823529412,9662.117647058823,9662.117647058823,9662.117647058823,54752,54752.0,54752.0
DE,2020-03-15,3,Restrict_Mass_Gatherings_and_Schools-Authorize_Schools_but_Restrict_Mass_Gatherings_and_Others-Restrict_Mass_Gatherings,33679590802.240135,33673350050.88512,33685831553.59515,0,6162284928.428066,6100823375.790532,6223746481.0656,135393222.9117647,135393222.9117647,135393222.9117647,19873529158.38311,19869288842.38311,19877769474.38311,124934,123154.0,126714.0,5484,5438.0,5530.0,288738.23529411765,288738.23529411765,288738.23529411765,9292.764705882353,9292.764705882353,9292.764705882353,52659,52659.0,52659.0
DE,2020-03-15,3,Restrict_Mass_Gatherings_and_Schools-Authorize_Schools_but_Restrict_Mass_Gatherings_and_Others-Restrict_Mass_Gatherings_and_Schools,48805338910.59073,48800069332.339836,48810608488.84162,0,5738865761.835038,5683387740.375725,5794343783.294352,124120421.35882354,124120421.35882354,124120421.35882354,19827316860.58311,19823736413.98311,19830897307.18311,105535,104032.0,107038.0,5075,5033.0,5117.0,268163.17647058825,268163.17647058825,268163.17647058825,8459.823529411766,8459.823529411766,8459.823529411766,47939,47939.0,47939.0
DE,2020-03-15,3,Restrict_Mass_Gatherings_and_Schools-Authorize_Schools_but_Restrict_Mass_Gatherings_and_Others-Authorize_Schools_but_Restrict_Mass_Gatherings_and_Others,36505778943.74823,36499934374.92306,36511623512.57341,0,6083337418.912363,6024734297.871941,6141940539.952787,131020597.89411765,131020597.89411765,131020597.89411765,19854602579.38311,19850631451.98311,19858573706.78311,116989,115322.0,118656.0,5326,5282.0,5370.0,280789.8823529412,280789.8823529412,280789.8823529412,8969.117647058823,8969.117647058823,8969.117647058823,50825,50825.0,50825.0
DE,2020-03-15,3,Restrict_Mass_Gatherings_and_Schools-Authorize_Schools_but_Restrict_Mass_Gatherings_and_Others-Restrict_Mass_Gatherings_and_Schools_and_Others,51013238986.365074,51008004468.51505,51018473504.215096,0,5714515047.653047,5659089314.033733,5769940781.272361,123630972.40882353,123630972.40882353,123630972.40882353,19825520681.78311,19821964057.18311,19829077306.38311,104781,103288.0,106274.0,5057,5015.0,5099.0,267260.17647058825,267260.17647058825,267260.17647058825,8423.823529411766,8423.823529411766,8423.823529411766,47735,47735.0,47735.0
DE,2020-03-15,3,Restrict_Mass_Gatherings_and_Schools-Authorize_Schools_but_Restrict_Mass_Gatherings_and_Others-Lockdown,57947371716.286964,57942414175.60382,57952329256.97011,0,5530479861.643,5476600991.462242,5584358731.823758,119865398.00294118,119865398.00294118,119865398.00294118,19812442403.78311,19809073972.98311,19815810834.58311,99291,97877.0,100705.0,4920,4879.0,4961.0,260308.0588235294,260308.0588235294,260308.0588235294,8146.941176470589,8146.941176470589,8146.941176470589,46166,46166.0,46166.0
DE,2020-03-15,3,Restrict_Mass_Gatherings_and_Schools-Restrict_Mass_Gatherings_and_Schools_and_Others-No_Measure,43030005801.720406,43025693372.41329,43034318231.02753,0,4798449896.270337,4752335859.360909,4844563933.179766,100081668.12941177,100081668.12941177,100081668.12941177,19781626264.58311,19778696158.58311,19784556370.58311,86355,85125.0,87585.0,4209,4174.0,4244.0,219794.58823529413,219794.58823529413,219794.58823529413,6760.411764705883,6760.411764705883,6760.411764705883,38309,38309.0,38309.0
DE,2020-03-15,3,Restrict_Mass_Gatherings_and_Schools-Restrict_Mass_Gatherings_and_Schools_and_Others-Restrict_Mass_Gatherings,48086027805.78765,48081838087.88358,48090217523.69172,0,4735789238.845915,4689858209.376487,4781720268.315341,98856705.42352942,98856705.42352942,98856705.42352942,19775806549.98311,19772959820.98311,19778653278.98311,83912,82717.0,85107.0,4165,4130.0,4200.0,217580.4705882353,217580.4705882353,217580.4705882353,6669.529411764706,6669.529411764706,6669.529411764706,37794,37794.0,37794.0
DE,2020-03-15,3,Restrict_Mass_Gatherings_and_Schools-Restrict_Mass_Gatherings_and_Schools_and_Others-Restrict_Mass_Gatherings_and_Schools,63260548437.78972,63256632191.01244,63264464684.56699,0,4573306510.9524145,4528917116.137542,4617695905.767287,95611465.36470589,95611465.36470589,95611465.36470589,19762733036.38311,19760072118.983112,19765393953.78311,78424,77307.0,79541.0,4047,4013.0,4081.0,211659.29411764705,211659.29411764705,211659.29411764705,6429.705882352941,6429.705882352941,6429.705882352941,36435,36435.0,36435.0
DE,2020-03-15,3,Restrict_Mass_Gatherings_and_Schools-Restrict_Mass_Gatherings_and_Schools_and_Others-Authorize_Schools_but_Restrict_Mass_Gatherings_and_Others,50931586818.7769,50927516306.235794,50935657331.31801,0,4666446106.43816,4621826645.127287,4711065567.749032,97477171.32352942,97477171.32352942,97477171.32352942,19770041625.983112,19767275891.78311,19772807360.18311,81492,80331.0,82653.0,4115,4081.0,4149.0,215066.4705882353,215066.4705882353,215066.4705882353,6567.529411764706,6567.529411764706,6567.529411764706,37216,37216.0,37216.0
DE,2020-03-15,3,Restrict_Mass_Gatherings_and_Schools-Restrict_Mass_Gatherings_and_Schools_and_Others-Restrict_Mass_Gatherings_and_Schools_and_Others,65470559149.69648,65466649914.99938,65474468384.393585,0,4569110367.27675,4524731430.029877,4613489304.523622,95522417.69117647,95522417.69117647,95522417.69117647,19762370941.98311,19759714788.98311,19765027094.98311,78272,77157.0,79387.0,4044,4010.0,4078.0,211493.82352941178,211493.82352941178,211493.82352941178,6423.176470588236,6423.176470588236,6423.176470588236,36398,36398.0,36398.0
DE,2020-03-15,3,Restrict_Mass_Gatherings_and_Schools-Restrict_Mass_Gatherings_and_Schools_and_Others-Lockdown,72418151567.5127,72414326477.7777,72421976657.24771,0,4511724696.282881,4468605039.354563,4554844353.211199,94345087.20588236,94345087.20588236,94345087.20588236,19758437929.78311,19755838949.58311,19761036909.983112,76621,75530.0,77712.0,4001,3968.0,4034.0,209304.11764705883,209304.11764705883,209304.11764705883,6336.882352941177,6336.882352941177,6336.882352941177,35909,35909.0,35909.0
DE,2020-03-15,3,Restrict_Mass_Gatherings_and_Schools-Lockdown-No_Measure,49936195392.14822,49932556122.53782,49939834661.75861,0,4238273398.526542,4197698446.155335,4278848350.89775,88065002.67058823,88065002.67058823,88065002.67058823,19749561852.58311,19747089128.98311,19752034576.18311,72895,71857.0,73933.0,3777,3746.0,3808.0,196277.41176470587,196277.41176470587,196277.41176470587,5899.588235294118,5899.588235294118,5899.588235294118,33431,33431.0,33431.0
DE,2020-03-15,3,Restrict_Mass_Gatherings_and_Schools-Lockdown-Restrict_Mass_Gatherings,54997129358.37747,54993539173.32829,55000719543.42664,0,4209015426.0448856,4168513676.649678,4249517175.440093,87496662.62058824,87496662.62058824,87496662.62058824,19747079600.18311,19744640227.38311,19749518972.98311,71853,70829.0,72877.0,3756,3725.0,3787.0,195240.41176470587,195240.41176470587,195240.41176470587,5857.588235294118,5857.588235294118,5857.588235294118,33193,33193.0,33193.0
DE,2020-03-15,3,Restrict_Mass_Gatherings_and_Schools-Lockdown-Restrict_Mass_Gatherings_and_Schools,70184951906.46994,70181449372.42294,70188454440.51694,0,4159341443.8569026,4118970414.0616956,4199712473.65211,86495843.1764706,86495843.1764706,86495843.1764706,19743044153.38311,19740664335.58311,19745423971.18311,70159,69160.0,71158.0,3720,3689.0,3751.0,193423.5294117647,193423.5294117647,193423.5294117647,5783.470588235295,5783.470588235295,5783.470588235295,32773,32773.0,32773.0
DE,2020-03-15,3,Restrict_Mass_Gatherings_and_Schools-Lockdown-Authorize_Schools_but_Restrict_Mass_Gatherings_and_Others,57848445289.18971,57844897176.62158,57851993401.75785,0,4186806800.0520043,4146367796.064797,4227245804.0392118,87049749.57058823,87049749.57058823,87049749.57058823,19745226248.58311,19742815462.18311,19747637034.983112,71075,70063.0,72087.0,3740,3709.0,3771.0,194423.41176470587,194423.41176470587,194423.41176470587,5824.588235294118,5824.588235294118,5824.588235294118,33006,33006.0,33006.0
DE,2020-03-15,3,Restrict_Mass_Gatherings_and_Schools-Lockdown-Restrict_Mass_Gatherings_and_Schools_and_Others,72395309716.34532,72391807182.29832,72398812250.39233,0,4157930528.8023477,4117559499.00714,4198301558.597555,86462487.95,86462487.95,86462487.95,19742917896.78311,19740538078.98311,19745297714.58311,70106,69107.0,71105.0,3719,3688.0,3750.0,193363.0,193363.0,193363.0,5781.0,5781.0,5781.0,32759,32759.0,32759.0
DE,2020-03-15,3,Restrict_Mass_Gatherings_and_Schools-Lockdown-Lockdown,79347161972.86736,79343683981.10097,79350639964.63374,0,4143179094.4502416,4102844666.1430345,4183513522.757449,86166104.13529412,86166104.13529412,86166104.13529412,19741879257.58311,19739516115.18311,19744242399.98311,69670,68678.0,70662.0,3708,3677.0,3739.0,192810.70588235295,192810.70588235295,192810.70588235295,5759.2941176470595,5759.2941176470595,5759.2941176470595,32636,32636.0,32636.0
DE,2020-03-15,3,Authorize_Schools_but_Restrict_Mass_Gatherings_and_Others-No_Measure-No_Measure,10060456755.041159,10029940182.123152,10090973327.959164,0,23419678808.725956,23319755809.61593,23661335728.603985,557230681.6794118,557230681.6794118,557230681.6794118,21031187834.78311,21010453165.98311,21051922503.58311,610896,602192.0,619600.0,20714,20541.0,20887.0,1114821.5882352942,1114821.5882352942,1114821.5882352942,39502.41176470589,39502.41176470589,39502.41176470589,223847,223847.0,223847.0
DE,2020-03-15,3,Authorize_Schools_but_Restrict_Mass_Gatherings_and_Others-No_Measure-Restrict_Mass_Gatherings,14853112039.846596,14826469641.22482,14879754438.468369,0,21740914180.37844,21660374461.619076,21963187819.90581,515784008.60882354,515784008.60882354,515784008.60882354,20846422020.58311,20828319682.78311,20864524358.38311,533335,525736.0,540934.0,19216,19055.0,19377.0,1039648.1764705882,1039648.1764705882,1039648.1764705882,36431.82352941177,36431.82352941177,36431.82352941177,206447,206447.0,206447.0
DE,2020-03-15,3,Authorize_Schools_but_Restrict_Mass_Gatherings_and_Others-No_Measure-Restrict_Mass_Gatherings_and_Schools,29514667452.747032,29495608618.833626,29533726286.66044,0,18082175780.26544,17902958106.601616,18261393453.929268,425512018.2294117,425512018.2294117,425512018.2294117,20484811207.18311,20471861567.98311,20497760846.38311,381538,376102.0,386974.0,15939,15806.0,16072.0,874548.5882352941,874548.5882352941,874548.5882352941,29767.411764705885,29767.411764705885,29767.411764705885,168682,168682.0,168682.0
DE,2020-03-15,3,Authorize_Schools_but_Restrict_Mass_Gatherings_and_Others-No_Measure-Authorize_Schools_but_Restrict_Mass_Gatherings_and_Others,17486730929.57143,17463229942.867687,17510231916.275177,0,20373660044.803837,20168543080.268574,20437043088.5711,480155512.1764706,480155512.1764706,480155512.1764706,20696653106.58311,20680685219.98311,20712620993.18311,470465,463762.0,477168.0,17925,17775.0,18075.0,974723.5294117647,974723.5294117647,974723.5294117647,33797.470588235294,33797.470588235294,33797.470588235294,191519,191519.0,191519.0
DE,2020-03-15,3,Authorize_Schools_but_Restrict_Mass_Gatherings_and_Others-No_Measure-Restrict_Mass_Gatherings_and_Schools_and_Others,31704855014.001408,31686087181.41523,31723622846.587585,0,17894220719.506287,17716570824.417015,18071870614.59556,421694215.20882356,421694215.20882356,421694215.20882356,20470980153.98311,20458228237.38311,20483732070.58311,375732,370379.0,381085.0,15800,15668.0,15932.0,867492.1764705882,867492.1764705882,867492.1764705882,29486.823529411766,29486.823529411766,29486.823529411766,167092,167092.0,167092.0
DE,2020-03-15,3,Authorize_Schools_but_Restrict_Mass_Gatherings_and_Others-No_Measure-Lockdown,38510607074.05443,38493942865.52051,38527271282.588356,0,16746632964.425459,16582324445.259184,16910941483.591734,392431169.0882353,392431169.0882353,392431169.0882353,20370672858.58311,20359350261.983112,20381995455.18311,333625,328872.0,338378.0,14732,14609.0,14855.0,813341.7647058824,813341.7647058824,813341.7647058824,27337.23529411765,27337.23529411765,27337.23529411765,154911,154911.0,154911.0
DE,2020-03-15,3,Authorize_Schools_but_Restrict_Mass_Gatherings_and_Others-Restrict_Mass_Gatherings-No_Measure,14547353789.891817,14525069399.098291,14569638180.685343,0,18167036956.29043,17983008801.346603,18209331190.466255,426111484.90882355,426111484.90882355,426111484.90882355,20638672740.78311,20623531477.58311,20653814003.98311,446126,439770.0,452482.0,15966,15833.0,16099.0,864110.1764705882,864110.1764705882,864110.1764705882,30008.823529411766,30008.823529411766,30008.823529411766,170050,170050.0,170050.0
DE,2020-03-15,3,Authorize_Schools_but_Restrict_Mass_Gatherings_and_Others-Restrict_Mass_Gatherings-Restrict_Mass_Gatherings,19430517499.545406,19410817060.296066,19450217938.79475,0,16901011349.131683,16871641044.784298,17072115574.247066,398361424.4264706,398361424.4264706,398361424.4264706,20515403419.58311,20502017837.78311,20528789001.38311,394380,388761.0,399999.0,14963,14838.0,15088.0,813748.5294117647,813748.5294117647,813748.5294117647,27953.470588235297,27953.470588235297,27953.470588235297,158403,158403.0,158403.0
DE,2020-03-15,3,Authorize_Schools_but_Restrict_Mass_Gatherings_and_Others-Restrict_Mass_Gatherings-Restrict_Mass_Gatherings_and_Schools,34299325460.113823,34284256499.819523,34314394420.408123,0,14769031517.45761,14622975148.047104,14915087886.868113,344549329.47352946,344549329.47352946,344549329.47352946,20294611594.78311,20284372899.18311,20304850290.38311,301696,297398.0,305994.0,13010,12901.0,13119.0,715577.4705882353,715577.4705882353,715577.4705882353,23976.529411764706,23976.529411764706,23976.529411764706,135867,135867.0,135867.0
DE,2020-03-15,3,Authorize_Schools_but_Restrict_Mass_Gatherings_and_Others-Restrict_Mass_Gatherings-Authorize_Schools_but_Restrict_Mass_Gatherings_and_Others,22142892567.74648,22125211607.5873,22160573527.90566,0,16037823375.97174,15877667456.95824,16197979294.985239,375574401.0911765,375574401.0911765,375574401.0911765,20419145864.18311,20407132429.58311,20431159298.78311,353973,348930.0,359016.0,14138,14020.0,14256.0,772249.8235294118,772249.8235294118,772249.8235294118,26268.176470588238,26268.176470588238,26268.176470588238,148853,148853.0,148853.0
DE,2020-03-15,3,Authorize_Schools_but_Restrict_Mass_Gatherings_and_Others-Restrict_Mass_Gatherings-Restrict_Mass_Gatherings_and_Schools_and_Others,36497110610.236916,36482223964.027145,36511997256.446686,0,14653631864.764427,14508981181.624477,14798282547.904375,342200126.32941175,342200126.32941175,342200126.32941175,20285942768.983112,20275827947.78311,20296057590.18311,298057,293811.0,302303.0,12925,12817.0,13033.0,711262.5882352941,711262.5882352941,711262.5882352941,23803.411764705885,23803.411764705885,23803.411764705885,134886,134886.0,134886.0
DE,2020-03-15,3,Authorize_Schools_but_Restrict_Mass_Gatherings_and_Others-Restrict_Mass_Gatherings-Lockdown,43357325497.002754,43343764133.9459,43370886860.05961,0,13909254026.116627,13773382560.34401,14045125491.889246,324139677.5352941,324139677.5352941,324139677.5352941,20222640568.38311,20213426218.78311,20231854917.98311,271484,267616.0,275352.0,12266,12164.0,12368.0,677926.7058823529,677926.7058823529,677926.7058823529,22475.29411764706,22475.29411764706,22475.29411764706,127360,127360.0,127360.0
DE,2020-03-15,3,Authorize_Schools_but_Restrict_Mass_Gatherings_and_Others-Restrict_Mass_Gatherings_and_Schools-No_Measure,28887671785.852985,28877546342.08148,28897797229.624493,0,10077990733.402813,9978989582.021738,10035257964.01589,228813430.44117647,228813430.44117647,228813430.44117647,20058795234.58311,20051915440.98311,20065675028.18311,202705,199817.0,205593.0,8829,8755.0,8903.0,485128.82352941175,485128.82352941175,485128.82352941175,15753.176470588236,15753.176470588236,15753.176470588236,89268,89268.0,89268.0
DE,2020-03-15,3,Authorize_Schools_but_Restrict_Mass_Gatherings_and_Others-Restrict_Mass_Gatherings_and_Schools-Restrict_Mass_Gatherings,33910193576.888115,33900667665.9715,33919719487.80473,0,9749949039.372925,9654109589.060959,9845788489.68489,222317088.93529415,222317088.93529415,222317088.93529415,20030213598.98311,20023741161.58311,20036686036.38311,190707,187990.0,193424.0,8595,8523.0,8667.0,473322.70588235295,473322.70588235295,473322.70588235295,15272.29411764706,15272.29411764706,15272.29411764706,86543,86543.0,86543.0
DE,2020-03-15,3,Authorize_Schools_but_Restrict_Mass_Gatherings_and_Others-Restrict_Mass_Gatherings_and_Schools-Restrict_Mass_Gatherings_and_Schools,49033256058.532,49024736381.12038,49041775735.94362,0,9300982623.68735,9211178992.393604,9390786254.981096,210545471.01764706,210545471.01764706,210545471.01764706,19982176535.98311,19976387789.98311,19987965281.98311,170542,168112.0,172972.0,8167,8099.0,8235.0,451828.35294117645,451828.35294117645,451828.35294117645,14402.64705882353,14402.64705882353,14402.64705882353,81615,81615.0,81615.0
DE,2020-03-15,3,Authorize_Schools_but_Restrict_Mass_Gatherings_and_Others-Restrict_Mass_Gatherings_and_Schools-Authorize_Schools_but_Restrict_Mass_Gatherings_and_Others,36732795039.38712,36723717901.601654,36741872177.17259,0,9493306246.488234,9400403659.53338,9586208833.443089,217233895.77058822,217233895.77058822,217233895.77058822,20008850029.38311,20002682513.58311,20015017545.18311,181739,179150.0,184328.0,8410,8340.0,8480.0,464051.4117647059,464051.4117647059,464051.4117647059,14896.588235294119,14896.588235294119,14896.588235294119,84414,84414.0,84414.0
DE,2020-03-15,3,Authorize_Schools_but_Restrict_Mass_Gatherings_and_Others-Restrict_Mass_Gatherings_and_Schools-Restrict_Mass_Gatherings_and_Schools_and_Others,51240847602.77868,51232369997.84811,51249325207.70926,0,9273904197.508247,9184163311.622501,9363645083.393993,209991799.54705882,209991799.54705882,209991799.54705882,19980170723.58311,19974410563.98311,19985930883.18311,169700,167282.0,172118.0,8147,8079.0,8215.0,450798.9411764706,450798.9411764706,450798.9411764706,14362.058823529413,14362.058823529413,14362.058823529413,81385,81385.0,81385.0
DE,2020-03-15,3,Authorize_Schools_but_Restrict_Mass_Gatherings_and_Others-Restrict_Mass_Gatherings_and_Schools-Lockdown,58173052010.65267,58164875925.169586,58181228096.13576,0,9066584969.25221,8978427548.29302,9154742390.211401,205747818.2882353,205747818.2882353,205747818.2882353,19965782235.58311,19960226945.18311,19971337525.983112,163660,161328.0,165992.0,7992,7925.0,8059.0,442949.76470588235,442949.76470588235,442949.76470588235,14050.235294117649,14050.235294117649,14050.235294117649,79618,79618.0,79618.0
DE,2020-03-15,3,Authorize_Schools_but_Restrict_Mass_Gatherings_and_Others-Authorize_Schools_but_Restrict_Mass_Gatherings_and_Others-No_Measure,16996923105.245016,16980402644.354662,17013443566.13537,0,14331425350.140352,14187739422.164068,14475111278.116634,333546401.4882353,333546401.4882353,333546401.4882353,20363850237.78311,20352625311.38311,20375075164.18311,330761,326049.0,335473.0,12615,12510.0,12720.0,686677.7647058824,686677.7647058824,686677.7647058824,23314.235294117647,23314.235294117647,23314.235294117647,132114,132114.0,132114.0
DE,2020-03-15,3,Authorize_Schools_but_Restrict_Mass_Gatherings_and_Others-Authorize_Schools_but_Restrict_Mass_Gatherings_and_Others-Restrict_Mass_Gatherings,21945176449.115376,21930310839.14613,21960042059.084625,0,13568368759.856323,13432819765.440815,13703917754.271832,315671162.72352946,315671162.72352946,315671162.72352946,20284806459.58311,20274705931.58311,20294906987.58311,297580,293340.0,301820.0,11970,11870.0,12070.0,654222.4705882353,654222.4705882353,654222.4705882353,21990.529411764706,21990.529411764706,21990.529411764706,124613,124613.0,124613.0
DE,2020-03-15,3,Authorize_Schools_but_Restrict_Mass_Gatherings_and_Others-Authorize_Schools_but_Restrict_Mass_Gatherings_and_Others-Restrict_Mass_Gatherings_and_Schools,36925718401.21918,36913892528.00543,36937544274.43292,0,12045182485.577501,11926638531.4181,12163726439.736906,279521440.2941177,279521440.2941177,279521440.2941177,20139932966.58311,20131897805.98311,20147968127.18311,236765,233392.0,240138.0,10657,10568.0,10746.0,588085.8823529412,588085.8823529412,588085.8823529412,19322.117647058825,19322.117647058825,19322.117647058825,109492,109492.0,109492.0
DE,2020-03-15,3,Authorize_Schools_but_Restrict_Mass_Gatherings_and_Others-Authorize_Schools_but_Restrict_Mass_Gatherings_and_Others-Authorize_Schools_but_Restrict_Mass_Gatherings_and_Others,24714899815.020935,24701236776.80156,24728562853.240314,0,13035596306.187664,12906375942.694376,13164816669.680952,302325752.85,302325752.85,302325752.85,20227514549.58311,20218231116.18311,20236797982.98311,273530,269633.0,277427.0,11486,11390.0,11582.0,629949.0,629949.0,629949.0,21003.0,21003.0,21003.0,119017,119017.0,119017.0
DE,2020-03-15,3,Authorize_Schools_but_Restrict_Mass_Gatherings_and_Others-Authorize_Schools_but_Restrict_Mass_Gatherings_and_Others-Restrict_Mass_Gatherings_and_Schools_and_Others,39127980764.53348,39116270590.64261,39139690938.42435,0,11968206096.123863,11850968481.339016,12085443710.90871,277951238.61470586,277951238.61470586,277951238.61470586,20134306210.18311,20126349662.18311,20142262758.18311,234403,231063.0,237743.0,10600,10512.0,10688.0,585184.2941176471,585184.2941176471,585184.2941176471,19206.705882352944,19206.705882352944,19206.705882352944,108838,108838.0,108838.0
DE,2020-03-15,3,Authorize_Schools_but_Restrict_Mass_Gatherings_and_Others-Authorize_Schools_but_Restrict_Mass_Gatherings_and_Others-Lockdown,46021902720.69656,46011041008.50677,46032764432.88636,0,11526932845.921846,11414361965.372665,11639503726.47103,266019681.71470588,266019681.71470588,266019681.71470588,20093906480.38311,20086526424.78311,20101286535.98311,217444,214346.0,220542.0,10164,10079.0,10249.0,563078.2941176471,563078.2941176471,563078.2941176471,18330.705882352944,18330.705882352944,18330.705882352944,103874,103874.0,103874.0
DE,2020-03-15,3,Authorize_Schools_but_Restrict_Mass_Gatherings_and_Others-Restrict_Mass_Gatherings_and_Schools_and_Others-No_Measure,31073911545.969303,31064133200.166416,31083689891.772186,0,9801381428.173136,9705165505.41317,9897597350.933102,222929398.2411765,222929398.2411765,222929398.2411765,20042281824.18311,20035637868.38311,20048925779.98311,195773,192984.0,198562.0,8617,8545.0,8689.0,473700.82352941175,473700.82352941175,473700.82352941175,15330.176470588236,15330.176470588236,15330.176470588236,86871,86871.0,86871.0
DE,2020-03-15,3,Authorize_Schools_but_Restrict_Mass_Gatherings_and_Others-Restrict_Mass_Gatherings_and_Schools_and_Others-Restrict_Mass_Gatherings,36100153245.53683,36090921841.987526,36109384649.08613,0,9500429474.515795,9407296821.064938,9593562127.96665,216987728.19705886,216987728.19705886,216987728.19705886,20016227702.78311,20009955370.18311,20022500035.38311,184836,182203.0,187469.0,8402,8332.0,8472.0,462919.9411764706,462919.9411764706,462919.9411764706,14890.058823529413,14890.058823529413,14890.058823529413,84377,84377.0,84377.0
DE,2020-03-15,3,Authorize_Schools_but_Restrict_Mass_Gatherings_and_Others-Restrict_Mass_Gatherings_and_Schools_and_Others-Restrict_Mass_Gatherings_and_Schools,51230234819.43507,51221911480.268326,51238558158.601814,0,9111817822.510643,9023440792.623453,9200194852.397833,206404368.39411765,206404368.39411765,206404368.39411765,19972959804.18311,19967304461.38311,19978615146.98311,166673,164299.0,169047.0,8018,7951.0,8085.0,443599.8823529412,443599.8823529412,443599.8823529412,14108.117647058825,14108.117647058825,14108.117647058825,79946,79946.0,79946.0
DE,2020-03-15,3,Authorize_Schools_but_Restrict_Mass_Gatherings_and_Others-Restrict_Mass_Gatherings_and_Schools_and_Others-Authorize_Schools_but_Restrict_Mass_Gatherings_and_Others,38925885601.8336,38917057392.89432,38934713810.77289,0,9271131775.794205,9321468142.773905,9362529329.582506,212418345.2764706,212418345.2764706,212418345.2764706,19996991437.78311,19990993058.18311,20002989817.38311,176761,174243.0,179279.0,8237,8168.0,8306.0,454577.5294117647,454577.5294117647,454577.5294117647,14552.470588235296,14552.470588235296,14552.470588235296,82464,82464.0,82464.0
DE,2020-03-15,3,Authorize_Schools_but_Restrict_Mass_Gatherings_and_Others-Restrict_Mass_Gatherings_and_Schools_and_Others-Restrict_Mass_Gatherings_and_Schools_and_Others,53437914014.683914,53429629241.95813,53446198787.409706,0,9084870115.931541,8996550602.66835,9173189629.19473,205852998.1147059,205852998.1147059,205852998.1147059,19971013546.78311,19965384408.18311,19976642685.38311,165856,163493.0,168219.0,7998,7931.0,8065.0,442574.29411764705,442574.29411764705,442574.29411764705,14067.705882352942,14067.705882352942,14067.705882352942,79717,79717.0,79717.0
DE,2020-03-15,3,Authorize_Schools_but_Restrict_Mass_Gatherings_and_Others-Restrict_Mass_Gatherings_and_Schools_and_Others-Lockdown,60372053756.68598,60364042455.08699,60380065058.28498,0,8896310229.479273,8810666140.373196,8981954318.585354,201997936.26764706,201997936.26764706,201997936.26764706,19957940033.18311,19952496706.18311,19963383360.18311,160368,158083.0,162653.0,7857,7792.0,7922.0,435433.35294117645,435433.35294117645,435433.35294117645,13784.64705882353,13784.64705882353,13784.64705882353,78113,78113.0,78113.0
DE,2020-03-15,3,Authorize_Schools_but_Restrict_Mass_Gatherings_and_Others-Lockdown-No_Measure,37843127162.27479,37835971334.45705,37850282990.09254,0,7897488812.946713,7821057073.654519,7973920552.238909,176084644.96764708,176084644.96764708,176084644.96764708,19917149622.58311,19912287552.38311,19922011692.78311,143245,141204.0,145286.0,6930,6872.0,6988.0,381951.35294117645,381951.35294117645,381951.35294117645,11975.64705882353,11975.64705882353,11975.64705882353,67862,67862.0,67862.0
DE,2020-03-15,3,Authorize_Schools_but_Restrict_Mass_Gatherings_and_Others-Lockdown-Restrict_Mass_Gatherings,42900407834.7333,42893357188.11817,42907458481.348434,0,7846909394.501286,7771768308.231647,7922050480.770926,175116807.26764706,175116807.26764706,175116807.26764706,19912185117.78311,19907394513.58311,19916975721.98311,141161,139150.0,143172.0,6895,6838.0,6952.0,380213.35294117645,380213.35294117645,380213.35294117645,11903.64705882353,11903.64705882353,11903.64705882353,67454,67454.0,67454.0
DE,2020-03-15,3,Authorize_Schools_but_Restrict_Mass_Gatherings_and_Others-Lockdown-Restrict_Mass_Gatherings_and_Schools,58075191419.7419,58068410738.21347,58081972101.270325,0,7691621562.423117,7616883092.521478,7766360032.324757,172010379.65588236,172010379.65588236,172010379.65588236,19899290269.18311,19894683094.38311,19903897443.983112,135748,133814.0,137682.0,6783,6726.0,6840.0,374557.1176470588,374557.1176470588,374557.1176470588,11673.882352941177,11673.882352941177,11673.882352941177,66152,66152.0,66152.0
DE,2020-03-15,3,Authorize_Schools_but_Restrict_Mass_Gatherings_and_Others-Lockdown-Authorize_Schools_but_Restrict_Mass_Gatherings_and_Others,45750423024.67324,45743428474.6995,45757417574.64698,0,7825028468.649515,7749971042.923875,7900085894.3751545,174701592.8647059,174701592.8647059,174701592.8647059,19909447969.98311,19904695480.98311,19914200458.98311,140012,138017.0,142007.0,6881,6824.0,6938.0,379529.29411764705,379529.29411764705,379529.29411764705,11871.705882352942,11871.705882352942,11871.705882352942,67273,67273.0,67273.0
DE,2020-03-15,3,Authorize_Schools_but_Restrict_Mass_Gatherings_and_Others-Lockdown-Restrict_Mass_Gatherings_and_Schools_and_Others,60284830491.39943,60278063834.03135,60291597148.76751,0,7682336009.633231,7608752244.370147,7755919774.896316,171828959.03529412,171828959.03529412,171828959.03529412,19898675661.58311,19894078015.58311,19903273307.58311,135490,133560.0,137420.0,6776,6720.0,6832.0,374236.70588235295,374236.70588235295,374236.70588235295,11660.29411764706,11660.29411764706,11660.29411764706,66075,66075.0,66075.0
DE,2020-03-15,3,Authorize_Schools_but_Restrict_Mass_Gatherings_and_Others-Lockdown-Lockdown,67232047762.92633,67225368756.56043,67238726769.29223,0,7622123279.746253,7548670234.083168,7695576325.409337,170590821.67941177,170590821.67941177,170590821.67941177,19894487753.98311,19889949662.98311,19899025844.98311,133732,131827.0,135637.0,6731,6675.0,6787.0,371941.5882352941,371941.5882352941,371941.5882352941,11569.411764705883,11569.411764705883,11569.411764705883,65560,65560.0,65560.0
DE,2020-03-15,3,Restrict_Mass_Gatherings_and_Schools_and_Others-No_Measure-No_Measure,23191883714.478493,23181582968.70263,23202184460.254353,0,8570242404.287058,8625185419.00209,8657033310.340029,194036441.80882353,194036441.80882353,194036441.80882353,20067151992.18311,20060153088.58311,20074150895.78311,206213,203275.0,209151.0,7608,7545.0,7671.0,398936.17647058825,398936.17647058825,398936.17647058825,13571.823529411766,13571.823529411766,13571.823529411766,76907,76907.0,76907.0
DE,2020-03-15,3,Restrict_Mass_Gatherings_and_Schools_and_Others-No_Measure-Restrict_Mass_Gatherings,28167266796.542732,28158238743.318485,28176294849.766983,0,8013179411.968074,7932821712.5173235,8093537111.418823,180228125.0147059,180228125.0147059,180228125.0147059,20006541677.58311,20000407512.58311,20012675842.58311,180770,178195.0,183345.0,7109,7050.0,7168.0,373840.29411764705,373840.29411764705,373840.29411764705,12549.705882352942,12549.705882352942,12549.705882352942,71115,71115.0,71115.0
DE,2020-03-15,3,Restrict_Mass_Gatherings_and_Schools_and_Others-No_Measure-Restrict_Mass_Gatherings_and_Schools,43217035510.16607,43210058490.39276,43224012529.93937,0,7115912438.4471445,7046550104.154281,7185274772.740008,156734135.92352942,156734135.92352942,156734135.92352942,19908704723.58311,19903964145.58311,19913445301.58311,139700,137710.0,141690.0,6257,6205.0,6309.0,331030.4705882353,331030.4705882353,331030.4705882353,10812.529411764706,10812.529411764706,10812.529411764706,61271,61271.0,61271.0
DE,2020-03-15,3,Restrict_Mass_Gatherings_and_Schools_and_Others-No_Measure-Authorize_Schools_but_Restrict_Mass_Gatherings_and_Others,30963204824.17944,30955004196.41574,30971405451.94314,0,7700908896.676228,7624052769.254588,7777765024.097867,171268352.15882355,171268352.15882355,171268352.15882355,19967061476.98311,19961489511.18311,19972633442.78311,164197,161858.0,166536.0,6785,6728.0,6842.0,357595.17647058825,357595.17647058825,357595.17647058825,11885.823529411766,11885.823529411766,11885.823529411766,67353,67353.0,67353.0
DE,2020-03-15,3,Restrict_Mass_Gatherings_and_Schools_and_Others-No_Measure-Restrict_Mass_Gatherings_and_Schools_and_Others,45421131532.445915,45414245669.714874,45428017395.176956,0,7055276177.056166,6986049791.147302,7124502562.96503,155513197.2735294,155513197.2735294,155513197.2735294,19904323857.78311,19899645216.98311,19909002498.58311,137861,135897.0,139825.0,6212,6160.0,6264.0,328789.4705882353,328789.4705882353,328789.4705882353,10722.529411764706,10722.529411764706,10722.529411764706,60761,60761.0,60761.0
DE,2020-03-15,3,Restrict_Mass_Gatherings_and_Schools_and_Others-No_Measure-Lockdown,52336338657.97771,52329996231.46017,52342681084.49525,0,6704693695.702399,6638545350.3186455,6770842041.086154,148404642.4117647,148404642.4117647,148404642.4117647,19878386464.18311,19874077064.38311,19882695863.98311,126973,125164.0,128782.0,5953,5903.0,6003.0,315728.23529411765,315728.23529411765,315728.23529411765,10198.764705882353,10198.764705882353,10198.764705882353,57793,57793.0,57793.0
DE,2020-03-15,3,Restrict_Mass_Gatherings_and_Schools_and_Others-Restrict_Mass_Gatherings-No_Measure,28066159612.51132,28058572541.76286,28073746683.259773,0,6822716998.081678,6753578644.875369,6891855351.287988,151473905.7647059,151473905.7647059,151473905.7647059,19937843793.983112,19932688713.18311,19942998874.78311,151932,149768.0,154096.0,6067,6016.0,6118.0,317635.29411764705,317635.29411764705,317635.29411764705,10488.705882352942,10488.705882352942,10488.705882352942,59436,59436.0,59436.0
DE,2020-03-15,3,Restrict_Mass_Gatherings_and_Schools_and_Others-Restrict_Mass_Gatherings-Restrict_Mass_Gatherings,33084449613.16133,33077521677.949245,33091377548.373417,0,6617626398.003684,6552872424.697041,6682380371.3103285,144657325.20294118,144657325.20294118,144657325.20294118,19906386842.98311,19901679615.78311,19911094070.18311,138727,136751.0,140703.0,5822,5774.0,5870.0,305316.0588235294,305316.0588235294,305316.0588235294,9982.94117647059,9982.94117647059,9982.94117647059,56570,56570.0,56570.0
DE,2020-03-15,3,Restrict_Mass_Gatherings_and_Schools_and_Others-Restrict_Mass_Gatherings-Restrict_Mass_Gatherings_and_Schools,48186065647.59251,48180448971.37299,48191682323.81202,0,5996085612.273278,5937822362.192856,6054348862.353703,129458347.82352942,129458347.82352942,129458347.82352942,19843777862.58311,19839961578.18311,19847594146.98311,112445,110843.0,114047.0,5270,5226.0,5314.0,277596.4705882353,277596.4705882353,277596.4705882353,8859.529411764706,8859.529411764706,8859.529411764706,50204,50204.0,50204.0
DE,2020-03-15,3,Restrict_Mass_Gatherings_and_Schools_and_Others-Restrict_Mass_Gatherings-Authorize_Schools_but_Restrict_Mass_Gatherings_and_Others,35900736697.46349,35894345186.38473,35907128208.54225,0,6318686669.560897,6255866489.708808,6381506849.412985,138748546.5264706,138748546.5264706,138748546.5264706,19880732931.18311,19876390180.58311,19885075681.78311,127958,126135.0,129781.0,5608,5561.0,5655.0,294582.5294117647,294582.5294117647,294582.5294117647,9545.470588235296,9545.470588235296,9545.470588235296,54091,54091.0,54091.0
DE,2020-03-15,3,Restrict_Mass_Gatherings_and_Schools_and_Others-Restrict_Mass_Gatherings-Restrict_Mass_Gatherings_and_Schools_and_Others,50393019092.54333,50387455006.925125,50398583178.16154,0,5963520389.395957,5905335571.075534,6021705207.71638,128798683.0,128798683.0,128798683.0,19841338489.78311,19837557938.38311,19845119041.18311,111421,109834.0,113008.0,5246,5202.0,5290.0,276380.0,276380.0,276380.0,8811.0,8811.0,8811.0,49929,49929.0,49929.0
DE,2020-03-15,3,Restrict_Mass_Gatherings_and_Schools_and_Others-Restrict_Mass_Gatherings-Lockdown,57320199344.97253,57315006899.60355,57325391790.34151,0,5713560839.088712,5658197850.8773985,5768923827.300025,123706712.72352943,123706712.72352943,123706712.72352943,19823536309.18311,19820008270.98311,19827064347.38311,103948,102467.0,105429.0,5060,5018.0,5102.0,266982.4705882353,266982.4705882353,266982.4705882353,8436.529411764706,8436.529411764706,8436.529411764706,47807,47807.0,47807.0
DE,2020-03-15,3,Restrict_Mass_Gatherings_and_Schools_and_Others-Restrict_Mass_Gatherings_and_Schools-No_Measure,43018789979.48181,43014635321.978615,43022944636.985016,0,4605985643.3583,4561240691.231427,4650730595.485172,95783355.22941177,95783355.22941177,95783355.22941177,19774005606.78311,19771182699.78311,19776828513.78311,83156,81971.0,84341.0,4054,4020.0,4088.0,210568.58823529413,210568.58823529413,210568.58823529413,6466.411764705883,6466.411764705883,6466.411764705883,36643,36643.0,36643.0
DE,2020-03-15,3,Restrict_Mass_Gatherings_and_Schools_and_Others-Restrict_Mass_Gatherings_and_Schools-Restrict_Mass_Gatherings,48073402555.43405,48069391645.574425,48077413465.29368,0,4528751330.237771,4485354547.757452,4572148112.718088,94277930.30588236,94277930.30588236,94277930.30588236,19767228247.78311,19764503010.98311,19769953484.58311,80311,79167.0,81455.0,3999,3966.0,4032.0,207838.11764705883,207838.11764705883,207838.11764705883,6354.882352941177,6354.882352941177,6354.882352941177,36011,36011.0,36011.0
DE,2020-03-15,3,Restrict_Mass_Gatherings_and_Schools_and_Others-Restrict_Mass_Gatherings_and_Schools-Restrict_Mass_Gatherings_and_Schools,63249332615.551125,63245574140.57777,63253091090.52448,0,4380842258.040377,4338955737.510614,4422728778.570139,91325796.97058824,91325796.97058824,91325796.97058824,19755112378.58311,19752558660.18311,19757666096.98311,75225,74153.0,76297.0,3892,3860.0,3924.0,202459.41176470587,202459.41176470587,202459.41176470587,6136.588235294118,6136.588235294118,6136.588235294118,34774,34774.0,34774.0
DE,2020-03-15,3,Restrict_Mass_Gatherings_and_Schools_and_Others-Restrict_Mass_Gatherings_and_Schools-Authorize_Schools_but_Restrict_Mass_Gatherings_and_Others,50920514744.18188,50916602003.444695,50924427484.91907,0,4475330023.172677,4432079646.64436,4518580399.700995,93209051.02647059,93209051.02647059,93209051.02647059,19762518638.38311,19759860103.18311,19765177173.58311,78334,77218.0,79450.0,3961,3928.0,3994.0,205912.5294117647,205912.5294117647,205912.5294117647,6275.470588235295,6275.470588235295,6275.470588235295,35561,35561.0,35561.0
DE,2020-03-15,3,Restrict_Mass_Gatherings_and_Schools_and_Others-Restrict_Mass_Gatherings_and_Schools-Restrict_Mass_Gatherings_and_Schools_and_Others,65459118940.89232,65455370984.03922,65462866897.745415,0,4374043893.183601,4332173059.005839,4415914727.361363,91184171.29117647,91184171.29117647,91184171.29117647,19754597823.38311,19752051251.58311,19757144395.18311,75009,73940.0,76078.0,3887,3855.0,3919.0,202197.82352941178,202197.82352941178,202197.82352941178,6126.176470588236,6126.176470588236,6126.176470588236,34715,34715.0,34715.0
DE,2020-03-15,3,Restrict_Mass_Gatherings_and_Schools_and_Others-Restrict_Mass_Gatherings_and_Schools-Lockdown,72407082998.95776,72403415681.02667,72410750316.88885,0,4321747631.303953,4279997059.1581907,4363498203.449716,90103930.60294119,90103930.60294119,90103930.60294119,19750917324.38311,19748425543.18311,19753409105.58311,73464,72418.0,74510.0,3848,3816.0,3880.0,200192.0588235294,200192.0588235294,200192.0588235294,6046.941176470588,6046.941176470588,6046.941176470588,34266,34266.0,34266.0
DE,2020-03-15,3,Restrict_Mass_Gatherings_and_Schools_and_Others-Authorize_Schools_but_Restrict_Mass_Gatherings_and_Others-No_Measure,30827710398.973873,30821438093.25807,30833982704.68967,0,5989773715.260029,5930532682.571605,6049014747.948453,131085295.28235294,131085295.28235294,131085295.28235294,19874998975.78311,19870737219.98311,19879260731.58311,125551,123762.0,127340.0,5329,5285.0,5373.0,278833.64705882355,278833.64705882355,278833.64705882355,9009.35294117647,9009.35294117647,9009.35294117647,51053,51053.0,51053.0
DE,2020-03-15,3,Restrict_Mass_Gatherings_and_Schools_and_Others-Authorize_Schools_but_Restrict_Mass_Gatherings_and_Others-Restrict_Mass_Gatherings,35860557478.065475,35854737451.520905,35866377504.61004,0,5891427239.041664,5833994508.9917965,5948859969.091534,126385274.60882354,126385274.60882354,126385274.60882354,19853432919.18311,19849478467.18311,19857387371.18311,116498,114838.0,118158.0,5159,5116.0,5202.0,270328.17647058825,270328.17647058825,270328.17647058825,8660.823529411766,8660.823529411766,8660.823529411766,49078,49078.0,49078.0
DE,2020-03-15,3,Restrict_Mass_Gatherings_and_Schools_and_Others-Authorize_Schools_but_Restrict_Mass_Gatherings_and_Others-Restrict_Mass_Gatherings_and_Schools,50990905511.01033,50985990042.808235,50995820979.212425,0,5360345264.349959,5307662929.079756,5413027599.620161,115774348.69411764,115774348.69411764,115774348.69411764,19810346067.78311,19807006223.38311,19813685912.18311,98411,97009.0,99813.0,4774,4734.0,4814.0,250941.88235294117,250941.88235294117,250941.88235294117,7877.117647058824,7877.117647058824,7877.117647058824,44637,44637.0,44637.0
DE,2020-03-15,3,Restrict_Mass_Gatherings_and_Schools_and_Others-Authorize_Schools_but_Restrict_Mass_Gatherings_and_Others-Authorize_Schools_but_Restrict_Mass_Gatherings_and_Others,38688530193.97789,38683081807.682556,38693978580.273224,0,5683611365.336958,5627866675.893644,5739356054.780271,122254015.65,122254015.65,122254015.65,19835718879.98311,19832016941.18311,19839420818.78311,109062,107508.0,110616.0,5010,4968.0,5052.0,262821.0,262821.0,262821.0,8355.0,8355.0,8355.0,47345,47345.0,47345.0
DE,2020-03-15,3,Restrict_Mass_Gatherings_and_Schools_and_Others-Authorize_Schools_but_Restrict_Mass_Gatherings_and_Others-Restrict_Mass_Gatherings_and_Schools_and_Others,53199005431.069626,53194125023.2684,53203885838.87086,0,5337426380.358522,5284796332.928319,5390056427.788725,115310327.31470588,115310327.31470588,115310327.31470588,19808685674.38311,19805369651.98311,19812001696.78311,97714,96322.0,99106.0,4757,4717.0,4797.0,250102.29411764705,250102.29411764705,250102.29411764705,7842.705882352941,7842.705882352941,7842.705882352941,44442,44442.0,44442.0
DE,2020-03-15,3,Restrict_Mass_Gatherings_and_Schools_and_Others-Authorize_Schools_but_Restrict_Mass_Gatherings_and_Others-Lockdown,60134666794.46949,60130038821.554535,60139294767.384445,0,5307608970.463471,5257622974.486379,5357594966.440564,111805715.22941175,111805715.22941175,111805715.22941175,19796646035.58311,19793501531.58311,19799790539.58311,92660,91340.0,93980.0,4629,4591.0,4667.0,243608.58823529413,243608.58823529413,243608.58823529413,7585.411764705883,7585.411764705883,7585.411764705883,42984,42984.0,42984.0
DE,2020-03-15,3,Restrict_Mass_Gatherings_and_Schools_and_Others-Restrict_Mass_Gatherings_and_Schools_and_Others-No_Measure,45223068315.84619,45219004815.385254,45227131816.30712,0,4530882015.202105,4487406800.961788,4574357229.442423,94176256.09117648,94176256.09117648,94176256.09117648,19769748615.38311,19766987645.58311,19772509585.18311,81369,80210.0,82528.0,3996,3963.0,4029.0,207429.82352941178,207429.82352941178,207429.82352941178,6351.176470588236,6351.176470588236,6351.176470588236,35990,35990.0,35990.0
DE,2020-03-15,3,Restrict_Mass_Gatherings_and_Schools_and_Others-Restrict_Mass_Gatherings_and_Schools_and_Others-Restrict_Mass_Gatherings,50278080580.368355,50274153815.47082,50282007345.26589,0,4456511362.462686,4413240070.7983675,4499782654.127004,92714252.59117648,92714252.59117648,92714252.59117648,19763242827.18311,19760574763.18311,19765910891.18311,78638,77518.0,79758.0,3943,3910.0,3976.0,204759.82352941178,204759.82352941178,204759.82352941178,6243.176470588236,6243.176470588236,6243.176470588236,35378,35378.0,35378.0
DE,2020-03-15,3,Restrict_Mass_Gatherings_and_Schools_and_Others-Restrict_Mass_Gatherings_and_Schools_and_Others-Restrict_Mass_Gatherings_and_Schools,65455711069.927666,65452012197.63579,65459409942.21954,0,4322476145.530844,4280678514.32908,4364273776.732606,90037677.88235295,90037677.88235295,90037677.88235295,19752282324.98311,19749769103.98311,19754795545.98311,74037,72982.0,75092.0,3846,3814.0,3878.0,199877.64705882352,199877.64705882352,199877.64705882352,6045.352941176471,6045.352941176471,6045.352941176471,34257,34257.0,34257.0
DE,2020-03-15,3,Restrict_Mass_Gatherings_and_Schools_and_Others-Restrict_Mass_Gatherings_and_Schools_and_Others-Authorize_Schools_but_Restrict_Mass_Gatherings_and_Others,53124901767.788956,53121076678.05394,53128726857.523964,0,4398120908.315372,4356135040.889609,4440106775.741136,91547494.35588236,91547494.35588236,91547494.35588236,19758335495.18311,19755736514.98311,19760934475.38311,76578,75487.0,77669.0,3901,3869.0,3933.0,202635.11764705883,202635.11764705883,202635.11764705883,6156.882352941177,6156.882352941177,6156.882352941177,34889,34889.0,34889.0
DE,2020-03-15,3,Restrict_Mass_Gatherings_and_Schools_and_Others-Restrict_Mass_Gatherings_and_Schools_and_Others-Restrict_Mass_Gatherings_and_Schools_and_Others,67665535961.709816,67661847607.5382,67669224315.88143,0,4315735297.298068,4273953352.4483047,4357517242.14783,89899329.29411764,89899329.29411764,89899329.29411764,19751793973.98311,19749287899.58311,19754300048.38311,73832,72780.0,74884.0,3841,3809.0,3873.0,199625.88235294117,199625.88235294117,199625.88235294117,6035.117647058824,6035.117647058824,6035.117647058824,34199,34199.0,34199.0
DE,2020-03-15,3,Restrict_Mass_Gatherings_and_Schools_and_Others-Restrict_Mass_Gatherings_and_Schools_and_Others-Lockdown,74613808551.30293,74610193823.97314,74617423278.63272,0,4265032957.9129744,4223360817.527212,4306705098.298738,88862299.19705883,88862299.19705883,88862299.19705883,19748323108.58311,19745867060.38311,19750779156.78311,72375,71344.0,73406.0,3803,3771.0,3835.0,197699.9411764706,197699.9411764706,197699.9411764706,5959.058823529412,5959.058823529412,5959.058823529412,33768,33768.0,33768.0
DE,2020-03-15,3,Restrict_Mass_Gatherings_and_Schools_and_Others-Lockdown-No_Measure,52132911200.04474,52129468268.67922,52136354131.41026,0,4014702753.473183,3975554402.5085306,4053851104.4378357,83132856.07941177,83132856.07941177,83132856.07941177,19740166455.78311,19737827135.38311,19742505776.18311,68951,67969.0,69933.0,3598,3568.0,3628.0,185797.58823529413,185797.58823529413,185797.58823529413,5560.411764705883,5560.411764705883,5560.411764705883,31509,31509.0,31509.0
DE,2020-03-15,3,Restrict_Mass_Gatherings_and_Schools_and_Others-Lockdown-Restrict_Mass_Gatherings,57194213300.48314,57190815947.638756,57197610653.32753,0,3989395171.8191915,4092048715.814539,4028475548.5918436,82617232.59411764,82617232.59411764,82617232.59411764,19737934334.38311,19735625982.58311,19740242686.18311,68014,67045.0,68983.0,3580,3550.0,3610.0,184867.88235294117,184867.88235294117,184867.88235294117,5522.117647058824,5522.117647058824,5522.117647058824,31292,31292.0,31292.0
DE,2020-03-15,3,Restrict_Mass_Gatherings_and_Schools_and_Others-Lockdown-Restrict_Mass_Gatherings_and_Schools,72382698490.15207,72379378270.1896,72386018710.11455,0,4086978508.5854287,4049146954.5633316,4124810062.607526,81733749.80882353,81733749.80882353,81733749.80882353,19734349123.38311,19732093179.983112,19736605066.78311,66509,65562.0,67456.0,3548,3519.0,3577.0,183256.17647058822,183256.17647058822,183256.17647058822,5456.823529411765,5456.823529411765,5456.823529411765,30922,30922.0,30922.0
DE,2020-03-15,3,Restrict_Mass_Gatherings_and_Schools_and_Others-Lockdown-Authorize_Schools_but_Restrict_Mass_Gatherings_and_Others,60045806208.462265,60042443916.01875,60049168500.905785,0,4110467330.032865,4071439241.1002126,4007761498.197518,82216319.27647059,82216319.27647059,82216319.27647059,19736269176.58311,19733984646.78311,19738553706.38311,67315,66356.0,68274.0,3565,3535.0,3595.0,184137.5294117647,184137.5294117647,184137.5294117647,5492.470588235295,5492.470588235295,5492.470588235295,31124,31124.0,31124.0
DE,2020-03-15,3,Restrict_Mass_Gatherings_and_Schools_and_Others-Lockdown-Restrict_Mass_Gatherings_and_Schools_and_Others,74592968649.02528,74589651935.1029,74596285362.94766,0,4084303084.4283185,4046476759.1902213,4122129409.666416,81675081.47941177,81675081.47941177,81675081.47941177,19734163311.78311,19731909750.58311,19736416872.98311,66431,65485.0,67377.0,3546,3517.0,3575.0,183153.58823529413,183153.58823529413,183153.58823529413,5452.411764705883,5452.411764705883,5452.411764705883,30897,30897.0,30897.0
DE,2020-03-15,3,Restrict_Mass_Gatherings_and_Schools_and_Others-Lockdown-Lockdown,81545031267.95255,81541732084.23059,81548330451.67448,0,4070999166.6187677,4033198985.3006706,4108799347.9368653,81422884.15588236,81422884.15588236,81422884.15588236,19733267604.58311,19731025954.38311,19735509254.78311,66055,65114.0,66996.0,3536,3507.0,3565.0,182687.11764705883,182687.11764705883,182687.11764705883,5433.882352941177,5433.882352941177,5433.882352941177,30792,30792.0,30792.0
DE,2020-03-15,3,Lockdown-No_Measure-No_Measure,29702840911.929058,29698844026.22978,29706837797.628338,0,3939947706.9062386,3901106997.5721407,3978788416.2403355,80248664.51764706,80248664.51764706,80248664.51764706,19766544556.38311,19763828848.38311,19769260264.38311,80024,78884.0,81164.0,3481,3452.0,3510.0,173258.35294117648,173258.35294117648,173258.35294117648,5471.64705882353,5471.64705882353,5471.64705882353,31006,31006.0,31006.0
DE,2020-03-15,3,Lockdown-No_Measure-Restrict_Mass_Gatherings,34744631899.282814,34740961075.31164,34748302723.254,0,3766494044.523963,3729273401.604421,3803714687.4435053,76829648.3882353,76829648.3882353,76829648.3882353,19751055491.98311,19748561328.58311,19753549655.38311,73522,72475.0,74569.0,3358,3330.0,3386.0,167063.76470588235,167063.76470588235,167063.76470588235,5218.235294117648,5218.235294117648,5218.235294117648,29570,29570.0,29570.0
DE,2020-03-15,3,Lockdown-No_Measure-Restrict_Mass_Gatherings_and_Schools,49895725171.422966,49892660892.386856,49898789450.45908,0,3552075972.3527527,3518027488.07032,3586124456.6351843,69740310.31764705,69740310.31764705,69740310.31764705,19722064117.98311,19719982075.18311,19724146160.78311,61352,60478.0,62226.0,3100,3074.0,3126.0,154110.35294117648,154110.35294117648,154110.35294117648,4694.64705882353,4694.64705882353,4694.64705882353,26603,26603.0,26603.0
DE,2020-03-15,3,Lockdown-No_Measure-Authorize_Schools_but_Restrict_Mass_Gatherings_and_Others,37581814982.50401,37578382569.25876,37585247395.749275,0,3633638819.525231,3739641444.1882434,3669370115.6302176,74211693.82647058,74211693.82647058,74211693.82647058,19739599492.18311,19737267318.38311,19741931665.98311,68713,67734.0,69692.0,3263,3236.0,3290.0,162304.5294117647,162304.5294117647,162304.5294117647,5024.470588235295,5024.470588235295,5024.470588235295,28472,28472.0,28472.0
DE,2020-03-15,3,Lockdown-No_Measure-Restrict_Mass_Gatherings_and_Schools_and_Others,52104536817.61995,52101497080.86444,52107576554.37545,0,3537021268.5286465,3503009385.7342143,3571033151.323078,69410709.83529413,69410709.83529413,69410709.83529413,19720887311.18311,19718821943.78311,19722952678.58311,60858,59991.0,61725.0,3089,3063.0,3115.0,153508.70588235295,153508.70588235295,153508.70588235295,4670.2941176470595,4670.2941176470595,4670.2941176470595,26465,26465.0,26465.0
DE,2020-03-15,3,Lockdown-No_Measure-Lockdown,59049955490.58217,59047027947.10945,59052883034.054886,0,3470724803.9420023,3438014031.7381253,3503435576.1458793,68091097.08235294,68091097.08235294,68091097.08235294,19715477334.983112,19713488197.98311,19717466471.98311,58587,57752.0,59422.0,3041,3016.0,3066.0,151125.64705882352,151125.64705882352,151125.64705882352,4572.352941176471,4572.352941176471,4572.352941176471,25910,25910.0,25910.0
DE,2020-03-15,3,Lockdown-Restrict_Mass_Gatherings-No_Measure,34735028855.48428,34731494767.0765,34738562943.89207,0,3609314927.826023,3573431996.985036,3645197858.6670103,73388011.65588236,73388011.65588236,73388011.65588236,19744530646.18311,19742129388.58311,19746931903.78311,70783,69775.0,71791.0,3232,3205.0,3259.0,160317.11764705883,160317.11764705883,160317.11764705883,4971.882352941177,4971.882352941177,4971.882352941177,28174,28174.0,28174.0
DE,2020-03-15,3,Lockdown-Restrict_Mass_Gatherings-Restrict_Mass_Gatherings,39782096433.16911,39778811273.60751,39785381592.73071,0,3616076822.7007356,3581698925.026303,3650454720.3751674,70727497.10294119,70727497.10294119,70727497.10294119,19732626792.78311,19730394671.38311,19734858914.18311,65786,64849.0,66723.0,3136,3110.0,3162.0,155482.0588235294,155482.0588235294,155482.0588235294,4774.941176470588,4774.941176470588,4774.941176470588,27058,27058.0,27058.0
DE,2020-03-15,3,Lockdown-Restrict_Mass_Gatherings-Restrict_Mass_Gatherings_and_Schools,54944991036.24239,54942144131.69168,54947837940.79311,0,3359157760.88949,3327701040.220168,3390614481.558812,65601442.738235295,65601442.738235295,65601442.738235295,19711653903.98311,19709719557.58311,19713588250.38311,56982,56170.0,57794.0,2950,2926.0,2974.0,146122.76470588235,146122.76470588235,146122.76470588235,4396.235294117648,4396.235294117648,4396.235294117648,24912,24912.0,24912.0
DE,2020-03-15,3,Lockdown-Restrict_Mass_Gatherings-Authorize_Schools_but_Restrict_Mass_Gatherings_and_Others,42623272896.0495,42620170050.57243,42626375741.52657,0,3514120551.7342143,3481148340.330337,3547092763.1380916,68693340.32941177,68693340.32941177,68693340.32941177,19723884118.78311,19721775871.78311,19725992365.78311,62116,61231.0,63001.0,3063,3038.0,3088.0,151782.58823529413,151782.58823529413,151782.58823529413,4624.411764705883,4624.411764705883,4624.411764705883,26205,26205.0,26205.0
DE,2020-03-15,3,Lockdown-Restrict_Mass_Gatherings-Restrict_Mass_Gatherings_and_Schools_and_Others,57154724770.98228,57151891890.59191,57157557651.37264,0,3352280964.2727146,3320845158.7393928,3383716769.8060365,65468997.73235294,65468997.73235294,65468997.73235294,19711103615.78311,19709178798.18311,19713028433.38311,56751,55943.0,57559.0,2945,2921.0,2969.0,145886.64705882352,145886.64705882352,145886.64705882352,4386.352941176471,4386.352941176471,4386.352941176471,24856,24856.0,24856.0
DE,2020-03-15,3,Lockdown-Restrict_Mass_Gatherings-Lockdown,64099161752.72012,64096455089.77289,64101868415.66735,0,3266379808.1251893,3235132238.8158674,3297627377.4345117,63705267.058823526,63705267.058823526,63705267.058823526,19705026623.58311,19703187565.18311,19706865681.98311,54200,53428.0,54972.0,2881,2857.0,2905.0,142621.17647058822,142621.17647058822,142621.17647058822,4256.823529411765,4256.823529411765,4256.823529411765,24122,24122.0,24122.0
DE,2020-03-15,3,Lockdown-Restrict_Mass_Gatherings_and_Schools-No_Measure,49845511665.29571,49843162618.437355,49847860712.15405,0,2841133416.9713516,2813820552.137695,2868446281.8050084,54200189.18823529,54200189.18823529,54200189.18823529,19687946249.58311,19686350175.58311,19689542323.58311,47030,46360.0,47700.0,2539,2518.0,2560.0,123415.76470588235,123415.76470588235,123415.76470588235,3586.2352941176473,3586.2352941176473,3586.2352941176473,20322,20322.0,20322.0
DE,2020-03-15,3,Lockdown-Restrict_Mass_Gatherings_and_Schools-Restrict_Mass_Gatherings,54907080224.78072,54904773250.40342,54909387199.15803,0,2817357012.4039154,2790106892.9782586,2844607131.8295717,53746023.17352942,53746023.17352942,53746023.17352942,19685895175.38311,19684327687.78311,19687462662.98311,46169,45511.0,46827.0,2522,2501.0,2543.0,122595.4705882353,122595.4705882353,122595.4705882353,3552.5294117647063,3552.5294117647063,3552.5294117647063,20131,20131.0,20131.0
DE,2020-03-15,3,Lockdown-Restrict_Mass_Gatherings_and_Schools-Restrict_Mass_Gatherings_and_Schools,70095379594.32504,70093153258.86974,70097605929.78035,0,2771795513.3475976,2744665655.9539404,2798925370.7412543,52837389.93529412,52837389.93529412,52837389.93529412,19682183707.78311,19680671010.78311,19683696404.78311,44611,43976.0,45246.0,2489,2468.0,2510.0,120942.70588235294,120942.70588235294,120942.70588235294,3485.294117647059,3485.294117647059,3485.294117647059,19750,19750.0,19750.0
DE,2020-03-15,3,Lockdown-Restrict_Mass_Gatherings_and_Schools-Authorize_Schools_but_Restrict_Mass_Gatherings_and_Others,57758799350.20299,57756527436.226555,57761071264.17942,0,2799151065.0786996,2771953233.4930425,2826348896.6643558,53374350.650000006,53374350.650000006,53374350.650000006,19684315776.78311,19682772111.18311,19685859442.38311,45506,44858.0,46154.0,2509,2488.0,2530.0,121921.0,121921.0,121921.0,3525.0000000000005,3525.0000000000005,3525.0000000000005,19975,19975.0,19975.0
DE,2020-03-15,3,Lockdown-Restrict_Mass_Gatherings_and_Schools-Restrict_Mass_Gatherings_and_Schools_and_Others,72305705849.83965,72303479514.38434,72307932185.29494,0,2770337539.2370424,2743207681.8433857,2797467396.630699,52800107.01764706,52800107.01764706,52800107.01764706,19682036011.38311,19680523314.38311,19683548708.38311,44549,43914.0,45184.0,2488,2467.0,2509.0,120868.35294117648,120868.35294117648,120868.35294117648,3482.6470588235297,3482.6470588235297,3482.6470588235297,19735,19735.0,19735.0
DE,2020-03-15,3,Lockdown-Restrict_Mass_Gatherings_and_Schools-Lockdown,79257628227.16342,79255422927.94864,79259833526.37819,0,2756824470.0674915,2730859774.88039,2782789165.2545934,52524433.92352942,52524433.92352942,52524433.92352942,19681045016.18311,19679546612.38311,19682543419.98311,44133,43504.0,44762.0,2478,2458.0,2498.0,120350.4705882353,120350.4705882353,120350.4705882353,3462.5294117647063,3462.5294117647063,3462.5294117647063,19621,19621.0,19621.0
DE,2020-03-15,3,Lockdown-Authorize_Schools_but_Restrict_Mass_Gatherings_and_Others-No_Measure,37546382941.38391,37543455397.911194,37549310484.85663,0,3291690638.2183,3260113655.516978,3323267620.9196215,63723748.44705883,63723748.44705883,63723748.44705883,19715524978.98311,19713535841.98311,19717514115.98311,58607,57772.0,59442.0,2883,2859.0,2907.0,141784.9411764706,141784.9411764706,141784.9411764706,4273.058823529412,4273.058823529412,4273.058823529412,24214,24214.0,24214.0
DE,2020-03-15,3,Lockdown-Authorize_Schools_but_Restrict_Mass_Gatherings_and_Others-Restrict_Mass_Gatherings,42601735291.794525,42598940977.845116,42604529605.743935,0,3221228546.0345454,3190984046.6277785,3251473045.4413123,62355346.82058823,62355346.82058823,62355346.82058823,19709250264.18311,19707351650.78311,19711148877.58311,55973,55176.0,56770.0,2833,2810.0,2856.0,139308.41176470587,139308.41176470587,139308.41176470587,4171.588235294118,4171.588235294118,4171.588235294118,23639,23639.0,23639.0
DE,2020-03-15,3,Lockdown-Authorize_Schools_but_Restrict_Mass_Gatherings_and_Others-Restrict_Mass_Gatherings_and_Schools,57777178012.33949,57774643145.35653,57779712879.32246,0,3066923725.3483763,3037066155.9576097,3096781294.7391434,59275256.394117646,59275256.394117646,59275256.394117646,19696803269.18311,19695080938.58311,19698525599.78311,50748,50025.0,51471.0,2721,2698.0,2744.0,133679.88235294117,133679.88235294117,133679.88235294117,3944.117647058824,3944.117647058824,3944.117647058824,22350,22350.0,22350.0
DE,2020-03-15,3,Lockdown-Authorize_Schools_but_Restrict_Mass_Gatherings_and_Others-Authorize_Schools_but_Restrict_Mass_Gatherings_and_Others,45448552973.17504,45445860334.38815,45451245611.96192,0,3163966652.6057873,3133873787.9350204,3194059517.276554,61224895.60294117,61224895.60294117,61224895.60294117,19704340549.98311,19702511020.38311,19706170079.58311,53912,53144.0,54680.0,2792,2769.0,2815.0,137252.0588235294,137252.0588235294,137252.0588235294,4087.9411764705883,4087.9411764705883,4087.9411764705883,23165,23165.0,23165.0
DE,2020-03-15,3,Lockdown-Authorize_Schools_but_Restrict_Mass_Gatherings_and_Others-Restrict_Mass_Gatherings_and_Schools_and_Others,59986995892.041466,59984471543.178764,59989520240.904175,0,3060172419.5476007,3031464326.0113893,3088880513.0838127,59138558.39705883,59138558.39705883,59138558.39705883,19696310153.78311,19694594969.78311,19698025337.78311,50541,49821.0,51261.0,2716,2694.0,2738.0,133427.9411764706,133427.9411764706,133427.9411764706,3934.058823529412,3934.058823529412,3934.058823529412,22293,22293.0,22293.0
DE,2020-03-15,3,Lockdown-Authorize_Schools_but_Restrict_Mass_Gatherings_and_Others-Lockdown,66935135252.111275,66932684530.0904,66937585974.13215,0,3009271386.3705077,2980673097.2982965,3037869675.44272,58083793.46176471,58083793.46176471,58083793.46176471,19692748764.78311,19691083606.98311,19694413922.58311,49046,48347.0,49745.0,2678,2656.0,2700.0,131465.23529411765,131465.23529411765,131465.23529411765,3856.764705882353,3856.764705882353,3856.764705882353,21855,21855.0,21855.0
DE,2020-03-15,3,Lockdown-Restrict_Mass_Gatherings_and_Schools_and_Others-No_Measure,52052980498.13933,52050677029.80212,52055283966.47655,0,2805935456.8343644,2778690566.192708,2833180347.4760213,53477422.29117647,53477422.29117647,53477422.29117647,19685857060.18311,19684291954.78311,19687422165.58311,46153,45496.0,46810.0,2512,2491.0,2533.0,122017.82352941176,122017.82352941176,122017.82352941176,3534.1764705882356,3534.1764705882356,3534.1764705882356,20027,20027.0,20027.0
DE,2020-03-15,3,Lockdown-Restrict_Mass_Gatherings_and_Schools_and_Others-Restrict_Mass_Gatherings,57115965497.819534,57113683065.72284,57118247929.91623,0,2795609376.0284786,2768395858.090822,2822822893.9661355,53281543.92352942,53281543.92352942,53281543.92352942,19684768394.78311,19683217582.58311,19686319206.98311,45696,45045.0,46347.0,2505,2484.0,2526.0,121670.4705882353,121670.4705882353,121670.4705882353,3519.5294117647063,3519.5294117647063,3519.5294117647063,19944,19944.0,19944.0
DE,2020-03-15,3,Lockdown-Restrict_Mass_Gatherings_and_Schools_and_Others-Restrict_Mass_Gatherings_and_Schools,72304475229.76907,72302266424.5142,72306684035.02394,0,2751495393.514716,2725525469.543615,2777465317.485818,52395434.64705882,52395434.64705882,52395434.64705882,19681199859.18311,19679699073.18311,19682700645.18311,44198,43568.0,44828.0,2473,2453.0,2493.0,120052.94117647059,120052.94117647059,120052.94117647059,3454.058823529412,3454.058823529412,3454.058823529412,19573,19573.0,19573.0
DE,2020-03-15,3,Lockdown-Restrict_Mass_Gatherings_and_Schools_and_Others-Authorize_Schools_but_Restrict_Mass_Gatherings_and_Others,59967635538.68057,59965388166.98475,59969882910.376396,0,2776196436.224708,2749035206.127051,2803357666.3223643,52896925.68529412,52896925.68529412,52896925.68529412,19683155645.38311,19681628655.18311,19684682635.58311,45019,44378.0,45660.0,2491,2470.0,2512.0,120957.70588235294,120957.70588235294,120957.70588235294,3491.294117647059,3491.294117647059,3491.294117647059,19784,19784.0,19784.0
DE,2020-03-15,3,Lockdown-Restrict_Mass_Gatherings_and_Schools_and_Others-Restrict_Mass_Gatherings_and_Schools_and_Others,74514882124.20567,74512676824.9909,74517087423.42046,0,2751291470.938716,2725326775.751615,2777256166.125818,52376723.908823535,52376723.908823535,52376723.908823535,19681106953.38311,19679608549.58311,19682605357.18311,44159,43530.0,44788.0,2473,2453.0,2493.0,120010.17647058824,120010.17647058824,120010.17647058824,3452.823529411765,3452.823529411765,3452.823529411765,19566,19566.0,19566.0
DE,2020-03-15,3,Lockdown-Restrict_Mass_Gatherings_and_Schools_and_Others-Lockdown,81466944743.13293,81464756974.11859,81469132512.14728,0,2737987553.1291656,2712049001.862064,2763926104.396267,52115623.02941176,52115623.02941176,52115623.02941176,19680211246.18311,19678724753.38311,19681697738.98311,43783,43159.0,44407.0,2463,2443.0,2483.0,119540.58823529411,119540.58823529411,119540.58823529411,3433.4117647058824,3433.4117647058824,3433.4117647058824,19456,19456.0,19456.0
DE,2020-03-15,3,Lockdown-Lockdown-No_Measure,58993606414.302505,58991481754.009735,58995731074.59528,0,2653125979.3408647,2627281546.185763,2678970412.4959664,50180338.9382353,50180338.9382353,50180338.9382353,19677190616.58311,19675747003.38311,19678634229.78311,42515,41909.0,43121.0,2394,2374.0,2414.0,115550.76470588235,115550.76470588235,115550.76470588235,3298.2352941176473,3298.2352941176473,3298.2352941176473,18690,18690.0,18690.0
DE,2020-03-15,3,Lockdown-Lockdown-Restrict_Mass_Gatherings,64057352224.68161,64055241588.54918,64059462860.81403,0,2646202123.6680894,2620378605.648988,2672025641.687191,50049544.52352941,50049544.52352941,50049544.52352941,19676618888.58311,19675184804.18311,19678052972.98311,42275,41673.0,42877.0,2389,2369.0,2409.0,115314.4705882353,115314.4705882353,115314.4705882353,3288.5294117647063,3288.5294117647063,3288.5294117647063,18635,18635.0,18635.0
DE,2020-03-15,3,Lockdown-Lockdown-Restrict_Mass_Gatherings_and_Schools,79249722106.76703,79247632506.87512,79251811706.65894,0,2635055980.3996487,2609263835.084547,2660848125.7147503,49824124.15294118,49824124.15294118,49824124.15294118,19675673155.18311,19674253363.98311,19677092946.38311,41878,41282.0,42474.0,2381,2361.0,2401.0,114899.05882352941,114899.05882352941,114899.05882352941,3271.9411764705883,3271.9411764705883,3271.9411764705883,18541,18541.0,18541.0
DE,2020-03-15,3,Lockdown-Lockdown-Authorize_Schools_but_Restrict_Mass_Gatherings_and_Others,66910761261.42584,66908657637.37359,66912864885.478096,0,2641854345.256424,2616041284.8053226,2667667405.7075257,49950316.18529412,49950316.18529412,49950316.18529412,19676187710.38311,19674758390.38311,19677617030.38311,42094,41494.0,42694.0,2386,2366.0,2406.0,115127.70588235294,115127.70588235294,115127.70588235294,3281.294117647059,3281.294117647059,3281.294117647059,18594,18594.0,18594.0
DE,2020-03-15,3,Lockdown-Lockdown-Restrict_Mass_Gatherings_and_Schools_and_Others,81460202628.04547,81458113028.15356,81462292227.93736,0,2634961862.2876487,2609169716.972547,2660754007.6027503,49815594.07941177,49815594.07941177,49815594.07941177,19675630275.58311,19674210484.38311,19677050066.78311,41860,41264.0,42456.0,2381,2361.0,2401.0,114877.58823529411,114877.58823529411,114877.58823529411,3271.4117647058824,3271.4117647058824,3271.4117647058824,18538,18538.0,18538.0
DE,2020-03-15,3,Lockdown-Lockdown-Lockdown,88413194347.5958,88411108253.74399,88415280441.44762,0,2630980098.7559834,2605193182.2248816,2656767015.287085,49739516.21176471,49739516.21176471,49739516.21176471,19675365851.38311,19673948442.38311,19676783260.38311,41749,41154.0,42344.0,2378,2358.0,2398.0,114740.23529411765,114740.23529411765,114740.23529411765,3265.764705882353,3265.764705882353,3265.764705882353,18506,18506.0,18506.0
US-NY,2020-03-15,3,actual,37547500000.0,37547500000.0,37547500000.0,0,191299370688.3754,,,3887181335.205439,,,118034353518.58534,,,385831,,,31462,,,1039916.3529411765,,,34121.64705882353,,,193356,,
US-NY,2020-03-15,3,No_Measure-No_Measure-No_Measure,22201546521.476105,21843591772.534786,22559501270.417423,0,1019199454599.7225,1014472987049.445,1023925922149.9999,28231283635.0872,28231283635.0872,28231283635.0872,130460005008.01834,130231293259.76234,130688716756.27435,3110098,3059954.0,3160242.0,172867,172073.0,173661.0,7417742.94117647,7417742.94117647,7417742.94117647,254503.05882352943,254503.05882352943,254503.05882352943,1442184,1442184.0,1442184.0
US-NY,2020-03-15,3,No_Measure-No_Measure-Restrict_Mass_Gatherings,24718868844.525105,24367403024.803387,25070334664.246826,0,1008960623818.8157,1004294987423.0348,1013626260214.5966,27912454654.855156,27912454654.855156,27912454654.855156,130202717974.52734,129978152265.26234,130427283683.79234,3053689,3004454.0,3102924.0,171130,170344.0,171916.0,7338572.470588235,7338572.470588235,7338572.470588235,251400.52941176473,251400.52941176473,251400.52941176473,1424603,1424603.0,1424603.0
US-NY,2020-03-15,3,No_Measure-No_Measure-Restrict_Mass_Gatherings_and_Schools,32445997822.14156,32114334301.270416,32777661343.012703,0,977589176392.5753,973106739915.9683,982071612869.1824,26936893983.96394,26936893983.96394,26936893983.96394,129418181579.93335,129206268359.29434,129630094800.57234,2881683,2835222.0,2928144.0,165815,165053.0,166577.0,7096261.529411765,7096261.529411765,7096261.529411765,241910.4705882353,241910.4705882353,241910.4705882353,1370826,1370826.0,1370826.0
US-NY,2020-03-15,3,No_Measure-No_Measure-Authorize_Schools_but_Restrict_Mass_Gatherings_and_Others,26317799395.03932,25970381125.22686,26665217664.851784,0,1002619433057.3762,997985903223.1937,1007252962891.5588,27713987047.25835,27713987047.25835,27713987047.25835,130042299561.59834,129820319995.46634,130264279127.73035,3018518,2969850.0,3067186.0,170048,169266.0,170830.0,7289289.764705882,7289289.764705882,7289289.764705882,249469.23529411765,249469.23529411765,249469.23529411765,1413659,1413659.0,1413659.0
US-NY,2020-03-15,3,No_Measure-No_Measure-Restrict_Mass_Gatherings_and_Schools_and_Others,32849183605.565636,32530647852.389595,33167719358.74168,0,956225938943.4711,951871376426.3878,960722235381.3223,26271046273.64765,26271046273.64765,26271046273.64765,128897883333.70634,128694357974.12834,129101408693.28435,2767610,2722988.0,2812232.0,162194,161449.0,162939.0,6930627.352941177,6930627.352941177,6930627.352941177,235445.64705882355,235445.64705882355,235445.64705882355,1334192,1334192.0,1334192.0
US-NY,2020-03-15,3,No_Measure-No_Measure-Lockdown,37678140229.885056,37351602177.85844,38004678281.91168,0,969380057740.2832,964943789502.2837,973816325978.2828,26679853632.46379,26679853632.46379,26679853632.46379,129215089524.76035,129006451173.20334,129423727876.31735,2837156,2791413.0,2882899.0,164416,163660.0,165172.0,7032360.117647059,7032360.117647059,7032360.117647059,239412.8823529412,239412.8823529412,239412.8823529412,1356673,1356673.0,1356673.0
US-NY,2020-03-15,3,No_Measure-Restrict_Mass_Gatherings-No_Measure,23544458318.209316,23211931034.482758,23876985601.935875,0,937785822539.1227,933484343318.5795,942087301759.6659,25743238814.4768,25743238814.4768,25743238814.4768,129452339650.34435,129239874536.72635,129664804763.96234,2889172,2842590.0,2935754.0,159045,158314.0,159776.0,6758627.352941177,6758627.352941177,6758627.352941177,232340.64705882355,232340.64705882355,232340.64705882355,1316597,1316597.0,1316597.0
US-NY,2020-03-15,3,No_Measure-Restrict_Mass_Gatherings-Restrict_Mass_Gatherings,25985012825.166367,25660216575.922565,26309809074.41016,0,926489386585.2264,922257249908.4264,930721523262.0264,25395153139.447235,25395153139.447235,25395153139.447235,129146002558.20735,128938477114.80635,129353528001.60834,2822009,2776510.0,2867508.0,157132,156410.0,157854.0,6672664.0,6672664.0,6672664.0,228930.00000000003,228930.00000000003,228930.00000000003,1297270,1297270.0,1297270.0
US-NY,2020-03-15,3,No_Measure-Restrict_Mass_Gatherings-Restrict_Mass_Gatherings_and_Schools,33546977495.462795,33244639080.459774,33849315910.46582,0,893243563364.9552,889212010129.1501,897416850521.5283,24371213144.472363,24371213144.472363,24371213144.472363,128255936016.05034,128062759790.10335,128449112241.99734,2626866,2584513.0,2669219.0,151510,150814.0,152206.0,6419653.0,6419653.0,6419653.0,218904.0,218904.0,218904.0,1240456,1240456.0,1240456.0
US-NY,2020-03-15,3,No_Measure-Restrict_Mass_Gatherings-Authorize_Schools_but_Restrict_Mass_Gatherings_and_Others,27541640411.37326,27221569872.95826,27861710949.78826,0,919516690272.806,915323984100.063,923709396445.5492,25181657650.827667,25181657650.827667,25181657650.827667,128958555072.60434,128754049076.74135,129163061068.46735,2780912,2736075.0,2825749.0,155958,155241.0,156675.0,6619938.882352941,6619938.882352941,6619938.882352941,226838.11764705883,226838.11764705883,226838.11764705883,1285416,1285416.0,1285416.0
US-NY,2020-03-15,3,No_Measure-Restrict_Mass_Gatherings-Restrict_Mass_Gatherings_and_Schools_and_Others,33773056200.846943,33486700967.937084,34059411433.75681,0,867858473180.8988,863830864372.8867,871886081988.9108,23580054028.26633,23580054028.26633,23580054028.26633,127622476903.63335,127439512978.34735,127805440828.91934,2487983,2447869.0,2528097.0,147198,146521.0,147875.0,6223119.0,6223119.0,6223119.0,211209.0,211209.0,211209.0,1196851,1196851.0,1196851.0
US-NY,2020-03-15,3,No_Measure-Restrict_Mass_Gatherings-Lockdown,38675661101.028435,38380118572.2928,38971203629.76407,0,882547100625.6597,878435290955.3793,886517176375.1721,24034842557.678093,24034842557.678093,24034842557.678093,127986739953.07034,127797905893.37134,128175574012.76935,2567846,2526445.0,2609247.0,149678,148990.0,150366.0,6336065.176470588,6336065.176470588,6336065.176470588,215633.82352941178,215633.82352941178,215633.82352941178,1221925,1221925.0,1221925.0
US-NY,2020-03-15,3,No_Measure-Restrict_Mass_Gatherings_and_Schools-No_Measure,25419722444.041138,25201340350.877193,25638104537.205086,0,624712596040.3251,621806618249.4585,627618573831.1917,16127565195.9799,16127565195.9799,16127565195.9799,124928810422.80734,124789277282.19934,125068343563.41534,1897409,1866817.0,1928001.0,105950,105463.0,106437.0,4243486.0,4243486.0,4243486.0,145092.0,145092.0,145092.0,822188,822188.0,822188.0
US-NY,2020-03-15,3,No_Measure-Restrict_Mass_Gatherings_and_Schools-Restrict_Mass_Gatherings,27534516999.395042,27329119903.20629,27739914095.583786,0,608562914215.9584,605755029764.5826,611370798667.334,15634238812.887968,15634238812.887968,15634238812.887968,124414332138.90434,124283095637.37735,124545568640.43135,1784612,1755839.0,1813385.0,103210,102735.0,103685.0,4122623.882352941,4122623.882352941,4122623.882352941,140210.11764705883,140210.11764705883,140210.11764705883,794524,794524.0,794524.0
US-NY,2020-03-15,3,No_Measure-Restrict_Mass_Gatherings_and_Schools-Restrict_Mass_Gatherings_and_Schools,34675472232.3049,34499321718.088326,34851622746.52148,0,570534962707.1194,567823806230.817,573104385262.6539,14469280662.83624,14469280662.83624,14469280662.83624,123255265661.02435,123142715982.10034,123367815339.94835,1530492,1505816.0,1555168.0,96759,96314.0,97204.0,3836462.7647058824,3836462.7647058824,3836462.7647058824,128719.23529411765,128719.23529411765,128719.23529411765,729409,729409.0,729409.0
US-NY,2020-03-15,3,No_Measure-Restrict_Mass_Gatherings_and_Schools-Authorize_Schools_but_Restrict_Mass_Gatherings_and_Others,28936466787.658802,28738293889.89716,29134639685.42045,0,599378266600.1418,596632761493.3788,602123771706.905,15356273232.929354,15356273232.929354,15356273232.929354,124128054760.16934,124001434090.83035,124254675429.50835,1721847,1694086.0,1749608.0,101668,101201.0,102135.0,4054455.1764705884,4054455.1764705884,4054455.1764705884,137462.82352941178,137462.82352941178,137462.82352941178,778956,778956.0,778956.0
US-NY,2020-03-15,3,No_Measure-Restrict_Mass_Gatherings_and_Schools-Restrict_Mass_Gatherings_and_Schools_and_Others,35133282093.16394,34969381306.715065,35297182879.61282,0,552735672407.204,550132853080.5137,555338491733.8944,13920794882.944134,13920794882.944134,13920794882.944134,122769868944.34535,122665146111.30534,122874591777.38535,1424071,1401111.0,1447031.0,93747,93316.0,94178.0,3700955.3529411764,3700955.3529411764,3700955.3529411764,123347.64705882354,123347.64705882354,123347.64705882354,698970,698970.0,698970.0
US-NY,2020-03-15,3,No_Measure-Restrict_Mass_Gatherings_and_Schools-Lockdown,39894701028.43315,39723883000.604965,40065519056.261345,0,563065133041.8943,560400580702.3873,565587951460.6332,14238644321.053799,14238644321.053799,14238644321.053799,123043922577.76035,122934780039.78934,123153065115.73134,1484156,1460227.0,1508085.0,95490,95051.0,95929.0,3779590.882352941,3779590.882352941,3779590.882352941,126455.11764705883,126455.11764705883,126455.11764705883,716579,716579.0,716579.0
US-NY,2020-03-15,3,No_Measure-Authorize_Schools_but_Restrict_Mass_Gatherings_and_Others-No_Measure,24199374591.651543,23886114216.575924,24512634966.727165,0,879921701915.1705,875926111293.3912,884059026457.7178,23967706158.476204,23967706158.476204,23967706158.476204,128688752383.45735,128488597676.04034,128888907090.87434,2721759,2677876.0,2765642.0,149249,148563.0,149935.0,6291181.705882353,6291181.705882353,6291181.705882353,216380.29411764708,216380.29411764708,216380.29411764708,1226155,1226155.0,1226155.0
US-NY,2020-03-15,3,No_Measure-Authorize_Schools_but_Restrict_Mass_Gatherings_and_Others-Restrict_Mass_Gatherings,26576581730.187534,26272073200.241985,26881090260.13309,0,867660775016.9492,863742572368.0278,871720711586.6388,23590879134.08957,23590879134.08957,23590879134.08957,128341940098.79434,128147377298.75134,128536502898.83734,2645722,2603065.0,2688379.0,147171,146495.0,147847.0,6198373.529411765,6198373.529411765,6198373.529411765,212675.4705882353,212675.4705882353,212675.4705882353,1205161,1205161.0,1205161.0
US-NY,2020-03-15,3,No_Measure-Authorize_Schools_but_Restrict_Mass_Gatherings_and_Others-Restrict_Mass_Gatherings_and_Schools,33957634482.75862,33678503448.275864,34236765517.241383,0,831287405489.7142,827445992028.8048,835128818950.6235,22467334876.773575,22467334876.773575,22467334876.773575,127336281624.68034,127157933531.58235,127514629717.77835,2425236,2386134.0,2464338.0,140987,140339.0,141635.0,5921161.176470588,5921161.176470588,5921161.176470588,201653.82352941178,201653.82352941178,201653.82352941178,1142705,1142705.0,1142705.0
US-NY,2020-03-15,3,No_Measure-Authorize_Schools_but_Restrict_Mass_Gatherings_and_Others-Authorize_Schools_but_Restrict_Mass_Gatherings_and_Others,28098416091.95402,27799197217.180885,28397634966.727165,0,860249495657.5713,856371910959.4946,864268814276.4159,23362350567.432755,23362350567.432755,23362350567.432755,128132261816.66534,127941078790.98134,128323444842.34935,2599751,2557835.0,2641667.0,145911,145240.0,146582.0,6142075.647058823,6142075.647058823,6142075.647058823,210429.35294117648,210429.35294117648,210429.35294117648,1192433,1192433.0,1192433.0
US-NY,2020-03-15,3,No_Measure-Authorize_Schools_but_Restrict_Mass_Gatherings_and_Others-Restrict_Mass_Gatherings_and_Schools_and_Others,34200039019.963703,33936627041.742287,34463450998.18512,0,807080285243.7035,803383993985.391,810776576502.0157,21718866288.53828,21718866288.53828,21718866288.53828,126713253745.67635,126544949192.57634,126881558298.77635,2288640,2251740.0,2325540.0,136893,136264.0,137522.0,5735729.647058823,5735729.647058823,5735729.647058823,194349.35294117648,194349.35294117648,194349.35294117648,1101313,1101313.0,1101313.0
US-NY,2020-03-15,3,No_Measure-Authorize_Schools_but_Restrict_Mass_Gatherings_and_Others-Lockdown,39116471264.36782,38843643557.168785,39389298971.56685,0,821821611681.7025,818034742569.8992,825608480793.5059,22173348976.574047,22173348976.574047,22173348976.574047,127086351643.87634,126912031001.19534,127260672286.55734,2370440,2332221.0,2408659.0,139377,138736.0,140018.0,5848408.294117647,5848408.294117647,5848408.294117647,198780.70588235295,198780.70588235295,198780.70588235295,1126424,1126424.0,1126424.0
US-NY,2020-03-15,3,No_Measure-Restrict_Mass_Gatherings_and_Schools_and_Others-No_Measure,21171174047.186935,21040924319.41924,21301423774.954628,0,431076722158.72736,429104878845.3098,433048565472.14496,10236867398.832397,10236867398.832397,10236867398.832397,121436331307.51735,121353109495.16335,121519553119.87134,1131699,1113453.0,1149945.0,73113,72777.0,73449.0,2722735.0588235296,2722735.0588235296,2722735.0588235296,90646.94117647059,90646.94117647059,90646.94117647059,513666,513666.0,513666.0
US-NY,2020-03-15,3,No_Measure-Restrict_Mass_Gatherings_and_Schools_and_Others-Restrict_Mass_Gatherings,23593089836.660614,23470870961.887478,23715308711.433758,0,421999208382.3538,420085546913.2663,424054603772.20935,9962192460.168491,9962192460.168491,9962192460.168491,121118085185.89134,121039994609.91234,121196175761.87035,1061925,1044804.0,1079046.0,71583,71254.0,71912.0,2655687.411764706,2655687.411764706,2655687.411764706,87916.58823529413,87916.58823529413,87916.58823529413,498194,498194.0,498194.0
US-NY,2020-03-15,3,No_Measure-Restrict_Mass_Gatherings_and_Schools_and_Others-Restrict_Mass_Gatherings_and_Schools,31706927586.206894,31598271929.824562,31815583242.589233,0,405491037464.25366,403540848922.73956,407299492084.9997,9454977425.6577,9454977425.6577,9454977425.6577,120580632646.32535,120511208158.44635,120650057134.20435,944091,928870.0,959312.0,68771,68455.0,69087.0,2531334.3529411764,2531334.3529411764,2531334.3529411764,82901.64705882354,82901.64705882354,82901.64705882354,469776,469776.0,469776.0
US-NY,2020-03-15,3,No_Measure-Restrict_Mass_Gatherings_and_Schools_and_Others-Authorize_Schools_but_Restrict_Mass_Gatherings_and_Others,25199808529.945553,25081508711.433754,25318108348.45735,0,417490384447.8879,415602662982.78406,419378105912.9917,9823112001.034584,9823112001.034584,9823112001.034584,120962642931.97134,120887056399.34334,121038229464.59935,1027845,1011273.0,1044417.0,70809,70483.0,71135.0,2621666.3529411764,2621666.3529411764,2621666.3529411764,86537.64705882354,86537.64705882354,86537.64705882354,490380,490380.0,490380.0
US-NY,2020-03-15,3,No_Measure-Restrict_Mass_Gatherings_and_Schools_and_Others-Restrict_Mass_Gatherings_and_Schools_and_Others,32702583303.0853,32597504053.23654,32807662552.93406,0,400449313609.1611,398671973505.86127,402368387633.2288,9301172044.043749,9301172044.043749,9301172044.043749,120438887372.70235,120371747995.42235,120506026749.98235,913014,898294.0,927734.0,67923,67611.0,68235.0,2493400.882352941,2493400.882352941,2493400.882352941,81392.11764705883,81392.11764705883,81392.11764705883,461222,461222.0,461222.0
US-NY,2020-03-15,3,No_Measure-Restrict_Mass_Gatherings_and_Schools_and_Others-Lockdown,37151498548.094376,37044541863.278885,37258455232.90986,0,403105442913.1904,401306461663.8989,405046158083.2498,9384262315.659178,9384262315.659178,9384262315.659178,120513269775.19435,120444930828.87735,120581608721.51135,929322,914339.0,944305.0,68380,68065.0,68695.0,2513915.470588235,2513915.470588235,2513915.470588235,82206.52941176471,82206.52941176471,82206.52941176471,465837,465837.0,465837.0
US-NY,2020-03-15,3,No_Measure-Lockdown-No_Measure,28718292437.99153,28536209800.362976,28900375075.620087,0,541503788463.4559,539057483172.91675,544091827674.763,13585487827.187408,13585487827.187408,13585487827.187408,123490280848.09834,123373940895.90535,123606620800.29135,1582018,1556511.0,1607525.0,91848,91426.0,92270.0,3586249.117647059,3586249.117647059,3586249.117647059,121644.88235294119,121644.88235294119,121644.88235294119,689321,689321.0,689321.0
US-NY,2020-03-15,3,No_Measure-Lockdown-Restrict_Mass_Gatherings,30895192256.503326,30725095220.810646,31065289292.196007,0,527265238213.377,524909025926.13025,529763184421.39185,13152018906.73958,13152018906.73958,13152018906.73958,123015484125.49535,122906802258.52335,123124165992.46735,1477921,1454093.0,1501749.0,89434,89023.0,89845.0,3480249.470588235,3480249.470588235,3480249.470588235,117345.52941176471,117345.52941176471,117345.52941176471,664958,664958.0,664958.0
US-NY,2020-03-15,3,No_Measure-Lockdown-Restrict_Mass_Gatherings_and_Schools,38347223472.47429,38201354627.94918,38493092316.9994,0,496901715840.68054,494590392754.361,499071305006.23206,12220158440.51138,12220158440.51138,12220158440.51138,122055176658.73834,121961975161.77234,122148378155.70435,1267378,1246944.0,1287812.0,84268,83880.0,84656.0,3251680.705882353,3251680.705882353,3251680.705882353,108137.29411764706,108137.29411764706,108137.29411764706,612778,612778.0,612778.0
US-NY,2020-03-15,3,No_Measure-Lockdown-Authorize_Schools_but_Restrict_Mass_Gatherings_and_Others,32351023714.45856,32187279975.801575,32514767453.115547,0,519597292402.4377,517289833680.98236,522046485044.6611,12917388686.594738,12917388686.594738,12917388686.594738,122763633922.01234,122659011433.15034,122868256410.87434,1422704,1399766.0,1445642.0,88130,87725.0,88535.0,3422818.9411764704,3422818.9411764704,3422818.9411764704,115021.05882352941,115021.05882352941,115021.05882352941,651786,651786.0,651786.0
US-NY,2020-03-15,3,No_Measure-Lockdown-Restrict_Mass_Gatherings_and_Schools_and_Others,39034151784.634,38896842044.76709,39171461524.50091,0,484648604048.24536,482555997019.30756,486882944997.9512,11846482367.868755,11846482367.868755,11846482367.868755,121716172975.56334,121628440236.29834,121803905714.82834,1193053,1173818.0,1212288.0,82211,81833.0,82589.0,3159483.3529411764,3159483.3529411764,3159483.3529411764,104471.64705882354,104471.64705882354,104471.64705882354,592006,592006.0,592006.0
US-NY,2020-03-15,3,No_Measure-Lockdown-Lockdown,43661323411.97822,43519259407.138535,43803387416.81791,0,491629931997.68835,489356100420.03766,493903763575.339,12060458152.342594,12060458152.342594,12060458152.342594,121904450581.18434,121813680149.98535,121995221012.38335,1234332,1214431.0,1254233.0,83386,83003.0,83769.0,3212361.470588235,3212361.470588235,3212361.470588235,106566.52941176471,106566.52941176471,106566.52941176471,603877,603877.0,603877.0
US-NY,2020-03-15,3,Restrict_Mass_Gatherings-No_Measure-No_Measure,24221577011.494255,23878134906.231094,24565019116.757412,0,900631742402.145,896478264828.8525,904643486054.6696,25557889689.88324,25557889689.88324,25557889689.88324,129884978134.89035,129665539100.90135,130104417168.87935,2984026,2935915.0,3032137.0,152742,152040.0,153444.0,6666582.705882353,6666582.705882353,6666582.705882353,232820.29411764708,232820.29411764708,232820.29411764708,1319315,1319315.0,1319315.0
US-NY,2020-03-15,3,Restrict_Mass_Gatherings-No_Measure-Restrict_Mass_Gatherings,26527063278.886875,26193522323.049004,26860604234.724743,0,885189485185.2139,881127607571.5082,889251362798.9193,25079146291.38339,25079146291.38339,25079146291.38339,129492340488.57434,129279227698.89835,129705453278.25034,2897942,2851218.0,2944666.0,150126,149436.0,150816.0,6547859.117647059,6547859.117647059,6547859.117647059,228153.8823529412,228153.8823529412,228153.8823529412,1292872,1292872.0,1292872.0
US-NY,2020-03-15,3,Restrict_Mass_Gatherings-No_Measure-Restrict_Mass_Gatherings_and_Schools,33560662068.965523,33258102359.346645,33863221778.58439,0,837266272611.9242,833487781421.0859,841186497723.5304,23593764896.430683,23593764896.430683,23593764896.430683,128264679642.83334,128071362022.81735,128457997262.84935,2628783,2586399.0,2671167.0,142011,141358.0,142664.0,6179588.882352941,6179588.882352941,6179588.882352941,213671.11764705883,213671.11764705883,213671.11764705883,1210803,1210803.0,1210803.0
US-NY,2020-03-15,3,Restrict_Mass_Gatherings-No_Measure-Authorize_Schools_but_Restrict_Mass_Gatherings_and_Others,27988220084.694492,27660953901.996372,28315486267.392616,0,875392274518.4211,871390777130.0522,879535505827.5581,24778397079.736923,24778397079.736923,24778397079.736923,129243892864.94534,129034789281.29034,129452996448.60034,2843471,2797626.0,2889316.0,148483,147801.0,149165.0,6473306.05882353,6473306.05882353,6473306.05882353,225220.9411764706,225220.9411764706,225220.9411764706,1276252,1276252.0,1276252.0
US-NY,2020-03-15,3,Restrict_Mass_Gatherings-No_Measure-Restrict_Mass_Gatherings_and_Schools_and_Others,33355330490.01815,33075714035.08772,33634946944.948578,0,799830739949.4438,796271542306.0522,803531671513.6033,22425942912.72539,22425942912.72539,22425942912.72539,127355575073.45035,127176916825.62035,127534233321.28035,2429466,2390296.0,2468636.0,135665,135041.0,136289.0,5888832.94117647,5888832.94117647,5888832.94117647,202345.05882352943,202345.05882352943,202345.05882352943,1146622,1146622.0,1146622.0
US-NY,2020-03-15,3,Restrict_Mass_Gatherings-No_Measure-Lockdown,38508912038.71748,38216053599.51603,38801770477.91893,0,821373314763.3243,817691898664.9755,825196464782.441,23097097740.54094,23097097740.54094,23097097740.54094,127880197241.52934,127693078155.05435,128067316328.00435,2544487,2503462.0,2585512.0,139314,138674.0,139954.0,6055837.05882353,6055837.05882353,6055837.05882353,208858.9411764706,208858.9411764706,208858.9411764706,1183534,1183534.0,1183534.0
US-NY,2020-03-15,3,Restrict_Mass_Gatherings-Restrict_Mass_Gatherings-No_Measure,25331101512.401695,25016848880.82275,25645354143.98064,0,810172051406.7676,806492755486.2834,813993081248.0198,22739863999.815254,22739863999.815254,22739863999.815254,128728192206.51035,128527403506.33235,128928980906.68834,2730406,2686384.0,2774428.0,137421,136789.0,138053.0,5924784.294117647,5924784.294117647,5924784.294117647,207483.70588235295,207483.70588235295,207483.70588235295,1175741,1175741.0,1175741.0
US-NY,2020-03-15,3,Restrict_Mass_Gatherings-Restrict_Mass_Gatherings-Restrict_Mass_Gatherings,27519187416.81791,27216734785.238964,27821640048.396854,0,793238998635.149,789667092913.041,796952638278.0251,22217347567.950047,22217347567.950047,22217347567.950047,128260542726.04034,128067293522.50934,128453791929.57135,2627876,2585507.0,2670245.0,134546,133928.0,135164.0,5795899.823529412,5795899.823529412,5795899.823529412,202356.17647058825,202356.17647058825,202356.17647058825,1146685,1146685.0,1146685.0
US-NY,2020-03-15,3,Restrict_Mass_Gatherings-Restrict_Mass_Gatherings-Restrict_Mass_Gatherings_and_Schools,34248934422.262554,33982360072.595284,34515508771.929825,0,741033414255.0104,737631160282.1492,744435668227.8713,20606816923.73633,20606816923.73633,20606816923.73633,126838738701.36435,126668413581.40735,127009063821.32135,2316152,2278809.0,2353495.0,125693,125115.0,126271.0,5398185.411764706,5398185.411764706,5398185.411764706,186574.58823529413,186574.58823529413,186574.58823529413,1057256,1057256.0,1057256.0
US-NY,2020-03-15,3,Restrict_Mass_Gatherings-Restrict_Mass_Gatherings-Authorize_Schools_but_Restrict_Mass_Gatherings_and_Others,28917132486.388386,28621968300.060493,29212296672.716274,0,782813884537.1804,779162759517.6649,786465009556.6958,21895506311.594738,21895506311.594738,21895506311.594738,127971706570.76634,127783114249.31435,128160298892.21835,2564550,2523202.0,2605898.0,132771,132161.0,133381.0,5716510.94117647,5716510.94117647,5716510.94117647,199198.05882352943,199198.05882352943,199198.05882352943,1128789,1128789.0,1128789.0
US-NY,2020-03-15,3,Restrict_Mass_Gatherings-Restrict_Mass_Gatherings-Restrict_Mass_Gatherings_and_Schools_and_Others,34073763157.894737,33829639503.932243,34317886811.85723,0,706632971508.9923,703437181946.2728,709828761071.7118,19538818654.19007,19538818654.19007,19538818654.19007,125948904775.25635,125792924311.65434,126104885238.85834,2121060,2086862.0,2155258.0,119851,119300.0,120402.0,5133556.529411765,5133556.529411765,5133556.529411765,176153.4705882353,176153.4705882353,176153.4705882353,998203,998203.0,998203.0
US-NY,2020-03-15,3,Restrict_Mass_Gatherings-Restrict_Mass_Gatherings-Lockdown,39239458802.17786,38981900423.47247,39497017180.88324,0,727540701869.0762,724222288015.1555,730859115722.9968,20186227737.21549,20186227737.21549,20186227737.21549,126481267128.33835,126316702676.41835,126645831580.25835,2237778,2201698.0,2273858.0,123388,122821.0,123955.0,5294072.352941177,5294072.352941177,5294072.352941177,182465.64705882355,182465.64705882355,182465.64705882355,1033972,1033972.0,1033972.0
US-NY,2020-03-15,3,Restrict_Mass_Gatherings-Restrict_Mass_Gatherings_and_Schools-No_Measure,26340646823.956444,26154495220.810646,26526798427.10224,0,483687411509.50946,481497858570.26624,486018698369.5206,12597617594.849247,12597617594.849247,12597617594.849247,123651520258.84735,123532580480.22435,123770460037.47035,1617369,1591292.0,1643446.0,82048,81671.0,82425.0,3291543.0,3291543.0,3291543.0,114483.00000000001,114483.00000000001,114483.00000000001,648737,648737.0,648737.0
US-NY,2020-03-15,3,Restrict_Mass_Gatherings-Restrict_Mass_Gatherings_and_Schools-Restrict_Mass_Gatherings,28139047186.932846,27970977495.462795,28307116878.4029,0,461595756427.6439,459544508942.4925,463788737833.56335,11922203607.48596,11922203607.48596,11922203607.48596,122934884945.06635,122827498430.21034,123042271459.92235,1460250,1436706.0,1483794.0,78293,77933.0,78653.0,3126152.882352941,3126152.882352941,3126152.882352941,107795.11764705883,107795.11764705883,107795.11764705883,610839,610839.0,610839.0
US-NY,2020-03-15,3,Restrict_Mass_Gatherings-Restrict_Mass_Gatherings_and_Schools-Restrict_Mass_Gatherings_and_Schools,34890145553.53902,34757611494.25288,35022679612.825165,0,417365249844.24207,415447556620.9702,419282943067.51385,10570047910.951818,10570047910.951818,10570047910.951818,121526723167.49934,121442041803.46535,121611404531.53334,1151517,1132951.0,1170083.0,70785,70459.0,71111.0,2794764.7647058824,2794764.7647058824,2794764.7647058824,94420.23529411765,94420.23529411765,94420.23529411765,535048,535048.0,535048.0
US-NY,2020-03-15,3,Restrict_Mass_Gatherings-Restrict_Mass_Gatherings_and_Schools-Authorize_Schools_but_Restrict_Mass_Gatherings_and_Others,29395456503.327282,29236959588.62674,29553953418.02783,0,449900243064.11053,447780482192.71027,452020003935.51074,11564398943.060894,11564398943.060894,11564398943.060894,122555615879.91934,122454345798.82234,122656885961.01634,1377097,1354894.0,1399300.0,76305,75954.0,76656.0,3038512.6470588236,3038512.6470588236,3038512.6470588236,104253.35294117648,104253.35294117648,104253.35294117648,590769,590769.0,590769.0
US-NY,2020-03-15,3,Restrict_Mass_Gatherings-Restrict_Mass_Gatherings_and_Schools-Restrict_Mass_Gatherings_and_Schools_and_Others,35262921173.62372,35144007441.016335,35381834906.231094,0,397983892495.56366,396183318368.6465,399926200543.2489,9974654150.347324,9974654150.347324,9974654150.347324,120986994639.53235,120911015852.39035,121062973426.67435,1033184,1016526.0,1049842.0,67511,67200.0,67822.0,2647827.6470588236,2647827.6470588236,2647827.6470588236,88581.35294117648,88581.35294117648,88581.35294117648,501961,501961.0,501961.0
US-NY,2020-03-15,3,Restrict_Mass_Gatherings-Restrict_Mass_Gatherings_and_Schools-Lockdown,40000790078.64489,39875344585.60194,40126235571.68784,0,407184797931.9265,405329198464.79926,409182131319.8217,10257605445.9799,10257605445.9799,10257605445.9799,121246001207.34634,121165849014.61934,121326153400.07335,1089970,1072397.0,1107543.0,69071,68753.0,69389.0,2717540.0,2717540.0,2717540.0,91362.0,91362.0,91362.0,517718,517718.0,517718.0
US-NY,2020-03-15,3,Restrict_Mass_Gatherings-Authorize_Schools_but_Restrict_Mass_Gatherings_and_Others-No_Measure,25864241500.302483,25571218874.77314,26157264125.831818,0,747930903102.3492,744443479377.6354,751418326827.0631,20797006216.33905,20797006216.33905,20797006216.33905,127886797151.78235,127699573160.03035,128074021143.53435,2545934,2504886.0,2586982.0,126854,126271.0,127437.0,5415601.588235294,5415601.588235294,5415601.588235294,189904.4117647059,189904.4117647059,189904.4117647059,1076125,1076125.0,1076125.0
US-NY,2020-03-15,3,Restrict_Mass_Gatherings-Authorize_Schools_but_Restrict_Mass_Gatherings_and_Others-Restrict_Mass_Gatherings,27898663278.886875,27619917725.347855,28177408832.42589,0,727673689402.9479,724310663624.1312,731036715181.7645,20174278054.05705,20174278054.05705,20174278054.05705,127320965454.23834,127142863660.48634,127499067247.99034,2421878,2382830.0,2460926.0,123422,122855.0,123989.0,5262067.94117647,5262067.94117647,5262067.94117647,183790.05882352943,183790.05882352943,183790.05882352943,1041477,1041477.0,1041477.0
US-NY,2020-03-15,3,Restrict_Mass_Gatherings-Authorize_Schools_but_Restrict_Mass_Gatherings_and_Others-Restrict_Mass_Gatherings_and_Schools,34398299576.52753,34159144343.61767,34637454809.437386,0,671794765247.928,668626895324.154,674820901250.934,18451931379.914276,18451931379.914276,18451931379.914276,125752134403.29735,125599328464.59935,125904940341.99535,2077919,2044417.0,2111421.0,113932,113408.0,114456.0,4837385.176470588,4837385.176470588,4837385.176470588,166880.82352941178,166880.82352941178,166880.82352941178,945658,945658.0,945658.0
US-NY,2020-03-15,3,Restrict_Mass_Gatherings-Authorize_Schools_but_Restrict_Mass_Gatherings_and_Others-Authorize_Schools_but_Restrict_Mass_Gatherings_and_Others,29231676225.045372,28961268481.5487,29502083968.542046,0,716145139482.1428,712852733879.6893,719437545084.5963,19818254725.206917,19818254725.206917,19818254725.206917,126990641542.46034,126817867112.34035,127163415972.58035,2349456,2311576.0,2387336.0,121459,120901.0,122017.0,5174408.470588235,5174408.470588235,5174408.470588235,180288.52941176473,180288.52941176473,180288.52941176473,1021635,1021635.0,1021635.0
US-NY,2020-03-15,3,Restrict_Mass_Gatherings-Authorize_Schools_but_Restrict_Mass_Gatherings_and_Others-Restrict_Mass_Gatherings_and_Schools_and_Others,34205967271.627342,33989541137.326073,34422393405.92861,0,637588132049.8464,634627312744.1221,640407217434.8029,17392611077.03961,17392611077.03961,17392611077.03961,124851335595.19334,124713052195.71135,124989618994.67534,1880423,1850105.0,1910741.0,108129,107632.0,108626.0,4575183.352941177,4575183.352941177,4575183.352941177,156530.64705882355,156530.64705882355,156530.64705882355,887007,887007.0,887007.0
US-NY,2020-03-15,3,Restrict_Mass_Gatherings-Authorize_Schools_but_Restrict_Mass_Gatherings_and_Others-Lockdown,39367808106.47308,39138011494.25288,39597604718.69328,0,657915603755.6263,654974029358.2168,660998912073.8038,18025690825.56163,18025690825.56163,18025690825.56163,125381234954.81534,125234408616.90634,125528061292.72435,1996601,1964410.0,2028792.0,111593,111080.0,112106.0,4732001.705882353,4732001.705882353,4732001.705882353,162710.29411764708,162710.29411764708,162710.29411764708,922025,922025.0,922025.0
US-NY,2020-03-15,3,Restrict_Mass_Gatherings-Restrict_Mass_Gatherings_and_Schools_and_Others-No_Measure,21738141258.31821,21645825710.828796,21830456805.807625,0,300421581643.3129,298989271006.4301,301853892280.19574,7001033356.636122,7001033356.636122,7001033356.636122,119932883610.74135,119873899478.47334,119991867743.00934,802075,789143.0,815007.0,50952,50718.0,51186.0,1859429.2352941176,1859429.2352941176,1859429.2352941176,62125.76470588236,62125.76470588236,62125.76470588236,352046,352046.0,352046.0
US-NY,2020-03-15,3,Restrict_Mass_Gatherings-Restrict_Mass_Gatherings_and_Schools_and_Others-Restrict_Mass_Gatherings,24210240955.83787,24125149606.77556,24295332304.90018,0,292841191628.0834,291453572335.45746,294087076999.9413,6769464626.293231,6769464626.293231,6769464626.293231,119646702015.08534,119592333715.00534,119701070315.16534,739331,727411.0,751251.0,49658,49429.0,49887.0,1803081.9411764706,1803081.9411764706,1803081.9411764706,59815.05882352941,59815.05882352941,59815.05882352941,338952,338952.0,338952.0
US-NY,2020-03-15,3,Restrict_Mass_Gatherings-Restrict_Mass_Gatherings_and_Schools_and_Others-Restrict_Mass_Gatherings_and_Schools,32440479673.321236,32367074107.683,32513885238.95947,0,279124498036.87354,277826340446.71594,280422655627.0311,6354546675.509903,6354546675.509903,6354546675.509903,119183622755.81334,119136720974.79634,119230524536.83035,637803,627520.0,648086.0,47350,47132.0,47568.0,1701624.5882352942,1701624.5882352942,1701624.5882352942,55699.41176470589,55699.41176470589,55699.41176470589,315630,315630.0,315630.0
US-NY,2020-03-15,3,Restrict_Mass_Gatherings-Restrict_Mass_Gatherings_and_Schools_and_Others-Authorize_Schools_but_Restrict_Mass_Gatherings_and_Others,25845185420.44767,25763563399.87901,25926807441.016335,0,288992962251.07794,287630336011.1998,290355588490.9562,6653408866.760272,6653408866.760272,6653408866.760272,119509294346.61134,119457142740.64534,119561445952.57735,709205,697771.0,720639.0,49010,48784.0,49236.0,1774784.1176470588,1774784.1176470588,1774784.1176470588,58659.88235294118,58659.88235294118,58659.88235294118,332406,332406.0,332406.0
US-NY,2020-03-15,3,Restrict_Mass_Gatherings-Restrict_Mass_Gatherings_and_Schools_and_Others-Restrict_Mass_Gatherings_and_Schools_and_Others,33481929098.60859,33411357531.760437,33552500665.456745,0,275340709890.5205,274066207596.6026,276615212184.43835,6236598285.545374,6236598285.545374,6236598285.545374,119071136932.27534,119026045907.56134,119116227956.98935,613141,603255.0,623027.0,46699,46484.0,46914.0,1672599.4117647058,1672599.4117647058,1672599.4117647058,54538.58823529412,54538.58823529412,54538.58823529412,309052,309052.0,309052.0
US-NY,2020-03-15,3,Restrict_Mass_Gatherings-Restrict_Mass_Gatherings_and_Schools_and_Others-Lockdown,37905509679.37084,37833474712.64368,37977544646.09801,0,277442564182.76495,276153188539.3499,278731939826.18005,6299589904.07922,6299589904.07922,6299589904.07922,119129331994.41635,119083305944.40735,119175358044.42534,625900,615809.0,635991.0,47047,46830.0,47264.0,1688125.705882353,1688125.705882353,1688125.705882353,55157.29411764706,55157.29411764706,55157.29411764706,312558,312558.0,312558.0
US-NY,2020-03-15,3,Restrict_Mass_Gatherings-Lockdown-No_Measure,29538791893.52692,29390560193.587418,29687023593.466427,0,405609384161.81866,403859331753.07263,407501170491.33276,10199130754.323086,10199130754.323086,10199130754.323086,122148825143.40634,122054113922.67134,122243536364.14134,1287910,1267145.0,1308675.0,68804,68488.0,69120.0,2676659.117647059,2676659.117647059,2676659.117647059,92100.88235294119,92100.88235294119,92100.88235294119,521905,521905.0,521905.0
US-NY,2020-03-15,3,Restrict_Mass_Gatherings-Lockdown-Restrict_Mass_Gatherings,31424410889.2922,31292854809.437386,31555966969.147007,0,386047755625.1203,384279521647.97687,387815989602.2637,9599548283.180609,9599548283.180609,9599548283.180609,121487917337.20735,121403860843.73634,121571973830.67834,1143009,1124580.0,1161438.0,65471,65170.0,65772.0,2529980.1764705884,2529980.1764705884,2529980.1764705884,86156.82352941178,86156.82352941178,86156.82352941178,488222,488222.0,488222.0
US-NY,2020-03-15,3,Restrict_Mass_Gatherings-Lockdown-Restrict_Mass_Gatherings_and_Schools,38744007985.48094,38638821657.592255,38849194313.36963,0,354373808557.05115,352802602993.3216,356086748041.54877,8634900078.702335,8634900078.702335,8634900078.702335,120442992361.80234,120375784568.03734,120510200155.56735,913914,899179.0,928649.0,60106,59829.0,60383.0,2293959.705882353,2293959.705882353,2293959.705882353,76595.29411764706,76595.29411764706,76595.29411764706,434040,434040.0,434040.0
US-NY,2020-03-15,3,Restrict_Mass_Gatherings-Lockdown-Authorize_Schools_but_Restrict_Mass_Gatherings_and_Others,32798027828.191166,32674152813.06715,32921902843.315186,0,377015936003.6268,375305147353.1854,378726724654.0682,9324652496.00946,9324652496.00946,9324652496.00946,121183536956.54135,121104388205.59435,121262685707.48834,1076275,1058922.0,1093628.0,63941,63647.0,64235.0,2462770.3529411764,2462770.3529411764,2462770.3529411764,83429.64705882354,83429.64705882354,83429.64705882354,472768,472768.0,472768.0
US-NY,2020-03-15,3,Restrict_Mass_Gatherings-Lockdown-Restrict_Mass_Gatherings_and_Schools_and_Others,39429151663.64186,39332545856.019356,39525757471.264366,0,342500408947.2456,340864496692.2778,344136321202.21344,8269209384.754656,8269209384.754656,8269209384.754656,120102848403.87735,120041123051.11035,120164573756.64435,839339,825806.0,852872.0,58090,57823.0,58357.0,2203842.470588235,2203842.470588235,2203842.470588235,73002.52941176471,73002.52941176471,73002.52941176471,413681,413681.0,413681.0
US-NY,2020-03-15,3,Restrict_Mass_Gatherings-Lockdown-Lockdown,44050405444.646095,43949145311.55475,44151665577.73745,0,349198060215.4461,347522867766.14136,350731518743.98285,8474507614.247709,8474507614.247709,8474507614.247709,120287344858.42734,120222645669.11235,120352044047.74234,879789,865604.0,893974.0,59219,58947.0,59491.0,2254507.117647059,2254507.117647059,2254507.117647059,75015.88235294117,75015.88235294117,75015.88235294117,425090,425090.0,425090.0
US-NY,2020-03-15,3,Restrict_Mass_Gatherings_and_Schools-No_Measure-No_Measure,27109713732.60738,26864083847.549908,27355343617.66485,0,473206403347.06006,470938780350.06146,475332292423.29065,13743154765.814365,13743154765.814365,13743154765.814365,126008614122.26535,125851671266.77435,126165556977.75635,2134151,2099742.0,2168560.0,80251,79882.0,80620.0,3491691.8235294116,3491691.8235294116,3491691.8235294116,129813.17647058824,129813.17647058824,129813.17647058824,735608,735608.0,735608.0
US-NY,2020-03-15,3,Restrict_Mass_Gatherings_and_Schools-No_Measure-Restrict_Mass_Gatherings,28456002056.866302,28235742528.735634,28676261584.99698,0,439020715967.97064,436965705048.6616,441075726887.27966,12699604682.678097,12699604682.678097,12699604682.678097,125003106164.41835,124862373454.77335,125143838874.06334,1913698,1882843.0,1944553.0,74462,74120.0,74804.0,3235414.1764705884,3235414.1764705884,3235414.1764705884,119516.82352941178,119516.82352941178,119516.82352941178,677262,677262.0,677262.0
US-NY,2020-03-15,3,Restrict_Mass_Gatherings_and_Schools-No_Measure-Restrict_Mass_Gatherings_and_Schools,32856787416.81791,32709962008.46945,33003612825.166367,0,341366605222.5969,339772580000.49567,342960630444.6982,9706878677.72687,9706878677.72687,9706878677.72687,122093234468.79434,121999421784.56235,122187047153.02635,1275722,1255154.0,1296290.0,57891,57625.0,58157.0,2500003.0588235296,2500003.0588235296,2500003.0588235296,90010.94117647059,90010.94117647059,90010.94117647059,510062,510062.0,510062.0
US-NY,2020-03-15,3,Restrict_Mass_Gatherings_and_Schools-No_Measure-Authorize_Schools_but_Restrict_Mass_Gatherings_and_Others,29309326799.758015,29105143254.688446,29513510344.827587,0,417692803070.3397,415765977901.8719,419619628238.80756,12046117680.571978,12046117680.571978,12046117680.571978,124366290083.13734,124235828968.44034,124496751197.83435,1774079,1745476.0,1802682.0,70840,70514.0,71166.0,3074921.529411765,3074921.529411765,3074921.529411765,113069.4705882353,113069.4705882353,113069.4705882353,640727,640727.0,640727.0
US-NY,2020-03-15,3,Restrict_Mass_Gatherings_and_Schools-No_Measure-Restrict_Mass_Gatherings_and_Schools_and_Others,31860149122.807014,31749016394.434364,31971281851.179672,0,290658424095.5062,289227763817.2614,291947350452.983,8143530481.968666,8143530481.968666,8143530481.968666,120678532075.26135,120607524886.02934,120749539264.49335,965555,949987.0,981123.0,49288,49061.0,49515.0,2114270.705882353,2114270.705882353,2114270.705882353,74675.29411764706,74675.29411764706,74675.29411764706,423160,423160.0,423160.0
US-NY,2020-03-15,3,Restrict_Mass_Gatherings_and_Schools-No_Measure-Lockdown,37445990441.62129,37314655656.38233,37577325226.86025,0,319937128068.7586,318470056057.79456,321404200079.72266,9049067650.495123,9049067650.495123,9049067650.495123,121479342471.08734,121395427371.68535,121563257570.48935,1141129,1122731.0,1159527.0,54263,54013.0,54513.0,2337951.411764706,2337951.411764706,2337951.411764706,83545.58823529413,83545.58823529413,83545.58823529413,473425,473425.0,473425.0
US-NY,2020-03-15,3,Restrict_Mass_Gatherings_and_Schools-Restrict_Mass_Gatherings-No_Measure,26705740108.89292,26513706352.087112,26897773865.69873,0,358156787411.8465,356532656963.2957,359780917860.3973,10127277641.146912,10127277641.146912,10127277641.146912,123884793106.10335,123762094981.90434,124007491230.30234,1668513,1641612.0,1695414.0,60747,60468.0,61026.0,2570235.294117647,2570235.294117647,2570235.294117647,95796.70588235295,95796.70588235295,95796.70588235295,542848,542848.0,542848.0
US-NY,2020-03-15,3,Restrict_Mass_Gatherings_and_Schools-Restrict_Mass_Gatherings-Restrict_Mass_Gatherings,27987888687.23533,27822260375.07562,28153516999.39504,0,325752476705.79645,324331345825.6381,327315341506.7228,9143126019.324564,9143126019.324564,9143126019.324564,122838303673.74135,122732477054.74335,122944130292.73935,1439075,1415873.0,1462277.0,55259,55005.0,55513.0,2329626.2352941176,2329626.2352941176,2329626.2352941176,86032.76470588236,86032.76470588236,86032.76470588236,487519,487519.0,487519.0
US-NY,2020-03-15,3,Restrict_Mass_Gatherings_and_Schools-Restrict_Mass_Gatherings-Restrict_Mass_Gatherings_and_Schools,32933672716.27344,32832683847.54991,33034661584.996975,0,245788257538.08215,244585316275.19952,246849464880.19675,6702584444.760568,6702584444.760568,6702584444.760568,120276653642.37134,120212127774.81834,120341179509.92435,877445,863298.0,891592.0,41686,41494.0,41878.0,1732059.9411764706,1732059.9411764706,1732059.9411764706,61864.05882352941,61864.05882352941,61864.05882352941,350563,350563.0,350563.0
US-NY,2020-03-15,3,Restrict_Mass_Gatherings_and_Schools-Restrict_Mass_Gatherings-Authorize_Schools_but_Restrict_Mass_Gatherings_and_Others,28860466061.70599,28710592498.4876,29010339624.924377,0,306522806381.03265,305081554937.089,307964057824.9764,8555654382.3529415,8555654382.3529415,8555654382.3529415,122213788876.46335,122118028602.95834,122309549149.96835,1302153,1281158.0,1323148.0,51986,51747.0,52225.0,2185911.294117647,2185911.294117647,2185911.294117647,80208.70588235295,80208.70588235295,80208.70588235295,454516,454516.0,454516.0
US-NY,2020-03-15,3,Restrict_Mass_Gatherings_and_Schools-Restrict_Mass_Gatherings-Restrict_Mass_Gatherings_and_Schools_and_Others,32351662008.46945,32279684150.030247,32423639866.908653,0,204347645018.98682,203394461630.1066,205300828407.86697,5421391710.390186,5421391710.390186,5421391710.390186,119126873562.05534,119080884000.83835,119172863123.27234,625361,615278.0,635444.0,34651,34491.0,34811.0,1415487.0588235294,1415487.0588235294,1415487.0588235294,49318.941176470595,49318.941176470595,49318.941176470595,279474,279474.0,279474.0
US-NY,2020-03-15,3,Restrict_Mass_Gatherings_and_Schools-Restrict_Mass_Gatherings-Lockdown,37703759104.658195,37615348336.35814,37792169872.95826,0,228772054429.01355,227672245740.33643,229730129196.9227,6177642480.305942,6177642480.305942,6177642480.305942,119778335332.22534,119721846121.11035,119834824543.34035,768191,755806.0,780576.0,38790,38611.0,38969.0,1602780.3529411764,1602780.3529411764,1602780.3529411764,56702.64705882353,56702.64705882353,56702.64705882353,321315,321315.0,321315.0
US-NY,2020-03-15,3,Restrict_Mass_Gatherings_and_Schools-Restrict_Mass_Gatherings_and_Schools-No_Measure,27429322807.017544,27370001572.897762,27488644041.137325,0,137747271624.32764,137127330154.96939,138367213093.68582,3293166783.6979017,3293166783.6979017,3293166783.6979017,118625408093.59935,118587505360.90935,118663310826.28935,515417,507107.0,523727.0,23371,23263.0,23479.0,852458.3529411765,852458.3529411765,852458.3529411765,30323.64705882353,30323.64705882353,30323.64705882353,171834,171834.0,171834.0
US-NY,2020-03-15,3,Restrict_Mass_Gatherings_and_Schools-Restrict_Mass_Gatherings_and_Schools-Restrict_Mass_Gatherings,29692377616.45493,29643649969.751965,29741105263.157894,0,127251084329.01459,126700616823.05298,127801551834.9762,2974797561.6686373,2974797561.6686373,2974797561.6686373,118205659274.82735,118174525213.05334,118236793336.60135,423389,416563.0,430215.0,21585,21485.0,21685.0,775284.8235294118,775284.8235294118,775284.8235294118,27132.176470588238,27132.176470588238,27132.176470588238,153749,153749.0,153749.0
US-NY,2020-03-15,3,Restrict_Mass_Gatherings_and_Schools-Restrict_Mass_Gatherings_and_Schools-Restrict_Mass_Gatherings_and_Schools,37570279612.825165,37538920024.198425,37601639201.451904,0,108430846472.58746,108005389323.28049,108998037542.66243,2403732896.430683,2403732896.430683,2403732896.430683,117517457852.21234,117497420944.30534,117537494760.11934,272504,268111.0,276897.0,18393,18308.0,18478.0,636261.8823529412,636261.8823529412,636261.8823529412,21437.117647058825,21437.117647058825,21437.117647058825,121477,121477.0,121477.0
US-NY,2020-03-15,3,Restrict_Mass_Gatherings_and_Schools-Restrict_Mass_Gatherings_and_Schools-Authorize_Schools_but_Restrict_Mass_Gatherings_and_Others,31248441258.31821,31204453599.51603,31292428917.120388,0,122441032613.32362,121924129673.24431,123099669474.17093,2831072340.3414125,2831072340.3414125,2831072340.3414125,118017851462.40335,117989745970.36534,118045956954.44135,382213,376051.0,388375.0,20778,20682.0,20874.0,740437.1764705882,740437.1764705882,740437.1764705882,25691.823529411766,25691.823529411766,25691.823529411766,145587,145587.0,145587.0
US-NY,2020-03-15,3,Restrict_Mass_Gatherings_and_Schools-Restrict_Mass_Gatherings_and_Schools-Restrict_Mass_Gatherings_and_Schools_and_Others,38487311494.25288,38460791833.03085,38513831155.47489,0,102121479305.55746,101593959235.09138,102507265455.25557,2207872817.026308,2207872817.026308,2207872817.026308,117325476634.20334,117308532151.41835,117342421116.98834,230413,226698.0,234128.0,17310,17230.0,17390.0,588120.2941176471,588120.2941176471,588120.2941176471,19506.705882352944,19506.705882352944,19506.705882352944,110538,110538.0,110538.0
US-NY,2020-03-15,3,Restrict_Mass_Gatherings_and_Schools-Restrict_Mass_Gatherings_and_Schools-Lockdown,42968749909.2559,42939831699.93951,42997668118.572296,0,105264475808.5155,104855951251.86969,105814734285.92934,2307775790.3118534,2307775790.3118534,2307775790.3118534,117420639403.73935,117402162391.69034,117439116415.78835,251277,247226.0,255328.0,17862,17779.0,17945.0,612699.8235294118,612699.8235294118,612699.8235294118,20490.176470588238,20490.176470588238,20490.176470588238,116111,116111.0,116111.0
US-NY,2020-03-15,3,Restrict_Mass_Gatherings_and_Schools-Authorize_Schools_but_Restrict_Mass_Gatherings_and_Others-No_Measure,26891511796.73321,26726304658.19722,27056718935.269207,0,307855870823.3672,306376436851.44885,309193570874.5174,8551669046.075968,8551669046.075968,8551669046.075968,122821450412.93634,122715892898.77934,122927007927.09335,1435380,1412237.0,1458523.0,52209,51969.0,52449.0,2172114.6470588236,2172114.6470588236,2172114.6470588236,80805.35294117648,80805.35294117648,80805.35294117648,457897,457897.0,457897.0
US-NY,2020-03-15,3,Restrict_Mass_Gatherings_and_Schools-Authorize_Schools_but_Restrict_Mass_Gatherings_and_Others-Restrict_Mass_Gatherings,28238842347.24743,28098991288.566242,28378693405.92861,0,278117962055.5961,276827526098.94916,279408398012.24316,7650704762.451965,7650704762.451965,7650704762.451965,121816608375.54335,121727251885.03435,121905964866.05234,1215073,1195482.0,1234664.0,47174,46957.0,47391.0,1952305.1764705882,1952305.1764705882,1952305.1764705882,71843.82352941176,71843.82352941176,71843.82352941176,407115,407115.0,407115.0
US-NY,2020-03-15,3,Restrict_Mass_Gatherings_and_Schools-Authorize_Schools_but_Restrict_Mass_Gatherings_and_Others-Restrict_Mass_Gatherings_and_Schools,33529296309.73987,33448530913.490623,33610061705.989113,0,206330877869.22723,205353295353.69647,207166726463.99,5458954436.151346,5458954436.151346,5458954436.151346,119475181887.19034,119423577613.10434,119526786161.27635,701726,690412.0,713040.0,34985,34824.0,35146.0,1415827.6470588236,1415827.6470588236,1415827.6470588236,50130.352941176476,50130.352941176476,50130.352941176476,284072,284072.0,284072.0
US-NY,2020-03-15,3,Restrict_Mass_Gatherings_and_Schools-Authorize_Schools_but_Restrict_Mass_Gatherings_and_Others-Authorize_Schools_but_Restrict_Mass_Gatherings_and_Others,29137960798.548096,29013443315.184513,29262478281.911674,0,259775282983.52542,258599677556.39447,260950888410.65637,7092684777.490393,7092684777.490393,7092684777.490393,121209051744.34735,121129492494.49034,121288610994.20435,1081869,1064426.0,1099312.0,44066,43863.0,44269.0,1815875.2352941176,1815875.2352941176,1815875.2352941176,66307.76470588236,66307.76470588236,66307.76470588236,375744,375744.0,375744.0
US-NY,2020-03-15,3,Restrict_Mass_Gatherings_and_Schools-Authorize_Schools_but_Restrict_Mass_Gatherings_and_Others-Restrict_Mass_Gatherings_and_Schools_and_Others,33523486811.85723,33462445190.562614,33584528433.151844,0,179679939328.83728,178867703391.4326,180492175266.2419,4641578215.52616,4641578215.52616,4641578215.52616,118693560034.85735,118654558077.30835,118732561992.40634,530359,521808.0,538910.0,30469,30329.0,30609.0,1214740.8823529412,1214740.8823529412,1214740.8823529412,42083.117647058825,42083.117647058825,42083.117647058825,238471,238471.0,238471.0
US-NY,2020-03-15,3,Restrict_Mass_Gatherings_and_Schools-Authorize_Schools_but_Restrict_Mass_Gatherings_and_Others-Lockdown,38573338294.01089,38500732244.40411,38645944343.61767,0,196045792906.7853,195132558793.19916,196959027020.37146,5147494491.575525,5147494491.575525,5147494491.575525,119151904873.36734,119105513935.43834,119198295811.29634,630849,620678.0,641020.0,33253,33100.0,33406.0,1339594.4117647058,1339594.4117647058,1339594.4117647058,47044.58823529412,47044.58823529412,47044.58823529412,266586,266586.0,266586.0
US-NY,2020-03-15,3,Restrict_Mass_Gatherings_and_Schools-Restrict_Mass_Gatherings_and_Schools_and_Others-No_Measure,26339098306.110104,26316983121.597095,26361213490.623108,0,84489990242.8493,84054288283.76727,84783958281.16333,1660611113.2870235,1660611113.2870235,1660611113.2870235,117150909692.17635,117136779407.47435,117165039976.87834,192140,189042.0,195238.0,14321,14255.0,14387.0,443457.64705882355,443457.64705882355,443457.64705882355,14616.352941176472,14616.352941176472,14616.352941176472,82826,82826.0,82826.0
US-NY,2020-03-15,3,Restrict_Mass_Gatherings_and_Schools-Restrict_Mass_Gatherings_and_Schools_and_Others-Restrict_Mass_Gatherings,29132217967.332123,29112151542.649727,29152284392.01452,0,82525241548.2157,82099749478.21626,82808999697.44716,1600524213.4939404,1600524213.4939404,1600524213.4939404,117069840718.55034,117057019469.26135,117082661967.83934,174366,171555.0,177177.0,13985,13920.0,14050.0,428895.1176470588,428895.1176470588,428895.1176470588,14013.882352941177,14013.882352941177,14013.882352941177,79412,79412.0,79412.0
US-NY,2020-03-15,3,Restrict_Mass_Gatherings_and_Schools-Restrict_Mass_Gatherings_and_Schools_and_Others-Restrict_Mass_Gatherings_and_Schools,37932818572.2928,37915243496.672714,37950393647.91289,0,79912948444.6645,79504494184.1302,80321402705.1988,1522739347.7682528,1522739347.7682528,1522739347.7682528,116971188708.27934,116959959282.54135,116982418134.01735,152737,150275.0,155199.0,13549,13486.0,13612.0,410009.35294117645,410009.35294117645,410009.35294117645,13235.64705882353,13235.64705882353,13235.64705882353,75002,75002.0,75002.0
US-NY,2020-03-15,3,Restrict_Mass_Gatherings_and_Schools-Restrict_Mass_Gatherings_and_Schools_and_Others-Authorize_Schools_but_Restrict_Mass_Gatherings_and_Others,30937744888.082275,30918392316.999393,30957097459.165154,0,81741766578.78229,81323673606.10143,82159859551.46318,1579790204.4413242,1579790204.4413242,1579790204.4413242,117041425071.78035,117029059932.39134,117053790211.16934,168136,165425.0,170847.0,13868,13804.0,13932.0,423880.5294117647,423880.5294117647,423880.5294117647,13805.470588235296,13805.470588235296,13805.470588235296,78231,78231.0,78231.0
US-NY,2020-03-15,3,Restrict_Mass_Gatherings_and_Schools-Restrict_Mass_Gatherings_and_Schools_and_Others-Restrict_Mass_Gatherings_and_Schools_and_Others,39102483242.58923,39085679128.85662,39119287356.32184,0,78916263801.1911,78515328885.75137,79175464795.86282,1490931406.3700857,1490931406.3700857,1490931406.3700857,116940624783.88034,116929887956.83435,116951361610.92635,146036,143682.0,148390.0,13373,13311.0,13435.0,402175.0588235294,402175.0588235294,402175.0588235294,12922.94117647059,12922.94117647059,12922.94117647059,73230,73230.0,73230.0
US-NY,2020-03-15,3,Restrict_Mass_Gatherings_and_Schools-Restrict_Mass_Gatherings_and_Schools_and_Others-Lockdown,43458761705.98911,43441572111.31277,43475951300.66546,0,79361134058.94553,78959387471.0178,79762880646.87325,1507424132.500739,1507424132.500739,1507424132.500739,116955817804.64934,116944834678.25734,116966800931.04135,149367,146959.0,151775.0,13464,13402.0,13526.0,406240.0588235294,406240.0588235294,406240.0588235294,13084.94117647059,13084.94117647059,13084.94117647059,74148,74148.0,74148.0
US-NY,2020-03-15,3,Restrict_Mass_Gatherings_and_Schools-Lockdown-No_Measure,31749331639.443436,31709841258.31821,31788822020.568665,0,109366757977.56216,108776550630.2606,109815231404.0957,2420097063.959503,2420097063.959503,2420097063.959503,117839517052.60234,117814285052.93434,117864749052.27034,343114,337582.0,348646.0,18540,18454.0,18626.0,633967.1764705882,633967.1764705882,633967.1764705882,21911.823529411766,21911.823529411766,21911.823529411766,124167,124167.0,124167.0
US-NY,2020-03-15,3,Restrict_Mass_Gatherings_and_Schools-Lockdown-Restrict_Mass_Gatherings,34292930913.490623,34259508287.96128,34326353539.019962,0,103434042372.1586,103027825272.41792,103981993392.66727,2243335685.892699,2243335685.892699,2243335685.892699,117599019424.53035,117577664359.01234,117620374490.04834,290386,285704.0,295068.0,17548,17467.0,17629.0,591159.0588235294,591159.0588235294,591159.0588235294,20137.94117647059,20137.94117647059,20137.94117647059,114115,114115.0,114115.0
US-NY,2020-03-15,3,Restrict_Mass_Gatherings_and_Schools-Lockdown-Restrict_Mass_Gatherings_and_Schools,42656160556.56382,42632282153.66001,42680038959.467636,0,93257633936.95926,92776947326.9632,93738320546.9553,1933707272.908661,1933707272.908661,1933707272.908661,117220913439.62834,117205656563.47334,117236170315.78334,207488,204143.0,210833.0,15817,15744.0,15890.0,515814.5294117647,515814.5294117647,515814.5294117647,17048.470588235294,17048.470588235294,17048.470588235294,96608,96608.0,96608.0
US-NY,2020-03-15,3,Restrict_Mass_Gatherings_and_Schools-Lockdown-Authorize_Schools_but_Restrict_Mass_Gatherings_and_Others,35997226255.2934,35966152208.106476,36028300302.48034,0,101199712999.73653,100810233090.02103,101730926830.22006,2176788970.92078,2176788970.92078,2176788970.92078,117505922832.84134,117486068368.89435,117525777296.78835,269975,265622.0,274328.0,17173,17094.0,17252.0,575091.2941176471,575091.2941176471,575091.2941176471,19467.705882352944,19467.705882352944,19467.705882352944,110317,110317.0,110317.0
US-NY,2020-03-15,3,Restrict_Mass_Gatherings_and_Schools-Lockdown-Restrict_Mass_Gatherings_and_Schools_and_Others,43706904355.71688,43685710042.347244,43728098669.08651,0,89563938199.65091,89248325156.25056,90021285163.81923,1822188624.0762637,1822188624.0762637,1822188624.0762637,117114366166.98834,117100824264.05734,117127908069.91934,184128,181159.0,187097.0,15202,15132.0,15272.0,488359.4705882353,488359.4705882353,488359.4705882353,15951.529411764706,15951.529411764706,15951.529411764706,90392,90392.0,90392.0
US-NY,2020-03-15,3,Restrict_Mass_Gatherings_and_Schools-Lockdown-Lockdown,48128614640.04839,48105985480.94374,48151243799.15305,0,91650062376.99426,91177902187.21678,92122222566.77174,1885172003.1407037,1885172003.1407037,1885172003.1407037,117171366221.19135,117156907537.36134,117185824905.02135,196625,193455.0,199795.0,15548,15476.0,15620.0,503907.0,503907.0,503907.0,16569.0,16569.0,16569.0,93891,93891.0,93891.0
US-NY,2020-03-15,3,Authorize_Schools_but_Restrict_Mass_Gatherings_and_Others-No_Measure-No_Measure,25285716999.39504,24954938656.987297,25616495341.802784,0,817632443248.7296,813888870627.4725,821376015869.9866,23476226686.853386,23476226686.853386,23476226686.853386,129382860429.27734,129171512784.91434,129594208073.64035,2873939,2827602.0,2920276.0,138681,138044.0,139318.0,6091305.529411765,6091305.529411765,6091305.529411765,215459.4705882353,215459.4705882353,215459.4705882353,1220937,1220937.0,1220937.0
US-NY,2020-03-15,3,Authorize_Schools_but_Restrict_Mass_Gatherings_and_Others-No_Measure-Restrict_Mass_Gatherings,27439802056.866306,27121373381.730186,27758230732.002422,0,798935875841.3658,795159116882.561,802570900879.4028,22895506986.956844,22895506986.956844,22895506986.956844,128893486434.27034,128690029491.17734,129096943377.36334,2766646,2722039.0,2811253.0,135495,134872.0,136118.0,5947571.764705882,5947571.764705882,5947571.764705882,209785.23529411765,209785.23529411765,209785.23529411765,1188783,1188783.0,1188783.0
US-NY,2020-03-15,3,Authorize_Schools_but_Restrict_Mass_Gatherings_and_Others-No_Measure-Restrict_Mass_Gatherings_and_Schools,33861478402.90381,33583896430.732002,34139060375.075623,0,736796334318.5262,733394486587.3156,740198182049.737,20972819788.057938,20972819788.057938,20972819788.057938,127274843621.15034,127097485286.53534,127452201955.76535,2411766,2372881.0,2450651.0,124971,124397.0,125545.0,5471365.411764706,5471365.411764706,5471365.411764706,191014.58823529413,191014.58823529413,191014.58823529413,1082416,1082416.0,1082416.0
US-NY,2020-03-15,3,Authorize_Schools_but_Restrict_Mass_Gatherings_and_Others-No_Measure-Authorize_Schools_but_Restrict_Mass_Gatherings_and_Others,28784921960.072594,28474638354.506958,29095205565.638237,0,786471540511.8229,782912625814.0236,790030455209.622,22511617052.948566,22511617052.948566,22511617052.948566,128570898146.39635,128372645417.26234,128769150875.53035,2695920,2652454.0,2739386.0,133393,132780.0,134006.0,5852513.705882353,5852513.705882353,5852513.705882353,206036.29411764708,206036.29411764708,206036.29411764708,1167539,1167539.0,1167539.0
US-NY,2020-03-15,3,Authorize_Schools_but_Restrict_Mass_Gatherings_and_Others-No_Measure-Restrict_Mass_Gatherings_and_Schools_and_Others,33430804658.197216,33179799455.535393,33681809860.859047,0,695367326563.8207,692068377224.3923,698524541982.481,19683436324.4162,19683436324.4162,19683436324.4162,126221758839.63434,126061381476.59634,126382136202.67235,2180882,2145720.0,2216044.0,117932,117390.0,118474.0,5151454.529411765,5151454.529411765,5151454.529411765,178454.4705882353,178454.4705882353,178454.4705882353,1011242,1011242.0,1011242.0
US-NY,2020-03-15,3,Authorize_Schools_but_Restrict_Mass_Gatherings_and_Others-No_Measure-Lockdown,38755539745.91652,38488537084.08954,39022542407.7435,0,720541874274.4163,717233054445.1326,723850694103.7002,20467270738.213127,20467270738.213127,20467270738.213127,126855737917.33734,126685139131.44034,127026336703.23434,2319879,2282476.0,2357282.0,122208,121646.0,122770.0,5346027.764705882,5346027.764705882,5346027.764705882,186085.23529411765,186085.23529411765,186085.23529411765,1054483,1054483.0,1054483.0
US-NY,2020-03-15,3,Authorize_Schools_but_Restrict_Mass_Gatherings_and_Others-Restrict_Mass_Gatherings-No_Measure,26297486388.384758,25997475136.11615,26597497640.65336,0,727250615882.2423,723842812837.8375,730516685005.879,20618557027.01005,20618557027.01005,20618557027.01005,128163614811.19135,127971925503.51834,128355304118.86435,2606625,2564598.0,2648652.0,123336,122769.0,123903.0,5343696.0,5343696.0,5343696.0,189537.0,189537.0,189537.0,1074043,1074043.0,1074043.0
US-NY,2020-03-15,3,Authorize_Schools_but_Restrict_Mass_Gatherings_and_Others-Restrict_Mass_Gatherings-Restrict_Mass_Gatherings,28268446581.97217,27983740350.877193,28553152813.067154,0,705220918726.7189,701945574088.298,708354529444.3717,19940562100.428616,19940562100.428616,19940562100.428616,127557234943.53734,127375324632.12035,127739145254.95435,2473679,2433796.0,2513562.0,119602,119052.0,120152.0,5176458.117647059,5176458.117647059,5176458.117647059,182883.88235294117,182883.88235294117,182883.88235294117,1036342,1036342.0,1036342.0
US-NY,2020-03-15,3,Authorize_Schools_but_Restrict_Mass_Gatherings_and_Others-Restrict_Mass_Gatherings-Restrict_Mass_Gatherings_and_Schools,34352791409.55838,34114371445.856018,34591211373.26074,0,638592902135.6228,635721610325.8159,641605927866.1978,17889656239.24771,17889656239.24771,17889656239.24771,125723057397.17235,125570721251.67134,125875393542.67334,2071544,2038145.0,2104943.0,108317,107819.0,108815.0,4670240.117647059,4670240.117647059,4670240.117647059,162774.88235294117,162774.88235294117,162774.88235294117,922391,922391.0,922391.0
US-NY,2020-03-15,3,Authorize_Schools_but_Restrict_Mass_Gatherings_and_Others-Restrict_Mass_Gatherings-Authorize_Schools_but_Restrict_Mass_Gatherings_and_Others,29535342407.743496,29260037628.554146,29810647186.93285,0,691784351907.677,688593659060.6844,694975044754.6694,19530557708.357964,19530557708.357964,19530557708.357964,127184666132.82135,127008762788.78734,127360569476.85535,2391995,2353429.0,2430561.0,117339,116800.0,117878.0,5075381.294117647,5075381.294117647,5075381.294117647,178857.70588235295,178857.70588235295,178857.70588235295,1013527,1013527.0,1013527.0
US-NY,2020-03-15,3,Authorize_Schools_but_Restrict_Mass_Gatherings_and_Others-Restrict_Mass_Gatherings-Restrict_Mass_Gatherings_and_Schools_and_Others,33877587477.313972,33666458136.721115,34088716817.906837,0,597323659182.6799,594698502782.6234,600090549503.5044,16612152175.69465,16612152175.69465,16612152175.69465,124641520480.09435,124506621416.07034,124776419544.11835,1834422,1804846.0,1863998.0,101321,100855.0,101787.0,4353937.294117647,4353937.294117647,4353937.294117647,150297.70588235295,150297.70588235295,150297.70588235295,851687,851687.0,851687.0
US-NY,2020-03-15,3,Authorize_Schools_but_Restrict_Mass_Gatherings_and_Others-Restrict_Mass_Gatherings-Lockdown,39209225529.34059,38981984513.00665,39436466545.67453,0,622123835753.2958,619210996526.4143,624894941059.4093,17377253211.868164,17377253211.868164,17377253211.868164,125279910140.53035,125134716676.06334,125425103604.99734,1974386,1942553.0,2006219.0,105507,105022.0,105992.0,4543513.705882353,4543513.705882353,4543513.705882353,157763.29411764708,157763.29411764708,157763.29411764708,893992,893992.0,893992.0
US-NY,2020-03-15,3,Authorize_Schools_but_Restrict_Mass_Gatherings_and_Others-Restrict_Mass_Gatherings_and_Schools-No_Measure,26381092196.007256,26224115789.473682,26538068602.540836,0,387003713302.2257,385317791954.4397,388831368570.7797,10027027354.123558,10027027354.123558,10027027354.123558,122495322712.23834,122395024145.22835,122595621279.24835,1363878,1341888.0,1385868.0,65647,65345.0,65949.0,2609946.2352941176,2609946.2352941176,2609946.2352941176,91615.76470588236,91615.76470588236,91615.76470588236,519156,519156.0,519156.0
US-NY,2020-03-15,3,Authorize_Schools_but_Restrict_Mass_Gatherings_and_Others-Restrict_Mass_Gatherings_and_Schools-Restrict_Mass_Gatherings,28147911675.741077,28009531155.474895,28286292196.007263,0,365323137209.83685,363776603546.1267,367011404794.31506,9368451451.596218,9368451451.596218,9368451451.596218,121758509096.48134,121670092192.36635,121846926000.59634,1202335,1182950.0,1221720.0,61973,61688.0,62258.0,2449116.0588235296,2449116.0588235296,2449116.0588235296,85072.94117647059,85072.94117647059,85072.94117647059,482080,482080.0,482080.0
US-NY,2020-03-15,3,Authorize_Schools_but_Restrict_Mass_Gatherings_and_Others-Restrict_Mass_Gatherings_and_Schools-Restrict_Mass_Gatherings_and_Schools,34908704174.228676,34805702238.35451,35011706110.102844,0,322952594723.40674,321533388640.07355,324513534727.50793,8075429287.355898,8075429287.355898,8075429287.355898,120356541291.35634,120290729193.88535,120422353388.82735,894960,880531.0,909389.0,54777,54525.0,55029.0,2132855.529411765,2132855.529411765,2132855.529411765,72251.4705882353,72251.4705882353,72251.4705882353,409425,409425.0,409425.0
US-NY,2020-03-15,3,Authorize_Schools_but_Restrict_Mass_Gatherings_and_Others-Restrict_Mass_Gatherings_and_Schools-Authorize_Schools_but_Restrict_Mass_Gatherings_and_Others,29386988626.73926,29258459286.1464,29515517967.332123,0,353874366569.90125,352118171807.0823,355488827411.95233,9015834179.130949,9015834179.130949,9015834179.130949,121368165682.96234,121286043095.46735,121450288270.45735,1116754,1098749.0,1134759.0,60009,59733.0,60285.0,2362934.8235294116,2362934.8235294116,2362934.8235294116,81573.17647058824,81573.17647058824,81573.17647058824,462248,462248.0,462248.0
US-NY,2020-03-15,3,Authorize_Schools_but_Restrict_Mass_Gatherings_and_Others-Restrict_Mass_Gatherings_and_Schools-Restrict_Mass_Gatherings_and_Schools_and_Others,35352286932.849365,35261763157.89474,35442810707.80399,0,305789825627.61664,304331807764.1129,307106109570.35236,7545046821.571091,7545046821.571091,7545046821.571091,119862054304.37035,119804215007.95134,119919893600.78935,786546,773865.0,799227.0,51854,51615.0,52093.0,2002168.0588235294,2002168.0588235294,2002168.0588235294,67039.94117647059,67039.94117647059,67039.94117647059,379893,379893.0,379893.0
US-NY,2020-03-15,3,Authorize_Schools_but_Restrict_Mass_Gatherings_and_Others-Restrict_Mass_Gatherings_and_Schools-Lockdown,40058582093.16395,39962026255.2934,40155137931.034485,0,314063433057.5113,312557338021.9562,315569528093.06647,7801352184.266923,7801352184.266923,7801352184.266923,120100887131.30734,120039193706.23334,120162580556.38135,838909,825383.0,852435.0,53268,53023.0,53513.0,2065262.6470588236,2065262.6470588236,2065262.6470588236,69561.35294117648,69561.35294117648,69561.35294117648,394181,394181.0,394181.0
US-NY,2020-03-15,3,Authorize_Schools_but_Restrict_Mass_Gatherings_and_Others-Authorize_Schools_but_Restrict_Mass_Gatherings_and_Others-No_Measure,26777280096.79371,26499362613.43013,27055197580.15729,0,664219101110.4316,661146722930.1772,667291479290.686,18642187764.484184,18642187764.484184,18642187764.484184,127288134663.63635,127110561957.36835,127465707369.90434,2414680,2375748.0,2453612.0,112654,112136.0,113172.0,4827774.94117647,4827774.94117647,4827774.94117647,171553.05882352943,171553.05882352943,171553.05882352943,972134,972134.0,972134.0
US-NY,2020-03-15,3,Authorize_Schools_but_Restrict_Mass_Gatherings_and_Others-Authorize_Schools_but_Restrict_Mass_Gatherings_and_Others-Restrict_Mass_Gatherings,28552023351.482155,28292573260.738052,28811473442.226257,0,638003497305.422,635093820252.2217,640913174358.6224,17835401631.76175,17835401631.76175,17835401631.76175,126556383867.76935,126390610724.61435,126722157010.92435,2254247,2217902.0,2290592.0,108208,107711.0,108705.0,4628816.235294118,4628816.235294118,4628816.235294118,163633.76470588235,163633.76470588235,163633.76470588235,927258,927258.0,927258.0
US-NY,2020-03-15,3,Authorize_Schools_but_Restrict_Mass_Gatherings_and_Others-Authorize_Schools_but_Restrict_Mass_Gatherings_and_Others-Restrict_Mass_Gatherings_and_Schools,34459767937.08409,34249445251.05868,34670090623.1095,0,569783847227.2391,567148367408.8594,572419327045.619,15739533817.395803,15739533817.395803,15739533817.395803,124609369293.24335,124474985633.40634,124743752953.08035,1827373,1797910.0,1856836.0,96644,96200.0,97088.0,4112520.705882353,4112520.705882353,4112520.705882353,143033.29411764708,143033.29411764708,143033.29411764708,810522,810522.0,810522.0
US-NY,2020-03-15,3,Authorize_Schools_but_Restrict_Mass_Gatherings_and_Others-Authorize_Schools_but_Restrict_Mass_Gatherings_and_Others-Authorize_Schools_but_Restrict_Mass_Gatherings_and_Others,29705366485.178463,29457145311.55475,29953587658.802177,0,622229316608.4073,619414035275.5859,625186331861.9967,17351390442.211056,17351390442.211056,17351390442.211056,126111261655.26035,125952663120.83235,126269860189.68834,2156656,2121884.0,2191428.0,105541,105056.0,106026.0,4509512.0,4509512.0,4509512.0,158880.0,158880.0,158880.0,900320,900320.0,900320.0
US-NY,2020-03-15,3,Authorize_Schools_but_Restrict_Mass_Gatherings_and_Others-Authorize_Schools_but_Restrict_Mass_Gatherings_and_Others-Restrict_Mass_Gatherings_and_Schools_and_Others,34045084513.006657,33861081609.195404,34229087416.81791,0,530911766982.64197,528508586361.58344,533456681524.4685,14539277470.477386,14539277470.477386,14539277470.477386,123566501373.48735,123448934485.66335,123684068261.31134,1598729,1572953.0,1624505.0,90057,89643.0,90471.0,3815779.0,3815779.0,3815779.0,131289.0,131289.0,131289.0,743971,743971.0,743971.0
US-NY,2020-03-15,3,Authorize_Schools_but_Restrict_Mass_Gatherings_and_Others-Authorize_Schools_but_Restrict_Mass_Gatherings_and_Others-Lockdown,39326581488.20326,39127273563.21839,39525889413.18814,0,553884733971.3057,551343198944.1447,556426268998.4664,15249834911.838604,15249834911.838604,15249834911.838604,124172853874.54735,124045507990.46735,124300199758.62735,1731669,1703749.0,1759589.0,93951,93519.0,94383.0,3991613.3529411764,3991613.3529411764,3991613.3529411764,138233.64705882352,138233.64705882352,138233.64705882352,783324,783324.0,783324.0
US-NY,2020-03-15,3,Authorize_Schools_but_Restrict_Mass_Gatherings_and_Others-Restrict_Mass_Gatherings_and_Schools_and_Others-No_Measure,22724185662.431942,22645804537.205082,22802566787.658802,0,252504592200.91006,251319774025.75858,253689410376.0616,5869186531.813478,5869186531.813478,5869186531.813478,119380867482.06834,119330786615.04834,119430948349.08835,681048,670068.0,692028.0,42821,42624.0,43018.0,1557595.3529411764,1557595.3529411764,1557595.3529411764,52142.64705882353,52142.64705882353,52142.64705882353,295475,295475.0,295475.0
US-NY,2020-03-15,3,Authorize_Schools_but_Restrict_Mass_Gatherings_and_Others-Restrict_Mass_Gatherings_and_Schools_and_Others-Restrict_Mass_Gatherings,25265864670.296432,25193579854.809437,25338149485.783424,0,246237657257.39825,245095155532.92764,247380158981.8689,5682186130.0251255,5682186130.0251255,5682186130.0251255,119139142918.36534,119092957229.89134,119185328606.83934,628051,617925.0,638177.0,41773,41581.0,41965.0,1512207.0,1512207.0,1512207.0,50271.0,50271.0,50271.0,284869,284869.0,284869.0
US-NY,2020-03-15,3,Authorize_Schools_but_Restrict_Mass_Gatherings_and_Others-Restrict_Mass_Gatherings_and_Schools_and_Others-Restrict_Mass_Gatherings_and_Schools,33587162552.93406,33525092982.456142,33649232123.41198,0,234858842788.1822,233790914385.7108,235926771190.65363,5333544449.933491,5333544449.933491,5333544449.933491,118734245037.93735,118694586282.13234,118773903793.74234,539279,530584.0,547974.0,39829,39646.0,40012.0,1427166.705882353,1427166.705882353,1427166.705882353,46802.29411764706,46802.29411764706,46802.29411764706,265213,265213.0,265213.0
US-NY,2020-03-15,3,Authorize_Schools_but_Restrict_Mass_Gatherings_and_Others-Restrict_Mass_Gatherings_and_Schools_and_Others-Authorize_Schools_but_Restrict_Mass_Gatherings_and_Others,26933467937.08409,26864124198.4271,27002811675.741077,0,243177506591.7592,242052989627.98975,244302023555.5287,5588201133.276678,5588201133.276678,5588201133.276678,119022602277.81635,118978295762.13034,119066908793.50235,602500,592786.0,612214.0,41247,41057.0,41437.0,1489357.8235294118,1489357.8235294118,1489357.8235294118,49332.17647058824,49332.17647058824,49332.17647058824,279549,279549.0,279549.0
US-NY,2020-03-15,3,Authorize_Schools_but_Restrict_Mass_Gatherings_and_Others-Restrict_Mass_Gatherings_and_Schools_and_Others-Restrict_Mass_Gatherings_and_Schools_and_Others,34627683968.542046,34568469812.46219,34686898124.6219,0,230907782694.2268,229863554680.9111,232093744628.31055,5215008429.537394,5215008429.537394,5215008429.537394,118621166271.52934,118583331955.32434,118659000587.73434,514487,506192.0,522782.0,39174,38994.0,39354.0,1397994.1764705882,1397994.1764705882,1397994.1764705882,45635.82352941177,45635.82352941177,45635.82352941177,258603,258603.0,258603.0
US-NY,2020-03-15,3,Authorize_Schools_but_Restrict_Mass_Gatherings_and_Others-Restrict_Mass_Gatherings_and_Schools_and_Others-Lockdown,39051899879.007866,38991208045.97701,39112591712.03872,0,233028662743.33505,231969531318.5782,234087794168.0919,5278708417.972214,5278708417.972214,5278708417.972214,118679767271.48134,118640988807.78334,118718545735.17935,527335,518833.0,535837.0,39525,39343.0,39707.0,1413696.5882352942,1413696.5882352942,1413696.5882352942,46261.41176470589,46261.41176470589,46261.41176470589,262148,262148.0,262148.0
US-NY,2020-03-15,3,Authorize_Schools_but_Restrict_Mass_Gatherings_and_Others-Lockdown-No_Measure,29822211615.24501,29699236055.656384,29945187174.833637,0,328179989771.68604,326695143028.2226,329664836515.1496,8194022591.967189,8194022591.967189,8194022591.967189,121147873723.46034,121069299670.98735,121226447775.93335,1068456,1051229.0,1085683.0,55654,55398.0,55910.0,2146766.588235294,2146766.588235294,2146766.588235294,74176.41176470589,74176.41176470589,74176.41176470589,420333,420333.0,420333.0
US-NY,2020-03-15,3,Authorize_Schools_but_Restrict_Mass_Gatherings_and_Others-Lockdown-Restrict_Mass_Gatherings,31913977253.478523,31804357894.736843,32023596612.220207,0,313691658066.0344,312299790272.4873,315083525859.5816,7756013137.932308,7756013137.932308,7756013137.932308,120618681334.18335,120548641097.93935,120688721570.42734,952433,937077.0,967789.0,53204,52959.0,53449.0,2040189.4117647058,2040189.4117647058,2040189.4117647058,69805.58823529413,69805.58823529413,69805.58823529413,395565,395565.0,395565.0
US-NY,2020-03-15,3,Authorize_Schools_but_Restrict_Mass_Gatherings_and_Others-Lockdown-Restrict_Mass_Gatherings_and_Schools,39330408590.44162,39245595644.28312,39415221536.60012,0,284939432269.8868,283593671185.99884,286285193353.77466,6880437322.568726,6880437322.568726,6880437322.568726,119635627666.71335,119581437249.49434,119689818083.93234,736903,725022.0,748784.0,48324,48102.0,48546.0,1826353.4705882352,1826353.4705882352,1826353.4705882352,61107.529411764706,61107.529411764706,61107.529411764706,346276,346276.0,346276.0
US-NY,2020-03-15,3,Authorize_Schools_but_Restrict_Mass_Gatherings_and_Others-Lockdown-Authorize_Schools_but_Restrict_Mass_Gatherings_and_Others,33425753418.02783,33321587900.78645,33529918935.269207,0,308110544104.34143,306759639973.9951,309461448234.6877,7588047867.831806,7588047867.831806,7588047867.831806,120402576463.56334,120336020906.95535,120469132020.17134,905053,890461.0,919645.0,52258,52018.0,52498.0,1999519.4117647058,1999519.4117647058,1999519.4117647058,68119.58823529413,68119.58823529413,68119.58823529413,386011,386011.0,386011.0
US-NY,2020-03-15,3,Authorize_Schools_but_Restrict_Mass_Gatherings_and_Others-Lockdown-Restrict_Mass_Gatherings_and_Schools_and_Others,40012839624.92438,39936657168.78403,40089022081.06473,0,272865752886.8082,271591228249.13547,274140277524.4809,6507878549.512267,6507878549.512267,6507878549.512267,119293750491.16835,119245074442.64035,119342426539.69635,661948,651276.0,672620.0,46275,46062.0,46488.0,1734432.1764705882,1734432.1764705882,1734432.1764705882,57452.82352941177,57452.82352941177,57452.82352941177,325566,325566.0,325566.0
US-NY,2020-03-15,3,Authorize_Schools_but_Restrict_Mass_Gatherings_and_Others-Lockdown-Lockdown,44643209316.39443,44562222625.52934,44724196007.25953,0,279806416792.83636,278634030231.1828,281120537275.258,6725319810.190659,6725319810.190659,6725319810.190659,119484071469.14134,119432325800.98634,119535817137.29634,703675,692330.0,715020.0,47466,47248.0,47684.0,1788203.1764705882,1788203.1764705882,1788203.1764705882,59579.82352941177,59579.82352941177,59579.82352941177,337619,337619.0,337619.0
US-NY,2020-03-15,3,Restrict_Mass_Gatherings_and_Schools_and_Others-No_Measure-No_Measure,18967843496.672714,18873115124.016937,19062571869.328495,0,155588605402.17245,154811566310.03418,156223910573.54276,4203078329.663021,4203078329.663021,4203078329.663021,120028534417.87035,119968008634.14035,120089060201.60034,823046,809776.0,836316.0,26382,26260.0,26504.0,1056177.1764705882,1056177.1764705882,1056177.1764705882,40280.82352941177,40280.82352941177,40280.82352941177,228258,228258.0,228258.0
US-NY,2020-03-15,3,Restrict_Mass_Gatherings_and_Schools_and_Others-No_Measure-Restrict_Mass_Gatherings,20556477979.431335,20483215184.51301,20629740774.349667,0,132625317035.27524,132141337998.84332,133251029992.47516,3511100470.144842,3511100470.144842,3511100470.144842,119177871209.97435,119131060650.93735,119224681769.01135,636542,626279.0,646805.0,22506,22402.0,22610.0,887949.5294117647,887949.5294117647,887949.5294117647,33368.470588235294,33368.470588235294,33368.470588235294,189088,189088.0,189088.0
US-NY,2020-03-15,3,Restrict_Mass_Gatherings_and_Schools_and_Others-No_Measure-Restrict_Mass_Gatherings_and_Schools,27185186146.400482,27149429219.600727,27220943073.20024,0,91067876331.71007,90715704105.31116,91561782478.87697,2247778026.899202,2247778026.899202,2247778026.899202,117691509390.05234,117668662845.16135,117714355934.94334,310664,305655.0,315673.0,15447,15376.0,15518.0,580176.1764705882,580176.1764705882,580176.1764705882,20780.823529411766,20780.823529411766,20780.823529411766,117758,117758.0,117758.0
US-NY,2020-03-15,3,Restrict_Mass_Gatherings_and_Schools_and_Others-No_Measure-Authorize_Schools_but_Restrict_Mass_Gatherings_and_Others,21710891893.52692,21648843738.656986,21772940048.396854,0,120520932975.73714,119977793676.73499,121064072274.7393,3140941685.560154,3140941685.560154,3140941685.560154,118733433162.31534,118693788089.80734,118773078234.82335,539101,530409.0,547793.0,20437,20343.0,20531.0,797827.5882352941,797827.5882352941,797827.5882352941,29677.411764705885,29677.411764705885,29677.411764705885,168172,168172.0,168172.0
US-NY,2020-03-15,3,Restrict_Mass_Gatherings_and_Schools_and_Others-No_Measure-Restrict_Mass_Gatherings_and_Schools_and_Others,27720827465.21476,27696063883.84755,27745591046.58197,0,76798854869.29547,76534686341.0809,77204757318.27803,1811662630.9119124,1811662630.9119124,1811662630.9119124,117255842335.77034,117240019883.33934,117271664788.20134,215146,211677.0,218615.0,13030,12970.0,13090.0,473142.5882352941,473142.5882352941,473142.5882352941,16474.411764705885,16474.411764705885,16474.411764705885,93355,93355.0,93355.0
US-NY,2020-03-15,3,Restrict_Mass_Gatherings_and_Schools_and_Others-No_Measure-Lockdown,32395498911.07078,32365224379.915306,32425773442.226257,0,84127600993.4845,83816452554.17447,84580483353.56252,2035807848.0638487,2035807848.0638487,2035807848.0638487,117474469494.13734,117455125873.27835,117493813114.99634,263079,258838.0,267320.0,14271,14205.0,14337.0,528185.8823529412,528185.8823529412,528185.8823529412,18686.117647058825,18686.117647058825,18686.117647058825,105888,105888.0,105888.0
US-NY,2020-03-15,3,Restrict_Mass_Gatherings_and_Schools_and_Others-Restrict_Mass_Gatherings-No_Measure,19612263823.351482,19554227525.710827,19670300120.992134,0,104108618604.07506,103502944791.99182,104572558495.3903,2615464800.0665092,2615464800.0665092,2615464800.0665092,118574574645.24434,118537492910.37434,118611656380.11435,504272,496142.0,512402.0,17646,17564.0,17728.0,661826.2941176471,661826.2941176471,661826.2941176471,24837.705882352944,24837.705882352944,24837.705882352944,140747,140747.0,140747.0
US-NY,2020-03-15,3,Restrict_Mass_Gatherings_and_Schools_and_Others-Restrict_Mass_Gatherings-Restrict_Mass_Gatherings,21758924803.38778,21713352389.594677,21804497217.18088,0,91911269198.93588,91532533385.9184,92290005011.95337,2249480494.7531776,2249480494.7531776,2249480494.7531776,118080457107.27734,118051339051.26135,118109575163.29335,395939,389555.0,402323.0,15589,15517.0,15661.0,573257.3529411765,573257.3529411765,573257.3529411765,21161.64705882353,21161.64705882353,21161.64705882353,119916,119916.0,119916.0
US-NY,2020-03-15,3,Restrict_Mass_Gatherings_and_Schools_and_Others-Restrict_Mass_Gatherings-Restrict_Mass_Gatherings_and_Schools,29280720931.639442,29258255958.862675,29303185904.416214,0,66853184783.5052,66635128229.10467,67212975258.673744,1490451603.6801655,1490451603.6801655,1490451603.6801655,117164725261.04735,117150371482.49434,117179079039.60034,195169,192022.0,198316.0,11346,11293.0,11399.0,388495.9411764706,388495.9411764706,388495.9411764706,13591.058823529413,13591.058823529413,13591.058823529413,77016,77016.0,77016.0
US-NY,2020-03-15,3,Restrict_Mass_Gatherings_and_Schools_and_Others-Restrict_Mass_Gatherings-Authorize_Schools_but_Restrict_Mass_Gatherings_and_Others,23205247731.39746,23166185662.431942,23244309800.362976,0,85284582154.63628,84949034588.67567,85620129720.59688,2049147952.0765593,2049147952.0765593,2049147952.0765593,117822531519.92635,117797573186.19835,117847489853.65434,339390,333918.0,344862.0,14465,14398.0,14532.0,524650.2941176471,524650.2941176471,524650.2941176471,19155.705882352944,19155.705882352944,19155.705882352944,108549,108549.0,108549.0
US-NY,2020-03-15,3,Restrict_Mass_Gatherings_and_Schools_and_Others-Restrict_Mass_Gatherings-Restrict_Mass_Gatherings_and_Schools_and_Others,30084478523.895947,30068688082.27465,30100268965.517242,0,57917656022.67803,57754925427.927536,58222120538.19654,1216528292.7135677,1216528292.7135677,1216528292.7135677,116900368524.10634,116890279373.11835,116910457675.09435,137210,134998.0,139422.0,9834,9788.0,9880.0,321071.0,321071.0,321071.0,10896.0,10896.0,10896.0,61744,61744.0,61744.0
US-NY,2020-03-15,3,Restrict_Mass_Gatherings_and_Schools_and_Others-Restrict_Mass_Gatherings-Lockdown,34638544404.11373,34619184694.49486,34657904113.732605,0,62976481670.21836,62640917668.22555,63312045672.21116,1371088660.397576,1371088660.397576,1371088660.397576,117041935914.86835,117029566214.38034,117054305615.35634,168248,165536.0,170960.0,10685,10635.0,10735.0,359222.64705882355,359222.64705882355,359222.64705882355,12411.352941176472,12411.352941176472,12411.352941176472,70331,70331.0,70331.0
US-NY,2020-03-15,3,Restrict_Mass_Gatherings_and_Schools_and_Others-Restrict_Mass_Gatherings_and_Schools-No_Measure,25794349485.783424,25781021839.08046,25807677132.48639,0,45781384326.48591,45541065497.49317,46021703155.47865,824661449.2684009,824661449.2684009,824661449.2684009,116802847666.38734,116794332094.55435,116811363238.22035,115829,113962.0,117696.0,7758,7722.0,7794.0,217868.76470588235,217868.76470588235,217868.76470588235,7375.235294117648,7375.235294117648,7375.235294117648,41793,41793.0,41793.0
US-NY,2020-03-15,3,Restrict_Mass_Gatherings_and_Schools_and_Others-Restrict_Mass_Gatherings_and_Schools-Restrict_Mass_Gatherings,28608292256.503326,28596670719.903206,28619913793.103447,0,44208115066.25014,43977284639.683975,44438945492.81631,779844669.6349394,779844669.6349394,779844669.6349394,116735083418.54434,116727657949.37234,116742508887.71634,100972,99344.0,102600.0,7505,7470.0,7540.0,207083.9411764706,207083.9411764706,207083.9411764706,6922.058823529413,6922.058823529413,6922.058823529413,39225,39225.0,39225.0
US-NY,2020-03-15,3,Restrict_Mass_Gatherings_and_Schools_and_Others-Restrict_Mass_Gatherings_and_Schools-Restrict_Mass_Gatherings_and_Schools,37347058862.67393,37338928070.17544,37355189655.17242,0,40599371501.64858,40393579220.74614,40663429861.78302,666777639.7058823,666777639.7058823,666777639.7058823,116596923168.73535,116591728076.97435,116602118260.49634,70681,69542.0,71820.0,6874,6842.0,6906.0,179559.58823529413,179559.58823529413,179559.58823529413,5794.411764705883,5794.411764705883,5794.411764705883,32835,32835.0,32835.0
US-NY,2020-03-15,3,Restrict_Mass_Gatherings_and_Schools_and_Others-Restrict_Mass_Gatherings_and_Schools-Authorize_Schools_but_Restrict_Mass_Gatherings_and_Others,30387113914.095585,30376641681.790684,30397586146.400482,0,43038463141.846634,42957682622.65905,43260977581.80223,744597459.5772983,744597459.5772983,744597459.5772983,116689604700.41534,116682913568.18234,116696295832.64835,91001,89534.0,92468.0,7308,7274.0,7342.0,198521.35294117648,198521.35294117648,198521.35294117648,6569.64705882353,6569.64705882353,6569.64705882353,37228,37228.0,37228.0
US-NY,2020-03-15,3,Restrict_Mass_Gatherings_and_Schools_and_Others-Restrict_Mass_Gatherings_and_Schools-Restrict_Mass_Gatherings_and_Schools_and_Others,38514767574.10768,38507436297.640656,38522098850.574715,0,39427354450.4863,39229141638.56643,39625567262.40615,633908109.998522,633908109.998522,633908109.998522,116565109503.21034,116560425254.53734,116569793751.88335,63706,62679.0,64733.0,6693,6662.0,6724.0,171466.88235294117,171466.88235294117,171466.88235294117,5471.117647058824,5471.117647058824,5471.117647058824,31003,31003.0,31003.0
US-NY,2020-03-15,3,Restrict_Mass_Gatherings_and_Schools_and_Others-Restrict_Mass_Gatherings_and_Schools-Lockdown,42873109074.410164,42865363762.855415,42880854385.96491,0,40059574580.74676,39854593972.33232,40264555189.161194,651881748.4850724,651881748.4850724,651881748.4850724,116581620681.59035,116576671889.17534,116586569474.00534,67326,66241.0,68411.0,6791,6759.0,6823.0,175898.41176470587,175898.41176470587,175898.41176470587,5647.588235294118,5647.588235294118,5647.588235294118,32003,32003.0,32003.0
US-NY,2020-03-15,3,Restrict_Mass_Gatherings_and_Schools_and_Others-Authorize_Schools_but_Restrict_Mass_Gatherings_and_Others-No_Measure,20545961343.012703,20502694676.34604,20589228009.67937,0,84134575608.18166,83796070799.83162,84473080416.53168,2003672656.037541,2003672656.037541,2003672656.037541,117989111977.60434,117961467156.56534,118016756798.64334,375912,369851.0,381973.0,14273,14207.0,14339.0,509987.5882352941,509987.5882352941,509987.5882352941,18880.411764705885,18880.411764705885,18880.411764705885,106989,106989.0,106989.0
US-NY,2020-03-15,3,Restrict_Mass_Gatherings_and_Schools_and_Others-Authorize_Schools_but_Restrict_Mass_Gatherings_and_Others-Restrict_Mass_Gatherings,22835364488.808228,22802270235.934666,22868458741.68179,0,74295259642.61539,73883608049.54596,74565177314.9168,1703437646.541531,1703437646.541531,1703437646.541531,117586198175.24135,117565052920.27734,117607343430.20535,287575,282939.0,292211.0,12589,12531.0,12647.0,437238.70588235295,437238.70588235295,437238.70588235295,15869.29411764706,15869.29411764706,15869.29411764706,89926,89926.0,89926.0
US-NY,2020-03-15,3,Restrict_Mass_Gatherings_and_Schools_and_Others-Authorize_Schools_but_Restrict_Mass_Gatherings_and_Others-Restrict_Mass_Gatherings_and_Schools,30788392437.99153,30771452692.075016,30805332183.908047,0,56811947923.387146,56652693342.263214,57112936425.27907,1176865855.7123854,1176865855.7123854,1176865855.7123854,116945997758.50235,116935174270.57535,116956821246.42935,147214,144841.0,149587.0,9645,9600.0,9690.0,309080.70588235295,309080.70588235295,309080.70588235295,10616.29411764706,10616.29411764706,10616.29411764706,60159,60159.0,60159.0
US-NY,2020-03-15,3,Restrict_Mass_Gatherings_and_Schools_and_Others-Authorize_Schools_but_Restrict_Mass_Gatherings_and_Others-Authorize_Schools_but_Restrict_Mass_Gatherings_and_Others,24393319842.710224,24364929885.057472,24421709800.362976,0,69500983134.74156,69116924952.57588,69743307396.13925,1559886087.237659,1559886087.237659,1559886087.237659,117399599054.05234,117381459563.32935,117417738544.77534,246664,242687.0,250641.0,11784,11729.0,11839.0,402429.1176470588,402429.1176470588,402429.1176470588,14430.882352941177,14430.882352941177,14430.882352941177,81775,81775.0,81775.0
US-NY,2020-03-15,3,Restrict_Mass_Gatherings_and_Schools_and_Others-Authorize_Schools_but_Restrict_Mass_Gatherings_and_Others-Restrict_Mass_Gatherings_and_Schools_and_Others,31740124742.891712,31727468118.572292,31752781367.211132,0,51153224404.94745,51032468407.616394,51415714323.046486,1002807077.8155483,1002807077.8155483,1002807077.8155483,116776188042.73235,116768101214.20535,116784274871.25934,109984,108211.0,111757.0,8684,8644.0,8724.0,266275.1176470588,266275.1176470588,266275.1176470588,8901.882352941177,8901.882352941177,8901.882352941177,50444,50444.0,50444.0
US-NY,2020-03-15,3,Restrict_Mass_Gatherings_and_Schools_and_Others-Authorize_Schools_but_Restrict_Mass_Gatherings_and_Others-Lockdown,36210027283.726555,36195157713.24864,36224896854.204475,0,54219096774.00848,54075993175.0017,54503934293.78325,1096993940.4005322,1096993940.4005322,1096993940.4005322,116863980076.28435,116854479307.06735,116873480845.50134,129232,127149.0,131315.0,9203,9160.0,9246.0,289487.8823529412,289487.8823529412,289487.8823529412,9827.117647058823,9827.117647058823,9827.117647058823,55687,55687.0,55687.0
US-NY,2020-03-15,3,Restrict_Mass_Gatherings_and_Schools_and_Others-Restrict_Mass_Gatherings_and_Schools_and_Others-No_Measure,26607629885.057472,26600819721.71809,26614440048.396854,0,37113538887.28694,36928215336.560234,37298862438.01366,560021134.8285545,560021134.8285545,560021134.8285545,116544575435.51234,116540224147.06635,116548926723.95834,59204,58250.0,60158.0,6288,6259.0,6317.0,151859.35294117648,151859.35294117648,151859.35294117648,4814.64705882353,4814.64705882353,4814.64705882353,27283,27283.0,27283.0
US-NY,2020-03-15,3,Restrict_Mass_Gatherings_and_Schools_and_Others-Restrict_Mass_Gatherings_and_Schools_and_Others-Restrict_Mass_Gatherings,29506485541.439808,29500010889.292194,29512960193.587418,0,36738841141.58268,36554224046.53997,36923458236.62539,550065199.0836536,550065199.0836536,550065199.0836536,116531065460.27434,116526928543.48134,116535202377.06735,56242,55335.0,57149.0,6232,6203.0,6261.0,149444.0588235294,149444.0588235294,149444.0588235294,4714.941176470588,4714.941176470588,4714.941176470588,26718,26718.0,26718.0
US-NY,2020-03-15,3,Restrict_Mass_Gatherings_and_Schools_and_Others-Restrict_Mass_Gatherings_and_Schools_and_Others-Restrict_Mass_Gatherings_and_Schools,38435843920.14519,38429783303.0853,38441904537.20508,0,36242649881.265465,36200638503.36676,36426395179.932175,536666730.74933493,536666730.74933493,536666730.74933493,116514681992.66635,116510809619.61534,116518554365.71735,52650,51801.0,53499.0,6157,6128.0,6186.0,146181.64705882352,146181.64705882352,146181.64705882352,4581.352941176471,4581.352941176471,4581.352941176471,25961,25961.0,25961.0
US-NY,2020-03-15,3,Restrict_Mass_Gatherings_and_Schools_and_Others-Restrict_Mass_Gatherings_and_Schools_and_Others-Authorize_Schools_but_Restrict_Mass_Gatherings_and_Others,31348204839.68542,31341865819.721718,31354543859.649124,0,36591693211.454,36407361704.879295,36776024718.02872,546019507.8702335,546019507.8702335,546019507.8702335,116525774585.43434,116521724329.52234,116529824841.34634,55082,54194.0,55970.0,6210,6181.0,6239.0,148460.4705882353,148460.4705882353,148460.4705882353,4674.529411764706,4674.529411764706,4674.529411764706,26489,26489.0,26489.0
US-NY,2020-03-15,3,Restrict_Mass_Gatherings_and_Schools_and_Others-Restrict_Mass_Gatherings_and_Schools_and_Others-Restrict_Mass_Gatherings_and_Schools_and_Others,39648261282.51664,39642286327.88869,39654236237.144585,0,36131715827.18567,36089884820.950966,36315280754.188385,533445965.8217558,533445965.8217558,533445965.8217558,116511434490.17834,116507616850.31534,116515252130.04135,51938,51101.0,52775.0,6140,6111.0,6169.0,145390.41176470587,145390.41176470587,145390.41176470587,4549.588235294118,4549.588235294118,4549.588235294118,25781,25781.0,25781.0
US-NY,2020-03-15,3,Restrict_Mass_Gatherings_and_Schools_and_Others-Restrict_Mass_Gatherings_and_Schools_and_Others-Lockdown,43983680943.738655,43977656019.35874,43989705868.118576,0,36202719496.03801,36160783272.9993,36386389639.84472,535427836.0552764,535427836.0552764,535427836.0552764,116513299979.66934,116509450412.11334,116517149547.22534,52347,51503.0,53191.0,6151,6122.0,6180.0,145880.0,145880.0,145880.0,4569.0,4569.0,4569.0,25891,25891.0,25891.0
US-NY,2020-03-15,3,Restrict_Mass_Gatherings_and_Schools_and_Others-Lockdown-No_Measure,31099490562.61343,31090110526.31579,31108870598.91107,0,40532008614.46377,40323585913.46133,40740431315.4662,667078697.4209282,667078697.4209282,667078697.4209282,116646397409.58835,116640404125.50235,116652390693.67435,81528,80214.0,82842.0,6883,6851.0,6915.0,178647.70588235295,178647.70588235295,178647.70588235295,5846.2941176470595,5846.2941176470595,5846.2941176470595,33129,33129.0,33129.0
US-NY,2020-03-15,3,Restrict_Mass_Gatherings_and_Schools_and_Others-Lockdown-Restrict_Mass_Gatherings,33966465517.24138,33957934966.72716,33974996067.755596,0,39807404460.03802,39606666444.82215,40008142475.253876,644332617.3884127,644332617.3884127,644332617.3884127,116612517566.21634,116607067052.91135,116617968079.52135,74100,72905.0,75295.0,6755,6724.0,6786.0,173162.11764705883,173162.11764705883,173162.11764705883,5616.882352941177,5616.882352941177,5616.882352941177,31829,31829.0,31829.0
US-NY,2020-03-15,3,Restrict_Mass_Gatherings_and_Schools_and_Others-Lockdown-Restrict_Mass_Gatherings_and_Schools,42823738959.467636,42816786025.40835,42830691893.526924,0,38222426261.455536,38030906091.17025,38272212510.972824,593788635.6783919,593788635.6783919,593788635.6783919,116550076120.90634,116545633610.48035,116554518631.33235,60410,59436.0,61384.0,6473,6443.0,6503.0,160874.0,160874.0,160874.0,5112.0,5112.0,5112.0,28968,28968.0,28968.0
US-NY,2020-03-15,3,Restrict_Mass_Gatherings_and_Schools_and_Others-Lockdown-Authorize_Schools_but_Restrict_Mass_Gatherings_and_Others,35786119600.72595,35778081609.195404,35794157592.2565,0,39401769709.11076,39202068830.962906,39459736666.49063,629734043.0830624,629734043.0830624,629734043.0830624,116593128334.36734,116587992536.89334,116598264131.84134,69849,68723.0,70975.0,6673,6642.0,6704.0,169622.41176470587,169622.41176470587,169622.41176470587,5470.588235294118,5470.588235294118,5470.588235294118,31000,31000.0,31000.0
US-NY,2020-03-15,3,Restrict_Mass_Gatherings_and_Schools_and_Others-Lockdown-Restrict_Mass_Gatherings_and_Schools_and_Others,44018281427.7072,44011699697.51966,44024863157.89474,0,37684718645.66171,37493980085.92043,37875457205.403,578856205.7345551,578856205.7345551,578856205.7345551,116535407626.52234,116531202293.24434,116539612959.80034,57194,56272.0,58116.0,6390,6360.0,6420.0,157189.4705882353,157189.4705882353,157189.4705882353,4965.529411764706,4965.529411764706,4965.529411764706,28138,28138.0,28138.0
US-NY,2020-03-15,3,Restrict_Mass_Gatherings_and_Schools_and_Others-Lockdown-Lockdown,48362552873.56322,48355778402.90381,48369327344.222626,0,37974824723.825645,37783680327.840355,38165969119.81093,586864147.9456104,586864147.9456104,586864147.9456104,116542928878.77335,116538600395.82234,116547257361.72435,58843,57894.0,59792.0,6435,6405.0,6465.0,159176.4705882353,159176.4705882353,159176.4705882353,5043.529411764706,5043.529411764706,5043.529411764706,28580,28580.0,28580.0
US-NY,2020-03-15,3,Lockdown-No_Measure-No_Measure,29410659044.162132,29217411736.237144,29603906352.087116,0,341357411204.03925,339807373491.79,342907448916.2885,9785847488.065327,9785847488.065327,9785847488.065327,123932661840.10834,123809188329.07935,124056135351.13734,1679008,1651937.0,1706079.0,57895,57629.0,58161.0,2470563.0,2470563.0,2470563.0,93213.0,93213.0,93213.0,528207,528207.0,528207.0
US-NY,2020-03-15,3,Lockdown-No_Measure-Restrict_Mass_Gatherings,30669678765.88022,30503215245.009075,30836142286.751358,0,308769022063.9041,307281046640.7953,310115263566.24506,8794869269.139816,8794869269.139816,8794869269.139816,122871394446.98634,122765034179.40535,122977754714.56735,1446330,1423011.0,1469649.0,52360,52119.0,52601.0,2228463.529411765,2228463.529411765,2228463.529411765,83372.4705882353,83372.4705882353,83372.4705882353,472444,472444.0,472444.0
US-NY,2020-03-15,3,Lockdown-No_Measure-Restrict_Mass_Gatherings_and_Schools,35125173865.69873,35031252147.610405,35219095583.787056,0,217390968976.00623,216474354298.78027,218449317574.00018,6007150702.9633465,6007150702.9633465,6007150702.9633465,119996479014.09834,119936468634.55534,120056489393.64134,816018,802861.0,829175.0,36882,36712.0,37052.0,1545095.8823529412,1545095.8823529412,1545095.8823529412,55805.117647058825,55805.117647058825,55805.117647058825,316229,316229.0,316229.0
US-NY,2020-03-15,3,Lockdown-No_Measure-Authorize_Schools_but_Restrict_Mass_Gatherings_and_Others,31500252994.55535,31350222383.545067,31650283605.565636,0,288690325484.596,287331287360.9284,290049363608.2637,8184264900.6429205,8184264900.6429205,8184264900.6429205,122220042143.19235,122124181525.50934,122315902760.87535,1303524,1282507.0,1324541.0,48958,48733.0,49183.0,2079155.1764705882,2079155.1764705882,2079155.1764705882,77315.82352941178,77315.82352941178,77315.82352941178,438123,438123.0,438123.0
US-NY,2020-03-15,3,Lockdown-No_Measure-Restrict_Mass_Gatherings_and_Schools_and_Others,34489067332.12341,34425034664.246826,34553100000.0,0,175058409653.36502,174257563739.0481,175859255567.68195,4698453327.446054,4698453327.446054,4698453327.446054,118812134925.56035,118771221867.53035,118853047983.59035,556356,547386.0,565326.0,29691,29554.0,29828.0,1221875.705882353,1221875.705882353,1221875.705882353,42983.29411764706,42983.29411764706,42983.29411764706,243572,243572.0,243572.0
US-NY,2020-03-15,3,Lockdown-No_Measure-Lockdown,39835403629.76407,39755023714.45856,39915783545.06957,0,199016697059.8574,198075302217.5261,199958091902.1887,5439414614.765001,5439414614.765001,5439414614.765001,119459915888.83734,119408557914.09735,119511273863.57735,698379,687119.0,709639.0,33753,33598.0,33908.0,1405201.294117647,1405201.294117647,1405201.294117647,50226.705882352944,50226.705882352944,50226.705882352944,284618,284618.0,284618.0
US-NY,2020-03-15,3,Lockdown-Restrict_Mass_Gatherings-No_Measure,29297552208.106472,29153211010.284332,29441893405.928616,0,252107040088.80637,250925069653.14285,253289010524.46985,6999851275.60597,6999851275.60597,6999851275.60597,121994687363.80034,121902461942.02034,122086912785.58035,1254116,1233896.0,1274336.0,42759,42562.0,42956.0,1768025.2352941176,1768025.2352941176,1768025.2352941176,66634.76470588236,66634.76470588236,66634.76470588236,377597,377597.0,377597.0
US-NY,2020-03-15,3,Lockdown-Restrict_Mass_Gatherings-Restrict_Mass_Gatherings,30482887961.282516,30366515547.489414,30599260375.07562,0,219416795174.67664,218305278169.6241,220386578258.96118,6005427259.828554,6005427259.828554,6005427259.828554,120886340306.80034,120811985270.90234,120960695342.69835,1011116,994814.0,1027418.0,37209,37038.0,37380.0,1525212.3529411764,1525212.3529411764,1525212.3529411764,56753.64705882353,56753.64705882353,56753.64705882353,321604,321604.0,321604.0
US-NY,2020-03-15,3,Lockdown-Restrict_Mass_Gatherings-Restrict_Mass_Gatherings_and_Schools,36115006533.57532,36052208832.42589,36177804234.72475,0,156496016026.51096,155786210472.12866,157205821580.89325,4092279009.0895658,4092279009.0895658,4092279009.0895658,118763217138.78534,118723093150.88234,118803341126.68834,545631,536834.0,554428.0,26546,26424.0,26668.0,1057851.5294117648,1057851.5294117648,1057851.5294117648,37754.470588235294,37754.470588235294,37754.470588235294,213942,213942.0,213942.0
US-NY,2020-03-15,3,Lockdown-Restrict_Mass_Gatherings-Authorize_Schools_but_Restrict_Mass_Gatherings_and_Others,31461315547.489414,31358991772.534786,31563639322.444042,0,203375232326.5283,202364048275.7947,204244682456.4939,5518316581.879989,5518316581.879989,5518316581.879989,120329457485.49434,120264078692.42834,120394836278.56035,889022,874688.0,903356.0,34487,34328.0,34646.0,1406415.6470588236,1406415.6470588236,1406415.6470588236,51906.352941176476,51906.352941176476,51906.352941176476,294136,294136.0,294136.0
US-NY,2020-03-15,3,Lockdown-Restrict_Mass_Gatherings-Restrict_Mass_Gatherings_and_Schools_and_Others,36309040350.87719,36262746944.94858,36355333756.80581,0,134976083888.23683,134395365943.01576,135698535754.22589,3434802724.0614843,3434802724.0614843,3434802724.0614843,118109283252.95735,118079704525.94235,118138861979.97235,402259,395774.0,408744.0,22901,22795.0,23007.0,896521.2941176471,896521.2941176471,896521.2941176471,31260.705882352944,31260.705882352944,31260.705882352944,177144,177144.0,177144.0
US-NY,2020-03-15,3,Lockdown-Restrict_Mass_Gatherings-Lockdown,41115210768.300064,41061279128.85662,41169142407.7435,0,144792255756.25958,144154182670.16846,145572062763.11868,3733883672.4430976,3733883672.4430976,3733883672.4430976,118411930416.00334,118377471313.05835,118446389518.94835,468613,461058.0,476168.0,24565,24452.0,24678.0,969710.4705882353,969710.4705882353,969710.4705882353,34224.529411764706,34224.529411764706,34224.529411764706,193939,193939.0,193939.0
US-NY,2020-03-15,3,Lockdown-Restrict_Mass_Gatherings_and_Schools-No_Measure,31586308892.92196,31549445493.042953,31623172292.80097,0,91200347147.38675,90839949120.20926,91560745174.56422,2032618773.0195096,2032618773.0195096,2032618773.0195096,117735355234.73935,117711801719.50334,117758908749.97534,320277,315113.0,325441.0,15469,15397.0,15541.0,527604.3529411765,527604.3529411765,527604.3529411765,18644.64705882353,18644.64705882353,18644.64705882353,105653,105653.0,105653.0
US-NY,2020-03-15,3,Lockdown-Restrict_Mass_Gatherings_and_Schools-Restrict_Mass_Gatherings,34003306231.09498,33974552208.106472,34032060254.083485,0,83126818969.62248,82683034206.69904,83428869811.77794,1785634622.9308305,1785634622.9308305,1785634622.9308305,117413966515.90234,117395594409.13034,117432338622.67435,249814,245786.0,253842.0,14087,14022.0,14152.0,467635.29411764705,467635.29411764705,467635.29411764705,16173.705882352942,16173.705882352942,16173.705882352942,91651,91651.0,91651.0
US-NY,2020-03-15,3,Lockdown-Restrict_Mass_Gatherings_and_Schools-Restrict_Mass_Gatherings_and_Schools,42343121476.10405,42324290018.14882,42361952934.05929,0,72600412940.21574,72224689229.3209,72834402730.34259,1467105239.2107596,1467105239.2107596,1467105239.2107596,117020900126.28035,117008867947.11835,117032932305.44235,163636,160998.0,166274.0,12305,12248.0,12362.0,390177.17647058825,390177.17647058825,390177.17647058825,12992.823529411766,12992.823529411766,12992.823529411766,73626,73626.0,73626.0
US-NY,2020-03-15,3,Lockdown-Restrict_Mass_Gatherings_and_Schools-Authorize_Schools_but_Restrict_Mass_Gatherings_and_Others,35697293526.92075,35671059407.138535,35723527646.702965,0,80705696870.31229,80279010040.74199,80990649779.1146,1714073195.351759,1714073195.351759,1714073195.351759,117314283697.25734,117297521658.43234,117331045736.08235,227959,224284.0,231634.0,13684,13621.0,13747.0,450356.0,450356.0,450356.0,15453.000000000002,15453.000000000002,15453.000000000002,87567,87567.0,87567.0
US-NY,2020-03-15,3,Lockdown-Restrict_Mass_Gatherings_and_Schools-Restrict_Mass_Gatherings_and_Schools_and_Others,43391009860.85905,43374912462.18996,43407107259.52813,0,68918392814.46313,68566113966.20002,69270671662.72624,1356247298.2559857,1356247298.2559857,1356247298.2559857,116912528414.04034,116902243135.79535,116922813692.28534,139876,137621.0,142131.0,11693,11639.0,11747.0,362916.17647058825,362916.17647058825,362916.17647058825,11900.823529411766,11900.823529411766,11900.823529411766,67438,67438.0,67438.0
US-NY,2020-03-15,3,Lockdown-Restrict_Mass_Gatherings_and_Schools-Lockdown,47810464367.81609,47792967816.09196,47827960919.54023,0,70887743202.40154,70520726283.38928,71254760121.41382,1415600539.0925214,1415600539.0925214,1415600539.0925214,116968087160.95935,116956907907.31035,116979266414.60835,152057,149606.0,154508.0,12020,11964.0,12076.0,377536.76470588235,377536.76470588235,377536.76470588235,12484.235294117649,12484.235294117649,12484.235294117649,70744,70744.0,70744.0
US-NY,2020-03-15,3,Lockdown-Authorize_Schools_but_Restrict_Mass_Gatherings_and_Others-No_Measure,29179957531.760437,29067339987.900787,29292575075.620087,0,200566879942.83694,199687547151.4845,201587946654.9574,5403441800.990246,5403441800.990246,5403441800.990246,120737511646.43034,120665555748.60634,120809467544.25435,978486,962710.0,994262.0,34023,33866.0,34180.0,1368121.8235294118,1368121.8235294118,1368121.8235294118,51273.17647058824,51273.17647058824,51273.17647058824,290548,290548.0,290548.0
US-NY,2020-03-15,3,Lockdown-Authorize_Schools_but_Restrict_Mass_Gatherings_and_Others-Restrict_Mass_Gatherings,30751024077.434967,30660157652.75257,30841890502.117363,0,177101046262.40237,176379536844.98688,177964289600.5859,4693307767.661839,4693307767.661839,4693307767.661839,119875623573.89534,119817565344.72435,119933681803.06635,789521,776792.0,802250.0,30044,29906.0,30182.0,1195466.8823529412,1195466.8823529412,1195466.8823529412,44180.117647058825,44180.117647058825,44180.117647058825,250354,250354.0,250354.0
US-NY,2020-03-15,3,Lockdown-Authorize_Schools_but_Restrict_Mass_Gatherings_and_Others-Restrict_Mass_Gatherings_and_Schools,37072789473.68421,37024375922.56503,37121203024.80339,0,128736903372.55782,128181201229.24564,129434339436.638,3223786270.543896,3223786270.543896,3223786270.543896,118193143619.17134,118162210245.75334,118224076992.58934,420645,413863.0,427427.0,21844,21743.0,21945.0,836959.2941176471,836959.2941176471,836959.2941176471,29562.705882352944,29562.705882352944,29562.705882352944,167522,167522.0,167522.0
US-NY,2020-03-15,3,Lockdown-Authorize_Schools_but_Restrict_Mass_Gatherings_and_Others-Authorize_Schools_but_Restrict_Mass_Gatherings_and_Others,31839228070.175438,31760639927.404716,31917816212.94616,0,163501399828.21396,162722969763.05618,164138095972.6037,4277233442.9130955,4277233442.9130955,4277233442.9130955,119388881333.01135,119338668194.12035,119439094471.90234,682805,671796.0,693814.0,27721,27593.0,27849.0,1094046.8823529412,1094046.8823529412,1094046.8823529412,40037.117647058825,40037.117647058825,40037.117647058825,226877,226877.0,226877.0
US-NY,2020-03-15,3,Lockdown-Authorize_Schools_but_Restrict_Mass_Gatherings_and_Others-Restrict_Mass_Gatherings_and_Schools_and_Others,37452103992.74047,37417203690.26013,37487004295.22081,0,110631288337.5289,110044849905.1048,111075992849.18504,2665117526.049364,2665117526.049364,2665117526.049364,117657593057.88835,117635293844.87735,117679892270.89934,303228,298339.0,308117.0,18760,18673.0,18847.0,699458.5294117647,699458.5294117647,699458.5294117647,24065.470588235297,24065.470588235297,24065.470588235297,136371,136371.0,136371.0
US-NY,2020-03-15,3,Lockdown-Authorize_Schools_but_Restrict_Mass_Gatherings_and_Others-Lockdown,42201537326.07381,42159919661.22202,42243154990.92559,0,119927295949.95465,119285441372.0485,120427416607.0928,2950012758.8309193,2950012758.8309193,2950012758.8309193,117923988606.08235,117897397398.91234,117950579813.25235,361634,355804.0,367464.0,20332,20238.0,20426.0,769632.9411764706,769632.9411764706,769632.9411764706,26866.058823529413,26866.058823529413,26866.058823529413,152241,152241.0,152241.0
US-NY,2020-03-15,3,Lockdown-Restrict_Mass_Gatherings_and_Schools_and_Others-No_Measure,31385353236.539623,31371361705.98911,31399344767.090137,0,59976620595.48451,59670047884.79143,60283193306.17759,1078437450.820278,1078437450.820278,1078437450.820278,116829046619.04335,116820106865.00334,116837986373.08334,121573,119613.0,123533.0,10175,10128.0,10222.0,289371.29411764705,289371.29411764705,289371.29411764705,9423.705882352942,9423.705882352942,9423.705882352942,53401,53401.0,53401.0
US-NY,2020-03-15,3,Lockdown-Restrict_Mass_Gatherings_and_Schools_and_Others-Restrict_Mass_Gatherings,34237894071.38536,34224987598.30611,34250800544.46461,0,58944511810.10168,58646119807.27117,59242903812.93219,1047146058.6757314,1047146058.6757314,1047146058.6757314,116785944233.49335,116777697766.50134,116794190700.48535,112123,110315.0,113931.0,10000,9954.0,10046.0,281798.5882352941,281798.5882352941,281798.5882352941,9109.411764705883,9109.411764705883,9109.411764705883,51620,51620.0,51620.0
US-NY,2020-03-15,3,Lockdown-Restrict_Mass_Gatherings_and_Schools_and_Others-Restrict_Mass_Gatherings_and_Schools,43102170417.42287,43090727344.222626,43113613490.62311,0,57356361076.7733,57208680344.08937,57645775730.22523,1000412500.5172924,1000412500.5172924,1000412500.5172924,116727977226.30234,116720665784.60535,116735288667.99934,99414,97811.0,101017.0,9739,9694.0,9784.0,270432.17647058825,270432.17647058825,270432.17647058825,8642.823529411766,8642.823529411766,8642.823529411766,48976,48976.0,48976.0
US-NY,2020-03-15,3,Lockdown-Restrict_Mass_Gatherings_and_Schools_and_Others-Authorize_Schools_but_Restrict_Mass_Gatherings_and_Others,36058026436.78161,36045605384.15003,36070447489.413185,0,58539884134.29844,58242514237.563934,58695520110.26494,1032495417.4549217,1032495417.4549217,1032495417.4549217,116766860595.27734,116758924283.01735,116774796907.53734,107939,106199.0,109679.0,9918,9872.0,9964.0,278246.4117647059,278246.4117647059,278246.4117647059,8962.588235294119,8962.588235294119,8962.588235294119,50788,50788.0,50788.0
US-NY,2020-03-15,3,Lockdown-Restrict_Mass_Gatherings_and_Schools_and_Others-Restrict_Mass_Gatherings_and_Schools_and_Others,44297198306.1101,44286119298.24561,44308277313.974594,0,56973201488.080635,56684553414.20071,57261849561.960556,985767088.2352941,985767088.2352941,985767088.2352941,116713618886.65034,116706540061.00235,116720697712.29834,96266,94714.0,97818.0,9658,9613.0,9703.0,266832.5294117647,266832.5294117647,266832.5294117647,8498.470588235296,8498.470588235296,8498.470588235296,48158,48158.0,48158.0
US-NY,2020-03-15,3,Lockdown-Restrict_Mass_Gatherings_and_Schools_and_Others-Lockdown,48642312099.213554,48631033212.341194,48653590986.08591,0,57282769221.29629,56993700280.20036,57430104241.624214,994562245.4552174,994562245.4552174,994562245.4552174,116721678348.58334,116714471812.16335,116728884885.00334,98033,96453.0,99613.0,9706,9661.0,9751.0,269002.23529411765,269002.23529411765,269002.23529411765,8584.764705882353,8584.764705882353,8584.764705882353,48647,48647.0,48647.0
US-NY,2020-03-15,3,Lockdown-Lockdown-No_Measure,36376911433.756805,36352297761.64549,36401525105.86812,0,74510121139.61565,74252164261.93166,74909811938.06763,1522891187.8510199,1522891187.8510199,1522891187.8510199,117250145523.11934,117234418853.76735,117265872192.47134,213897,210449.0,217345.0,12645,12586.0,12704.0,400494.9411764706,400494.9411764706,400494.9411764706,13711.058823529413,13711.058823529413,13711.058823529413,77696,77696.0,77696.0
US-NY,2020-03-15,3,Lockdown-Lockdown-Restrict_Mass_Gatherings,39036469086.50938,39016052873.56322,39056885299.455536,0,70448634758.18494,70081366171.74324,70815903344.62663,1399252894.3984628,1399252894.3984628,1399252894.3984628,117083738387.20334,117070693644.06334,117096783130.34334,177413,174553.0,180273.0,11953,11898.0,12008.0,370520.1176470588,370520.1176470588,370520.1176470588,12471.882352941177,12471.882352941177,12471.882352941177,70674,70674.0,70674.0
US-NY,2020-03-15,3,Lockdown-Lockdown-Restrict_Mass_Gatherings_and_Schools,47641509497.88264,47626732728.37266,47656286267.39262,0,64394713869.51209,64204637672.19271,64726523987.59948,1216393159.3629913,1216393159.3629913,1216393159.3629913,116860135069.82735,116850693594.89734,116869576544.75734,128389,126319.0,130459.0,10931,10880.0,10982.0,326015.29411764705,326015.29411764705,326015.29411764705,10647.705882352942,10647.705882352942,10647.705882352942,60337,60337.0,60337.0
US-NY,2020-03-15,3,Lockdown-Lockdown-Authorize_Schools_but_Restrict_Mass_Gatherings_and_Others,40763700544.46461,40745261705.98911,40782139382.94011,0,68421791902.000435,68064582894.92132,68779000909.07954,1337021046.9258056,1337021046.9258056,1337021046.9258056,117005296606.60135,116993515287.88434,117017077925.31834,160215,157632.0,162798.0,11605,11551.0,11659.0,355381.29411764705,355381.29411764705,355381.29411764705,11850.705882352942,11850.705882352942,11850.705882352942,67154,67154.0,67154.0
US-NY,2020-03-15,3,Lockdown-Lockdown-Restrict_Mass_Gatherings_and_Schools_and_Others,48776766424.682396,48763317422.867516,48790215426.49728,0,62777481847.89328,62460259490.835045,62952970284.18351,1163348191.2503695,1163348191.2503695,1163348191.2503695,116807586648.24835,116798993537.73235,116816179758.76434,116868,114984.0,118752.0,10638,10589.0,10687.0,312985.5294117647,312985.5294117647,312985.5294117647,10124.470588235296,10124.470588235296,10124.470588235296,57372,57372.0,57372.0
US-NY,2020-03-15,3,Lockdown-Lockdown-Lockdown,53151776406.53358,53137642105.26316,53165910707.80399,0,63656825384.12031,63332264053.63151,63981386714.609116,1192076135.3827963,1192076135.3827963,1192076135.3827963,116834747992.79335,116825717016.77335,116843778968.81334,122823,120843.0,124803.0,10796,10746.0,10846.0,320048.4705882353,320048.4705882353,320048.4705882353,10407.529411764706,10407.529411764706,10407.529411764706,58976,58976.0,58976.0
ES,2020-03-15,3,actual,48567240905.5,48567240905.5,48567240905.5,0,4119659745536.16,,,730022203.7843137,,,17786814212.258896,,,236311,,,26847,,,795993.0588235294,,,26371.94117647059,,,149441,,
ES,2020-03-15,3,No_Measure-No_Measure-No_Measure,18945505609.283928,18610424982.630405,19280586235.93745,0,143409436598229.9,141252015158071.66,145566858038388.16,19820069215.941177,19820069215.941177,19820069215.941177,28854245234.658897,28653037089.0589,29055453380.258896,8702828,8548905.0,8856751.0,934851,920787.0,948915.0,21531923.470588237,21531923.470588237,21531923.470588237,717642.5294117647,717642.5294117647,717642.5294117647,4066641,4066641.0,4066641.0
ES,2020-03-15,3,No_Measure-No_Measure-Restrict_Mass_Gatherings,23161612534.106342,22827276419.801956,23495948648.410732,0,143148997816743.72,140995271518745.8,145302582380820.88,19793125452.333336,19793125452.333336,19793125452.333336,28828907777.0589,28628146693.858894,29029668860.258896,8683445,8529864.0,8837026.0,933153,919114.0,947192.0,21505540.0,21505540.0,21505540.0,716607.0,716607.0,716607.0,4060773,4060773.0,4060773.0
ES,2020-03-15,3,No_Measure-No_Measure-Restrict_Mass_Gatherings_and_Schools,36083025984.56125,35751221647.63124,36414830321.49124,0,142254901935745.9,140114822961930.67,144394980909561.16,19699642087.52941,19699642087.52941,19699642087.52941,28742989442.658897,28543748633.058895,28942230252.258896,8617718,8465300.0,8770136.0,927325,913374.0,941276.0,21413707.76470588,21413707.76470588,21413707.76470588,713020.2352941177,713020.2352941177,713020.2352941177,4040448,4040448.0,4040448.0
ES,2020-03-15,3,No_Measure-No_Measure-Authorize_Schools_but_Restrict_Mass_Gatherings_and_Others,25792433522.010654,25458591572.33566,26126275471.685646,0,142975278001246.28,140824302483832.22,145126253518660.28,19775053835.411766,19775053835.411766,19775053835.411766,28812148165.8589,28611683817.0589,29012612514.658897,8670624,8517270.0,8823978.0,932021,917999.0,946043.0,21487803.70588235,21487803.70588235,21487803.70588235,715913.2941176471,715913.2941176471,715913.2941176471,4056842,4056842.0,4056842.0
ES,2020-03-15,3,No_Measure-No_Measure-Restrict_Mass_Gatherings_and_Schools_and_Others,37973059411.576256,37641622976.94744,38304495846.20508,0,142124305616117.22,139986221771641.67,144262531194513.5,19685918284.666668,19685918284.666668,19685918284.666668,28730506989.8589,28531487097.0589,28929526882.658897,8608169,8455920.0,8760418.0,926474,912536.0,940412.0,21400211.0,21400211.0,21400211.0,712494.0,712494.0,712494.0,4037466,4037466.0,4037466.0
ES,2020-03-15,3,No_Measure-No_Measure-Lockdown,44079471880.50037,43749143506.64847,44409800254.352264,0,141729436080763.3,139597184231251.05,143861829664196.4,19644293093.31373,19644293093.31373,19644293093.31373,28692850479.458897,28494495951.458897,28891205007.458897,8579362,8427622.0,8731102.0,923900,910000.0,937800.0,21359260.82352941,21359260.82352941,21359260.82352941,710898.1764705883,710898.1764705883,710898.1764705883,4028423,4028423.0,4028423.0
ES,2020-03-15,3,No_Measure-Restrict_Mass_Gatherings-No_Measure,22730121912.113564,22403418137.856133,23056825686.371002,0,139500557795850.6,137401910021715.47,141599205569985.7,19209989322.019608,19209989322.019608,19209989322.019608,28569807665.0589,28373629625.0589,28765985705.0589,8485235,8335160.0,8635310.0,909370,895689.0,923051.0,20851091.17647059,20851091.17647059,20851091.17647059,695927.8235294118,695927.8235294118,695927.8235294118,3943591,3943591.0,3943591.0
ES,2020-03-15,3,No_Measure-Restrict_Mass_Gatherings-Restrict_Mass_Gatherings,26913914388.659607,26588529838.038353,27239298939.28086,0,139040003216718.6,136948261769333.12,141131886398024.8,19162265036.294117,19162265036.294117,19162265036.294117,28525066130.658897,28329680253.8589,28720452007.458897,8451008,8301539.0,8600477.0,906368,892732.0,920004.0,20804276.647058822,20804276.647058822,20804276.647058822,694095.3529411765,694095.3529411765,694095.3529411765,3933207,3933207.0,3933207.0
ES,2020-03-15,3,No_Measure-Restrict_Mass_Gatherings-Restrict_Mass_Gatherings_and_Schools,39745496546.462616,39424230760.065216,40066762332.860016,0,137592955371700.17,135523007116088.0,139663045361233.11,19011521143.11765,19011521143.11765,19011521143.11765,28385206188.258896,28192293533.858894,28578118842.658897,8344016,8196439.0,8491593.0,896935,883441.0,910429.0,20656276.05882353,20656276.05882353,20656276.05882353,688309.9411764706,688309.9411764706,688309.9411764706,3900423,3900423.0,3900423.0
ES,2020-03-15,3,No_Measure-Restrict_Mass_Gatherings-Authorize_Schools_but_Restrict_Mass_Gatherings_and_Others,29526473054.643238,29201904855.281998,29851041254.00448,0,138754550109547.02,136667105921332.97,140842136031681.8,19132590711.568626,19132590711.568626,19132590711.568626,28497340418.658897,28302444741.858894,28692236095.458897,8429798,8280704.0,8578892.0,904507,890899.0,918115.0,20775171.11764706,20775171.11764706,20775171.11764706,692955.8823529412,692955.8823529412,692955.8823529412,3926750,3926750.0,3926750.0
ES,2020-03-15,3,No_Measure-Restrict_Mass_Gatherings-Restrict_Mass_Gatherings_and_Schools_and_Others,41623556821.66409,41302870100.42713,41944243542.90106,0,137388071323643.1,135321050795236.28,139454950118129.14,18990091615.784313,18990091615.784313,18990091615.784313,28365534135.458897,28172969196.258896,28558099074.658897,8328967,8181656.0,8476278.0,895599,882125.0,909073.0,20635215.05882353,20635215.05882353,20635215.05882353,687487.9411764706,687487.9411764706,687487.9411764706,3895765,3895765.0,3895765.0
ES,2020-03-15,3,No_Measure-Restrict_Mass_Gatherings-Lockdown,47694398145.01854,47375450796.199585,48013345493.8375,0,136772061887035.98,134714544884670.55,138829720623322.19,18925304389.07843,18925304389.07843,18925304389.07843,28306517977.0589,28114997490.658897,28498038463.458897,8283820,8137308.0,8430332.0,891584,878171.0,904997.0,20571470.70588235,20571470.70588235,20571470.70588235,685004.2941176471,685004.2941176471,685004.2941176471,3881691,3881691.0,3881691.0
ES,2020-03-15,3,No_Measure-Restrict_Mass_Gatherings_and_Schools-No_Measure,33128365595.865265,32848818624.259598,33407912567.47093,0,117622429463526.22,115852957161314.47,119391901765737.98,15865409339.803923,15865409339.803923,15865409339.803923,26968784399.458897,26800922925.858894,27136645873.0589,7260462,7132049.0,7388875.0,766752,755217.0,778287.0,17178434.23529412,17178434.23529412,17178434.23529412,575641.7647058824,575641.7647058824,575641.7647058824,3261970,3261970.0,3261970.0
ES,2020-03-15,3,No_Measure-Restrict_Mass_Gatherings_and_Schools-Restrict_Mass_Gatherings,37059555046.25948,36785794372.38479,37333315720.13417,0,115692371167692.72,113951764293715.52,117432836307749.14,15672988987.411766,15672988987.411766,15672988987.411766,26772360605.858894,26607973669.858894,26936747541.858894,7110199,6984444.0,7235954.0,754170,742824.0,765516.0,16990842.70588235,16990842.70588235,16990842.70588235,568229.2941176471,568229.2941176471,568229.2941176471,3219966,3219966.0,3219966.0
ES,2020-03-15,3,No_Measure-Restrict_Mass_Gatherings_and_Schools-Restrict_Mass_Gatherings_and_Schools,49254056680.74788,48995682595.42193,49512430766.07384,0,110547265362328.92,108884152550111.03,112210519908467.6,15158285588.666668,15158285588.666668,15158285588.666668,26249948583.458897,26094800937.0589,26405096229.858894,6710557,6591870.0,6829244.0,720631,709789.0,731473.0,16488851.0,16488851.0,16488851.0,548406.0,548406.0,548406.0,3107634,3107634.0,3107634.0
ES,2020-03-15,3,No_Measure-Restrict_Mass_Gatherings_and_Schools-Authorize_Schools_but_Restrict_Mass_Gatherings_and_Others,39523413697.52911,39253099114.440025,39793728280.618195,0,114545790444658.55,112822514775276.78,116269066114040.28,15558581920.450981,15558581920.450981,15558581920.450981,26655343983.458897,26493026345.0589,26817661621.858894,7020682,6896510.0,7144854.0,746696,735462.0,757930.0,16879313.05882353,16879313.05882353,16879313.05882353,563821.9411764706,563821.9411764706,563821.9411764706,3194991,3194991.0,3194991.0
ES,2020-03-15,3,No_Measure-Restrict_Mass_Gatherings_and_Schools-Restrict_Mass_Gatherings_and_Schools_and_Others,51066802324.338196,50810163257.55686,51323441391.11953,0,109961465245018.86,108307112270002.81,111615818220034.94,15099353781.470589,15099353781.470589,15099353781.470589,26191056609.0589,26036950801.0589,26345162417.058895,6665505,6547615.0,6783395.0,716812,706028.0,727596.0,16431352.235294119,16431352.235294119,16431352.235294119,546136.7647058824,546136.7647058824,546136.7647058824,3094775,3094775.0,3094775.0
ES,2020-03-15,3,No_Measure-Restrict_Mass_Gatherings_and_Schools-Lockdown,56969703866.48266,56717773513.76908,57221634219.19623,0,108350490777617.39,106720386867590.75,109980452953723.25,14935501045.09804,14935501045.09804,14935501045.09804,26031196506.658897,25879918172.258896,26182474841.0589,6543213,6427486.0,6658940.0,706310,695684.0,716936.0,16271161.88235294,16271161.88235294,16271161.88235294,539834.1176470589,539834.1176470589,539834.1176470589,3059060,3059060.0,3059060.0
ES,2020-03-15,3,No_Measure-Authorize_Schools_but_Restrict_Mass_Gatherings_and_Others-No_Measure,25016150958.775234,24696038948.82532,25336262968.725147,0,136428761051514.72,134376303567694.62,138481360269255.56,18732360239.45098,18732360239.45098,18732360239.45098,28346008489.0589,28153788650.658897,28538228327.458897,8314030,8166983.0,8461077.0,889346,875966.0,902726.0,20320889.05882353,20320889.05882353,20320889.05882353,678868.9411764706,678868.9411764706,678868.9411764706,3846924,3846924.0,3846924.0
ES,2020-03-15,3,No_Measure-Authorize_Schools_but_Restrict_Mass_Gatherings_and_Others-Restrict_Mass_Gatherings,29170158587.48259,28851892619.848656,29488424555.116524,0,135786646906122.12,133743716543739.25,137829577268504.98,18665885674.37255,18665885674.37255,18665885674.37255,28283381844.258896,28092270511.458897,28474493177.0589,8266121,8119922.0,8412320.0,885160,871843.0,898477.0,20255675.352941178,20255675.352941178,20255675.352941178,676316.6470588236,676316.6470588236,676316.6470588236,3832461,3832461.0,3832461.0
ES,2020-03-15,3,No_Measure-Authorize_Schools_but_Restrict_Mass_Gatherings_and_Others-Restrict_Mass_Gatherings_and_Schools,41984495052.80072,41670652620.52771,42298337485.07373,0,134279576864906.72,132259502581328.53,136299792882405.66,18515628264.11765,18515628264.11765,18515628264.11765,28133166263.458897,27944711161.0589,28321621365.8589,8151207,8007040.0,8295374.0,875336,862167.0,888505.0,20109451.05882353,20109451.05882353,20109451.05882353,670522.9411764706,670522.9411764706,670522.9411764706,3799630,3799630.0,3799630.0
ES,2020-03-15,3,No_Measure-Authorize_Schools_but_Restrict_Mass_Gatherings_and_Others-Authorize_Schools_but_Restrict_Mass_Gatherings_and_Others,31765101481.743477,31447963167.316708,32082239796.170246,0,135394075835222.34,133357272652296.02,137431020752069.44,18625393919.803925,18625393919.803925,18625393919.803925,28245078269.858894,28054644066.658897,28435512473.0589,8236819,8091138.0,8382500.0,882601,869323.0,895879.0,20215961.23529412,20215961.23529412,20215961.23529412,674761.7647058824,674761.7647058824,674761.7647058824,3823650,3823650.0,3823650.0
ES,2020-03-15,3,No_Measure-Authorize_Schools_but_Restrict_Mass_Gatherings_and_Others-Restrict_Mass_Gatherings_and_Schools_and_Others,43781723491.6407,43469890371.93567,44093556611.34573,0,133534353226320.03,131525340491472.66,135543365961167.4,18431632462.0,18431632462.0,18431632462.0,28064956567.4589,27877708010.658897,28252205124.258896,8099027,7955783.0,8242271.0,870478,857382.0,883574.0,20025696.0,20025696.0,20025696.0,667326.0,667326.0,667326.0,3781514,3781514.0,3781514.0
ES,2020-03-15,3,No_Measure-Authorize_Schools_but_Restrict_Mass_Gatherings_and_Others-Lockdown,49856189414.58961,49546030359.20178,50166348469.97743,0,132960066581711.75,130959648464554.06,134960484698869.44,18374188314.098038,18374188314.098038,18374188314.098038,28008116897.0589,27821873577.0589,28194360217.0589,8055545,7913070.0,8198020.0,866734,853694.0,879774.0,19969789.88235294,19969789.88235294,19969789.88235294,665111.1176470589,665111.1176470589,665111.1176470589,3768963,3768963.0,3768963.0
ES,2020-03-15,3,No_Measure-Restrict_Mass_Gatherings_and_Schools_and_Others-No_Measure,34263605001.74511,33997777085.18106,34529432918.30916,0,111657620320574.03,109977922025544.03,113337460349524.8,15031448768.588236,15031448768.588236,15031448768.588236,26503065641.0589,26343442141.858894,26662689140.258896,6904190,6782079.0,7026301.0,727869,716919.0,738819.0,16288199.294117646,16288199.294117646,16288199.294117646,545118.705882353,545118.705882353,545118.705882353,3089006,3089006.0,3089006.0
ES,2020-03-15,3,No_Measure-Restrict_Mass_Gatherings_and_Schools_and_Others-Restrict_Mass_Gatherings,38259218716.6429,37998036382.9825,38520401050.3033,0,110224142204583.73,108565789825745.02,111882352849501.67,14900773794.588236,14900773794.588236,14900773794.588236,26345327124.258896,26188493189.858894,26502161058.658897,6783521,6663544.0,6903498.0,718524,707714.0,729334.0,16163120.294117646,16163120.294117646,16163120.294117646,540036.705882353,540036.705882353,540036.705882353,3060208,3060208.0,3060208.0
ES,2020-03-15,3,No_Measure-Restrict_Mass_Gatherings_and_Schools_and_Others-Restrict_Mass_Gatherings_and_Schools,50421018408.12351,50175801728.17228,50666235088.07474,0,105006999935012.5,103427228502976.7,106586771367048.31,14391176953.156864,14391176953.156864,14391176953.156864,25803278343.458897,25656031413.858894,25950525273.0589,6368857,6256214.0,6481500.0,684515,674217.0,694813.0,15668348.411764706,15668348.411764706,15668348.411764706,520363.58823529416,520363.58823529416,520363.58823529416,2948727,2948727.0,2948727.0
ES,2020-03-15,3,No_Measure-Restrict_Mass_Gatherings_and_Schools_and_Others-Authorize_Schools_but_Restrict_Mass_Gatherings_and_Others,40693636476.0714,40436420521.06633,40950852431.076485,0,108922694952782.1,107283987750513.1,110561260421130.33,14772704769.431374,14772704769.431374,14772704769.431374,26210631929.0589,26056179713.0589,26365084145.0589,6680480,6562325.0,6798635.0,710040,699358.0,720722.0,16038557.88235294,16038557.88235294,16038557.88235294,535097.1176470589,535097.1176470589,535097.1176470589,3032217,3032217.0,3032217.0
ES,2020-03-15,3,No_Measure-Restrict_Mass_Gatherings_and_Schools_and_Others-Restrict_Mass_Gatherings_and_Schools_and_Others,52217931191.142944,51974728177.63309,52461134204.6528,0,104327585645534.45,102757943682013.44,105897227609055.47,14322669934.058825,14322669934.058825,14322669934.058825,25734879103.458897,25588841333.8589,25880916873.0589,6316532,6204814.0,6428250.0,680086,669854.0,690318.0,15601419.529411765,15601419.529411765,15601419.529411765,517727.4705882353,517727.4705882353,517727.4705882353,2933789,2933789.0,2933789.0
ES,2020-03-15,3,No_Measure-Restrict_Mass_Gatherings_and_Schools_and_Others-Lockdown,58096925614.52081,57858853640.797226,58334997588.2444,0,102578643997009.81,101035399762051.02,104121888231968.62,14144950921.627453,14144950921.627453,14144950921.627453,25560663330.658897,25417706631.458897,25703620029.858894,6183258,6073897.0,6292619.0,668685,658625.0,678745.0,15427677.647058824,15427677.647058824,15427677.647058824,510891.3529411765,510891.3529411765,510891.3529411765,2895051,2895051.0,2895051.0
ES,2020-03-15,3,No_Measure-Lockdown-No_Measure,38165461981.47089,37939733238.798706,38391190724.14307,0,94270794575141.16,92852603850872.7,95688985299409.61,12610558301.941177,12610558301.941177,12610558301.941177,25141624684.258896,25006079809.0589,25277169559.458897,5862696,5759005.0,5966387.0,614528,605283.0,623773.0,13702664.470588235,13702664.470588235,13702664.470588235,456540.52941176476,456540.52941176476,456540.52941176476,2587063,2587063.0,2587063.0
ES,2020-03-15,3,No_Measure-Lockdown-Restrict_Mass_Gatherings,41958718546.036514,41741214270.19188,42176222821.88114,0,91764504849540.5,90383776006499.48,93145091958660.73,12378599214.431374,12378599214.431374,12378599214.431374,24862375391.458897,24731769117.8589,24992981665.0589,5649072,5549159.0,5748985.0,598190,589190.0,607190.0,13479551.88235294,13479551.88235294,13479551.88235294,447542.11764705885,447542.11764705885,447542.11764705885,2536072,2536072.0,2536072.0
ES,2020-03-15,3,No_Measure-Lockdown-Restrict_Mass_Gatherings_and_Schools,54073529058.99074,53872822026.67215,54274236091.30933,0,86590344434361.42,85287584921464.88,87892962213337.17,11896676145.529411,11896676145.529411,11896676145.529411,24292110698.658897,24171590780.258896,24412630617.0589,5212823,5120626.0,5305020.0,564461,555969.0,572953.0,13015651.764705881,13015651.764705881,13015651.764705881,428854.23529411765,428854.23529411765,428854.23529411765,2430174,2430174.0,2430174.0
ES,2020-03-15,3,No_Measure-Lockdown-Authorize_Schools_but_Restrict_Mass_Gatherings_and_Others,44397862435.02632,44184241814.24266,44611483055.80998,0,90601143781152.39,89238207404232.84,91964221891992.7,12273056862.352942,12273056862.352942,12273056862.352942,24730518127.458897,24602243898.658897,24858792356.258896,5548202,5450073.0,5646331.0,590607,581722.0,599492.0,13378467.176470589,13378467.176470589,13378467.176470589,443438.8235294118,443438.8235294118,443438.8235294118,2512820,2512820.0,2512820.0
ES,2020-03-15,3,No_Measure-Lockdown-Restrict_Mass_Gatherings_and_Schools_and_Others,55919102907.91706,55719549652.04596,56118656163.78817,0,86242103475571.69,84944562453388.95,87539502763833.66,11865781532.137257,11865781532.137257,11865781532.137257,24252931300.258896,24133104197.8589,24372758402.658897,5182851,5091184.0,5274518.0,562191,553733.0,570649.0,12986271.235294119,12986271.235294119,12986271.235294119,427648.7647058824,427648.7647058824,427648.7647058824,2423343,2423343.0,2423343.0
ES,2020-03-15,3,No_Measure-Lockdown-Lockdown,61829778290.993546,61634796602.17851,62024759979.80857,0,84722741247297.3,83448068329069.28,85997414165525.33,11714935320.156864,11714935320.156864,11714935320.156864,24097739209.0589,23980657226.658897,24214821191.458897,5064130,4974563.0,5153697.0,552287,543978.0,560596.0,12839366.411764706,12839366.411764706,12839366.411764706,421834.58823529416,421834.58823529416,421834.58823529416,2390396,2390396.0,2390396.0
ES,2020-03-15,3,Restrict_Mass_Gatherings-No_Measure-No_Measure,23073126588.33095,22740355691.509094,23405897485.152813,0,140291633174228.58,138181005353421.12,142402402728956.78,19183424197.215687,19183424197.215687,19183424197.215687,28775774018.658897,28575952812.258896,28975595225.0589,8642798,8489936.0,8795660.0,914527,900768.0,928286.0,20662571.94117647,20662571.94117647,20662571.94117647,698281.0588235295,698281.0588235295,698281.0588235295,3956926,3956926.0,3956926.0
ES,2020-03-15,3,Restrict_Mass_Gatherings-No_Measure-Restrict_Mass_Gatherings,27254694235.57637,26923281747.251175,27586106723.90156,0,139812511426148.42,137709096833235.69,141916067752981.9,19133388187.31373,19133388187.31373,19133388187.31373,28729696525.858894,28530691012.258896,28928702039.4589,8607549,8455311.0,8759787.0,911404,897692.0,925116.0,20613472.82352941,20613472.82352941,20613472.82352941,696360.1764705883,696360.1764705883,696360.1764705883,3946041,3946041.0,3946041.0
ES,2020-03-15,3,Restrict_Mass_Gatherings-No_Measure-Restrict_Mass_Gatherings_and_Schools,40031069278.835526,39704752999.30951,40357385558.36154,0,137994082806956.81,135918139683540.1,140070167664294.28,18940429719.882355,18940429719.882355,18940429719.882355,28556685991.458897,28360740633.058895,28752631349.858894,8475197,8325300.0,8625094.0,899550,886017.0,913083.0,20423329.94117647,20423329.94117647,20423329.94117647,688969.0588235295,688969.0588235295,688969.0588235295,3904158,3904158.0,3904158.0
ES,2020-03-15,3,Restrict_Mass_Gatherings-No_Measure-Authorize_Schools_but_Restrict_Mass_Gatherings_and_Others,29847342638.562443,29517099165.24159,30177586111.883297,0,139388475454254.48,137291364882844.1,141485444291744.1,19087509761.37255,19087509761.37255,19087509761.37255,28690015162.658897,28491711615.458897,28888318709.8589,8577193,8425492.0,8728894.0,908639,894969.0,922309.0,20568032.352941178,20568032.352941178,20568032.352941178,694607.6470588236,694607.6470588236,694607.6470588236,3936110,3936110.0,3936110.0
ES,2020-03-15,3,Restrict_Mass_Gatherings-No_Measure-Restrict_Mass_Gatherings_and_Schools_and_Others,41923854353.830956,41597855907.06217,42249852800.59974,0,137892321287452.33,135817771228652.11,139966729612331.8,18931457089.64706,18931457089.64706,18931457089.64706,28545855839.4589,28350101332.258896,28741610346.658897,8466912,8317161.0,8616663.0,898886,885363.0,912409.0,20414882.82352941,20414882.82352941,20414882.82352941,688617.1764705883,688617.1764705883,688617.1764705883,3902164,3902164.0,3902164.0
ES,2020-03-15,3,Restrict_Mass_Gatherings-No_Measure-Lockdown,47966931026.598175,47643161763.0034,48290700290.19295,0,137095830961490.53,135033251731016.45,139158268458043.84,18846939698.705883,18846939698.705883,18846939698.705883,28470167652.258896,28275751717.8589,28664583586.658897,8409011,8260284.0,8557738.0,893694,880249.0,907139.0,20331606.352941178,20331606.352941178,20331606.352941178,685379.6470588236,685379.6470588236,685379.6470588236,3883818,3883818.0,3883818.0
ES,2020-03-15,3,Restrict_Mass_Gatherings-Restrict_Mass_Gatherings-No_Measure,26756643774.183815,26434039171.719997,27079248376.64764,0,135242700097559.98,133208043103938.45,137277215357260.77,18343770591.980392,18343770591.980392,18343770591.980392,28430628773.8589,28236912191.458897,28624345356.258896,8378764,8230572.0,8526956.0,881614,868351.0,894877.0,19714026.82352941,19714026.82352941,19714026.82352941,668634.1764705883,668634.1764705883,668634.1764705883,3788927,3788927.0,3788927.0
ES,2020-03-15,3,Restrict_Mass_Gatherings-Restrict_Mass_Gatherings-Restrict_Mass_Gatherings,30884767625.60701,30564466222.16478,31205069029.049248,0,134440217110340.48,132417672856744.53,136462903097857.22,18261362271.2549,18261362271.2549,18261362271.2549,28352459521.0589,28160125956.258896,28544793085.858894,8318965,8171831.0,8466099.0,876383,863198.0,889568.0,19633345.29411765,19633345.29411765,19633345.29411765,665466.705882353,665466.705882353,665466.705882353,3770978,3770978.0,3770978.0
ES,2020-03-15,3,Restrict_Mass_Gatherings-Restrict_Mass_Gatherings-Restrict_Mass_Gatherings_and_Schools,43566543884.8558,43253010577.59325,43880077192.11835,0,132108403182568.77,130120862855928.11,134095801775288.69,18025612668.490196,18025612668.490196,18025612668.490196,28122644610.658897,27934375130.658897,28310914090.658897,8143158,7999133.0,8287183.0,861182,848226.0,874138.0,19403295.411764707,19403295.411764707,19403295.411764707,656389.5882352942,656389.5882352942,656389.5882352942,3719541,3719541.0,3719541.0
ES,2020-03-15,3,Restrict_Mass_Gatherings-Restrict_Mass_Gatherings-Authorize_Schools_but_Restrict_Mass_Gatherings_and_Others,33462012024.5508,33143151753.199577,33780872295.902027,0,133939760859451.33,131924736839470.83,135954926613352.61,18210150584.058823,18210150584.058823,18210150584.058823,28303528410.658897,28112060212.258896,28494996609.0589,8281533,8135061.0,8428005.0,873121,859985.0,886257.0,19583247.529411763,19583247.529411763,19583247.529411763,663497.4705882353,663497.4705882353,663497.4705882353,3759819,3759819.0,3759819.0
ES,2020-03-15,3,Restrict_Mass_Gatherings-Restrict_Mass_Gatherings-Restrict_Mass_Gatherings_and_Schools_and_Others,45422688938.36513,45110124367.93112,45735253508.79912,0,131774607545021.14,129792131861134.14,133756941494987.36,17991733458.764706,17991733458.764706,17991733458.764706,28089812975.4589,27902125199.458897,28277500751.458897,8118042,7974462.0,8261622.0,859006,846083.0,871929.0,19370235.88235294,19370235.88235294,19370235.88235294,655085.1176470589,655085.1176470589,655085.1176470589,3712149,3712149.0,3712149.0
ES,2020-03-15,3,Restrict_Mass_Gatherings-Restrict_Mass_Gatherings-Lockdown,51428614009.52329,51118933880.20801,51738294138.83858,0,130774461522245.45,128807168044738.94,132741896733672.75,17890005775.156864,17890005775.156864,17890005775.156864,27991816113.0589,27805860377.0589,28177771849.0589,8043075,7900820.0,8185330.0,852487,839662.0,865312.0,19270904.411764707,19270904.411764707,19270904.411764707,651169.5882352942,651169.5882352942,651169.5882352942,3689961,3689961.0,3689961.0
ES,2020-03-15,3,Restrict_Mass_Gatherings-Restrict_Mass_Gatherings_and_Schools-No_Measure,36580999052.956055,36315702308.94518,36846295796.96692,0,107201317720917.4,105588516303180.08,108813977404733.95,13894308312.764706,13894308312.764706,13894308312.764706,26484998829.858894,26325694287.458897,26644303372.258896,6890369,6768502.0,7012236.0,698819,688306.0,709332.0,14825433.88235294,14825433.88235294,14825433.88235294,508667.11764705885,508667.11764705885,508667.11764705885,2882447,2882447.0,2882447.0
ES,2020-03-15,3,Restrict_Mass_Gatherings-Restrict_Mass_Gatherings_and_Schools-Restrict_Mass_Gatherings,40163212489.78296,39909873659.02878,40416551320.537155,0,103193586106198.98,101641242724890.05,104746071221428.69,13495737992.11765,13495737992.11765,13495737992.11765,26079023033.058895,25926898940.258896,26231147125.858894,6579800,6463426.0,6696174.0,672694,662574.0,682814.0,14437171.05882353,14437171.05882353,14437171.05882353,493306.9411764706,493306.9411764706,493306.9411764706,2795406,2795406.0,2795406.0
ES,2020-03-15,3,Restrict_Mass_Gatherings-Restrict_Mass_Gatherings_and_Schools-Restrict_Mass_Gatherings_and_Schools,51627049269.44551,51402021500.388596,51852077038.502426,0,94053326752935.2,92638359186118.23,95468436053672.9,12617878749.19608,12617878749.19608,12617878749.19608,25117863709.8589,24982739753.0589,25252987666.658897,5844519,5741150.0,5947888.0,613111,603887.0,622335.0,13587822.764705881,13587822.764705881,13587822.764705881,459355.23529411765,459355.23529411765,459355.23529411765,2603013,2603013.0,2603013.0
ES,2020-03-15,3,Restrict_Mass_Gatherings-Restrict_Mass_Gatherings_and_Schools-Authorize_Schools_but_Restrict_Mass_Gatherings_and_Others,42450917777.698524,42204140234.13815,42697695321.258896,0,101053861466330.14,99533453444972.44,102574127753767.08,13288389356.941177,13288389356.941177,13288389356.941177,25856230401.0589,25708046209.0589,26004414593.0589,6409365,6296005.0,6522725.0,658745,648834.0,668656.0,14236175.470588235,14236175.470588235,14236175.470588235,485295.52941176476,485295.52941176476,485295.52941176476,2750008,2750008.0,2750008.0
ES,2020-03-15,3,Restrict_Mass_Gatherings-Restrict_Mass_Gatherings_and_Schools-Restrict_Mass_Gatherings_and_Schools_and_Others,53343347909.77278,53121759700.69138,53564936118.85417,0,92925297027273.42,91527223778010.56,94323228542615.55,12507743700.450981,12507743700.450981,12507743700.450981,25001057546.658897,24867998965.8589,25134116127.458897,5755163,5653374.0,5856952.0,605757,596644.0,614870.0,13480964.05882353,13480964.05882353,13480964.05882353,455101.9411764706,455101.9411764706,455101.9411764706,2578911,2578911.0,2578911.0
ES,2020-03-15,3,Restrict_Mass_Gatherings-Restrict_Mass_Gatherings_and_Schools-Lockdown,58954095839.920265,58742384392.61669,59165807287.22384,0,89604812421134.9,88256760770666.34,90953005805524.2,12175217812.843138,12175217812.843138,12175217812.843138,24665765975.458897,24538638161.0589,24792893789.8589,5498667,5401415.0,5595919.0,584112,575324.0,592900.0,13156680.588235294,13156680.588235294,13156680.588235294,442294.4117647059,442294.4117647059,442294.4117647059,2506335,2506335.0,2506335.0
ES,2020-03-15,3,Restrict_Mass_Gatherings-Authorize_Schools_but_Restrict_Mass_Gatherings_and_Others-No_Measure,28950305396.945816,28635927438.246235,29264683355.645393,0,131143928441021.23,129170959419392.83,133116755728728.86,17665088623.784313,17665088623.784313,17665088623.784313,28151365101.8589,27962588428.258896,28340141775.4589,8165129,8020716.0,8309542.0,854895,842034.0,867756.0,18953061.05882353,18953061.05882353,18953061.05882353,644551.9411764706,644551.9411764706,644551.9411764706,3652461,3652461.0,3652461.0
ES,2020-03-15,3,Restrict_Mass_Gatherings-Authorize_Schools_but_Restrict_Mass_Gatherings_and_Others-Restrict_Mass_Gatherings,33022558168.13368,32711469560.777782,33333646775.489574,0,130003965261328.19,128048031930388.53,131959898592267.83,17548817095.92157,17548817095.92157,17548817095.92157,28039646561.0589,27852845066.658897,28226448055.458897,8079665,7936763.0,8222567.0,847464,834714.0,860214.0,18839331.29411765,18839331.29411765,18839331.29411765,640080.705882353,640080.705882353,640080.705882353,3627124,3627124.0,3627124.0
ES,2020-03-15,3,Restrict_Mass_Gatherings-Authorize_Schools_but_Restrict_Mass_Gatherings_and_Others-Restrict_Mass_Gatherings_and_Schools,45518319540.80742,45217290557.91158,45819348523.70325,0,126549829641574.0,124645924263914.47,128453593285312.77,17199262495.098038,17199262495.098038,17199262495.098038,27698134025.0589,27517373101.8589,27878894948.258896,7818410,7680129.0,7956691.0,824947,812536.0,837358.0,18498112.88235294,18498112.88235294,18498112.88235294,626624.1176470589,626624.1176470589,626624.1176470589,3550870,3550870.0,3550870.0
ES,2020-03-15,3,Restrict_Mass_Gatherings-Authorize_Schools_but_Restrict_Mass_Gatherings_and_Others-Authorize_Schools_but_Restrict_Mass_Gatherings_and_Others,35564751709.377525,35255724661.07025,35873778757.6848,0,129293710549269.86,127348520415932.17,131238900682607.56,17476604315.294117,17476604315.294117,17476604315.294117,27969668223.458897,27784104647.458897,28155231799.458897,8026132,7884177.0,8168087.0,842834,830154.0,855514.0,18768764.647058822,18768764.647058822,18768764.647058822,637302.3529411765,637302.3529411765,637302.3529411765,3611380,3611380.0,3611380.0
ES,2020-03-15,3,Restrict_Mass_Gatherings-Authorize_Schools_but_Restrict_Mass_Gatherings_and_Others-Restrict_Mass_Gatherings_and_Schools_and_Others,47353892542.56441,47054193667.98822,47653591417.140594,0,126094489009342.5,124197489984576.53,127991488034108.47,17153510437.0,17153510437.0,17153510437.0,27652949349.858894,27472987125.858894,27832911573.8589,7783844,7646174.0,7921514.0,821979,809613.0,834345.0,18453540.0,18453540.0,18453540.0,624861.0,624861.0,624861.0,3540879,3540879.0,3540879.0
ES,2020-03-15,3,Restrict_Mass_Gatherings-Authorize_Schools_but_Restrict_Mass_Gatherings_and_Others-Lockdown,53314210789.996475,53018206176.98894,53610215403.00401,0,124833128994008.72,122955007474647.05,126711250513370.36,17027576104.568628,17027576104.568628,17027576104.568628,27527566647.458897,27349822741.858894,27705310553.0589,7687927,7551954.0,7823900.0,813757,801514.0,826000.0,18330999.11764706,18330999.11764706,18330999.11764706,620004.8823529412,620004.8823529412,620004.8823529412,3513361,3513361.0,3513361.0
ES,2020-03-15,3,Restrict_Mass_Gatherings-Restrict_Mass_Gatherings_and_Schools_and_Others-No_Measure,37689407714.09011,37438302420.383316,37940513007.796906,0,100580950920108.3,99067884202982.27,102094159371155.11,12925080633.627453,12925080633.627453,12925080633.627453,26003168831.458893,25852385925.858894,26153951737.0589,6521772,6406424.0,6637120.0,655663,645799.0,665527.0,13785309.647058824,13785309.647058824,13785309.647058824,473307.3529411765,473307.3529411765,473307.3529411765,2682075,2682075.0,2682075.0
ES,2020-03-15,3,Restrict_Mass_Gatherings-Restrict_Mass_Gatherings_and_Schools_and_Others-Restrict_Mass_Gatherings,41492869757.87425,41249810422.18616,41735929093.56235,0,98198635745937.77,96721189639117.14,99676081852758.38,12721637346.627453,12721637346.627453,12721637346.627453,25730047692.258896,25584096197.858894,25875999186.658897,6312836,6201184.0,6424488.0,640133,630502.0,649764.0,13593420.647058824,13593420.647058824,13593420.647058824,465336.3529411765,465336.3529411765,465336.3529411765,2636906,2636906.0,2636906.0
ES,2020-03-15,3,Restrict_Mass_Gatherings-Restrict_Mass_Gatherings_and_Schools_and_Others-Restrict_Mass_Gatherings_and_Schools,52492278863.37334,52285744171.526596,52698813555.22008,0,86340237899934.0,85041287807826.95,87639329725961.8,11568993768.431374,11568993768.431374,11568993768.431374,24490010321.0589,24365991028.258896,24614029613.858894,5364215,5269341.0,5459089.0,562831,554363.0,571299.0,12474989.88235294,12474989.88235294,12474989.88235294,420824.11764705885,420824.11764705885,420824.11764705885,2384670,2384670.0,2384670.0
ES,2020-03-15,3,Restrict_Mass_Gatherings-Restrict_Mass_Gatherings_and_Schools_and_Others-Authorize_Schools_but_Restrict_Mass_Gatherings_and_Others,43689006557.65661,43454128150.062195,43923884965.25102,0,95530971411768.38,94093736675249.44,96968206148287.33,12461911354.27451,12461911354.27451,12461911354.27451,25452270306.658897,25311231269.8589,25593309343.458897,6100338,5992444.0,6208232.0,622743,613374.0,632112.0,13341348.470588235,13341348.470588235,13341348.470588235,455307.52941176476,455307.52941176476,455307.52941176476,2580076,2580076.0,2580076.0
ES,2020-03-15,3,Restrict_Mass_Gatherings-Restrict_Mass_Gatherings_and_Schools_and_Others-Restrict_Mass_Gatherings_and_Schools_and_Others,54182362832.03905,53979731387.68352,54384994276.39458,0,85067485696044.97,83787578684411.72,86347250973757.48,11444843234.313725,11444843234.313725,11444843234.313725,24357462855.458897,24235787372.258896,24479138338.658897,5262817,5169736.0,5355898.0,554534,546191.0,562877.0,12354454.823529411,12354454.823529411,12354454.823529411,416031.17647058825,416031.17647058825,416031.17647058825,2357510,2357510.0,2357510.0
ES,2020-03-15,3,Restrict_Mass_Gatherings-Restrict_Mass_Gatherings_and_Schools_and_Others-Lockdown,59804093407.80458,59611142800.92447,59997044014.6847,0,81865761788554.16,80634046732555.62,83097476844552.69,11129210778.647058,11129210778.647058,11129210778.647058,24028766108.258896,23912903743.458897,24144628473.0589,5011366,4922732.0,5100000.0,533663,525634.0,541692.0,12047615.823529411,12047615.823529411,12047615.823529411,403854.17647058825,403854.17647058825,403854.17647058825,2288507,2288507.0,2288507.0
ES,2020-03-15,3,Restrict_Mass_Gatherings-Lockdown-No_Measure,40863479926.23535,40665348210.02502,41061611642.445694,0,77544686724696.0,76378144047827.25,78711371135485.52,9797779928.450981,9797779928.450981,9797779928.450981,24204709999.458897,24085736498.658897,24323683500.258896,5145962,5054948.0,5236976.0,505495,497890.0,513100.0,10479821.05882353,10479821.05882353,10479821.05882353,358165.9411764706,358165.9411764706,358165.9411764706,2029607,2029607.0,2029607.0
ES,2020-03-15,3,Restrict_Mass_Gatherings-Lockdown-Restrict_Mass_Gatherings,44146305790.433235,43965426297.51785,44327185283.34862,0,72362168904792.31,71273454916963.12,73450882892621.5,9326135307.313725,9326135307.313725,9326135307.313725,23618958908.258896,23510344967.458897,23727572849.0589,4697866,4614777.0,4780955.0,471711,464614.0,478808.0,10027570.823529411,10027570.823529411,10027570.823529411,339840.17647058825,339840.17647058825,339840.17647058825,1925761,1925761.0,1925761.0
ES,2020-03-15,3,Restrict_Mass_Gatherings-Lockdown-Restrict_Mass_Gatherings_and_Schools,55415348097.83638,55266223580.46718,55564472615.20558,0,63013084694625.33,62065118000928.234,63961193122243.19,8487516036.176472,8487516036.176472,8487516036.176472,22540830021.8589,22451284207.458897,22630375836.258896,3873104,3804602.0,3941606.0,410767,404587.0,416947.0,9225901.588235294,9225901.588235294,9225901.588235294,307204.4117647059,307204.4117647059,307204.4117647059,1740825,1740825.0,1740825.0
ES,2020-03-15,3,Restrict_Mass_Gatherings-Lockdown-Authorize_Schools_but_Restrict_Mass_Gatherings_and_Others,46287631678.14993,46115904027.093475,46459359329.20639,0,69647584848688.414,68599698177252.47,70695613254045.12,9080732017.411766,9080732017.411766,9080732017.411766,23308268841.0589,23205150369.0589,23411387313.0589,4460190,4381305.0,4539075.0,454016,447185.0,460847.0,9792534.705882354,9792534.705882354,9792534.705882354,330299.2941176471,330299.2941176471,330299.2941176471,1871696,1871696.0,1871696.0
ES,2020-03-15,3,Restrict_Mass_Gatherings-Lockdown-Restrict_Mass_Gatherings_and_Schools_and_Others,57129306531.21827,56983665112.558464,57274947949.87808,0,61918042773011.38,60986498621310.91,62849728658632.63,8382830757.372549,8382830757.372549,8382830757.372549,22422618618.658897,22335164324.258896,22510072913.0589,3782673,3715771.0,3849575.0,403629,397556.0,409702.0,9124616.352941176,9124616.352941176,9124616.352941176,303155.64705882355,303155.64705882355,303155.64705882355,1717882,1717882.0,1717882.0
ES,2020-03-15,3,Restrict_Mass_Gatherings-Lockdown-Lockdown,62898226327.63261,62759662130.16294,63036790525.10227,0,59652610574211.6,58755292404793.63,60550070477550.34,8165493475.82353,8165493475.82353,8165493475.82353,22182305585.0589,22099100997.8589,22265510172.258896,3598835,3535184.0,3662486.0,388861,383011.0,394711.0,8914261.411764706,8914261.411764706,8914261.411764706,294751.58823529416,294751.58823529416,294751.58823529416,1670259,1670259.0,1670259.0
ES,2020-03-15,3,Restrict_Mass_Gatherings_and_Schools-No_Measure-No_Measure,35218851779.267715,34902331714.86187,35535371843.67357,0,123643117608324.27,121782895023979.2,125503198458748.58,15284250014.882355,15284250014.882355,15284250014.882355,28224072873.0589,28034009914.658897,28414135831.4589,8220750,8075353.0,8366147.0,805999,793873.0,818125.0,15779155.94117647,15779155.94117647,15779155.94117647,570544.0588235294,570544.0588235294,570544.0588235294,3233083,3233083.0,3233083.0
ES,2020-03-15,3,Restrict_Mass_Gatherings_and_Schools-No_Measure-Restrict_Mass_Gatherings,39093908917.02341,38784167833.4807,39403650000.5661,0,121164353524095.8,119341424275959.4,122987282772232.2,15022622473.607843,15022622473.607843,15022622473.607843,27993942927.458897,27807950589.8589,28179935265.0589,8044702,7902419.0,8186985.0,789841,777958.0,801724.0,15522169.470588235,15522169.470588235,15522169.470588235,560505.5294117647,560505.5294117647,560505.5294117647,3176198,3176198.0,3176198.0
ES,2020-03-15,3,Restrict_Mass_Gatherings_and_Schools-No_Measure-Restrict_Mass_Gatherings_and_Schools,50244210212.4867,49968324848.399284,50520095576.57412,0,109024845997978.39,107384559918523.02,110664990343512.98,13740631456.529411,13740631456.529411,13740631456.529411,26844512817.0589,26678850053.8589,27010175580.258896,7165395,7038664.0,7292126.0,710706,700014.0,721398.0,14260939.764705881,14260939.764705881,14260939.764705881,511357.2352941177,511357.2352941177,511357.2352941177,2897691,2897691.0,2897691.0
ES,2020-03-15,3,Restrict_Mass_Gatherings_and_Schools-No_Measure-Authorize_Schools_but_Restrict_Mass_Gatherings_and_Others,41341575985.274506,41039103693.35097,41644048277.198044,0,118381618591442.77,116600585961395.81,120162651221489.72,14706091105.176472,14706091105.176472,14706091105.176472,27747108273.0589,27565480676.258896,27928735869.858894,7855875,7716931.0,7994819.0,771701,760091.0,783311.0,15206386.588235294,15206386.588235294,15206386.588235294,548461.4117647059,548461.4117647059,548461.4117647059,3107948,3107948.0,3107948.0
ES,2020-03-15,3,Restrict_Mass_Gatherings_and_Schools-No_Measure-Restrict_Mass_Gatherings_and_Schools_and_Others,51866345456.14227,51595565008.60081,52137125903.68373,0,107275447605597.11,105661405788445.05,108889347688828.38,13565335650.549019,13565335650.549019,13565335650.549019,26671163717.8589,26508566338.658897,26833761097.0589,7032784,6908398.0,7157170.0,699302,688781.0,709823.0,14090205.94117647,14090205.94117647,14090205.94117647,504601.05882352946,504601.05882352946,504601.05882352946,2859406,2859406.0,2859406.0
ES,2020-03-15,3,Restrict_Mass_Gatherings_and_Schools-No_Measure-Lockdown,56911799527.37572,56660892334.90803,57162706719.843414,0,100318899079426.25,98809679595549.23,101827976829382.5,12842489324.235294,12842489324.235294,12842489324.235294,25996426293.858894,25845762343.458897,26147090244.258896,6516614,6401357.0,6631871.0,653954,644116.0,663792.0,13380755.11764706,13380755.11764706,13380755.11764706,476853.8823529412,476853.8823529412,476853.8823529412,2702172,2702172.0,2702172.0
ES,2020-03-15,3,Restrict_Mass_Gatherings_and_Schools-Restrict_Mass_Gatherings-No_Measure,38604620625.82166,38303532865.63511,38905708386.00822,0,114828735397710.67,113101243919374.38,116556085142126.19,13711921134.37255,13711921134.37255,13711921134.37255,27700136655.458897,27519340437.8589,27880932873.0589,7819942,7681634.0,7958250.0,748540,737279.0,759801.0,14051603.352941176,14051603.352941176,14051603.352941176,514016.64705882355,514016.64705882355,514016.64705882355,2912761,2912761.0,2912761.0
ES,2020-03-15,3,Restrict_Mass_Gatherings_and_Schools-Restrict_Mass_Gatherings-Restrict_Mass_Gatherings,42206942426.88523,41917457739.27434,42496427114.496124,0,110525443510796.77,108862716184567.16,112188170837026.38,13251690076.37255,13251690076.37255,13251690076.37255,27306235465.0589,27132406623.458897,27480064306.658897,7518610,7385632.0,7651588.0,720488,709649.0,731327.0,13598339.352941176,13598339.352941176,13598339.352941176,496382.64705882355,496382.64705882355,496382.64705882355,2812835,2812835.0,2812835.0
ES,2020-03-15,3,Restrict_Mass_Gatherings_and_Schools-Restrict_Mass_Gatherings-Restrict_Mass_Gatherings_and_Schools,52426762202.31167,52187588698.62124,52665935706.0021,0,92953501850727.42,91555067886727.73,94351935814727.12,11456661945.607843,11456661945.607843,11456661945.607843,25598072780.258896,25454454637.8589,25741690922.658897,6211876,6102009.0,6321743.0,605941,596825.0,615057.0,11843182.470588235,11843182.470588235,11843182.470588235,427341.52941176476,427341.52941176476,427341.52941176476,2421602,2421602.0,2421602.0
ES,2020-03-15,3,Restrict_Mass_Gatherings_and_Schools-Restrict_Mass_Gatherings-Authorize_Schools_but_Restrict_Mass_Gatherings_and_Others,44396036836.46454,44114857162.338844,44677216510.590225,0,107529171935639.95,105911270052749.77,109146932084609.36,12939038627.509804,12939038627.509804,12939038627.509804,27024229287.458897,26855387413.858894,27193071161.0589,7302877,7173714.0,7432040.0,700956,690410.0,711502.0,13291616.588235294,13291616.588235294,13291616.588235294,484378.4117647059,484378.4117647059,484378.4117647059,2744811,2744811.0,2744811.0
ES,2020-03-15,3,Restrict_Mass_Gatherings_and_Schools-Restrict_Mass_Gatherings-Restrict_Mass_Gatherings_and_Schools_and_Others,53856647812.702385,53625981777.609634,54087313847.79512,0,90066119632751.48,88711119297154.11,91421119968348.86,11166740541.666668,11166740541.666668,11166740541.666668,25309282234.658897,25170772629.8589,25447791839.458897,5990953,5884994.0,6096912.0,587119,578286.0,595952.0,11560445.0,11560445.0,11560445.0,416175.0,416175.0,416175.0,2358325,2358325.0,2358325.0
ES,2020-03-15,3,Restrict_Mass_Gatherings_and_Schools-Restrict_Mass_Gatherings-Lockdown,58581534894.217,58376410857.347565,58786658931.08644,0,81405503578647.33,80180804175315.97,82630344715899.45,10296487669.666668,10296487669.666668,10296487669.666668,24442051767.458897,24318879540.258896,24565223994.658897,5327527,5233301.0,5421753.0,530663,522679.0,538647.0,10711640.0,10711640.0,10711640.0,382659.0,382659.0,382659.0,2168401,2168401.0,2168401.0
ES,2020-03-15,3,Restrict_Mass_Gatherings_and_Schools-Restrict_Mass_Gatherings_and_Schools-No_Measure,45431752049.66914,45240982733.35579,45622521365.982506,0,62488584360993.06,61548494623358.945,63428674098627.195,6388017077.117647,6388017077.117647,6388017077.117647,23954743293.8589,23840190743.458897,24069295844.258896,4954739,4867107.0,5042371.0,407348,401220.0,413476.0,6386113.05882353,6386113.05882353,6386113.05882353,242791.9411764706,242791.9411764706,242791.9411764706,1375821,1375821.0,1375821.0
ES,2020-03-15,3,Restrict_Mass_Gatherings_and_Schools-Restrict_Mass_Gatherings_and_Schools-Restrict_Mass_Gatherings,47832724805.686646,47674805464.07623,47990644147.29706,0,52198351042235.21,51412982618130.805,52983577732418.86,5453051744.54902,5453051744.54902,5453051744.54902,22839459861.8589,22744632959.458897,22934286764.258896,4101554,4029012.0,4174096.0,340268,335149.0,345387.0,5490594.94117647,5490594.94117647,5490594.94117647,206443.05882352943,206443.05882352943,206443.05882352943,1169844,1169844.0,1169844.0
ES,2020-03-15,3,Restrict_Mass_Gatherings_and_Schools-Restrict_Mass_Gatherings_and_Schools-Restrict_Mass_Gatherings_and_Schools,56313359379.66645,56236513514.3905,56390205244.9424,0,28564909289047.13,28135171536046.39,28994788775968.633,3364554456.9411764,3364554456.9411764,3364554456.9411764,20086956796.258896,20040812636.258896,20133100956.258896,1995906,1960606.0,2031206.0,186208,183406.0,189010.0,3499484.470588235,3499484.470588235,3499484.470588235,125055.52941176471,125055.52941176471,125055.52941176471,708648,708648.0,708648.0
ES,2020-03-15,3,Restrict_Mass_Gatherings_and_Schools-Restrict_Mass_Gatherings_and_Schools-Authorize_Schools_but_Restrict_Mass_Gatherings_and_Others,49342893614.831406,49205287269.50682,49480499960.15599,0,46109392997154.36,45415655260380.18,46803130733928.54,4909858061.862745,4909858061.862745,4909858061.862745,22149774605.8589,22067145186.658897,22232404025.0589,3573949,3510738.0,3637160.0,300576,296054.0,305098.0,4971857.764705882,4971857.764705882,4971857.764705882,185293.23529411765,185293.23529411765,185293.23529411765,1049995,1049995.0,1049995.0
ES,2020-03-15,3,Restrict_Mass_Gatherings_and_Schools-Restrict_Mass_Gatherings_and_Schools-Restrict_Mass_Gatherings_and_Schools_and_Others,57756831251.96048,57688251215.30926,57825411288.6117,0,26081010944360.875,25688581768420.996,26473440120300.754,3136162669.8039217,3136162669.8039217,3136162669.8039217,19806324485.8589,19765143764.258896,19847505207.458897,1781224,1749721.0,1812727.0,170016,167458.0,172574.0,3279983.2352941176,3279983.2352941176,3279983.2352941176,116191.76470588236,116191.76470588236,116191.76470588236,658420,658420.0,658420.0
ES,2020-03-15,3,Restrict_Mass_Gatherings_and_Schools-Restrict_Mass_Gatherings_and_Schools-Lockdown,63080806957.61702,63027173768.302475,63134440146.931564,0,21557237380333.332,21232955265208.902,21881519495457.76,2721437792.9411764,2721437792.9411764,2721437792.9411764,19298832844.258896,19266627357.8589,19331038330.658897,1392996,1368359.0,1417633.0,140526,138412.0,142640.0,2882027.470588235,2882027.470588235,2882027.470588235,100083.52941176471,100083.52941176471,100083.52941176471,567140,567140.0,567140.0
ES,2020-03-15,3,Restrict_Mass_Gatherings_and_Schools-Authorize_Schools_but_Restrict_Mass_Gatherings_and_Others-No_Measure,40618647963.45688,40328962997.6702,40908332929.24357,0,108239309704118.83,106610944283860.3,109867816858298.1,12562194252.72549,12562194252.72549,12562194252.72549,27313006761.0589,27139057657.0589,27486955865.0589,7523790,7390720.0,7656860.0,705586,694971.0,716201.0,12796025.529411765,12796025.529411765,12796025.529411765,472523.4705882353,472523.4705882353,472523.4705882353,2677633,2677633.0,2677633.0
ES,2020-03-15,3,Restrict_Mass_Gatherings_and_Schools-Authorize_Schools_but_Restrict_Mass_Gatherings_and_Others-Restrict_Mass_Gatherings,43944555404.81654,43671360734.48213,44217750075.150955,0,102041835982755.22,100506779506730.48,103577034192700.72,11892172604.529411,11892172604.529411,11892172604.529411,26753125157.858894,26589078093.858894,26917172221.858894,7095484,6969989.0,7220979.0,665186,655179.0,675193.0,12134701.764705881,12134701.764705881,12134701.764705881,446881.23529411765,446881.23529411765,446881.23529411765,2532327,2532327.0,2532327.0
ES,2020-03-15,3,Restrict_Mass_Gatherings_and_Schools-Authorize_Schools_but_Restrict_Mass_Gatherings_and_Others-Restrict_Mass_Gatherings_and_Schools,53264531867.22859,53057566141.916565,53471497592.54063,0,79273303309263.92,78080519082777.56,80465945801829.52,9601436259.117647,9601436259.117647,9601436259.117647,24504627431.458897,24380349313.0589,24628905549.8589,5375397,5280325.0,5470469.0,516763,508988.0,524538.0,9900436.05882353,9900436.05882353,9900436.05882353,358657.9411764706,358657.9411764706,358657.9411764706,2032395,2032395.0,2032395.0
ES,2020-03-15,3,Restrict_Mass_Gatherings_and_Schools-Authorize_Schools_but_Restrict_Mass_Gatherings_and_Others-Authorize_Schools_but_Restrict_Mass_Gatherings_and_Others,45917173052.67049,45656114804.40161,46178231300.93936,0,97620646151068.9,96151900812930.44,99089249755286.6,11428096423.215687,11428096423.215687,11428096423.215687,26341129705.0589,26184370281.0589,26497889129.0589,6780310,6660390.0,6900230.0,636365,626791.0,645939.0,11678654.94117647,11678654.94117647,11678654.94117647,429079.05882352946,429079.05882352946,429079.05882352946,2431448,2431448.0,2431448.0
ES,2020-03-15,3,Restrict_Mass_Gatherings_and_Schools-Authorize_Schools_but_Restrict_Mass_Gatherings_and_Others-Restrict_Mass_Gatherings_and_Schools_and_Others,54572561269.271255,54376256002.94666,54768866535.595856,0,75718759992597.83,74579539197670.75,76857980787524.9,9249927495.941177,9249927495.941177,9249927495.941177,24142665058.658897,24024788298.658897,24260541818.658897,5098498,5008323.0,5188673.0,493592,486166.0,501018.0,9558446.470588235,9558446.470588235,9558446.470588235,345102.52941176476,345102.52941176476,345102.52941176476,1955581,1955581.0,1955581.0
ES,2020-03-15,3,Restrict_Mass_Gatherings_and_Schools-Authorize_Schools_but_Restrict_Mass_Gatherings_and_Others-Lockdown,59007140781.10488,58841515083.599945,59172766478.609825,0,65465366637929.97,64480543466815.28,66450189809044.65,8228162480.745098,8228162480.745098,8228162480.745098,23101111628.258896,23001657237.8589,23200566018.658897,4301716,4225634.0,4377798.0,426753,420333.0,433173.0,8562925.705882354,8562925.705882354,8562925.705882354,305729.2941176471,305729.2941176471,305729.2941176471,1732466,1732466.0,1732466.0
ES,2020-03-15,3,Restrict_Mass_Gatherings_and_Schools-Restrict_Mass_Gatherings_and_Schools_and_Others-No_Measure,45742907716.40056,45580429869.35423,45905385563.44689,0,51737590505758.125,50959256024607.32,52516066720829.695,5206671715.137255,5206671715.137255,5206671715.137255,22994181361.0589,22896617181.858894,23091745540.258896,4219915,4145279.0,4294551.0,337265,332191.0,342339.0,5205327.235294118,5205327.235294118,5205327.235294118,197887.76470588238,197887.76470588238,197887.76470588238,1121364,1121364.0,1121364.0
ES,2020-03-15,3,Restrict_Mass_Gatherings_and_Schools-Restrict_Mass_Gatherings_and_Schools_and_Others-Restrict_Mass_Gatherings,48234830710.53035,48103594081.970566,48366067339.09013,0,42548422592274.95,41908237981126.8,43188607203423.12,4405402231.196078,4405402231.196078,4405402231.196078,21933511437.858894,21854706885.8589,22012315989.8589,3408509,3348224.0,3468794.0,277363,273190.0,281536.0,4443420.764705882,4443420.764705882,4443420.764705882,166621.23529411765,166621.23529411765,166621.23529411765,944187,944187.0,944187.0
ES,2020-03-15,3,Restrict_Mass_Gatherings_and_Schools-Restrict_Mass_Gatherings_and_Schools_and_Others-Restrict_Mass_Gatherings_and_Schools,57230376120.59284,57171106842.17916,57289645399.00652,0,22243479763945.723,21908752672582.97,22578206855308.473,2642530126.1960783,2642530126.1960783,2642530126.1960783,19490200388.258896,19454610561.0589,19525790215.458897,1539391,1512165.0,1566617.0,145000,142818.0,147182.0,2767899.7647058824,2767899.7647058824,2767899.7647058824,97816.23529411765,97816.23529411765,97816.23529411765,554292,554292.0,554292.0
ES,2020-03-15,3,Restrict_Mass_Gatherings_and_Schools-Restrict_Mass_Gatherings_and_Schools_and_Others-Authorize_Schools_but_Restrict_Mass_Gatherings_and_Others,49852028612.20462,49739213221.94413,49964844002.46511,0,37304219631651.94,36742928672401.99,37865510590901.88,3952583387.9411764,3952583387.9411764,3952583387.9411764,21308094669.8589,21240351644.258896,21375837695.458897,2930069,2878246.0,2981892.0,243177,239518.0,246836.0,4013480.470588235,4013480.470588235,4013480.470588235,148938.52941176473,148938.52941176473,148938.52941176473,843985,843985.0,843985.0
ES,2020-03-15,3,Restrict_Mass_Gatherings_and_Schools-Restrict_Mass_Gatherings_and_Schools_and_Others-Restrict_Mass_Gatherings_and_Schools_and_Others,58819663566.48216,58766080446.71156,58873246686.25276,0,20588947579693.203,20279238918611.277,20898656240775.133,2494554622.764706,2494554622.764706,2494554622.764706,19297126948.258896,19264951527.458897,19329302369.0589,1391691,1367077.0,1416305.0,134214,132195.0,136233.0,2626467.882352941,2626467.882352941,2626467.882352941,92057.11764705883,92057.11764705883,92057.11764705883,521657,521657.0,521657.0
ES,2020-03-15,3,Restrict_Mass_Gatherings_and_Schools-Restrict_Mass_Gatherings_and_Schools_and_Others-Lockdown,64318440757.80618,64276713235.26768,64360168280.34469,0,17002936017059.678,16747100465166.408,17258771568952.951,2164190416.921569,2164190416.921569,2164190416.921569,18894599545.0589,18869543135.458897,18919655954.658897,1083760,1064592.0,1102928.0,110838,109170.0,112506.0,2309067.294117647,2309067.294117647,2309067.294117647,79233.70588235295,79233.70588235295,79233.70588235295,448991,448991.0,448991.0
ES,2020-03-15,3,Restrict_Mass_Gatherings_and_Schools-Lockdown-No_Measure,47145114553.458305,47066947287.60948,47223281819.30713,0,23968363883367.215,23607666207152.676,24329061559581.758,2438096009.9411764,2438096009.9411764,2438096009.9411764,20131758461.8589,20084820831.458897,20178696092.258896,2030179,1994272.0,2066086.0,156244,153893.0,158595.0,2483660.470588235,2483660.470588235,2483660.470588235,91704.52941176471,91704.52941176471,91704.52941176471,519659,519659.0,519659.0
ES,2020-03-15,3,Restrict_Mass_Gatherings_and_Schools-Lockdown-Restrict_Mass_Gatherings,50273425805.0342,50215244994.96721,50331606615.1012,0,18942843600476.418,18657821861872.734,19227865339080.094,2030587295.0392156,2030587295.0392156,2030587295.0392156,19453224929.0589,19418288701.8589,19488161156.258896,1511105,1484379.0,1537831.0,123484,121626.0,125342.0,2101198.3529411764,2101198.3529411764,2101198.3529411764,75698.64705882354,75698.64705882354,75698.64705882354,428959,428959.0,428959.0
ES,2020-03-15,3,Restrict_Mass_Gatherings_and_Schools-Lockdown-Restrict_Mass_Gatherings_and_Schools,61591031216.19303,61563747668.61503,61618314763.771034,0,10966223865602.578,10801096152749.719,11131209844534.67,1366809305.0392156,1366809305.0392156,1366809305.0392156,18404257060.258896,18387873922.658897,18420640197.8589,708651,696118.0,721184.0,71486,70410.0,72562.0,1475257.3529411764,1475257.3529411764,1475257.3529411764,49688.64705882353,49688.64705882353,49688.64705882353,281569,281569.0,281569.0
ES,2020-03-15,3,Restrict_Mass_Gatherings_and_Schools-Lockdown-Authorize_Schools_but_Restrict_Mass_Gatherings_and_Others,52320873474.78603,52273503332.33831,52368243617.23375,0,16181671188442.623,15938106034212.225,16425094608752.256,1802088230.3333335,1802088230.3333335,1802088230.3333335,19086163169.0589,19057718497.0589,19114607841.0589,1230305,1208545.0,1252065.0,105484,103897.0,107071.0,1885915.0,1885915.0,1885915.0,66741.0,66741.0,66741.0,378199,378199.0,378199.0
ES,2020-03-15,3,Restrict_Mass_Gatherings_and_Schools-Lockdown-Restrict_Mass_Gatherings_and_Schools_and_Others,63386300412.00898,63361061007.98605,63411539816.031906,0,10379921561074.135,10223696161831.209,10536005226396.291,1314333538.5686274,1314333538.5686274,1314333538.5686274,18334870884.258896,18319715207.458897,18350026561.058895,655571,643977.0,667165.0,67664,66646.0,68682.0,1425075.1176470588,1425075.1176470588,1425075.1176470588,47646.88235294118,47646.88235294118,47646.88235294118,269999,269999.0,269999.0
ES,2020-03-15,3,Restrict_Mass_Gatherings_and_Schools-Lockdown-Lockdown,69358032338.5244,69336282564.02094,69379782113.02785,0,9342558089933.637,9202129964727.05,9483127949060.992,1219923846.8627453,1219923846.8627453,1219923846.8627453,18216341831.458897,18203281596.258896,18229402066.658897,564897,554906.0,574888.0,60902,59986.0,61818.0,1334564.7647058824,1334564.7647058824,1334564.7647058824,43978.23529411765,43978.23529411765,43978.23529411765,249210,249210.0,249210.0
ES,2020-03-15,3,Authorize_Schools_but_Restrict_Mass_Gatherings_and_Others-No_Measure-No_Measure,25659555483.18407,25328064625.137917,25991046341.230225,0,138312849324185.72,136231984859518.11,140393855522774.08,18737049467.098038,18737049467.098038,18737049467.098038,28732357985.0589,28533305412.258896,28931410557.858894,8609585,8457311.0,8761859.0,901628,888063.0,915193.0,20060065.88235294,20060065.88235294,20060065.88235294,684560.1176470589,684560.1176470589,684560.1176470589,3879174,3879174.0,3879174.0
ES,2020-03-15,3,Authorize_Schools_but_Restrict_Mass_Gatherings_and_Others-No_Measure-Restrict_Mass_Gatherings,29800906401.956177,29471483633.768723,30130329170.14363,0,137570839091368.38,135501178050529.52,139640641866128.0,18657730238.52941,18657730238.52941,18657730238.52941,28662131279.458897,28464320546.658897,28859942012.258896,8555862,8404538.0,8707186.0,896791,883299.0,910283.0,19981837.76470588,19981837.76470588,19981837.76470588,681523.2352941177,681523.2352941177,681523.2352941177,3861965,3861965.0,3861965.0
ES,2020-03-15,3,Authorize_Schools_but_Restrict_Mass_Gatherings_and_Others-No_Measure-Restrict_Mass_Gatherings_and_Schools,42546756438.9009,42222969759.812584,42870543117.98923,0,135602603655419.67,133562421296083.19,137642644280835.38,18455829629.882355,18455829629.882355,18455829629.882355,28470791186.658897,28276364794.658897,28665217578.658897,8409488,8260753.0,8558223.0,883960,870661.0,897259.0,19784353.94117647,19784353.94117647,19784353.94117647,673759.0588235294,673759.0588235294,673759.0588235294,3817968,3817968.0,3817968.0
ES,2020-03-15,3,Authorize_Schools_but_Restrict_Mass_Gatherings_and_Others-No_Measure-Authorize_Schools_but_Restrict_Mass_Gatherings_and_Others,32412552931.465286,32083963930.031395,32741141932.89918,0,137289065477659.78,135223701737822.6,139354570951417.75,18630660266.39216,18630660266.39216,18630660266.39216,28633857850.658897,28436547775.4589,28831167925.858894,8534233,8383292.0,8685174.0,894954,881490.0,908418.0,19955734.529411763,19955734.529411763,19955734.529411763,680474.4705882353,680474.4705882353,680474.4705882353,3856022,3856022.0,3856022.0
ES,2020-03-15,3,Authorize_Schools_but_Restrict_Mass_Gatherings_and_Others-No_Measure-Restrict_Mass_Gatherings_and_Schools_and_Others,44405637901.8338,44082769890.03008,44728505913.63751,0,135277558590721.81,133242287350363.48,137312688097159.36,18422108736.39216,18422108736.39216,18422108736.39216,28439602701.8589,28245727948.258896,28633477455.458897,8385629,8237316.0,8533942.0,881841,868574.0,895108.0,19751266.529411763,19751266.529411763,19751266.529411763,672464.4705882353,672464.4705882353,672464.4705882353,3810632,3810632.0,3810632.0
ES,2020-03-15,3,Authorize_Schools_but_Restrict_Mass_Gatherings_and_Others-No_Measure-Lockdown,50414941578.74008,50094899230.76435,50734983926.715805,0,134280488753288.47,132260399578133.45,136300719662364.25,18318111945.294117,18318111945.294117,18318111945.294117,28343634613.858894,28151456605.858894,28535812621.858894,8312214,8165199.0,8459229.0,875342,862173.0,888511.0,19649201.647058822,19649201.647058822,19649201.647058822,668472.3529411765,668472.3529411765,668472.3529411765,3788010,3788010.0,3788010.0
ES,2020-03-15,3,Authorize_Schools_but_Restrict_Mass_Gatherings_and_Others-Restrict_Mass_Gatherings-No_Measure,29269135191.18333,28949116789.511234,29589153592.855427,0,132402826469862.67,130410963598704.34,134394831074941.77,17720268154.098038,17720268154.098038,17720268154.098038,28342814999.458897,28150651370.658897,28534978628.258896,8311587,8164583.0,8458591.0,863102,850117.0,876087.0,18907954.88235294,18907954.88235294,18907954.88235294,648731.1176470589,648731.1176470589,648731.1176470589,3676143,3676143.0,3676143.0
ES,2020-03-15,3,Authorize_Schools_but_Restrict_Mass_Gatherings_and_Others-Restrict_Mass_Gatherings-Restrict_Mass_Gatherings,33375576753.140564,33058244691.348083,33692908814.933044,0,131487528151955.05,129509336315408.47,133465719988501.6,17629743273.07843,17629743273.07843,17629743273.07843,28251626034.658897,28061075490.658897,28442176578.658897,8241828,8096058.0,8387598.0,857135,844240.0,870030.0,18820067.70588235,18820067.70588235,18820067.70588235,645236.2941176471,645236.2941176471,645236.2941176471,3656339,3656339.0,3656339.0
ES,2020-03-15,3,Authorize_Schools_but_Restrict_Mass_Gatherings_and_Others-Restrict_Mass_Gatherings-Restrict_Mass_Gatherings_and_Schools,45795561136.4548,45489629692.1255,46101492580.7841,0,127493371889934.64,125575341613813.52,129411402166055.78,17215686084.47059,17215686084.47059,17215686084.47059,27864611173.8589,27680906436.258896,28048315911.458897,7945764,7805231.0,8086297.0,831098,818595.0,843601.0,18413998.23529412,18413998.23529412,18413998.23529412,629335.7647058824,629335.7647058824,629335.7647058824,3566236,3566236.0,3566236.0
ES,2020-03-15,3,Authorize_Schools_but_Restrict_Mass_Gatherings_and_Others-Restrict_Mass_Gatherings-Authorize_Schools_but_Restrict_Mass_Gatherings_and_Others,35937275647.157005,35621661188.415596,36252890105.898415,0,130903417977880.78,128933974267113.08,132872719954727.72,17572065013.215687,17572065013.215687,17572065013.215687,28193360209.0589,28003841045.8589,28382879372.258896,8197255,8052274.0,8342236.0,853327,840489.0,866165.0,18764093.94117647,18764093.94117647,18764093.94117647,643009.0588235294,643009.0588235294,643009.0588235294,3643718,3643718.0,3643718.0
ES,2020-03-15,3,Authorize_Schools_but_Restrict_Mass_Gatherings_and_Others-Restrict_Mass_Gatherings-Restrict_Mass_Gatherings_and_Schools_and_Others,47598660773.55679,47294634148.83419,47902687398.2794,0,126817960952011.17,124910059882965.62,128725862021056.72,17144606113.882355,17144606113.882355,17144606113.882355,27799926996.258896,27617366058.658897,27982487933.858894,7896281,7756623.0,8035939.0,826695,814258.0,839132.0,18344053.94117647,18344053.94117647,18344053.94117647,626611.0588235294,626611.0588235294,626611.0588235294,3550796,3550796.0,3550796.0
ES,2020-03-15,3,Authorize_Schools_but_Restrict_Mass_Gatherings_and_Others-Restrict_Mass_Gatherings-Lockdown,53431800202.42553,53133714437.93913,53729885966.91193,0,124705956451489.94,122829824179086.02,126582088723893.89,16920898618.078432,16920898618.078432,16920898618.078432,27598176362.658897,27419182773.8589,27777169951.458897,7741943,7605014.0,7878872.0,812928,800698.0,825158.0,18123650.70588235,18123650.70588235,18123650.70588235,618041.2941176471,618041.2941176471,618041.2941176471,3502234,3502234.0,3502234.0
ES,2020-03-15,3,Authorize_Schools_but_Restrict_Mass_Gatherings_and_Others-Restrict_Mass_Gatherings_and_Schools-No_Measure,38766595125.26911,38509666525.907555,39023523724.63066,0,100177581900237.2,98670342199218.86,101684679867334.77,12477870129.490196,12477870129.490196,12477870129.490196,26200891981.858894,26046612316.258896,26355171647.458897,6673029,6555006.0,6791052.0,653033,643208.0,662858.0,13146909.411764706,13146909.411764706,13146909.411764706,460282.58823529416,460282.58823529416,460282.58823529416,2608268,2608268.0,2608268.0
ES,2020-03-15,3,Authorize_Schools_but_Restrict_Mass_Gatherings_and_Others-Restrict_Mass_Gatherings_and_Schools-Restrict_Mass_Gatherings,42194367965.32161,41952129334.766914,42436606595.87631,0,95315293562839.62,93881262621585.02,96749324504094.22,12006348116.137257,12006348116.137257,12006348116.137257,25702178188.258896,25556719508.258896,25847636868.258896,6291516,6180241.0,6402791.0,621337,611989.0,630685.0,12690000.235294119,12690000.235294119,12690000.235294119,442060.7647058824,442060.7647058824,442060.7647058824,2505011,2505011.0,2505011.0
ES,2020-03-15,3,Authorize_Schools_but_Restrict_Mass_Gatherings_and_Others-Restrict_Mass_Gatherings_and_Schools-Restrict_Mass_Gatherings_and_Schools,52789731089.72123,52591161809.23553,52988300370.20693,0,81271224116241.2,80048546372046.39,82493760126515.23,10663662255.411766,10663662255.411766,10663662255.411766,24219520575.458897,24100284327.458897,24338756823.458897,5157292,5066077.0,5248507.0,529787,521817.0,537757.0,11391804.705882354,11391804.705882354,11391804.705882354,390113.2941176471,390113.2941176471,390113.2941176471,2210642,2210642.0,2210642.0
ES,2020-03-15,3,Authorize_Schools_but_Restrict_Mass_Gatherings_and_Others-Restrict_Mass_Gatherings_and_Schools-Authorize_Schools_but_Restrict_Mass_Gatherings_and_Others,44326905559.60718,44093973333.41663,44559837785.79772,0,92290341420774.75,90901893676074.9,93678789165474.62,11715930175.568628,11715930175.568628,11715930175.568628,25386210954.658897,25246340554.658897,25526081354.658897,6049803,5942803.0,6156803.0,601618,592567.0,610669.0,12409053.11764706,12409053.11764706,12409053.11764706,430827.8823529412,430827.8823529412,430827.8823529412,2441358,2441358.0,2441358.0
ES,2020-03-15,3,Authorize_Schools_but_Restrict_Mass_Gatherings_and_Others-Restrict_Mass_Gatherings_and_Schools-Restrict_Mass_Gatherings_and_Schools_and_Others,54382340541.00463,54189400818.80798,54575280263.20128,0,79435081820747.11,78240030230613.86,80630133410880.33,10484426302.294119,10484426302.294119,10484426302.294119,24028441922.658897,23912586093.8589,24144297751.458897,5011118,4922489.0,5099747.0,517818,510028.0,525608.0,11217806.647058824,11217806.647058824,11217806.647058824,383193.3529411765,383193.3529411765,383193.3529411765,2171429,2171429.0,2171429.0
ES,2020-03-15,3,Authorize_Schools_but_Restrict_Mass_Gatherings_and_Others-Restrict_Mass_Gatherings_and_Schools-Lockdown,59713983417.695206,59535855572.76024,59892111262.630165,0,74512796014072.08,73391720494081.88,75633871534062.28,9995225795.901962,9995225795.901962,9995225795.901962,23525554239.458897,23418592599.458897,23632515879.458897,4626412,4544587.0,4708237.0,485731,478423.0,493039.0,10741333.11764706,10741333.11764706,10741333.11764706,364338.8823529412,364338.8823529412,364338.8823529412,2064587,2064587.0,2064587.0
ES,2020-03-15,3,Authorize_Schools_but_Restrict_Mass_Gatherings_and_Others-Authorize_Schools_but_Restrict_Mass_Gatherings_and_Others-No_Measure,31457885644.765083,31146180964.324966,31769590325.205204,0,128007820832660.0,126082094844537.05,129933688554703.72,16953921190.11765,16953921190.11765,16953921190.11765,28060602284.258896,27873430852.258896,28247773716.258896,8095696,7952511.0,8238881.0,834452,821898.0,847006.0,18043747.05882353,18043747.05882353,18043747.05882353,621640.9411764706,621640.9411764706,621640.9411764706,3522632,3522632.0,3522632.0
ES,2020-03-15,3,Authorize_Schools_but_Restrict_Mass_Gatherings_and_Others-Authorize_Schools_but_Restrict_Mass_Gatherings_and_Others-Restrict_Mass_Gatherings,35453714876.39552,35146651424.985664,35760778327.805374,0,126385350105713.66,124483884690080.53,128286815521346.78,16787288745.11765,16787288745.11765,16787288745.11765,27902993180.258896,27718608698.658897,28087377661.858894,7975126,7834073.0,8116179.0,823875,811480.0,836270.0,17880619.05882353,17880619.05882353,17880619.05882353,615235.9411764706,615235.9411764706,615235.9411764706,3486337,3486337.0,3486337.0
ES,2020-03-15,3,Authorize_Schools_but_Restrict_Mass_Gatherings_and_Others-Authorize_Schools_but_Restrict_Mass_Gatherings_and_Others-Restrict_Mass_Gatherings_and_Schools,47691017263.212265,47398585003.31855,47983449523.10599,0,121368745844253.69,119542790099909.3,123194701588598.08,16281036638.705883,16281036638.705883,16281036638.705883,27406282017.0589,27230683226.658897,27581880807.458897,7595145,7460813.0,7729477.0,791173,779270.0,803076.0,17386797.352941178,17386797.352941178,17386797.352941178,595739.6470588236,595739.6470588236,595739.6470588236,3375858,3375858.0,3375858.0
ES,2020-03-15,3,Authorize_Schools_but_Restrict_Mass_Gatherings_and_Others-Authorize_Schools_but_Restrict_Mass_Gatherings_and_Others-Authorize_Schools_but_Restrict_Mass_Gatherings_and_Others,37952019196.96434,37647794471.00264,38256243922.92604,0,125409283421203.45,123522551561198.61,127295873547287.53,16688573696.72549,16688573696.72549,16688573696.72549,27806660383.458897,27623980490.658897,27989340276.258896,7901432,7761683.0,8041181.0,817512,805213.0,829811.0,17784272.529411763,17784272.529411763,17784272.529411763,611435.4705882353,611435.4705882353,611435.4705882353,3464801,3464801.0,3464801.0
ES,2020-03-15,3,Authorize_Schools_but_Restrict_Mass_Gatherings_and_Others-Authorize_Schools_but_Restrict_Mass_Gatherings_and_Others-Restrict_Mass_Gatherings_and_Schools_and_Others,49482015309.23582,49191701208.74474,49772329409.72688,0,120642375873045.06,118827316865764.48,122457434880325.62,16207712897.803923,16207712897.803923,16207712897.803923,27334331114.658897,27160004229.858894,27508657999.458897,7540103,7406744.0,7673462.0,786438,774606.0,798270.0,17315279.23529412,17315279.23529412,17315279.23529412,592915.7647058824,592915.7647058824,592915.7647058824,3359856,3359856.0,3359856.0
ES,2020-03-15,3,Authorize_Schools_but_Restrict_Mass_Gatherings_and_Others-Authorize_Schools_but_Restrict_Mass_Gatherings_and_Others-Lockdown,55295575369.48438,55011550439.10046,55579600299.86831,0,118477695270124.67,116695326317172.02,120260064223077.31,15988566674.607845,15988566674.607845,15988566674.607845,27120823524.258896,26950273140.258896,27291373908.258896,7376771,7246301.0,7507241.0,772327,760708.0,783946.0,17101402.470588237,17101402.470588237,17101402.470588237,584478.5294117647,584478.5294117647,584478.5294117647,3312045,3312045.0,3312045.0
ES,2020-03-15,3,Authorize_Schools_but_Restrict_Mass_Gatherings_and_Others-Restrict_Mass_Gatherings_and_Schools_and_Others-No_Measure,40093450675.83603,39846849464.14783,40340051887.52425,0,94825348027639.27,93398669976548.5,96252026078730.05,11632786760.941177,11632786760.941177,11632786760.941177,25850234274.658897,25702155965.8589,25998312583.458897,6404778,6291499.0,6518057.0,618143,608843.0,627443.0,12228662.470588235,12228662.470588235,12228662.470588235,429687.52941176476,429687.52941176476,429687.52941176476,2434896,2434896.0,2434896.0
ES,2020-03-15,3,Authorize_Schools_but_Restrict_Mass_Gatherings_and_Others-Restrict_Mass_Gatherings_and_Schools_and_Others-Restrict_Mass_Gatherings,43268267825.992386,43040830188.01591,43495705463.96886,0,88430211145003.23,87099763125849.1,89760659164157.36,11006109349.039215,11006109349.039215,11006109349.039215,25199626455.458897,25063055428.258896,25336197482.658897,5907067,5802591.0,6011543.0,576455,567782.0,585128.0,11619919.352941176,11619919.352941176,11619919.352941176,405500.64705882355,405500.64705882355,405500.64705882355,2297837,2297837.0,2297837.0
ES,2020-03-15,3,Authorize_Schools_but_Restrict_Mass_Gatherings_and_Others-Restrict_Mass_Gatherings_and_Schools_and_Others-Restrict_Mass_Gatherings_and_Schools,53466605590.12865,53289862276.930664,53643348903.32663,0,72314158964126.2,71226221928554.0,73402095999698.39,9474565819.588236,9474565819.588236,9474565819.588236,23478564321.0589,23372434060.258896,23584694581.858894,4590465,4509276.0,4671654.0,471398,464306.0,478490.0,10140314.294117646,10140314.294117646,10140314.294117646,346221.70588235295,346221.70588235295,346221.70588235295,1961923,1961923.0,1961923.0
ES,2020-03-15,3,Authorize_Schools_but_Restrict_Mass_Gatherings_and_Others-Restrict_Mass_Gatherings_and_Schools_and_Others-Authorize_Schools_but_Restrict_Mass_Gatherings_and_Others,45252103228.62726,45036603911.47723,45467602545.777306,0,84553323923062.98,83281209583274.9,85825296528930.31,10632132622.431374,10632132622.431374,10632132622.431374,24794367004.258896,24664964661.8589,24923769346.658897,5597046,5498054.0,5696038.0,551182,542890.0,559474.0,11257643.88235294,11257643.88235294,11257643.88235294,391046.11764705885,391046.11764705885,391046.11764705885,2215928,2215928.0,2215928.0
ES,2020-03-15,3,Authorize_Schools_but_Restrict_Mass_Gatherings_and_Others-Restrict_Mass_Gatherings_and_Schools_and_Others-Restrict_Mass_Gatherings_and_Schools_and_Others,55069261604.251945,54897967163.59747,55240556044.906425,0,70577906486744.84,69516061136110.35,71639751837379.33,9308665994.019608,9308665994.019608,9308665994.019608,23293518396.258896,23190660057.0589,23396376735.458897,4448906,4370220.0,4527592.0,460080,453158.0,467002.0,9979880.176470589,9979880.176470589,9979880.176470589,339803.8235294118,339803.8235294118,339803.8235294118,1925555,1925555.0,1925555.0
ES,2020-03-15,3,Authorize_Schools_but_Restrict_Mass_Gatherings_and_Others-Restrict_Mass_Gatherings_and_Schools_and_Others-Lockdown,60449852902.492935,60292506095.23288,60607199709.75299,0,66024225158246.39,65030984678955.94,67017607371457.62,8863556718.509804,8863556718.509804,8863556718.509804,22820023105.0589,22725539996.258896,22914506213.858894,4086685,4014406.0,4158964.0,430396,423921.0,436871.0,9547664.588235294,9547664.588235294,9547664.588235294,322621.4117647059,322621.4117647059,322621.4117647059,1828188,1828188.0,1828188.0
ES,2020-03-15,3,Authorize_Schools_but_Restrict_Mass_Gatherings_and_Others-Lockdown-No_Measure,42896400897.432335,42709336727.371086,43083465067.493576,0,69668239264042.21,68620008948796.02,70716469579288.39,8391702919.607843,8391702919.607843,8391702919.607843,23828925293.8589,23716597597.8589,23941252989.8589,4858489,4772559.0,4944419.0,454150,447317.0,460983.0,8859415.470588235,8859415.470588235,8859415.470588235,309183.5294117647,309183.5294117647,309183.5294117647,1752040,1752040.0,1752040.0
ES,2020-03-15,3,Authorize_Schools_but_Restrict_Mass_Gatherings_and_Others-Lockdown-Restrict_Mass_Gatherings,45950193429.05749,45784432761.477554,46115954096.63742,0,63336297407783.195,62383381843287.46,64289212972278.94,7825296845.784314,7825296845.784314,7825296845.784314,23105644997.8589,23006109561.0589,23205180434.658897,4305184,4229040.0,4381328.0,412874,406662.0,419086.0,8318124.05882353,8318124.05882353,8318124.05882353,287137.9411764706,287137.9411764706,287137.9411764706,1627115,1627115.0,1627115.0
ES,2020-03-15,3,Authorize_Schools_but_Restrict_Mass_Gatherings_and_Others-Lockdown-Restrict_Mass_Gatherings_and_Schools,56381761659.711296,56262570021.87592,56500953297.54666,0,49641559544200.94,48894635018533.54,50388484069868.34,6591941753.0,6591941753.0,6591941753.0,21524632349.8589,21453060535.458897,21596204164.258896,3095719,3040967.0,3150471.0,323601,318732.0,328470.0,7137744.0,7137744.0,7137744.0,239169.00000000003,239169.00000000003,239169.00000000003,1355291,1355291.0,1355291.0
ES,2020-03-15,3,Authorize_Schools_but_Restrict_Mass_Gatherings_and_Others-Lockdown-Authorize_Schools_but_Restrict_Mass_Gatherings_and_Others,47927082226.70383,47773381788.40516,48080782665.00249,0,59809000108010.97,58909049392721.42,60708809089379.75,7510585483.725491,7510585483.725491,7510585483.725491,22696214271.458897,22603920722.658897,22788507820.258896,3991972,3921368.0,4062576.0,389880,384014.0,395746.0,8017478.529411765,8017478.529411765,8017478.529411765,274886.4705882353,274886.4705882353,274886.4705882353,1557690,1557690.0,1557690.0
ES,2020-03-15,3,Authorize_Schools_but_Restrict_Mass_Gatherings_and_Others-Lockdown-Restrict_Mass_Gatherings_and_Schools_and_Others,58085518967.748055,57969988937.43093,58201048998.06518,0,48529618734022.52,47799423986138.984,49259813481906.07,6489291218.980392,6489291218.980392,6489291218.980392,21400295407.458897,21330922303.458897,21469668511.458897,3000602,2947532.0,3053672.0,316353,311593.0,321113.0,7039089.823529412,7039089.823529412,7039089.823529412,235185.17647058825,235185.17647058825,235185.17647058825,1332716,1332716.0,1332716.0
ES,2020-03-15,3,Authorize_Schools_but_Restrict_Mass_Gatherings_and_Others-Lockdown-Lockdown,63805838652.48292,63698245733.34982,63913431571.61601,0,46046531950914.56,45353786724466.266,46739277177362.86,6255350603.254902,6255350603.254902,6255350603.254902,21130799133.8589,21066192081.058895,21195406186.658897,2794439,2745015.0,2843863.0,300166,295650.0,304682.0,6813454.294117647,6813454.294117647,6813454.294117647,226122.70588235295,226122.70588235295,226122.70588235295,1281362,1281362.0,1281362.0
ES,2020-03-15,3,Restrict_Mass_Gatherings_and_Schools_and_Others-No_Measure-No_Measure,36854773563.002396,36543114598.23285,37166432527.77196,0,120028837486065.27,118223226558800.53,121834590147250.75,14511220415.0,14511220415.0,14511220415.0,28059002271.458897,27871858290.658897,28246146252.258896,8094472,7951308.0,8237636.0,782439,770668.0,794210.0,14882496.0,14882496.0,14882496.0,543735.0,543735.0,543735.0,3081165,3081165.0,3081165.0
ES,2020-03-15,3,Restrict_Mass_Gatherings_and_Schools_and_Others-No_Measure-Restrict_Mass_Gatherings,40563223204.80443,40261290793.18085,40865155616.42801,0,116335591143270.34,114585393916171.02,118085788370369.67,14103361255.039215,14103361255.039215,14103361255.039215,27728828388.258896,27547524977.0589,27910131799.458897,7841891,7703195.0,7980587.0,758363,746954.0,769772.0,14478355.352941176,14478355.352941176,14478355.352941176,528158.6470588236,528158.6470588236,528158.6470588236,2992899,2992899.0,2992899.0
ES,2020-03-15,3,Restrict_Mass_Gatherings_and_Schools_and_Others-No_Measure-Restrict_Mass_Gatherings_and_Schools,50986294851.54401,50731079501.36013,51241510201.727875,0,99537338060151.02,98039908629455.6,101034909224767.19,12322978024.686275,12322978024.686275,12322978024.686275,26142713738.658897,25989462839.458897,26295964637.8589,6628523,6511287.0,6745759.0,648860,639098.0,658622.0,12725236.176470589,12725236.176470589,12725236.176470589,459935.8235294118,459935.8235294118,459935.8235294118,2606303,2606303.0,2606303.0
ES,2020-03-15,3,Restrict_Mass_Gatherings_and_Schools_and_Others-No_Measure-Authorize_Schools_but_Restrict_Mass_Gatherings_and_Others,42817323120.98444,42522546300.271965,43112099941.69692,0,113686946332454.31,111976651205872.44,115397241459036.2,13817243247.431374,13817243247.431374,13817243247.431374,27485856509.8589,27308849865.0589,27662863154.658897,7656019,7520610.0,7791428.0,741097,729948.0,752246.0,14195834.88235294,14195834.88235294,14195834.88235294,517211.11764705885,517211.11764705885,517211.11764705885,2930863,2930863.0,2930863.0
ES,2020-03-15,3,Restrict_Mass_Gatherings_and_Schools_and_Others-No_Measure-Restrict_Mass_Gatherings_and_Schools_and_Others,52424816369.79732,52177953925.7059,52671678813.88873,0,96628960303414.61,95175270936904.81,98082791403845.17,12022441138.431374,12022441138.431374,12022441138.431374,25859108855.458897,25710873682.658897,26007344028.258896,6411567,6298168.0,6524966.0,629901,620424.0,639378.0,12430523.88235294,12430523.88235294,12430523.88235294,448394.11764705885,448394.11764705885,448394.11764705885,2540900,2540900.0,2540900.0
ES,2020-03-15,3,Restrict_Mass_Gatherings_and_Schools_and_Others-No_Measure-Lockdown,57118984697.6318,56898210662.87372,57339758732.38987,0,87586744258325.4,86269044736097.84,88904585514473.77,11090549663.647058,11090549663.647058,11090549663.647058,24973432489.0589,24840862801.0589,25106002177.0589,5734030,5632615.0,5835445.0,570957,562367.0,579547.0,11517026.823529411,11517026.823529411,11517026.823529411,412599.17647058825,412599.17647058825,412599.17647058825,2338062,2338062.0,2338062.0
ES,2020-03-15,3,Restrict_Mass_Gatherings_and_Schools_and_Others-Restrict_Mass_Gatherings-No_Measure,40058857450.06441,39765843948.07356,40351870952.05526,0,109343688241258.4,107698593843219.98,110988782639296.84,12642318268.058823,12642318268.058823,12642318268.058823,27425968449.0589,27250020636.258896,27601916261.858894,7610205,7475606.0,7744804.0,712785,702061.0,723509.0,12843342.529411765,12843342.529411765,12843342.529411765,476249.4705882353,476249.4705882353,476249.4705882353,2698747,2698747.0,2698747.0
ES,2020-03-15,3,Restrict_Mass_Gatherings_and_Schools_and_Others-Restrict_Mass_Gatherings-Restrict_Mass_Gatherings,43466476210.2097,43188509694.64342,43744442725.77598,0,103688550468528.38,102128489427904.83,105248469775231.17,12033105072.058823,12033105072.058823,12033105072.058823,26915152597.858894,26748240151.458897,27082065044.258896,7219434,7091747.0,7347121.0,675920,665751.0,686089.0,12242661.529411765,12242661.529411765,12242661.529411765,452921.4705882353,452921.4705882353,452921.4705882353,2566555,2566555.0,2566555.0
ES,2020-03-15,3,Restrict_Mass_Gatherings_and_Schools_and_Others-Restrict_Mass_Gatherings-Restrict_Mass_Gatherings_and_Schools,52925942068.1861,52711735851.431915,53140148284.94028,0,81653503234293.08,80424958598230.62,82881906136434.8,9810932017.058825,9810932017.058825,9810932017.058825,24750415018.658897,24621789153.0589,24879040884.258896,5563423,5465025.0,5661821.0,532279,524271.0,540287.0,10074897.529411765,10074897.529411765,10074897.529411765,367346.4705882353,367346.4705882353,367346.4705882353,2081630,2081630.0,2081630.0
ES,2020-03-15,3,Restrict_Mass_Gatherings_and_Schools_and_Others-Restrict_Mass_Gatherings-Authorize_Schools_but_Restrict_Mass_Gatherings_and_Others,45497209360.02984,45230349575.47313,45764069144.58655,0,99650111926260.81,98150967088151.52,101149398498290.88,11609669694.960785,11609669694.960785,11609669694.960785,26538054156.258896,26377811044.258896,26698297268.258896,6930956,6808371.0,7053541.0,649595,639822.0,659368.0,11826886.647058824,11826886.647058824,11826886.647058824,436671.3529411765,436671.3529411765,436671.3529411765,2474471,2474471.0,2474471.0
ES,2020-03-15,3,Restrict_Mass_Gatherings_and_Schools_and_Others-Restrict_Mass_Gatherings-Restrict_Mass_Gatherings_and_Schools_and_Others,54239971107.75569,54036320857.027664,54443621358.48372,0,78128274399230.12,76952832733204.86,79303574331334.61,9462488171.039215,9462488171.039215,9462488171.039215,24392055289.0589,24269768036.258896,24514342541.8589,5289280,5195731.0,5382829.0,509299,501637.0,516961.0,9736015.352941176,9736015.352941176,9736015.352941176,353906.64705882355,353906.64705882355,353906.64705882355,2005471,2005471.0,2005471.0
ES,2020-03-15,3,Restrict_Mass_Gatherings_and_Schools_and_Others-Restrict_Mass_Gatherings-Lockdown,58800375383.52938,58625177695.38369,58975573071.675064,0,68724141645824.74,67690206359433.66,69758076932215.83,8543326661.176472,8543326661.176472,8543326661.176472,23426056711.458897,23320854562.658897,23531258860.258896,4550297,4469818.0,4630776.0,447996,441256.0,454736.0,8844208.588235294,8844208.588235294,8844208.588235294,318409.4117647059,318409.4117647059,318409.4117647059,1804320,1804320.0,1804320.0
ES,2020-03-15,3,Restrict_Mass_Gatherings_and_Schools_and_Others-Restrict_Mass_Gatherings_and_Schools-No_Measure,45739135085.110954,45576724723.10211,45901545447.11979,0,51051100721458.66,50283044437803.23,51819298739034.86,5041612262.176471,5041612262.176471,5041612262.176471,22991915983.458897,22894392327.458897,23089439639.458897,4218182,4143577.0,4292787.0,332790,327783.0,337797.0,5006212.588235294,5006212.588235294,5006212.588235294,192322.4117647059,192322.4117647059,192322.4117647059,1089827,1089827.0,1089827.0
ES,2020-03-15,3,Restrict_Mass_Gatherings_and_Schools_and_Others-Restrict_Mass_Gatherings_and_Schools-Restrict_Mass_Gatherings,48512766748.98292,48376614597.36951,48648918900.59633,0,43519107260910.7,42864337509387.805,44173735278512.836,4404251090.705883,4404251090.705883,4404251090.705883,22100405583.458897,22018649373.8589,22182161793.0589,3536182,3473639.0,3598725.0,283690,279422.0,287958.0,4403829.352941177,4403829.352941177,4403829.352941177,167375.64705882355,167375.64705882355,167375.64705882355,948462,948462.0,948462.0
ES,2020-03-15,3,Restrict_Mass_Gatherings_and_Schools_and_Others-Restrict_Mass_Gatherings_and_Schools-Restrict_Mass_Gatherings_and_Schools,57107398789.8477,57050304271.190704,57164493308.50471,0,20996450691482.664,20680597455833.0,21312303927132.33,2436824716.470588,2436824716.470588,2436824716.470588,19416355353.058895,19382071418.658897,19450639287.458897,1482900,1456673.0,1509127.0,136871,134812.0,138930.0,2531728.2352941176,2531728.2352941176,2531728.2352941176,90631.76470588236,90631.76470588236,90631.76470588236,513580,513580.0,513580.0
ES,2020-03-15,3,Restrict_Mass_Gatherings_and_Schools_and_Others-Restrict_Mass_Gatherings_and_Schools-Authorize_Schools_but_Restrict_Mass_Gatherings_and_Others,49968799496.436966,49853920370.19116,50083678622.68277,0,37324772706590.3,36763169983426.164,37886375429754.43,3859978179.0980396,3859978179.0980396,3859978179.0980396,21378212877.858894,21309230626.658897,21447195129.0589,2983709,2930938.0,3036480.0,243311,239650.0,246972.0,3885394.882352941,3885394.882352941,3885394.882352941,146156.11764705883,146156.11764705883,146156.11764705883,828218,828218.0,828218.0
ES,2020-03-15,3,Restrict_Mass_Gatherings_and_Schools_and_Others-Restrict_Mass_Gatherings_and_Schools-Restrict_Mass_Gatherings_and_Schools_and_Others,58691855613.21443,58640534330.66825,58743176895.76062,0,19334696939424.957,19043862343207.473,19625531535642.438,2289918001.1568627,2289918001.1568627,2289918001.1568627,19220381236.258896,19189563996.258896,19251198476.258896,1332981,1309406.0,1356556.0,126038,124142.0,127934.0,2391638.411764706,2391638.411764706,2391638.411764706,84907.58823529413,84907.58823529413,84907.58823529413,481143,481143.0,481143.0
ES,2020-03-15,3,Restrict_Mass_Gatherings_and_Schools_and_Others-Restrict_Mass_Gatherings_and_Schools-Lockdown,64102817355.264626,64064903825.8129,64140730884.71635,0,15259400712718.414,15029664588538.787,15488995102977.275,1912141822.0784316,1912141822.0784316,1912141822.0784316,18765122692.258896,18742356497.0589,18787888887.458897,984711,967295.0,1002127.0,99472,97975.0,100969.0,2028230.705882353,2028230.705882353,2028230.705882353,70253.29411764706,70253.29411764706,70253.29411764706,398102,398102.0,398102.0
ES,2020-03-15,3,Restrict_Mass_Gatherings_and_Schools_and_Others-Authorize_Schools_but_Restrict_Mass_Gatherings_and_Others-No_Measure,41915252801.73274,41636430750.04597,42194074853.41952,0,101560051111155.72,100032191083857.83,103087911138453.58,11380986809.941177,11380986809.941177,11380986809.941177,26944184202.658897,26776758026.658897,27111610378.658897,7241643,7113563.0,7369723.0,662045,652085.0,672005.0,11490158.470588235,11490158.470588235,11490158.470588235,430224.52941176476,430224.52941176476,430224.52941176476,2437939,2437939.0,2437939.0
ES,2020-03-15,3,Restrict_Mass_Gatherings_and_Schools_and_Others-Authorize_Schools_but_Restrict_Mass_Gatherings_and_Others-Restrict_Mass_Gatherings,45047092867.68859,44788194140.61954,45305991594.757645,0,94132700493589.12,92716424344014.08,95548976643164.16,10591464940.588236,10591464940.588236,10591464940.588236,26267769641.0589,26112306959.458897,26423232322.658897,6724190,6605262.0,6843118.0,613628,604396.0,622860.0,10713497.294117646,10713497.294117646,10713497.294117646,399954.70588235295,399954.70588235295,399954.70588235295,2266410,2266410.0,2266410.0
ES,2020-03-15,3,Restrict_Mass_Gatherings_and_Schools_and_Others-Authorize_Schools_but_Restrict_Mass_Gatherings_and_Others-Restrict_Mass_Gatherings_and_Schools,53603865802.51898,53424693027.9712,53783038577.066765,0,67188545255305.234,66177764351689.83,68199326158920.625,7930299825.450981,7930299825.450981,7930299825.450981,23560985895.458897,23453396799.458897,23668574991.458897,4653517,4571212.0,4735822.0,437986,431397.0,444575.0,8126513.05882353,8126513.05882353,8126513.05882353,297286.9411764706,297286.9411764706,297286.9411764706,1684626,1684626.0,1684626.0
ES,2020-03-15,3,Restrict_Mass_Gatherings_and_Schools_and_Others-Authorize_Schools_but_Restrict_Mass_Gatherings_and_Others-Authorize_Schools_but_Restrict_Mass_Gatherings_and_Others,46874439176.1206,46630245656.41525,47118632695.82594,0,88855607000833.27,87518829191676.08,90192384809990.45,10047888600.666668,10047888600.666668,10047888600.666668,25768542117.858894,25621909572.258896,25915174663.458897,6342284,6230111.0,6454457.0,579228,570514.0,587942.0,10181294.0,10181294.0,10181294.0,379062.0,379062.0,379062.0,2148018,2148018.0,2148018.0
ES,2020-03-15,3,Restrict_Mass_Gatherings_and_Schools_and_Others-Authorize_Schools_but_Restrict_Mass_Gatherings_and_Others-Restrict_Mass_Gatherings_and_Schools_and_Others,54819741120.45793,54652859330.48091,54986622910.43495,0,63173853521160.55,62223389720056.71,64124317322264.39,7540077156.078432,7540077156.078432,7540077156.078432,23143687132.258896,23043478487.458897,23243895777.0589,4334286,4257627.0,4410945.0,411815,405619.0,418011.0,7747979.705882353,7747979.705882353,7747979.705882353,282215.29411764705,282215.29411764705,282215.29411764705,1599220,1599220.0,1599220.0
ES,2020-03-15,3,Restrict_Mass_Gatherings_and_Schools_and_Others-Authorize_Schools_but_Restrict_Mass_Gatherings_and_Others-Lockdown,59321790431.22916,59184395248.76383,59459185613.69448,0,53675992792156.6,52868571889494.11,54483555428739.86,6630263789.392157,6630263789.392157,6630263789.392157,22142647751.458897,22060145130.658897,22225150372.258896,3568497,3505383.0,3631611.0,349901,344637.0,355165.0,6868402.529411765,6868402.529411765,6868402.529411765,247013.4705882353,247013.4705882353,247013.4705882353,1399743,1399743.0,1399743.0
ES,2020-03-15,3,Restrict_Mass_Gatherings_and_Schools_and_Others-Restrict_Mass_Gatherings_and_Schools_and_Others-No_Measure,46299177747.05861,46160657088.322815,46437698405.79441,0,42508688115738.164,41869241357053.43,43148276608343.68,4145632989.039216,4145632989.039216,4145632989.039216,22180804919.458897,22097626476.258896,22263983362.658897,3597687,3534056.0,3661318.0,277104,272935.0,281273.0,4117624.3529411764,4117624.3529411764,4117624.3529411764,158120.64705882355,158120.64705882355,158120.64705882355,896017,896017.0,896017.0
ES,2020-03-15,3,Restrict_Mass_Gatherings_and_Schools_and_Others-Restrict_Mass_Gatherings_and_Schools_and_Others-Restrict_Mass_Gatherings,48757673878.26171,48650986564.79306,48864361191.73037,0,33500290987075.258,32996234257379.797,34004347716770.715,3376116775.27451,3376116775.27451,3376116775.27451,21100062940.258896,21035999682.658897,21164126197.8589,2770926,2721918.0,2819934.0,218380,215094.0,221666.0,3388446.470588235,3388446.470588235,3388446.470588235,128040.52941176471,128040.52941176471,128040.52941176471,725563,725563.0,725563.0
ES,2020-03-15,3,Restrict_Mass_Gatherings_and_Schools_and_Others-Restrict_Mass_Gatherings_and_Schools_and_Others-Restrict_Mass_Gatherings_and_Schools,58203805998.99123,58161116270.43424,58246495727.5482,0,15941986460384.34,15702102562770.318,16181870357998.363,1872986996.1176472,1872986996.1176472,1872986996.1176472,18927318761.0589,18901684569.058895,18952952953.0589,1108790,1089180.0,1128400.0,103922,102358.0,105486.0,1963378.0588235294,1963378.0588235294,1963378.0588235294,69298.94117647059,69298.94117647059,69298.94117647059,392694,392694.0,392694.0
ES,2020-03-15,3,Restrict_Mass_Gatherings_and_Schools_and_Others-Restrict_Mass_Gatherings_and_Schools_and_Others-Authorize_Schools_but_Restrict_Mass_Gatherings_and_Others,50411021990.66608,50322115896.108864,50499928085.22329,0,28616684781906.797,28186009309954.535,29047218519938.29,2961209406.1764708,2961209406.1764708,2961209406.1764708,20496353535.458897,20442967487.458897,20549739583.458897,2309092,2268252.0,2349932.0,186545,183738.0,189352.0,2995651.588235294,2995651.588235294,2995651.588235294,111814.41176470589,111814.41176470589,111814.41176470589,633615,633615.0,633615.0
ES,2020-03-15,3,Restrict_Mass_Gatherings_and_Schools_and_Others-Restrict_Mass_Gatherings_and_Schools_and_Others-Restrict_Mass_Gatherings_and_Schools_and_Others,59881605513.896255,59843036726.499825,59920174301.29268,0,14773058929092.234,14550826333616.363,14995291524568.105,1770529393.372549,1770529393.372549,1770529393.372549,18787394765.8589,18764235103.458897,18810554428.258896,1001749,984032.0,1019466.0,96302,94853.0,97751.0,1865822.3529411764,1865822.3529411764,1865822.3529411764,65303.64705882353,65303.64705882353,65303.64705882353,370054,370054.0,370054.0
ES,2020-03-15,3,Restrict_Mass_Gatherings_and_Schools_and_Others-Restrict_Mass_Gatherings_and_Schools_and_Others-Lockdown,65558284148.73913,65528425285.05287,65588143012.425385,0,12181564444035.521,11998317261348.002,12364953360643.809,1535168239.9411764,1535168239.9411764,1535168239.9411764,18491693053.8589,18473763498.658897,18509622609.058895,775539,761823.0,789255.0,79409,78214.0,80604.0,1640339.4705882352,1640339.4705882352,1640339.4705882352,56154.529411764706,56154.529411764706,56154.529411764706,318209,318209.0,318209.0
ES,2020-03-15,3,Restrict_Mass_Gatherings_and_Schools_and_Others-Lockdown-No_Measure,47957459824.294106,47898721718.43361,48016197930.1546,0,17642210906797.223,17376823479350.1,17907598334244.34,1765067077.1568627,1765067077.1568627,1765067077.1568627,19472149263.458897,19436878393.0589,19507420133.8589,1525582,1498600.0,1552564.0,115005,113275.0,116735.0,1796810.4117647058,1796810.4117647058,1796810.4117647058,66415.58823529413,66415.58823529413,66415.58823529413,376355,376355.0,376355.0
ES,2020-03-15,3,Restrict_Mass_Gatherings_and_Schools_and_Others-Lockdown-Restrict_Mass_Gatherings,51255868201.343124,51214108024.75421,51297628377.93203,0,13485704882267.086,13282793464092.178,13688616300441.996,1430245157.372549,1430245157.372549,1430245157.372549,18895755109.8589,18870679092.258896,18920831127.458897,1084644,1065461.0,1103827.0,87910,86587.0,89233.0,1483001.3529411764,1483001.3529411764,1483001.3529411764,53255.64705882353,53255.64705882353,53255.64705882353,301782,301782.0,301782.0
ES,2020-03-15,3,Restrict_Mass_Gatherings_and_Schools_and_Others-Lockdown-Restrict_Mass_Gatherings_and_Schools,63036616894.01633,63017562167.13926,63055671620.89339,0,7726664890669.938,7610339259906.798,7842848787512.312,954768439.0392158,954768439.0392158,954768439.0392158,18124894041.0589,18113452119.458897,18136335962.658897,494940,486187.0,503693.0,50368,49610.0,51126.0,1035280.3529411765,1035280.3529411765,1035280.3529411765,34610.64705882353,34610.64705882353,34610.64705882353,196127,196127.0,196127.0
ES,2020-03-15,3,Restrict_Mass_Gatherings_and_Schools_and_Others-Lockdown-Authorize_Schools_but_Restrict_Mass_Gatherings_and_Others,53517341402.10358,53482606200.224174,53552076603.98299,0,11771151774913.76,11593887286368.457,11948274529538.295,1292125970.6078432,1292125970.6078432,1292125970.6078432,18657210717.8589,18636353034.658897,18678068401.0589,902159,886203.0,918115.0,76733,75578.0,77888.0,1353571.4705882352,1353571.4705882352,1353571.4705882352,47826.529411764706,47826.529411764706,47826.529411764706,271017,271017.0,271017.0
ES,2020-03-15,3,Restrict_Mass_Gatherings_and_Schools_and_Others-Lockdown-Restrict_Mass_Gatherings_and_Schools_and_Others,64871242928.3117,64853535725.247826,64888950131.375565,0,7344955670387.133,7234309206239.997,7455602134534.269,920997588.5490196,920997588.5490196,920997588.5490196,18079140733.8589,18068507969.0589,18089773498.658897,459939,451805.0,468073.0,47880,47159.0,48601.0,1003062.9411764706,1003062.9411764706,1003062.9411764706,33295.05882352941,33295.05882352941,33295.05882352941,188672,188672.0,188672.0
ES,2020-03-15,3,Restrict_Mass_Gatherings_and_Schools_and_Others-Lockdown-Lockdown,70904059698.44305,70888762364.29875,70919357032.58736,0,6631892212498.697,6532131516479.72,6731794642438.443,856304769.9019608,856304769.9019608,856304769.9019608,17997291713.0589,17988106018.658897,18006477407.458897,397325,390298.0,404352.0,43232,42581.0,43883.0,941056.1176470588,941056.1176470588,941056.1176470588,30780.88235294118,30780.88235294118,30780.88235294118,174425,174425.0,174425.0
ES,2020-03-15,3,Lockdown-No_Measure-No_Measure,40907799203.65245,40633568311.452,41182030095.852905,0,97562759299582.94,96095044477074.14,99030615856012.5,10536109664.529411,10536109664.529411,10536109664.529411,26788334589.8589,26623665298.658897,26953003881.0589,7122419,6996448.0,7248390.0,635988,626420.0,645556.0,10513171.764705881,10513171.764705881,10513171.764705881,400861.23529411765,400861.23529411765,400861.23529411765,2271547,2271547.0,2271547.0
ES,2020-03-15,3,Lockdown-No_Measure-Restrict_Mass_Gatherings,44026706088.713,43772627099.48306,44280785077.94293,0,90097321876875.19,88741805095165.45,91452696924664.16,9760031871.137257,9760031871.137257,9760031871.137257,26104153953.058895,25951585412.258896,26256722493.858894,6599025,6482311.0,6715739.0,587322,578486.0,596158.0,9753159.235294119,9753159.235294119,9753159.235294119,371035.76470588235,371035.76470588235,371035.76470588235,2102536,2102536.0,2102536.0
ES,2020-03-15,3,Lockdown-No_Measure-Restrict_Mass_Gatherings_and_Schools,51971709743.1626,51808176081.81999,52135243404.50522,0,59569915301399.5,58673764385936.875,60466207950782.88,6760725042.117647,6760725042.117647,6760725042.117647,23030016941.8589,22931818770.658897,23128215113.0589,4247329,4172208.0,4322450.0,388322,382480.0,394164.0,6840616.05882353,6840616.05882353,6840616.05882353,255256.9411764706,255256.9411764706,255256.9411764706,1446456,1446456.0,1446456.0
ES,2020-03-15,3,Lockdown-No_Measure-Authorize_Schools_but_Restrict_Mass_Gatherings_and_Others,45823290104.730995,45584458380.101425,46062121829.360565,0,84669205438909.67,83395335948773.7,85943074929045.64,9209373519.705883,9209373519.705883,9209373519.705883,25586454386.658897,25443041474.658897,25729867298.658897,6202988,6093278.0,6312698.0,551938,543634.0,560242.0,9215862.352941176,9215862.352941176,9215862.352941176,349832.64705882355,349832.64705882355,349832.64705882355,1982385,1982385.0,1982385.0
ES,2020-03-15,3,Lockdown-No_Measure-Restrict_Mass_Gatherings_and_Schools_and_Others,53102499490.44119,52952763253.86115,53252235727.021225,0,55125926233847.07,54296550656373.35,55955160077400.03,6333921631.960785,6333921631.960785,6333921631.960785,22561626266.658897,22471713129.0589,22651539404.258896,3889013,3820230.0,3957796.0,359352,353946.0,364758.0,6427564.647058823,6427564.647058823,6427564.647058823,238752.35294117648,238752.35294117648,238752.35294117648,1352930,1352930.0,1352930.0
ES,2020-03-15,3,Lockdown-No_Measure-Lockdown,57201428018.20764,57088305679.87338,57314550356.54189,0,43277180542465.195,42626147790571.73,43928213294358.67,5188113209.823529,5188113209.823529,5188113209.823529,21318522204.258896,21250594863.458897,21386449545.058895,2938046,2886082.0,2990010.0,282113,277869.0,286357.0,5317234.411764706,5317234.411764706,5317234.411764706,194473.58823529413,194473.58823529413,194473.58823529413,1102017,1102017.0,1102017.0
ES,2020-03-15,3,Lockdown-Restrict_Mass_Gatherings-No_Measure,43067410634.60269,42830298689.96088,43304522579.2445,0,79782586645175.2,78582354972248.33,80982818318102.1,8122947744.411765,8122947744.411765,8122947744.411765,25528119279.458897,25385739055.458897,25670499503.458897,6158362,6049442.0,6267282.0,520083,512259.0,527907.0,8021403.705882353,8021403.705882353,8021403.705882353,310790.2941176471,310790.2941176471,310790.2941176471,1761145,1761145.0,1761145.0
ES,2020-03-15,3,Lockdown-Restrict_Mass_Gatherings-Restrict_Mass_Gatherings,45788702209.55597,45578773673.40427,45998630745.70767,0,70412693377499.75,69353209687851.27,71472035333227.45,7217922753.117647,7217922753.117647,7217922753.117647,24605179869.8589,24479122652.258896,24731237087.458897,5452319,5355886.0,5548752.0,459003,452097.0,465909.0,7146157.05882353,7146157.05882353,7146157.05882353,275779.9411764706,275779.9411764706,275779.9411764706,1562753,1562753.0,1562753.0
ES,2020-03-15,3,Lockdown-Restrict_Mass_Gatherings-Restrict_Mass_Gatherings_and_Schools,53071436006.212,52963769071.23133,53179102941.19267,0,38174334113835.55,37600016222014.086,38748652005657.016,4220971649.2156863,4220971649.2156863,4220971649.2156863,21133365167.458897,21068713669.8589,21198016665.0589,2796402,2746944.0,2845860.0,248849,245105.0,252593.0,4263593.94117647,4263593.94117647,4263593.94117647,159517.05882352943,159517.05882352943,159517.05882352943,903930,903930.0,903930.0
ES,2020-03-15,3,Lockdown-Restrict_Mass_Gatherings-Authorize_Schools_but_Restrict_Mass_Gatherings_and_Others,47366728312.36975,47175915457.322525,47557541167.41698,0,64126479666590.69,63161691858710.82,65091267474470.55,6625947999.294118,6625947999.294118,6625947999.294118,23956241345.0589,23841662650.658897,24070820039.458897,4955885,4868233.0,5043537.0,418025,411736.0,424314.0,6575846.647058823,6575846.647058823,6575846.647058823,252834.35294117648,252834.35294117648,252834.35294117648,1432728,1432728.0,1432728.0
ES,2020-03-15,3,Lockdown-Restrict_Mass_Gatherings-Restrict_Mass_Gatherings_and_Schools_and_Others,54277171153.033226,54181973711.432175,54372368594.63428,0,34343548836675.85,33826798882476.332,34860157056954.605,3865993868.4705887,3865993868.4705887,3865993868.4705887,20709977466.658897,20652813610.658897,20767141322.658897,2472513,2428783.0,2516243.0,223877,220509.0,227245.0,3922087.2352941176,3922087.2352941176,3922087.2352941176,145747.76470588235,145747.76470588235,145747.76470588235,825904,825904.0,825904.0
ES,2020-03-15,3,Lockdown-Restrict_Mass_Gatherings-Lockdown,58724918954.92505,58660165972.980774,58789671936.86932,0,24754270920771.32,24381793393785.938,25126748447756.707,2952881199.1372547,2952881199.1372547,2952881199.1372547,19676331289.058895,19637448625.0589,19715213953.058895,1681780,1652035.0,1711525.0,161367,158939.0,163795.0,3039249.2352941176,3039249.2352941176,3039249.2352941176,110419.76470588236,110419.76470588236,110419.76470588236,625712,625712.0,625712.0
ES,2020-03-15,3,Lockdown-Restrict_Mass_Gatherings_and_Schools-No_Measure,47308282489.43643,47227230782.4689,47389334196.40397,0,22869961438145.195,22525966147168.31,23214098463042.844,2084385009.0980392,2084385009.0980392,2084385009.0980392,20229737023.458897,20181067353.058895,20278406693.8589,2105132,2067900.0,2142364.0,149084,146841.0,151327.0,2043112.8823529412,2043112.8823529412,2043112.8823529412,80066.11764705883,80066.11764705883,80066.11764705883,453708,453708.0,453708.0
ES,2020-03-15,3,Lockdown-Restrict_Mass_Gatherings_and_Schools-Restrict_Mass_Gatherings,50084182521.342896,50029349839.9103,50139015202.77548,0,16126018944322.518,15883344617308.727,16368835005257.074,1530960747.4705882,1530960747.4705882,1530960747.4705882,19339588725.8589,19306662972.258896,19372514479.458897,1424174,1398986.0,1449362.0,105122,103540.0,106704.0,1522465.2352941176,1522465.2352941176,1522465.2352941176,58354.76470588236,58354.76470588236,58354.76470588236,330677,330677.0,330677.0
ES,2020-03-15,3,Lockdown-Restrict_Mass_Gatherings_and_Schools-Restrict_Mass_Gatherings_and_Schools,61029930137.35042,61012571244.157486,61047289030.54334,0,6437066430328.475,6340215449407.143,6534059145170.573,723995047.7254902,723995047.7254902,723995047.7254902,18067328874.658897,18056905261.8589,18077752487.458897,450903,442929.0,458877.0,41962,41330.0,42594.0,761282.5294117647,761282.5294117647,761282.5294117647,26738.470588235297,26738.470588235297,26738.470588235297,151518,151518.0,151518.0
ES,2020-03-15,3,Lockdown-Restrict_Mass_Gatherings_and_Schools-Authorize_Schools_but_Restrict_Mass_Gatherings_and_Others,52014047309.47575,51972104270.204605,52055990348.7469,0,12825787631456.219,12632847002439.562,13018728260472.873,1258138903.8627453,1258138903.8627453,1258138903.8627453,18901921172.258896,18876735349.8589,18927106994.658897,1089361,1070094.0,1108628.0,83608,82350.0,84866.0,1265438.7647058824,1265438.7647058824,1265438.7647058824,47659.23529411765,47659.23529411765,47659.23529411765,270069,270069.0,270069.0
ES,2020-03-15,3,Lockdown-Restrict_Mass_Gatherings_and_Schools-Restrict_Mass_Gatherings_and_Schools_and_Others,62822589186.071014,62807320152.103714,62837858220.03831,0,5849684031893.664,5761735474386.731,5937774323321.363,672487984.8431373,672487984.8431373,672487984.8431373,17996375365.8589,17987206665.0589,18005544066.658897,396624,389610.0,403638.0,38133,37559.0,38707.0,712218.5882352941,712218.5882352941,712218.5882352941,24730.411764705885,24730.411764705885,24730.411764705885,140139,140139.0,140139.0
ES,2020-03-15,3,Lockdown-Restrict_Mass_Gatherings_and_Schools-Lockdown,68766253867.79881,68754970804.91708,68777536930.68054,0,4673257893236.721,4602818579762.564,4743697206710.876,565846264.137255,565846264.137255,565846264.137255,17860992583.458897,17854217365.8589,17867767801.0589,293057,287874.0,298240.0,30464,30005.0,30923.0,610062.2352941176,610062.2352941176,610062.2352941176,20584.764705882353,20584.764705882353,20584.764705882353,116647,116647.0,116647.0
ES,2020-03-15,3,Lockdown-Authorize_Schools_but_Restrict_Mass_Gatherings_and_Others-No_Measure,44125414453.97774,43916613571.033195,44334215336.92228,0,67535292367823.266,66519224580999.35,68551218420726.414,6639312135.568628,6639312135.568628,6639312135.568628,24566919433.0589,24441539345.0589,24692299521.0589,5423050,5327135.0,5518965.0,440246,433623.0,446869.0,6519585.117647059,6519585.117647059,6519585.117647059,254787.8823529412,254787.8823529412,254787.8823529412,1443798,1443798.0,1443798.0
ES,2020-03-15,3,Lockdown-Authorize_Schools_but_Restrict_Mass_Gatherings_and_Others-Restrict_Mass_Gatherings,46512239298.425026,46336538737.90317,46687939858.946884,0,56658870242196.414,55806410104401.42,57511330379991.41,5624957557.823529,5624957557.823529,5624957557.823529,23443140508.258896,23337636396.258896,23548644620.258896,4563366,4482656.0,4644076.0,369345,363788.0,374902.0,5543932.411764706,5543932.411764706,5543932.411764706,215437.58823529413,215437.58823529413,215437.58823529413,1220813,1220813.0,1220813.0
ES,2020-03-15,3,Lockdown-Authorize_Schools_but_Restrict_Mass_Gatherings_and_Others-Restrict_Mass_Gatherings_and_Schools,54053181733.218315,53975173383.74811,54131190082.68852,0,27365309748476.34,26953670817895.42,27777090412978.023,2996367546.039216,2996367546.039216,2996367546.039216,20126374105.0589,20079531900.258896,20173216309.8589,2026060,1990226.0,2061894.0,178388,175704.0,181072.0,3031234.3529411764,3031234.3529411764,3031234.3529411764,113141.64705882354,113141.64705882354,113141.64705882354,641136,641136.0,641136.0
ES,2020-03-15,3,Lockdown-Authorize_Schools_but_Restrict_Mass_Gatherings_and_Others-Authorize_Schools_but_Restrict_Mass_Gatherings_and_Others,48002312804.95329,47847282258.33498,48157343351.5716,0,50259682025956.695,49503608941930.35,51015896843903.805,5047552030.470589,5047552030.470589,5047552030.470589,22741388489.0589,22648296241.0589,22834480737.0589,4026530,3955315.0,4097745.0,327631,322702.0,332560.0,4991653.235294118,4991653.235294118,4991653.235294118,192973.76470588238,192973.76470588238,192973.76470588238,1093518,1093518.0,1093518.0
ES,2020-03-15,3,Lockdown-Authorize_Schools_but_Restrict_Mass_Gatherings_and_Others-Restrict_Mass_Gatherings_and_Schools_and_Others,55362175518.21613,55294812389.176506,55429538647.25577,0,24165744478351.074,23802299819756.2,24529330870866.72,2702868240.7254906,2702868240.7254906,2702868240.7254906,19764990821.8589,19724540825.0589,19805440818.658897,1749604,1718660.0,1780548.0,157531,155161.0,159901.0,2749334.529411765,2749334.529411765,2749334.529411765,101747.4705882353,101747.4705882353,101747.4705882353,576569,576569.0,576569.0
ES,2020-03-15,3,Lockdown-Authorize_Schools_but_Restrict_Mass_Gatherings_and_Others-Lockdown,60209471749.998924,60165486744.1094,60253456755.88846,0,16916746432367.193,16662286089846.223,17171206774888.166,2018866357.4509804,2018866357.4509804,2018866357.4509804,18971264210.658897,18944852234.658897,18997676186.658897,1142408,1122203.0,1162613.0,110276,108617.0,111935.0,2089010.0588235294,2089010.0588235294,2089010.0588235294,75262.94117647059,75262.94117647059,75262.94117647059,426490,426490.0,426490.0
ES,2020-03-15,3,Lockdown-Restrict_Mass_Gatherings_and_Schools_and_Others-No_Measure,47860984520.85405,47803953133.36115,47918015908.34694,0,15955909496540.541,15715837748184.049,16195981244897.037,1461387723.5882354,1461387723.5882354,1461387723.5882354,19414218081.0589,19379972055.458897,19448464106.658897,1481265,1455067.0,1507463.0,104013,102448.0,105578.0,1444088.294117647,1444088.294117647,1444088.294117647,55893.705882352944,55893.705882352944,55893.705882352944,316731,316731.0,316731.0
ES,2020-03-15,3,Lockdown-Restrict_Mass_Gatherings_and_Schools_and_Others-Restrict_Mass_Gatherings,51034438908.64034,50996595041.16281,51072282776.11788,0,11237151266387.299,11068009697352.809,11406151101501.018,1080764198.882353,1080764198.882353,1080764198.882353,18762791954.658897,18740067589.8589,18785516319.458897,982928,965544.0,1000312.0,73252,72150.0,74354.0,1087231.9411764706,1087231.9411764706,1087231.9411764706,40936.05882352941,40936.05882352941,40936.05882352941,231971,231971.0,231971.0
ES,2020-03-15,3,Lockdown-Restrict_Mass_Gatherings_and_Schools_and_Others-Restrict_Mass_Gatherings_and_Schools,62689698085.62426,62676777966.34911,62702618204.89941,0,4939340190041.116,4864908453170.948,5013630192990.516,562007901.6078432,562007901.6078432,562007901.6078432,17916577341.8589,17908819109.8589,17924335573.8589,335579,329644.0,341514.0,32198,31713.0,32683.0,598969.4705882353,598969.4705882353,598969.4705882353,20589.529411764706,20589.529411764706,20589.529411764706,116674,116674.0,116674.0
ES,2020-03-15,3,Lockdown-Restrict_Mass_Gatherings_and_Schools_and_Others-Authorize_Schools_but_Restrict_Mass_Gatherings_and_Others,53206733897.75692,53177493284.091576,53235974511.42226,0,9109410034020.273,8972197059943.705,9246481274176.074,907643455.4705882,907643455.4705882,907643455.4705882,18470698114.658897,18453139804.258896,18488256425.058895,759478,746046.0,772910.0,59382,58488.0,60276.0,924634.2352941176,924634.2352941176,924634.2352941176,34138.76470588236,34138.76470588236,34138.76470588236,193453,193453.0,193453.0
ES,2020-03-15,3,Lockdown-Restrict_Mass_Gatherings_and_Schools_and_Others-Restrict_Mass_Gatherings_and_Schools_and_Others,64513792100.19711,64502406721.29079,64525177479.10343,0,4503761039670.324,4435929340172.457,4571592739168.192,523274151.84313726,523274151.84313726,523274151.84313726,17864499801.0589,17857663145.0589,17871336457.0589,295740,290510.0,300970.0,29359,28917.0,29801.0,561978.5882352941,561978.5882352941,561978.5882352941,19081.411764705885,19081.411764705885,19081.411764705885,108128,108128.0,108128.0
ES,2020-03-15,3,Lockdown-Restrict_Mass_Gatherings_and_Schools_and_Others-Lockdown,70539588249.49236,70530736824.89711,70548439674.0876,0,3759374732611.1416,3702747575901.7896,3815860155399.7256,456103394.07843137,456103394.07843137,456103394.07843137,17778435060.258896,17773119985.0589,17783750135.458897,229901,225835.0,233967.0,24506,24137.0,24875.0,497675.70588235295,497675.70588235295,497675.70588235295,16469.29411764706,16469.29411764706,16469.29411764706,93326,93326.0,93326.0
ES,2020-03-15,3,Lockdown-Lockdown-No_Measure,51825648301.12023,51807605849.80559,51843690752.434875,0,5493574067745.219,5410846237818.454,5576160163751.216,542524276.4313726,542524276.4313726,542524276.4313726,18090491151.458897,18079657077.8589,18101325225.058895,468622,460334.0,476910.0,35811,35272.0,36350.0,564122.8823529412,564122.8823529412,564122.8823529412,20168.117647058825,20168.117647058825,20168.117647058825,114286,114286.0,114286.0
ES,2020-03-15,3,Lockdown-Lockdown-Restrict_Mass_Gatherings,55767733319.66476,55755283418.71538,55780183220.614136,0,4208461982232.442,4145076427750.078,4271847536714.805,441042147.2156863,441042147.2156863,441042147.2156863,17900609893.8589,17893134017.0589,17908085770.658897,323364,317645.0,329083.0,27434,27021.0,27847.0,469412.9411764706,469412.9411764706,469412.9411764706,16171.058823529413,16171.058823529413,16171.058823529413,91636,91636.0,91636.0
ES,2020-03-15,3,Lockdown-Lockdown-Restrict_Mass_Gatherings_and_Schools,68486167015.89319,68479838660.92556,68492495370.86082,0,2714484358653.9214,2673663823993.522,2755304893314.3203,319971654.3529412,319971654.3529412,319971654.3529412,17692806924.258896,17689006893.8589,17696606954.658897,164396,161489.0,167303.0,17695,17429.0,17961.0,355827.17647058825,355827.17647058825,355827.17647058825,11414.823529411766,11414.823529411766,11414.823529411766,64684,64684.0,64684.0
ES,2020-03-15,3,Lockdown-Lockdown-Authorize_Schools_but_Restrict_Mass_Gatherings_and_Others,58314496251.02799,58304027362.469574,58324965139.5864,0,3748572779388.8384,3692095141206.453,3805050417571.224,404714108.17647064,404714108.17647064,404714108.17647064,17833375369.0589,17827089044.258896,17839661693.8589,271930,267121.0,276739.0,24436,24068.0,24804.0,435499.5882352941,435499.5882352941,435499.5882352941,14740.411764705883,14740.411764705883,14740.411764705883,83529,83529.0,83529.0
ES,2020-03-15,3,Lockdown-Lockdown-Restrict_Mass_Gatherings_and_Schools_and_Others,70375351437.59778,70369406223.48819,70381296651.70737,0,2606589719794.2803,2567304140534.6514,2645875299053.909,310412342.39215684,310412342.39215684,310412342.39215684,17679814663.458897,17676244700.258896,17683384626.658897,154457,151726.0,157188.0,16992,16736.0,17248.0,346705.5294117647,346705.5294117647,346705.5294117647,11042.470588235296,11042.470588235296,11042.470588235296,62574,62574.0,62574.0
ES,2020-03-15,3,Lockdown-Lockdown-Lockdown,76506387237.4606,76501114696.78926,76511659778.13194,0,2406755192847.551,2370539299551.7495,2442971086143.3516,292121784.0,292121784.0,292121784.0,17656943892.258896,17653777853.8589,17660109930.658897,136961,134539.0,139383.0,15689,15453.0,15925.0,329157.0,329157.0,329157.0,10332.0,10332.0,10332.0,58548,58548.0,58548.0
