cutoff_label,horizon_months,model,split_id,n_regions_cases,n_regions_deaths,mean_ape_cases_pct,median_ape_cases_pct,mean_ape_deaths_pct,median_ape_deaths_pct
20200415,1,delphi_constant,1,31,31,109.27252617291747,63.35740917322875,186.79517511981223,53.763636228718916
20200415,1,delphi_constant,2,31,30,68.40092359921782,53.372441064065924,57.338719344969334,46.697530461792304
20200415,1,delphi_constant,3,31,31,73.81407834527367,43.214733795872796,134.15564189591285,64.45880122605752
20200415,1,delphi_constant,4,30,30,61.34315262310925,57.92695528043591,107.94252452550106,48.81132189657502
20200415,1,delphi_constant,5,31,31,72.59281248601363,50.60805142491862,95.18165087806788,42.91452428654802
20200415,1,delphi_constant,6,30,30,61.0675636511208,46.076989522392914,166.14986833485906,65.15825725692955
20200415,1,delphi_constant,7,31,31,85.77205295081214,73.29551416865861,73.64447697310239,42.91452428654802
20200415,1,delphi_constant,8,31,31,107.64011204372243,56.39180763862897,100.6931654234109,57.15142491804032
20200415,1,delphi_constant,9,31,31,84.18107255821866,60.81331351604764,72.61718187181076,58.537003938333534
20200415,1,delphi_constant,10,31,30,160.53539810637514,46.5408531881552,149.55186838058324,53.9131682221288
20200415,1,delphi_constant,11,31,30,52.18805563505328,59.00409770945947,101.3002818662485,53.55234733179523
20200415,1,delphi_constant,12,31,30,88.84581999884112,53.372441064065924,189.77616045355154,36.79346697789495
20200415,1,delphi_constant,13,30,30,101.8609229340792,70.19112656520275,84.11724979981157,43.13017604399969
20200415,1,delphi_constant,14,30,30,65.75396011492977,73.60621560031257,128.02509700821312,66.84910231442068
20200415,1,delphi_constant,15,31,29,160.68749600417163,73.95603945911117,164.0494294788266,45.516179520213605
20200415,1,delphi_constant,16,31,31,111.36790340408304,60.16141545504471,107.18995771627124,45.58138316645681
20200415,1,delphi_constant,17,31,31,73.80337321841385,50.6895298521856,99.00194976613614,39.11824493188592
20200415,1,delphi_constant,18,30,30,79.69548404366795,57.66063453145871,68.9683519237387,42.73319829857074
20200415,1,delphi_constant,19,31,30,69.3278356023381,68.28929267854036,83.8504407219424,54.33171440751235
20200415,1,delphi_constant,20,31,30,130.31791065306297,72.1944004955804,205.42966052152843,69.91933924392109
20200415,1,delphi_full,1,31,31,102.5966641326092,53.37104028577303,165.15078827912237,44.69349392031396
20200415,1,delphi_full,2,31,30,61.94319981125555,58.15679192140838,50.61301493703035,41.490580679415444
20200415,1,delphi_full,3,31,31,70.72486698911293,51.644365983064986,110.92090570293378,59.92242612474512
20200415,1,delphi_full,4,30,30,60.61340732148185,61.616387969045455,90.59247374564761,47.16130522667103
20200415,1,delphi_full,5,31,31,68.64270832001912,52.9561857169249,82.05525178132541,27.542853398772994
20200415,1,delphi_full,6,30,30,53.56543108674811,39.71027301856009,105.26864920257619,63.24947269852021
20200415,1,delphi_full,7,31,31,79.84458442180073,73.47764368585132,67.49182823888074,44.27535515170872
20200415,1,delphi_full,8,31,31,98.42385379153076,52.31707629317653,89.27431048146177,43.99629401943457
20200415,1,delphi_full,9,31,31,78.85907817207328,64.02354634264891,64.19834926291203,56.001815060086344
20200415,1,delphi_full,10,31,30,154.71368317744748,52.9561857169249,138.1523848454123,46.62268931955039
20200415,1,delphi_full,11,31,30,53.56051585308834,60.4509405067106,85.46760592421637,45.867143138023806
20200415,1,delphi_full,12,31,30,82.2644235119048,59.25179474910317,118.54253151500265,35.331347000447984
20200415,1,delphi_full,13,30,30,94.93608584301045,65.99030955220296,76.14540730570724,46.641451523508856
20200415,1,delphi_full,14,30,30,62.14849343904563,65.8200026401294,110.37704060715308,57.07309969585707
20200415,1,delphi_full,15,31,29,148.3310808565889,75.11862267244402,143.6280860505582,49.21320004008376
20200415,1,delphi_full,16,31,31,106.99066351979135,60.98966089667716,98.55643504283002,47.279621468328514
20200415,1,delphi_full,17,31,31,70.69287193521792,60.704417602599335,83.33845750529096,45.526265701316945
20200415,1,delphi_full,18,30,30,74.35557890238324,58.70429333525577,58.8084445478412,36.995075497008045
20200415,1,delphi_full,19,31,30,66.0847933211714,60.98966089667716,74.59651226869696,49.03866142948241
20200415,1,delphi_full,20,31,30,117.50769850269164,69.99292353176952,150.15522761510627,65.51938362019543
20200415,1,seir,1,31,31,35773.4720136733,16196.238326164283,18069.00593143771,10681.228120393687
20200415,1,seir,2,31,30,21087.544238600498,13132.925409982237,20104.931441182336,8097.829138838166
20200415,1,seir,3,31,31,46173.46886932938,22833.626259947305,27358.054843468497,18937.866228407438
20200415,1,seir,4,30,30,15917.89609604819,9518.647164737758,15385.503609456797,5485.490055948932
20200415,1,seir,5,31,31,41852.11298669487,13552.327051265376,21888.762058393357,12009.366598229035
20200415,1,seir,6,30,30,36283.72119365242,17152.382210994416,28343.85213144281,11551.396237312041
20200415,1,seir,7,31,31,19989.32993230528,7937.238393190255,19652.8352451063,4374.168506982598
20200415,1,seir,8,31,31,33955.57796742273,13962.524400577464,15405.53076446403,10681.228120393687
20200415,1,seir,9,31,31,38275.10039040055,12132.600167081775,14867.53113504151,6040.686820681785
20200415,1,seir,10,31,30,39309.26412316107,14072.427389100036,19908.354713439894,11016.429481679097
20200415,1,seir,11,31,30,22014.57129623728,7937.238393190255,18013.005554131712,6979.829070420749
20200415,1,seir,12,31,30,38831.121436026566,14568.869723322558,24697.864295536427,13368.200725768318
20200415,1,seir,13,30,30,21403.18781672884,8114.2691415714535,10967.536279683523,7267.637288187476
20200415,1,seir,14,30,30,20212.14086735346,12208.48449206302,20375.899034553477,6665.340919031084
20200415,1,seir,15,31,29,22956.986784389053,6912.413485057556,8670.733994266337,6170.638124390412
20200415,1,seir,16,31,31,22833.08794506607,17679.024984614047,26309.20773696295,12350.422544223342
20200415,1,seir,17,31,31,18536.73951715358,9430.190096176235,13273.672680625494,5444.098738919285
20200415,1,seir,18,30,30,31413.286431837634,14060.214294865911,14628.7932889884,9310.606276684186
20200415,1,seir,19,31,30,26572.002249223213,16196.238326164283,14934.818257887771,10080.403326762682
20200415,1,seir,20,31,30,20296.028294092866,9292.401263175598,20117.081221734737,7792.9887835975715
20200415,1,themis_transfer,1,31,31,258.8156457451681,92.42219052890313,413.9874001091728,121.7326123002876
20200415,1,themis_transfer,2,31,30,252.21001279502585,86.91276858227044,177.1380953569066,99.2686546974049
20200415,1,themis_transfer,3,31,31,292.5490020968406,97.26565821213042,401.9380849041776,80.84218320993912
20200415,1,themis_transfer,4,30,30,123.2835830139977,45.751973039649684,297.98285000291855,69.02736231292785
20200415,1,themis_transfer,5,31,31,339.3192448650106,92.51823264817153,311.3502863123864,89.04681315569992
20200415,1,themis_transfer,6,30,30,224.6136158235851,108.58529048669354,337.91461086752594,147.91047643474417
20200415,1,themis_transfer,7,31,31,242.06613057604048,63.289990250447445,183.58348149194865,56.23902599339953
20200415,1,themis_transfer,8,31,31,332.8154926572699,136.10088774277912,262.7728853174524,91.03920187364596
20200415,1,themis_transfer,9,31,31,208.45071871005717,75.1623622065672,169.3708455727698,80.19650704964559
20200415,1,themis_transfer,10,31,30,320.3401284251414,150.94362762466434,265.39683403140475,132.22129885273387
20200415,1,themis_transfer,11,31,30,154.19363874586185,75.03622573733968,330.0170197870754,78.7835206568351
20200415,1,themis_transfer,12,31,30,215.33269018604236,90.13313318563696,453.6696807377708,94.75367262339
20200415,1,themis_transfer,13,30,30,268.8013610844732,64.33828648777981,191.13537233776913,62.68587492356947
20200415,1,themis_transfer,14,30,30,178.9705309086361,85.31001054819792,281.92469634868576,85.48131176987899
20200415,1,themis_transfer,15,31,29,245.11915592353392,86.8677912454312,321.64902536715124,78.04235626163792
20200415,1,themis_transfer,16,31,31,248.84537079560735,90.05767725980218,242.24010297299006,91.03920187364596
20200415,1,themis_transfer,17,31,31,267.0904218884363,87.901679720553,318.80170069537064,59.28106337576864
20200415,1,themis_transfer,18,30,30,201.43364070434754,82.26119408822932,172.30181395752354,81.24195362167394
20200415,1,themis_transfer,19,31,30,207.1985782907517,59.0395312689712,236.68912819489273,83.87781144533389
20200415,1,themis_transfer,20,31,30,271.2559701510378,89.76977198893519,321.59209257096376,89.08136669806962
20200415,2,delphi_constant,1,31,31,110.31683345222336,66.26667540925845,133.521190641772,46.66393134153827
20200415,2,delphi_constant,2,31,30,75.87601666873,74.03417420941628,70.20080540634744,41.18702329060719
20200415,2,delphi_constant,3,31,31,93.34663752605768,59.32489312158863,110.76171525001766,62.0525349429478
20200415,2,delphi_constant,4,31,30,71.11924733757694,66.05973819715287,90.85812905119862,65.08199266729906
20200415,2,delphi_constant,5,31,31,86.62356750035477,65.48909632359002,94.07757732091018,34.33789373081302
20200415,2,delphi_constant,6,31,30,95.79759906673321,58.70398742497226,401.7211080609268,70.64809819976676
20200415,2,delphi_constant,7,31,31,108.5616298369664,81.45476765112477,84.05171605089727,60.17703309527727
20200415,2,delphi_constant,8,31,31,112.7246395519707,71.83566167140486,139.3478129048662,67.3789701301103
20200415,2,delphi_constant,9,31,31,107.13413032691409,74.09999706051389,99.95308294166621,67.3789701301103
20200415,2,delphi_constant,10,31,30,149.0461619402445,65.2023930200941,137.54323228339462,40.70863393791768
20200415,2,delphi_constant,11,31,30,77.3319297617978,71.83566167140486,83.67002784967735,59.8592881619806
20200415,2,delphi_constant,12,31,30,140.73109914323751,75.20123674904004,442.1023231816285,43.70111958446908
20200415,2,delphi_constant,13,31,30,129.95683958928453,77.3855422188003,85.51371346486543,45.14526968452046
20200415,2,delphi_constant,14,31,30,82.21497679309942,72.07440306144697,142.7904713492034,71.78021605457286
20200415,2,delphi_constant,15,31,29,173.19628017699347,86.29096834117978,220.88988982777119,61.93244598333767
20200415,2,delphi_constant,16,31,31,108.46301462174058,78.2877522173649,130.12109232117734,34.33789373081302
20200415,2,delphi_constant,17,31,31,91.44598123116918,67.41913971419478,84.73593809440924,47.67161411838104
20200415,2,delphi_constant,18,31,30,112.20821606877351,74.09999706051389,92.64989036463719,46.87255263311538
20200415,2,delphi_constant,19,31,30,89.74471757644953,76.6345404988115,84.74949436544723,51.3082287956548
20200415,2,delphi_constant,20,31,30,143.44626224765233,80.76153226756729,427.9326712548934,75.60656868666229
20200415,2,delphi_full,1,31,31,94.86560597672892,76.77041426948254,104.12832582770064,43.48920912896033
20200415,2,delphi_full,2,31,30,61.083262389050944,70.10540135505006,52.032554164999354,42.63900956963667
20200415,2,delphi_full,3,31,31,82.5621238315853,70.10540135505006,64.45108095909221,48.57847905586967
20200415,2,delphi_full,4,31,30,71.17444817744409,79.48200351002434,61.6186371257623,65.40381898069023
20200415,2,delphi_full,5,31,31,75.2919474480871,64.16240171264303,61.36483350605594,36.77325032380105
20200415,2,delphi_full,6,31,30,59.744017602142975,55.15534791002117,85.06812274015647,45.01951862951789
20200415,2,delphi_full,7,31,31,83.41520586761663,83.32700093351399,65.99896904122467,66.21877884236419
20200415,2,delphi_full,8,31,31,88.68886644787048,64.16240171264303,93.78700887754097,49.227999710624296
20200415,2,delphi_full,9,31,31,89.25816176349583,79.48200351002434,66.95583973563788,63.01955300836744
20200415,2,delphi_full,10,31,30,141.92495755772012,71.78412707348285,117.01659505399397,44.29549231902197
20200415,2,delphi_full,11,31,30,69.02038601585326,76.77041426948254,57.081975606792994,63.80420606369186
20200415,2,delphi_full,12,31,30,92.16938704213894,79.52191057770125,80.28457488864798,47.3369876989519
20200415,2,delphi_full,13,31,30,106.40653094032187,80.65721220346738,70.06093866575351,45.60580979451288
20200415,2,delphi_full,14,31,30,64.1297981464921,67.9397634824833,86.37190742536268,64.57883969422761
20200415,2,delphi_full,15,31,29,134.40872251785214,84.7037670800408,119.15376132899581,59.749350908840704
20200415,2,delphi_full,16,31,31,101.32680014644895,80.65721220346738,108.38439955120366,43.08354584466603
20200415,2,delphi_full,17,31,31,80.47266393084864,78.69766751696369,58.85497443136713,58.793448030425076
20200415,2,delphi_full,18,31,30,89.22747494125868,79.33877371971224,63.49059612729597,43.743566097624
20200415,2,delphi_full,19,31,30,75.79734233802309,80.0826077506517,62.1201097619851,56.694360555777266
20200415,2,delphi_full,20,31,30,102.2823719048113,83.32700093351399,138.4345131346671,64.77762869321741
20200415,2,seir,1,31,31,301713.6911151725,53093.416644961755,282054.8325486199,56349.324098475554
20200415,2,seir,2,31,30,79811.52232682805,36169.10476675464,175774.48021019364,50937.84759508946
20200415,2,seir,3,31,31,197245.14828424217,53548.101484833605,137496.25723146833,70658.56867977136
20200415,2,seir,4,31,30,83867.77562107507,36169.10476675464,210576.69707807005,53479.56389253841
20200415,2,seir,5,31,31,158489.32578588725,38492.979961960395,109223.92238016297,76732.67403684436
20200415,2,seir,6,31,30,176705.21302898362,38492.979961960395,116056.15804592092,65191.94965361875
20200415,2,seir,7,31,31,135902.6505250129,41177.812583671854,141969.0382754168,54612.68219339663
20200415,2,seir,8,31,31,87797.15232903526,33974.433443962866,88037.01673899555,36921.09454956687
20200415,2,seir,9,31,31,321603.2854865791,36169.10476675464,176879.46772846754,54612.68219339663
20200415,2,seir,10,31,30,422196.7471648829,53548.101484833605,256147.3743096729,70741.90665932157
20200415,2,seir,11,31,30,97459.97223852333,27185.92112616171,133275.10769877667,55127.151824471584
20200415,2,seir,12,31,30,306715.1528396708,38492.979961960395,244386.40980689254,72998.97105252146
20200415,2,seir,13,31,30,318533.03752626636,34114.130223289234,208989.8102616526,65521.374342023846
20200415,2,seir,14,31,30,87759.45125709483,31031.458271492862,102716.11796519895,47853.987667020854
20200415,2,seir,15,31,29,181147.22580701078,21718.042339270385,95411.29021665346,36921.09454956687
20200415,2,seir,16,31,31,99413.31865848598,38691.31510293939,174861.0826230174,74034.57520876195
20200415,2,seir,17,31,31,77219.35914019663,27439.7192189514,173517.72494258234,50941.09996035084
20200415,2,seir,18,31,30,120827.38454381526,64230.5395995159,143226.33427347563,72499.4375992358
20200415,2,seir,19,31,30,164335.26616588517,38794.47534333227,134707.69351310146,59574.63932916253
20200415,2,seir,20,31,30,83755.44798609907,39391.25546469267,194165.85906947212,45685.73970772859
20200415,2,themis_transfer,1,31,31,673.6896387203435,98.41826782852887,777.4738288465062,236.55447058090692
20200415,2,themis_transfer,2,31,30,898.3930997123144,91.23206402695209,749.5720476239543,205.29601101398012
20200415,2,themis_transfer,3,31,31,1109.5699088083434,260.83477100203595,1447.3019720121072,243.82858747693456
20200415,2,themis_transfer,4,31,30,374.28210105993645,93.56573601539674,700.2577312209601,170.62806073423218
20200415,2,themis_transfer,5,31,31,1296.9815244093766,96.24825069639728,1611.6121531087508,200.61237540988733
20200415,2,themis_transfer,6,31,30,1053.8307705549817,179.90186425932623,2195.2318430245086,384.38228799094213
20200415,2,themis_transfer,7,31,31,904.9684840936497,85.63834947206882,926.5430578071805,87.32783349803212
20200415,2,themis_transfer,8,31,31,1109.3747067497416,288.7887422231509,1259.813476111564,262.2399889927578
20200415,2,themis_transfer,9,31,31,574.695145132301,90.41770146717593,764.0083063441564,116.55760186561804
20200415,2,themis_transfer,10,31,30,773.2070864477697,325.42624184036083,769.4995380895054,357.85369341286173
20200415,2,themis_transfer,11,31,30,696.0570077191979,96.21824236741806,1124.5905829951755,103.3495207652017
20200415,2,themis_transfer,12,31,30,667.8786719089969,149.59262075699917,1607.9052949172271,223.6239607252213
20200415,2,themis_transfer,13,31,30,776.2995688946763,74.5828836176485,611.4413160288311,124.671617508679
20200415,2,themis_transfer,14,31,30,621.4941008827117,98.94737531482866,1309.5469549033887,177.35557417294143
20200415,2,themis_transfer,15,31,29,425.5263215455978,89.36231332026588,741.1828052356519,95.05752817160425
20200415,2,themis_transfer,16,31,31,800.4431535407416,112.96617280662325,1122.761574681997,172.30246702289506
20200415,2,themis_transfer,17,31,31,1044.7787023079584,93.56573601539674,1023.9365468082977,168.04352967086004
20200415,2,themis_transfer,18,31,30,641.1742605288822,91.23206402695209,746.776281494935,174.64134490856605
20200415,2,themis_transfer,19,31,30,854.3522560913163,149.59262075699877,1156.9250666215046,176.46879561927113
20200415,2,themis_transfer,20,31,30,1008.6214844049013,98.092395032738,1509.530130228006,133.53548825252335
20200415,3,delphi_constant,1,31,31,125.49340860979476,85.707127256454,139.96518676100183,59.55880524142698
20200415,3,delphi_constant,2,31,30,97.92752926048664,87.77425217552197,97.28875018644761,50.50186019306554
20200415,3,delphi_constant,3,31,31,105.36536247045858,79.47834252440644,135.12498319758598,67.54605598724898
20200415,3,delphi_constant,4,31,30,88.11973945182572,84.70960871605163,100.83991797791477,67.75485612602435
20200415,3,delphi_constant,5,31,31,94.3925191557393,68.78436391138194,88.70102644415651,40.22796975195232
20200415,3,delphi_constant,6,31,30,136.43554903688835,64.80212129728201,622.1169262036822,73.73722113434167
20200415,3,delphi_constant,7,31,31,131.81695521558447,90.24704790294872,105.17655636122278,65.94655167219014
20200415,3,delphi_constant,8,31,31,132.0149419726031,84.26133667263652,174.53275427515504,73.02003922233152
20200415,3,delphi_constant,9,31,31,126.61386318891178,89.15078190563084,117.91011149607964,73.62386306342812
20200415,3,delphi_constant,10,31,30,120.7907653515866,82.87616199563391,137.1013814566805,51.14280296746652
20200415,3,delphi_constant,11,31,30,100.83287247859788,85.92550205370621,93.74998981199165,55.783258057064614
20200415,3,delphi_constant,12,31,30,181.91843482125074,91.737549468334,682.0047380815279,51.130790402321274
20200415,3,delphi_constant,13,31,30,142.15193542242636,90.21863983090462,97.56076574955163,48.66125710053481
20200415,3,delphi_constant,14,31,30,110.166020087397,85.87516812651866,172.91084541091305,75.33464415629335
20200415,3,delphi_constant,15,31,29,165.52463376030772,89.15078190563084,269.2290414157522,73.85057920525522
20200415,3,delphi_constant,16,31,31,106.26364902386011,90.90942708323098,154.89859461880982,57.896462791334656
20200415,3,delphi_constant,17,31,31,106.29456544316405,87.25751660600835,96.74615426844994,73.52246481959357
20200415,3,delphi_constant,18,31,30,143.0669781657588,87.77425217552197,124.75659153646993,60.29725257353171
20200415,3,delphi_constant,19,31,30,105.07736737653887,84.26133667263652,101.60199689355674,59.382398239492325
20200415,3,delphi_constant,20,31,30,172.76188548590224,91.58195059499337,634.0828293924457,76.9932069439933
20200415,3,delphi_full,1,31,31,95.96882363986627,87.40947645424923,102.13422078050198,59.382429924278945
20200415,3,delphi_full,2,31,30,70.19580780070147,85.68568056015539,59.56623921135862,60.23091616806717
20200415,3,delphi_full,3,31,31,83.65776336001967,85.94447323133878,63.82031659147019,54.052579011508286
20200415,3,delphi_full,4,31,30,81.81117473425223,88.31003739850438,65.14885248608643,69.19407631287669
20200415,3,delphi_full,5,31,31,78.24227310843496,78.45775262308369,47.2498002238411,40.54964991689367
20200415,3,delphi_full,6,31,30,64.2654727558004,72.08577657617494,75.20112981028184,63.027367185411975
20200415,3,delphi_full,7,31,31,89.20659461269665,91.63511539098963,70.62793105072747,72.7567897219042
20200415,3,delphi_full,8,31,31,88.24190998426019,80.1268470900612,95.61719868932015,44.03922532326638
20200415,3,delphi_full,9,31,31,93.3139700748932,86.56009174217112,65.8401362772005,59.59688310448692
20200415,3,delphi_full,10,31,30,114.51918008744948,74.88776971560175,109.2093174813031,50.718264593216446
20200415,3,delphi_full,11,31,30,79.4122337694472,86.56009174217112,54.681212429334096,59.71482636986364
20200415,3,delphi_full,12,31,30,90.50015407389812,92.49125539006332,68.43571307916312,57.61329530884465
20200415,3,delphi_full,13,31,30,104.65207894804367,86.10155622632696,73.75896329743331,56.103907016023605
20200415,3,delphi_full,14,31,30,72.3091246374564,88.59262424478953,76.11610837976004,68.47926634549239
20200415,3,delphi_full,15,31,29,110.34588418014476,89.85088142060253,111.34225535531851,65.99842728425708
20200415,3,delphi_full,16,31,31,93.87257244212861,93.36611197825346,115.09671979902227,61.17401160618101
20200415,3,delphi_full,17,31,31,89.10327458693186,91.6607627574777,59.92849597492901,59.287820729953324
20200415,3,delphi_full,18,31,30,97.71000812548507,88.16935232742985,72.72691133151785,65.62470256263792
20200415,3,delphi_full,19,31,30,77.14903881511385,86.27807448833718,65.7254569809059,68.9320081635652
20200415,3,delphi_full,20,31,30,93.61461822064379,91.76738518212112,130.09448088590145,66.59633101369323
20200415,3,seir,1,31,31,466645.4077654803,25935.38816767554,658428.6808776455,65112.464930147646
20200415,3,seir,2,31,30,91484.04679314938,25935.38816767554,271010.5516285074,57746.75207283048
20200415,3,seir,3,31,31,107557.70649120324,24208.540822069117,135992.11633532526,65033.40596247573
20200415,3,seir,4,31,30,96772.12174362768,20106.73898583467,382647.01066719426,48728.211770234426
20200415,3,seir,5,31,31,111983.75484301134,34684.40845516917,136274.89947000754,77656.79738770386
20200415,3,seir,6,31,30,104833.61338474153,25935.38816767554,132476.55334906836,61344.85947999158
20200415,3,seir,7,31,31,263286.0170874758,25901.085610806884,313281.477856432,69635.9959354917
20200415,3,seir,8,31,31,168229.1749183093,31536.780324834894,298533.3797893554,55045.17214522211
20200415,3,seir,9,31,31,438054.4770628876,25935.38816767554,463882.70021613233,69654.65557243416
20200415,3,seir,10,31,30,646734.9724882819,34106.62985963656,660671.3235577737,74813.60426675154
20200415,3,seir,11,31,30,74260.20164324401,22502.982108487475,180787.34770345752,57185.78963053157
20200415,3,seir,12,31,30,495503.72352942015,24208.540822069117,507620.78994646546,57193.68124192383
20200415,3,seir,13,31,30,489795.2551289675,59683.848082224235,638671.0065202948,72200.57295211972
20200415,3,seir,14,31,30,219964.42839590256,18677.301471853152,214482.56291462563,58675.442539409094
20200415,3,seir,15,31,29,272244.85256101494,13014.230896933652,205001.52013692784,37186.698228211535
20200415,3,seir,16,31,31,136184.6763865952,41860.84812876584,255363.97054684398,77656.79738770386
20200415,3,seir,17,31,31,71597.34803474249,16073.818304909179,285962.133689456,61934.547380341806
20200415,3,seir,18,31,30,93875.43748547148,26390.006620377993,148222.76127155917,65524.43871483789
20200415,3,seir,19,31,30,154180.4376662036,25661.400713924377,333091.5513650371,62740.868981457286
20200415,3,seir,20,31,30,146372.9773200145,33210.5851059891,341997.19403804035,54438.40197035878
20200415,3,themis_transfer,1,31,31,812.3325571196297,161.51281371609142,1086.3736916046357,394.23214649716874
20200415,3,themis_transfer,2,31,30,1292.09460743267,95.79435922637506,1328.2732994622004,275.4132172682941
20200415,3,themis_transfer,3,31,31,1179.4993063536542,254.33390167092597,2047.1028600378406,428.66820720965666
20200415,3,themis_transfer,4,31,30,487.9330445670723,95.70810975593058,1092.0650334793881,378.4093020932452
20200415,3,themis_transfer,5,31,31,1368.0135436839932,98.93357139100047,1992.6875428464823,223.79143349343548
20200415,3,themis_transfer,6,31,30,1401.1767060557386,368.35152979717986,3128.2340575726575,762.3176359318281
20200415,3,themis_transfer,7,31,31,1006.4827308833675,87.25731307136924,1456.1490376543081,96.71689583032271
20200415,3,themis_transfer,8,31,31,1364.9451438849433,227.29065387954347,1777.2952007939682,537.6637912961958
20200415,3,themis_transfer,9,31,31,663.4929955738287,93.22223258299957,1069.6326796162393,140.17650523151212
20200415,3,themis_transfer,10,31,30,903.0570210498287,399.80795419527635,1195.0948189110036,660.3164713085373
20200415,3,themis_transfer,11,31,30,1046.097935572086,98.93146950441265,1516.3155865087856,293.36640189561757
20200415,3,themis_transfer,12,31,30,729.7352604036814,279.5629226356666,1997.5164873352583,350.87864436703074
20200415,3,themis_transfer,13,31,30,894.78128790618,86.4855828894671,899.9365115679813,134.58469848897892
20200415,3,themis_transfer,14,31,30,773.0394583752927,99.62535714987474,1984.6097716131296,247.86938652899994
20200415,3,themis_transfer,15,31,29,501.4854945822424,99.62535714987474,951.9185903869685,98.46374439786797
20200415,3,themis_transfer,16,31,31,959.4632257592273,116.85327864617827,1812.3595022001482,245.22778407959186
20200415,3,themis_transfer,17,31,31,1132.8378406040179,96.86513620066859,1391.4814808739873,215.49016334551294
20200415,3,themis_transfer,18,31,30,623.835710163267,95.82540418925406,1118.0418030937756,208.34968770341874
20200415,3,themis_transfer,19,31,30,1074.5065778530466,241.1031703988431,1651.2938197351143,393.50567272315016
20200415,3,themis_transfer,20,31,30,1594.598068156859,99.62430665973243,2558.5873929533504,128.81315917462
20200515,1,delphi_constant,1,37,36,84.04840469806754,73.9084760505647,145.1490955461223,84.52880064259006
20200515,1,delphi_constant,2,36,34,198.13514989320407,71.85559984084139,372.2725084962467,58.78436705960729
20200515,1,delphi_constant,3,37,36,182.91191046163996,62.785933078040834,351.28383342654354,52.291418954532574
20200515,1,delphi_constant,4,37,35,89.21596933954227,52.91175860280472,242.4157192002206,60.666064466102256
20200515,1,delphi_constant,5,37,34,68.02220189035644,70.54296239396474,119.91259501085796,50.07576225832427
20200515,1,delphi_constant,6,37,36,66.00755331586532,49.93296392403494,173.43296873149927,87.23304510081812
20200515,1,delphi_constant,7,36,34,70.15957693858921,65.31521914166197,153.6244703249932,56.27609037988453
20200515,1,delphi_constant,8,37,36,81.63301463271291,64.17982492299551,258.0406114346721,51.21136213751524
20200515,1,delphi_constant,9,37,34,212.17024137390393,74.66848992650888,459.02088759423305,67.9213760098007
20200515,1,delphi_constant,10,36,34,86.56173222888431,78.82457411272216,187.26944387343207,91.69477700788143
20200515,1,delphi_constant,11,36,33,68.72557360661786,71.65979351617705,102.24346453009748,54.17248362221249
20200515,1,delphi_constant,12,37,36,217.38203923383787,64.49759094530025,499.16172683453505,52.671551348370684
20200515,1,delphi_constant,13,37,35,72.067530999052,59.32595565059773,158.91069040102113,54.58690286322248
20200515,1,delphi_constant,14,37,36,68.63902555539558,69.54055984972705,99.34889804738962,52.00437580457775
20200515,1,delphi_constant,15,36,33,92.61439914153055,73.74500370692728,182.43712200284745,61.001000317280294
20200515,1,delphi_constant,16,37,31,62.96489767933262,71.96921167857485,104.44635945231603,54.042709209810724
20200515,1,delphi_constant,17,37,32,66.30311404510425,75.45718396948033,139.28738002025116,58.665711280417916
20200515,1,delphi_constant,18,36,32,187.17237981085393,69.39960519274473,361.5523423188509,53.992320018274484
20200515,1,delphi_constant,19,37,33,203.56112692453664,64.49759094530025,405.2706793465687,49.995537541974585
20200515,1,delphi_constant,20,36,33,62.158063860713355,65.06701703016779,77.00681319368053,50.19659519481902
20200515,1,delphi_full,1,37,36,79.02924762683166,75.99499151059293,136.70821365554605,77.24596080167206
20200515,1,delphi_full,2,36,34,98.08660455922703,73.86415051983637,203.32598805786571,56.89600579075564
20200515,1,delphi_full,3,37,36,86.19460438754412,65.93667285556207,190.72619297095423,52.59107635425029
20200515,1,delphi_full,4,37,35,71.4432230188107,56.292224274346616,177.11406248629476,58.68259560147136
20200515,1,delphi_full,5,37,34,66.7958426634359,74.24153131707364,115.91273051955147,44.61121848534985
20200515,1,delphi_full,6,37,36,60.78485899175857,51.27677130749642,164.71563907904414,81.3129489593062
20200515,1,delphi_full,7,36,34,70.03129601189727,69.32771549389832,148.92190915724896,53.16706529388284
20200515,1,delphi_full,8,37,36,76.90959900119618,67.93781132486852,236.50677790832827,50.321119993969916
20200515,1,delphi_full,9,37,34,99.76312793803595,76.63615445254999,229.2178499003412,65.07885884023126
20200515,1,delphi_full,10,36,34,84.60970858127516,79.24199560389945,181.50647175567588,91.75950602145754
20200515,1,delphi_full,11,36,33,67.65532760559637,72.20230461370068,97.43478852611746,48.80577084153882
20200515,1,delphi_full,12,37,36,102.59061064953423,65.46763590092391,281.9049943945981,51.06111975136298
20200515,1,delphi_full,13,37,35,66.45882952423356,61.31681637753318,145.5434066920672,53.60045134745567
20200515,1,delphi_full,14,37,36,67.78652485060242,74.24233618503968,94.56679535593105,49.116485331059486
20200515,1,delphi_full,15,36,33,74.58501311120372,75.39681839208961,114.40011641634442,55.52962490876183
20200515,1,delphi_full,16,37,31,64.65272406951355,74.24233618503968,100.70452293845598,54.953253258086676
20200515,1,delphi_full,17,37,32,62.96613376015003,76.63615445254999,126.36778189148528,55.22345427649584
20200515,1,delphi_full,18,36,32,87.46303906717813,70.79712284055103,182.1404988435835,48.40492102662195
20200515,1,delphi_full,19,37,33,103.12781604827104,65.58432828258367,229.85124159256438,48.80577084153882
20200515,1,delphi_full,20,36,33,62.97022340558566,60.93594432954009,73.38585079418326,50.2288994504139
20200515,1,seir,1,37,36,20254.11703339852,2202.642349561977,21551.507032971513,2026.591655999689
20200515,1,seir,2,36,34,12814.306873116013,700.9064362020424,13170.84633182043,1011.3829204225212
20200515,1,seir,3,37,36,9240.989789570855,3188.608771901261,19321.334053187555,7959.2732366100645
20200515,1,seir,4,37,35,23289.092041998654,2938.806863112059,28303.862977894372,5176.507427380511
20200515,1,seir,5,37,34,6820.133738629604,920.190679144867,11568.317857180084,2151.865926505963
20200515,1,seir,6,37,36,10417.850260245514,1743.1025735837604,16417.93732535194,1566.135677899283
20200515,1,seir,7,36,34,14717.579019798208,2648.1571487475494,9945.94228598429,2986.0844237032234
20200515,1,seir,8,37,36,8832.65372911369,2352.302356821164,16427.378908226154,2592.3970389832416
20200515,1,seir,9,37,34,10303.287016072207,1227.7031411844205,15197.10620840658,1389.805443287122
20200515,1,seir,10,36,34,8097.464365337144,1104.2168926027075,8207.844616057158,2118.553092074195
20200515,1,seir,11,36,33,6125.241151989245,2272.954188627773,9301.699346725527,1797.8439345887725
20200515,1,seir,12,37,36,20844.89827016214,1527.7741918424565,25554.043294509705,2443.2616919321126
20200515,1,seir,13,37,35,19297.296214362028,2195.9580575146447,30691.19376504345,3072.428309556495
20200515,1,seir,14,37,36,6225.492826878939,1563.3644957354797,9705.840773022159,2151.5548177653013
20200515,1,seir,15,36,33,22757.344530071125,1308.7889805846705,45353.63530309203,5176.507427380511
20200515,1,seir,16,37,31,7437.765623588736,983.9489157302381,25892.339928427416,2675.29792968669
20200515,1,seir,17,37,32,13102.664854348406,1101.1651175555444,8257.61130620368,888.58988854121
20200515,1,seir,18,36,32,18656.42685343664,2912.8113353656213,24469.421906272753,4937.755437374404
20200515,1,seir,19,37,33,20389.783483896474,1527.7741918424565,28093.605366788164,2675.29792968669
20200515,1,seir,20,36,33,15340.238820141189,2409.287219422787,14536.914874387825,2413.1025508628254
20200515,1,themis_transfer,1,37,36,123.61018367642986,74.44628473905368,195.17343490987292,89.71618233334945
20200515,1,themis_transfer,2,36,34,480.34016568938284,73.241445486223,800.8606187921512,77.01709826407034
20200515,1,themis_transfer,3,37,36,475.8322795411549,76.39476137089298,775.4707986145885,77.11559383391123
20200515,1,themis_transfer,4,37,35,187.8912078750568,63.05991444810104,464.5972196291657,106.50577656159832
20200515,1,themis_transfer,5,37,34,86.96610740226765,75.09220376223101,160.51588036066164,81.36872636719991
20200515,1,themis_transfer,6,37,36,134.00005154948013,83.13164293308127,239.65741217965558,110.2829042833047
20200515,1,themis_transfer,7,36,34,100.424724432434,69.02317612804973,199.42782860139047,73.8287105730009
20200515,1,themis_transfer,8,37,36,170.75501241486535,72.92193118083745,444.557087549832,59.69971807320466
20200515,1,themis_transfer,9,37,34,523.9386786785875,67.15850202875782,1053.4330334057902,89.99738264239076
20200515,1,themis_transfer,10,36,34,130.2576462355126,76.56760587396869,234.54134815600105,111.44120315651354
20200515,1,themis_transfer,11,36,33,99.75016610083419,71.37518835382492,140.8188591832865,57.989562422310435
20200515,1,themis_transfer,12,37,36,557.1677724280506,62.405832133033634,1059.7387384061124,74.12571945106248
20200515,1,themis_transfer,13,37,35,139.99709668429904,76.4405691882787,287.66149711803945,104.01177892692439
20200515,1,themis_transfer,14,37,36,133.45416705594172,60.14221157407372,163.53590259344708,87.03075999302929
20200515,1,themis_transfer,15,36,33,173.72092481302377,77.12809402653795,386.61443616754264,74.55386551283905
20200515,1,themis_transfer,16,37,31,63.99934993561365,64.07053043554072,138.21790964927882,55.96387217951795
20200515,1,themis_transfer,17,37,32,153.34151978114306,76.35199811672067,272.5409982877885,86.88861094866779
20200515,1,themis_transfer,18,36,32,484.2554401901308,76.00858813643232,818.530685184237,98.97562983583742
20200515,1,themis_transfer,19,37,33,511.35574563530884,57.478657407154785,859.7768368542594,75.11579176835886
20200515,1,themis_transfer,20,36,33,106.18441766282743,73.24144548622299,133.2780294792519,102.73403217056621
20200515,2,delphi_constant,1,37,36,129.58543885532254,88.96120643217151,224.99619585322688,74.46901087976227
20200515,2,delphi_constant,2,36,35,2539.6166978047763,87.11469574943149,1312.2520492025917,66.51871705797979
20200515,2,delphi_constant,3,37,36,2467.077221185906,89.74484930606643,1301.930246605924,60.39877414814477
20200515,2,delphi_constant,4,37,35,374.5999911592669,84.18681507273804,1151.8777734588332,60.33884294602272
20200515,2,delphi_constant,5,37,35,82.93859296912943,88.31277976107032,121.72686423752086,69.52785777945672
20200515,2,delphi_constant,6,37,36,112.55994087166248,73.04108920897907,262.97126132994185,92.96966954613782
20200515,2,delphi_constant,7,36,34,72.82506141058147,84.55182931644342,197.14092481893476,69.7616013208486
20200515,2,delphi_constant,8,37,37,92.5375144503464,84.48454219279657,207.1521469783833,73.31550616746553
20200515,2,delphi_constant,9,37,36,2745.136318231342,86.67929937287235,2170.846512974092,70.93632594272293
20200515,2,delphi_constant,10,36,34,88.22773194095649,93.36914629347612,211.2549221350385,87.58935314501684
20200515,2,delphi_constant,11,36,34,95.95961012773952,87.77083898582364,114.83428688999994,71.25154225626778
20200515,2,delphi_constant,12,37,36,2739.1303927499052,86.67929937287235,2242.8058842492155,63.34136642168262
20200515,2,delphi_constant,13,37,36,122.02719594694948,87.66695944765372,298.9985537832397,68.02328741871825
20200515,2,delphi_constant,14,37,36,80.94365673997994,83.61125303128435,141.93026596545283,72.58633132072359
20200515,2,delphi_constant,15,36,33,369.3859116931645,91.29359308838005,1093.8740343868994,72.13584903043548
20200515,2,delphi_constant,16,37,33,82.20901732848169,88.03865354339135,117.24722522533831,60.98347342606009
20200515,2,delphi_constant,17,37,34,103.20484409798796,89.74484930606643,179.88301604655697,73.06736662215613
20200515,2,delphi_constant,18,36,33,2526.648334697261,82.75544650760936,1354.5511103495414,52.628075053568466
20200515,2,delphi_constant,19,37,34,2491.8435237106155,80.45345269211921,1438.853908131483,60.046579779605075
20200515,2,delphi_constant,20,36,33,90.67894839101147,88.80978391503001,118.39305157140369,69.99534486224049
20200515,2,delphi_full,1,37,36,88.97873469455925,88.26408481962224,165.0549619716129,69.01540496757653
20200515,2,delphi_full,2,36,35,103.59754699565626,88.00309349249196,143.19460570097544,68.73370845977537
20200515,2,delphi_full,3,37,36,98.39742343061725,83.81641702250498,158.0466706139717,62.84488012649422
20200515,2,delphi_full,4,37,35,97.80850334396118,87.39422124111948,225.21349870581267,54.83045363483482
20200515,2,delphi_full,5,37,35,77.59406903476352,88.60370067162259,110.02859034673192,54.076466098110664
20200515,2,delphi_full,6,37,36,77.84474842701837,69.31505267538988,205.40006932262042,92.02495763951947
20200515,2,delphi_full,7,36,34,73.74912965720927,86.321689018438,177.9426398837639,62.925955917998614
20200515,2,delphi_full,8,37,37,74.94525940048007,87.52568632617144,157.36448460455622,73.54702421304488
20200515,2,delphi_full,9,37,36,116.72597866697878,89.29880873935882,172.55887043460262,63.062867440703954
20200515,2,delphi_full,10,36,34,81.89305150591042,89.19728838204912,184.54691076820092,88.76505867253124
20200515,2,delphi_full,11,36,34,80.65808203565442,88.4864060541168,90.51082490415781,64.4326712005734
20200515,2,delphi_full,12,37,36,113.20006966448636,87.786104201487,248.94494578028858,64.93087401144848
20200515,2,delphi_full,13,37,36,86.41406479622003,85.11769171070455,219.36610944775654,68.93869129970665
20200515,2,delphi_full,14,37,36,72.35692621789515,84.31870849968927,121.58795120034422,54.696482418484536
20200515,2,delphi_full,15,36,33,86.30741092043567,91.24588022162527,125.00298943004297,66.5996642987936
20200515,2,delphi_full,16,37,33,77.8718991896614,88.27382557527955,97.73665535708425,64.83167920696076
20200515,2,delphi_full,17,37,34,81.423837797226,89.77275571769293,124.7094164240181,67.75466555217265
20200515,2,delphi_full,18,36,33,95.90784094473578,83.19217819314837,118.32725055272499,45.99756146730988
20200515,2,delphi_full,19,37,34,112.06047384564832,83.81641702250498,219.52778375710565,54.26237418498282
20200515,2,delphi_full,20,36,33,78.09956092687958,81.61114589859565,93.56048927649195,61.81824864181118
20200515,2,seir,1,37,36,38935.66357149898,5694.81818622331,87991.95579219142,8247.227653288264
20200515,2,seir,2,36,35,34817.91684994733,2526.018907368516,47026.66879583435,3640.4253255642084
20200515,2,seir,3,37,36,37272.29515574339,8647.477864825743,80565.46195550046,24968.145757923146
20200515,2,seir,4,37,35,34234.89648764814,6336.842125605066,99410.22546583643,21758.5198855014
20200515,2,seir,5,37,35,16500.065019343972,1997.9687001007549,33205.976741583036,5682.168865443111
20200515,2,seir,6,37,36,28837.29155797719,5694.81818622331,61094.697788494654,6004.095255189349
20200515,2,seir,7,36,34,23995.422669981774,5396.493675476974,52211.57030295032,12322.331478090156
20200515,2,seir,8,37,37,30232.544059309297,6357.931982226803,74361.03655805526,9768.204015248564
20200515,2,seir,9,37,36,33710.84496050044,3636.477193001533,66695.75848451963,4791.201048684077
20200515,2,seir,10,36,34,24947.468174663816,2391.6091158493614,44346.01839080773,7086.0332087528695
20200515,2,seir,11,36,34,22560.7184672499,2705.8942090663404,40842.97507550536,7476.300741212553
20200515,2,seir,12,37,36,46977.1511549894,4667.123739569837,88623.48228674152,8524.713588609971
20200515,2,seir,13,37,36,48999.76526325709,9370.995003417629,122978.783553664,16143.260580519192
20200515,2,seir,14,37,36,17643.21056339168,5096.809950368874,34599.85159738429,8435.820286169906
20200515,2,seir,15,36,33,30114.011761172093,4222.951843614055,124300.00074504211,11168.818042316612
20200515,2,seir,16,37,33,18929.276055406022,2266.788283139064,70790.10937417104,6115.730432856754
20200515,2,seir,17,37,34,38251.900274028274,1997.9687001007549,153190.45045186335,2533.4044905959054
20200515,2,seir,18,36,33,55054.33903387335,5730.78992672071,94748.82563911076,26039.0771648932
20200515,2,seir,19,37,34,41181.844775273836,6368.771716215767,164313.18279607105,10484.698612527889
20200515,2,seir,20,36,33,28786.589496785044,4736.682977053673,52752.89063317445,11168.818042316612
20200515,2,themis_transfer,1,37,36,428.2000018488684,87.42364037612317,539.5579671295982,96.34628554191406
20200515,2,themis_transfer,2,36,35,5781.877214591196,90.04628747513894,3756.0751872993446,91.07086163568741
20200515,2,themis_transfer,3,37,36,5750.879788861306,95.29135808827272,3888.1846057903394,102.69848922317725
20200515,2,themis_transfer,4,37,35,1993.6809080292257,93.81312600961297,6132.46240055958,155.96166868089546
20200515,2,themis_transfer,5,37,35,179.09093087669865,92.42188766783349,241.8024264815907,97.0990594203006
20200515,2,themis_transfer,6,37,36,424.91468150426067,96.74567280304672,627.5759570551086,250.95032490953005
20200515,2,themis_transfer,7,36,34,132.58270637728813,91.67806887010326,440.61663731462914,128.15318473605237
20200515,2,themis_transfer,8,37,37,871.403382002541,90.86246956343994,1760.1823432213223,96.0233022998484
20200515,2,themis_transfer,9,37,36,7309.860116089252,96.59316791167612,9204.245641670535,103.11102478146321
20200515,2,themis_transfer,10,36,34,170.68838872927333,92.06537980737586,378.0718002967571,132.61605517924107
20200515,2,themis_transfer,11,36,34,317.56633063117835,93.97089548521419,329.2766335752298,87.53161647650148
20200515,2,themis_transfer,12,37,36,7071.394217973226,90.74955479998049,8532.419394182436,127.09184640874355
20200515,2,themis_transfer,13,37,36,945.1419097885481,92.75258793707269,1908.785188273296,130.89436896202724
20200515,2,themis_transfer,14,37,36,268.07878680007053,95.56920266851411,435.87649394776275,90.31947016507121
20200515,2,themis_transfer,15,36,33,1793.585765146177,95.51122885254901,5638.413845485936,93.38145343868281
20200515,2,themis_transfer,16,37,33,143.683730964511,86.72824100816804,267.0846445348271,93.76778551943555
20200515,2,themis_transfer,17,37,34,1040.3822667194263,94.41805746429054,1803.8075690866567,172.5867790573426
20200515,2,themis_transfer,18,36,33,5804.085111862554,93.46070414609207,3989.8740090288534,137.29688258923272
20200515,2,themis_transfer,19,37,34,5703.202641315715,86.90093610195255,4022.205345336048,151.2876481844908
20200515,2,themis_transfer,20,36,33,256.0769705858578,97.49788483660313,364.2529353288679,150.09303671943456
20200515,3,delphi_constant,1,37,36,231.09390363544028,95.2917389212214,404.7529019100661,84.54643690939739
20200515,3,delphi_constant,2,36,35,1021.3074767014618,94.12750582680259,974.2822779952804,77.69752451461986
20200515,3,delphi_constant,3,37,37,988.60008771662,93.94380517579786,989.6946007266869,74.28054930630307
20200515,3,delphi_constant,4,37,35,1643.083269187538,90.43106822952322,2750.482360398549,60.665555785684575
20200515,3,delphi_constant,5,37,35,95.72190866204686,93.98201498810717,123.57293488389291,77.69752451461986
20200515,3,delphi_constant,6,37,36,213.44330475677947,88.76777556272624,383.90296839372445,72.41416142105635
20200515,3,delphi_constant,7,36,35,82.62163498455662,88.26776777430919,212.4997605666787,68.95236395678359
20200515,3,delphi_constant,8,37,37,117.84571577994326,91.93507437172855,247.00115266499478,79.37940039648224
20200515,3,delphi_constant,9,37,36,2498.2027941094893,93.32266073260509,3282.209875355504,79.4544035820308
20200515,3,delphi_constant,10,37,36,107.80659491971201,95.26766304750815,198.76448370130086,82.40796363353296
20200515,3,delphi_constant,11,37,34,163.62414698909234,93.98201498810717,167.43471560611755,70.71679822662412
20200515,3,delphi_constant,12,37,37,2491.1840383228987,92.45625312489086,3230.5649510159656,72.60648323078863
20200515,3,delphi_constant,13,37,36,204.09305212815778,94.57866019263932,507.4021061275115,81.49520575481428
20200515,3,delphi_constant,14,37,35,112.40373197773637,88.33773720053387,198.80915263723864,65.71003578780585
20200515,3,delphi_constant,15,37,34,1642.5641872081142,95.37660542916572,2676.029185935474,82.14165590820028
20200515,3,delphi_constant,16,37,34,112.96536962094207,93.94380517579786,171.2779374614772,74.7077532327809
20200515,3,delphi_constant,17,37,34,180.57047938926314,94.09856607136582,273.9194322151258,75.98903691046146
20200515,3,delphi_constant,18,37,33,973.5127749280773,88.33773720053387,994.0832629203067,65.71003578780585
20200515,3,delphi_constant,19,37,35,1009.6905217120946,88.78879187002408,1085.3197468759574,67.37091599540324
20200515,3,delphi_constant,20,36,34,126.52015659904572,94.84120191488641,176.1866685707914,77.02136053088716
20200515,3,delphi_full,1,37,36,90.84810030902595,94.26793769940387,191.7161441668691,83.95932751654688
20200515,3,delphi_full,2,36,35,83.71678685243165,93.01006112829187,120.52309103561439,83.91883693029982
20200515,3,delphi_full,3,37,37,77.15834238750475,86.94970725001967,150.44186691966488,72.11461040744933
20200515,3,delphi_full,4,37,35,97.65633596970818,90.12950426865952,209.96400957331707,56.53380851189714
20200515,3,delphi_full,5,37,35,83.06335746106656,94.16709178147488,101.3482613735393,66.57988105167722
20200515,3,delphi_full,6,37,36,86.39040057642917,89.49704156523494,181.7767047404433,55.29193293552743
20200515,3,delphi_full,7,36,35,81.83224947799175,90.66040846834775,171.26084252744437,66.29382826676907
20200515,3,delphi_full,8,37,37,81.443440807854,90.96045850621925,157.10759217777084,79.9436724840777
20200515,3,delphi_full,9,37,36,91.02865451417752,94.16709178147488,96.38535656412529,78.73783781849608
20200515,3,delphi_full,10,37,36,84.7640080933919,94.7614932894878,148.12216922355904,80.61684747398841
20200515,3,delphi_full,11,37,34,84.90978616903078,93.93023668365781,72.26653525563867,71.89084405418299
20200515,3,delphi_full,12,37,37,89.59920205481393,90.12950426865952,148.24459253280796,75.90104471333463
20200515,3,delphi_full,13,37,36,91.40807909074647,91.10078779782481,267.88132385565154,78.04768280328388
20200515,3,delphi_full,14,37,35,79.81307499872605,89.61883878291992,136.34205864718072,61.909461398991816
20200515,3,delphi_full,15,37,34,86.32222246135454,94.52243166403966,91.75923400223128,81.44874986560188
20200515,3,delphi_full,16,37,34,85.97162222403658,94.52243166403966,103.42644433532746,80.56861074030084
20200515,3,delphi_full,17,37,34,88.41262125838712,94.99808871418415,123.78476535586448,73.0284463593874
20200515,3,delphi_full,18,37,33,76.96821342523167,86.94970725001967,96.88848912987063,58.93053658020169
20200515,3,delphi_full,19,37,35,92.5700895851537,90.12950426865952,193.75222933596123,71.34780592842857
20200515,3,delphi_full,20,36,34,83.61535007185499,93.09627568363673,100.96743291582138,77.92235859870615
20200515,3,seir,1,37,36,64258.09935665969,6731.987305814853,250113.32952012235,24302.401297586537
20200515,3,seir,2,36,35,16817.059386335462,3309.059456643792,45239.437381693344,6958.23697038681
20200515,3,seir,3,37,37,37708.58930961144,6760.398674947388,145796.64149665472,28246.982003973568
20200515,3,seir,4,37,35,51894.415494022585,6858.84543198963,202692.19259923455,29911.697283448495
20200515,3,seir,5,37,35,37147.215451326774,3647.5366132462036,78072.56611894487,12500.370202879218
20200515,3,seir,6,37,36,70233.44145597999,8344.453037999328,157477.164372151,13765.160674875548
20200515,3,seir,7,36,35,55735.000842853624,6085.108669226421,182485.2783431265,25720.98161316672
20200515,3,seir,8,37,37,88946.05933773346,8227.713005580841,355863.808244689,25720.98161316672
20200515,3,seir,9,37,36,32297.68744477977,4390.0121400764665,99206.02163497772,7667.273567067403
20200515,3,seir,10,37,36,61879.03282784405,3572.1676724070853,143801.2915468755,12729.251811684771
20200515,3,seir,11,37,34,42484.318452414314,3559.223682865826,136774.431073873,18352.103154905475
20200515,3,seir,12,37,37,66584.79294894614,9065.82075163531,140688.60989686972,18283.978363089234
20200515,3,seir,13,37,36,122675.14747598795,6313.52196093398,470111.17589317594,19136.109216713052
20200515,3,seir,14,37,35,37056.7936766742,6372.489152381586,58676.97743281882,13980.367578125702
20200515,3,seir,15,37,34,24042.92853770832,6313.52196093398,132771.96444271758,19270.24254913877
20200515,3,seir,16,37,34,34229.6814532131,4352.363650755387,142747.58579898113,16582.266442461314
20200515,3,seir,17,37,34,109129.04447584371,3374.297976796332,562794.7085287338,6041.900297818254
20200515,3,seir,18,37,33,66924.30506479296,7866.4746845493755,206500.08449172438,23955.275806945654
20200515,3,seir,19,37,35,23648.67322333958,8118.429878478088,174885.41381394898,18420.22794672172
20200515,3,seir,20,36,34,43433.573317847506,8921.956185888868,147049.19824804884,23753.307710759003
20200515,3,themis_transfer,1,37,36,1579.6360597887553,95.77350890259308,1943.1622902772203,97.46787850039658
20200515,3,themis_transfer,2,36,35,1428.0786726720305,98.03311074309738,1671.353221604015,99.16814028889503
20200515,3,themis_transfer,3,37,37,1637.6146632307878,96.23744188653043,2727.069198965303,146.23892653713315
20200515,3,themis_transfer,4,37,35,4368.404576925437,97.50844873749246,7347.0291263235995,140.71890986904353
20200515,3,themis_transfer,5,37,35,331.80825161000047,96.60139445533373,437.0517077674829,104.90857696281833
20200515,3,themis_transfer,6,37,36,1513.2072161335122,99.81946046982617,1907.713927540034,332.22203949970236
20200515,3,themis_transfer,7,36,35,213.26514040461558,96.66125003530007,1153.2603140642811,106.04759794796092
20200515,3,themis_transfer,8,37,37,5246.41311629626,97.1002926416235,13578.549136760488,96.55208969672768
20200515,3,themis_transfer,9,37,36,4911.846914936636,97.27651206826063,7564.462663658951,102.50479810853878
20200515,3,themis_transfer,10,37,36,294.8767225516234,97.61336408790375,591.2575541856478,100.91129347073243
20200515,3,themis_transfer,11,37,34,1189.009963756361,97.68509244336133,1304.0097435597909,96.38015565964653
20200515,3,themis_transfer,12,37,37,4798.537389945657,96.4021472162034,7211.649049660339,146.7103513261644
20200515,3,themis_transfer,13,37,36,5916.000622369154,98.05722404486892,14646.967212462034,128.194133709237
20200515,3,themis_transfer,14,37,35,482.88015817142315,98.00998521487512,845.1535368253269,157.17381560095055
20200515,3,themis_transfer,15,37,34,4162.7401814182385,97.93225502165505,6897.608616892354,96.09164703284776
20200515,3,themis_transfer,16,37,34,326.18368712564745,94.07161843201224,704.0076703217699,96.30980909757565
20200515,3,themis_transfer,17,37,34,6119.053452225519,97.43354308426149,14836.59173039462,247.2519947582678
20200515,3,themis_transfer,18,37,33,1300.6515092668626,96.54157532436733,1893.0082919135145,149.13515304473924
20200515,3,themis_transfer,19,37,35,1322.6323661821523,93.42571924386812,1771.745629991381,219.4087601302187
20200515,3,themis_transfer,20,36,34,463.48679805465264,98.21928000458402,743.019765902942,184.91693538473808
20200615,1,delphi_constant,1,39,35,69.33232475625867,69.05857745484492,83.20359766419759,63.03349671392541
20200615,1,delphi_constant,2,40,33,77.14050874445898,79.44129857764834,58.971136923607936,58.785559403620844
20200615,1,delphi_constant,3,40,35,64.87199932595693,71.40620471439445,80.98967299206092,63.89614218209696
20200615,1,delphi_constant,4,40,35,74.80864724035897,83.91981639689155,67.9764278732502,53.9262823246343
20200615,1,delphi_constant,5,39,35,72.65154169127476,79.5407435006567,60.95402900785157,60.67917535048153
20200615,1,delphi_constant,6,39,35,71.65212257653681,78.6246819963237,70.10386411776837,56.30792094176628
20200615,1,delphi_constant,7,40,35,75.76226574691924,78.19856440666453,94.8424878915617,59.227420651523865
20200615,1,delphi_constant,8,40,34,77.86163089790365,88.5366747524325,100.99160546546322,73.93583299606243
20200615,1,delphi_constant,9,38,34,68.65244497679825,74.44313400621128,52.46076504068657,39.478390445631355
20200615,1,delphi_constant,10,40,36,75.62546894233881,72.11630328112469,74.88903355597857,67.65887622125234
20200615,1,delphi_constant,11,39,35,64.01061369792208,67.19301731257767,73.42476486455466,58.785559403620844
20200615,1,delphi_constant,12,39,32,93.6900480901698,87.75024821706916,62.0192623863022,44.59567407533498
20200615,1,delphi_constant,13,40,38,62.785253287679176,69.77315442615661,101.93797940359744,61.85633603220347
20200615,1,delphi_constant,14,40,36,72.65095876800268,85.86843668323033,88.7119632778105,66.03451274496821
20200615,1,delphi_constant,15,39,32,99.25291534546442,88.06793030294331,68.65375494322465,58.14059329337714
20200615,1,delphi_constant,16,40,34,81.53065283400642,73.99463383195948,77.98221946779582,54.96093105360059
20200615,1,delphi_constant,17,40,37,83.91327995147279,85.60059404528808,78.55557532815342,53.61394116543491
20200615,1,delphi_constant,18,39,34,74.62163227139162,87.70241185475375,74.15160037380139,58.86647064285597
20200615,1,delphi_constant,19,39,33,73.75426382829278,77.50065212261093,64.71189088292317,57.053765935230416
20200615,1,delphi_constant,20,39,33,72.49280129963732,82.87139458818658,102.76781055939644,65.2070307740668
20200615,1,delphi_full,1,39,35,67.16594742742787,67.28663909411637,78.83381707976416,57.87522431830564
20200615,1,delphi_full,2,40,33,76.13173562251833,80.09956669622207,57.12169542091163,59.246050780192625
20200615,1,delphi_full,3,40,35,64.45924604486804,67.97669752391249,79.91872945751251,64.1712695114576
20200615,1,delphi_full,4,40,35,74.01946825776817,84.4053307644993,67.7806046616478,54.71525672875266
20200615,1,delphi_full,5,39,35,71.33401571652512,80.55427196832096,59.46556850404539,57.87522431830564
20200615,1,delphi_full,6,39,35,72.80630829573388,79.29769313004091,69.86842342601336,53.977200424476415
20200615,1,delphi_full,7,40,35,72.65614264663904,77.82692258594292,90.6169026262907,59.22957863737154
20200615,1,delphi_full,8,40,34,76.20020725780644,86.56433588001077,96.64407068453943,70.3196358572315
20200615,1,delphi_full,9,38,34,69.13135540464727,74.94380655837134,52.74787931132583,39.75343477357121
20200615,1,delphi_full,10,40,36,75.34987035215667,73.4778009447477,72.46992747509306,68.52943843311084
20200615,1,delphi_full,11,39,35,64.01066710618889,62.860491612328865,71.94075052823642,59.22957863737154
20200615,1,delphi_full,12,39,32,93.07359350720964,88.14177456458957,61.54065206967646,45.79102797813887
20200615,1,delphi_full,13,40,38,61.91569509334315,63.34105418881326,96.41588298862908,58.942185332352025
20200615,1,delphi_full,14,40,36,71.39003195644185,85.22429402000927,85.82294598779647,67.06598454571561
20200615,1,delphi_full,15,39,32,98.16193999862301,88.19375170249124,68.35757211869605,56.96915407579317
20200615,1,delphi_full,16,40,34,79.89467656011266,67.76368738757017,74.0997827556854,48.1559625495283
20200615,1,delphi_full,17,40,37,83.54254732527664,83.13936341812708,77.06170277800152,53.977200424476415
20200615,1,delphi_full,18,39,34,75.34852985239586,87.91677508220839,74.479947181625,56.934032766880115
20200615,1,delphi_full,19,39,33,73.70137612707468,75.36652747481331,64.24770667515465,56.94672596863981
20200615,1,delphi_full,20,39,33,73.35324449603897,83.80290687631391,99.46402229095905,65.52306569676449
20200615,1,seir,1,39,35,4579.502154306186,555.714475182424,29696.99075495855,1080.925931175731
20200615,1,seir,2,40,33,2814.370687150963,269.06795739548886,15450.027973436827,415.5803569323929
20200615,1,seir,3,40,35,4833.638535129798,736.4881847540566,22832.565388821025,1379.6753162701164
20200615,1,seir,4,40,35,6342.85894223823,524.3064318009225,42076.288076153796,1591.1246879562202
20200615,1,seir,5,39,35,6758.55216310482,562.6527249163142,31205.419588137785,1341.168213373235
20200615,1,seir,6,39,35,7820.580513709618,755.3864075454709,39290.50280341368,3057.291657499138
20200615,1,seir,7,40,35,2655.7826593939144,439.1028612787976,5411.044191381941,747.3892015265825
20200615,1,seir,8,40,34,4288.918601676806,614.5526333506783,22894.206576929402,2122.5434457951014
20200615,1,seir,9,38,34,3535.4503605674486,418.75985392402526,6424.505180881576,1774.7341628279846
20200615,1,seir,10,40,36,6110.581525260751,337.26808669122966,52152.82326197468,742.3608347082862
20200615,1,seir,11,39,35,1476.6347963758665,293.7481435290341,3476.795172178519,690.5153305167909
20200615,1,seir,12,39,32,2621.5420475651345,408.4990675533956,13650.809258541316,1775.571560997431
20200615,1,seir,13,40,38,2352.163435624394,992.7245615694546,14334.428054657566,1093.7036319976937
20200615,1,seir,14,40,36,5499.175848756776,569.8728533765702,14270.758607961156,2312.335329232657
20200615,1,seir,15,39,32,6318.762074975152,482.0886019712663,18118.08236883061,1435.1480620438133
20200615,1,seir,16,40,34,4460.191165948959,629.7238101928139,22951.008481623456,2642.481121992385
20200615,1,seir,17,40,37,3144.0786969495,574.7080256539474,20945.228237768057,2810.840314403491
20200615,1,seir,18,39,34,4297.359960165514,262.59373268992545,31932.72386870142,1360.4217648216757
20200615,1,seir,19,39,33,6073.164741512242,891.1507944364492,36666.68412947382,1341.168213373235
20200615,1,seir,20,39,33,2299.14920258003,690.9217342016511,5436.492561713195,690.5153305167909
20200615,1,themis_transfer,1,39,35,113.67057418923802,80.99562600904518,137.7467172964027,71.79037818988945
20200615,1,themis_transfer,2,40,33,129.44450448338242,79.65139713190825,110.73966770390467,73.91142867668532
20200615,1,themis_transfer,3,40,35,99.15991217525243,84.93126747742828,130.79590056871922,62.08061620732508
20200615,1,themis_transfer,4,40,35,106.0814111942077,85.96744459734623,91.33965567954456,57.65607415448045
20200615,1,themis_transfer,5,39,35,140.53095019325758,90.73158567208863,99.371952955267,71.32895121503107
20200615,1,themis_transfer,6,39,35,86.50790100023771,77.37004998872554,93.15342134862576,60.09457941229138
20200615,1,themis_transfer,7,40,35,135.5919371248853,79.61218513829586,146.60825602976035,74.76087399526818
20200615,1,themis_transfer,8,40,34,111.44078107047274,85.29413101929234,164.55282855452367,85.75163372065302
20200615,1,themis_transfer,9,38,34,70.6894815785346,69.81826130474903,76.1909092627184,39.55850184306021
20200615,1,themis_transfer,10,40,36,106.11740420875495,79.42321825497555,112.65086524438055,47.18116590927066
20200615,1,themis_transfer,11,39,35,92.74595607740045,79.00380276880783,121.74118613134183,61.6010180549889
20200615,1,themis_transfer,12,39,32,109.16006389912721,95.00338528662529,72.53336929773023,51.55509673883226
20200615,1,themis_transfer,13,40,38,107.27575090316918,84.1947781508907,180.13099774106877,76.30292291442137
20200615,1,themis_transfer,14,40,36,91.49576627970276,83.39701204304652,113.03988386465961,49.428256198126945
20200615,1,themis_transfer,15,39,32,115.76973863554268,80.86877720135843,80.62085898319957,58.51276894630045
20200615,1,themis_transfer,16,40,34,104.72070475284397,85.03310622318116,135.6001585977491,78.20854479403145
20200615,1,themis_transfer,17,40,37,114.98205775315664,90.16815124772751,123.60584279756053,77.44003481355941
20200615,1,themis_transfer,18,39,34,76.20187753156912,84.40025724168778,84.75513327571852,45.59876928415673
20200615,1,themis_transfer,19,39,33,125.46079642695771,82.19577253935026,114.1897814165867,74.76087399526818
20200615,1,themis_transfer,20,39,33,77.62129624821917,85.42488670492759,128.70552218348362,74.25071778659222
20200615,2,delphi_constant,1,39,36,86.24967802125862,86.33338508600147,88.46331629758961,80.54207962985188
20200615,2,delphi_constant,2,40,34,97.39980590841583,90.33284970696509,71.739541558466,70.87089228595725
20200615,2,delphi_constant,3,40,38,90.99664973146035,95.46244738346675,92.33352935440296,75.39707236401338
20200615,2,delphi_constant,4,40,36,86.24920136934297,94.7735356020882,82.54743030402501,79.53696080488467
20200615,2,delphi_constant,5,39,36,101.04718828362213,97.58964042960332,93.08442080695814,82.30359819005868
20200615,2,delphi_constant,6,39,36,104.80153337172173,93.02986218109014,101.65783334121255,74.4538488426579
20200615,2,delphi_constant,7,40,37,99.24752804595379,88.18401349397675,96.05525681612109,82.4891282618168
20200615,2,delphi_constant,8,40,37,108.36012114922498,95.61295177888442,104.60214858027543,85.96524896783404
20200615,2,delphi_constant,9,39,36,90.20747598158118,91.65124790302013,70.85076072208196,53.89315326642624
20200615,2,delphi_constant,10,40,37,106.01750110705989,90.70548160957499,119.43706839693752,75.18195098262524
20200615,2,delphi_constant,11,39,36,81.11400927584785,79.75913520515118,101.74101322871343,66.77396920201389
20200615,2,delphi_constant,12,39,35,101.55025838903651,98.6433124685288,91.96901821753077,80.06759954079943
20200615,2,delphi_constant,13,40,39,89.16053342820094,88.25331507968221,129.56299253663784,62.1486807240597
20200615,2,delphi_constant,14,40,38,93.14406805959959,93.16701457522429,111.23766813643697,75.00946198088626
20200615,2,delphi_constant,15,40,34,112.32260879425039,97.47281342633036,93.97344084841299,80.87958336243135
20200615,2,delphi_constant,16,40,35,106.44792740906364,90.38443353144086,99.75619956651485,61.611144658042164
20200615,2,delphi_constant,17,40,39,106.49419087617991,90.7340750774103,113.403603222932,74.80254210140063
20200615,2,delphi_constant,18,39,37,85.52691072260735,95.92219384289733,70.30710985620328,81.01655971890432
20200615,2,delphi_constant,19,40,36,114.7800927770672,89.64541304603446,80.14388852359677,79.66881900192266
20200615,2,delphi_constant,20,40,34,83.05719150019756,95.1971525294222,135.658138659284,75.00946198088626
20200615,2,delphi_full,1,39,36,74.26893891500019,80.06866531864806,73.99784955230332,73.64572690455688
20200615,2,delphi_full,2,40,34,89.1075457337821,89.40422014873667,62.518717040796055,69.71193970699579
20200615,2,delphi_full,3,40,38,82.77950721767368,91.89394634845121,83.68899516876411,74.54627467558899
20200615,2,delphi_full,4,40,36,81.43394231894796,95.02644912268346,78.55745340248087,76.28822746465329
20200615,2,delphi_full,5,39,36,90.45764218087504,94.93412799719482,80.83851737170052,76.28822746465329
20200615,2,delphi_full,6,39,36,104.70239127269205,93.17699154476391,97.36279037394408,74.54627467558899
20200615,2,delphi_full,7,40,37,81.00359046583092,80.88731330293439,80.41000942236687,73.85444617100649
20200615,2,delphi_full,8,40,37,93.77019772320264,95.3546108300838,90.26254075518257,82.52026250679188
20200615,2,delphi_full,9,39,36,86.4022566872293,89.60182221435844,67.80449433380817,52.83172044349486
20200615,2,delphi_full,10,40,37,99.4196959697269,88.26666417668424,99.42770243693674,75.71297113255052
20200615,2,delphi_full,11,39,36,77.06177733582602,81.48954443371919,91.72089200051181,71.80292749964576
20200615,2,delphi_full,12,39,35,98.247206289237,97.47965823326811,87.07397661664768,73.85444617100649
20200615,2,delphi_full,13,40,39,77.2426385701448,85.38927358508548,98.31945628748066,64.45728740779758
20200615,2,delphi_full,14,40,38,81.78815910159395,92.21569575576636,97.81937069473825,76.8519417940402
20200615,2,delphi_full,15,40,34,106.28902647050529,97.19212388121834,91.24440747412042,78.68732464905636
20200615,2,delphi_full,16,40,35,92.06508351274985,91.07731598557116,82.8488041320178,66.67426541902142
20200615,2,delphi_full,17,40,39,98.87469728582559,89.78822857076241,101.27088568693374,70.10777086349377
20200615,2,delphi_full,18,39,37,86.40299934478773,96.04269198659006,71.35383520304096,78.78023259540696
20200615,2,delphi_full,19,40,36,108.19857075358178,91.07731598557116,75.97393462088003,74.70279970316258
20200615,2,delphi_full,20,40,34,81.76818485292937,90.62221152727248,110.81122640921663,76.8519417940402
20200615,2,seir,1,39,36,9280.579164387307,821.986624684043,74706.45880977095,2640.5597517639326
20200615,2,seir,2,40,34,5031.240194899903,496.03274702363933,51052.79352015233,1407.0568873523716
20200615,2,seir,3,40,38,6265.024828324245,1340.0639744642685,63837.90538584457,2309.129577881112
20200615,2,seir,4,40,36,10931.29411906397,1641.5838026421316,139811.53456184108,2691.5081652430617
20200615,2,seir,5,39,36,8299.18416484435,1091.5317356355815,93897.18701588453,2905.1226449453957
20200615,2,seir,6,39,36,11450.031371104971,1471.010833024415,103020.91025799444,3755.605934815233
20200615,2,seir,7,40,37,6545.725497013315,656.6789240518688,14726.326202807262,1378.5054044262954
20200615,2,seir,8,40,37,7019.02689847526,921.5456230862271,55748.373010140596,3580.8957686691856
20200615,2,seir,9,39,36,5576.167659773582,1032.1977978394132,15837.814906908307,2309.129577881112
20200615,2,seir,10,40,37,9154.530083161218,811.9627541279722,154981.72132177808,1958.7960004731674
20200615,2,seir,11,39,36,3696.8902262940487,604.7478263767165,13007.817753329617,1166.5354281284142
20200615,2,seir,12,39,35,5790.178089743991,753.8885228749627,34161.63585336284,2670.356744332753
20200615,2,seir,13,40,39,10240.827715991996,1415.4151526959135,40981.54956689889,3418.510479244949
20200615,2,seir,14,40,38,8515.277739557214,1769.0521145286452,42186.49709598329,3349.3589240434544
20200615,2,seir,15,40,34,7268.8824028816625,922.7101292552721,46528.946872672794,3252.6047659059495
20200615,2,seir,16,40,35,7137.706224274816,1318.2269702782878,51965.08119420728,4035.434098277232
20200615,2,seir,17,40,39,5967.06223799878,1960.6236249417434,52478.335390081906,4035.434098277232
20200615,2,seir,18,39,37,7208.414465137669,604.7478263767165,66915.5061033462,2670.356744332753
20200615,2,seir,19,40,36,10039.372297097016,1152.6478843100267,87677.95668855745,2880.944209536666
20200615,2,seir,20,40,34,4711.670994849998,1093.5984361795236,18774.51158043662,1479.5375688380914
20200615,2,themis_transfer,1,39,36,555.3991723556501,94.06079824209503,479.2205790126784,91.51266287545849
20200615,2,themis_transfer,2,40,34,1029.8318145242688,93.58249958115681,899.7892441409712,85.73755966446171
20200615,2,themis_transfer,3,40,38,382.0595678633155,98.28972602608425,640.6772953471591,93.19312992809202
20200615,2,themis_transfer,4,40,36,394.1465249904803,97.35508798359606,282.3194506773148,90.03344160969843
20200615,2,themis_transfer,5,39,36,985.1907720333446,98.27121649155343,529.1370259184828,93.4941767767115
20200615,2,themis_transfer,6,39,36,238.91958450993732,94.23336163629592,229.5227949424048,94.33653498941297
20200615,2,themis_transfer,7,40,37,634.18455344338,92.46548597693646,470.5328802466034,84.4940016576453
20200615,2,themis_transfer,8,40,37,802.451636912698,96.90912847518618,599.4003352163431,98.6540733622693
20200615,2,themis_transfer,9,39,36,127.90105410087959,96.26475829967455,186.601499650287,77.92065996290475
20200615,2,themis_transfer,10,40,37,482.08450507523173,92.66510478144616,589.2655940975168,86.39684819098966
20200615,2,themis_transfer,11,39,36,647.743162751325,97.38678778445838,750.6817969721006,94.44398163462513
20200615,2,themis_transfer,12,39,35,226.2406061442015,99.34178927290121,182.27510644236094,93.34577722400618
20200615,2,themis_transfer,13,40,39,808.081495658894,96.31023951956527,865.738759240683,99.29295957753854
20200615,2,themis_transfer,14,40,38,367.725743314951,96.03504808622193,331.9290223958084,79.9762309166372
20200615,2,themis_transfer,15,40,34,187.4803404395131,97.96628079888077,147.5752601939917,87.9080093606616
20200615,2,themis_transfer,16,40,35,368.41704307564225,99.43613894097874,415.31418563582884,99.18456696663678
20200615,2,themis_transfer,17,40,39,554.0646941815048,98.81757817297029,405.3144043286215,94.80171795024212
20200615,2,themis_transfer,18,39,37,194.87231904732042,94.23336163629592,316.6385882633988,86.98111767127814
20200615,2,themis_transfer,19,40,36,491.6953690036688,92.61809112299977,633.2983552642203,85.74689991638229
20200615,2,themis_transfer,20,40,34,185.37081631292594,96.1920816081325,418.33313645979365,86.66415805012647
20200615,3,delphi_constant,1,39,37,107.4360607103943,93.21824045719363,126.96462664726982,92.86018923169154
20200615,3,delphi_constant,2,40,35,126.00341874762428,93.77944305779846,93.42274868290382,79.98707483756611
20200615,3,delphi_constant,3,40,39,119.35794443106438,97.83374078259243,132.12254826100383,81.60846609830345
20200615,3,delphi_constant,4,40,37,107.48984556857015,97.25097234898965,129.6642528407131,84.10374180309125
20200615,3,delphi_constant,5,39,37,156.22866037884924,98.34505521046503,150.71708614809737,87.93644990111477
20200615,3,delphi_constant,6,39,36,167.3167695983359,95.84300235111597,132.08140187952793,78.07441036490056
20200615,3,delphi_constant,7,40,37,135.1606026382774,91.66561637443857,119.88711712032189,83.51106208217269
20200615,3,delphi_constant,8,40,38,137.7322173232714,97.83374078259243,114.86356362132356,92.85736990506709
20200615,3,delphi_constant,9,39,36,109.43034933377142,97.3538985712613,102.0743542002284,72.71533586339638
20200615,3,delphi_constant,10,40,38,174.6437092795822,95.81693395330592,224.78742025549394,83.12514556182683
20200615,3,delphi_constant,11,39,36,109.99215246985462,93.53837979071415,135.29181655847296,75.52835654312821
20200615,3,delphi_constant,12,39,36,128.95695435873816,99.16299818042928,108.18044743814701,89.96554389835399
20200615,3,delphi_constant,13,40,39,121.89438107868565,93.32530827003892,195.461686498874,70.96877749595885
20200615,3,delphi_constant,14,40,39,103.65099540788874,95.87555814721037,133.16893657142583,87.93644990111477
20200615,3,delphi_constant,15,40,34,142.51244732510872,98.34632550686187,116.7017849715123,86.55261730157233
20200615,3,delphi_constant,16,40,37,151.41046404021353,95.90162654502042,157.34292204645763,84.10374180309125
20200615,3,delphi_constant,17,40,39,160.99441502843538,96.69650805092095,157.39299292689162,83.51106208217269
20200615,3,delphi_constant,18,39,38,97.11939777959032,97.61216431189176,74.07658511108532,84.74675482335014
20200615,3,delphi_constant,19,40,37,189.10948380348128,95.07180411815347,119.66064589633856,78.84052089030237
20200615,3,delphi_constant,20,40,34,88.66749061275105,96.29700256973007,163.6473673309019,79.14245666862428
20200615,3,delphi_full,1,39,37,80.61193824500513,85.50163539100257,92.75662874849716,80.25263721817171
20200615,3,delphi_full,2,40,35,97.70788533906541,93.06452724856122,66.32292553087744,78.13973552557673
20200615,3,delphi_full,3,40,39,94.9906729869774,96.42289943755502,102.78177569103828,84.7379133678899
20200615,3,delphi_full,4,40,37,90.9544019941477,96.22700926770369,104.43224763416778,84.7379133678899
20200615,3,delphi_full,5,39,37,114.47660327993628,97.82182355195062,105.70625079646315,85.4372302035164
20200615,3,delphi_full,6,39,36,157.66642298104793,96.50666892974172,121.76595622629004,80.13781807757667
20200615,3,delphi_full,7,40,37,89.43640897682052,92.32944854664194,87.09396528588437,77.31506086278851
20200615,3,delphi_full,8,40,38,100.59370567866006,96.9619301351801,93.33819034593375,84.89655984102906
20200615,3,delphi_full,9,39,36,95.08306684758163,94.56548390601893,85.67332784212877,71.20079476927225
20200615,3,delphi_full,10,40,38,150.10615362594413,93.5941016638718,152.71860889717237,81.14132950282735
20200615,3,delphi_full,11,39,36,90.5074434141023,88.17479337935936,103.97355805307785,80.13781807757667
20200615,3,delphi_full,12,39,36,113.81283637318298,98.63136575970607,94.02218927614518,84.68046297706199
20200615,3,delphi_full,13,40,39,89.72215880543698,91.03152031210064,117.38479088935382,70.6287747054373
20200615,3,delphi_full,14,40,39,81.33806475896327,94.38172732188832,108.14918378260819,84.7379133678899
20200615,3,delphi_full,15,40,34,124.00283834661111,98.76303804229963,106.84098846272299,86.6838769139431
20200615,3,delphi_full,16,40,37,109.27953762604027,94.9420604956589,112.16569046700941,80.53981411805185
20200615,3,delphi_full,17,40,39,125.27805342567822,95.63299334548226,117.22790053346368,76.16861552108534
20200615,3,delphi_full,18,39,38,93.74182001620412,98.0884651305676,73.40023005159593,84.8534786272712
20200615,3,delphi_full,19,40,37,159.5141425013841,95.7679743791611,103.34638936727805,79.30558382044323
20200615,3,delphi_full,20,40,34,85.34375959724986,93.83372586451085,103.84622932616672,79.35489124552174
20200615,3,seir,1,39,37,10621.062086037071,1919.24180078013,103809.68454293416,4297.996548060732
20200615,3,seir,2,40,35,7949.044931759434,1011.9477179472897,53442.655993819186,2894.508713119025
20200615,3,seir,3,40,39,9344.988459603781,2256.8800494288694,67916.743084812,4825.539694448459
20200615,3,seir,4,40,37,17132.315779179007,2782.6313533789653,121824.01963955737,6474.222784538114
20200615,3,seir,5,39,37,9267.578898801903,2166.5892744814646,90630.23906470487,4633.818302511437
20200615,3,seir,6,39,36,12958.184602578334,3287.041874332683,152367.48954319398,10820.118960206155
20200615,3,seir,7,40,37,17077.61663113854,980.4497827376642,31269.13728630509,2467.146433620524
20200615,3,seir,8,40,38,10390.374372842,1473.4268817516133,61234.91336161704,4939.824663528512
20200615,3,seir,9,39,36,7113.703619272102,1473.527853146701,25549.492931724682,6328.538839392549
20200615,3,seir,10,40,38,8817.488046469854,1502.0098246552104,190263.96202069081,3033.6938676306017
20200615,3,seir,11,39,36,7694.940932101827,1175.252531295428,28707.69527045268,2625.6185370738867
20200615,3,seir,12,39,36,22329.38510856527,1553.148630793623,55055.72216422795,4616.827153226946
20200615,3,seir,13,40,39,21003.43227645057,1678.6846150974561,82751.47655854766,7814.211370825456
20200615,3,seir,14,40,39,14479.02908449424,2858.253816950461,63260.31485824581,7814.211370825456
20200615,3,seir,15,40,34,7635.754041553793,1506.0886161569779,59468.68251310022,6551.094062276425
20200615,3,seir,16,40,37,8626.404019576677,2479.0277772261807,74450.02067742836,10997.023559191079
20200615,3,seir,17,40,39,15703.361830979353,4558.467875548775,88287.90493613263,11031.361846002763
20200615,3,seir,18,39,38,7302.0884191508385,1126.2755676361098,100800.20343977747,4419.04666942222
20200615,3,seir,19,40,37,18740.428819766243,2068.232356639009,128296.54933809036,4297.996548060732
20200615,3,seir,20,40,34,10044.407911812208,1235.7033023345382,46161.221667036785,3476.153748484492
20200615,3,themis_transfer,1,39,37,1075.241736954887,98.43195949085833,1276.0736887400947,95.83138159453061
20200615,3,themis_transfer,2,40,35,2021.7016215420863,97.25545846847307,2441.673684856068,101.28988896421912
20200615,3,themis_transfer,3,40,39,679.3533568817256,99.40201763826539,1100.4623596445274,99.63509930058298
20200615,3,themis_transfer,4,40,37,1034.079349985636,99.04788518654011,1096.0523899754298,96.4782752413413
20200615,3,themis_transfer,5,39,37,1848.0917528980062,98.93161273855435,1863.4898275837822,97.05957628362764
20200615,3,themis_transfer,6,39,36,575.9389878918745,96.26605660496637,513.1075932354778,96.7798897617051
20200615,3,themis_transfer,7,40,37,1217.6808446629102,95.82736271288834,1163.6630054649281,90.76069767621402
20200615,3,themis_transfer,8,40,38,1558.4124748571862,98.40430792172063,1325.3025180911059,97.36632870951613
20200615,3,themis_transfer,9,39,36,232.94518998489679,98.6301621759289,341.324225204413,93.67435456859178
20200615,3,themis_transfer,10,40,38,1531.9597684537114,96.50220149377846,2720.376006469736,94.21468160687587
20200615,3,themis_transfer,11,39,36,1278.339846384748,99.76458824616536,1644.3076395844942,99.54556781702365
20200615,3,themis_transfer,12,39,36,654.4553645105207,99.78122964704575,473.8781301142531,97.52338706592658
20200615,3,themis_transfer,13,40,39,2009.4375719787245,98.93657847422381,2711.504864897663,91.10084772661831
20200615,3,themis_transfer,14,40,39,698.5833307433743,98.80992900900048,582.6675967938897,94.05675240256758
20200615,3,themis_transfer,15,40,34,377.84791660128184,99.34371661286816,276.49339252508935,91.1133590310694
20200615,3,themis_transfer,16,40,37,670.1125276858784,99.89606170568054,793.8461657806641,99.94696731687533
20200615,3,themis_transfer,17,40,39,1281.726662840904,99.88015610914766,1222.2444333799947,99.94696731687533
20200615,3,themis_transfer,18,39,38,292.1411378983427,96.13814735923326,605.5377747339726,85.5841708100829
20200615,3,themis_transfer,19,40,37,971.9172379385893,96.54651842150011,1078.7431292252054,81.38468881374122
20200615,3,themis_transfer,20,40,34,610.3234826002601,98.75366105321487,1342.4047555723464,92.35753795834546
20200715,1,delphi_constant,1,39,35,75.18213777933813,87.26831962533413,78.93534304249587,40.35196263310582
20200715,1,delphi_constant,2,42,35,111.2831226360449,90.08890546606025,92.14189145695104,75.42357232814634
20200715,1,delphi_constant,3,42,42,66.86141454403452,73.24116933634207,54.73745691075386,51.70183550429363
20200715,1,delphi_constant,4,41,38,66.94336779714041,81.52788413541994,51.96948658803624,55.79388513638213
20200715,1,delphi_constant,5,41,41,87.74541633941976,86.73921425178516,74.19284225412025,51.643418138436346
20200715,1,delphi_constant,6,41,38,89.14970083295171,81.86968138102829,100.20208712182735,51.54880656889687
20200715,1,delphi_constant,7,42,37,110.79310803532478,80.56344778592644,105.87530131584883,51.76025287015092
20200715,1,delphi_constant,8,41,36,75.89164853647277,88.0464401925345,59.14250564301895,62.48713930335215
20200715,1,delphi_constant,9,41,37,84.2594935832785,84.67944020763872,62.72514176832074,49.65084066057777
20200715,1,delphi_constant,10,42,38,100.75897432275171,87.50196117298606,120.85181724330816,62.64129366193905
20200715,1,delphi_constant,11,41,37,107.67003703385853,77.15847532694785,132.36787317790416,40.08398052079017
20200715,1,delphi_constant,12,40,35,89.66320544719096,79.27618199684477,85.14404665085246,50.842601599525
20200715,1,delphi_constant,13,42,41,144.4092361267529,85.70932722971193,165.2184625750766,46.88509208936846
20200715,1,delphi_constant,14,41,37,116.38842641171979,88.0464401925345,100.84073760964218,61.072765211588376
20200715,1,delphi_constant,15,40,36,87.46037355839118,81.37711947817348,144.00808766442518,45.12647194534229
20200715,1,delphi_constant,16,41,37,112.32717298786926,88.0464401925345,100.91123064285348,67.19315860496481
20200715,1,delphi_constant,17,41,36,100.1455837044258,73.22792669596119,74.38266122044494,53.73837205877588
20200715,1,delphi_constant,18,41,36,120.15128032119884,89.43354325561108,165.59131768141356,47.98654583743538
20200715,1,delphi_constant,19,42,38,75.14932132811472,76.11824050460828,58.280989279917726,43.85490252755027
20200715,1,delphi_constant,20,42,37,74.56748157160207,69.61865697924458,100.34614024266644,54.696054083769305
20200715,1,delphi_full,1,39,35,75.97625975358186,87.59930744797616,79.13542971894101,41.023018273335474
20200715,1,delphi_full,2,42,35,110.43641678852215,90.29683539069413,91.74531279506704,74.78923722966087
20200715,1,delphi_full,3,42,42,67.78740336237937,74.07925020653934,55.18693097274143,51.77671049411825
20200715,1,delphi_full,4,41,38,67.65958221614642,82.09275120934456,52.1867439055865,55.977937717292896
20200715,1,delphi_full,5,41,41,87.80009156138898,87.0724709660524,74.47088986977091,51.87300224915816
20200715,1,delphi_full,6,41,38,88.14587448220237,82.92654208846525,98.01691430617775,52.21123438570615
20200715,1,delphi_full,7,42,37,109.14465170567779,81.26924641846546,104.84760946944493,51.680418739078334
20200715,1,delphi_full,8,41,36,76.06543582588233,88.0934561496645,59.24213576018089,62.93717615634276
20200715,1,delphi_full,9,41,37,84.2435770670597,85.06246011568898,62.38076309467336,49.04368991113072
20200715,1,delphi_full,10,42,38,100.1562569966062,87.78910241175024,119.35086011545327,62.78260832575944
20200715,1,delphi_full,11,41,37,107.38651465736432,77.86425624061974,131.63638248845555,41.65766685228501
20200715,1,delphi_full,12,40,35,88.16482445825169,80.2639710788574,83.08142109442858,51.09822961919577
20200715,1,delphi_full,13,42,41,141.18714733355068,86.0674655408707,160.71198847879336,47.94947336769322
20200715,1,delphi_full,14,41,37,115.49218178865375,88.0934561496645,99.76214055574906,60.41264378016024
20200715,1,delphi_full,15,40,36,85.99783765660742,81.69957548034321,141.33418146072964,45.6211962108751
20200715,1,delphi_full,16,41,37,111.97214128115498,88.0934561496645,99.68928215034353,67.2239879498217
20200715,1,delphi_full,17,41,36,99.06080645196587,73.9844280064857,73.87016752285822,54.79048773059661
20200715,1,delphi_full,18,41,36,118.59298001270244,89.51781249738843,162.2180130552706,48.019397437829596
20200715,1,delphi_full,19,42,38,74.55546748786674,77.15123305175226,58.151389785994766,44.30170730352304
20200715,1,delphi_full,20,42,37,73.47655008170976,70.92079748108053,97.08560100674539,55.52229539762353
20200715,1,seir,1,39,35,3012.0251025738476,747.3684205901327,33522.301053565694,4682.702052081159
20200715,1,seir,2,42,35,2529.137802782099,229.3395969101055,26625.319138549075,786.424655025074
20200715,1,seir,3,42,42,1605.3405920725986,936.0754171163001,10654.062508871526,1244.5219349311762
20200715,1,seir,4,41,38,2251.331335129125,266.8617972693212,19364.832803686386,513.7643004224573
20200715,1,seir,5,41,41,2776.0599514608134,492.0581520852294,62119.54640544686,1537.6149020149835
20200715,1,seir,6,41,38,2481.219746061946,335.1835034991053,13623.014329437976,1170.342642986112
20200715,1,seir,7,42,37,2564.7337382959627,269.0636402909764,27464.739619116055,1452.4535115255817
20200715,1,seir,8,41,36,2644.4089708370666,269.90469692383317,4118.920960475303,1137.9444536493172
20200715,1,seir,9,41,37,2282.3694461547007,492.0581520852294,14626.906760554533,1851.1530748190996
20200715,1,seir,10,42,38,1735.4509551184854,252.88002051798122,28574.879484936275,432.45612981636424
20200715,1,seir,11,41,37,2713.046909279933,470.8612651079699,42184.0653766962,1798.1867753002348
20200715,1,seir,12,40,35,2026.8467935547374,338.40503996782434,53216.730521352285,482.7621060458962
20200715,1,seir,13,42,41,2598.733412575586,721.7524578032553,11743.362015950115,2909.689038571934
20200715,1,seir,14,41,37,3737.817572537034,522.8525447405817,28530.976945408464,2909.689038571934
20200715,1,seir,15,40,36,1271.6402115024803,312.1337667895772,9117.052287049688,829.0821295881063
20200715,1,seir,16,41,37,2010.045782308573,551.5609876497729,14981.865575382473,1631.815258545084
20200715,1,seir,17,41,36,2046.1956878447756,354.36283665532125,23769.761445653407,787.3233232447812
20200715,1,seir,18,41,36,1890.4646184992446,470.8612651079699,7837.642645485136,1824.669925059667
20200715,1,seir,19,42,38,2420.1101395539176,347.08572496567564,29901.52438997376,1062.7505962201344
20200715,1,seir,20,42,37,2141.8935496580243,525.6166359897579,8066.675479722969,2408.085845962553
20200715,1,themis_transfer,1,39,35,363.0578415376003,71.83866192691619,165.7537632874052,38.12838440601383
20200715,1,themis_transfer,2,42,35,116.56556009719026,80.89577383636757,100.91341957569449,74.64290085793827
20200715,1,themis_transfer,3,42,42,156.4730146250556,65.99906867982486,79.4491996130577,58.6655956356518
20200715,1,themis_transfer,4,41,38,64.10766489465917,65.67282232399035,55.501782105234305,48.583882578799596
20200715,1,themis_transfer,5,41,41,410.9460752546484,86.79398021004087,137.76089388722383,54.82242416631109
20200715,1,themis_transfer,6,41,38,115.67344840218657,69.8036761043797,126.17933428044073,48.45614468535162
20200715,1,themis_transfer,7,42,37,129.66525913952668,67.4649627969939,117.57281660960692,42.919956583963014
20200715,1,themis_transfer,8,41,36,77.86965179829089,74.00020527337651,67.50010347800907,70.19590241690699
20200715,1,themis_transfer,9,41,37,91.03840722569278,67.4753026668797,72.45740947161326,54.01949586577995
20200715,1,themis_transfer,10,42,38,94.4955296787122,80.05905348695126,138.81799477318495,71.36228377657008
20200715,1,themis_transfer,11,41,37,110.81673912242972,66.6240726961759,135.64446050141083,47.85239014498046
20200715,1,themis_transfer,12,40,35,112.93869234690541,68.39743260075127,121.87640687221612,65.02817057415331
20200715,1,themis_transfer,13,42,41,159.87450729127585,77.17123789438583,203.0349103001619,51.41590647285952
20200715,1,themis_transfer,14,41,37,114.24675588258387,77.9841948755234,114.22000094104529,60.66842287448666
20200715,1,themis_transfer,15,40,36,134.68631318113808,79.27976999432187,208.9518227208609,66.0750453491875
20200715,1,themis_transfer,16,41,37,119.43187187367568,78.741462023149,126.8859666314684,74.93887374365036
20200715,1,themis_transfer,17,41,36,111.76843092964295,65.67027620681489,86.82532365066808,56.70645738105172
20200715,1,themis_transfer,18,41,36,131.5356389662935,78.07956501496342,215.7375403411221,49.413699516615594
20200715,1,themis_transfer,19,42,38,93.34680477039714,68.00224814084572,65.44482434423605,42.63235705954075
20200715,1,themis_transfer,20,42,37,79.15146584476703,59.820938851761696,122.22692490878659,56.79766036355159
20200715,2,delphi_constant,1,40,37,91.95539260372624,90.81755101454121,97.97935893784702,58.921221340604646
20200715,2,delphi_constant,2,42,35,164.1727659039287,95.23342157364135,138.76281047448433,79.88347932699634
20200715,2,delphi_constant,3,42,42,70.4092320364668,80.63064865704672,67.5697719053336,64.3391651442187
20200715,2,delphi_constant,4,41,38,75.74444301812721,89.20498568877767,60.430883420763905,68.48636973975272
20200715,2,delphi_constant,5,42,41,119.91363128529599,93.1318553160173,119.66292326881491,71.46555074618458
20200715,2,delphi_constant,6,42,39,111.99817998969581,90.27927023424661,114.65652054314148,64.29468380100342
20200715,2,delphi_constant,7,42,37,163.39372359922223,89.87431168138527,154.79614051206744,74.09069461560807
20200715,2,delphi_constant,8,42,38,83.3372779224397,92.42073045649738,69.60415421666666,67.42164337216593
20200715,2,delphi_constant,9,41,38,96.0095507892021,90.7427173751916,77.65434518236862,70.6610238188509
20200715,2,delphi_constant,10,42,38,140.4479022014076,94.8379163200944,181.83896920423987,80.67244269109024
20200715,2,delphi_constant,11,41,39,158.2283443821955,88.1079907294445,197.4500541486805,71.46555074618458
20200715,2,delphi_constant,12,40,38,115.79402738745152,86.62557316092764,112.15933738695702,67.98023183923462
20200715,2,delphi_constant,13,42,41,226.68978199244498,92.42073045649738,246.76184797734444,68.91155978522904
20200715,2,delphi_constant,14,42,37,175.9237762801816,95.91842824971434,145.220278380283,76.68382448999374
20200715,2,delphi_constant,15,41,37,111.34434513825197,89.306683264811,177.7129709170399,70.88693858442187
20200715,2,delphi_constant,16,42,38,175.2491117229921,92.62532016552959,153.00335379056503,80.5616230041461
20200715,2,delphi_constant,17,41,37,147.9435736553675,85.14315559241079,106.47500848914761,74.09069461560807
20200715,2,delphi_constant,18,42,37,177.57525868502995,95.04489528035398,255.49902484426093,80.44978032383004
20200715,2,delphi_constant,19,42,39,87.65953408536654,88.39794209127358,67.07289536747582,61.426094243148974
20200715,2,delphi_constant,20,42,40,95.23611544064613,79.61974099590047,114.9647974406447,75.38725955280091
20200715,2,delphi_full,1,40,37,92.73915561098607,91.33675895793405,97.63798983076931,60.701638795990775
20200715,2,delphi_full,2,42,35,155.07908103602327,95.4563591482657,132.87968165216535,80.59560209658052
20200715,2,delphi_full,3,42,42,71.76641110718595,83.22358108207868,68.87943036722916,65.75425828141968
20200715,2,delphi_full,4,41,38,77.18733546689633,89.95096695545635,60.42273861376924,68.89353336966849
20200715,2,delphi_full,5,42,41,119.0227710946175,93.89220673845995,118.52567558554799,71.7899392878968
20200715,2,delphi_full,6,42,39,107.74549582899779,90.77358944013834,107.93899308246527,66.5794099118176
20200715,2,delphi_full,7,42,37,146.90709214121705,90.54846375490936,143.57944199248854,75.1187928189334
20200715,2,delphi_full,8,42,38,82.34270225220526,92.8562977801896,71.42681192896339,67.56728315339176
20200715,2,delphi_full,9,41,38,95.09981418855004,91.21422571425002,74.71312123033158,71.86817113686509
20200715,2,delphi_full,10,42,38,136.32616907054629,95.22507782738793,174.8000722699104,81.33431593032344
20200715,2,delphi_full,11,41,39,149.1086203123968,88.91826808472891,191.17727975015652,71.7899392878968
20200715,2,delphi_full,12,40,38,106.35222025533115,87.59796595025068,102.11775687702179,65.98071503126944
20200715,2,delphi_full,13,42,41,206.9355222532989,92.72702211269775,225.06033880056123,68.1853982996737
20200715,2,delphi_full,14,42,37,164.85222672848707,96.05473605284709,137.2218589078817,76.73856666479331
20200715,2,delphi_full,15,41,37,105.96597400931904,87.10136147284841,168.5585396159272,64.98107016765854
20200715,2,delphi_full,16,42,38,170.47716288636997,93.10923356771892,147.0222817536916,81.59645417116775
20200715,2,delphi_full,17,41,37,138.580855779678,86.27766381577247,102.07585397644566,74.68745259070988
20200715,2,delphi_full,18,42,37,170.21355489338129,95.19378177014212,242.25831726674835,80.72036430464405
20200715,2,delphi_full,19,42,39,83.35987322385088,89.19582098273932,66.6935740927486,63.07937502422249
20200715,2,delphi_full,20,42,40,89.93074643561872,77.7253529086685,104.00348167035585,73.23869593930334
20200715,2,seir,1,40,37,8820.740898563057,1873.4081416662575,80841.36402363783,8247.146996774412
20200715,2,seir,2,42,35,4223.137440261028,378.0737250510202,71764.96899590072,1122.5025665230112
20200715,2,seir,3,42,42,3834.9410840031696,2230.7585569845514,20671.654222711135,3710.3889768194886
20200715,2,seir,4,41,38,3331.299301592934,330.4805089427249,46757.05006010148,944.2305269716946
20200715,2,seir,5,42,41,7405.15736605585,877.3416887589897,77006.72200201033,3687.930848166019
20200715,2,seir,6,42,39,6606.644243492178,688.0251174216296,31742.14768881987,2602.3360654981657
20200715,2,seir,7,42,37,7074.105716858792,590.1119371298447,77100.6701750566,2602.3360654981657
20200715,2,seir,8,42,38,8462.268094196232,439.7693175843525,10643.577000734154,1695.6417529754685
20200715,2,seir,9,41,38,6091.281537332575,1133.4972309943082,34871.2657691505,3710.3889768194886
20200715,2,seir,10,42,38,2983.924421534614,400.6734932795956,88177.84827686119,652.2692373631364
20200715,2,seir,11,41,39,4970.242026021735,1155.7183619599039,104475.07418339812,2962.9884567392405
20200715,2,seir,12,40,38,4600.329101557549,847.2945850982651,34027.64982069379,1022.9913709669672
20200715,2,seir,13,42,41,9261.165990901525,1528.2147301896832,35793.519959016165,6237.993580789396
20200715,2,seir,14,42,37,7588.838166768909,1054.7934436844055,72860.46791392998,6237.993580789396
20200715,2,seir,15,41,37,4845.3504132979515,636.2502481300731,25249.4693675833,1671.1396638899491
20200715,2,seir,16,42,38,3845.326158634632,1069.6841291769874,44378.76214284634,4071.9645336275707
20200715,2,seir,17,41,37,4256.252419073115,538.9371602398815,65441.39890326542,1231.4626783671854
20200715,2,seir,18,42,37,4910.805782912967,1037.5949590799937,22886.777714155534,3687.930848166019
20200715,2,seir,19,42,39,4318.621381164376,944.0879154197685,88887.89049280503,1775.9910082921813
20200715,2,seir,20,42,40,5643.502960162348,1761.3574991781975,26292.744144599135,5355.774009967797
20200715,2,themis_transfer,1,40,37,5651.946267946494,91.61610393503742,8194.817172816554,60.146959333774554
20200715,2,themis_transfer,2,42,35,277.6663166642356,94.82445146272852,204.70752524761252,85.3710961431962
20200715,2,themis_transfer,3,42,42,5344.723307814992,83.1039920866119,5974.160475894937,66.29082373473133
20200715,2,themis_transfer,4,41,38,99.47526762113736,84.96547116070396,108.08867130867556,57.24811572541941
20200715,2,themis_transfer,5,42,41,5664.078220804355,95.97905042890966,8303.332860000328,81.26430340036416
20200715,2,themis_transfer,6,42,39,993.3375298622877,86.7507903625379,626.5305753386234,65.38827435592592
20200715,2,themis_transfer,7,42,37,395.4255579978371,85.22938741292559,242.82454748198862,81.48518044812172
20200715,2,themis_transfer,8,42,38,158.40495221104032,81.5116927117528,117.56280476890736,65.24308559148668
20200715,2,themis_transfer,9,41,38,247.5075541569733,87.7332651262978,164.71074101571867,90.65258124756835
20200715,2,themis_transfer,10,42,38,299.4193160892091,95.69565126657167,471.8193444142888,76.42009538424259
20200715,2,themis_transfer,11,41,39,270.2112090438317,96.2369443064384,261.6584468327179,69.43865648656679
20200715,2,themis_transfer,12,40,38,800.5447487206361,92.79359502948606,406.08557026015114,81.66439440673356
20200715,2,themis_transfer,13,42,41,381.6087462605805,95.06647095470707,415.87146626137303,84.23586153224024
20200715,2,themis_transfer,14,42,37,244.12543238877348,95.18781109544734,197.59010547991824,75.05249666916168
20200715,2,themis_transfer,15,41,37,421.5377480776338,88.49928114187068,602.8145475109613,92.14529264804493
20200715,2,themis_transfer,16,42,38,257.09555552883336,94.32943717972452,253.59132592177448,82.07410177844484
20200715,2,themis_transfer,17,41,37,253.804230726375,92.1256451866609,182.92024678816514,71.93350177134128
20200715,2,themis_transfer,18,42,37,442.1179623985289,99.44665629651021,651.1679045439249,95.7568122578182
20200715,2,themis_transfer,19,42,39,238.54408551128685,91.48553457961802,162.77973502841562,54.69719655768232
20200715,2,themis_transfer,20,42,40,134.18959746821733,78.78142265661694,199.1128884127639,64.08663894844184
20200715,3,delphi_constant,1,40,38,85.01128403317205,95.01146983945478,122.09046908975166,72.04580098257267
20200715,3,delphi_constant,2,42,36,194.70414093417557,97.82223738945153,177.58226523180846,85.01740150312986
20200715,3,delphi_constant,3,42,42,73.24388181457739,83.03536007166161,77.2745258983957,76.80288016503602
20200715,3,delphi_constant,4,41,38,82.31788994143511,94.48443804778329,67.37306021356967,77.83487239367761
20200715,3,delphi_constant,5,42,41,174.09058749506778,95.30774181270728,221.8521146550115,83.70333259274355
20200715,3,delphi_constant,6,42,39,133.53297881906,94.17035558376332,139.95125311753978,77.16770648881943
20200715,3,delphi_constant,7,42,38,198.7889410445476,94.53686688917847,209.12237073029056,89.76395359768325
20200715,3,delphi_constant,8,42,39,86.30160821723851,95.01171328592763,77.78540696459984,72.25209096390272
20200715,3,delphi_constant,9,41,38,86.82397157758186,93.69544454152434,88.81863701833964,76.97579846049203
20200715,3,delphi_constant,10,42,40,203.44229492024095,98.16970451918182,281.2602529603545,91.45495773444185
20200715,3,delphi_constant,11,41,39,238.64867819996445,93.54841412907527,322.1705879735425,81.03628215222258
20200715,3,delphi_constant,12,40,39,134.64392281132038,93.41851209754815,136.36643677725132,72.70071816671611
20200715,3,delphi_constant,13,42,41,334.91713749174846,94.58141373687211,391.1151647228781,80.23618629230997
20200715,3,delphi_constant,14,42,38,268.403457351668,98.18952892552144,204.92832052228468,89.47494923827915
20200715,3,delphi_constant,15,41,38,108.34738165486068,93.78946216930927,206.17182078384585,76.23902975698434
20200715,3,delphi_constant,16,42,39,246.84143575500315,96.67362368597003,216.86575827477677,90.86218179097023
20200715,3,delphi_constant,17,41,39,198.42693167834037,91.08851043347605,146.09942830946338,82.34492680609836
20200715,3,delphi_constant,18,42,38,249.40748532142837,98.6033643579207,388.7252006988182,85.57763968922683
20200715,3,delphi_constant,19,42,40,94.76100984933875,93.6219293352998,81.85753381574465,70.84157655709362
20200715,3,delphi_constant,20,42,40,112.2829537214851,83.10745747818105,128.0876439686671,84.41763120005395
20200715,3,delphi_full,1,40,38,84.97328441983532,95.58102120317014,120.69518881167802,71.32877481814845
20200715,3,delphi_full,2,42,36,166.1812958470615,97.98391972981409,160.5047809693275,85.20794153032826
20200715,3,delphi_full,3,42,42,73.42694875142051,85.33496174730439,80.03753337731912,79.58027291034271
20200715,3,delphi_full,4,41,38,83.6544384411607,94.84817723502059,68.51223991753749,78.09739097469377
20200715,3,delphi_full,5,42,41,168.41197966402012,95.72910504553982,214.49736523974846,84.46490768804051
20200715,3,delphi_full,6,42,39,124.71076154408497,94.514799266496,128.2635079812839,77.16680300683329
20200715,3,delphi_full,7,42,38,151.10105772119695,94.83870591074044,175.40522008188435,89.71232502687535
20200715,3,delphi_full,8,42,39,84.8070771559442,95.03834620421921,80.405324017363,74.06275777417423
20200715,3,delphi_full,9,41,38,84.69261902590607,94.27953670528527,81.78067330841567,79.38359553564082
20200715,3,delphi_full,10,42,40,190.9006263576009,98.3111611083454,261.97887764240517,89.71441669130698
20200715,3,delphi_full,11,41,39,207.0912111674397,94.47616530483651,299.6249813917697,82.38896247384638
20200715,3,delphi_full,12,40,39,111.74589620500235,93.84412512011546,110.95843663285675,74.06275777417423
20200715,3,delphi_full,13,42,41,279.55074345869764,95.13857117129163,336.27939486034484,74.41517560938901
20200715,3,delphi_full,14,42,38,226.68213964883003,98.24041270319073,179.39304113850122,90.67871071334793
20200715,3,delphi_full,15,41,38,101.14694984557696,94.13205961035919,192.15061041406236,71.76182739575184
20200715,3,delphi_full,16,42,39,225.62969497822382,96.47653742204469,198.94746642633677,89.23265748111788
20200715,3,delphi_full,17,41,39,169.19903581987813,91.0618327530945,131.85179775512535,79.38347558005458
20200715,3,delphi_full,18,42,38,232.5614837827138,97.43902702039615,359.8776815368548,86.15655085103924
20200715,3,delphi_full,19,42,40,86.50261285745741,92.76576903231256,79.72876049169656,71.0759866162521
20200715,3,delphi_full,20,42,40,101.73360776870189,85.10945267025362,109.08044937684213,81.33477665107515
20200715,3,seir,1,40,38,20192.889857118374,2574.1323784595497,106266.1096238731,14043.816693030949
20200715,3,seir,2,42,36,6364.659312735751,445.1230715721555,69021.37633230718,2314.610364615262
20200715,3,seir,3,42,42,9668.370259603966,2267.378180965213,32931.90991192076,6927.675666460987
20200715,3,seir,4,41,38,4201.302841808045,842.5432162671436,45611.120517404794,1166.0142787138175
20200715,3,seir,5,42,41,13052.260810359721,1221.2232191533028,70521.71127798893,5403.449894734409
20200715,3,seir,6,42,39,8919.758910248029,1102.0242810016857,61572.01244139909,4764.773037893888
20200715,3,seir,7,42,38,12615.015906708435,969.7094011137765,90663.30510493224,4652.693232624856
20200715,3,seir,8,42,39,19702.158387140764,796.6826415501835,43622.46361167181,2635.8697060827653
20200715,3,seir,9,41,38,17176.12708027156,1509.5165299032221,54763.18622555623,8027.367048755574
20200715,3,seir,10,42,40,3520.2432546407563,510.2144033702285,71549.23930058685,1477.0124823985725
20200715,3,seir,11,41,39,8479.240667449338,1990.5534001224034,103210.932426192,5403.449894734409
20200715,3,seir,12,40,39,8204.456507534775,1169.0070614464846,43201.25627222209,3444.7321205425765
20200715,3,seir,13,42,41,26079.10895491378,2057.9592330830446,92042.37093870486,11209.965034031995
20200715,3,seir,14,42,38,12004.08599360318,1191.2201145735107,77679.92246406502,6943.944631393078
20200715,3,seir,15,41,38,8985.212390251672,657.3992369004228,61944.126553851966,2445.222199562938
20200715,3,seir,16,42,39,6261.009651290681,1399.4984866553218,40688.56789887945,9062.559514462684
20200715,3,seir,17,41,39,7606.549999400712,994.6350612353987,64292.89601292091,2246.297280651994
20200715,3,seir,18,42,38,8029.587176199186,1193.3554701804317,58347.21403441562,6144.156689760188
20200715,3,seir,19,42,40,5952.437151828275,1052.1203133408494,87669.9814763986,4717.472236580967
20200715,3,seir,20,42,40,14057.917784538507,2576.5684995648144,76668.65932394462,8430.979981351871
20200715,3,themis_transfer,1,40,38,5430.554022176478,98.68047634519377,11526.557058036671,86.09385322950402
20200715,3,themis_transfer,2,42,36,855.1314137055591,99.53787482295564,492.7618989166301,97.92297271616188
20200715,3,themis_transfer,3,42,42,5822.3106361211185,97.23280308847285,9821.540690153104,76.22323382307775
20200715,3,themis_transfer,4,41,38,206.43111745267595,89.46735123543897,232.78564931575391,64.20131218479536
20200715,3,themis_transfer,5,42,41,5449.9496896759365,98.35038741025127,11121.825031880215,86.05217140837453
20200715,3,themis_transfer,6,42,39,1746.8449887449085,98.13783754201,1758.9241458479705,83.42032017524808
20200715,3,themis_transfer,7,42,38,647.4605030540055,92.2240729257372,1564.781336311619,92.42156507857396
20200715,3,themis_transfer,8,42,39,607.5060976491092,91.00007279987034,488.638369776859,88.49564472127427
20200715,3,themis_transfer,9,41,38,812.5996940783813,93.85649004227186,594.8089446965773,98.20528881684939
20200715,3,themis_transfer,10,42,40,379.82039894241353,99.00045980614814,1522.0131668385504,98.27132302065739
20200715,3,themis_transfer,11,41,39,818.1785841727175,99.66269051178146,717.2406276475356,88.17944665877077
20200715,3,themis_transfer,12,40,39,2026.2323792410286,99.17591474013568,2163.6673759100468,98.74038230827155
20200715,3,themis_transfer,13,42,41,1117.9224078124116,99.3729778430839,977.1681651491168,98.04773964782166
20200715,3,themis_transfer,14,42,38,679.9185005224359,99.16929568819577,1235.7637084310168,89.24293712257237
20200715,3,themis_transfer,15,41,38,828.3031179577681,98.94412066615703,1553.4169405255464,99.77273332512883
20200715,3,themis_transfer,16,42,39,598.6814393733953,99.38158718759438,512.5759999327762,91.533233289441
20200715,3,themis_transfer,17,41,39,618.3931017883358,99.57299657274451,404.91960974594565,92.2350431832619
20200715,3,themis_transfer,18,42,38,2504.7553039478084,99.89672213543082,3249.450497685248,118.08118891164821
20200715,3,themis_transfer,19,42,40,902.9845495431111,131.23532797291472,783.8192266052132,77.80947725214398
20200715,3,themis_transfer,20,42,40,236.59017720389488,96.8793881271375,332.94212271653043,88.2184158925753
