date,case_cnt,death_cnt,pred_cases,pred_deaths,ape_cases_pct,ape_deaths_pct,region,country,province,model
2020-06-15,893322,44190,508925.0318596437,32038.28458765448,43.03005726270665,27.498790251969947,Brazil,Brazil,None,delphi
2020-06-16,930305,45522,512430.25214283535,32558.189435836957,44.91803740248248,28.478121708543213,Brazil,Brazil,None,delphi
2020-06-17,961230,46707,515766.8805309319,33066.68261480492,46.343031269214244,29.204010930256874,Brazil,Brazil,None,delphi
2020-06-18,986750,47946,518940.5125141543,33563.64449979064,47.40911958306012,29.996987236076762,Brazil,Brazil,None,delphi
2020-06-19,1042809,49118,521956.6846628301,34048.984324714365,49.947048341275334,30.679212661927675,Brazil,Brazil,None,delphi
2020-06-20,1106332,50100,524820.9841799753,34522.63837030694,52.562071405330826,31.092538183020086,Brazil,Brazil,None,delphi
2020-06-21,1086536,50683,527539.0018578972,34984.56866183199,51.44762788735052,30.973761099713933,Brazil,Brazil,None,delphi
2020-06-22,1114728,51445,530116.2344510213,35434.7619805149,52.44434207707877,31.121076916095053,Brazil,Brazil,None,delphi
2020-06-23,1154255,52851,532558.2157267071,35873.22796189372,53.86130311528154,32.123842572716285,Brazil,Brazil,None,delphi
2020-06-24,1195288,53955,534870.3422405578,36299.99822294194,55.25176005778041,32.72171583181922,Brazil,Brazil,None,delphi
2020-06-25,1236752,55135,537057.9706047777,36715.12475104685,56.57512819022911,33.408679149275684,Brazil,Brazil,None,delphi
2020-06-26,1281636,56128,539126.3737872712,37118.67856125948,57.934516993337326,33.8678047297971,Brazil,Brazil,None,delphi
2020-06-27,1318556,57159,541080.6786206074,37510.74857821403,58.96414876420817,34.37472912714703,Brazil,Brazil,None,delphi
2020-06-28,1351439,57753,542925.9649164446,37891.44006706805,59.82608427635694,34.39052505139465,Brazil,Brazil,None,delphi
2020-06-29,1372989,58475,544667.1389229457,38260.873562686385,60.3298250078518,34.56883529254146,Brazil,Brazil,None,delphi
2020-06-30,1412669,59792,546309.0086098332,38619.183564552084,61.32788299241838,35.41078477964931,Brazil,Brazil,None,delphi
2020-07-01,1459494,60878,547856.257287351,38966.51727441815,62.46258927495756,35.99244838132306,Brazil,Brazil,None,delphi
2020-07-02,1503895,62137,549313.3968348085,39303.03355149093,63.47395284678727,36.74777740880485,Brazil,Brazil,None,delphi
2020-07-03,1546935,63350,550684.8468772549,39628.90167704934,64.40155230328004,37.44451195414469,Brazil,Brazil,None,delphi
2020-07-04,1580502,64410,551974.8464959994,39944.30029917461,65.07597924608768,37.984318740607655,Brazil,Brazil,None,delphi
2020-07-05,1605695,64968,553187.5055751787,40249.416436093634,65.54840704024247,38.0473210871604,Brazil,Brazil,None,delphi
2020-07-06,1630149,65653,554326.7990008077,40544.44440528248,65.99532932260746,38.244338559879246,Brazil,Brazil,None,delphi
2020-07-07,1676848,66953,555396.5264151309,40829.584926738535,66.87854078514384,39.01754226586033,Brazil,Brazil,None,delphi
2020-07-08,1722098,68126,556400.3762841808,41105.04421333266,67.69055092775321,39.663206098504745,Brazil,Brazil,None,delphi
2020-07-09,1765060,69348,557341.8689286744,41371.033056215834,68.42363041887106,40.3428605638002,Brazil,Brazil,None,delphi
2020-07-10,1809371,70646,558224.3851546625,41627.766089772944,69.14815230515673,41.07555121341202,Brazil,Brazil,None,delphi
2020-07-11,1844318,71578,559051.1781012792,41875.46098104946,69.68791834698358,41.49674343925584,Brazil,Brazil,None,delphi
2020-07-12,1867976,72195,559825.3376884953,42114.337693407295,70.03037845836909,41.665852630504475,Brazil,Brazil,None,delphi
2020-07-13,1890869,73030,560549.8393326858,42344.61787144351,70.35490881003994,42.01750257230795,Brazil,Brazil,None,delphi
2020-07-14,1933791,74324,561227.5137737823,42566.52412903827,70.97786090773087,42.72842671406508,Brazil,Brazil,None,delphi
2020-07-15,1973933,75604,561861.0562693034,42780.27951475297,71.53596113600089,43.41532258246525,Brazil,Brazil,None,delphi
2020-07-16,2017616,76903,562453.0496863179,42986.10697228688,72.12288910841718,44.103471942203974,Brazil,Brazil,None,delphi
2020-07-17,2052234,78026,563005.9357102813,43184.22876855611,72.56619197858133,44.654052791946135,Brazil,Brazil,None,delphi
2020-07-18,2077987,78870,563522.0468764395,43374.86610701612,72.88134878243034,45.0046074464104,Brazil,Brazil,None,delphi
2020-07-19,2101399,79578,564003.5984046541,43558.238641921416,73.16056596559463,45.26346648329763,Brazil,Brazil,None,delphi
2020-07-20,2124152,80346,564452.6836878945,43734.56409606564,73.42691654420707,45.56721666782959,Brazil,Brazil,None,delphi
2020-07-21,2171079,81663,564871.3005057492,43904.057940740386,73.98200155287996,46.23751522630764,Brazil,Brazil,None,delphi
2020-07-22,2237229,82959,565261.3320343373,44066.93300864665,74.73386354126747,46.881070156768224,Brazil,Brazil,None,delphi
2020-07-23,2294555,84272,565624.5628099857,44223.399251539915,75.34926977954393,47.52302158304073,Brazil,Brazil,None,delphi
2020-07-24,2351458,85437,565962.6855941672,44373.663467861355,75.93141422920728,48.062708817185346,Brazil,Brazil,None,delphi
2020-07-25,2398993,86536,566277.2913692265,44517.92904574424,76.39520868259197,48.555596461883795,Brazil,Brazil,None,delphi
2020-07-26,2421666,87117,566569.8898933826,44656.39579449304,76.60412749349487,48.73974563576221,Brazil,Brazil,None,delphi
2020-07-27,2449677,87802,566841.9031881657,44789.25973663521,76.86054515806917,48.98833769545658,Brazil,Brazil,None,delphi
2020-07-28,2503681,89060,567094.6685889543,44916.7129611676,77.34956375876342,49.56578378490052,Brazil,Brazil,None,delphi
2020-07-29,2559132,90259,567329.4522464395,45038.943502997914,77.83117665495803,50.10032960369835,Brazil,Brazil,None,delphi
2020-07-30,2617187,91461,567547.4408751369,45156.13521267176,78.3146011012917,50.62798874638178,Brazil,Brazil,None,delphi
2020-07-31,2670451,92728,567749.7525087148,45268.467677948865,78.73955550921119,51.18144715948919,Brazil,Brazil,None,delphi
2020-08-01,2711992,93669,567937.4403722594,45376.116150472524,79.05829219362522,51.556954648312114,Brazil,Brazil,None,delphi
2020-08-02,2736058,94193,568111.4895826622,45479.25148909342,79.2361313399547,51.71695190821672,Brazil,Brazil,None,delphi
2020-08-03,2756164,94795,568272.8288121421,45578.04011777161,79.38174837157216,51.91936271135439,Brazil,Brazil,None,delphi
2020-08-04,2812447,96153,568422.328256757,45672.64400982071,79.78904746447641,52.50003223007008,Brazil,Brazil,None,delphi
2020-08-05,2868616,97519,568560.8019272576,45763.220674780525,80.17996128002991,53.07250825502668,Brazil,Brazil,None,delphi
2020-08-06,2922605,98745,568689.0158115221,45849.923150760165,80.54170796903715,53.567347054777294,Brazil,Brazil,None,delphi
2020-08-07,2972008,99830,568807.684880092,45932.900039780565,80.86116575459783,53.988881058018066,Brazil,Brazil,None,delphi
2020-08-08,3018397,100657,568917.4785696726,46012.29551302685,81.15166830043654,54.28803211597122,Brazil,Brazil,None,delphi
2020-08-09,3041127,101226,569019.0245582188,46088.24934669817,81.28920546369098,54.46994907761032,Brazil,Brazil,None,delphi
2020-08-10,3067633,102015,569112.9074757799,46160.89698595349,81.44781636278591,54.7508729246155,Brazil,Brazil,None,delphi
2020-08-11,3118153,103209,569199.6749511317,46230.36956114697,81.74561431234672,55.20703663329073,Brazil,Brazil,None,delphi
2020-08-12,3173107,104393,569279.8384484996,46296.79397004601,82.05922969353068,55.65143834352302,Brazil,Brazil,None,delphi
2020-08-13,3233820,105635,569353.8739271514,46360.29294564261,82.39376731150307,56.112753400253126,Brazil,Brazil,None,delphi
2020-08-14,3283227,106642,569422.2269176071,46420.98508941498,82.65662937964365,56.4702602263508,Brazil,Brazil,None,delphi
2020-08-15,3320108,107365,569485.312104519,46478.98498930058,82.84738592526149,56.70936991635954,Brazil,Brazil,None,delphi
2020-08-16,3343114,107952,569543.51540647,46534.40327779983,82.9636825006126,56.89343108251832,Brazil,Brazil,None,delphi
2020-08-17,3367511,108748,569597.1973047897,46587.34668998037,83.085513386451,57.16027265790602,Brazil,Brazil,None,delphi
2020-08-18,3416775,110100,569646.6925481338,46637.91819918912,83.3279425028533,57.6404012723078,Brazil,Brazil,None,delphi
2020-08-19,3465378,111263,569692.3126932137,46686.2170612361,83.56045681904793,58.03976428710703,Brazil,Brazil,None,delphi
2020-08-20,3508352,112500,569734.3480014277,46732.33890551605,83.76062755386495,58.46014319509685,Brazil,Brazil,None,delphi
2020-08-21,3540678,113551,569773.0675822613,46776.37586448789,83.90779767089069,58.80584418940573,Brazil,Brazil,None,delphi
2020-08-22,3586586,114379,569808.7218517102,46818.41661215239,84.11278241057903,59.06729678336724,Brazil,Brazil,None,delphi
2020-08-23,3608459,114834,569841.5435069883,46858.546484832164,84.20817463889743,59.194536039124166,Brazil,Brazil,None,delphi
2020-08-24,3631972,115557,569871.7480483996,46896.847590702855,84.30957760554323,59.41669687625774,Brazil,Brazil,None,delphi
2020-08-25,3678279,116760,569899.535875702,46933.39885136092,84.5063537628412,59.803529589447656,Brazil,Brazil,None,delphi
2020-08-26,3726431,117839,569925.0927782377,46968.27614183809,84.70587291759226,60.14199361685174,Brazil,Brazil,None,delphi
2020-08-27,3768691,118824,569948.5906925355,47001.55237665682,84.8767492295724,60.444394754715525,Brazil,Brazil,None,delphi
2020-08-28,3812779,119673,569970.1893127133,47033.297559690196,85.05105621614278,60.69848874876522,Brazil,Brazil,None,delphi
2020-08-29,3850070,120570,569990.036412232,47063.578931873984,85.19533316505331,60.965763513416285,Brazil,Brazil,None,delphi
2020-08-30,3864604,120971,570008.2686826518,47092.46103568273,85.250538769751,61.07128069067568,Brazil,Brazil,None,delphi
2020-08-31,3914829,121618,570025.012867125,47120.00577580568,85.43933814562207,61.25573042164344,Brazil,Brazil,None,delphi
2020-09-01,3959158,122768,570040.3860862529,47146.27256411539,85.60197935807935,61.59726267096036,Brazil,Brazil,None,delphi
2020-09-02,4005611,123972,570054.4966155882,47171.31836599704,85.76860068000641,61.9500222905196,Brazil,Brazil,None,delphi
2020-09-03,4052420,124839,570067.4446820228,47195.19777445109,85.93266629120322,62.19514913252182,Brazil,Brazil,None,delphi
2020-09-04,4091959,125688,570079.3227924745,47217.96314165812,86.0683031576691,62.43240154855029,Brazil,Brazil,None,delphi
2020-09-05,4125816,126292,570090.2164097319,47239.66461390738,86.1823644968721,62.59488755114546,Brazil,Brazil,None,delphi
2020-09-06,4140488,126750,570100.2045210274,47260.35021668095,86.23108666125762,62.71372763969944,Brazil,Brazil,None,delphi
2020-09-07,4150004,127070,570109.35995112,47280.06596825901,86.26243830244212,62.792109885685846,Brazil,Brazil,None,delphi
2020-09-08,4168790,127595,570117.7499261852,47298.855908304424,86.32414321838746,62.930478538889126,Brazil,Brazil,None,delphi
2020-09-09,4205877,128752,570125.4364918096,47316.76218960468,86.44455278906611,63.24968762457696,Brazil,Brazil,None,delphi
2020-09-10,4246638,129726,570132.4767964508,47333.825173264144,86.57449783107364,63.51246074552199,Brazil,Brazil,None,delphi
2020-09-11,4288171,130574,570138.9235476825,47350.083454072854,86.70437994315799,63.73697408820067,Brazil,Brazil,None,delphi
2020-09-12,4318971,131341,570144.8253310646,47365.57395452374,86.79905872646366,63.9369473701862,Brazil,Brazil,None,delphi
2020-09-13,4332991,131746,570150.226855607,47380.33200232477,86.84164756272038,64.03660680223705,Brazil,Brazil,None,delphi
2020-09-14,4353602,132204,570155.1693170156,47394.3913571388,86.9038288452409,64.15056174008443,Brazil,Brazil,None,delphi
2020-09-15,4388154,133286,570159.6906429887,47407.78430233839,87.00684409337073,64.43153496815991,Brazil,Brazil,None,delphi
2020-06-15,893322,44190,508925.0350766158,32038.28455529173,43.03005690259326,27.49879032520541,Brazil,Brazil,None,delphi_constant
2020-06-16,930305,45522,512430.3140166144,32558.18955914468,44.91803075156917,28.478121437668204,Brazil,Brazil,None,delphi_constant
2020-06-17,961230,46707,515767.5237872895,33066.68385545286,46.34296434908507,29.204008274021326,Brazil,Brazil,None,delphi_constant
2020-06-18,986750,47946,518943.2335203359,33563.65181132087,47.40884382869664,29.9969719865664,Brazil,Brazil,None,delphi_constant
2020-06-19,1042809,49118,521964.2528597424,34049.01120262754,49.94632259025935,30.679157940821007,Brazil,Brazil,None,delphi_constant
2020-06-20,1106332,50100,524837.4942080275,34522.71151756933,52.560579084033776,31.092392180500333,Brazil,Brazil,None,delphi_constant
2020-06-21,1086536,50683,527569.7611431839,34984.73290330052,51.4447969378664,30.973437043386298,Brazil,Brazil,None,delphi_constant
2020-06-22,1114728,51445,530167.7135674935,35435.083852020005,52.439723989395304,31.120451254699184,Brazil,Brazil,None,delphi_constant
2020-06-23,1154255,52851,532637.7593182637,35873.7990255759,53.85441177917672,32.12276205639269,Brazil,Brazil,None,delphi_constant
2020-06-24,1195288,53955,534986.0947452936,36300.93742324501,55.24207598961141,32.719975121406705,Brazil,Brazil,None,delphi_constant
2020-06-25,1236752,55135,537218.6331961253,36716.57937889806,56.562137502415574,33.40604084719677,Brazil,Brazil,None,delphi_constant
2020-06-26,1281636,56128,539341.0306157426,37120.82506535783,57.91776833549132,33.86398042802553,Brazil,Brazil,None,delphi_constant
2020-06-27,1318556,57159,541358.6934471935,37513.79286707202,58.943063969433716,34.3694031262408,Brazil,Brazil,None,delphi_constant
2020-06-28,1351439,57753,543276.7632771656,37895.61598794619,59.800126881260226,34.38329439518953,Brazil,Brazil,None,delphi_constant
2020-06-29,1372989,58475,545100.1384799405,38266.44159198827,60.29828800668173,34.55931322447496,Brazil,Brazil,None,delphi_constant
2020-06-30,1412669,59792,546833.4833178739,38626.43055659763,61.2907564816759,35.39866444240428,Brazil,Brazil,None,delphi_constant
2020-07-01,1459494,60878,548481.2361426143,38975.753403193754,62.41976766313433,35.977276843533375,Brazil,Brazil,None,delphi_constant
2020-07-02,1503895,62137,550047.6172029924,39314.58925992432,63.42513159475944,36.729180263089106,Brazil,Brazil,None,delphi_constant
2020-07-03,1546935,63350,551536.6426214816,39643.12587281637,64.34648885560922,37.42205860644614,Brazil,Brazil,None,delphi_constant
2020-07-04,1580502,64410,552952.1228456617,39961.55931165307,65.01414595833084,37.95752319258955,Brazil,Brazil,None,delphi_constant
2020-07-05,1605695,64968,554297.6881307291,40270.08997372663,65.47926672682364,38.01549997887171,Brazil,Brazil,None,delphi_constant
2020-07-06,1630149,65653,555576.793256022,40568.92208720718,65.91864956786023,38.20705514263296,Brazil,Brazil,None,delphi_constant
2020-07-07,1676848,66953,556792.7226668344,40858.26373732031,66.79527764789447,38.97470802306049,Brazil,Brazil,None,delphi_constant
2020-07-08,1722098,68126,557948.5895103102,41138.32759236464,67.60064819131605,39.614350479457705,Brazil,Brazil,None,delphi_constant
2020-07-09,1765060,69348,559047.3547965265,41409.327986536446,68.32700560907128,40.287639172670524,Brazil,Brazil,None,delphi_constant
2020-07-10,1809371,70646,560091.8413074273,41671.47960847683,69.04494206509183,41.013674364469566,Brazil,Brazil,None,delphi_constant
2020-07-11,1844318,71578,561084.7339915956,41924.9974936079,69.57765775795738,41.42753710133295,Brazil,Brazil,None,delphi_constant
2020-07-12,1867976,72195,562028.5822859142,42170.09746149657,69.91243023005038,41.5886176861326,Brazil,Brazil,None,delphi_constant
2020-07-13,1890869,73030,562925.8001609383,42406.99596406422,70.22925437135315,41.93208823214539,Brazil,Brazil,None,delphi_constant
2020-07-14,1933791,74324,563778.6891032482,42635.90783975628,70.84593479319905,42.63507367774033,Brazil,Brazil,None,delphi_constant
2020-07-15,1973933,75604,564589.4421906762,42857.0460319918,71.39774033917685,43.313784942606475,Brazil,Brazil,None,delphi_constant
2020-07-16,2017616,76903,565360.1447954783,43070.621604180786,71.97880345935607,43.99357423744095,Brazil,Brazil,None,delphi_constant
2020-07-17,2052234,78026,566092.7744731004,43276.844290759516,72.41577839207905,44.535354509061705,Brazil,Brazil,None,delphi_constant
2020-07-18,2077987,78870,566789.204899544,43475.92192106386,72.72412171493163,44.876477848277084,Brazil,Brazil,None,delphi_constant
2020-07-19,2101399,79578,567451.223780865,43668.05915990459,72.9965026260665,45.12546286674133,Brazil,Brazil,None,delphi_constant
2020-07-20,2124152,80346,568080.534355199,43853.457440732236,73.25612600439145,45.419239986144625,Brazil,Brazil,None,delphi_constant
2020-07-21,2171079,81663,568678.7560396079,44032.3149994816,73.80662997340917,46.0804587151077,Brazil,Brazil,None,delphi_constant
2020-07-22,2237229,82959,569247.42367177,44204.827364987024,74.55569261475826,46.71485026942583,Brazil,Brazil,None,delphi_constant
2020-07-23,2294555,84272,569787.9913253792,44371.18687797185,75.16782158957274,47.347651796596914,Brazil,Brazil,None,delphi_constant
2020-07-24,2351458,85437,570301.8467712245,44531.58199686151,75.74688356027518,47.87787258815091,Brazil,Brazil,None,delphi_constant
2020-07-25,2398993,86536,570790.3124867623,44686.19727614566,76.20708720339067,48.361147642431284,Brazil,Brazil,None,delphi_constant
2020-07-26,2421666,87117,571254.646014689,44835.2133897654,76.4106757077694,48.5344842111581,Brazil,Brazil,None,delphi_constant
2020-07-27,2449677,87802,571696.0397505196,44978.807517886504,76.66239101112026,48.77245675737853,Brazil,Brazil,None,delphi_constant
2020-07-28,2503681,89060,572115.6217524668,45117.15312226647,77.14902091151123,49.34072184789303,Brazil,Brazil,None,delphi_constant
2020-07-29,2559132,90259,572514.4685782589,45250.4195584262,77.6285682575866,49.86603046961943,Brazil,Brazil,None,delphi_constant
2020-07-30,2617187,91461,572893.6067159929,45378.772072484404,78.110329651034,50.384566019959976,Brazil,Brazil,None,delphi_constant
2020-07-31,2670451,92728,573254.0126329247,45502.371804295595,78.53343826069363,50.92919958988051,Brazil,Brazil,None,delphi_constant
2020-08-01,2711992,93669,573596.6134736639,45621.37604398636,78.84962000353747,51.29511786825272,Brazil,Brazil,None,delphi_constant
2020-08-02,2736058,94193,573922.2847887056,45735.938242060365,79.02375297640965,51.44444041270544,Brazil,Brazil,None,delphi_constant
2020-08-03,2756164,94795,574231.8609807541,45846.20780215676,79.16554091190676,51.636470486674654,Brazil,Brazil,None,delphi_constant
2020-08-04,2812447,96153,574526.1383342807,45952.3301241657,79.57201901638392,52.209156111441445,Brazil,Brazil,None,delphi_constant
2020-08-05,2868616,97519,574805.875015524,46054.44660422841,79.9622579315069,52.7738731896057,Brazil,Brazil,None,delphi_constant
2020-08-06,2922605,98745,575071.7915308515,46152.69472631087,80.32331459328745,53.260727402591655,Brazil,Brazil,None,delphi_constant
2020-08-07,2972008,99830,575324.5691328617,46247.20826696329,80.64189029326766,53.67403759695153,Brazil,Brazil,None,delphi_constant
2020-08-08,3018397,100657,575564.8539956186,46338.11712188173,80.93143963515674,53.964337182827094,Brazil,Brazil,None,delphi_constant
2020-08-09,3041127,101226,575793.2633008044,46425.54746934598,81.06645124321331,54.13673614551007,Brazil,Brazil,None,delphi_constant
2020-08-10,3067633,102015,576010.3853774802,46509.62177889024,81.22296945633718,54.4090361428317,Brazil,Brazil,None,delphi_constant
2020-08-11,3118153,103209,576216.7797590984,46590.45881900562,81.52057388591585,54.8581433605542,Brazil,Brazil,None,delphi_constant
2020-08-12,3173107,104393,576412.9773169168,46668.17385826681,81.83442987214372,55.2956866281582,Brazil,Brazil,None,delphi_constant
2020-08-13,3233820,105635,576599.4791332891,46742.87856514967,82.16971015290618,55.75057645179186,Brazil,Brazil,None,delphi_constant
2020-08-14,3283227,106642,576776.7630900965,46814.68119624144,82.43262609956314,56.1010847543731,Brazil,Brazil,None,delphi_constant
2020-08-15,3320108,107365,576945.2853112331,46883.68669197394,82.62269524632231,56.33242984960282,Brazil,Brazil,None,delphi_constant
2020-08-16,3343114,107952,577105.4801626059,46949.996676623516,82.73748726000353,56.508451277768344,Brazil,Brazil,None,delphi_constant
2020-08-17,3367511,108748,577257.7604488147,47013.70951114217,82.85802895821826,56.76820768093006,Brazil,Brazil,None,delphi_constant
2020-08-18,3416775,110100,577402.5165488826,47074.92040161961,83.10094997332624,57.2434873736425,Brazil,Brazil,None,delphi_constant
2020-08-19,3465378,111263,577540.1182927189,47133.721359507304,83.33399362803368,57.63756023160682,Brazil,Brazil,None,delphi_constant
2020-08-20,3508352,112500,577670.9189660857,47190.20148745663,83.53440820744082,58.053154233371885,Brazil,Brazil,None,delphi_constant
2020-08-21,3540678,113551,577795.2554723199,47244.44699727395,83.68122558808454,58.39363193871129,Brazil,Brazil,None,delphi_constant
2020-08-22,3586586,114379,577913.4483339812,47296.54121020538,83.88680911780781,58.64927896711338,Brazil,Brazil,None,delphi_constant
2020-08-23,3608459,114834,578025.8018581802,47346.56466364283,83.98136706394114,58.76955896020096,Brazil,Brazil,None,delphi_constant
2020-08-24,3631972,115557,578132.6031794635,47394.595052145174,84.08212940024143,58.98595926499895,Brazil,Brazil,None,delphi_constant
2020-08-25,3678279,116760,578234.1257074398,47440.70744162936,84.27976437601824,59.36904124560692,Brazil,Brazil,None,delphi_constant
2020-08-26,3726431,117839,578330.6305135244,47484.97442366211,84.48030755128634,59.703515454423304,Brazil,Brazil,None,delphi_constant
2020-08-27,3768691,118824,578422.366330938,47527.46611545991,84.651902574901,60.001795836312596,Brazil,Brazil,None,delphi_constant
2020-08-28,3812779,119673,578509.5696187721,47568.25017779633,84.82708886041462,60.251476792763334,Brazil,Brazil,None,delphi_constant
2020-08-29,3850070,120570,578592.4642862383,47607.39188532471,84.97189754248005,60.5147284686699,Brazil,Brazil,None,delphi_constant
2020-08-30,3864604,120971,578671.2620513855,47644.95409402957,85.02637625869596,60.61456539664087,Brazil,Brazil,None,delphi_constant
2020-08-31,3914829,121618,578746.1650802145,47680.997532819674,85.21656590670462,60.79445679683955,Brazil,Brazil,None,delphi_constant
2020-09-01,3959158,122768,578817.3662328481,47715.5808407465,85.3802913085851,61.1335357416049,Brazil,Brazil,None,delphi_constant
2020-09-02,4005611,123972,578885.049063531,47748.76056700422,85.54814611145389,61.48423791904284,Brazil,Brazil,None,delphi_constant
2020-09-03,4052420,124839,578949.3879067186,47780.59121880867,85.7134900156766,61.726230409720785,Brazil,Brazil,None,delphi_constant
2020-09-04,4091959,125688,579010.5473782867,47811.125236939384,85.85004035039728,61.96046938694276,Brazil,Brazil,None,delphi_constant
2020-09-05,4125816,126292,579068.6839607714,47840.413144363,85.96474772600689,62.11920537772543,Brazil,Brazil,None,delphi_constant
2020-09-06,4140488,126750,579123.9470992613,47868.503715352985,86.01314755412257,62.23392211806471,Brazil,Brazil,None,delphi_constant
2020-09-07,4150004,127070,579176.4792055314,47895.44397634489,86.04395371171856,62.30782720048407,Brazil,Brazil,None,delphi_constant
2020-09-08,4168790,127595,579226.4156848406,47921.27921421861,86.10564658606357,62.442666864517726,Brazil,Brazil,None,delphi_constant
2020-09-09,4205877,128752,579273.8848337939,47946.053014603174,86.22703695724354,62.7609256441817,Brazil,Brazil,None,delphi_constant
2020-09-10,4246638,129726,579319.0079199104,47969.80724224572,86.35817303193937,63.02221047265335,Brazil,Brazil,None,delphi_constant
2020-09-11,4288171,130574,579361.9006991705,47992.58227515458,86.48930043370075,63.244916847799274,Brazil,Brazil,None,delphi_constant
2020-09-12,4318971,131341,579402.6735997649,48014.41704038804,86.58470562548892,63.442933249794024,Brazil,Brazil,None,delphi_constant
2020-09-13,4332991,131746,579441.4317220938,48035.349014054365,86.6272182028051,63.53942509521778,Brazil,Brazil,None,delphi_constant
2020-09-14,4353602,132204,579478.2746787601,48055.41421461971,86.6896819075616,63.650559578666524,Brazil,Brazil,None,delphi_constant
2020-09-15,4388154,133286,579513.2969041894,48074.64727775916,86.79368825925002,63.931210121273686,Brazil,Brazil,None,delphi_constant
2020-06-15,893322,44190,508925.0421444744,32038.284561120465,43.030056111405024,27.49879031201524,Brazil,Brazil,None,themis
2020-06-16,930305,45522,512472.2353392646,32558.234051226118,44.91352456030392,28.478023700131544,Brazil,Brazil,None,themis
2020-06-17,961230,46707,516066.65633172495,33067.325018138115,46.31184458124227,29.20263554041554,Brazil,Brazil,None,themis
2020-06-18,986750,47946,519854.3551962409,33566.60132870127,47.316508214214245,29.99082023797341,Brazil,Brazil,None,themis
2020-06-19,1042809,49118,523933.9921469381,34057.544050416574,49.757434760638034,30.661785800691042,Brazil,Brazil,None,themis
2020-06-20,1106332,50100,528379.5653504631,34541.90786574979,52.24041559401128,31.054076116267886,Brazil,Brazil,None,themis
2020-06-21,1086536,50683,533253.2418358633,35021.63607623647,50.92171434394596,30.90062530584916,Brazil,Brazil,None,themis
2020-06-22,1114728,51445,538612.7167126577,35498.8196567575,51.68213979440207,30.996560099606373,Brazil,Brazil,None,themis
2020-06-23,1154255,52851,544515.5402689709,35975.68139595045,52.825368721039034,31.92998922262502,Brazil,Brazil,None,themis
2020-06-24,1195288,53955,551021.7702353869,36454.57474359431,53.90050178405649,32.43522427283048,Brazil,Brazil,None,themis
2020-06-25,1236752,55135,558195.648949487,36937.99155396027,54.86599989735315,33.00445895717734,Brazil,Brazil,None,themis
2020-06-26,1281636,56128,566106.9301740427,37428.574790822015,55.8293516900241,33.31568060358107,Brazil,Brazil,None,themis
2020-06-27,1318556,57159,574831.8183179105,37929.136300517996,56.404444079894176,33.64275739512939,Brazil,Brazil,None,themis
2020-06-28,1351439,57753,584453.8880534811,38442.67576154509,56.753217270370236,33.43605395123181,Brazil,Brazil,None,themis
2020-06-29,1372989,58475,595064.9182398735,38972.40442719138,56.65916345725468,33.35202321130161,Brazil,Brazil,None,themis
2020-06-30,1412669,59792,606765.8969963649,39521.77030852611,57.04826134102433,33.901240452692484,Brazil,Brazil,None,themis
2020-07-01,1459494,60878,619667.6293330115,40094.482356351895,57.542296896526366,34.13961963870052,Brazil,Brazil,None,themis
2020-07-02,1503895,62137,633892.2176816702,40694.547580059836,57.84996840326817,34.50834835917435,Brazil,Brazil,None,themis
2020-07-03,1546935,63350,649573.6406273545,41326.29544321609,58.008989348139735,34.76512163659654,Brazil,Brazil,None,themis
2020-07-04,1580502,64410,666859.0689259507,41994.41874954489,57.80713539584571,34.801399239955146,Brazil,Brazil,None,themis
2020-07-05,1605695,64968,685910.4378728878,42704.01383987306,57.282644719396416,34.269157369977435,Brazil,Brazil,None,themis
2020-07-06,1630149,65653,706905.0335816037,43460.61444041439,56.6355570207629,33.8025460521006,Brazil,Brazil,None,themis
2020-07-07,1676848,66953,730037.6194316008,44270.24816976144,56.463697399430316,33.87861907642459,Brazil,Brazil,None,themis
2020-07-08,1722098,68126,755521.900782272,45139.47964036157,56.12782194844475,33.741185978390675,Brazil,Brazil,None,themis
2020-07-09,1765060,69348,783591.3823350609,46075.4608756823,55.60539685137837,33.55906316594235,Brazil,Brazil,None,themis
2020-07-10,1809371,70646,814502.4021615589,47086.00074744514,54.98422367985566,33.3493747028209,Brazil,Brazil,None,themis
2020-07-11,1844318,71578,848534.9964884787,48179.61437823347,53.99193650506698,32.68935374244395,Brazil,Brazil,None,themis
2020-07-12,1867976,72195,885994.9104512411,49365.598029173954,52.56925621896421,31.621860199218844,Brazil,Brazil,None,themis
2020-07-13,1890869,73030,927216.7814270142,50654.101749730515,50.96345746706863,30.63932390835203,Brazil,Brazil,None,themis
2020-07-14,1933791,74324,972564.367520754,52056.198877729264,49.706852109625395,29.960444973724147,Brazil,Brazil,None,themis
2020-07-15,1973933,75604,1022434.705655244,53583.98068864385,48.203170743118235,29.125468641019186,Brazil,Brazil,None,themis
2020-07-16,2017616,76903,1077259.4088358467,55250.63195836109,46.60731235101988,28.155427020582955,Brazil,Brazil,None,themis
2020-07-17,2052234,78026,1137506.3973596208,57070.53143769996,44.572285745211275,26.857032991951453,Brazil,Brazil,None,themis
2020-07-18,2077987,78870,1203684.4268501075,59059.34701386277,42.07449676778019,25.11810952977968,Brazil,Brazil,None,themis
2020-07-19,2101399,79578,1276341.9601278186,61234.136409029845,39.262274316880394,23.051425759594554,Brazil,Brazil,None,themis
2020-07-20,2124152,80346,1356072.997150883,63613.457991951385,36.15932394899786,20.82560676082022,Brazil,Brazil,None,themis
2020-07-21,2171079,81663,1443516.100556192,66217.47367987785,33.5115810822088,18.913738559840017,Brazil,Brazil,None,themis
2020-07-22,2237229,82959,1539357.5936058247,69068.06862800526,31.1935616065309,16.744333191088053,Brazil,Brazil,None,themis
2020-07-23,2294555,84272,1644333.5210103372,72188.95502572888,28.337585239389025,14.338149058134517,Brazil,Brazil,None,themis
2020-07-24,2351458,85437,1759227.8672848456,75605.79529450703,25.18565641891773,11.50696385113355,Brazil,Brazil,None,themis
2020-07-25,2398993,86536,1884877.7107890742,79346.29699716164,21.430462248573708,8.30833757377087,Brazil,Brazil,None,themis
2020-07-26,2421666,87117,2022166.4325629282,83440.33676936106,16.496889638664943,4.220374014990113,Brazil,Brazil,None,themis
2020-07-27,2449677,87802,2172030.1553662536,87920.03069521206,11.334018510756579,0.1344282535842681,Brazil,Brazil,None,themis
2020-07-28,2503681,89060,2335447.0873281197,92819.85040664332,6.719462769892822,4.221704925492166,Brazil,Brazil,None,themis
2020-07-29,2559132,90259,2513442.7695780764,98176.65382385404,1.7853409055071627,8.772148842612967,Brazil,Brazil,None,themis
2020-07-30,2617187,91461,2707076.2094358695,104029.77638773815,3.4345734346024748,13.742224978666481,Brazil,Brazil,None,themis
2020-07-31,2670451,92728,2917442.316656692,110421.00389625592,9.24904881822179,19.080540825053834,Brazil,Brazil,None,themis
2020-08-01,2711992,93669,3145654.2630385426,117394.6188689881,15.990543594470138,25.32921123209183,Brazil,Brazil,None,themis
2020-08-02,2736058,94193,3392842.6838490153,124997.28921670292,24.004779279131334,32.703374153814956,Brazil,Brazil,None,themis
2020-08-03,2756164,94795,3660132.7687324095,133278.04953217704,32.798076193303785,40.59607524888131,Brazil,Brazil,None,themis
2020-08-04,2812447,96153,3948640.790919943,142288.07289563946,40.39876274717151,47.98089804336782,Brazil,Brazil,None,themis
2020-08-05,2868616,97519,4259444.230968819,152080.56675697403,48.484294550710835,55.949678274976186,Brazil,Brazil,None,themis
2020-08-06,2922605,98745,4593576.754998482,162710.3950711198,57.1740537978441,64.77836353346478,Brazil,Brazil,None,themis
2020-08-07,2972008,99830,4951990.667130199,174233.8660450292,66.62104096389375,74.53056801064729,Brazil,Brazil,None,themis
2020-08-08,3018397,100657,5335551.014201873,186708.18517332335,76.76770200215124,85.48951903327473,Brazil,Brazil,None,themis
2020-08-09,3041127,101226,5744992.595930841,200191.10356707426,88.9099861969211,97.76648644327965,Brazil,Brazil,None,themis
2020-08-10,3067633,102015,6180912.0447815955,214740.21710924953,101.48798910370293,110.49866893030391,Brazil,Brazil,None,themis
2020-08-11,3118153,103209,6643725.929747661,230412.42845569857,113.06606602522906,123.2483876945795,Brazil,Brazil,None,themis
2020-08-12,3173107,104393,7133657.767730644,247263.1540364154,124.8161744224397,136.8579828498227,Brazil,Brazil,None,themis
2020-08-13,3233820,105635,7650706.992895277,265345.5582336941,136.58419432421337,151.19094829714973,Brazil,Brazil,None,themis
2020-08-14,3283227,106642,8194628.056879045,284709.7534010215,149.59066360257899,166.9771322752963,Brazil,Brazil,None,themis
2020-08-15,3320108,107365,8764918.419090075,305401.8269241785,163.99497905158734,184.4519414373199,Brazil,Brazil,None,themis
2020-08-16,3343114,107952,9360964.656456288,327463.2047343458,180.0073421503511,203.34148949009355,Brazil,Brazil,None,themis
2020-08-17,3367511,108748,9982475.597712971,350931.53121980635,196.43483266165936,222.7015956337646,Brazil,Brazil,None,themis
2020-08-18,3416775,110100,10628733.35832017,375840.75040078326,211.07501542595486,241.36307938309108,Brazil,Brazil,None,themis
2020-08-19,3465378,111263,11298480.502966188,402219.08557254553,226.0389055094765,261.5030024109951,Brazil,Brazil,None,themis
2020-08-20,3508352,112500,11990026.416235961,430087.3057291692,241.7566542991114,282.2998273148171,Brazil,Brazil,None,themis
2020-08-21,3540678,113551,12701312.073842904,459457.52030241926,258.7254213414183,304.626573348028,Brazil,Brazil,None,themis
2020-08-22,3586586,114379,13429970.088165453,490332.2157097646,274.4499668533099,328.690769905109,Brazil,Brazil,None,themis
2020-08-23,3608459,114834,14173384.622079039,522703.5130608396,292.78219932882814,355.18183905536654,Brazil,Brazil,None,themis
2020-08-24,3631972,115557,14928723.410303393,556552.882324118,311.036302325662,381.626281682735,Brazil,Brazil,None,themis
2020-08-25,3678279,116760,15693016.502921816,591850.7428216983,326.64018968984726,406.8951206078266,Brazil,Brazil,None,themis
2020-08-26,3726431,117839,16463178.840306062,628556.6941679517,341.7948122561792,433.40294314102437,Brazil,Brazil,None,themis
2020-08-27,3768691,118824,17236095.190767743,666619.5555647811,357.34965245937497,461.01423581497096,Brazil,Brazil,None,themis
2020-08-28,3812779,119673,18008641.89679732,705977.979374964,372.32325547316856,489.9225216840591,Brazil,Brazil,None,themis
2020-08-29,3850070,120570,18777767.227893457,746560.9539209097,387.72534597795516,519.1929616993528,Brazil,Brazil,None,themis
2020-08-30,3864604,120971,19540509.47861646,788288.6707044846,405.62772999811784,551.6344170954068,Brazil,Brazil,None,themis
2020-08-31,3914829,121618,20294065.129440315,831073.4990220951,418.3895677037315,583.3474477643894,Brazil,Brazil,None,themis
2020-09-01,3959158,122768,21035804.194497112,874820.8537769257,431.3201492463072,612.5805208009625,Brazil,Brazil,None,themis
2020-09-02,4005611,123972,21763312.353873122,919430.6590468074,443.3206657829011,641.643805897144,Brazil,Brazil,None,themis
2020-09-03,4052420,124839,22474408.26840211,964798.2538406253,454.59227494687394,672.834013281607,Brazil,Brazil,None,themis
2020-09-04,4091959,125688,23167166.589166258,1010815.5946529309,466.16321398054714,704.2260157317571,Brazil,Brazil,None,themis
2020-09-05,4125816,126292,23839906.337094415,1057372.8894594775,477.8228194639415,737.244551879357,Brazil,Brazil,None,themis
2020-09-06,4140488,126750,24491230.923308562,1104358.9966724967,491.5059027657746,771.289149248518,Brazil,Brazil,None,themis
2020-09-07,4150004,127070,25119985.64556439,1151663.3382558934,505.3002755073101,806.3219786384618,Brazil,Brazil,None,themis
2020-09-08,4168790,127595,25725272.171639252,1199176.453879086,517.0920620045446,839.8302863584671,Brazil,Brazil,None,themis
2020-09-09,4205877,128752,26306443.035037603,1246790.9594200372,525.468672408575,868.3662851218135,Brazil,Brazil,None,themis
2020-09-10,4246638,129726,26863058.632424872,1294402.7287906413,532.5723697763942,897.7974567863353,Brazil,Brazil,None,themis
2020-09-11,4288171,130574,27394909.624129485,1341911.1412064892,538.8483487279188,927.7016413730829,Brazil,Brazil,None,themis
2020-09-12,4318971,131341,27901955.610539485,1389220.2298934052,546.0324834443086,957.720155848825,Brazil,Brazil,None,themis
2020-09-13,4332991,131746,28384345.912639793,1436238.729214612,555.0751181490982,990.1573704056381,Brazil,Brazil,None,themis
2020-09-14,4353602,132204,28842364.938914213,1482880.8761090909,562.4942964220021,1021.6611268260345,Brazil,Brazil,None,themis
2020-09-15,4388154,133286,29276437.041721795,1529066.4566825433,567.1697721119585,1047.207101032774,Brazil,Brazil,None,themis
2020-06-15,893322,44190,6033779.090520802,0.0,575.4316014293616,100.0,Brazil,Brazil,None,sir
2020-06-16,930305,45522,6789753.277814057,0.0,629.8416409472223,100.0,Brazil,Brazil,None,sir
2020-06-17,961230,46707,7635801.254384395,0.0,694.3781669719416,100.0,Brazil,Brazil,None,sir
2020-06-18,986750,47946,8581441.992229084,0.0,769.6672908263575,100.0,Brazil,Brazil,None,sir
2020-06-19,1042809,49118,9636872.94414268,0.0,824.1263686967297,100.0,Brazil,Brazil,None,sir
2020-06-20,1106332,50100,10812959.002750302,0.0,877.3701748435643,100.0,Brazil,Brazil,None,sir
2020-06-21,1086536,50683,12121176.87520486,0.0,1015.5798680582014,100.0,Brazil,Brazil,None,sir
2020-06-22,1114728,51445,13573522.254265847,0.0,1117.6532978687042,100.0,Brazil,Brazil,None,sir
2020-06-23,1154255,52851,15182292.876067646,0.0,1215.332649723644,100.0,Brazil,Brazil,None,sir
2020-06-24,1195288,53955,16960029.971816983,0.0,1318.9074074044902,100.0,Brazil,Brazil,None,sir
2020-06-25,1236752,55135,18919282.2580352,0.0,1429.7555417767833,100.0,Brazil,Brazil,None,sir
2020-06-26,1281636,56128,21072338.637475044,0.0,1544.1749948873974,100.0,Brazil,Brazil,None,sir
2020-06-27,1318556,57159,23430638.180402435,0.0,1676.9922688458007,100.0,Brazil,Brazil,None,sir
2020-06-28,1351439,57753,26004687.924003787,0.0,1824.222101330788,100.0,Brazil,Brazil,None,sir
2020-06-29,1372989,58475,28803547.29267027,0.0,1997.8716721452442,100.0,Brazil,Brazil,None,sir
2020-06-30,1412669,59792,31834525.17077056,0.0,2153.5020709572136,100.0,Brazil,Brazil,None,sir
2020-07-01,1459494,60878,35102154.45148489,0.0,2305.09069934408,100.0,Brazil,Brazil,None,sir
2020-07-02,1503895,62137,38607922.584873006,0.0,2467.195355052913,100.0,Brazil,Brazil,None,sir
2020-07-03,1546935,63350,42350240.82282318,0.0,2637.6871570442963,100.0,Brazil,Brazil,None,sir
2020-07-04,1580502,64410,46323656.93078279,0.0,2830.9457963851223,100.0,Brazil,Brazil,None,sir
2020-07-05,1605695,64968,50518248.78100586,0.0,3046.192071408696,100.0,Brazil,Brazil,None,sir
2020-07-06,1630149,65653,54919951.286888085,0.0,3269.0141997380656,100.0,Brazil,Brazil,None,sir
2020-07-07,1676848,66953,59510573.07487999,0.0,3448.9545310535,100.0,Brazil,Brazil,None,sir
2020-07-08,1722098,68126,64267796.48448694,0.0,3631.9476873259787,100.0,Brazil,Brazil,None,sir
2020-07-09,1765060,69348,69165383.96846938,0.0,3818.5854287372317,100.0,Brazil,Brazil,None,sir
2020-07-10,1809371,70646,74174360.86514972,0.0,3999.4556044697147,100.0,Brazil,Brazil,None,sir
2020-07-11,1844318,71578,79261574.9882557,0.0,4197.608925806488,100.0,Brazil,Brazil,None,sir
2020-07-12,1867976,72195,84393456.65040208,0.0,4417.909044356142,100.0,Brazil,Brazil,None,sir
2020-07-13,1890869,73030,89536704.41026163,0.0,4635.214571197774,100.0,Brazil,Brazil,None,sir
2020-07-14,1933791,74324,94658285.07256491,0.0,4794.959438355278,100.0,Brazil,Brazil,None,sir
2020-07-15,1973933,75604,99725433.68810047,0.0,4952.118470490157,100.0,Brazil,Brazil,None,sir
2020-07-16,2017616,76903,104706849.74273714,0.0,5089.632206660591,100.0,Brazil,Brazil,None,sir
2020-07-17,2052234,78026,109575353.38847941,0.0,5239.32063246586,100.0,Brazil,Brazil,None,sir
2020-07-18,2077987,78870,114306667.01842983,0.0,5400.836483502055,100.0,Brazil,Brazil,None,sir
2020-07-19,2101399,79578,118880317.07418132,0.0,5557.198707821852,100.0,Brazil,Brazil,None,sir
2020-07-20,2124152,80346,123279655.9299108,0.0,5703.711595493674,100.0,Brazil,Brazil,None,sir
2020-07-21,2171079,81663,127491861.89237909,0.0,5772.281105034827,100.0,Brazil,Brazil,None,sir
2020-07-22,2237229,82959,131507740.17941159,0.0,5778.152847983447,100.0,Brazil,Brazil,None,sir
2020-07-23,2294555,84272,135321840.4403816,0.0,5797.520017623529,100.0,Brazil,Brazil,None,sir
2020-07-24,2351458,85437,138932087.89271954,0.0,5808.338056334391,100.0,Brazil,Brazil,None,sir
2020-07-25,2398993,86536,142338645.9028239,0.0,5833.266412316497,100.0,Brazil,Brazil,None,sir
2020-07-26,2421666,87117,145543889.0855032,0.0,5910.072779875639,100.0,Brazil,Brazil,None,sir
2020-07-27,2449677,87802,148552403.3039761,0.0,5964.162879594987,100.0,Brazil,Brazil,None,sir
2020-07-28,2503681,89060,151370517.56679037,0.0,5945.918691989529,100.0,Brazil,Brazil,None,sir
2020-07-29,2559132,90259,154005348.20954096,0.0,5917.874349956976,100.0,Brazil,Brazil,None,sir
2020-07-30,2617187,91461,156465610.03265002,0.0,5878.388629954605,100.0,Brazil,Brazil,None,sir
2020-07-31,2670451,92728,158760132.45766777,0.0,5845.0681722925365,100.0,Brazil,Brazil,None,sir
2020-08-01,2711992,93669,160897773.62172487,0.0,5832.826262825439,100.0,Brazil,Brazil,None,sir
2020-08-02,2736058,94193,162887420.3775325,0.0,5853.361382599803,100.0,Brazil,Brazil,None,sir
2020-08-03,2756164,94795,164737988.29338217,0.0,5877.074959740501,100.0,Brazil,Brazil,None,sir
2020-08-04,2812447,96153,166458421.65314594,0.0,5818.633192132898,100.0,Brazil,Brazil,None,sir
2020-08-05,2868616,97519,168057504.7473367,0.0,5758.487324456696,100.0,Brazil,Brazil,None,sir
2020-08-06,2922605,98745,169543548.8410108,0.0,5701.110613340182,100.0,Brazil,Brazil,None,sir
2020-08-07,2972008,99830,170924547.59271032,0.0,5651.146954944614,100.0,Brazil,Brazil,None,sir
2020-08-08,3018397,100657,172208028.38616338,0.0,5605.280928458496,100.0,Brazil,Brazil,None,sir
2020-08-09,3041127,101226,173401050.6273366,0.0,5601.868110977825,100.0,Brazil,Brazil,None,sir
2020-08-10,3067633,102015,174510205.74443495,0.0,5588.757610328059,100.0,Brazil,Brazil,None,sir
2020-08-11,3118153,103209,175541617.1879019,0.0,5529.666574664614,100.0,Brazil,Brazil,None,sir
2020-08-12,3173107,104393,176500963.0300556,0.0,5462.401867634959,100.0,Brazil,Brazil,None,sir
2020-08-13,3233820,105635,177393679.51260024,0.0,5385.576795016428,100.0,Brazil,Brazil,None,sir
2020-08-14,3283227,106642,178224724.00472704,0.0,5328.339983946496,100.0,Brazil,Brazil,None,sir
2020-08-15,3320108,107365,178998685.04679185,0.0,5291.351276729307,100.0,Brazil,Brazil,None,sir
2020-08-16,3343114,107952,179719829.69080126,0.0,5275.821156287259,100.0,Brazil,Brazil,None,sir
2020-08-17,3367511,108748,180392103.50041258,0.0,5256.8378395916925,100.0,Brazil,Brazil,None,sir
2020-08-18,3416775,110100,181019130.55093384,0.0,5197.952910300908,100.0,Brazil,Brazil,None,sir
2020-08-19,3465378,111263,181604213.42932382,0.0,5140.53114636625,100.0,Brazil,Brazil,None,sir
2020-08-20,3508352,112500,182150434.1101658,0.0,5091.908739777702,100.0,Brazil,Brazil,None,sir
2020-08-21,3540678,113551,182660636.2800026,0.0,5058.916915912789,100.0,Brazil,Brazil,None,sir
2020-08-22,3586586,114379,183137378.10741663,0.0,5006.175569397099,100.0,Brazil,Brazil,None,sir
2020-08-23,3608459,114834,183583055.1562561,0.0,4987.574922044455,100.0,Brazil,Brazil,None,sir
2020-08-24,3631972,115557,183999900.5495751,0.0,4966.115612939061,100.0,Brazil,Brazil,None,sir
2020-08-25,3678279,116760,184389984.96963352,0.0,4912.941785265161,100.0,Brazil,Brazil,None,sir
2020-08-26,3726431,117839,184755216.6578971,0.0,4857.966930231557,100.0,Brazil,Brazil,None,sir
2020-08-27,3768691,118824,185097341.41503748,0.0,4811.449132206315,100.0,Brazil,Brazil,None,sir
2020-08-28,3812779,119673,185417944.91197392,0.0,4763.0656251509445,100.0,Brazil,Brazil,None,sir
2020-08-29,3850070,120570,185718521.49836275,0.0,4723.7699963471505,100.0,Brazil,Brazil,None,sir
2020-08-30,3864604,120971,186000420.32047164,0.0,4712.923143495987,100.0,Brazil,Brazil,None,sir
2020-08-31,3914829,121618,186264883.2619081,0.0,4657.931528092495,100.0,Brazil,Brazil,None,sir
2020-09-01,3959158,122768,186513077.4941788,0.0,4610.92786633367,100.0,Brazil,Brazil,None,sir
2020-09-02,4005611,123972,186746095.47668943,0.0,4562.1126084557245,100.0,Brazil,Brazil,None,sir
2020-09-03,4052420,124839,186964954.95674482,0.0,4513.66183556356,100.0,Brazil,Brazil,None,sir
2020-09-04,4091959,125688,187170598.9695488,0.0,4474.107388894874,100.0,Brazil,Brazil,None,sir
2020-09-05,4125816,126292,187363895.8382043,0.0,4441.256707478092,100.0,Brazil,Brazil,None,sir
2020-09-06,4140488,126750,187545645.18201342,0.0,4429.554129416953,100.0,Brazil,Brazil,None,sir
2020-09-07,4150004,127070,187716589.5171627,0.0,4423.286953871917,100.0,Brazil,Brazil,None,sir
2020-09-08,4168790,127595,187877400.6432099,0.0,4406.760970046702,100.0,Brazil,Brazil,None,sir
2020-09-09,4205877,128752,188028712.00395188,0.0,4370.618422839086,100.0,Brazil,Brazil,None,sir
2020-09-10,4246638,129726,188171121.12311855,0.0,4331.0610210505,100.0,Brazil,Brazil,None,sir
2020-09-11,4288171,130574,188305189.6043729,0.0,4291.2705347891415,100.0,Brazil,Brazil,None,sir
2020-09-12,4318971,131341,188431443.13131085,0.0,4262.878174715942,100.0,Brazil,Brazil,None,sir
2020-09-13,4332991,131746,188550371.4674615,0.0,4251.506187468691,100.0,Brazil,Brazil,None,sir
2020-09-14,4353602,132204,188662428.44775409,0.0,4233.4790007849615,100.0,Brazil,Brazil,None,sir
2020-09-15,4388154,133286,188768028.92245388,0.0,4201.763997399678,100.0,Brazil,Brazil,None,sir
2020-06-15,893322,44190,1642068.590235542,83776.46078733532,83.81598015447308,89.58239598853886,Brazil,Brazil,None,seir
2020-06-16,930305,45522,1758318.0596149708,89724.6224105173,89.00447268529899,97.10167042422852,Brazil,Brazil,None,seir
2020-06-17,961230,46707,1882685.577038169,96091.09131790999,95.86213258410254,105.73167045177381,Brazil,Brazil,None,seir
2020-06-18,986750,47946,2015727.0996858133,102904.58345752812,104.27941217996587,114.62600312336404,Brazil,Brazil,None,seir
2020-06-19,1042809,49118,2158033.8148602624,110195.70334364744,106.94430282633371,124.34892166547384,Brazil,Brazil,None,seir
2020-06-20,1106332,50100,2310234.320657134,117997.33455571932,108.81926227001786,135.52362186770324,Brazil,Brazil,None,seir
2020-06-21,1086536,50683,2472994.635702355,126344.64045664627,127.60356175058672,149.28406064488345,Brazil,Brazil,None,seir
2020-06-22,1114728,51445,2647018.378143866,135275.07342139469,137.4586785425562,162.95086679248652,Brazil,Brazil,None,seir
2020-06-23,1154255,52851,2833057.1404104135,144828.4611253838,145.44464961472235,174.03163823841325,Brazil,Brazil,None,seir
2020-06-24,1195288,53955,3031915.7949380404,155046.6791682699,153.6556708456908,187.3629490654618,Brazil,Brazil,None,seir
2020-06-25,1236752,55135,3244446.257109543,165974.52293034067,162.33604288568304,201.0329607877767,Brazil,Brazil,None,seir
2020-06-26,1281636,56128,3471548.1766810617,177659.95052822286,170.86849750483458,216.5264226913891,Brazil,Brazil,None,seir
2020-06-27,1318556,57159,3714168.9377820855,190154.08281488257,181.68458053977878,232.6756640509501,Brazil,Brazil,None,seir
2020-06-28,1351439,57753,3973307.8593116594,203511.23460274513,194.00571237855792,252.3821006748483,Brazil,Brazil,None,seir
2020-06-29,1372989,58475,4250038.4624884995,217788.44473149718,209.54643209002398,272.44710514150864,Brazil,Brazil,None,seir
2020-06-30,1412669,59792,4545496.281793811,233046.02490787843,221.76654841253054,289.76121372069576,Brazil,Brazil,None,seir
2020-07-01,1459494,60878,4860872.505495082,249348.45673841407,233.05190055560908,309.5871361385296,Brazil,Brazil,None,seir
2020-07-02,1503895,62137,5197414.0795955965,266764.4113303402,245.59687209516602,329.31652852622466,Brazil,Brazil,None,seir
2020-07-03,1546935,63350,5556426.151241008,285366.7382907977,259.1893745529714,350.46051821751803,Brazil,Brazil,None,seir
2020-07-04,1580502,64410,5939303.206293324,305231.66190676816,275.78587096336,373.88862273989776,Brazil,Brazil,None,seir
2020-07-05,1605695,64968,6347519.750966486,326439.1477333242,295.31291751960896,402.4614390674243,Brazil,Brazil,None,seir
2020-07-06,1630149,65653,6782607.492820986,349074.335184291,316.0728554764617,431.6959395370981,Brazil,Brazil,None,seir
2020-07-07,1676848,66953,7246154.922047876,373227.60904882214,332.12950261728406,457.4471779439639,Brazil,Brazil,None,seir
2020-07-08,1722098,68126,7739811.906348478,398994.47012552933,349.4408510054874,485.6713591367897,Brazil,Brazil,None,seir
2020-07-09,1765060,69348,8265336.169841519,426473.9036937243,368.27508242447954,514.9765006831117,Brazil,Brazil,None,seir
2020-07-10,1809371,70646,8824566.50203316,455769.3928033283,387.7145981688199,545.1453625163891,Brazil,Brazil,None,seir
2020-07-11,1844318,71578,9419386.382577155,486990.51148800267,410.72463547919364,580.3633958590666,Brazil,Brazil,None,seir
2020-07-12,1867976,72195,10051723.38811096,520252.9609171388,438.10773736445003,620.6218725910919,Brazil,Brazil,None,seir
2020-07-13,1890869,73030,10723570.313713416,555677.6191410832,467.1239157082493,660.8895236766851,Brazil,Brazil,None,seir
2020-07-14,1933791,74324,11437042.57115171,593388.1244566721,491.4311614415265,698.3802331099942,Brazil,Brazil,None,seir
2020-07-15,1973933,75604,12194291.943843067,633513.8169123654,517.7662536592208,737.9369040161438,Brazil,Brazil,None,seir
2020-07-16,2017616,76903,12997479.842349729,676190.5748677315,544.199879578162,779.2772386873484,Brazil,Brazil,None,seir
2020-07-17,2052234,78026,13848782.396257287,721560.477486194,574.814977057065,824.7692788124394,Brazil,Brazil,None,seir
2020-07-18,2077987,78870,14750474.344254872,769767.7432384761,609.8443996163052,875.9956171402005,Brazil,Brazil,None,seir
2020-07-19,2101399,79578,15704880.231914315,820959.8927225388,647.3535597910876,931.6417762730136,Brazil,Brazil,None,seir
2020-07-20,2124152,80346,16714273.622913886,875290.5155961325,686.8680594850974,989.4014830808409,Brazil,Brazil,None,seir
2020-07-21,2171079,81663,17780875.091226257,932919.172340206,718.9879360090655,1042.4012984340595,Brazil,Brazil,None,seir
2020-07-22,2237229,82959,18906939.026204128,994006.6324325389,745.1052183841765,1098.1902294296447,Brazil,Brazil,None,seir
2020-07-23,2294555,84272,20094760.610659763,1058713.3097154798,775.758507015947,1156.304952671682,Brazil,Brazil,None,seir
2020-07-24,2351458,85437,21346498.756415047,1127203.8735013194,807.7984278866578,1219.3392482195295,Brazil,Brazil,None,seir
2020-07-25,2398993,86536,22664161.390281934,1199647.3477531152,844.7364535987364,1286.2985898968236,Brazil,Brazil,None,seir
2020-07-26,2421666,87117,24049711.45670945,1276211.0139303836,893.1060458671611,1364.9391208723712,Brazil,Brazil,None,seir
2020-07-27,2449677,87802,25505096.991712745,1357057.108088377,941.1616303583183,1445.5879229270142,Brazil,Brazil,None,seir
2020-07-28,2503681,89060,27032010.897385474,1442348.920326471,979.6906993097552,1519.5249498388403,Brazil,Brazil,None,seir
2020-07-29,2559132,90259,28631869.249490194,1532250.8218430853,1018.8117396636904,1597.6155528457941,Brazil,Brazil,None,seir
2020-07-30,2617187,91461,30305972.7501907,1626919.240653257,1057.9597770503485,1678.8119970842838,Brazil,Brazil,None,seir
2020-07-31,2670451,92728,32055494.78634975,1726500.1199550126,1100.3775686709755,1761.8972909531237,Brazil,Brazil,None,seir
2020-08-01,2711992,93669,33881202.43169684,1831136.0837501339,1149.3105596069915,1854.9008570072638,Brazil,Brazil,None,seir
2020-08-02,2736058,94193,35783456.108971514,1940965.4387035714,1207.8471329544736,1960.6259899393497,Brazil,Brazil,None,seir
2020-08-03,2756164,94795,37762464.66760873,2056108.6284235236,1270.1094952117774,2069.0053572693955,Brazil,Brazil,None,seir
2020-08-04,2812447,96153,39818132.517745726,2176670.728255603,1315.782502487895,2163.7574784516373,Brazil,Brazil,None,seir
2020-08-05,2868616,97519,41949806.28884023,2302748.2762486218,1362.3709234292853,2261.3329466551354,Brazil,Brazil,None,seir
2020-08-06,2922605,98745,44156353.46872283,2434424.888892713,1410.8560160789032,2365.3652224342627,Brazil,Brazil,None,seir
2020-08-07,2972008,99830,46436480.16306955,2571754.914250943,1462.4614793455992,2476.1343426334197,Brazil,Brazil,None,seir
2020-08-08,3018397,100657,48788377.88737263,2714774.544569376,1516.3671606939918,2597.0548939163455,Brazil,Brazil,None,seir
2020-08-09,3041127,101226,51209582.4703741,2863505.863615653,1583.9014769976427,2728.8244755454657,Brazil,Brazil,None,seir
2020-08-10,3067633,102015,53697237.42801958,3017944.713010471,1650.445292120002,2858.334277322424,Brazil,Brazil,None,seir
2020-08-11,3118153,103209,56248253.45896576,3178051.8312145947,1703.8965201183444,2979.2390500969823,Brazil,Brazil,None,seir
2020-08-12,3173107,104393,58858901.64787447,3343768.4920814913,1754.9296209637578,3103.058147655007,Brazil,Brazil,None,seir
2020-08-13,3233820,105635,61524829.21637453,3515015.704057411,1802.5434073750096,3227.510488055484,Brazil,Brazil,None,seir
2020-08-14,3283227,106642,64241525.16738615,3691674.3823818043,1856.6580430590438,3361.7452620747963,Brazil,Brazil,None,seir
2020-08-15,3320108,107365,67004119.98544241,3873594.2590057394,1918.1307350677268,3507.8743156575597,Brazil,Brazil,None,seir
2020-08-16,3343114,107952,69807143.5924861,4060605.5414286708,1988.0874416034303,3661.4917198650055,Brazil,Brazil,None,seir
2020-08-17,3367511,108748,72644763.75357392,4252510.114358724,2057.2242452533615,3810.426044027223,Brazil,Brazil,None,seir
2020-08-18,3416775,110100,75511175.86568473,4449066.605105513,2110.013122482011,3940.93242970528,Brazil,Brazil,None,seir
2020-08-19,3465378,111263,78400201.90345563,4650012.358909546,2162.3852838984844,4079.2980226216678,Brazil,Brazil,None,seir
2020-08-20,3508352,112500,81305261.62935743,4855066.843890408,2217.477312121401,4215.614972347029,Brazil,Brazil,None,seir
2020-08-21,3540678,113551,84219847.49760818,5063914.612353331,2278.6361679206125,4359.594906564743,Brazil,Brazil,None,seir
2020-08-22,3586586,114379,87137524.59160237,5276210.1447719205,2329.539528442992,4512.918581882968,Brazil,Brazil,None,seir
2020-08-23,3608459,114834,90051658.01723853,5491596.594868748,2395.5710461789513,4682.204394925499,Brazil,Brazil,None,seir
2020-08-24,3631972,115557,92955540.33007342,5709702.568162808,2459.3683081828112,4841.026998072647,Brazil,Brazil,None,seir
2020-08-25,3678279,116760,95842881.00486231,5930125.879104171,2505.644677982891,4978.901917697988,Brazil,Brazil,None,seir
2020-08-26,3726431,117839,98707519.12447548,6152453.91993157,2548.8487006595715,5121.067660054456,Brazil,Brazil,None,seir
2020-08-27,3768691,118824,101543335.77317597,6376272.794967391,2594.3927154859866,5266.148921907519,Brazil,Brazil,None,seir
2020-08-28,3812779,119673,104344495.59930344,6601159.9227818735,2636.704529669919,5415.997696039937,Brazil,Brazil,None,seir
2020-08-29,3850070,120570,107105707.79013,6826677.500970336,2681.915855818985,5562.003401319014,Brazil,Brazil,None,seir
2020-08-30,3864604,120971,109821939.41422468,7052393.663918817,2741.7384915563066,5729.82174564054,Brazil,Brazil,None,seir
2020-08-31,3914829,121618,112488404.77126174,7277885.605125445,2773.392548467934,5884.217472023422,Brazil,Brazil,None,seir
2020-09-01,3959158,122768,115100798.55330437,7502732.23102547,2807.2039699679676,6011.309324111715,Brazil,Brazil,None,seir
2020-09-02,4005611,123972,117655379.32382414,7726514.57672963,2837.264235688991,6132.467473888967,Brazil,Brazil,None,seir
2020-09-03,4052420,124839,120148768.0098504,7948830.584676745,2864.8646490208416,6267.265505712754,Brazil,Brazil,None,seir
2020-09-04,4091959,125688,122577950.61632018,8169296.204779635,2895.581104706088,6399.662819664276,Brazil,Brazil,None,seir
2020-09-05,4125816,126292,124940396.90666774,8387541.280055458,2928.2590621265645,6541.387641383031,Brazil,Brazil,None,seir
2020-09-06,4140488,126750,127234092.10499786,8603211.376555478,2972.9250297307435,6687.543492351462,Brazil,Brazil,None,seir
2020-09-07,4150004,127070,129457404.29985517,8815975.0679908,3019.4525185964926,6837.888618864248,Brazil,Brazil,None,seir
2020-09-08,4168790,127595,131609099.4248446,9025523.495456073,3057.0095741173,6973.571453000566,Brazil,Brazil,None,seir
2020-09-09,4205877,128752,133688349.11557035,9231569.827501323,3078.608150347011,7070.0399430698735,Brazil,Brazil,None,seir
2020-09-10,4246638,129726,135694723.56849986,9433850.290412517,3095.3447307846786,7172.135339417324,Brazil,Brazil,None,seir
2020-09-11,4288171,130574,137628059.1659181,9632131.503859786,3109.481598702993,7276.760690382301,Brazil,Brazil,None,seir
2020-09-12,4318971,131341,139488540.5402637,9826202.109774005,3129.6706910109774,7381.443045030877,Brazil,Brazil,None,seir
2020-09-13,4332991,131746,141276714.86550888,10015871.627469786,3160.489460179098,7502.410416612106,Brazil,Brazil,None,seir
2020-09-14,4353602,132204,142993419.96708614,10200973.983666027,3184.485351832486,7616.085733915787,Brazil,Brazil,None,seir
2020-09-15,4388154,133286,144639602.3090767,10381374.547714232,3196.1377907219457,7688.795933342009,Brazil,Brazil,None,seir
2020-06-15,893322,44190,2350123.4973318856,313799.93097044807,163.07686336302987,610.1152545156101,Brazil,Brazil,None,seird
2020-06-16,930305,45522,2599332.3162114318,347163.86954360857,179.40646521425035,662.6287718984415,Brazil,Brazil,None,seird
2020-06-17,961230,46707,2874368.064971345,384006.31251869805,199.03020764763323,722.1600884636093,Brazil,Brazil,None,seird
2020-06-18,986750,47946,3177783.4291203823,424671.0288945256,222.04544505907094,785.7277539200885,Brazil,Brazil,None,seird
2020-06-19,1042809,49118,3512337.7837922024,469539.4153900915,236.81506237404957,855.9416413333023,Brazil,Brazil,None,seird
2020-06-20,1106332,50100,3881033.464607479,519022.4835685989,250.80188086464813,935.9730210950078,Brazil,Brazil,None,seird
2020-06-21,1086536,50683,4287127.534360775,573563.469209335,294.56838377750717,1031.6683487744117,Brazil,Brazil,None,seird
2020-06-22,1114728,51445,4734112.394638829,633651.4841411817,324.6876722069266,1131.7066462069815,Brazil,Brazil,None,seird
2020-06-23,1154255,52851,5225770.90735862,699805.7041743312,352.73972452868907,1224.1106207533087,Brazil,Brazil,None,seird
2020-06-24,1195288,53955,5766152.728547238,772588.1410516523,382.40697878228826,1331.912039758414,Brazil,Brazil,None,seird
2020-06-25,1236752,55135,6359565.794993327,852609.8652993812,414.2151211393495,1446.4040360921035,Brazil,Brazil,None,seird
2020-06-26,1281636,56128,7010634.109234364,940510.0827388644,447.0066469133485,1575.6522283688432,Brazil,Brazil,None,seird
2020-06-27,1318556,57159,7724213.299522431,1036984.7343174788,485.80851321615694,1714.210770512918,Brazil,Brazil,None,seird
2020-06-28,1351439,57753,8505441.743476963,1142764.9032186596,529.3618686064974,1878.7108950507497,Brazil,Brazil,None,seird
2020-06-29,1372989,58475,9359706.541851083,1258618.5639875631,581.7029518700502,2052.4045557718055,Brazil,Brazil,None,seird
2020-06-30,1412669,59792,10292568.174969958,1385367.5414467414,628.5902199998696,2216.9780931341006,Brazil,Brazil,None,seird
2020-07-01,1459494,60878,11309828.552991053,1523845.4358904748,674.9143575095926,2403.1134989494967,Brazil,Brazil,None,seird
2020-07-02,1503895,62137,12417345.876700576,1674939.7623092667,725.679045192688,2595.5594288576317,Brazil,Brazil,None,seird
2020-07-03,1546935,63350,13621105.437917039,1839542.0379681278,780.522157551354,2803.775908394835,Brazil,Brazil,None,seird
2020-07-04,1580502,64410,14927048.395025946,2018568.0535002097,844.449826385917,3033.93580732838,Brazil,Brazil,None,seird
2020-07-05,1605695,64968,16341020.250028552,2212940.2701016874,917.6914202279107,3306.2003911182237,Brazil,Brazil,None,seird
2020-07-06,1630149,65653,17868700.27387162,2423557.6802787534,996.1390813889785,3591.4652495373452,Brazil,Brazil,None,seird
2020-07-07,1676848,66953,19515377.657897417,2651322.800357431,1063.8131576563537,3859.976103173019,Brazil,Brazil,None,seird
2020-07-08,1722098,68126,21285989.792265657,2897061.767994985,1136.0498526951228,4152.505310740371,Brazil,Brazil,None,seird
2020-07-09,1765060,69348,23184758.050551035,3161584.424222262,1213.5393726304508,4459.013128312658,Brazil,Brazil,None,seird
2020-07-10,1809371,70646,25215288.518030487,3445573.697813923,1293.5941560923927,4777.238198643834,Brazil,Brazil,None,seird
2020-07-11,1844318,71578,27380144.354204398,3749657.673512457,1384.5674311156968,5138.561671899825,Brazil,Brazil,None,seird
2020-07-12,1867976,72195,29680958.68447441,4074291.4198058075,1488.9368324043996,5543.453729213668,Brazil,Brazil,None,seird
2020-07-13,1890869,73030,32118019.864191223,4419824.414966098,1598.5851407046825,5952.066842347115,Brazil,Brazil,None,seird
2020-07-14,1933791,74324,34690375.35314761,4786391.382826963,1693.9050990074734,6339.900143731451,Brazil,Brazil,None,seird
2020-07-15,1973933,75604,37395488.91478047,5173968.726683411,1794.4659679320657,6743.511886518452,Brazil,Brazil,None,seird
2020-07-16,2017616,76903,40229341.07469257,5582284.468568397,1893.9047407778571,7158.864372740201,Brazil,Brazil,None,seird
2020-07-17,2052234,78026,43186203.85360653,6010863.402372681,2004.3508612373894,7603.667242166304,Brazil,Brazil,None,seird
2020-07-18,2077987,78870,46258753.52464656,6458963.864757457,2126.132960631927,8089.379820917277,Brazil,Brazil,None,seird
2020-07-19,2101399,79578,49437997.7097479,6925612.318499062,2252.6230720461895,8602.923318629599,Brazil,Brazil,None,seird
2020-07-20,2124152,80346,52713409.097978465,7409575.072986304,2381.6213292635584,9122.083330827052,Brazil,Brazil,None,seird
2020-07-21,2171079,81663,56073027.38666436,7909379.718768556,2482.726256698368,9585.389611903256,Brazil,Brazil,None,seird
2020-07-22,2237229,82959,59503603.33721109,8423331.563314283,2559.701055958558,10053.607882585715,Brazil,Brazil,None,seird
2020-07-23,2294555,84272,62990880.77129042,8949513.363797722,2645.2329872803407,10519.794669401132,Brazil,Brazil,None,seird
2020-07-24,2351458,85437,66519720.40134597,9485857.021063453,2728.8712960786866,11002.750589397396,Brazil,Brazil,None,seird
2020-07-25,2398993,86536,70074540.7759015,10030108.65643311,2820.998134463148,11490.67747114855,Brazil,Brazil,None,seird
2020-07-26,2421666,87117,73639389.88817443,10579960.515167855,2940.856579238195,12044.541840476433,Brazil,Brazil,None,seird
2020-07-27,2449677,87802,77198479.30605099,11132976.47720395,3051.373805854853,12579.638820532506,Brazil,Brazil,None,seird
2020-07-28,2503681,89060,80736215.26865506,11686762.718547888,3124.700561639245,13022.34753935312,Brazil,Brazil,None,seird
2020-07-29,2559132,90259,84237682.82112327,12238887.896619618,3191.6505604682866,13459.742404214114,Brazil,Brazil,None,seird
2020-07-30,2617187,91461,87688737.42474966,12787018.100337986,3250.49568199558,13880.842217270734,Brazil,Brazil,None,seird
2020-07-31,2670451,92728,91076254.34710142,13328907.781466736,3310.519584411076,14274.199574526287,Brazil,Brazil,None,seird
2020-08-01,2711992,93669,94388313.07683696,13862440.504328359,3380.405291639391,14699.389877471052,Brazil,Brazil,None,seird
2020-08-02,2736058,94193,97614303.78687797,14385659.57187607,3467.698630178087,15172.535721206532,Brazil,Brazil,None,seird
2020-08-03,2756164,94795,100744978.36443752,14896803.770173272,3555.2606580899223,15614.756864996332,Brazil,Brazil,None,seird
2020-08-04,2812447,96153,103772539.34266406,15394302.320099229,3589.7598192130927,15910.215302797864,Brazil,Brazil,None,seird
2020-08-05,2868616,97519,106690633.65622583,15876786.588752719,3619.237209031318,16180.711029391932,Brazil,Brazil,None,seird
2020-08-06,2922605,98745,109494251.34300782,16343140.681409616,3646.46082323844,16450.85389782735,Brazil,Brazil,None,seird
2020-08-07,2972008,99830,112179824.61595063,16792400.54996255,3674.5465226187357,16720.99624357663,Brazil,Brazil,None,seird
2020-08-08,3018397,100657,114744937.64157839,17223888.56194202,3701.5190725931147,17011.46622881868,Brazil,Brazil,None,seird
2020-08-09,3041127,101226,117188425.30214882,17637067.05968115,3753.453844648672,17323.455495308666,Brazil,Brazil,None,seird
2020-08-10,3067633,102015,119510166.41055131,18031603.92917503,3795.843029806737,17575.443737857207,Brazil,Brazil,None,seird
2020-08-11,3118153,103209,121710933.45442367,18407370.41607573,3803.30216170995,17735.0438586516,Brazil,Brazil,None,seird
2020-08-12,3173107,104393,123792413.52219082,18764336.897176582,3801.2996889859314,17874.7079757997,Brazil,Brazil,None,seird
2020-08-13,3233820,105635,125756905.63864839,19102683.184552714,3788.803509120742,17983.668466467283,Brazil,Brazil,None,seird
2020-08-14,3283227,106642,127607390.75020424,19422648.264045473,3786.6453873035352,18112.944490956164,Brazil,Brazil,None,seird
2020-08-15,3320108,107365,129347279.78452839,19724623.782020412,3795.875669843523,18271.558498598624,Brazil,Brazil,None,seird
2020-08-16,3343114,107952,130980399.72648108,20009065.01987767,3817.9160425424043,18435.149899842218,Brazil,Brazil,None,seird
2020-08-17,3367511,108748,132510880.90589312,20276501.254011467,3834.9798977907753,18545.401528314513,Brazil,Brazil,None,seird
2020-08-18,3416775,110100,133943037.36075084,20527538.74182903,3820.159722567358,18544.449356792946,Brazil,Brazil,None,seird
2020-08-19,3465378,111263,135281375.46043405,20762793.68916409,3803.7985310818635,18561.004726786166,Brazil,Brazil,None,seird
2020-08-20,3508352,112500,136530423.35343325,20982955.113507237,3791.5828102035725,18551.515656450876,Brazil,Brazil,None,seird
2020-08-21,3540678,113551,137694782.92941618,21188694.999999724,3788.9383030429817,18560.069043865507,Brazil,Brazil,None,seird
2020-08-22,3586586,114379,138778998.14688227,21380723.954542667,3769.3899476237925,18592.87540067903,Brazil,Brazil,None,seird
2020-08-23,3608459,114834,139787562.79931796,21559743.834031988,3773.885301158138,18674.704211324162,Brazil,Brazil,None,seird
2020-08-24,3631972,115557,140724886.0177835,21726447.902771078,3774.6137364986153,18701.498743279142,Brazil,Brazil,None,seird
2020-08-25,3678279,116760,141595228.9492769,21881537.19972437,3749.49670618452,18640.61082538915,Brazil,Brazil,None,seird
2020-08-26,3726431,117839,142402747.72168934,22025673.88382541,3721.4245137422195,18591.3278997831,Brazil,Brazil,None,seird
2020-08-27,3768691,118824,143151409.54069752,22159524.47529629,3698.4384907305357,18549.030898889356,Brazil,Brazil,None,seird
2020-08-28,3812779,119673,143845033.69104874,22283720.056659218,3672.708402219188,18520.50759708474,Brazil,Brazil,None,seird
2020-08-29,3850070,120570,144487265.65342072,22398868.88134244,3652.847757402352,18477.48103287919,Brazil,Brazil,None,seird
2020-08-30,3864604,120971,145081555.85458714,22505563.427528854,3654.1118276177103,18504.09802971692,Brazil,Brazil,None,seird
2020-08-31,3914829,121618,145631199.7987711,22604354.22940036,3619.988786196565,18486.35582676936,Brazil,Brazil,None,seird
2020-09-01,3959158,122768,146139291.89003587,22695778.174743693,3591.170998733465,18386.7214377881,Brazil,Brazil,None,seird
2020-09-02,4005611,123972,146608758.2748433,22780338.988952853,3560.084772955819,18275.390401826906,Brazil,Brazil,None,seird
2020-09-03,4052420,124839,147042360.44518954,22858508.73632667,3528.50742137265,18210.390772376155,Brazil,Brazil,None,seird
2020-09-04,4091959,125688,147442673.22817355,22930742.388464354,3503.2294856369176,18144.177955305484,Brazil,Brazil,None,seird
2020-09-05,4125816,126292,147812125.71813577,22997459.502698846,3482.6155533386795,18109.751609523046,Brazil,Brazil,None,seird
2020-09-06,4140488,126750,148152986.09657422,23059056.757943347,3478.152770798375,18092.54971040895,Brazil,Brazil,None,seird
2020-09-07,4150004,127070,148467365.25384882,23115909.637154773,3477.5234253713693,18091.47685303752,Brazil,Brazil,None,seird
2020-09-08,4168790,127595,148757246.19158655,23168363.00411466,3468.355474648197,18057.73580791932,Brazil,Brazil,None,seird
2020-09-09,4205877,128752,149024467.34486538,23216743.48351588,3443.243593306827,17932.142012175253,Brazil,Brazil,None,seird
2020-09-10,4246638,129726,149270737.79437166,23261356.397907425,3415.033252054253,17831.14441045544,Brazil,Brazil,None,seird
2020-09-11,4288171,130574,149497656.70361486,23302481.950642325,3386.280204395181,17746.18833048105,Brazil,Brazil,None,seird
2020-09-12,4318971,131341,149706700.1443104,23340384.819010418,3366.258517232702,17670.8292300275,Brazil,Brazil,None,seird
2020-09-13,4332991,131746,149899237.90553004,23375310.88424027,3359.4864818673764,17642.710127245056,Brazil,Brazil,None,seird
2020-09-14,4353602,132204,150076547.45651394,23407485.729963858,3347.181149230314,17605.580564857235,Brazil,Brazil,None,seird
2020-09-15,4388154,133286,150239806.33350548,23437121.184410732,3323.758745329026,17484.08323785749,Brazil,Brazil,None,seird
2020-06-15,186461,8791,91039.14280691395,4412.19858040416,51.17523621190815,49.81004913656968,Germany,Germany,None,delphi
2020-06-16,186839,8800,91061.17458725187,4418.492445184548,51.26222331137939,49.789858577448314,Germany,Germany,None,delphi
2020-06-17,187184,8830,91081.3386652757,4424.410113566446,51.34127988221445,49.89343019743549,Germany,Germany,None,delphi
2020-06-18,187764,8856,91099.7858482918,4429.972200228515,51.481761227769006,49.97773034972318,Germany,Germany,None,delphi
2020-06-19,188534,8872,91116.65559918809,4435.198351528984,51.67096884424661,50.00903571315393,Germany,Germany,None,delphi
2020-06-20,189135,8883,91132.07690049153,4440.10727941391,51.81638676051945,50.015678493595516,Germany,Germany,None,delphi
2020-06-21,189822,8882,91146.16857700054,4444.716800055831,51.98334830683454,49.958153568387395,Germany,Germany,None,delphi
2020-06-22,190359,8885,91159.04046953753,4449.043848795663,52.112040686525184,49.92634947894584,Germany,Germany,None,delphi
2020-06-23,190862,8895,91170.79381146852,4453.104526391195,52.232087156443654,49.93699239582693,Germany,Germany,None,delphi
2020-06-24,191449,8914,91181.521800423,4456.914125172603,52.3729443348239,50.00096337028715,Germany,Germany,None,delphi
2020-06-25,192079,8927,91191.31042259354,4460.487150998472,52.52406019263244,50.0337498487905,Germany,Germany,None,delphi
2020-06-26,192556,8948,91200.23873370163,4463.837371494756,52.6370309241459,50.1135743015785,Germany,Germany,None,delphi
2020-06-27,193243,8954,91208.37948125563,4466.97783130429,52.801198759460554,50.1119295141357,Germany,Germany,None,delphi
2020-06-28,193499,8957,91215.79962039323,4469.920885727686,52.8598082572038,50.095781112786796,Germany,Germany,None,delphi
2020-06-29,193761,8961,91222.56060485108,4472.678239356873,52.92006100048457,50.087286693930665,Germany,Germany,None,delphi
2020-06-30,194259,8973,91228.71894174922,4475.260958492138,53.03758438901198,50.12525400097918,Germany,Germany,None,delphi
2020-07-01,194725,8985,91234.32651963319,4477.679512370218,53.14709127249547,50.164946996436086,Germany,Germany,None,delphi
2020-07-02,195228,8994,91239.43090954673,4479.94379923324,53.265192026990626,50.18963976836513,Germany,Germany,None,delphi
2020-07-03,195674,9003,91244.0757920251,4482.06316136269,53.369340948708,50.21589290944474,Germany,Germany,None,delphi
2020-07-04,196096,9010,91248.30120531128,4484.046427333107,53.46753569409306,50.23255907510424,Germany,Germany,None,delphi
2020-07-05,196335,9012,91252.14382389252,4485.901927447221,53.52222282125321,50.22301456450043,Germany,Germany,None,delphi
2020-07-06,196554,9016,91255.63726373181,4487.6375143833075,53.57223090665577,50.225848332039625,Germany,Germany,None,delphi
2020-07-07,196944,9024,91258.81229543955,4489.260599939788,53.662557734462816,50.251988032582126,Germany,Germany,None,delphi
2020-07-08,197341,9036,91261.69707518525,4490.778164276822,53.75431508141478,50.301259802160004,Germany,Germany,None,delphi
2020-07-09,197783,9048,91264.31737317356,4492.196781932787,53.856338829336416,50.3514944525554,Germany,Germany,None,delphi
2020-07-10,198178,9054,91266.69674612589,4493.52264952999,53.947109797189455,50.36975204848696,Germany,Germany,None,delphi
2020-07-11,198556,9060,91268.85672531015,4494.761593209838,54.03369491462854,50.388944887308625,Germany,Germany,None,delphi
2020-07-12,198804,9063,91270.81699307349,4495.919097039785,54.09005000247807,50.39259519982583,Germany,Germany,None,delphi
2020-07-13,198963,9064,91272.59551838563,4497.000322084657,54.125844745814234,50.38613942978093,Germany,Germany,None,delphi
2020-07-14,199375,9068,91274.208704712,4498.0101142791955,54.21983262459587,50.39688890296432,Germany,Germany,None,delphi
2020-07-15,199726,9071,91275.67153159088,4498.953032286577,54.299554624039494,50.40289899364374,Germany,Germany,None,delphi
2020-07-16,200260,9078,91276.99765905319,4499.833359811311,54.42075419002638,50.43144569496242,Germany,Germany,None,delphi
2020-07-17,200843,9082,91278.19953957644,4500.655114728393,54.55246160454861,50.444229082488526,Germany,Germany,None,delphi
2020-07-18,201372,9083,91279.28853586839,4501.422074333254,54.671310541749406,50.4412410620582,Germany,Germany,None,delphi
2020-07-19,201574,9084,91280.27499666151,4502.137782739173,54.716245648416205,50.438817891466606,Germany,Germany,None,delphi
2020-07-20,201823,9086,91281.16834539088,4502.805561776405,54.771672036690134,50.44237770441994,Germany,Germany,None,delphi
2020-07-21,202345,9090,91281.97717336759,4503.428531946842,54.88795019725341,50.457331881772916,Germany,Germany,None,delphi
2020-07-22,202799,9095,91282.70929501609,4504.009616978981,54.988580172971226,50.4781790326665,Germany,Germany,None,delphi
2020-07-23,203368,9101,91283.37182036607,4504.551555975957,55.11419111149932,50.50487247581632,Germany,Germany,None,delphi
2020-07-24,204183,9111,91283.97122514017,4505.056919736372,55.293060036761055,50.5536503157022,Germany,Germany,None,delphi
2020-07-25,204964,9118,91284.51339190672,4505.528113899257,55.46314797139657,50.586443146531515,Germany,Germany,None,delphi
2020-07-26,205269,9118,91285.00366981044,4505.967391479766,55.5290844356379,50.581625449881926,Germany,Germany,None,delphi
2020-07-27,205609,9118,91285.44692553916,4506.376865040717,55.60240703201749,50.577134623374455,Germany,Germany,None,delphi
2020-07-28,206242,9122,91285.84757451071,4506.758509244343,55.73847830485027,50.59462278837598,Germany,Germany,None,delphi
2020-07-29,206926,9128,91286.20962992775,4507.114173008608,55.88461110255466,50.623201435050305,Germany,Germany,None,delphi
2020-07-30,207828,9134,91286.53673896057,4507.445588304624,56.07592011713505,50.652008010678514,Germany,Germany,None,delphi
2020-07-31,208698,9141,91286.83220665363,4507.754372522826,56.258884988522354,50.68641972953915,Germany,Germany,None,delphi
2020-08-01,209653,9148,91287.0990358635,4508.042039710456,56.45800487669459,50.72100962275409,Germany,Germany,None,delphi
2020-08-02,209893,9141,91287.33995250885,4508.310006791401,56.50767774413208,50.68034124503444,Germany,Germany,None,delphi
2020-08-03,210402,9148,91287.55742400284,4508.559595900249,56.61279007613861,50.71535203432171,Germany,Germany,None,delphi
2020-08-04,211281,9156,91287.75369142393,4508.792044399247,56.793202563683465,50.7558754434333,Germany,Germany,None,delphi
2020-08-05,212022,9168,91287.93078693142,4509.00850921879,56.94412335185432,50.817970012884054,Germany,Germany,None,delphi
2020-08-06,213067,9175,91288.09054798332,4509.210069167198,57.15521852375858,50.85329624885888,Germany,Germany,None,delphi
2020-08-07,214214,9183,91288.23464298523,4509.397733624684,57.38456186664492,50.89406802107498,Germany,Germany,None,delphi
2020-08-08,215336,9195,91288.3645831833,4509.572445556193,57.60654763570267,50.956253990688495,Germany,Germany,None,delphi
2020-08-09,215891,9196,91288.48173365413,4509.7350837487575,57.71547598850617,50.959818576024816,Germany,Germany,None,delphi
2020-08-10,216327,9197,91288.5873335044,4509.8864702066,57.80065025008233,50.96350472755681,Germany,Germany,None,delphi
2020-08-11,217293,9201,91288.68250393617,4510.027372253852,57.98820831598985,50.98329124819202,Germany,Germany,None,delphi
2020-08-12,218519,9207,91288.76825679227,4510.1585046343935,58.223876067164746,51.01381009411976,Germany,Germany,None,delphi
2020-08-13,219964,9211,91288.84551020582,4510.280535704053,58.498279031929854,51.03375816193624,Germany,Germany,None,delphi
2020-08-14,221413,9225,91288.91509416346,4510.394088955799,58.769848611344656,51.10683914411058,Germany,Germany,None,delphi
2020-08-15,222828,9231,91288.97775700981,4510.499744865908,59.031639759361575,51.13747432709449,Germany,Germany,None,delphi
2020-08-16,223453,9231,91289.03417752023,4510.5980460687715,59.146203372736004,51.13640942401938,Germany,Germany,None,delphi
2020-08-17,224014,9232,91289.0849688443,4510.689498534725,59.24849117963863,51.14071167098434,Germany,Germany,None,delphi
2020-08-18,225404,9236,91289.13068323536,4510.774573050012,59.49977343648057,51.16095091977033,Germany,Germany,None,delphi
2020-08-19,226914,9243,91289.17182141005,4510.853709576272,59.769264205201054,51.197082012590364,Germany,Germany,None,delphi
2020-08-20,228621,9253,91289.20883547218,4510.927318247967,60.06963103325058,51.249029306733306,Germany,Germany,None,delphi
2020-08-21,230048,9260,91289.2421321049,4510.995780406949,60.31730676549898,51.28514276018413,Germany,Germany,None,delphi
2020-08-22,232082,9267,91289.27207986462,4511.059452305511,60.66507868776353,51.32125334730214,Germany,Germany,None,delphi
2020-08-23,232864,9269,91289.29901150777,4511.118666054644,60.797160998905895,51.33111807039978,Germany,Germany,None,delphi
2020-08-24,233575,9272,91289.32322595826,4511.173730214667,60.916483687912546,51.34627124444924,Germany,Germany,None,delphi
2020-08-25,234853,9277,91289.34499386033,4511.22493287761,61.12915526143573,51.37194208388909,Germany,Germany,None,delphi
2020-08-26,236429,9280,91289.36455969901,4511.272542712745,61.38825416522549,51.38714932421611,Germany,Germany,None,delphi
2020-08-27,237936,9285,91289.38214288004,4511.316809204235,61.63279951630688,51.41285073554943,Germany,Germany,None,delphi
2020-08-28,239507,9288,91289.3979416241,4511.357964997902,61.884455175997324,51.4281011520467,Germany,Germany,None,delphi
2020-08-29,240986,9289,91289.41213522905,4511.396227216706,62.11837528519124,51.43291821276018,Germany,Germany,None,delphi
2020-08-30,241771,9295,91289.42488461526,4511.431797522346,62.241366878320704,51.46388598684942,Germany,Germany,None,delphi
2020-08-31,242381,9298,91289.43633456095,4511.464863520561,62.33638926542883,51.47919054075542,Germany,Germany,None,delphi
2020-09-01,243599,9302,91289.44661623568,4511.495600443444,62.52470387142982,51.49972478560046,Germany,Germany,None,delphi
2020-09-02,244855,9313,91289.45584762994,4511.524171299056,62.71693212406121,51.55670384087774,Germany,Germany,None,delphi
2020-09-03,246166,9321,91289.4641343155,4511.550727256511,62.91548624330107,51.59799670361001,Germany,Germany,None,delphi
2020-09-04,247619,9322,91289.47157193012,4511.575409498636,63.13309092923802,51.602924163284314,Germany,Germany,None,delphi
2020-09-05,248997,9324,91289.47824678264,4511.59834962986,63.33711721555575,51.61305931327907,Germany,Germany,None,delphi
2020-09-06,249985,9325,91289.4842360608,4511.619669656907,63.48201522648927,51.61801962834416,Germany,Germany,None,delphi
2020-09-07,250799,9325,91289.48960915755,4511.63948306518,63.60053684059444,51.617807152116036,Germany,Germany,None,delphi
2020-09-08,252298,9329,91289.49442896203,4511.657895868699,63.81679821918445,51.63835463748849,Germany,Germany,None,delphi
2020-09-09,253474,9338,91289.4987520207,4511.675006685225,63.98466953138361,51.68478253710405,Germany,Germany,None,delphi
2020-09-10,255366,9341,91289.50262871102,4511.6909067733495,64.2515046526511,51.70012946394016,Germany,Germany,None,delphi
2020-09-11,256850,9342,91289.50610457252,4511.7056812761875,64.45804706849427,51.705141497792894,Germany,Germany,None,delphi
2020-09-12,258480,9347,91289.50922079144,4511.7194096505955,64.6821768721791,51.73082903979249,Germany,Germany,None,delphi
2020-09-13,259428,9349,91289.5120142261,4511.73216561758,64.81123393996558,51.74101865849203,Germany,Germany,None,delphi
2020-09-14,260355,9350,91289.51451783403,4511.7440175576285,64.9365233938914,51.7460532881537,Germany,Germany,None,delphi
2020-09-15,261762,9362,91289.51676142955,4511.755029290064,65.124992641625,51.80778648483162,Germany,Germany,None,delphi
2020-06-15,186461,8791,91039.14280661347,4412.198580403985,51.175236212069294,49.810049136571664,Germany,Germany,None,delphi_constant
2020-06-16,186839,8800,91061.17467742336,4418.4924450233375,51.26222326311779,49.789858579280256,Germany,Germany,None,delphi_constant
2020-06-17,187184,8830,91081.34013941379,4424.410115423447,51.34127909468022,49.893430176404905,Germany,Germany,None,delphi_constant
2020-06-18,187764,8856,91099.79221283109,4429.972214748907,51.48175783812068,49.97773018576211,Germany,Germany,None,delphi_constant
2020-06-19,188534,8872,91116.67331140723,4435.198404339825,51.67095944953842,50.00903511790098,Germany,Germany,None,delphi_constant
2020-06-20,189135,8883,91132.11495775843,4440.107425985973,51.81636663877208,50.01567684356666,Germany,Germany,None,delphi_constant
2020-06-21,189822,8882,91146.23839091003,4444.717122614625,51.98331152821589,49.958149936786484,Germany,Germany,None,delphi_constant
2020-06-22,190359,8885,91159.1551687454,4449.044470761038,52.11198043236968,49.92634247877279,Germany,Germany,None,delphi_constant
2020-06-23,190862,8895,91170.96773367764,4453.10561303968,52.23199603185672,49.93698017943024,Germany,Germany,None,delphi_constant
2020-06-24,191449,8914,91181.76995374703,4456.915874297505,52.37281471632287,50.000943748064785,Germany,Germany,None,delphi_constant
2020-06-25,192079,8927,91191.64797560121,4460.4898070321615,52.52388445608255,50.03372009597668,Germany,Germany,None,delphi_constant
2020-06-26,192556,8948,91200.68075914035,4463.841214705716,52.63680136732153,50.113531351076034,Germany,Germany,None,delphi_constant
2020-06-27,193243,8954,91208.9403388336,4466.9831673792105,52.80090852510383,50.111869919821196,Germany,Germany,None,delphi_constant
2020-06-28,193499,8957,91216.4928259644,4469.928052814346,52.85945000957918,50.09570109618906,Germany,Germany,None,delphi_constant
2020-06-29,193761,8961,91223.39883131874,4472.687598524869,52.919628392030006,50.08718225058734,Germany,Germany,None,delphi_constant
2020-06-30,194259,8973,91229.71354773645,4475.272885528444,53.03707238905974,50.125121079589384,Germany,Germany,None,delphi_constant
2020-07-01,194725,8985,91235.48751194064,4477.694391643907,53.146495050999796,50.16478139517076,Germany,Germany,None,delphi_constant
2020-07-02,195228,8994,91240.76713664155,4479.962023917316,53.26450758260006,50.189437136787674,Germany,Germany,None,delphi_constant
2020-07-03,195674,9003,91245.59471236214,4482.085128205027,53.368564698241904,50.21564891475033,Germany,Germany,None,delphi_constant
2020-07-04,196096,9010,91250.00884007665,4484.072520338372,53.4666648783878,50.232269474601864,Germany,Germany,None,delphi_constant
2020-07-05,196335,9012,91254.04500149429,4485.93252666669,53.5212544877407,50.22267502589114,Germany,Germany,None,delphi_constant
2020-07-06,196554,9016,91257.73558714165,4487.672992896721,53.57116335096632,50.22545482590151,Germany,Germany,None,delphi_constant
2020-07-07,196944,9024,91261.11009133549,4489.301303948729,53.661391008948996,50.25153696865328,Germany,Germany,None,delphi_constant
2020-07-08,197341,9036,91264.19562357871,4490.824426601584,53.753048974324294,50.300747824241,Germany,Germany,None,delphi_constant
2020-07-09,197783,9048,91267.01697660745,4492.248919799731,53.85497389734838,50.35091821618334,Germany,Germany,None,delphi_constant
2020-07-10,198178,9054,91269.59669767121,4493.580946548825,53.94564649069462,50.369108167121446,Germany,Germany,None,delphi_constant
2020-07-11,198556,9060,91271.95549380587,4494.826313354622,54.03213426247211,50.3882305369247,Germany,Germany,None,delphi_constant
2020-07-12,198804,9063,91274.11233181969,4495.990483111547,54.08839242076634,50.39180753490514,Germany,Germany,None,delphi_constant
2020-07-13,198963,9064,91276.08445765352,4497.078582389387,54.124091183962086,50.385276010708445,Germany,Germany,None,delphi_constant
2020-07-14,199375,9068,91277.88768466211,4498.095433930424,54.21798736819456,50.39594801576506,Germany,Germany,None,delphi_constant
2020-07-15,199726,9071,91279.53651753695,4499.0455729596415,54.297619479919014,50.40187881204231,Germany,Germany,None,delphi_constant
2020-07-16,200260,9078,91281.04415209685,4499.933251474149,54.418733570310174,50.430345324144646,Germany,Germany,None,delphi_constant
2020-07-17,200843,9082,91282.42266393878,4500.762463041697,54.550358905245,50.443047092692176,Germany,Germany,None,delphi_constant
2020-07-18,201372,9083,91283.68314179278,4501.536961723949,54.66912820958585,50.43997620033085,Germany,Germany,None,delphi_constant
2020-07-19,201574,9084,91284.83568509096,4502.260265012536,54.713983110375864,50.43746956172901,Germany,Germany,None,delphi_constant
2020-07-20,201823,9086,91285.88951583777,4502.935671111386,54.76933277384749,50.44094572846812,Germany,Germany,None,delphi_constant
2020-07-21,202345,9090,91286.85310870553,4503.566279229295,54.885540483478444,50.45581651012877,Germany,Germany,None,delphi_constant
2020-07-22,202799,9095,91287.73419421393,4504.154992412508,54.98610239980772,50.47658062218242,Germany,Germany,None,delphi_constant
2020-07-23,203368,9101,91288.53981663492,4504.704528310961,55.11164990724454,50.50319164585253,Germany,Germany,None,delphi_constant
2020-07-24,204183,9111,91289.27645102215,4505.217439359466,55.29046176663965,50.551888493475296,Germany,Germany,None,delphi_constant
2020-07-25,204964,9118,91289.95001421723,4505.696116271037,55.46049549471262,50.58460061119723,Germany,Germany,None,delphi_constant
2020-07-26,205269,9118,91290.56588915126,4506.1427939265095,55.52637471359472,50.57970175557678,Germany,Germany,None,delphi_constant
2020-07-27,205609,9118,91291.12902188045,4506.559569866127,55.59964348745412,50.57513084156474,Germany,Germany,None,delphi_constant
2020-07-28,206242,9122,91291.64393965261,4506.948408773785,55.735667836981506,50.59254101322315,Germany,Germany,None,delphi_constant
2020-07-29,206926,9128,91292.11475842605,4507.311145516617,55.88175736329604,50.62104354166721,Germany,Germany,None,delphi_constant
2020-07-30,207828,9134,91292.54525527685,4507.649500321556,56.0730290166499,50.649775560307035,Germany,Germany,None,delphi_constant
2020-07-31,208698,9141,91292.93889299386,4507.965084684743,56.255958900902804,50.68411459703815,Germany,Germany,None,delphi_constant
2020-08-01,209653,9148,91293.29882062109,4508.259402832219,56.45504771187577,50.718633550150635,Germany,Germany,None,delphi_constant
2020-08-02,209893,9141,91293.62792196202,4508.533862982526,56.504681946533694,50.677892320506224,Germany,Germany,None,delphi_constant
2020-08-03,210402,9148,91293.92884465537,4508.789784601434,56.609761863168906,50.712835760806364,Germany,Germany,None,delphi_constant
2020-08-04,211281,9156,91294.20399914555,4509.028399191591,56.790149611585726,50.753294023682926,Germany,Germany,None,delphi_constant
2020-08-05,212022,9168,91294.45558712496,4509.250857713452,56.941045935268534,50.81532659562116,Germany,Germany,None,delphi_constant
2020-08-06,213067,9175,91294.68563210331,4509.458238708054,57.15212321377627,50.85059140372694,Germany,Germany,None,delphi_constant
2020-08-07,214214,9183,91294.89597979098,4509.651549133134,57.38145220210118,50.891304049513955,Germany,Germany,None,delphi_constant
2020-08-08,215336,9195,91295.08831145015,4509.831728426618,57.60342519994327,50.9534341661053,Germany,Germany,None,delphi_constant
2020-08-09,215891,9196,91295.26417286845,4509.999656790071,57.71233438500518,50.95694153120846,Germany,Germany,None,delphi_constant
2020-08-10,216327,9197,91295.42497731363,4510.156156504258,57.79748945933072,50.96057239856194,Germany,Germany,None,delphi_constant
2020-08-11,217293,9201,91295.57200948818,4510.301993611578,57.98503770968776,50.98030655785699,Germany,Germany,None,delphi_constant
2020-08-12,218519,9207,91295.70644965347,4510.437885351491,58.220700968953054,51.0107756560064,Germany,Germany,None,delphi_constant
2020-08-13,219964,9211,91295.82937934928,4510.564502214153,58.495104026409194,51.03067525551891,Germany,Germany,None,delphi_constant
2020-08-14,221413,9225,91295.94178150017,4510.68246850911,58.76667504550313,51.10371307849204,Germany,Germany,None,delphi_constant
2020-08-15,222828,9231,91296.04455671336,4510.792367792415,59.028468344771134,51.13430432464072,Germany,Germany,None,delphi_constant
2020-08-16,223453,9231,91296.13853208438,4510.8947460169,59.143024022016085,51.133195254935536,Germany,Germany,None,delphi_constant
2020-08-17,224014,9232,91296.22446055604,4510.990111728759,59.245304105745156,51.13745546221015,Germany,Germany,None,delphi_constant
2020-08-18,225404,9236,91296.30302916936,4511.078939128386,59.49659144062689,51.157655487999286,Germany,Germany,None,delphi_constant
2020-08-19,226914,9243,91296.3748698308,4511.161672101631,59.76608985349922,51.19375016659493,Germany,Germany,None,delphi_constant
2020-08-20,228621,9253,91296.44055972317,4511.238724637043,60.066467839908334,51.245663842677594,Germany,Germany,None,delphi_constant
2020-08-21,230048,9260,91296.50062334898,4511.310481827495,60.31415155821873,51.28174425672252,Germany,Germany,None,delphi_constant
2020-08-22,232082,9267,91296.55554297379,4511.377304024068,60.66194037324144,51.31782341616415,Germany,Germany,None,delphi_constant
2020-08-23,232864,9269,91296.60576065019,4511.439527776443,60.79402322357678,51.32765640547585,Germany,Germany,None,delphi_constant
2020-08-24,233575,9272,91296.65167786951,4511.497465972128,60.9133461723774,51.342779702630196,Germany,Germany,None,delphi_constant
2020-08-25,234853,9277,91296.69366218727,4511.551410647386,61.12602621120988,51.36842286679546,Germany,Germany,None,delphi_constant
2020-08-26,236429,9280,91296.73205157276,4511.601634948339,61.385138011169204,51.383603071677385,Germany,Germany,None,delphi_constant
2020-08-27,237936,9285,91296.76715417005,4511.648393223763,61.62969573575665,51.40927955601763,Germany,Germany,None,delphi_constant
2020-08-28,239507,9288,91296.7992501184,4511.691921940923,61.881364949618,51.42450557772478,Germany,Germany,None,delphi_constant
2020-08-29,240986,9289,91296.82859728434,4511.732442380121,62.11529773626504,51.42929871482268,Germany,Germany,None,delphi_constant
2020-08-30,241771,9295,91296.85543200448,4511.7701610645,62.23829349590956,51.46024571205486,Germany,Germany,None,delphi_constant
2020-08-31,242381,9298,91296.87996872987,4511.805269774447,62.333318218536164,51.475529471128766,Germany,Germany,None,delphi_constant
2020-09-01,243599,9302,91296.90240372549,4511.837947373588,62.521643190766184,51.496044427288886,Germany,Germany,None,delphi_constant
2020-09-02,244855,9313,91296.92291762793,4511.868361157423,62.71388253553003,51.553008040830846,Germany,Germany,None,delphi_constant
2020-09-03,246166,9321,91296.9416753801,4511.8966669325255,62.91244864222513,51.59428530273013,Germany,Germany,None,delphi_constant
2020-09-04,247619,9322,91296.95882650564,4511.92300924328,63.130067229693346,51.59919535246428,Germany,Germany,None,delphi_constant
2020-09-05,248997,9324,91296.97450858187,4511.947523258671,63.334106632376354,51.60931442236517,Germany,Germany,None,delphi_constant
2020-09-06,249985,9325,91296.9888480184,4511.970335240265,63.479013201584735,51.61425913951459,Germany,Germany,None,delphi_constant
2020-09-07,250799,9325,91297.00195979596,4511.991562516747,63.59754147353222,51.614031501160895,Germany,Germany,None,delphi_constant
2020-09-08,252298,9329,91297.01394841656,4512.011314045244,63.81381780734823,51.634566255276624,Germany,Germany,None,delphi_constant
2020-09-09,253474,9338,91297.02491022531,4512.029691803581,63.981700328149905,51.68098423855664,Germany,Germany,None,delphi_constant
2020-09-10,255366,9341,91297.03493363013,4512.046790951572,64.24855504114481,51.696319548746686,Germany,Germany,None,delphi_constant
2020-09-11,256850,9342,91297.04409882393,4512.06269976677,64.45511228389181,51.701319848354,Germany,Germany,None,delphi_constant
2020-09-12,258480,9347,91297.05247888064,4512.077500318201,64.67925855815513,51.72699796385791,Germany,Germany,None,delphi_constant
2020-09-13,259428,9349,91297.0601412135,4512.0912694274475,64.8083244132424,51.73717756522144,Germany,Germany,None,delphi_constant
2020-09-14,260355,9350,91297.06714756285,4512.104078681188,64.93362249714319,51.74220236704612,Germany,Germany,None,delphi_constant
2020-09-15,261762,9362,91297.07355394715,4512.115994491686,65.12210574722566,51.80393084285744,Germany,Germany,None,delphi_constant
2020-06-15,186461,8791,91039.14280343239,4412.198580400121,51.17523621377532,49.810049136615625,Germany,Germany,None,themis
2020-06-16,186839,8800,91061.18148636365,4418.492450084564,51.26221961883566,49.78985852176632,Germany,Germany,None,themis
2020-06-17,187184,8830,91081.38667354829,4424.41020315068,51.34125423457758,49.89342918289151,Germany,Germany,None,themis
2020-06-18,187764,8856,91099.9293190369,4429.972605872399,51.48168481762377,49.977725769281854,Germany,Germany,None,themis
2020-06-19,188534,8872,91116.95861727305,4435.199500093862,51.67080812093678,50.00902276720173,Germany,Germany,None,themis
2020-06-20,189135,8883,91132.60643657533,4440.109802588058,51.816106782681516,50.01565008906835,Germany,Germany,None,themis
2020-06-21,189822,8882,91146.99027338545,4444.721515273545,51.98291542951531,49.95810048104543,Germany,Germany,None,themis
2020-06-22,190359,8885,91160.21609991624,4449.051744760523,52.11142310060662,49.926260610461185,Germany,Germany,None,themis
2020-06-23,190862,8895,91172.3795026209,4453.116727489308,52.2312563513843,49.93685522777619,Germany,Germany,None,themis
2020-06-24,191449,8914,91183.5676061398,4456.93186133996,52.371875744381114,50.000764400494056,Germany,Germany,None,themis
2020-06-25,192079,8927,91193.85966301843,4460.511732418826,52.52273300932511,50.03347448841912,Germany,Germany,None,themis
2020-06-26,192556,8948,91203.32818424281,4463.870152525993,52.635426481520796,50.11320795120705,Germany,Germany,None,themis
2020-06-27,193243,8954,91212.03964670408,4467.0201900210695,52.79930468544575,50.11145644381204,Germany,Germany,None,themis
2020-06-28,193499,8957,91220.05478729858,4469.974197113093,52.85760919317486,50.095185920362916,Germany,Germany,None,themis
2020-06-29,193761,8961,91227.42959916012,4472.743855616727,52.91754811383089,50.08655445132544,Germany,Germany,None,themis
2020-06-30,194259,8973,91234.21536225674,4475.340193887388,53.03475495999839,50.124370958571404,Germany,Germany,None,themis
2020-07-01,194725,8985,91240.45915006958,4477.773622792686,53.143941892376645,50.163899579380235,Germany,Germany,None,themis
2020-07-02,195228,8994,91246.20442277704,4480.053976883197,53.261722487155,50.188414755579316,Germany,Germany,None,themis
2020-07-03,195674,9003,91251.49099816901,4482.190524864741,53.365551377204426,50.21447823098144,Germany,Germany,None,themis
2020-07-04,196096,9010,91256.35545523568,4484.192004242102,53.46342839464564,50.23094334914426,Germany,Germany,None,themis
2020-07-05,196335,9012,91260.83159917883,4486.066662522415,53.51779784593739,50.221186612046,Germany,Germany,None,themis
2020-07-06,196554,9016,91264.95045584835,4487.822265190888,53.567492670793605,50.223799188211096,Germany,Germany,None,themis
2020-07-07,196944,9024,91268.74046714632,4489.4661180225785,53.657516620386346,50.2497105715583,Germany,Germany,None,themis
2020-07-08,197341,9036,91272.2279357511,4491.005113149855,53.748978703994055,50.298748194446055,Germany,Germany,None,themis
2020-07-09,197783,9048,91275.43706916114,4492.445738138615,53.850716659590994,50.348742947185954,Germany,Germany,None,themis
2020-07-10,198178,9054,91278.39001293143,4493.794085116054,53.94120941127096,50.366754085309765,Germany,Germany,None,themis
2020-07-11,198556,9060,91281.10722125773,4495.0558940476585,54.0275251207429,50.38569653369031,Germany,Germany,None,themis
2020-07-12,198804,9063,91283.60756863178,4496.2365685325885,54.08361624080412,50.38909225937782,Germany,Germany,None,themis
2020-07-13,198963,9064,91285.90833795373,4497.341179465119,54.11915364266032,50.38237886733099,Germany,Germany,None,themis
2020-07-14,199375,9068,91288.02542738216,4498.374492757151,54.21290260695566,50.39287061361766,Germany,Germany,None,themis
2020-07-15,199726,9071,91289.97353671749,4499.340996071884,54.292393811162555,50.39862202544501,Germany,Germany,None,themis
2020-07-16,200260,9078,91291.76616829555,4500.2449021386765,54.41337952247301,50.42691229192909,Germany,Germany,None,themis
2020-07-17,200843,9082,91293.41568888526,4501.090159789338,54.54488546332944,50.439438892431866,Germany,Germany,None,themis
2020-07-18,201372,9083,91294.93353564505,4501.880485746962,54.66354133859471,50.43619414569016,Germany,Germany,None,themis
2020-07-19,201574,9084,91296.33024756493,4502.6193710134685,54.70828070705303,50.43351639130924,Germany,Germany,None,themis
2020-07-20,201823,9086,91297.61546717676,4503.31008405502,54.763522756486246,50.43682496087366,Germany,Germany,None,themis
2020-07-21,202345,9090,91298.79808527192,4503.955695022135,54.87963721106431,50.45153250800731,Germany,Germany,None,themis
2020-07-22,202799,9095,91299.88631564887,4504.559089535467,54.98011019992758,50.47213755321091,Germany,Germany,None,themis
2020-07-23,203368,9101,91300.88769044924,4505.122970031211,55.105578217591145,50.49859389043829,Germany,Germany,None,themis
2020-07-24,204183,9111,91301.80912155285,4505.64986766452,55.28432380680426,50.54714227127077,Germany,Germany,None,themis
2020-07-25,204964,9118,91302.6570026544,4506.142161979169,55.45429587505396,50.579708686343835,Germany,Germany,None,themis
2020-07-26,205269,9118,91303.43721720949,4506.602083580063,55.52010424505917,50.574664580170406,Germany,Germany,None,themis
2020-07-27,205609,9118,91304.15514776223,4507.031717395837,55.593308100441995,50.56995264974954,Germany,Germany,None,themis
2020-07-28,206242,9122,91304.81576641281,4507.433021257676,55.72928124901193,50.58722844488406,Germany,Germany,None,themis
2020-07-29,206926,9128,91305.42366167401,4507.807832119084,55.87532564217449,50.61560218975587,Germany,Germany,None,themis
2020-07-30,207828,9134,91305.98303562538,4508.15786684871,56.06656319859433,50.64420990969225,Germany,Germany,None,themis
2020-07-31,208698,9141,91306.49775260522,4508.484733169499,56.24946202042893,50.678429787009094,Germany,Germany,None,themis
2020-08-01,209653,9148,91306.97138616466,4508.789940651016,56.448526190340864,50.71283405497359,Germany,Germany,None,themis
2020-08-02,209893,9141,91307.40721985692,4509.074901748791,56.498117031126846,50.67197350674116,Germany,Germany,None,themis
2020-08-03,210402,9148,91307.80825990344,4509.340935418935,56.60316524562341,50.70681093770294,Germany,Germany,None,themis
2020-08-04,211281,9156,91308.17728632165,4509.589279731235,56.78353600829149,50.747168198654045,Germany,Germany,None,themis
2020-08-05,212022,9168,91308.51686187934,4509.8210944880975,56.93441394672282,50.80910673551378,Germany,Germany,None,themis
2020-08-06,213067,9175,91308.82933149782,4510.037461919894,57.14548506737419,50.84427834419735,Germany,Germany,None,themis
2020-08-07,214214,9183,91309.11685570086,4510.239395456838,57.3748135716149,50.8849025867708,Germany,Germany,None,themis
2020-08-08,215336,9195,91309.38143142592,4510.42784554285,57.59678761032715,50.946951108832515,Germany,Germany,None,themis
2020-08-09,215891,9196,91309.62489119665,4510.603699998465,57.705682547583436,50.95037298827245,Germany,Germany,None,themis
2020-08-10,216327,9197,91309.84891457512,4510.767787474595,57.79082180468683,50.953922067254595,Germany,Germany,None,themis
2020-08-11,217293,9201,91310.05505544762,4510.920885372002,57.978372494536124,50.97358020462991,Germany,Germany,None,themis
2020-08-12,218519,9207,91310.2447451243,4511.063721010145,58.21404786534612,51.003978266426145,Germany,Germany,None,themis
2020-08-13,219964,9211,91310.41929263673,4511.196972202169,58.488471162264396,51.0238087916386,Germany,Germany,None,themis
2020-08-14,221413,9225,91310.57990555606,4511.321273592769,58.76006381488166,51.096788362138,Germany,Germany,None,themis
2020-08-15,222828,9231,91310.72769963888,4511.437219816074,59.02187889329937,51.1273186023608,Germany,Germany,None,themis
2020-08-16,223453,9231,91310.86369802862,4511.545365623704,59.13643419509758,51.126147052066905,Germany,Germany,None,themis
2020-08-17,224014,9232,91310.98883895787,4511.646228493183,59.238713277313984,51.13034847819342,Germany,Germany,None,themis
2020-08-18,225404,9236,91311.10399066826,4511.740293640296,59.49002502587876,51.15049487180278,Germany,Germany,None,themis
2020-08-19,226914,9243,91311.20995276657,4511.8280146414245,59.759552097813895,51.18654100788246,Germany,Germany,None,themis
2020-08-20,228621,9253,91311.30745628549,4511.909813747795,60.05996498296942,51.23841117747979,Germany,Germany,None,themis
2020-08-21,230048,9260,91311.39717572743,4511.986086094971,60.30767614770508,51.27444831430916,Germany,Germany,None,themis
2020-08-22,232082,9267,91311.47973446286,4512.0572017264685,60.655509804955635,51.31048665451097,Germany,Germany,None,themis
2020-08-23,232864,9269,91311.55570425712,4512.123505653848,60.78760319145204,51.320277207316344,Germany,Germany,None,themis
2020-08-24,233575,9272,91311.62560892911,4512.185319287241,60.90693541306684,51.33536109483131,Germany,Germany,None,themis
2020-08-25,234853,9277,91311.68993335411,4512.242943882628,61.11964082496111,51.3609685902487,Germany,Germany,None,themis
2020-08-26,236429,9280,91311.7491244664,4512.296661011612,61.378786390643114,51.37611356668522,Germany,Germany,None,themis
2020-08-27,237936,9285,91311.80359082806,4512.346732593453,61.62337620585869,51.40175839963971,Germany,Germany,None,themis
2020-08-28,239507,9288,91311.85370874523,4512.393403321122,61.875079346847805,51.41695302195175,Germany,Germany,None,themis
2020-08-29,240986,9289,91311.89982638732,4512.436902391134,62.10904375092855,51.42171490589801,Germany,Germany,None,themis
2020-08-30,241771,9295,91311.94226375406,4512.477443607728,62.23205336299471,51.45263643240745,Germany,Germany,None,themis
2020-08-31,242381,9298,91311.98131320899,4512.515225694563,62.327087802588075,51.46789389444436,Germany,Germany,None,themis
2020-09-01,243599,9302,91312.01724518283,4512.5504347424185,62.51543838637153,51.488384919991205,Germany,Germany,None,themis
2020-09-02,244855,9313,91312.05030949618,4512.58324482502,62.707704433441755,51.54533184983335,Germany,Germany,None,themis
2020-09-03,246166,9321,91312.08073502815,4512.61381797762,62.906298702896365,51.586591374556164,Germany,Germany,None,themis
2020-09-04,247619,9322,91312.10873140779,4512.642304973745,63.123948997690896,51.59147924293344,Germany,Germany,None,themis
2020-09-05,248997,9324,91312.1344928421,4512.6688471037,63.32801821192942,51.60157821639104,Germany,Germany,None,themis
2020-09-06,249985,9325,91312.15819848454,4512.693576378363,63.47294509731203,51.60650320237681,Germany,Germany,None,themis
2020-09-07,250799,9325,91312.1800120733,4512.716615464551,63.59148959442689,51.606256134428406,Germany,Germany,None,themis
2020-09-08,252298,9329,91312.20008401602,4512.738078674671,63.807798680918594,51.626775874427366,Germany,Germany,None,themis
2020-09-09,253474,9338,91312.21855369287,4512.7580731216385,63.97570616564505,51.67318405309875,Germany,Germany,None,themis
2020-09-10,255366,9341,91312.23554955299,4512.776698796806,64.24260255885552,51.68850552620911,Germany,Germany,None,themis
2020-09-11,256850,9342,91312.25118881634,4512.794048500646,64.44919167264305,51.69349123848591,Germany,Germany,None,themis
2020-09-12,258480,9347,91312.2655793739,4512.810208797612,64.673372957531,51.719158994355276,Germany,Germany,None,themis
2020-09-13,259428,9349,91312.27882121202,4512.82526078421,64.8024581690442,51.7293265506021,Germany,Germany,None,themis
2020-09-14,260355,9350,91312.29100629185,4512.8392800472175,64.92777515073962,51.734339250831894,Germany,Germany,None,themis
2020-09-15,261762,9362,91312.30221874776,4512.852336840217,65.11628799491609,51.79606561802802,Germany,Germany,None,themis
2020-06-15,186461,8791,722656.7819277601,12.0,287.56457485895714,99.863496758048,Germany,Germany,None,sir
2020-06-16,186839,8800,765835.6993797452,12.0,309.89070771078053,99.86363636363636,Germany,Germany,None,sir
2020-06-17,187184,8830,811559.4494711434,12.0,333.56240355540183,99.86409966024915,Germany,Germany,None,sir
2020-06-18,187764,8856,859972.9615518934,12.0,358.0073717815414,99.86449864498645,Germany,Germany,None,sir
2020-06-19,188534,8872,911228.8727912937,12.0,383.32336490569,99.86474301172227,Germany,Germany,None,sir
2020-06-20,189135,8883,965486.890152479,12.0,410.4749994197156,99.86491050320836,Germany,Germany,None,sir
2020-06-21,189822,8882,1022915.7207618131,12.0,438.88154205614376,99.86489529385274,Germany,Germany,None,sir
2020-06-22,190359,8885,1083693.1007665165,12.0,469.2891330415249,99.86494091164884,Germany,Germany,None,sir
2020-06-23,190862,8895,1148005.7953346674,12.0,501.4847352195133,99.86509274873524,Germany,Germany,None,sir
2020-06-24,191449,8914,1216049.5986552013,12.0,535.1820059938685,99.86538030065066,Germany,Germany,None,sir
2020-06-25,192079,8927,1288029.4187192942,12.0,570.5727428398181,99.8655763414361,Germany,Germany,None,sir
2020-06-26,192556,8948,1364160.9466870623,12.0,608.4489430020681,99.86589181940099,Germany,Germany,None,sir
2020-06-27,193243,8954,1444669.0932371947,12.0,647.5919403223893,99.8659816841635,Germany,Germany,None,sir
2020-06-28,193499,8957,1529789.368376741,12.0,690.5929066179882,99.86602657139667,Germany,Germany,None,sir
2020-06-29,193761,8961,1619768.6388726002,12.0,735.9621589858641,99.86608637428859,Germany,Germany,None,sir
2020-06-30,194259,8973,1714865.128251521,12.0,782.7725501786382,99.86626546305584,Germany,Germany,None,sir
2020-07-01,194725,8985,1815348.4168001013,12.0,832.262635408962,99.86644407345577,Germany,Germany,None,sir
2020-07-02,195228,8994,1921499.441564789,12.0,884.2335328768359,99.866577718479,Germany,Germany,None,sir
2020-07-03,195674,9003,2033610.6273893537,12.0,939.2850493112797,99.86671109630123,Germany,Germany,None,sir
2020-07-04,196096,9010,2151986.754754527,12.0,997.414916548286,99.86681465038846,Germany,Germany,None,sir
2020-07-05,196335,9012,2276944.329940076,12.0,1059.7241092724557,99.86684420772303,Germany,Germany,None,sir
2020-07-06,196554,9016,2408811.667343661,12.0,1125.5215703285921,99.86690328305235,Germany,Germany,None,sir
2020-07-07,196944,9024,2547928.950598475,12.0,1193.732711125231,99.86702127659575,Germany,Germany,None,sir
2020-07-08,197341,9036,2694648.2325732405,12.0,1265.4781482678413,99.867197875166,Germany,Germany,None,sir
2020-07-09,197783,9048,2849333.435372211,12.0,1340.6361696264144,99.86737400530504,Germany,Germany,None,sir
2020-07-10,198178,9054,3012360.3503351714,12.0,1420.0276268481725,99.8674618952949,Germany,Germany,None,sir
2020-07-11,198556,9060,3184115.661523917,12.0,1503.6360832832638,99.86754966887416,Germany,Germany,None,sir
2020-07-12,198804,9063,3364995.879848961,12.0,1592.6198063665524,99.86759351208208,Germany,Germany,None,sir
2020-07-13,198963,9064,3555410.6989799463,12.0,1686.9707930519476,99.8676081200353,Germany,Germany,None,sir
2020-07-14,199375,9068,3755776.9121035067,12.0,1783.7752537196272,99.86766651962947,Germany,Germany,None,sir
2020-07-15,199726,9071,3966517.9336228464,12.0,1885.9797590813646,99.8677102855253,Germany,Germany,None,sir
2020-07-16,200260,9078,4188063.7991577387,12.0,1991.3131924287122,99.86781229345671,Germany,Germany,None,sir
2020-07-17,200843,9082,4420851.165544529,12.0,2101.147745026976,99.86787051310284,Germany,Germany,None,sir
2020-07-18,201372,9083,4665323.310836133,12.0,2216.7686226665737,99.86788506000221,Germany,Germany,None,sir
2020-07-19,201574,9084,4921928.885763714,12.0,2341.74788701108,99.8678996036988,Germany,Germany,None,sir
2020-07-20,201823,9086,5191109.895062586,12.0,2472.110163391975,99.86792868148801,Germany,Germany,None,sir
2020-07-21,202345,9090,5473320.7345917765,12.0,2604.944888478478,99.86798679867987,Germany,Germany,None,sir
2020-07-22,202799,9095,5769010.293663964,12.0,2744.6936590732516,99.86805937328202,Germany,Germany,None,sir
2020-07-23,203368,9101,6078616.144723879,12.0,2888.973754338873,99.86814635754313,Germany,Germany,None,sir
2020-07-24,204183,9111,6402564.543348299,12.0,3035.699124485535,99.86829107672045,Germany,Germany,None,sir
2020-07-25,204964,9118,6741270.428246049,12.0,3189.002180015051,99.86839219127002,Germany,Germany,None,sir
2020-07-26,205269,9118,7095137.4212580025,12.0,3356.507032848605,99.86839219127002,Germany,Germany,None,sir
2020-07-27,205609,9118,7464557.82735708,12.0,3530.46259033266,99.86839219127002,Germany,Germany,None,sir
2020-07-28,206242,9122,7849908.402820524,12.0,3706.1638283281404,99.86844990133743,Germany,Germany,None,sir
2020-07-29,206926,9128,8251519.806643762,12.0,3887.666995275491,99.86853637160385,Germany,Germany,None,sir
2020-07-30,207828,9134,8669725.89781072,12.0,4071.5870324550688,99.86862272826801,Germany,Germany,None,sir
2020-07-31,208698,9141,9104824.573328208,12.0,4262.679361243619,99.8687233344273,Germany,Germany,None,sir
2020-08-01,209653,9148,9557066.702471158,12.0,4458.516549952139,99.86882378662003,Germany,Germany,None,sir
2020-08-02,209893,9141,10026656.126782615,12.0,4677.032167238838,99.8687233344273,Germany,Germany,None,sir
2020-08-03,210402,9148,10513749.660073753,12.0,4896.981806291648,99.86882378662003,Germany,Germany,None,sir
2020-08-04,211281,9156,11018457.088423863,12.0,5115.072386264673,99.8689384010485,Germany,Germany,None,sir
2020-08-05,212022,9168,11540841.170180356,12.0,5343.228141504351,99.86910994764398,Germany,Germany,None,sir
2020-08-06,213067,9175,12080917.635958761,12.0,5570.008793458753,99.8692098092643,Germany,Germany,None,sir
2020-08-07,214214,9183,12638655.188378764,12.0,5800.013625803525,99.86932375040837,Germany,Germany,None,sir
2020-08-08,215336,9195,13213960.138898296,12.0,6036.438003352108,99.8694942903752,Germany,Germany,None,sir
2020-08-09,215891,9196,13806649.496690493,12.0,6295.194564243296,99.86950848194867,Germany,Germany,None,sir
2020-08-10,216327,9197,14416470.736773094,12.0,6564.2031446713045,99.86952267043601,Germany,Germany,None,sir
2020-08-11,217293,9201,15043102.324582351,12.0,6822.957630748506,99.86957939354419,Germany,Germany,None,sir
2020-08-12,218519,9207,15686153.715973029,12.0,7078.393510849413,99.86966438579343,Germany,Germany,None,sir
2020-08-13,219964,9211,16345165.357218402,12.0,7330.8365719928715,99.86972098577787,Germany,Germany,None,sir
2020-08-14,221413,9225,17019608.685010258,12.0,7586.815446703788,99.86991869918698,Germany,Germany,None,sir
2020-08-15,222828,9231,17708886.126458894,12.0,7847.334323540531,99.87000324991875,Germany,Germany,None,sir
2020-08-16,223453,9231,18412331.099093124,12.0,8139.912240647082,99.87000324991875,Germany,Germany,None,sir
2020-08-17,224014,9232,19129208.01086027,12.0,8439.29129914214,99.87001733102254,Germany,Germany,None,sir
2020-08-18,225404,9236,19858712.260126173,12.0,8710.27499961233,99.87007362494586,Germany,Germany,None,sir
2020-08-19,226914,9243,20599970.235675167,12.0,8978.3161178575,99.87017202207076,Germany,Germany,None,sir
2020-08-20,228621,9253,21352039.316710126,12.0,9239.491698798503,99.87031233113585,Germany,Germany,None,sir
2020-08-21,230048,9260,22113944.402923703,12.0,9512.75229644409,99.87041036717062,Germany,Germany,None,sir
2020-08-22,232082,9267,22884706.562069137,12.0,9760.612439598563,99.87050825509873,Germany,Germany,None,sir
2020-08-23,232864,9269,23663173.837175842,12.0,10061.799950690463,99.87053619592189,Germany,Germany,None,sir
2020-08-24,233575,9272,24448182.19250154,12.0,10366.951596918138,99.87057808455565,Germany,Germany,None,sir
2020-08-25,234853,9277,25238568.10675812,12.0,10646.538518459683,99.87064783874096,Germany,Germany,None,sir
2020-08-26,236429,9280,26033168.57311162,12.0,10910.987896202081,99.87068965517241,Germany,Germany,None,sir
2020-08-27,237936,9285,26830821.09918224,12.0,11176.486575878489,99.87075928917609,Germany,Germany,None,sir
2020-08-28,239507,9288,27630363.70704434,12.0,11436.349128436472,99.87080103359173,Germany,Germany,None,sir
2020-08-29,240986,9289,28430634.933226444,12.0,11697.629295156748,99.87081494240499,Germany,Germany,None,sir
2020-08-30,241771,9295,29230473.828711234,12.0,11990.148871746915,99.8708983324368,Germany,Germany,None,sir
2020-08-31,242381,9298,30028719.958935544,12.0,12289.056881082075,99.870939987094,Germany,Germany,None,sir
2020-09-01,243599,9302,30824213.403790377,12.0,12553.669926309376,99.87099548484197,Germany,Germany,None,sir
2020-09-02,244855,9313,31615794.757620893,12.0,12812.047847755159,99.87114785783314,Germany,Germany,None,sir
2020-09-03,246166,9321,32402333.497852966,12.0,13062.798070348043,99.8712584486643,Germany,Germany,None,sir
2020-09-04,247619,9322,33182848.55388032,12.0,13300.76833921481,99.87127225917185,Germany,Germany,None,sir
2020-09-05,248997,9324,33956337.843009524,12.0,13537.247775278225,99.87129987129987,Germany,Germany,None,sir
2020-09-06,249985,9325,34721846.66473397,12.0,13789.572040216,99.87131367292226,Germany,Germany,None,sir
2020-09-07,250799,9325,35478482.170284234,12.0,14046.181671491608,99.87131367292226,Germany,Germany,None,sir
2020-09-08,252298,9329,36225413.362628095,12.0,14258.18490936436,99.87136884982313,Germany,Germany,None,sir
2020-09-09,253474,9338,36961871.09647052,12.0,14482.115363497052,99.87149282501606,Germany,Germany,None,sir
2020-09-10,255366,9341,37687148.07825366,12.0,14658.09155418249,99.87153409699175,Germany,Germany,None,sir
2020-09-11,256850,9342,38400598.86615686,12.0,14850.593290308296,99.87154784842646,Germany,Germany,None,sir
2020-09-12,258480,9347,39101639.87009666,12.0,15027.53012615934,99.87161656146357,Germany,Germany,None,sir
2020-09-13,259428,9349,39789749.35172679,12.0,15237.492233578025,99.87164402609905,Germany,Germany,None,sir
2020-09-14,260355,9350,40464467.42443818,12.0,15442.035845072374,99.87165775401068,Germany,Germany,None,sir
2020-09-15,261762,9362,41125396.05335892,12.0,15610.987864303803,99.87182226020082,Germany,Germany,None,sir
2020-06-15,186461,8791,413454.55955904257,28769.40229485573,121.73782161365784,227.2597235224176,Germany,Germany,None,seir
2020-06-16,186839,8800,432416.29857313086,30108.780853201308,131.43792172572688,242.14523696819668,Germany,Germany,None,seir
2020-06-17,187184,8830,452237.24012110964,31509.13951748885,141.6003718913527,256.84189714030407,Germany,Germany,None,seir
2020-06-18,187764,8856,472956.0965647358,32973.1962377696,151.8885923631451,272.3260641121229,Germany,Germany,None,seir
2020-06-19,188534,8872,494613.07161222416,34503.775666981106,162.3468825846925,288.90639841051745,Germany,Germany,None,seir
2020-06-20,189135,8883,517250.02366325166,36103.84775440053,173.48191697107973,306.4375521152823,Germany,Germany,None,seir
2020-06-21,189822,8882,540910.4698336076,37776.52798856482,184.95668038141392,325.3155594299124,Germany,Germany,None,seir
2020-06-22,190359,8885,565639.5859551934,39525.0773972707,197.1436002265159,344.8517433570141,Germany,Germany,None,seir
2020-06-23,190862,8895,591484.2065760226,41352.90254757466,209.90150295817008,364.9005345427168,Germany,Germany,None,seir
2020-06-24,191449,8914,618492.8944161014,43263.55700505472,223.05882737235575,385.3439197336181,Germany,Germany,None,seir
2020-06-25,192079,8927,646717.1146869346,45260.72590308581,236.6932953039815,407.0093637625833,Germany,Germany,None,seir
2020-06-26,192556,8948,676210.8432592939,47348.19890156925,251.17619978566958,429.1484007774838,Germany,Germany,None,seir
2020-06-27,193243,8954,707030.0733753276,49529.95062575738,265.8761628495354,453.16004719407397,Germany,Germany,None,seir
2020-06-28,193499,8957,739232.8956189943,51810.15184481972,282.034478534253,478.43197325912377,Germany,Germany,None,seir
2020-06-29,193761,8961,772879.497916062,54193.16947184295,298.88290105648815,504.76698439731,Germany,Germany,None,seir
2020-06-30,194259,8973,808032.165534109,56683.566563830944,315.9561026949119,531.7125438964778,Germany,Germany,None,seir
2020-07-01,194725,8985,844755.305567338,59286.10276635649,333.81964594548106,559.8341988464829,Germany,Germany,None,seir
2020-07-02,195228,8994,883116.818147344,62005.71185562871,352.3515162514312,589.4119619260475,Germany,Germany,None,seir
2020-07-03,195674,9003,923188.3697683845,64847.45034432242,371.79920161512746,620.2871303379143,Germany,Germany,None,seir
2020-07-04,196096,9010,965044.0964172065,67816.60832704649,392.1283944686309,652.6815574588956,Germany,Germany,None,seir
2020-07-05,196335,9012,1008760.6571775749,70918.73299826478,413.79563357403157,686.9366733052018,Germany,Germany,None,seir
2020-07-06,196554,9016,1054417.2342302734,74159.62865229615,436.45167955384954,722.5335919731161,Germany,Germany,None,seir
2020-07-07,196944,9024,1102095.5328531032,77545.3566833144,459.59843044373184,759.3235448062322,Germany,Germany,None,seir
2020-07-08,197341,9036,1151879.8922490177,81082.23512779044,483.7002408262944,797.3244259383625,Germany,Germany,None,seir
2020-07-09,197783,9048,1203859.5685386606,84776.76949181968,508.67696846476224,836.9669484064951,Germany,Germany,None,seir
2020-07-10,198178,9054,1258128.3680866745,88635.63196497175,534.8476460993019,878.9665558313645,Germany,Germany,None,seir
2020-07-11,198556,9060,1314782.9202170302,92665.80757901467,562.1723444353382,922.8014081568947,Germany,Germany,None,seir
2020-07-12,198804,9063,1373922.6970935182,96874.60825017621,591.0940912122081,968.9022205690854,Germany,Germany,None,seir
2020-07-13,198963,9064,1435650.0137197494,101269.67277914396,621.5663282719648,1017.2735302200349,Germany,Germany,None,seir
2020-07-14,199375,9068,1500070.0279391548,105858.96685106526,652.3862209099209,1067.3904593192021,Germany,Germany,None,seir
2020-07-15,199726,9071,1567291.8188612899,110650.75165705055,684.720977169367,1119.8296952601759,Germany,Germany,None,seir
2020-07-16,200260,9078,1637431.7113279195,115653.42862014126,717.6529068850092,1173.9967902637284,Germany,Germany,None,seir
2020-07-17,200843,9082,1710609.838970251,120875.70855454839,751.7149410087735,1230.9371124702532,Germany,Germany,None,seir
2020-07-18,201372,9083,1786949.243140595,126326.70380947494,787.3871457504495,1290.8037411590328,Germany,Germany,None,seir
2020-07-19,201574,9084,1866575.8797462226,132015.92848869204,826.0003173753672,1353.279705952136,Germany,Germany,None,seir
2020-07-20,201823,9086,1949618.6192493653,137953.2984505389,866.004181510217,1418.3061682868026,Germany,Germany,None,seir
2020-07-21,202345,9090,2036209.874179394,144149.10844147592,906.3059992485082,1485.7987727335085,Germany,Germany,None,seir
2020-07-22,202799,9095,2126490.6242775186,150613.8022118277,948.5705670528546,1556.0066213504967,Germany,Germany,None,seir
2020-07-23,203368,9101,2220607.289774768,157358.11264789797,991.9157830999804,1629.020026897022,Germany,Germany,None,seir
2020-07-24,204183,9111,2318708.833155591,164393.24481028385,1035.6032740999942,1704.3381056995265,Germany,Germany,None,seir
2020-07-25,204964,9118,2420946.7587127225,171730.87884417226,1081.1570610998626,1783.4270546629991,Germany,Germany,None,seir
2020-07-26,205269,9118,2527475.1125471825,179383.16997933976,1131.2989845262473,1867.3521603349393,Germany,Germany,None,seir
2020-07-27,205609,9118,2638451.4385785353,187362.7039892056,1183.2373284138998,1954.866242478675,Germany,Germany,None,seir
2020-07-28,206242,9122,2754043.6706835213,195682.15787990543,1235.3456961644677,2045.1672646339116,Germany,Germany,None,seir
2020-07-29,206926,9128,2874425.2716615344,204354.53225644905,1289.1078316217074,2138.7656908024655,Germany,Germany,None,seir
2020-07-30,207828,9134,2999771.1932828603,213393.36339721005,1343.3912626223898,2236.253157403219,Germany,Germany,None,seir
2020-07-31,208698,9141,3130257.8647717317,222812.72453584865,1399.8983530133166,2337.5092936861247,Germany,Germany,None,seir
2020-08-01,209653,9148,3266063.192806325,232627.22586131163,1457.8423360535385,2442.929884797897,Germany,Germany,None,seir
2020-08-02,209893,9141,3407369.8143236516,242851.8401669053,1523.3842073454814,2556.731650442023,Germany,Germany,None,seir
2020-08-03,210402,9148,3554372.9113049856,253501.50110687217,1589.3246790928724,2671.113916778226,Germany,Germany,None,seir
2020-08-04,211281,9156,3707269.818920911,264591.59952730907,1654.663135313119,2789.816508598832,Germany,Germany,None,seir
2020-08-05,212022,9168,3866257.314896211,276138.1005072141,1723.5170477102429,2911.977536073452,Germany,Germany,None,seir
2020-08-06,213067,9175,4031531.619926834,288157.5433278968,1792.1426687036633,3040.681671148739,Germany,Germany,None,seir
2020-08-07,214214,9183,4203288.992223748,300667.00375108776,1862.1915431408536,3174.169702178893,Germany,Germany,None,seir
2020-08-08,215336,9195,4381736.6264760755,313683.4952791163,1934.837011217853,3311.457262415621,Germany,Germany,None,seir
2020-08-09,215891,9196,4567089.601190111,327224.1116119426,2015.4608581136365,3458.3309222699277,Germany,Germany,None,seir
2020-08-10,216327,9197,4759559.55612386,341306.50892707263,2100.1689831245567,3611.0634873009963,Germany,Germany,None,seir
2020-08-11,217293,9201,4959354.299665973,355948.9146675045,2182.3350497558467,3768.5894431855722,Germany,Germany,None,seir
2020-08-12,218519,9207,5166677.870617501,371170.1223285844,2264.406697183083,3931.390489069017,Germany,Germany,None,seir
2020-08-13,219964,9211,5381739.7403536495,386988.9447483389,2346.6456967293057,4101.378186389523,Germany,Germany,None,seir
2020-08-14,221413,9225,5604762.138750754,403423.8242646968,2431.3609132032693,4273.157986609179,Germany,Germany,None,seir
2020-08-15,222828,9231,5835961.145429732,420493.6461401461,2519.0430042138923,4455.233952336108,Germany,Germany,None,seir
2020-08-16,223453,9231,6075544.2973318165,438217.8077898095,2618.9361061752656,4647.240903367018,Germany,Germany,None,seir
2020-08-17,224014,9232,6323710.5955334185,456616.2180293207,2722.908655500736,4846.0162264874425,Germany,Germany,None,seir
2020-08-18,225404,9236,6580659.429824765,475708.7418476977,2819.495408167009,5050.592700819594,Germany,Germany,None,seir
2020-08-19,226914,9243,6846604.623058515,495514.4321958717,2917.268490731517,5260.969730562281,Germany,Germany,None,seir
2020-08-20,228621,9253,7121750.021414194,516052.58569677366,3015.090049214287,5477.138070861058,Germany,Germany,None,seir
2020-08-21,230048,9260,7406284.739777595,537342.88265593,3119.4519142864074,5702.838905571598,Germany,Germany,None,seir
2020-08-22,232082,9267,7700383.184598296,559405.3847704644,3217.9579564973997,5936.531615090799,Germany,Germany,None,seir
2020-08-23,232864,9269,8004217.2259524865,582259.7773827008,3337.2926798270605,6181.797145136486,Germany,Germany,None,seir
2020-08-24,233575,9272,8317972.025805999,605924.4824921369,3461.156812932034,6434.992261563167,Germany,Germany,None,seir
2020-08-25,234853,9277,8641815.707801733,630417.9554321147,3579.670137405838,6695.493752636786,Germany,Germany,None,seir
2020-08-26,236429,9280,8975894.20625528,655758.8313992001,3696.4438399076594,6966.366717663795,Germany,Germany,None,seir
2020-08-27,237936,9285,9320331.588701636,681965.9004614592,3817.159063236179,7244.813144442211,Germany,Germany,None,seir
2020-08-28,239507,9288,9675250.985223768,709056.8478702202,3939.6526970918467,7534.117655794792,Germany,Germany,None,seir
2020-08-29,240986,9289,10040782.722035488,737047.7408812786,4066.5419244418713,7834.629571334682,Germany,Germany,None,seir
2020-08-30,241771,9295,10417029.803792363,765954.477281514,4208.634949515187,8140.500024545605,Germany,Germany,None,seir
2020-08-31,242381,9298,10804064.848799128,795792.8616312592,4357.471851671182,8458.7530827195,Germany,Germany,None,seir
2020-09-01,243599,9302,11201932.708600141,826578.4348274464,4498.513421073215,8786.029185416539,Germany,Germany,None,seir
2020-09-02,244855,9313,11610685.023898764,858324.4739876228,4641.861519633564,9116.41226229596,Germany,Germany,None,seir
2020-09-03,246166,9321,12030365.2320167,891042.6200213409,4787.094575212133,9459.517433980698,Germany,Germany,None,seir
2020-09-04,247619,9322,12460978.93506765,924744.0973140615,4932.319383838741,9820.018207617051,Germany,Germany,None,seir
2020-09-05,248997,9324,12902493.28972715,959439.7169914171,5081.786643906212,10190.001254734203,Germany,Germany,None,seir
2020-09-06,249985,9325,13354849.828368511,995139.1170608483,5242.260466975423,10571.733158829473,Germany,Germany,None,seir
2020-09-07,250799,9325,13818003.397462599,1031848.5525438413,5409.59270071356,10965.4000272798,Germany,Germany,None,seir
2020-09-08,252298,9329,14291877.592014017,1069572.989914409,5564.681286420827,11365.033657566823,Germany,Germany,None,seir
2020-09-09,253474,9338,14776350.78451148,1108316.6576622701,5729.533121547567,11768.886888651426,Germany,Germany,None,seir
2020-09-10,255366,9341,15271257.27156825,1148082.977775603,5880.145074743016,12190.793039027974,Germany,Germany,None,seir
2020-09-11,256850,9342,15776425.678855238,1188872.4201567734,6042.272018242257,12626.10169296482,Germany,Germany,None,seir
2020-09-12,258480,9347,16291683.29256218,1230682.1443313863,6202.879639648011,13066.600452887411,Germany,Germany,None,seir
2020-09-13,259428,9349,16816810.35412533,1273508.2043075392,6382.264965279511,13521.865486228893,Germany,Germany,None,seir
2020-09-14,260355,9350,17351537.731489964,1317345.637010627,6564.568658750538,13989.258149846279,Germany,Germany,None,seir
2020-09-15,261762,9362,17895566.71614321,1362187.4054975156,6736.579303391329,14450.175234965986,Germany,Germany,None,seir
2020-06-15,186461,8791,404332.5406843155,20707.57140520218,116.84563564730183,135.55421914687952,Germany,Germany,None,seird
2020-06-16,186839,8800,419561.1692715519,21496.536187970465,124.55759732794111,144.2788203178462,Germany,Germany,None,seird
2020-06-17,187184,8830,435341.4255677584,22314.185116214026,132.57405844931105,152.7087782130694,Germany,Germany,None,seird
2020-06-18,187764,8856,451693.0475297898,23161.482071675407,140.5642442266834,161.53435040283884,Germany,Germany,None,seird
2020-06-19,188534,8872,468636.2165486274,24039.44922101849,148.56854283504694,170.958625124194,Germany,Germany,None,seird
2020-06-20,189135,8883,486191.44830918557,24949.1860658183,157.06053787463216,180.8644159160002,Germany,Germany,None,seird
2020-06-21,189822,8882,504379.7602051772,25891.84872631308,165.71196184065977,191.50921781482865,Germany,Germany,None,seird
2020-06-22,190359,8885,523223.4685255877,26868.54922369528,174.8614294704152,202.40348028919843,Germany,Germany,None,seird
2020-06-23,190862,8895,542745.4951777963,27880.44918631774,184.36540284488078,213.43956364606788,Germany,Germany,None,seird
2020-06-24,191449,8914,562969.1800738312,28928.79015458428,194.05699694113378,224.53208609585235,Germany,Germany,None,seird
2020-06-25,192079,8927,583918.41480158,30014.877346979814,203.99909141633393,236.22580202733073,Germany,Germany,None,seird
2020-06-26,192556,8948,605618.3970656863,31139.983954905085,214.51546410690204,248.01054933957403,Germany,Germany,None,seird
2020-06-27,193243,8954,628095.0912607273,32305.42484906852,225.02863817096986,260.79321922122534,Germany,Germany,None,seird
2020-06-28,193499,8957,651374.93599199,33512.60143523911,236.62961358559477,274.14984297464673,Germany,Germany,None,seird
2020-06-29,193761,8961,675484.9134872952,34762.99350896944,248.61758222103268,287.93654178071023,Germany,Germany,None,seird
2020-06-30,194259,8973,700453.3732321806,36058.054647487515,260.57705086105693,301.85060344909743,Germany,Germany,None,seird
2020-07-01,194725,8985,726309.7232100898,37399.25447692225,272.992539843415,316.2410069774318,Germany,Germany,None,seird
2020-07-02,195228,8994,753083.8232188183,38788.165771517204,285.7458065537824,331.26713110426067,Germany,Germany,None,seird
2020-07-03,195674,9003,780805.996180764,40226.463901947136,299.0341057988103,346.81177276404685,Germany,Germany,None,seird
2020-07-04,196096,9010,809507.8948687551,41715.816541300286,312.81203842442227,362.9946341986713,Germany,Germany,None,seird
2020-07-05,196335,9012,839222.7170278932,43257.85625451509,327.4442748505835,380.0028434810818,Germany,Germany,None,seird
2020-07-06,196554,9016,869984.0791506418,44854.33511121403,342.6183538114929,397.4970620143526,Germany,Germany,None,seird
2020-07-07,196944,9024,901825.9694654001,46507.132800935215,357.9098471978837,415.3715957550445,Germany,Germany,None,seird
2020-07-08,197341,9036,934783.5731207805,48218.15088109309,373.6894883074376,433.62274104795364,Germany,Germany,None,seird
2020-07-09,197783,9048,968894.0598234104,49989.21032452553,389.87732000394897,452.48906194214777,Germany,Germany,None,seird
2020-07-10,198178,9054,1004195.0285728842,51822.2603666631,406.7136758736511,472.36868087765737,Germany,Germany,None,seird
2020-07-11,198556,9060,1040724.4112369672,53719.394011098855,424.1465436637358,492.929293720738,Germany,Germany,None,seird
2020-07-12,198804,9063,1078521.2971934988,55682.74152121662,442.50482746499006,514.3963535387468,Germany,Germany,None,seird
2020-07-13,198963,9064,1117626.9577507998,57714.335982864286,461.7260283323029,536.7424534737895,Germany,Germany,None,seird
2020-07-14,199375,9068,1158083.1116260728,59816.34445411544,480.8567331039863,559.6420870546475,Germany,Germany,None,seird
2020-07-15,199726,9071,1199931.7826303318,61991.08926073808,500.7889722070896,583.3986248565548,Germany,Germany,None,seird
2020-07-16,200260,9078,1243216.200117211,64240.93063669362,520.8010586823185,607.6551072559333,Germany,Germany,None,seird
2020-07-17,200843,9082,1287981.9151462922,66568.11858617495,541.2879289526109,632.9676127083787,Germany,Germany,None,seird
2020-07-18,201372,9083,1334274.8800054183,68975.04726018336,562.5920584815259,659.386185843701,Germany,Germany,None,seird
2020-07-19,201574,9084,1382141.2375216684,71464.28437737345,585.6743615355495,686.7050239693247,Germany,Germany,None,seird
2020-07-20,201823,9086,1431628.3840759962,74038.43127328978,609.3484806369919,714.8627699019347,Germany,Germany,None,seird
2020-07-21,202345,9090,1482786.2731182294,76699.94819069856,632.8010443145268,743.783808478532,Germany,Germany,None,seird
2020-07-22,202799,9095,1535665.102525105,79451.45800319113,657.2350467828269,773.572930216505,Germany,Germany,None,seird
2020-07-23,203368,9101,1590315.0407043942,82295.7828812833,681.9888284805841,804.2498943114307,Germany,Germany,None,seird
2020-07-24,204183,9111,1646787.5956243475,85235.76244992074,706.5253207291241,835.5258747658957,Germany,Germany,None,seird
2020-07-25,204964,9118,1705137.035919352,88274.06099642595,731.920257176554,868.1296446197188,Germany,Germany,None,seird
2020-07-26,205269,9118,1765417.596984343,91413.531590164,760.0507611886563,902.5612150708927,Germany,Germany,None,seird
2020-07-27,205609,9118,1827683.2123542076,94657.25077121968,788.9120672510483,938.1361128670726,Germany,Germany,None,seird
2020-07-28,206242,9122,1891989.4072908624,98008.2649822089,817.3637800694631,974.4164106797731,Germany,Germany,None,seird
2020-07-29,206926,9128,1958394.4055829954,101469.43582384977,846.4225885500108,1011.628350392745,Germany,Germany,None,seird
2020-07-30,207828,9134,2026955.993606544,105043.84584300056,875.3045757099834,1050.031156590766,Germany,Germany,None,seird
2020-07-31,208698,9141,2097731.3759723846,108734.8155855663,905.1516430307835,1089.528668477916,Germany,Germany,None,seird
2020-08-01,209653,9148,2170779.8408276504,112545.54375016945,935.4155871023313,1130.2748551614502,Germany,Germany,None,seird
2020-08-02,209893,9141,2246162.915018347,116479.07402360032,970.1466533035152,1174.2487039011085,Germany,Germany,None,seird
2020-08-03,210402,9148,2323941.1526256376,120538.70718808896,1004.5242690780684,1217.6509312209112,Germany,Germany,None,seird
2020-08-04,211281,9156,2404174.2700829306,124727.98004697985,1037.903678079397,1262.2540415790722,Germany,Germany,None,seird
2020-08-05,212022,9168,2486924.770575085,129050.17206455194,1072.9560001203108,1307.6153148402263,Germany,Germany,None,seird
2020-08-06,213067,9175,2572256.462373836,133508.48386867417,1107.252395900743,1355.1333391681108,Germany,Germany,None,seird
2020-08-07,214214,9183,2660231.520618195,138106.41028696173,1141.8569844259457,1403.9356450719997,Germany,Germany,None,seird
2020-08-08,215336,9195,2750911.196822098,142847.64103930254,1177.4971193029025,1453.5360635051936,Germany,Germany,None,seird
2020-08-09,215891,9196,2844360.25419982,147735.451058138,1217.4982996974493,1506.518606547825,Germany,Germany,None,seird
2020-08-10,216327,9197,2940643.268428846,152773.16744706576,1259.3510141724546,1561.1195764604302,Germany,Germany,None,seird
2020-08-11,217293,9201,3039822.443484882,157964.44189902744,1298.9509296134167,1616.8181925771921,Germany,Germany,None,seird
2020-08-12,218519,9207,3141959.523871119,163312.98586917468,1337.8427156774098,1673.7915267641433,Germany,Germany,None,seird
2020-08-13,219964,9211,3247119.889761159,168821.99695955493,1376.2051470973245,1732.8302785751268,Germany,Germany,None,seird
2020-08-14,221413,9225,3355366.854203267,174494.8860003274,1415.433535611399,1791.5434796783459,Germany,Germany,None,seird
2020-08-15,222828,9231,3466760.621688599,180335.40032904994,1455.8011657819482,1853.584663948109,Germany,Germany,None,seird
2020-08-16,223453,9231,3581362.384775588,186347.05560727508,1502.7363180514863,1918.7093013462795,Germany,Germany,None,seird
2020-08-17,224014,9232,3699235.487812767,192532.94584638788,1551.341205376792,1985.495513934011,Germany,Germany,None,seird
2020-08-18,225404,9236,3820439.4991969825,198896.49569069088,1594.929770189075,2053.4917246718373,Germany,Germany,None,seird
2020-08-19,226914,9243,3945030.4973017066,205441.40987127446,1638.5575580623963,2122.670235543378,Germany,Germany,None,seird
2020-08-20,228621,9253,4073067.387276547,212170.7915746999,1681.5806016405083,2192.994613365394,Germany,Germany,None,seird
2020-08-21,230048,9260,4204608.155975141,219087.60107564434,1727.709067662027,2265.956815071753,Germany,Germany,None,seird
2020-08-22,232082,9267,4339705.605877403,226195.1911041951,1769.9018475699984,2340.867498696397,Germany,Germany,None,seird
2020-08-23,232864,9269,4478409.901635967,233496.94690300224,1823.186882315844,2419.116915557258,Germany,Germany,None,seird
2020-08-24,233575,9272,4620774.570986346,240995.4316975924,1878.2830230060351,2499.1741986366737,Germany,Germany,None,seird
2020-08-25,234853,9277,4766848.4963664375,248693.41302107606,1929.7158206905756,2580.752538763351,Germany,Germany,None,seird
2020-08-26,236429,9280,4916674.388027344,256594.04280945112,1979.556394531696,2665.0220130328785,Germany,Germany,None,seird
2020-08-27,237936,9285,5070295.1710333815,264699.9599777446,2030.949150625959,2750.8342485486764,Germany,Germany,None,seird
2020-08-28,239507,9288,5227754.092060492,273013.2235674823,2082.7145311245567,2839.418858392359,Germany,Germany,None,seird
2020-08-29,240986,9289,5389087.100531355,281536.29029873817,2136.2656339087557,2930.856823110541,Germany,Germany,None,seird
2020-08-30,241771,9295,5554324.240973695,290271.8076674381,2197.3492441085555,3022.8812013710394,Germany,Germany,None,seird
2020-08-31,242381,9298,5723498.352660174,299221.3802384806,2261.364278825557,3118.1262662774852,Germany,Germany,None,seird
2020-09-01,243599,9302,5896637.262331433,308386.5737864966,2320.632786805953,3215.2717027144336,Germany,Germany,None,seird
2020-09-02,244855,9313,6073759.975788313,317769.39724069845,2380.553787257076,3312.105629128084,Germany,Germany,None,seird
2020-09-03,246166,9321,6254882.84445783,327371.43059788,2440.9206976015494,3412.1921531797016,Germany,Germany,None,seird
2020-09-04,247619,9322,6440023.081965941,337193.288643998,2500.779052482217,3517.177522462969,Germany,Germany,None,seird
2020-09-05,248997,9324,6629188.627035789,347235.9521781245,2562.35682640184,3624.1093112196963,Germany,Germany,None,seird
2020-09-06,249985,9325,6822378.688622123,357500.67443003407,2629.1152223621907,3733.7873933515716,Germany,Germany,None,seird
2020-09-07,250799,9325,7019594.10505399,367987.51049770135,2698.8923819688234,3846.2467613694516,Germany,Germany,None,seird
2020-09-08,252298,9329,7220830.2877683155,378696.2355111788,2762.0243869425503,3959.3443617877456,Germany,Germany,None,seird
2020-09-09,253474,9338,7426071.463642079,389627.1040922654,2829.717234762571,4072.4898703391027,Germany,Germany,None,seird
2020-09-10,255366,9341,7635296.798976513,400779.9818027037,2889.9425918002057,4190.546855825968,Germany,Germany,None,seird
2020-09-11,256850,9342,7848486.442428553,412153.46057748725,2955.669239800877,4311.8332324714975,Germany,Germany,None,seird
2020-09-12,258480,9347,8065609.67957826,423746.46192904655,3020.3999069863276,4433.5023208414095,Germany,Germany,None,seird
2020-09-13,259428,9349,8286625.3069181,435558.17185652745,3094.1907993424384,4558.874444930232,Germany,Germany,None,seird
2020-09-14,260355,9350,8511492.385996519,447586.51093159564,3169.1872197563016,4687.021507289793,Germany,Germany,None,seird
2020-09-15,261762,9362,8740161.685810547,459829.2984150078,3238.972687330685,4811.656680356846,Germany,Germany,None,seird
2020-06-15,386464,31472,294669.4060139674,24092.844175524795,23.75243075319631,23.4467330467565,US - New York,US,New York,delphi
2020-06-16,386973,31519,294832.2104242949,24108.52328977551,23.810650762638495,23.511141566117235,US - New York,US,New York,delphi
2020-06-17,387384,31537,294982.31180842035,24122.986290517896,23.852737385018393,23.508937785718693,US - New York,US,New York,delphi
2020-06-18,388083,31569,295120.6374297824,24136.321619681305,23.954247563077377,23.54423130386992,US - New York,US,New York,delphi
2020-06-19,388907,31588,295248.0556007301,24148.61169094137,24.082606998400617,23.551311602692895,US - New York,US,New York,delphi
2020-06-20,389602,31656,295365.3738340675,24159.933632337474,24.18792156250032,23.679764871312,US - New York,US,New York,delphi
2020-06-21,390268,31693,295473.346422988,24170.359228884077,24.289630094450995,23.73596936584079,US - New York,US,New York,delphi
2020-06-22,390910,31729,295572.67589813686,24179.95541415897,24.388561075915973,23.792254990201492,US - New York,US,New York,delphi
2020-06-23,391411,31791,295664.0150839211,24188.78460551993,24.46200666718077,23.91310557856019,US - New York,US,New York,delphi
2020-06-24,391884,31813,295747.97290042863,24196.904736443248,24.531756106289453,23.940198232033293,US - New York,US,New York,delphi
2020-06-25,392698,31846,295825.1140243395,24204.369836306018,24.668545797447536,23.99557295639635,US - New York,US,New York,delphi
2020-06-26,393527,31869,295895.96363406134,24211.230034733195,24.809234529254322,24.028899448576375,US - New York,US,New York,delphi
2020-06-27,394261,31890,295961.0095527262,24217.531887599787,24.932719809282133,24.059166235184108,US - New York,US,New York,delphi
2020-06-28,394872,31917,296020.70349553216,24223.31869478115,25.033756889439573,24.105277141394403,US - New York,US,New York,delphi
2020-06-29,395406,31948,296075.46530452865,24228.630502925254,25.121150082566107,24.162293405141934,US - New York,US,New York,delphi
2020-06-30,395909,31909,296125.68341240904,24233.50453603095,25.203598955212176,24.054327819640385,US - New York,US,New York,delphi
2020-07-01,396456,31926,296171.7176176407,24237.975253329445,25.29518594304521,24.080764100327492,US - New York,US,New York,delphi
2020-07-02,397363,31950,296213.9013260689,24242.07452812276,25.45508733171712,24.12496235329339,US - New York,US,New York,delphi
2020-07-03,398277,32030,296252.5423794876,24245.831940582346,25.616457294925993,24.302741365649872,US - New York,US,New York,delphi
2020-07-04,399054,32044,296287.92587469646,24249.274769732452,25.75242301174867,24.325069374196566,US - New York,US,New York,delphi
2020-07-05,399776,32082,296320.3151020687,24252.428281309632,25.87841313583889,24.404874130946848,US - New York,US,New York,delphi
2020-07-06,400298,32099,296349.95305844245,24255.315832774126,25.967665824350245,24.435914412367595,US - New York,US,New York,delphi
2020-07-07,400746,32121,296377.0643618064,24257.958941924695,26.043662479025027,24.479440422388173,US - New York,US,New York,delphi
2020-07-08,401314,32142,296401.85597699095,24260.377536495445,26.142159013393268,24.521257119981815,US - New York,US,New York,delphi
2020-07-09,402079,32165,296424.5188729749,24262.58996012828,26.277045338608858,24.568350815705642,US - New York,US,New York,delphi
2020-07-10,402999,32205,296445.22913407517,24264.613132957715,26.440207262530386,24.655758009757132,US - New York,US,New York,delphi
2020-07-11,403877,32216,296464.14879131236,24266.462684984377,26.595436533570282,24.675742845218597,US - New York,US,New York,delphi
2020-07-12,404624,32231,296481.4272224044,24268.152967166243,26.726682741902508,24.705553761390455,US - New York,US,New York,delphi
2020-07-13,405259,32254,296497.2018470531,24269.697232613875,26.837602163788326,24.7544576405597,US - New York,US,New York,delphi
2020-07-14,406132,32265,296511.59904482355,24271.107674693,26.991323253320704,24.775739424475436,US - New York,US,New York,delphi
2020-07-15,406834,32284,296524.7351194761,24272.395489908715,27.114072294971386,24.816021899675643,US - New York,US,New York,delphi
2020-07-16,407724,32293,296536.71689373406,24273.57101104799,27.2702325853435,24.833335363552507,US - New York,US,New York,delphi
2020-07-17,408551,32320,296547.6425418899,24274.643709308864,27.414779907064258,24.892810305356235,US - New York,US,New York,delphi
2020-07-18,409380,32331,296557.60225388856,24275.62229504072,27.559333075898053,24.915337307721007,US - New York,US,New York,delphi
2020-07-19,410024,32350,296566.67876454117,24276.514785218784,27.670897614641788,24.956677634563267,US - New York,US,New York,delphi
2020-07-20,410698,32361,296574.94803131087,24277.3285137187,27.787584056579078,24.979671475792774,US - New York,US,New York,delphi
2020-07-21,411398,32373,296582.4797286685,24278.07023305746,27.90862383174723,25.005188789863585,US - New York,US,New York,delphi
2020-07-22,411954,32416,296589.3377124228,24278.74613473993,28.004258312233205,25.102584727480476,US - New York,US,New York,delphi
2020-07-23,412807,32425,296595.58052971814,24279.361884375336,28.151513775270736,25.12147452775533,US - New York,US,New York,delphi
2020-07-24,413557,32436,296601.2618159472,24279.922695524732,28.280439742055584,25.145139056835824,US - New York,US,New York,delphi
2020-07-25,414317,32446,296606.4306789439,24280.433331880344,28.410750541507124,25.166635850704726,US - New York,US,New York,delphi
2020-07-26,414945,32463,296611.13209608203,24280.898159358643,28.517964526363244,25.204392202326826,US - New York,US,New York,delphi
2020-07-27,415580,32473,296615.4072157499,24281.321186494708,28.62615929165265,25.226122666539254,US - New York,US,New York,delphi
2020-07-28,416085,32487,296619.2936755128,24281.706068111944,28.71185126223902,25.257161116409815,US - New York,US,New York,delphi
2020-07-29,416657,32488,296622.82591384853,24282.05615853765,28.80887014646375,25.25838414633819,US - New York,US,New York,delphi
2020-07-30,417454,32505,296626.0354004075,24282.37452744887,28.94401888581556,25.296494301034095,US - New York,US,New York,delphi
2020-07-31,418144,32508,296628.9508881769,24282.66397280088,29.060574613487955,25.302497930352896,US - New York,US,New York,delphi
2020-08-01,418899,32517,296631.5986636416,24282.92706305754,29.187799764706625,25.3223634927652,US - New York,US,New York,delphi
2020-08-02,419452,32530,296634.00271615473,24283.16614055329,29.28058449687813,25.351472054862313,US - New York,US,New York,delphi
2020-08-03,420042,32530,296636.1849504973,24283.38334289869,29.3793989766506,25.350804356290528,US - New York,US,New York,delphi
2020-08-04,420675,32536,296638.1653677257,24283.58062978313,29.485192757419455,25.363964132704915,US - New York,US,New York,delphi
2020-08-05,421159,32569,296639.9622003156,24283.759783535093,29.565802416589555,25.439037785823654,US - New York,US,New York,delphi
2020-08-06,421901,32574,296641.5920890088,24283.92243331309,29.6892891723393,25.44998332009243,US - New York,US,New York,delphi
2020-08-07,422479,32577,296643.07020788133,24284.070069160447,29.78513246625718,25.456395404240883,US - New York,US,New York,delphi
2020-08-08,423177,32586,296644.41037500586,24284.204044217022,29.900630144122708,25.47657262561523,US - New York,US,New York,delphi
2020-08-09,423751,32588,296645.62519687397,24284.32559679643,29.995297899739715,25.48077330061241,US - New York,US,New York,delphi
2020-08-10,424272,32597,296646.72615329304,24284.435856119886,30.081003188215803,25.50100973672459,US - New York,US,New York,delphi
2020-08-11,424854,32603,296647.72368949483,24284.535847533494,30.17654919348886,25.514413251745253,US - New York,US,New York,delphi
2020-08-12,425318,32611,296648.62732988293,24284.626509567643,30.25251051451316,25.532407747178425,US - New York,US,New York,delphi
2020-08-13,425960,32613,296649.44573484076,24284.708695464513,30.357440667001416,25.536722486540604,US - New York,US,New York,delphi
2020-08-14,426610,32631,296650.18678195606,24284.783180738832,30.46337714025549,25.577569854620354,US - New York,US,New York,delphi
2020-08-15,427302,32642,296650.85764741345,24284.85067461942,30.575832163806055,25.60244263642111,US - New York,US,New York,delphi
2020-08-16,427912,32649,296651.4648477859,24284.911820227313,30.67465627330248,25.618206314964276,US - New York,US,New York,delphi
2020-08-17,428385,32656,296652.01431026065,24284.96720288625,30.75107337785855,25.633980882881396,US - New York,US,New York,delphi
2020-08-18,428923,32668,296652.5114277725,24285.01735703672,30.83781671121098,25.661144370525534,US - New York,US,New York,delphi
2020-08-19,429440,32673,296652.961092007,24285.06276638791,30.92097590070627,25.67238157993478,US - New York,US,New York,delphi
2020-08-20,430123,32671,296653.3677521104,24285.10387172011,31.03057317276444,25.667705697039843,US - New York,US,New York,delphi
2020-08-21,430860,32667,296653.7354510392,24285.141074693838,31.148462272886967,25.65848999083528,US - New York,US,New York,delphi
2020-08-22,431543,32673,296654.0678523679,24285.17473841324,31.257356079841898,25.672038874871483,US - New York,US,New York,delphi
2020-08-23,432085,32685,296654.3682880074,24285.205194040478,31.343516139646738,25.69923452947689,US - New York,US,New York,delphi
2020-08-24,432558,32686,296654.6397818263,24285.232742695196,31.418528895124748,25.701423414626458,US - New York,US,New York,delphi
2020-08-25,433113,32715,296654.8850716612,24285.257656446378,31.50635398344977,25.767208753029564,US - New York,US,New York,delphi
2020-08-26,433595,32721,296655.1066471363,24285.280183523206,31.582442913978188,25.78075186111914,US - New York,US,New York,delphi
2020-08-27,434393,32721,296655.3067646783,24285.3005491476,31.708083057351686,25.780689620893003,US - New York,US,New York,delphi
2020-08-28,435062,32724,296655.48746623576,24285.318956810763,31.813054813742465,25.78743748682691,US - New York,US,New York,delphi
2020-08-29,435756,32725,296655.65060792706,24285.335592151656,31.921614250193443,25.789654416648872,US - New York,US,New York,delphi
2020-08-30,436469,32743,296655.797869881,24285.350623275357,32.03279090384862,25.83040459556132,US - New York,US,New York,delphi
2020-08-31,437154,32791,296655.9307719863,24285.364202091892,32.13926195986167,25.938933847421875,US - New York,US,New York,delphi
2020-09-01,437757,32800,296656.050695106,24285.37646712895,32.23271113994614,25.959218088021498,US - New York,US,New York,delphi
2020-09-02,438405,32806,296656.15888773976,24285.38754362347,32.332852296908165,25.97272589275294,US - New York,US,New York,delphi
2020-09-03,439322,32810,296656.2564789085,24285.39754475489,32.47407221151946,25.98172037563276,US - New York,US,New York,delphi
2020-09-04,440192,32816,296656.3444938215,24285.406573681918,32.60751115562721,25.995226189413952,US - New York,US,New York,delphi
2020-09-05,441012,32821,296656.4238584802,24285.41472354347,32.73280004660187,26.006475355584936,US - New York,US,New York,delphi
2020-09-06,441748,32821,296656.4954098599,24285.422078491763,32.844858288014905,26.006452946309487,US - New York,US,New York,delphi
2020-09-07,442315,32836,296656.5599076413,24285.428715196074,32.93092933596163,26.040234147898424,US - New York,US,New York,delphi
2020-09-08,442817,32850,296656.618037416,24285.43470281429,33.00694913758595,26.071736064492264,US - New York,US,New York,delphi
2020-09-09,443409,32854,296656.67041839747,24285.440103786117,33.096380448209786,26.080720448693867,US - New York,US,New York,delphi
2020-09-10,444071,32854,296656.71761245484,24285.44497498501,33.19610656573953,26.080705621887716,US - New York,US,New York,delphi
2020-09-11,445102,32854,296656.76012636215,24285.449367690653,33.350836409101255,26.08069225150468,US - New York,US,New York,delphi
2020-09-12,446028,32858,296656.7984172924,24285.45332813445,33.489198342415186,26.089678835795095,US - New York,US,New York,delphi
2020-09-13,446862,32858,296656.832899993,24285.456898417367,33.61332292743778,26.089667970000097,US - New York,US,New York,delphi
2020-09-14,447524,32865,296656.8639483389,24285.460116490947,33.71151849993768,26.105400527944784,US - New York,US,New York,delphi
2020-09-15,448213,32873,296656.8918998565,24285.463016617596,33.813411949261514,26.123374755520956,US - New York,US,New York,delphi
2020-06-15,386464,31472,294669.4064427881,24092.844172831738,23.752430642236256,23.446733055313494,US - New York,US,New York,delphi_constant
2020-06-16,386973,31519,294832.2111465832,24108.523288127908,23.81065057598768,23.51114157134456,US - New York,US,New York,delphi_constant
2020-06-17,387384,31537,294982.32178559195,24122.986315565173,23.852734809493437,23.508937706296816,US - New York,US,New York,delphi_constant
2020-06-18,388083,31569,295120.68831611087,24136.3217753238,23.954234450849206,23.54423081084672,US - New York,US,New York,delphi_constant
2020-06-19,388907,31588,295248.20366775425,24148.612321015094,24.082568925796078,23.551309608031232,US - New York,US,New York,delphi_constant
2020-06-20,389602,31656,295365.69968578755,24159.93537237139,24.187837925424525,23.679759374616534,US - New York,US,New York,delphi_constant
2020-06-21,390268,31693,295473.95225608774,24170.36308529364,24.289474859304956,23.735957197824,US - New York,US,New York,delphi_constant
2020-06-22,390910,31729,295573.68055822415,24179.96286548681,24.38830407044482,23.792231505919474,US - New York,US,New York,delphi_constant
2020-06-23,391411,31791,295665.5503662909,24188.797491184785,24.46161442414983,23.913065046130082,US - New York,US,New York,delphi_constant
2020-06-24,391884,31813,295750.17735073896,24196.925347944223,24.531193580054566,23.94013344247879,US - New York,US,New York,delphi_constant
2020-06-25,392698,31846,295828.1303410282,24204.40087480841,24.667777696594275,23.99547549202911,US - New York,US,New York,delphi_constant
2020-06-26,393527,31869,295899.9337491164,24211.274486855513,24.808225674701767,24.02875996468194,US - New York,US,New York,delphi_constant
2020-06-27,394261,31890,295966.07156348444,24217.593008799173,24.931435885496043,24.058974572595883,US - New York,US,New York,delphi_constant
2020-06-28,394872,31917,296026.9906206731,24223.399983288036,25.032164696237487,24.105022454215508,US - New York,US,New York,delphi_constant
2020-06-29,395406,31948,296083.1017642405,24228.735581243945,25.11921878670519,24.16196450092668,US - New York,US,New York,delphi_constant
2020-06-30,395909,31909,296134.78398867376,24233.63703107776,25.20130030166686,24.053912591814974,US - New York,US,New York,delphi_constant
2020-07-01,396456,31926,296182.3872345152,24238.13888386236,25.292494694363256,24.080251569685018,US - New York,US,New York,delphi_constant
2020-07-02,397363,31950,296226.2328948973,24242.272938010723,25.451983980668235,24.124341352079114,US - New York,US,New York,delphi_constant
2020-07-03,398277,32030,296266.6172916251,24246.06858904655,25.612923344399718,24.302002531855916,US - New York,US,New York,delphi_constant
2020-07-04,399054,32044,296303.81408546044,24249.553075051732,25.74844154288381,24.324200864274957,US - New York,US,New York,delphi_constant
2020-07-05,399776,32082,296338.0745514969,24252.751422145902,25.87397078576581,24.403866896870824,US - New York,US,New York,delphi_constant
2020-07-06,400298,32099,296369.630283111,24255.686719262074,25.962750180337896,24.43475896675263,US - New York,US,New York,delphi_constant
2020-07-07,400746,32121,296398.6951699883,24258.380330474818,26.038264843569664,24.47812854371029,US - New York,US,New York,delphi_constant
2020-07-08,401314,32142,296425.46559749753,24260.85185672536,26.13627593418183,24.51978141769224,US - New York,US,New York,delphi_constant
2020-07-09,402079,32165,296450.12255734723,24263.11935740355,26.27067751428271,24.566704935788746,US - New York,US,New York,delphi_constant
2020-07-10,402999,32205,296472.83319159347,24265.199521845578,26.43335760346962,24.653937208987493,US - New York,US,New York,delphi_constant
2020-07-11,403877,32216,296493.7509556662,24267.107642180246,26.588107033659707,24.67374086733224,US - New York,US,New York,delphi_constant
2020-07-12,404624,32231,296513.01729563286,24268.857796038257,26.71887547559392,24.703366957158458,US - New York,US,New York,delphi_constant
2020-07-13,405259,32254,296530.76281427353,24270.4629786874,26.82932080119787,24.752083528593666,US - New York,US,New York,delphi_constant
2020-07-14,406132,32265,296547.1074097548,24271.93508374425,26.982580193199546,24.773175007766152,US - New York,US,New York,delphi_constant
2020-07-15,406834,32284,296562.1616239008,24273.28505494011,27.1048728415273,24.81326646344905,US - New York,US,New York,delphi_constant
2020-07-16,407724,32293,296576.0275052957,24274.522984723513,27.260591109354444,24.830387437762013,US - New York,US,New York,delphi_constant
2020-07-17,408551,32320,296588.79872920696,24275.6581008283,27.404706210679457,24.88967171773422,US - New York,US,New York,delphi_constant
2020-07-18,409380,32331,296600.5616853779,24276.69889188088,27.548839297137643,24.91200738646847,US - New York,US,New York,delphi_constant
2020-07-19,410024,32350,296611.3961101307,24277.65317949754,27.659991583387626,24.953158641429546,US - New York,US,New York,delphi_constant
2020-07-20,410698,32361,296621.3751903863,24278.528109238734,27.776279604384168,24.975964558453896,US - New York,US,New York,delphi_constant
2020-07-21,411398,32373,296630.5664397939,24279.330253568944,27.89693522093109,25.00129659417124,US - New York,US,New York,delphi_constant
2020-07-22,411954,32416,296639.03216072306,24280.065664088885,27.992195206085373,25.098514116211483,US - New York,US,New York,delphi_constant
2020-07-23,412807,32425,296646.82953338977,24280.739865621366,28.139099013972686,25.117224778345825,US - New York,US,New York,delphi_constant
2020-07-24,413557,32436,296654.0113182605,24281.35793959588,28.26768466783043,25.14071420768319,US - New York,US,New York,delphi_constant
2020-07-25,414317,32446,296660.62619600375,24281.92456199166,28.397669852792966,25.16203981387025,US - New York,US,New York,delphi_constant
2020-07-26,414945,32463,296666.71884175396,24282.44399945744,28.50456835441951,25.19963035006796,US - New York,US,New York,delphi_constant
2020-07-27,415580,32473,296672.3304849545,24282.920176010877,28.612461984466403,25.221198608040908,US - New York,US,New York,delphi_constant
2020-07-28,416085,32487,296677.4991635186,24283.35670103557,28.697862416689233,25.25208021351442,US - New York,US,New York,delphi_constant
2020-07-29,416657,32488,296682.2597831271,24283.756866537708,28.79460568690143,25.253149265766723,US - New York,US,New York,delphi_constant
2020-07-30,417454,32505,296686.64456058096,24284.12369986082,28.92950012202998,25.29111305995749,US - New York,US,New York,delphi_constant
2020-07-31,418144,32508,296690.6832186403,24284.45998494223,29.04581119933796,25.296973099107205,US - New York,US,New York,delphi_constant
2020-08-01,418899,32517,296694.40303071035,24284.76826005821,29.172807041623315,25.316701233022087,US - New York,US,New York,delphi_constant
2020-08-02,419452,32530,296697.82916934346,24285.05085897695,29.265367868232012,25.34567826936075,US - New York,US,New York,delphi_constant
2020-08-03,420042,32530,296700.984860656,24285.309927747527,29.36397196931354,25.344881869820085,US - New York,US,New York,delphi_constant
2020-08-04,420675,32536,296703.89141551056,24285.54742254801,29.469568808341222,25.35791915863041,US - New York,US,New York,delphi_constant
2020-08-05,421159,32569,296706.56850074686,24285.76514134785,29.549987415501782,25.432880526427436,US - New York,US,New York,delphi_constant
2020-08-06,421901,32574,296709.03426646086,24285.964737791037,29.673303863593386,25.443713582025428,US - New York,US,New York,delphi_constant
2020-08-07,422479,32577,296711.30536560935,24286.14771900433,29.768981330288756,25.450017745635478,US - New York,US,New York,delphi_constant
2020-08-08,423177,32586,296713.39716187783,24286.315469461955,29.884328032507007,25.470093078432594,US - New York,US,New York,delphi_constant
2020-08-09,423751,32588,296715.32383901713,24286.46926300381,29.978849881412167,25.474195216018746,US - New York,US,New York,delphi_constant
2020-08-10,424272,32597,296717.0984115272,24286.610260657944,30.064416597954335,25.49433917029805,US - New York,US,New York,delphi_constant
2020-08-11,424854,32603,296718.7328799263,24286.739528049242,30.159835407004227,25.507654117568197,US - New York,US,New York,delphi_constant
2020-08-12,425318,32611,296720.2383283143,24286.858046213223,30.235673465897438,25.525564851696597,US - New York,US,New York,delphi_constant
2020-08-13,425960,32613,296721.6249293407,24286.966709624245,30.340495603028295,25.52979882370759,US - New York,US,New York,delphi_constant
2020-08-14,426610,32631,296722.90205519856,24287.066338210367,30.446332234312706,25.57057295758522,US - New York,US,New York,delphi_constant
2020-08-15,427302,32642,296724.07836720045,24287.15768733374,30.558696573570813,25.59537501582703,US - New York,US,New York,delphi_constant
2020-08-16,427912,32649,296725.16181850416,24287.2414462846,30.65743381384393,25.611070947702537,US - New York,US,New York,delphi_constant
2020-08-17,428385,32656,296726.1597276247,24287.31824579232,30.733765251438616,25.626781461929443,US - New York,US,New York,delphi_constant
2020-08-18,428923,32668,296727.07886171225,24287.388667301235,30.820431904628048,25.653885553749127,US - New York,US,New York,delphi_constant
2020-08-19,429440,32673,296727.92544036696,24287.453242183652,30.90351959753005,25.665065215365434,US - New York,US,New York,delphi_constant
2020-08-20,430123,32671,296728.7051780839,24287.512455598353,31.013057851339287,25.66033345903599,US - New York,US,New York,delphi_constant
2020-08-21,430860,32667,296729.42336082,24287.566754962343,31.13089556681521,25.651064514763082,US - New York,US,New York,delphi_constant
2020-08-22,431543,32673,296730.0848535047,24287.616550047314,31.239740917242376,25.664565390238685,US - New York,US,New York,delphi_constant
2020-08-23,432085,32685,296730.69411887706,24287.662214150005,31.325851598903675,25.69171725822241,US - New York,US,New York,delphi_constant
2020-08-24,432558,32686,296731.2552845582,24287.70409141988,31.400816703295693,25.69386253619323,US - New York,US,New York,delphi_constant
2020-08-25,433113,32715,296731.77215547336,24287.74249783636,31.48860178395168,25.75961333383353,US - New York,US,New York,delphi_constant
2020-08-26,433595,32721,296732.2482190482,24287.777720911923,31.56465175589013,25.77311903391729,US - New York,US,New York,delphi_constant
2020-08-27,434393,32721,296732.68669681496,24287.81002523135,31.690269710420065,25.773020307352013,US - New York,US,New York,delphi_constant
2020-08-28,435062,32724,296733.0905635954,24287.839654325562,31.79521756356671,25.779734585241528,US - New York,US,New York,delphi_constant
2020-08-29,435756,32725,296733.46254723315,24287.866829978797,31.90375748188593,25.781919541699626,US - New York,US,New York,delphi_constant
2020-08-30,436469,32743,296733.80516092,24287.89175552173,32.01491854841466,25.822643754323888,US - New York,US,New York,delphi_constant
2020-08-31,437154,32791,296734.1207290828,24287.91461849197,32.12137582429012,25.931156053514776,US - New York,US,New York,delphi_constant
2020-09-01,437757,32800,296734.41138732724,24287.93559022291,32.21481063984648,25.951415883466733,US - New York,US,New York,delphi_constant
2020-09-02,438405,32806,296734.67909628415,24287.95482701414,32.314941869667514,25.964900240766507,US - New York,US,New York,delphi_constant
2020-09-03,439322,32810,296734.92567072384,24287.972473140046,32.456165256753856,25.973872376897152,US - New York,US,New York,delphi_constant
2020-09-04,440192,32816,296735.15278271737,24287.988660996798,32.58960799316721,25.98735781022429,US - New York,US,New York,delphi_constant
2020-09-05,441012,32821,296735.3619637481,24288.003510964805,32.71490073654501,25.99858776099203,US - New York,US,New York,delphi_constant
2020-09-06,441748,32821,296735.55462929065,24288.017133924204,32.826961383121,25.99854625415373,US - New York,US,New York,delphi_constant
2020-09-07,442315,32836,296735.73208703543,24288.029632018992,32.91302983461211,26.032313217142793,US - New York,US,New York,delphi_constant
2020-09-08,442817,32850,296735.8955360547,24288.041098296995,32.98904614410588,26.063801831668204,US - New York,US,New York,delphi_constant
2020-09-09,443409,32854,296736.046079495,24288.051617913876,33.07847921907426,26.072771601893603,US - New York,US,New York,delphi_constant
2020-09-10,444071,32854,296736.184738614,24288.061269513935,33.17821142596251,26.072742224648643,US - New York,US,New York,delphi_constant
2020-09-11,445102,32854,296736.31245333864,24288.070125158873,33.332963578384586,26.072715270107526,US - New York,US,New York,delphi_constant
2020-09-12,446028,32858,296736.43008434353,24288.078250365357,33.47134482939557,26.081690150449337,US - New York,US,New York,delphi_constant
2020-09-13,446862,32858,296736.5384280084,24288.08570558098,33.59548620647798,26.081667461254554,US - New York,US,New York,delphi_constant
2020-09-14,447524,32865,296736.6382194679,24288.092546442163,33.69369280318645,26.09739070000863,US - New York,US,New York,delphi_constant
2020-09-15,448213,32873,296736.7301330489,24288.098823658307,33.79559938398732,26.115356603722482,US - New York,US,New York,delphi_constant
2020-06-15,386464,31472,294669.4062297965,24092.84415205394,23.752430697349165,23.446733121333434,US - New York,US,New York,themis
2020-06-16,386973,31519,294833.05772135814,24108.52446365233,23.810431807552945,23.51113784177058,US - New York,US,New York,themis
2020-06-17,387384,31537,294988.2517171993,24123.00289012384,23.851204046321147,23.508885150382596,US - New York,US,New York,themis
2020-06-18,388083,31569,295138.367795187,24136.395119946297,23.949678858598034,23.54399847969116,US - New York,US,New York,themis
2020-06-19,388907,31588,295285.4816391736,24148.8161719612,24.072983608118758,23.550664265033557,US - New York,US,New York,themis
2020-06-20,389602,31656,295430.86836930324,24160.37490623481,24.17111093646767,23.67837090524763,US - New York,US,New York,themis
2020-06-21,390268,31693,295575.3113177979,24171.17142851236,24.263503203491467,23.733406656004924,US - New York,US,New York,themis
2020-06-22,390910,31729,295719.2915601247,24181.296157520297,24.35105483100337,23.78802938157428,US - New York,US,New York,themis
2020-06-23,391411,31791,295863.10440870636,24190.829815179015,24.41114214758748,23.906672280900207,US - New York,US,New York,themis
2020-06-24,391884,31813,296006.9316541856,24199.843911313168,24.465675645296674,23.930959320676553,US - New York,US,New York,themis
2020-06-25,392698,31846,296150.8852084138,24208.401481933335,24.585588618120333,23.982913138437056,US - New York,US,New York,themis
2020-06-26,393527,31869,296295.03282606904,24216.557873984562,24.707826190815613,24.01218151186243,US - New York,US,New York,themis
2020-06-27,394261,31890,296439.4175368281,24224.36161304395,24.81137684507773,24.037749723913603,US - New York,US,New York,themis
2020-06-28,394872,31917,296584.0643401015,24231.85511008993,24.89108765875993,24.078531471974397,US - New York,US,New York,themis
2020-06-29,395406,31948,296728.9900388946,24239.07549414651,24.9558706648623,24.1295996802726,US - New York,US,New York,themis
2020-06-30,395909,31909,296874.2035455289,24246.055097893335,25.014535273123656,24.01499546242961,US - New York,US,New York,themis
2020-07-01,396456,31926,297019.7116624077,24252.82227762416,25.081292334481585,24.03425960776746,US - New York,US,New York,themis
2020-07-02,397363,31950,297165.5176360794,24259.40165350267,25.21560446340515,24.070730348974426,US - New York,US,New York,themis
2020-07-03,398277,32030,297311.62381546054,24265.814795596143,25.350541503661887,24.24035343241916,US - New York,US,New York,themis
2020-07-04,399054,32044,297458.0318411112,24272.080564195057,25.45920305494715,24.253899125592756,US - New York,US,New York,themis
2020-07-05,399776,32082,297604.7423320731,24278.215300281565,25.557126407770074,24.324495666474768,US - New York,US,New York,themis
2020-07-06,400298,32099,297751.7559579545,24284.233413932085,25.617475990898154,24.345825683254667,US - New York,US,New York,themis
2020-07-07,400746,32121,297899.0730553625,24290.147434817205,25.663868621180875,24.37923030161824,US - New York,US,New York,themis
2020-07-08,401314,32142,298046.69377308775,24295.968264333154,25.73229596448473,24.41052745836241,US - New York,US,New York,themis
2020-07-09,402079,32165,298194.6182912334,24301.705543569704,25.836808614418217,24.44674166463639,US - New York,US,New York,themis
2020-07-10,402999,32205,298342.8466760583,24307.367632617403,25.969333254906758,24.52300067499642,US - New York,US,New York,themis
2020-07-11,403877,32216,298491.37895812833,24312.961830390497,26.093494069202173,24.531407280883734,US - New York,US,New York,themis
2020-07-12,404624,32231,298640.2151792252,24318.494615413052,26.193153352439502,24.549363608286892,US - New York,US,New York,themis
2020-07-13,405259,32254,298789.3553458084,24323.97161075019,26.27200004298279,24.586185866093533,US - New York,US,New York,themis
2020-07-14,406132,32265,298938.7994504159,24329.39772003982,26.393684947156125,24.5950791258645,US - New York,US,New York,themis
2020-07-15,406834,32284,299088.54748963204,24334.777321062596,26.483885936369123,24.6227935786687,US - New York,US,New York,themis
2020-07-16,407724,32293,299238.5994500075,24340.114245872122,26.607558188871028,24.627274499513447,US - New York,US,New York,themis
2020-07-17,408551,32320,299388.9553063134,24345.411807544915,26.71931893293287,24.673849605368456,US - New York,US,New York,themis
2020-07-18,409380,32331,299539.61503382283,24350.672978154504,26.830911369919676,24.68320504112306,US - New York,US,New York,themis
2020-07-19,410024,32350,299690.5786061846,24355.9004061599,26.90901542197906,24.71128158837743,US - New York,US,New York,themis
2020-07-20,410698,32361,299841.8459863175,24361.0963738953,26.992133882727092,24.720817113515345,US - New York,US,New York,themis
2020-07-21,411398,32373,299993.4171337454,24366.262905121534,27.079514938394112,24.732762162538123,US - New York,US,New York,themis
2020-07-22,411954,32416,300145.2920079232,24371.401834875982,27.141066233627253,24.816751496557313,US - New York,US,New York,themis
2020-07-23,412807,32425,300297.47056475544,24376.514796233438,27.25475329518263,24.821851052479758,US - New York,US,New York,themis
2020-07-24,413557,32436,300449.95274948224,24381.603192448452,27.34980843040204,24.831658674163116,US - New York,US,New York,themis
2020-07-25,414317,32446,300602.73850565776,24386.668293867267,27.44619735476513,24.8392150222916,US - New York,US,New York,themis
2020-07-26,414945,32463,300755.8277771824,24391.71126482113,27.51911029722436,24.863040184760713,US - New York,US,New York,themis
2020-07-27,415580,32473,300909.2205046802,24396.73315220906,27.592949491149675,24.87071366301524,US - New York,US,New York,themis
2020-07-28,416085,32487,301062.91661601677,24401.73485564702,27.6438908838298,24.887693983294792,US - New York,US,New York,themis
2020-07-29,416657,32488,301216.91603715334,24406.717196476886,27.706262936383325,24.874670042856177,US - New York,US,New York,themis
2020-07-30,417454,32505,301371.21869525115,24411.680939678867,27.80732279598443,24.898689617969954,US - New York,US,New York,themis
2020-07-31,418144,32508,301525.8245173736,24416.62679125284,27.889477185521354,24.890406080802148,US - New York,US,New York,themis
2020-08-01,418899,32517,301680.7334167355,24421.55536623623,27.98246512483069,24.896037868695668,US - New York,US,New York,themis
2020-08-02,419452,32530,301835.945298925,24426.46721524609,28.040408604816523,24.910952304807587,US - New York,US,New York,themis
2020-08-03,420042,32530,301991.460071767,24431.36286036448,28.104460965387513,24.895902673333907,US - New York,US,New York,themis
2020-08-04,420675,32536,302147.2776454723,24436.242795999962,28.175604054086335,24.894754130809066,US - New York,US,New York,themis
2020-08-05,421159,32569,302303.3979273074,24441.10748115228,28.22107614290389,24.955916727095456,US - New York,US,New York,themis
2020-08-06,421901,32574,302459.8208037222,24445.95731204145,28.310238467384007,24.952547086506264,US - New York,US,New York,themis
2020-08-07,422479,32577,302616.54615862505,24450.79265860186,28.37122172732253,24.94461534640434,US - New York,US,New York,themis
2020-08-08,423177,32586,302773.5738798963,24455.613878850458,28.45226137528828,24.950549687441058,US - New York,US,New York,themis
2020-08-09,423751,32588,302930.9038593829,24460.421318892437,28.5120497982582,24.94040346479552,US - New York,US,New York,themis
2020-08-10,424272,32597,303088.53598684154,24465.215307127924,28.562682433240578,24.946420507629767,US - New York,US,New York,themis
2020-08-11,424854,32603,303246.47012472263,24469.99612807525,28.623369410498047,24.94556903329371,US - New York,US,New York,themis
2020-08-12,425318,32611,303404.70613137865,24474.764049202724,28.664033468750755,24.94936049430338,US - New York,US,New York,themis
2020-08-13,425960,32613,303563.2438712773,24479.519334297696,28.7343309533108,24.939382043057382,US - New York,US,New York,themis
2020-08-14,426610,32631,303722.0832149838,24484.2622434794,28.80568125102932,24.966252203489322,US - New York,US,New York,themis
2020-08-15,427302,32642,303881.2240378778,24488.99303243959,28.883734679950525,24.977044812083847,US - New York,US,New York,themis
2020-08-16,427912,32649,304040.66618994204,24493.711931924267,28.947852317779816,24.978676431363084,US - New York,US,New York,themis
2020-08-17,428385,32656,304200.4094979537,24498.41914793244,28.989014671859724,24.98034312857533,US - New York,US,New York,themis
2020-08-18,428923,32668,304360.45379659935,24503.11488569898,29.040771001648462,24.993526124344992,US - New York,US,New York,themis
2020-08-19,429440,32673,304520.7989296285,24507.799350913254,29.088860159829427,24.990667061753577,US - New York,US,New York,themis
2020-08-20,430123,32671,304681.4447498535,24512.472749719138,29.164112416714865,24.971770837381353,US - New York,US,New York,themis
2020-08-21,430860,32667,304842.39111345325,24517.135286299614,29.24792482164665,24.948310875502454,US - New York,US,New York,themis
2020-08-22,431543,32673,305003.6378306506,24521.78713936485,29.32253846530923,24.947855601368563,US - New York,US,New York,themis
2020-08-23,432085,32685,305165.1846947526,24526.428473972675,29.373807307647194,24.961210114815128,US - New York,US,New York,themis
2020-08-24,432558,32686,305327.0315123459,24531.059457431587,29.41362048272234,24.94933776714316,US - New York,US,New York,themis
2020-08-25,433113,32715,305489.1781033762,24535.680259476285,29.46663385689735,25.00174152689505,US - New York,US,New York,themis
2020-08-26,433595,32721,305651.6243011487,24540.291052267665,29.507576355550984,25.00140260912666,US - New York,US,New York,themis
2020-08-27,434393,32721,305814.3699475893,24544.89200902553,29.599609121788497,24.987341435085934,US - New York,US,New York,themis
2020-08-28,435062,32724,305977.41482672625,24549.483282595414,29.670388398268233,24.98018798864621,US - New York,US,New York,themis
2020-08-29,435756,32725,306140.7586889821,24554.065010694056,29.74491259122488,24.968479722860028,US - New York,US,New York,themis
2020-08-30,436469,32743,306304.40130394546,24558.637333909403,29.822186385758105,24.99576296029868,US - New York,US,New York,themis
2020-08-31,437154,32791,306468.34246106347,24563.20039612785,29.894649834826293,25.091639791016284,US - New York,US,New York,themis
2020-09-01,437757,32800,306632.58196964196,24567.754344534216,29.953699890660353,25.098309925200564,US - New York,US,New York,themis
2020-09-02,438405,32806,306797.11965878005,24572.299329599675,30.019703320267777,25.09815482046066,US - New York,US,New York,themis
2020-09-03,439322,32810,306961.9553256411,24576.835494218518,30.128253234383646,25.093460852732346,US - New York,US,New York,themis
2020-09-04,440192,32816,307127.08866980043,24581.36295775325,30.22883453815598,25.0933600751059,US - New York,US,New York,themis
2020-09-05,441012,32821,307292.5194056137,24585.881839441932,30.321052623145466,25.091003200871597,US - New York,US,New York,themis
2020-09-06,441748,32821,307458.24727762234,24590.392262117533,30.399628911138855,25.077260710771967,US - New York,US,New York,themis
2020-09-07,442315,32836,307624.27206055366,24594.89435220789,30.45131364286681,25.097775757680925,US - New York,US,New York,themis
2020-09-08,442817,32850,307790.5935593207,24599.388239735737,30.492597718849833,25.11601753505103,US - New York,US,New York,themis
2020-09-09,443409,32854,307957.2116013582,24603.87405735322,30.547821176079378,25.111480923622025,US - New York,US,New York,themis
2020-09-10,444071,32854,308124.1258902931,24608.351920189772,30.61376989483819,25.09785134172468,US - New York,US,New York,themis
2020-09-11,445102,32854,308291.3360743804,24612.82193192768,30.73692410405247,25.08424565676119,US - New York,US,New York,themis
2020-09-12,446028,32858,308458.8418460887,24617.28419961137,30.843166382808096,25.079785137222682,US - New York,US,New York,themis
2020-09-13,446862,32858,308626.6429343233,24621.738832994244,30.934686114656586,25.066227911028534,US - New York,US,New York,themis
2020-09-14,447524,32865,308794.73910442594,24626.185944538654,30.999289623701536,25.06865679434458,US - New York,US,New York,themis
2020-09-15,448213,32873,308963.1301581752,24630.625649415928,31.06778916314895,25.07338651958772,US - New York,US,New York,themis
2020-06-15,386464,31472,389698.662875362,10.0,0.8369894415422843,99.96822572445349,US - New York,US,New York,sir
2020-06-16,386973,31519,389698.6645109076,10.0,0.7043552162315214,99.96827310511121,US - New York,US,New York,sir
2020-06-17,387384,31537,389698.6660288422,10.0,0.5975120368528937,99.96829121349526,US - New York,US,New York,sir
2020-06-18,388083,31569,389698.6674380171,10.0,0.41632007534911036,99.96832335519021,US - New York,US,New York,sir
2020-06-19,388907,31588,389698.668746488,10.0,0.2035624831869815,99.96834240850956,US - New York,US,New York,sir
2020-06-20,389602,31656,389698.66996157076,10.0,0.02481249109880393,99.96841041192823,US - New York,US,New York,sir
2020-06-21,390268,31693,389698.6710900936,10.0,0.14588152497934345,99.96844729119995,US - New York,US,New York,sir
2020-06-22,390910,31729,389698.6721384228,10.0,0.3098738486038255,99.96848309117841,US - New York,US,New York,sir
2020-06-23,391411,31791,389698.67311246286,10.0,0.4374754126831242,99.96854455663554,US - New York,US,New York,sir
2020-06-24,391884,31813,389698.674017659,10.0,0.5576461356781647,99.96856630937039,US - New York,US,New York,sir
2020-06-25,392698,31846,389698.67485896766,10.0,0.7637739792492814,99.9685988821202,US - New York,US,New York,sir
2020-06-26,393527,31869,389698.67564092984,10.0,0.9728238110905124,99.96862154444757,US - New York,US,New York,sir
2020-06-27,394261,31890,389698.67636780004,10.0,1.1571835997473645,99.96864220758859,US - New York,US,New York,sir
2020-06-28,394872,31917,389698.6770435525,10.0,1.3101265616319946,99.96866873453018,US - New York,US,New York,sir
2020-06-29,395406,31948,389698.6776718807,10.0,1.4434081243378467,99.96869913609615,US - New York,US,New York,sir
2020-06-30,395909,31909,389698.6782561976,10.0,1.5686235331357459,99.96866087937573,US - New York,US,New York,sir
2020-07-01,396456,31926,389698.6787996079,10.0,1.7044315637528735,99.9686775668734,US - New York,US,New York,sir
2020-07-02,397363,31950,389698.67930497957,10.0,1.9287957598016003,99.96870109546165,US - New York,US,New York,sir
2020-07-03,398277,32030,389698.6797750051,10.0,2.1538577987167,99.9687792694349,US - New York,US,New York,sir
2020-07-04,399054,32044,389698.68021220196,10.0,2.344374392387507,99.9687929097491,US - New York,US,New York,sir
2020-07-05,399776,32082,389698.680618913,10.0,2.5207414604896314,99.96882987344928,US - New York,US,New York,sir
2020-07-06,400298,32099,389698.6809973033,10.0,2.6478570971368134,99.96884638150722,US - New York,US,New York,sir
2020-07-07,400746,32121,389698.6813493423,10.0,2.756688438726205,99.96886771893777,US - New York,US,New York,sir
2020-07-08,401314,32142,389698.68167686247,10.0,2.8943217338885585,99.96888805923714,US - New York,US,New York,sir
2020-07-09,402079,32165,389698.6819815855,10.0,3.0790760070569436,99.96891030623348,US - New York,US,New York,sir
2020-07-10,402999,32205,389698.6822651219,10.0,3.3003351707766275,99.96894892097501,US - New York,US,New York,sir
2020-07-11,403877,32216,389698.6825289713,10.0,3.5105533296099343,99.96895952321829,US - New York,US,New York,sir
2020-07-12,404624,32231,389698.68277451774,10.0,3.6886880722552933,99.96897396916012,US - New York,US,New York,sir
2020-07-13,405259,32254,389698.6830030219,10.0,3.839598132793614,99.96899609350778,US - New York,US,New York,sir
2020-07-14,406132,32265,389698.6832156636,10.0,4.04629942588528,99.96900666356733,US - New York,US,New York,sir
2020-07-15,406834,32284,389698.6834135512,10.0,4.211869358620177,99.9690249039772,US - New York,US,New York,sir
2020-07-16,407724,32293,389698.68359772157,10.0,4.420960356093444,99.96903353667977,US - New York,US,New York,sir
2020-07-17,408551,32320,389698.68376914057,10.0,4.6144339949870234,99.9690594059406,US - New York,US,New York,sir
2020-07-18,409380,32331,389698.68392869696,10.0,4.807591008672392,99.96906993288175,US - New York,US,New York,sir
2020-07-19,410024,32350,389698.6840772033,10.0,4.957103955572534,99.96908809891808,US - New York,US,New York,sir
2020-07-20,410698,32361,389698.68421542266,10.0,5.113079631402476,99.96909860634715,US - New York,US,New York,sir
2020-07-21,411398,32373,389698.68434407184,10.0,5.274531148894298,99.96911006085318,US - New York,US,New York,sir
2020-07-22,411954,32416,389698.68446382135,10.0,5.402378793792183,99.96915103652518,US - New York,US,New York,sir
2020-07-23,412807,32425,389698.6845752954,10.0,5.597849703300714,99.96915959907479,US - New York,US,New York,sir
2020-07-24,413557,32436,389698.6846790666,10.0,5.769051260390566,99.96917005796028,US - New York,US,New York,sir
2020-07-25,414317,32446,389698.6847756611,10.0,5.941903234561678,99.96917955988411,US - New York,US,New York,sir
2020-07-26,414945,32463,389698.68486557394,10.0,6.084255777133368,99.96919569971968,US - New York,US,New York,sir
2020-07-27,415580,32473,389698.68494927016,10.0,6.227757604006411,99.9692051858467,US - New York,US,New York,sir
2020-07-28,416085,32487,389698.6850271843,10.0,6.341568422994265,99.96921845661342,US - New York,US,New York,sir
2020-07-29,416657,32488,389698.68509972084,10.0,6.470145683446855,99.96921940408767,US - New York,US,New York,sir
2020-07-30,417454,32505,389698.68516724947,10.0,6.648712153375111,99.96923550223042,US - New York,US,New York,sir
2020-07-31,418144,32508,389698.685230112,10.0,6.802755694183824,99.96923834133136,US - New York,US,New York,sir
2020-08-01,418899,32517,389698.68528863025,10.0,6.97072915222279,99.96924685549098,US - New York,US,New York,sir
2020-08-02,419452,32530,389698.6853431064,10.0,7.09337770636297,99.96925914540424,US - New York,US,New York,sir
2020-08-03,420042,32530,389698.68539382267,10.0,7.223876328123695,99.96925914540424,US - New York,US,New York,sir
2020-08-04,420675,32536,389698.68544104137,10.0,7.363478827826382,99.96926481435948,US - New York,US,New York,sir
2020-08-05,421159,32569,389698.68548500165,10.0,7.469937604324815,99.96929595627743,US - New York,US,New York,sir
2020-08-06,421901,32574,389698.6855259261,10.0,7.632670809994259,99.96930066924541,US - New York,US,New York,sir
2020-08-07,422479,32577,389698.68556402414,10.0,7.759039960797072,99.96930349633176,US - New York,US,New York,sir
2020-08-08,423177,32586,389698.68559949234,10.0,7.911184776230197,99.96931197446757,US - New York,US,New York,sir
2020-08-09,423751,32588,389698.68563251424,10.0,8.03592542967114,99.96931385786179,US - New York,US,New York,sir
2020-08-10,424272,32597,389698.6856632599,10.0,8.148856001984605,99.96932233027579,US - New York,US,New York,sir
2020-08-11,424854,32603,389698.6856918844,10.0,8.274681257117875,99.96932797595314,US - New York,US,New York,sir
2020-08-12,425318,32611,389698.6857185329,10.0,8.37474884238784,99.96933550029131,US - New York,US,New York,sir
2020-08-13,425960,32613,389698.6857433417,10.0,8.512844928316817,99.96933738079908,US - New York,US,New York,sir
2020-08-14,426610,32631,389698.68576643884,10.0,8.652238398903252,99.96935429499555,US - New York,US,New York,sir
2020-08-15,427302,32642,389698.6857879437,10.0,8.80017276119847,99.96936462226579,US - New York,US,New York,sir
2020-08-16,427912,32649,389698.6858079666,10.0,8.930180549279612,99.96937119054182,US - New York,US,New York,sir
2020-08-17,428385,32656,389698.68582660827,10.0,9.030735010187502,99.96937775600196,US - New York,US,New York,sir
2020-08-18,428923,32668,389698.68584396335,10.0,9.144838154176076,99.96938900453043,US - New York,US,New York,sir
2020-08-19,429440,32673,389698.68586012063,10.0,9.254218083988302,99.96939368897867,US - New York,US,New York,sir
2020-08-20,430123,32671,389698.68587516365,10.0,9.398314929644858,99.96939181537144,US - New York,US,New York,sir
2020-08-21,430860,32667,389698.6858891699,10.0,9.553292046332935,99.9693880674687,US - New York,US,New York,sir
2020-08-22,431543,32673,389698.6859022111,10.0,9.696441396984515,99.96939368897867,US - New York,US,New York,sir
2020-08-23,432085,32685,389698.6859143527,10.0,9.809716626508045,99.96940492580694,US - New York,US,New York,sir
2020-08-24,432558,32686,389698.6859256564,10.0,9.908339245683491,99.96940586183686,US - New York,US,New York,sir
2020-08-25,433113,32715,389698.68593618023,10.0,10.023784569805054,99.96943298181262,US - New York,US,New York,sir
2020-08-26,433595,32721,389698.68594597845,10.0,10.123805406893888,99.96943858684025,US - New York,US,New York,sir
2020-08-27,434393,32721,389698.68595510157,10.0,10.288912124481389,99.96943858684025,US - New York,US,New York,sir
2020-08-28,435062,32724,389698.68596359604,10.0,10.426861926898685,99.9694413885833,US - New York,US,New York,sir
2020-08-29,435756,32725,389698.68597150454,10.0,10.569519186998104,99.9694423223835,US - New York,US,New York,sir
2020-08-30,436469,32743,389698.68597886735,10.0,10.715609589943995,99.9694591210335,US - New York,US,New York,sir
2020-08-31,437154,32791,389698.6859857223,10.0,10.855514078397478,99.96950382726968,US - New York,US,New York,sir
2020-09-01,437757,32800,389698.6859921047,10.0,10.978308515431005,99.96951219512195,US - New York,US,New York,sir
2020-09-02,438405,32806,389698.6859980474,10.0,11.109890170493628,99.96951777113942,US - New York,US,New York,sir
2020-09-03,439322,32810,389698.68600358063,10.0,11.295431140807738,99.96952148735141,US - New York,US,New York,sir
2020-09-04,440192,32816,389698.6860087321,10.0,11.470747762628097,99.96952705997074,US - New York,US,New York,sir
2020-09-05,441012,32821,389698.68601352815,10.0,11.635355497463076,99.9695317022638,US - New York,US,New York,sir
2020-09-06,441748,32821,389698.68601799343,10.0,11.782580562222481,99.9695317022638,US - New York,US,New York,sir
2020-09-07,442315,32836,389698.68602215097,10.0,11.895665753557767,99.96954562066026,US - New York,US,New York,sir
2020-09-08,442817,32850,389698.68602602213,10.0,11.995545332265444,99.96955859969559,US - New York,US,New York,sir
2020-09-09,443409,32854,389698.6860296265,10.0,12.113041000605193,99.9695623059597,US - New York,US,New York,sir
2020-09-10,444071,32854,389698.6860329822,10.0,12.244058712912532,99.9695623059597,US - New York,US,New York,sir
2020-09-11,445102,32854,389698.68603610643,10.0,12.447329817411193,99.9695623059597,US - New York,US,New York,sir
2020-09-12,446028,32858,389698.6860390152,10.0,12.629098164461608,99.96956601132145,US - New York,US,New York,sir
2020-09-13,446862,32858,389698.6860417235,10.0,12.792162671759186,99.96956601132145,US - New York,US,New York,sir
2020-09-14,447524,32865,389698.68604424514,10.0,12.921164888532202,99.96957249353416,US - New York,US,New York,sir
2020-09-15,448213,32873,389698.686046593,10.0,13.055023828716925,99.96957989839686,US - New York,US,New York,sir
2020-06-15,386464,31472,389700.70460734336,33957.36408862979,0.8375177525832573,7.89706433855423,US - New York,US,New York,seir
2020-06-16,386973,31519,389700.73091665946,33960.38889911553,0.7048892084614338,7.745768898491489,US - New York,US,New York,seir
2020-06-17,387384,31537,389700.7526250268,33963.12559305746,0.5980506745314206,7.692949846394592,US - New York,US,New York,seir
2020-06-18,388083,31569,389700.77053477964,33965.60157987009,0.41686199467115115,7.591629699610662,US - New York,US,New York,seir
2020-06-19,388907,31588,389700.7853112929,33967.841690408124,0.20410671736248387,7.534005604685716,US - New York,US,New York,seir
2020-06-20,389602,31656,389700.797503303,33969.868386965114,0.025358571902346434,7.3094149196522435,US - New York,US,New York,seir
2020-06-21,390268,31693,389700.8075614381,33971.70198162154,0.14533408800154682,7.189922006820243,US - New York,US,New York,seir
2020-06-22,390910,31729,389700.81586099876,33973.360882623376,0.30932545573181586,7.073531730036799,US - New York,US,New York,seir
2020-06-23,391411,31791,389700.822707688,33974.861708566255,0.43692622136628034,6.869433828964976,US - New York,US,New York,seir
2020-06-24,391884,31813,389700.8283571943,33976.21953410308,0.5570963965881951,6.799797359894012,US - New York,US,New York,seir
2020-06-25,392698,31846,389700.8330180665,33977.44796871098,0.7632244070337822,6.692984892014627,US - New York,US,New York,seir
2020-06-26,393527,31869,389700.8368634619,33978.55934296233,0.9722746181426225,6.619471407833108,US - New York,US,New York,seir
2020-06-27,394261,31890,389700.8400364511,33979.56481364416,1.1566348088065728,6.552413965644903,US - New York,US,New York,seir
2020-06-28,394872,31917,389700.8426539075,33980.474458929944,1.3095781281257,6.465126606291144,US - New York,US,New York,seir
2020-06-29,395406,31948,389700.84481384035,33981.29742319178,1.4428600441469408,6.364396591936219,US - New York,US,New York,seir
2020-06-30,395909,31909,389700.84659570124,33982.0419533371,1.5680758467978153,6.4967311834814705,US - New York,US,New York,seir
2020-07-01,396456,31926,389700.8480657771,33982.71552725102,1.7038843993338229,6.442133456277081,US - New York,US,New York,seir
2020-07-02,397363,31950,389700.8492789115,33983.32491212191,1.9282496661965298,6.364084231993466,US - New York,US,New York,seir
2020-07-03,398277,32030,389700.85027955024,33983.8762119915,2.1533128251065863,6.100144277213541,US - New York,US,New York,seir
2020-07-04,399054,32044,389700.85110526014,33984.374973276645,2.3438303825396716,6.055345691164163,US - New York,US,New York,seir
2020-07-05,399776,32082,389700.85178658593,33984.82619999785,2.520198364437602,5.931133345794681,US - New York,US,New York,seir
2020-07-06,400298,32099,389700.8523485215,33985.23441422887,2.6473146634453517,5.8763027328853585,US - New York,US,New York,seir
2020-07-07,400746,32121,389700.8528122931,33985.60372700278,2.7561465835484067,5.804936729873855,US - New York,US,New York,seir
2020-07-08,401314,32142,389700.853194965,33985.93784082614,2.893780631883016,5.736848487418767,US - New York,US,New York,seir
2020-07-09,402079,32165,389700.8535105329,33986.24010294094,3.0785359318609333,5.662179707573255,US - New York,US,New York,seir
2020-07-10,402999,32205,389700.85377097974,33986.51356002494,3.299796334239108,5.531791833643663,US - New York,US,New York,seir
2020-07-11,403877,32216,389700.85398594657,33986.760956827195,3.5100156765682207,5.496526436637679,US - New York,US,New York,seir
2020-07-12,404624,32231,389700.8541631807,33986.98476578024,3.6881514286891814,5.448123749744775,US - New York,US,New York,seir
2020-07-13,405259,32254,389700.85430938797,33987.18724207632,3.8390623504011088,5.373557518683938,US - New York,US,New York,seir
2020-07-14,406132,32265,389700.85443014884,33987.370427779046,4.045764817805826,5.33820061298325,US - New York,US,New York,seir
2020-07-15,406834,32284,389700.85452974215,33987.53614911973,4.211335697178173,5.276719579729069,US - New York,US,New York,seir
2020-07-16,407724,32293,389700.85461182456,33987.68606834,4.420427884592382,5.2478433974545595,US - New York,US,New York,seir
2020-07-17,408551,32320,389700.85467958346,33987.821701108995,4.613902626701818,5.160339421748127,US - New York,US,New York,seir
2020-07-18,409380,32331,389700.85473556624,33987.94441277313,4.807060741715217,5.124940189827512,US - New York,US,New York,seir
2020-07-19,410024,32350,389700.8547817134,33988.05542274055,4.956574546437917,5.063540719445292,US - New York,US,New York,seir
2020-07-20,410698,32361,389700.85481973167,33988.15584623309,5.112551115483477,5.028138333899097,US - New York,US,New York,seir
2020-07-21,411398,32373,389700.85485112265,33988.24670052752,5.274003555894133,4.989487228639661,US - New York,US,New York,seir
2020-07-22,411954,32416,389700.8548770735,33988.32890113852,5.40185193563517,4.850471684163748,US - New York,US,New York,seir
2020-07-23,412807,32425,389700.854898466,33988.4032631179,5.597323955633995,4.8215983442340775,US - New York,US,New York,seir
2020-07-24,413557,32436,389700.8549160827,33988.470532282576,5.768526487018066,4.786257652862794,US - New York,US,New York,seir
2020-07-25,414317,32446,389700.85493061924,33988.53139027277,5.941379443609786,4.754149634077458,US - New York,US,New York,seir
2020-07-26,414945,32463,389700.8549426457,33988.58645279885,6.083732797685066,4.6994623195602765,US - New York,US,New York,seir
2020-07-27,415580,32473,389700.85495256574,33988.636265908295,6.227235441415433,4.667373713264236,US - New York,US,New York,seir
2020-07-28,416085,32487,389700.8549607339,33988.681327189224,6.341046910911495,4.622406892570026,US - New York,US,New York,seir
2020-07-29,416657,32488,389700.85496746725,33988.7220925067,6.469624903105611,4.619312030616539,US - New York,US,New York,seir
2020-07-30,417454,32505,389700.85497303796,33988.75897559993,6.648192382145587,4.564709969542928,US - New York,US,New York,seir
2020-07-31,418144,32508,389700.8549776378,33988.79234394718,6.8022367945880315,4.555162864363166,US - New York,US,New York,seir
2020-08-01,418899,32517,389700.85498142627,33988.82252924557,6.970211200927606,4.526317093352918,US - New York,US,New York,seir
2020-08-02,419452,32530,389700.8549845469,33988.84983594813,7.092860450171439,4.484629068392656,US - New York,US,New York,seir
2020-08-03,420042,32530,389700.8549871263,33988.87454140845,7.2233598099413125,4.484705015088989,US - New York,US,New York,seir
2020-08-04,420675,32536,389700.85498925875,33988.89689362046,7.36296309757919,4.4655055741961585,US - New York,US,New York,seir
2020-08-05,421159,32569,389700.854991016,33988.91711398213,7.469422476780509,4.359719715011595,US - New York,US,New York,seir
2020-08-06,421901,32574,389700.85499246285,33988.93540562963,7.632156597765152,4.34375700138033,US - New York,US,New York,seir
2020-08-07,422479,32577,389700.8549936572,33988.951954133176,7.75852646080463,4.334198833941663,US - New York,US,New York,seir
2020-08-08,423177,32586,389700.85499464546,33988.96692677994,7.910672131366908,4.305428487018781,US - New York,US,New York,seir
2020-08-09,423751,32588,389700.8549954604,33988.98047186653,8.03541348682117,4.299068589255348,US - New York,US,New York,seir
2020-08-10,424272,32597,389700.85499613144,33988.99272481644,8.148344694881716,4.27030930704187,US - New York,US,New York,seir
2020-08-11,424854,32603,389700.8549966847,33989.00380966041,8.274170657052846,4.25115421789532,US - New York,US,New York,seir
2020-08-12,425318,32611,389700.85499714245,33989.01383889266,8.37423880551906,4.225610496129089,US - New York,US,New York,seir
2020-08-13,425960,32613,389700.8549975204,33989.0229123347,8.512335665902809,4.219246657267659,US - New York,US,New York,seir
2020-08-14,426610,32631,389700.85499783163,33989.03112022729,8.651729917762916,4.161782109733974,US - New York,US,New York,seir
2020-08-15,427302,32642,389700.85499808803,33989.038545394156,8.799665108497495,4.126703466068735,US - New York,US,New York,seir
2020-08-16,427912,32649,389700.85499829997,33989.0452632638,8.929673624880824,4.104399103383862,US - New York,US,New York,seir
2020-08-17,428385,32656,389700.8549984752,33989.05134121914,9.030228649818465,4.082102343272731,US - New York,US,New York,seir
2020-08-18,428923,32668,389700.8549986195,33989.05683946881,9.144332432949613,4.04388649280277,US - New York,US,New York,seir
2020-08-19,429440,32673,389700.85499873845,33989.06181326984,9.253712975331025,4.027979718023556,US - New York,US,New York,seir
2020-08-20,430123,32671,389700.8549988366,33989.06631309324,9.397810626533204,4.034361706385593,US - New York,US,New York,seir
2020-08-21,430860,32667,389700.8549989178,33989.070384414605,9.552788609080029,4.047112940933066,US - New York,US,New York,seir
2020-08-22,431543,32673,389700.8549989847,33989.07406754677,9.695938759524607,4.0280172238446665,US - New York,US,New York,seir
2020-08-23,432085,32685,389700.85499903985,33989.077399321104,9.809214622345177,3.9898344785715287,US - New York,US,New York,seir
2020-08-24,432558,32686,389700.8549990853,33989.080413469776,9.907837793062363,3.9866622207360205,US - New York,US,New York,seir
2020-08-25,433113,32715,389700.85499912297,33989.08314058561,10.023283762176852,3.8944922530509185,US - New York,US,New York,seir
2020-08-26,433595,32721,389700.854999154,33989.08560780647,10.123305158234299,3.87544881820992,US - New York,US,New York,seir
2020-08-27,434393,32721,389700.8549991796,33989.08783966578,10.28841279689599,3.875455639087372,US - New York,US,New York,seir
2020-08-28,435062,32724,389700.8549992007,33989.08985868438,10.426363369082873,3.8659389398740474,US - New York,US,New York,seir
2020-08-29,435756,32725,389700.8549992181,33989.091685376945,10.569021425013522,3.862770619944828,US - New York,US,New York,seir
2020-08-30,436469,32743,389700.85499923246,33989.093338075756,10.715112642769027,3.805678581912946,US - New York,US,New York,seir
2020-08-31,437154,32791,389700.85499924433,33989.0948331433,10.855017911481005,3.6537306978844892,US - New York,US,New York,seir
2020-09-01,437757,32800,389700.8549992541,33989.09618559762,10.977813033428568,3.6252932487732323,US - New York,US,New York,seir
2020-09-02,438405,32806,389700.85499926214,33989.09740916274,11.109395422209568,3.6063445990451233,US - New York,US,New York,seir
2020-09-03,439322,32810,389700.85499926883,33989.09851621993,11.29493742647333,3.5937169040534247,US - New York,US,New York,seir
2020-09-04,440192,32816,389700.85499927436,33989.09951773074,11.47025502524481,3.57477912521557,US - New York,US,New York,seir
2020-09-05,441012,32821,389700.85499927885,33989.10042369594,11.634863677342375,3.5590031494955716,US - New York,US,New York,seir
2020-09-06,441748,32821,389700.85499928263,33989.10124328321,11.782089562537323,3.559005646638453,US - New York,US,New York,seir
2020-09-07,442315,32836,389700.8549992857,33989.10198482111,11.895175384220359,3.5117005263159555,US - New York,US,New York,seir
2020-09-08,442817,32850,389700.8549992882,33989.10265570596,11.995055519709446,3.4675879930166196,US - New York,US,New York,seir
2020-09-09,443409,32854,389700.8549992903,33989.10326259141,12.11255184281548,3.454992581090304,US - New York,US,New York,seir
2020-09-10,444071,32854,389700.85499929206,33989.10381159102,12.243570285091335,3.4549942521185235,US - New York,US,New York,seir
2020-09-11,445102,32854,389700.8549992935,33989.10430828402,12.44684252164818,3.4549957639374775,US - New York,US,New York,seir
2020-09-12,446028,32858,389700.8549992947,33989.104757673675,12.6286118810266,3.4424029389301682,US - New York,US,New York,seir
2020-09-13,446862,32858,389700.85499929567,33989.10516421037,12.791677296504139,3.4424041761834876,US - New York,US,New York,seir
2020-09-14,447524,32865,389700.8549992965,33989.10553197094,12.920680231831927,3.4203728342338082,US - New York,US,New York,seir
2020-09-15,448213,32873,389700.8549992971,33989.10586468085,13.054539917562158,3.395205380345123,US - New York,US,New York,seir
2020-06-15,386464,31472,590686.9145582565,128468.32724342778,52.84396853478112,308.198802883286,US - New York,US,New York,seird
2020-06-16,386973,31519,613245.2099712295,133390.38154407236,58.47235077672849,323.20626144253424,US - New York,US,New York,seird
2020-06-17,387384,31537,636560.6803165374,138479.29150060937,64.32291481231476,339.1010289520543,US - New York,US,New York,seird
2020-06-18,388083,31569,660652.2623038485,143739.76398834406,70.23478542060552,355.3193448900632,US - New York,US,New York,seird
2020-06-19,388907,31588,685539.840847479,149175.92969161065,76.27346405374008,372.2550642383521,US - New York,US,New York,seird
2020-06-20,389602,31656,711242.9743962077,154792.1503066154,82.55629447390098,388.9820264929726,US - New York,US,New York,seird
2020-06-21,390268,31693,737780.5466022078,160593.22763166946,89.04459156328673,406.7151346722287,US - New York,US,New York,seird
2020-06-22,390910,31729,765172.1331589858,166583.45356305284,95.74125327031433,425.01955171311056,US - New York,US,New York,seird
2020-06-23,391411,31791,793437.310838724,172767.0183298996,102.71206247109153,443.44631603252367,US - New York,US,New York,seird
2020-06-24,391884,31813,822594.6464523803,179148.64845548564,109.90768861509537,463.1303192263718,US - New York,US,New York,seird
2020-06-25,392698,31846,852662.8757140207,185732.78206647924,117.12941642534993,483.22169838120715,US - New York,US,New York,seird
2020-06-26,393527,31869,883661.1172162065,192523.36306895266,124.54904421201252,504.1085790861108,US - New York,US,New York,seird
2020-06-27,394261,31890,915607.2402169566,199524.87974871977,132.23378427411197,525.6659760072744,US - New York,US,New York,seird
2020-06-28,394872,31917,948518.6219255959,206741.82236150658,140.20913661277476,547.7482920121145,US - New York,US,New York,seird
2020-06-29,395406,31948,982413.308715406,214177.83200760427,148.4568541487499,570.3951170890331,US - New York,US,New York,seird
2020-06-30,395909,31909,1017307.9716023547,221837.00520520314,156.95500016477388,595.2176665053845,US - New York,US,New York,seird
2020-07-01,396456,31926,1053218.1329285402,229723.70455044747,165.6582654641474,619.5505373377418,US - New York,US,New York,seird
2020-07-02,397363,31950,1090160.0185626163,237841.2326736296,174.34864810327494,644.4170036733321,US - New York,US,New York,seird
2020-07-03,398277,32030,1128148.503184998,246193.1389841956,183.25725642831446,668.6329659200612,US - New York,US,New York,seird
2020-07-04,399054,32044,1167196.7275089757,254783.4327343366,192.4909229099259,695.1049579775827,US - New York,US,New York,seird
2020-07-05,399776,32082,1207318.2804572112,263615.02924947266,201.9986893803558,721.6913822376181,US - New York,US,New York,seird
2020-07-06,400298,32099,1248525.5681067493,272690.7664791827,211.89902725138504,749.5304105398384,US - New York,US,New York,seird
2020-07-07,400746,32121,1290828.7388955038,282014.0791101804,222.10645618309445,777.9741574365069,US - New York,US,New York,seird
2020-07-08,401314,32142,1334237.9330189696,291587.3968166781,232.46732808199306,807.1849816958437,US - New York,US,New York,seird
2020-07-09,402079,32165,1378762.3477028557,301412.6861438628,242.90832092769224,837.0828109555814,US - New York,US,New York,seird
2020-07-10,402999,32205,1424408.4727524598,311492.5905007741,253.45211098599742,867.2181043340291,US - New York,US,New York,seird
2020-07-11,403877,32216,1471182.2048382226,321828.9197071635,264.26491353511653,898.9723109857323,US - New York,US,New York,seird
2020-07-12,404624,32231,1519088.7577286584,332422.61518700275,275.4321932778724,931.3754310663733,US - New York,US,New York,seird
2020-07-13,405259,32254,1568130.2768232403,343275.3188880338,286.9452070955217,964.2875887890922,US - New York,US,New York,seird
2020-07-14,406132,32265,1618307.6610570364,354388.06405189587,298.46839477239826,998.3668496881942,US - New York,US,New York,seird
2020-07-15,406834,32284,1669621.372739992,365760.62399567245,310.3937656980469,1032.9470449624348,US - New York,US,New York,seird
2020-07-16,407724,32293,1722068.5504173385,377393.44050855003,322.36134012649205,1068.6540132801226,US - New York,US,New York,seird
2020-07-17,408551,32320,1775644.414793713,389286.6046952162,334.62001434183566,1104.4758808639117,US - New York,US,New York,seird
2020-07-18,409380,32331,1830343.9618895755,401438.5970413626,347.10146120708765,1141.6522750343713,US - New York,US,New York,seird
2020-07-19,410024,32350,1886158.73319707,413848.47893014835,360.0117878946281,1179.2843243590366,US - New York,US,New York,seird
2020-07-20,410698,32361,1943077.7079171743,426515.23684168403,373.11594113367346,1217.9915232585026,US - New York,US,New York,seird
2020-07-21,411398,32373,2001089.8007280082,439435.96455566987,386.4121363565229,1257.415020404874,US - New York,US,New York,seird
2020-07-22,411954,32416,2060180.485115472,452608.1936383083,400.09964343481846,1296.2493633955712,US - New York,US,New York,seird
2020-07-23,412807,32425,2120332.120963557,466029.6437762311,413.63763719209146,1337.254105709271,US - New York,US,New York,seird
2020-07-24,413557,32436,2181527.0542982295,479695.9870089551,427.50335607866134,1378.899947616707,US - New York,US,New York,seird
2020-07-25,414317,32446,2243744.4040182536,493603.1062591786,441.552580275068,1421.3064977475763,US - New York,US,New York,seird
2020-07-26,414945,32463,2306959.746789719,507747.3181277882,455.9675973417487,1464.0800854135114,US - New York,US,New York,seird
2020-07-27,415580,32473,2371148.5672692284,522122.89429761935,470.5636862383244,1507.8677495076504,US - New York,US,New York,seird
2020-07-28,416085,32487,2436283.565400272,536723.9965052033,485.5254492231809,1552.1192985046428,US - New York,US,New York,seird
2020-07-29,416657,32488,2502333.625345581,551545.4390086563,500.5740033998183,1597.6897285417888,US - New York,US,New York,seird
2020-07-30,417454,32505,2569267.3176636505,566580.1771981171,515.4611807920514,1643.0554597696264,US - New York,US,New York,seird
2020-07-31,418144,32508,2637051.106190266,581820.6417440358,530.6562108245644,1689.7767987696436,US - New York,US,New York,seird
2020-08-01,418899,32517,2705647.566199433,597260.0843331662,545.8949690019391,1736.7625682970945,US - New York,US,New York,seird
2020-08-02,419452,32530,2775018.57310972,612890.2950503294,561.5819147625282,1784.077144329325,US - New York,US,New York,seird
2020-08-03,420042,32530,2845124.789725811,628702.044175449,577.3429299274385,1832.683812405315,US - New York,US,New York,seird
2020-08-04,420675,32536,2915923.1733073136,644687.003159332,593.153425639107,1881.457472213339,US - New York,US,New York,seird
2020-08-05,421159,32569,2987369.4306203164,660835.9984167193,609.3210475426897,1929.0337388827388,US - New York,US,New York,seird
2020-08-06,421901,32574,3059419.083184797,677138.3170458529,625.1509437486038,1978.769316159676,US - New York,US,New York,seird
2020-08-07,422479,32577,3132024.4439365924,693584.0879637823,641.3444085828154,2029.0606500407719,US - New York,US,New York,seird
2020-08-08,423177,32586,3205135.941125477,710163.3708456723,657.3984269290338,2079.351165671369,US - New York,US,New York,seird
2020-08-09,423751,32588,3278704.770609219,726864.2947440898,673.7338131613185,2130.4661063707185,US - New York,US,New York,seird
2020-08-10,424272,32597,3352679.745610402,743675.5924860134,690.219421882755,2181.4234208240437,US - New York,US,New York,seird
2020-08-11,424854,32603,3427007.4583751275,760586.5772894835,706.6317978352863,2232.872978834719,US - New York,US,New York,seird
2020-08-12,425318,32611,3501635.548104963,777584.8092025964,723.2982258227873,2284.4249155272655,US - New York,US,New York,seird
2020-08-13,425960,32613,3576510.6245150245,794657.8506000905,739.6353236254635,2336.62910679818,US - New York,US,New York,seird
2020-08-14,426610,32631,3651577.267821909,811794.1799963141,755.9521032844774,2387.8004964491256,US - New York,US,New York,seird
2020-08-15,427302,32642,3726780.467832102,828981.4488171854,772.1654632630087,2439.615981916504,US - New York,US,New York,seird
2020-08-16,427912,32649,3802065.916441205,846206.4270206395,788.515843547553,2491.829541549939,US - New York,US,New York,seird
2020-08-17,428385,32656,3877378.0052055744,863456.7670309112,805.1152596859307,2544.0983801779494,US - New York,US,New York,seird
2020-08-18,428923,32668,3952660.582197669,880720.504855924,821.5315061672303,2595.973138410445,US - New York,US,New York,seird
2020-08-19,429440,32673,4027859.3912313497,897984.3427615189,837.9329804469425,2648.398808684599,US - New York,US,New York,seird
2020-08-20,430123,32671,4102920.0462491605,915235.4312436403,853.8945943948966,2701.369505811393,US - New York,US,New York,seird
2020-08-21,430860,32667,4177787.766752672,932461.7263269974,869.6392718638704,2754.4455454342224,US - New York,US,New York,seird
2020-08-22,431543,32673,4252408.878759031,949650.9260606609,885.3963286993488,2806.5311604709113,US - New York,US,New York,seird
2020-08-23,432085,32685,4326731.351693846,966790.2014753692,901.3611561831228,2857.901794325743,US - New York,US,New York,seird
2020-08-24,432558,32686,4400703.559974025,983867.4041136103,917.3672802199993,2910.057529564983,US - New York,US,New York,seird
2020-08-25,433113,32715,4474274.49366519,1000870.9729094519,933.0501494217884,2959.364123213975,US - New York,US,New York,seird
2020-08-26,433595,32721,4547394.997626227,1017789.0752807567,948.7655525608523,3010.5072439129513,US - New York,US,New York,seird
2020-08-27,434393,32721,4620017.124118679,1034610.2417193466,963.5569919677986,3061.9151056488085,US - New York,US,New York,seird
2020-08-28,435062,32724,4692094.349241849,1051323.4029593628,978.4886635104534,3112.6983344314963,US - New York,US,New York,seird
2020-08-29,435756,32725,4763581.940210488,1067917.647456884,993.1764428282083,3163.3083191959786,US - New York,US,New York,seird
2020-08-30,436469,32743,4834436.903006626,1084382.306083967,1007.624345144014,3211.798876352096,US - New York,US,New York,seird
2020-08-31,437154,32791,4904617.394416418,1100707.6044084197,1021.9427008368717,3256.7369229618484,US - New York,US,New York,seird
2020-09-01,437757,32800,4974083.645171954,1116883.9795664586,1036.2659295389803,3305.1340840440807,US - New York,US,New York,seird
2020-09-02,438405,32806,5042798.588523977,1132901.6223523004,1050.2602818225105,3353.3366529058726,US - New York,US,New York,seird
2020-09-03,439322,32810,5110726.309789967,1148751.8070916808,1063.321279105068,3401.224648252608,US - New York,US,New York,seird
2020-09-04,440192,32816,5177832.473133542,1164426.6134736824,1076.2668274601858,3448.350236085088,US - New York,US,New York,seird
2020-09-05,441012,32821,5244085.9259430915,1179917.6370786044,1089.1027740612708,3495.008187071096,US - New York,US,New York,seird
2020-09-06,441748,32821,5309457.621624645,1195216.898131542,1101.9200135879832,3541.6224311615792,US - New York,US,New York,seird
2020-09-07,442315,32836,5373918.935865589,1210318.288206475,1114.952903669464,3585.949227087572,US - New York,US,New York,seird
2020-09-08,442817,32850,5437444.446609916,1225215.2534346187,1127.9213414593198,3629.726798887728,US - New York,US,New York,seird
2020-09-09,443409,32854,5500012.131309388,1239900.6243893416,1140.3925340508172,3673.9715845539104,US - New York,US,New York,seird
2020-09-10,444071,32854,5561600.124549097,1254369.3421196253,1152.4123675153517,3718.011024896893,US - New York,US,New York,seird
2020-09-11,445102,32854,5622188.458642118,1268616.9839943913,1163.1236118108025,3761.377561314882,US - New York,US,New York,seird
2020-09-12,446028,32858,5681760.931884525,1282638.145439614,1173.8574555598584,3803.579479699355,US - New York,US,New York,seird
2020-09-13,446862,32858,5740302.855687701,1296428.3304158885,1184.580665997042,3845.5485130436678,US - New York,US,New York,seird
2020-09-14,447524,32865,5797800.129500464,1309984.7062675562,1195.5283134536837,3885.956812011429,US - New York,US,New York,seird
2020-09-15,448213,32873,5854241.978389193,1323303.7070303953,1206.129447023891,3925.5033219675574,US - New York,US,New York,seird
2020-06-15,89333,2275,55664.988083692326,1675.2833135893095,37.688213668305856,26.36117302904134,US - Texas,US,Texas,delphi
2020-06-16,93426,2327,56048.83698241714,1685.0719859607161,40.00723890307073,27.586077096660244,US - Texas,US,Texas,delphi
2020-06-17,97406,2366,56414.29725718624,1694.357842302333,42.083344704447114,28.38724250624121,US - Texas,US,Texas,delphi
2020-06-18,100317,2403,56761.969074867,1703.15984952329,43.41739777418883,29.12360176765335,US - Texas,US,Texas,delphi
2020-06-19,104271,2432,57092.455391270814,1711.4969555197688,45.246084346298765,29.625947552641087,US - Texas,US,Texas,delphi
2020-06-20,108115,2464,57406.36112421197,1719.3878420009833,46.90250092566991,30.219649269440612,US - Texas,US,Texas,delphi
2020-06-21,110703,2483,57704.29032052269,1726.850932915266,47.87468242005845,30.453043378362228,US - Texas,US,Texas,delphi
2020-06-22,114388,2506,57986.84342629205,1733.9044231381033,49.3068823422981,30.809879364002263,US - Texas,US,Texas,delphi
2020-06-23,120651,2539,58254.6169021221,1740.5660602802018,51.71642431300022,31.44678770066161,US - Texas,US,Texas,delphi
2020-06-24,126509,2587,58508.1996568194,1746.8533266163129,53.75174915870065,32.47571215244249,US - Texas,US,Texas,delphi
2020-06-25,131037,2640,58748.173120736894,1752.7832194100029,55.16672915227233,33.60669623446959,US - Texas,US,Texas,delphi
2020-06-26,140067,2687,58975.108922222396,1758.3723370134016,57.89507241375742,34.560017230614,US - Texas,US,Texas,delphi
2020-06-27,145196,2740,59189.56779097014,1763.636846632943,59.234711844010754,35.633691728724706,US - Texas,US,Texas,delphi
2020-06-28,150391,2775,59392.09918285073,1768.5923827844172,60.50820914625826,36.2669411609219,US - Texas,US,Texas,delphi
2020-06-29,158766,2817,59583.23917737366,1773.2541809012491,62.47103335892214,37.051679769213735,US - Texas,US,Texas,delphi
2020-06-30,166154,2860,59763.51106486243,1777.6368995114508,64.03125349683883,37.84486365344578,US - Texas,US,Texas,delphi
2020-07-01,173206,2931,59933.42354092205,1781.7547560490518,65.39760542884076,39.21000491132543,US - Texas,US,Texas,delphi
2020-07-02,178760,3009,60093.470876464686,1785.621437631988,66.38315569676399,40.65731347185151,US - Texas,US,Texas,delphi
2020-07-03,185503,3084,60244.13237226698,1789.2501126423265,67.52390399493972,41.98281087411393,US - Texas,US,Texas,delphi
2020-07-04,189589,3152,60385.871649150904,1792.6534848826045,68.14906368557727,43.12647573341991,US - Texas,US,Texas,delphi
2020-07-05,196993,3219,60519.137204901446,1795.8436934470124,69.2785341586242,44.21113098953053,US - Texas,US,Texas,delphi
2020-07-06,204711,3283,60644.3613338838,1798.8324415553411,70.37562156704632,45.20766245643188,US - Texas,US,Texas,delphi
2020-07-07,212764,3410,60761.96096138098,1801.6308857909098,71.44161561101457,47.16624968355103,US - Texas,US,Texas,delphi
2020-07-08,223470,3530,60872.33698704381,1804.249730801887,72.76039871703414,48.88810960901171,US - Texas,US,Texas,delphi
2020-07-09,233662,3688,60975.87470831552,1806.6991948427776,73.90424000979382,51.01141011814594,US - Texas,US,Texas,delphi
2020-07-10,243726,3773,61072.943948934335,1808.9890167105818,74.9419659991407,52.05435948288943,US - Texas,US,Texas,delphi
2020-07-11,251357,3875,61163.898950178285,1811.128510750843,75.66652253560542,53.26119972255889,US - Texas,US,Texas,delphi
2020-07-12,257730,3986,61249.07910735538,1813.1265051470923,76.23517669368897,54.512631581859196,US - Texas,US,Texas,delphi
2020-07-13,268321,4085,61328.80862808618,1814.991441921186,77.14349282088014,55.569364946849795,US - Texas,US,Texas,delphi
2020-07-14,277363,4210,61403.397436559,1816.731303965355,77.86172004320728,56.847237435502265,US - Texas,US,Texas,delphi
2020-07-15,287113,4373,61473.14100091111,1818.353699804767,78.58921713718601,58.41862108838859,US - Texas,US,Texas,delphi
2020-07-16,295390,4558,61538.321038581125,1819.8658290617566,79.167093998246,60.073149867008404,US - Texas,US,Texas,delphi
2020-07-17,301525,4722,61599.20572148441,1821.2745179714452,79.57077996136825,61.43001867913077,US - Texas,US,Texas,delphi
2020-07-18,311898,4869,61656.050070600126,1822.5862375314773,80.2319828692072,62.56754492644326,US - Texas,US,Texas,delphi
2020-07-19,317660,4982,61709.09650927865,1823.8070910591948,80.57385364563413,63.392069629482236,US - Texas,US,Texas,delphi
2020-07-20,327368,5120,61758.57502201589,1824.942871552385,81.13481616345645,64.35658453999248,US - Texas,US,Texas,delphi
2020-07-21,337248,5261,61804.70390618314,1825.9990217072077,81.67381158489209,65.29178822073357,US - Texas,US,Texas,delphi
2020-07-22,346464,5509,61847.68984638441,1826.9807052921965,82.14888419969047,66.83643664381563,US - Texas,US,Texas,delphi
2020-07-23,355679,5710,61887.728685011505,1827.892765465764,82.60011732910532,67.98786750497787,US - Texas,US,Texas,delphi
2020-07-24,364304,5884,61925.0055528418,1828.7397862894088,83.00183210921598,68.92012599780067,US - Texas,US,Texas,delphi
2020-07-25,369784,6037,61959.69553750011,1829.5260676140622,83.24435466718406,69.69478105658337,US - Texas,US,Texas,delphi
2020-07-26,374209,6173,61991.96393135183,1830.2556646470764,83.43386611990844,70.35062911636032,US - Texas,US,Texas,delphi
2020-07-27,384782,6868,62021.96676152656,1830.9323848636186,83.88127127528665,73.34111262574812,US - Texas,US,Texas,delphi
2020-07-28,394832,7150,62049.85114913647,1831.5598050153494,84.2844928604732,74.38377895083428,US - Texas,US,Texas,delphi
2020-07-29,401862,7442,62075.755714013336,1832.1412871063524,84.5529670100648,75.38106305957602,US - Texas,US,Texas,delphi
2020-07-30,410640,7590,62099.811011476566,1832.6799777363444,84.87731078037294,75.85401873865159,US - Texas,US,Texas,delphi
2020-07-31,419238,7701,62122.13984255836,1833.1788370333663,85.18213047420359,76.19557411981084,US - Texas,US,Texas,delphi
2020-08-01,423963,7977,62142.85772881888,1833.6406267009893,85.34238654580261,77.01340570764711,US - Texas,US,Texas,delphi
2020-08-02,428563,7996,62162.07316024346,1834.0679456552946,85.4952310021529,77.06268202031899,US - Texas,US,Texas,delphi
2020-08-03,433421,8151,62179.888074097544,1834.4632124418422,85.6536974271903,77.49401039821075,US - Texas,US,Texas,delphi
2020-08-04,451098,8362,62196.398066182184,1834.82870265866,86.21222038976406,78.05753763861922,US - Texas,US,Texas,delphi
2020-08-05,460425,8725,62211.69284979978,1835.1665297796412,86.48820267148835,78.96657272458864,US - Texas,US,Texas,delphi
2020-08-06,470149,8976,62225.856446974496,1835.4786812448554,86.76465196204299,79.55126246384965,US - Texas,US,Texas,delphi
2020-08-07,478227,9256,62238.96761409003,1835.7669999756647,86.98547601576448,80.16673509101486,US - Texas,US,Texas,delphi
2020-08-08,493381,9465,62251.100021288454,1836.0332176616828,87.38275287834585,80.60186774789558,US - Texas,US,Texas,delphi
2020-08-09,505411,9582,62262.32263980923,1836.2789378375505,87.6808532778651,80.83616220165362,US - Texas,US,Texas,delphi
2020-08-10,518105,9677,62272.699911855554,1836.5056660720081,87.98067960898746,81.02195240185999,US - Texas,US,Texas,delphi
2020-08-11,530026,9660,62282.29209996463,1836.714794602629,88.249200586393,80.98638928982786,US - Texas,US,Texas,delphi
2020-08-12,539104,9958,62291.15544682144,1836.907629728872,88.445428813954,81.55344818508866,US - Texas,US,Texas,delphi
2020-08-13,545902,10188,62299.342488989474,1837.0853776982633,88.58781567222881,81.9681450952271,US - Texas,US,Texas,delphi
2020-08-14,561507,10490,62306.9022061983,1837.2491696587438,88.9036285912378,82.48570858285278,US - Texas,US,Texas,delphi
2020-08-15,570718,10687,62313.88030113324,1837.4000486697817,89.08149378482311,82.8071484170508,US - Texas,US,Texas,delphi
2020-08-16,573607,10817,62320.31933965473,1837.5389922102943,89.13536282861702,83.01248967171772,US - Texas,US,Texas,delphi
2020-08-17,581412,10876,62326.25899635963,1837.666900688299,89.28019046797114,83.10346726104912,US - Texas,US,Texas,delphi
2020-08-18,590434,11098,62331.73618955204,1837.784616919168,89.44306456105983,83.44039811750613,US - Texas,US,Texas,delphi
2020-08-19,598280,11335,62336.78529056065,1837.8929171163227,89.58066703039368,83.78568224864294,US - Texas,US,Texas,delphi
2020-08-20,603035,11582,62341.43825845146,1837.9925261821481,89.66205307180323,84.13061193073608,US - Texas,US,Texas,delphi
2020-08-21,608659,11814,62345.724811176864,1838.0841126301675,89.75687128405612,84.44147526129873,US - Texas,US,Texas,delphi
2020-08-22,612652,11973,62349.67256368893,1838.1682982375714,89.82298718298661,84.64738746982735,US - Texas,US,Texas,delphi
2020-08-23,615723,12092,62353.307161838886,1838.2456583849018,89.87315608449921,84.7978361033336,US - Texas,US,Texas,delphi
2020-08-24,619102,12143,62356.65242341224,1838.3167249219416,89.92788709721303,84.86109919359349,US - Texas,US,Texas,delphi
2020-08-25,626307,12321,62359.73044076215,1838.3819926683561,90.0432646544327,85.07927933878456,US - Texas,US,Texas,delphi
2020-08-26,631210,12506,62362.56171899083,1838.4419156239474,90.12015625243725,85.29952090497403,US - Texas,US,Texas,delphi
2020-08-27,639318,12727,62365.16525764393,1838.496918432551,90.24504780756307,85.5543575199768,US - Texas,US,Texas,delphi
2020-08-28,644951,12886,62367.55867701113,1838.5473886984719,90.32987642828508,85.73221023825491,US - Texas,US,Texas,delphi
2020-08-29,648965,13016,62369.75829299187,1838.5936890191078,90.38934945752207,85.87435702966266,US - Texas,US,Texas,delphi
2020-08-30,650429,13092,62371.779217914336,1838.6361513260626,90.41067061617574,85.95603306350395,US - Texas,US,Texas,delphi
2020-08-31,655014,13137,62373.63544237265,1838.6750833130964,90.47751110016387,86.00384347025121,US - Texas,US,Texas,delphi
2020-09-01,658712,13266,62375.33990642405,1838.7107699400085,90.53071146321547,86.1396745820895,US - Texas,US,Texas,delphi
2020-09-02,662445,13461,62376.90458584491,1838.7434714699973,90.58383645648395,86.34021639202142,US - Texas,US,Texas,delphi
2020-09-03,666892,13648,62378.34054598499,1838.773431681445,90.64641043137644,86.52715832589797,US - Texas,US,Texas,delphi
2020-09-04,670462,13772,62379.65801860548,1838.8008717776563,90.6960188618288,86.64826552586658,US - Texas,US,Texas,delphi
2020-09-05,674346,13914,62380.86645567529,1838.8259979001505,90.74942737768514,86.78434671625593,US - Texas,US,Texas,delphi
2020-09-06,675995,13994,62381.97458355675,1838.8489998592618,90.77182899525044,86.85973274360968,US - Texas,US,Texas,delphi
2020-09-07,677828,14041,62382.99046284411,1838.8700506781356,90.79663418111318,86.90356776099897,US - Texas,US,Texas,delphi
2020-09-08,682184,14139,62383.92152792632,1838.8893126358716,90.85526463125399,86.9942052999797,US - Texas,US,Texas,delphi
2020-09-09,685795,14267,62384.77463956437,1838.9069323684173,90.9032911235042,87.11076657763778,US - Texas,US,Texas,delphi
2020-09-10,690801,14283,62385.556125767325,1838.9230460030012,90.96909875264116,87.12509244554364,US - Texas,US,Texas,delphi
2020-09-11,693754,14560,62386.27181713515,1838.9377797007521,91.00743609159224,87.36993283172559,US - Texas,US,Texas,delphi
2020-09-12,700280,14666,62386.92708957128,1838.9512471437567,91.09114538619248,87.46112609338772,US - Texas,US,Texas,delphi
2020-09-13,710126,14743,62387.52689500351,1838.9635550576527,91.21458348307152,87.526530861713,US - Texas,US,Texas,delphi
2020-09-14,714438,14790,62388.07579281182,1838.9748006608488,91.26753115136488,87.56609330181982,US - Texas,US,Texas,delphi
2020-09-15,718157,14927,62388.57798238564,1838.9850728564122,91.3126826052819,87.68014287628853,US - Texas,US,Texas,delphi
2020-06-15,89333,2275,55664.987669417234,1675.2833169873047,37.688214132048365,26.36117287967891,US - Texas,US,Texas,delphi_constant
2020-06-16,93426,2327,56048.84020229527,1685.0719838240861,40.00723545662313,27.586077188479326,US - Texas,US,Texas,delphi_constant
2020-06-17,97406,2366,56414.3579760754,1694.3580690146136,42.08328236856518,28.387232924149885,US - Texas,US,Texas,delphi_constant
2020-06-18,100317,2403,56762.25254249854,1703.16143292452,43.417115202310136,29.123535874967953,US - Texas,US,Texas,delphi_constant
2020-06-19,104271,2432,57093.26582814514,1711.5026768433675,45.245307105383915,29.625712300848377,US - Texas,US,Texas,delphi_constant
2020-06-20,108115,2464,57408.147265287625,1719.4027661737885,46.900848850494725,30.219043580609235,US - Texas,US,Texas,delphi_constant
2020-06-21,110703,2483,57707.638248311116,1726.882677680585,47.871658177004136,30.451764894056183,US - Texas,US,Texas,delphi_constant
2020-06-22,114388,2506,57992.461160860934,1733.9632510807971,49.30197122000478,30.8075318802555,US - Texas,US,Texas,delphi_constant
2020-06-23,120651,2539,58263.31543116888,1740.6647735815436,51.70921465120979,31.442899819553226,US - Texas,US,Texas,delphi_constant
2020-06-24,126509,2587,58520.87340988177,1747.0069622091273,53.741731094323896,32.469773397405206,US - Texas,US,Texas,delphi_constant
2020-06-25,131037,2640,58765.77958327025,1753.0087648793078,55.15329289950911,33.59815284548077,US - Texas,US,Texas,delphi_constant
2020-06-26,140067,2687,58998.649943744946,1758.6883068417255,57.878265441720785,34.54825802598714,US - Texas,US,Texas,delphi_constant
2020-06-27,145196,2740,59220.072330008734,1764.062920429219,59.21370262954301,35.61814159017448,US - Texas,US,Texas,delphi_constant
2020-06-28,150391,2775,59430.607062098316,1769.1490133239374,60.48260397091694,36.246882402740994,US - Texas,US,Texas,delphi_constant
2020-06-29,158766,2817,59630.78782335103,1773.9622518710567,62.44108447441453,37.02654412953296,US - Texas,US,Texas,delphi_constant
2020-06-30,166154,2860,59821.12263278891,1778.5173805370507,63.99657990009936,37.81407760359963,US - Texas,US,Texas,delphi_constant
2020-07-01,173206,2931,60002.09495155262,1782.8284598414239,65.35795818184553,39.17337223331887,US - Texas,US,Texas,delphi_constant
2020-07-02,178760,3009,60174.164698546025,1786.9087021035793,66.33801482515885,40.61453299755469,US - Texas,US,Texas,delphi_constant
2020-07-03,185503,3084,60337.7693786826,1790.7706749923757,67.47342664071061,41.9335059989502,US - Texas,US,Texas,delphi_constant
2020-07-04,189589,3152,60493.32508626137,1794.426206419065,68.09238664360201,43.070234567923066,US - Texas,US,Texas,delphi_constant
2020-07-05,196993,3219,60641.22753834207,1797.8865071953235,69.21655716784755,44.14766986035031,US - Texas,US,Texas,delphi_constant
2020-07-06,204711,3283,60781.85305969765,1801.16216130183,70.3084577478994,45.13669932068748,US - Texas,US,Texas,delphi_constant
2020-07-07,212764,3410,60915.5594861829,1804.26316254031,71.36942364019153,47.0890568169997,US - Texas,US,Texas,delphi_constant
2020-07-08,223470,3530,61042.68711749585,1807.1989788344151,72.68416918714107,48.80456150610722,US - Texas,US,Texas,delphi_constant
2020-07-09,233662,3688,61163.559499444935,1809.978520208919,73.82391681170026,50.92249131754558,US - Texas,US,Texas,delphi_constant
2020-07-10,243726,3773,61278.48432651041,1812.6102534586173,74.8576334381599,51.958381832530684,US - Texas,US,Texas,delphi_constant
2020-07-11,251357,3875,61387.754125658306,1815.1021267728859,75.57746387581872,53.15865479295779,US - Texas,US,Texas,delphi_constant
2020-07-12,257730,3986,61491.6470944374,1817.4617091035564,76.14105959941125,54.40387082028209,US - Texas,US,Texas,delphi_constant
2020-07-13,268321,4085,61590.427708150404,1819.6960958841441,77.04599054559635,55.45419593918864,US - Texas,US,Texas,delphi_constant
2020-07-14,277363,4210,61684.34748607132,1821.8120513841627,77.76042677427367,56.726554598951004,US - Texas,US,Texas,delphi_constant
2020-07-15,287113,4373,61773.64553829093,1823.8159145103868,78.48455293271606,58.293713365872705,US - Texas,US,Texas,delphi_constant
2020-07-16,295390,4558,61858.54925837133,1825.7137293514056,79.05868537920333,59.94485016780593,US - Texas,US,Texas,delphi_constant
2020-07-17,301525,4722,61939.274821886575,1827.511162360466,79.45799690842001,61.29794234730059,US - Texas,US,Texas,delphi_constant
2020-07-18,311898,4869,62016.02780687402,1829.2136143451278,80.11656765773618,62.43143121082095,US - Texas,US,Texas,delphi_constant
2020-07-19,317660,4982,62089.003652551255,1830.8261526243684,80.45425812108819,63.25118119983202,US - Texas,US,Texas,delphi_constant
2020-07-20,327368,5120,62158.38821203598,1832.353604209847,81.01268657534152,64.21184366777644,US - Texas,US,Texas,delphi_constant
2020-07-21,337248,5261,62224.358175416506,1833.8005017727112,81.54937666778855,65.14349930103191,US - Texas,US,Texas,delphi_constant
2020-07-22,346464,5509,62287.08156223537,1835.1711608648336,82.02206244740135,66.68776255464088,US - Texas,US,Texas,delphi_constant
2020-07-23,355679,5710,62346.7181102207,1836.4696365454552,82.47107135641389,67.83765960515841,US - Texas,US,Texas,delphi_constant
2020-07-24,364304,5884,62403.41971594379,1837.699788587749,82.87050932299843,68.76784859640127,US - Texas,US,Texas,delphi_constant
2020-07-25,369784,6037,62457.330789451196,1838.865245087307,83.10978009068776,69.54008207574446,US - Texas,US,Texas,delphi_constant
2020-07-26,374209,6173,62508.58865123232,1839.969459641938,83.29580831801685,70.19326972878767,US - Texas,US,Texas,delphi_constant
2020-07-27,384782,6868,62557.32385276396,1841.015678487847,83.74213870379488,73.19429705172034,US - Texas,US,Texas,delphi_constant
2020-07-28,394832,7150,62603.66053716176,1842.0069931606433,84.14422829528463,74.23766443131967,US - Texas,US,Texas,delphi_constant
2020-07-29,401862,7442,62647.71672578919,1842.9463082941274,84.41063929264544,75.23587330967311,US - Texas,US,Texas,delphi_constant
2020-07-30,410640,7590,62689.60464901302,1843.8363925380388,84.73368287331652,75.70703040134336,US - Texas,US,Texas,delphi_constant
2020-07-31,419238,7701,62729.43099938149,1844.6798449339565,85.03727453155929,76.04622977621145,US - Texas,US,Texas,delphi_constant
2020-08-01,423963,7977,62767.29723779705,1845.4791459790029,85.19510022388815,76.86499754319915,US - Texas,US,Texas,delphi_constant
2020-08-02,428563,7996,62803.29981438718,1846.236621424464,85.34560850694362,76.91049748093467,US - Texas,US,Texas,delphi_constant
2020-08-03,433421,8151,62837.530454006526,1846.9544943269163,85.50196449779625,77.34076193930909,US - Texas,US,Texas,delphi_constant
2020-08-04,451098,8362,62870.07634702141,1847.6348462399671,86.06287849934573,77.90439074097145,US - Texas,US,Texas,delphi_constant
2020-08-05,460425,8725,62901.02041606512,1848.279669816893,86.33848717683334,78.81627885596684,US - Texas,US,Texas,delphi_constant
2020-08-06,470149,8976,62930.441480747846,1848.8908287834233,86.61478776286926,79.40184014278717,US - Texas,US,Texas,delphi_constant
2020-08-07,478227,9256,62958.414505314686,1849.470108984791,86.83503555731595,80.01868940163362,US - Texas,US,Texas,delphi_constant
2020-08-08,493381,9465,62985.01074272695,1850.0191803717717,87.23400156416096,80.45410269020844,US - Texas,US,Texas,delphi_constant
2020-08-09,505411,9582,63010.29796157824,1850.5396425940594,87.53285979894022,80.68733414115988,US - Texas,US,Texas,delphi_constant
2020-08-10,518105,9677,63034.34057538201,1851.0329935969542,87.83367453018558,80.8718301788059,US - Texas,US,Texas,delphi_constant
2020-08-11,530026,9660,63057.19984627296,1851.5006651172762,88.10299874982115,80.83332644806133,US - Texas,US,Texas,delphi_constant
2020-08-12,539104,9958,63078.93400622471,1851.944002482785,88.299301432335,81.40245026629057,US - Texas,US,Texas,delphi_constant
2020-08-13,545902,10188,63099.59843365442,1852.3642860220803,88.44122233777227,81.81817544147938,US - Texas,US,Texas,delphi_constant
2020-08-14,561507,10490,63119.245773980896,1852.7627254315212,88.75895656261082,82.33781958597216,US - Texas,US,Texas,delphi_constant
2020-08-15,570718,10687,63137.92608498798,1853.140464857521,88.93710622672003,82.65986277853915,US - Texas,US,Texas,delphi_constant
2020-08-16,573607,10817,63155.686963020584,1853.4985928843826,88.9897286882795,82.86494783318497,US - Texas,US,Texas,delphi_constant
2020-08-17,581412,10876,63172.57365520919,1853.838131912682,89.13462851554334,82.95477995666897,US - Texas,US,Texas,delphi_constant
2020-08-18,590434,11098,63188.62919322431,1854.160061365147,89.29793521490559,83.29284500481937,US - Texas,US,Texas,delphi_constant
2020-08-19,598280,11335,63203.89447661311,1854.4652960278045,89.43573335618554,83.63947687668457,US - Texas,US,Texas,delphi_constant
2020-08-20,603035,11582,63218.40840791498,1854.7547153895187,89.51662699380384,83.98588572449042,US - Texas,US,Texas,delphi_constant
2020-08-21,608659,11814,63232.20795966342,1855.029140539997,89.6112259968778,84.29804350313191,US - Texas,US,Texas,delphi_constant
2020-08-22,612652,11973,63245.328298411114,1855.2893585581212,89.67679395506568,84.50439022335154,US - Texas,US,Texas,delphi_constant
2020-08-23,615723,12092,63257.802849864536,1855.5361092531944,89.7262563117076,84.65484527577576,US - Texas,US,Texas,delphi_constant
2020-08-24,619102,12143,63269.66340007398,1855.7700950051492,89.78041366364928,84.7173672485782,US - Texas,US,Texas,delphi_constant
2020-08-25,626307,12321,63280.940170987276,1855.9919838319213,89.89617868377852,84.93635270000875,US - Texas,US,Texas,delphi_constant
2020-08-26,631210,12506,63291.66189138231,1856.2024022471203,89.97296273959819,85.15750517953687,US - Texas,US,Texas,delphi_constant
2020-08-27,639318,12727,63301.85588622325,1856.401952714038,90.09853376782395,85.41367209307742,US - Texas,US,Texas,delphi_constant
2020-08-28,644951,12886,63311.54812317199,1856.5911961850934,90.18351035610891,85.59218379493176,US - Texas,US,Texas,delphi_constant
2020-08-29,648965,13016,63320.76330412819,1856.7706727599361,90.24280765463034,85.73470595605458,US - Texas,US,Texas,delphi_constant
2020-08-30,650429,13092,63329.52490565448,1856.9408884319591,90.26342230963648,85.81621686196182,US - Texas,US,Texas,delphi_constant
2020-08-31,655014,13137,63337.85525385987,1857.1023244323399,90.33030511502656,85.86357368933287,US - Texas,US,Texas,delphi_constant
2020-09-01,658712,13266,63345.7755768859,1857.2554391810665,90.38338825209107,85.999883618415,US - Texas,US,Texas,delphi_constant
2020-09-02,662445,13461,63353.30605171112,1857.4006612089265,90.4364428666967,86.20161458131695,US - Texas,US,Texas,delphi_constant
2020-09-03,666892,13648,63360.46587204184,1857.538404250198,90.49914140939734,86.38966585396983,US - Texas,US,Texas,delphi_constant
2020-09-04,670462,13772,63367.27327645109,1857.6690530554645,90.54871517305216,86.51126159558913,US - Texas,US,Texas,delphi_constant
2020-09-05,674346,13914,63373.74561396092,1857.792976958661,90.60219151385773,86.64803092598346,US - Texas,US,Texas,delphi_constant
2020-09-06,675995,13994,63379.89937652227,1857.9105252131253,90.62420589256988,86.72352061445531,US - Texas,US,Texas,delphi_constant
2020-09-07,677828,14041,63385.75024177804,1858.0220256643656,90.64869697891234,86.76716739787503,US - Texas,US,Texas,delphi_constant
2020-09-08,682184,14139,63391.31312296941,1858.127794962763,90.70759309468276,86.85813851783887,US - Texas,US,Texas,delphi_constant
2020-09-09,685795,14267,63396.60219011596,1858.22812671313,90.7557503058325,86.97534080946849,US - Texas,US,Texas,delphi_constant
2020-09-10,690801,14283,63401.63092334241,1858.3233036148035,90.82201228380642,86.98926483501504,US - Texas,US,Texas,delphi_constant
2020-09-11,693754,14560,63406.41213659961,1858.4135929755648,90.86038968617123,87.23617037791507,US - Texas,US,Texas,delphi_constant
2020-09-12,700280,14666,63410.958010111935,1858.4992450923833,90.94491374734221,87.32783823065333,US - Texas,US,Texas,delphi_constant
2020-09-13,710126,14743,63415.28013168335,1858.5805025775455,91.06985519025027,87.39347146050636,US - Texas,US,Texas,delphi_constant
2020-09-14,714438,14790,63419.3895109113,1858.6575902415318,91.12317800692135,87.43301156023306,US - Texas,US,Texas,delphi_constant
2020-09-15,718157,14927,63423.29662023933,1858.7307235296057,91.16860287928137,87.54786143545518,US - Texas,US,Texas,delphi_constant
2020-06-15,89333,2275,55664.988230892166,1675.2832981693914,37.688213503529305,26.361173706839942,US - Texas,US,Texas,themis
2020-06-16,93426,2327,56051.4021633419,1685.0787920894666,40.0044932210071,27.5857846115399,US - Texas,US,Texas,themis
2020-06-17,97406,2366,56432.55646799102,1694.4475162410831,42.0645992361959,28.383452398939852,US - Texas,US,Texas,themis
2020-06-18,100317,2403,56817.27904442914,1703.5379008610323,43.36226258318218,29.107869294172605,US - Texas,US,Texas,themis
2020-06-19,104271,2432,57211.06538709523,1712.501302024448,45.132332683972315,29.58465041017895,US - Texas,US,Texas,themis
2020-06-20,108115,2464,57617.458322489176,1721.4675917193942,46.70724846460789,30.135243842557053,US - Texas,US,Texas,themis
2020-06-21,110703,2483,58038.86127175657,1730.5400802193176,47.57245849547296,30.30446716796949,US - Texas,US,Texas,themis
2020-06-22,114388,2506,58477.018933873216,1739.7981084241746,48.87836229860368,30.574696391692953,US - Texas,US,Texas,themis
2020-06-23,120651,2539,58933.30062650092,1749.30194028003,51.15390620342897,31.102719957462384,US - Texas,US,Texas,themis
2020-06-24,126509,2587,59408.87061609011,1759.0977357858053,53.03980695753654,32.00240681152666,US - Texas,US,Texas,themis
2020-06-25,131037,2640,59904.7860793673,1769.2217079884483,54.28406779812778,32.984026212558774,US - Texas,US,Texas,themis
2020-06-26,140067,2687,60422.05505556225,1779.7032419535547,56.86203384411586,33.766161445718105,US - Texas,US,Texas,themis
2020-06-27,145196,2740,60961.67743561665,1790.5673947768953,58.01421703379113,34.650825008142505,US - Texas,US,Texas,themis
2020-06-28,150391,2775,61524.65916744927,1801.8363745962465,59.0901987702394,35.068959474009134,US - Texas,US,Texas,themis
2020-06-29,158766,2817,62112.03389557062,1813.5308243911247,60.878252336412956,35.621908967301216,US - Texas,US,Texas,themis
2020-06-30,166154,2860,62724.86386834972,1825.6706263683384,62.248959478345554,36.16536271439376,US - Texas,US,Texas,themis
2020-07-01,173206,2931,63364.25256470849,1838.2752320708914,63.41682588091145,37.28163657212926,US - Texas,US,Texas,themis
2020-07-02,178760,3009,64031.34400185891,1851.364359333577,64.18027299068085,38.47243737675051,US - Texas,US,Texas,themis
2020-07-03,185503,3084,64727.32852910793,1864.9579423343193,65.10712574507801,39.527952583193276,US - Texas,US,Texas,themis
2020-07-04,189589,3152,65453.44498161173,1879.076394983253,65.47613786579826,40.38463213885618,US - Texas,US,Texas,themis
2020-07-05,196993,3219,66210.98280305431,1893.7408907398078,66.3891697659032,41.169900877918366,US - Texas,US,Texas,themis
2020-07-06,204711,3283,67001.2849872855,1908.9731287154277,67.27030546121824,41.852783164318375,US - Texas,US,Texas,themis
2020-07-07,212764,3410,67825.74975495247,1924.795804223647,68.12160433393221,43.554375242708296,US - Texas,US,Texas,themis
2020-07-08,223470,3530,68685.8334371771,1941.2322032528652,69.26395783005454,45.007586310117134,US - Texas,US,Texas,themis
2020-07-09,233662,3688,69583.05213510353,1958.3067663458078,70.22063830015,46.900575749842524,US - Texas,US,Texas,themis
2020-07-10,243726,3773,70518.98480066539,1976.044563624679,71.06628558271773,47.62670120263241,US - Texas,US,Texas,themis
2020-07-11,251357,3875,71495.27485319134,1994.4719532141135,71.55628255700405,48.5297560460874,US - Texas,US,Texas,themis
2020-07-12,257730,3986,72513.63356512554,2013.6159542110959,71.86449634690354,49.48279091291782,US - Texas,US,Texas,themis
2020-07-13,268321,4085,73575.8416235281,2033.5049975421616,72.57917135687177,50.22019589860069,US - Texas,US,Texas,themis
2020-07-14,277363,4210,74683.75286562133,2054.1682103895996,73.07364253140422,51.20740592898814,US - Texas,US,Texas,themis
2020-07-15,287113,4373,75839.2957838293,2075.636247537475,73.58555837463672,52.53518757060428,US - Texas,US,Texas,themis
2020-07-16,295390,4558,77044.47762198285,2097.9405088086905,73.91770959681003,53.97234513363996,US - Texas,US,Texas,themis
2020-07-17,301525,4722,78301.38583324004,2121.114024964378,74.0315443716972,55.08017736204197,US - Texas,US,Texas,themis
2020-07-18,311898,4869,79612.19252420773,2145.1906417887985,74.47492689141714,55.94186400105158,US - Texas,US,Texas,themis
2020-07-19,317660,4982,80979.15589514146,2170.20592231103,74.50760061224533,56.43906217761882,US - Texas,US,Texas,themis
2020-07-20,327368,5120,82404.62498504654,2196.1963414051943,74.82813684139973,57.105540206929795,US - Texas,US,Texas,themis
2020-07-21,337248,5261,83891.04115714124,2223.2001557123303,75.12482174626945,57.74187120866128,US - Texas,US,Texas,themis
2020-07-22,346464,5509,85440.94305277086,2251.256662280845,75.33915701118417,59.13493079904075,US - Texas,US,Texas,themis
2020-07-23,355679,5710,87056.96822905628,2280.4069780832833,75.52372554211627,60.062925077350556,US - Texas,US,Texas,themis
2020-07-24,364304,5884,88741.85817412079,2310.693424764251,75.64071265368463,60.729207600879484,US - Texas,US,Texas,themis
2020-07-25,369784,6037,90498.46025625897,2342.160151940613,75.52666955404806,61.2032441288618,US - Texas,US,Texas,themis
2020-07-26,374209,6173,92329.73258942824,2374.852716310486,75.32669374883334,61.52838625772743,US - Texas,US,Texas,themis
2020-07-27,384782,6868,94238.74651049459,2408.8184783328384,75.50853560964529,64.92692955252129,US - Texas,US,Texas,themis
2020-07-28,394832,7150,96228.69101720491,2444.1064462151626,75.6279402335158,65.8166930599278,US - Texas,US,Texas,themis
2020-07-29,401862,7442,98302.87604470416,2480.767375824238,75.53815089640122,66.66531341273532,US - Texas,US,Texas,themis
2020-07-30,410640,7590,100464.73613786437,2518.8539464292626,75.53459571939793,66.81351849236809,US - Texas,US,Texas,themis
2020-07-31,419238,7701,102717.83483757809,2558.420501012024,75.49892069956013,66.77807426292658,US - Texas,US,Texas,themis
2020-08-01,423963,7977,105065.86721129433,2599.523608609208,75.21815177001427,67.41226515470467,US - Texas,US,Texas,themis
2020-08-02,428563,7996,107512.66566344556,2642.221399330449,74.91321797181615,66.95571036355116,US - Texas,US,Texas,themis
2020-08-03,433421,8151,110062.20095681747,2686.5745446467445,74.6061679159945,67.03993933693113,US - Texas,US,Texas,themis
2020-08-04,451098,8362,112718.58969987776,2732.6451717768614,75.01239426912161,67.32067481730613,US - Texas,US,Texas,themis
2020-08-05,460425,8725,115486.09358293378,2780.498254575908,74.91750152947087,68.13182516245378,US - Texas,US,Texas,themis
2020-08-06,470149,8976,118369.12862535751,2830.2001396017527,74.82306064133763,68.4692497816204,US - Texas,US,Texas,themis
2020-08-07,478227,9256,121372.26257046967,2881.820281691848,74.62036594118074,68.8653815720414,US - Texas,US,Texas,themis
2020-08-08,493381,9465,124500.22565899201,2935.429484878456,74.76590593091505,68.98648193472313,US - Texas,US,Texas,themis
2020-08-09,505411,9582,127757.90648412837,2991.101835128631,74.721977463069,68.78415951650354,US - Texas,US,Texas,themis
2020-08-10,518105,9677,131150.36365027475,3048.912840160581,74.6865280878828,68.4932020237617,US - Texas,US,Texas,themis
2020-08-11,530026,9660,134682.82076031814,3108.9413435578135,74.58939358440566,67.81634219919448,US - Texas,US,Texas,themis
2020-08-12,539104,9958,138360.67793662052,3171.2677951087567,74.33506745699891,68.15356703044027,US - Texas,US,Texas,themis
2020-08-13,545902,10188,142189.50695625696,3235.9759043126255,73.95329070854166,68.23737824585173,US - Texas,US,Texas,themis
2020-08-14,561507,10490,146175.06124794754,3303.15128199705,73.96736616855222,68.51142724502336,US - Texas,US,Texas,themis
2020-08-15,570718,10687,150323.27250291684,3372.8825923227905,73.6606743605569,68.4393881133827,US - Texas,US,Texas,themis
2020-08-16,573607,10817,154640.2574503593,3445.260795384302,73.04073042163724,68.14957201271793,US - Texas,US,Texas,themis
2020-08-17,581412,10876,159132.31749366573,3520.3795782408138,72.63002526716585,67.63166993158501,US - Texas,US,Texas,themis
2020-08-18,590434,11098,163805.94038613836,3598.3353939701647,72.25668908190612,67.57672198621225,US - Texas,US,Texas,themis
2020-08-19,598280,11335,168667.80448125125,3679.2269998951133,71.80788184775501,67.54100573537615,US - Texas,US,Texas,themis
2020-08-20,603035,11582,173724.77348831584,3763.1564247934507,71.1915936076155,67.50857861514893,US - Texas,US,Texas,themis
2020-08-21,608659,11814,178983.9066570945,3850.2275230930495,70.59373037167043,67.40961974696927,US - Texas,US,Texas,themis
2020-08-22,612652,11973,184452.4452315956,3940.5479015546853,69.89278656862369,67.08804893047117,US - Texas,US,Texas,themis
2020-08-23,615723,12092,190137.82915532857,4034.226519208269,69.11958313148469,66.63722693344137,US - Texas,US,Texas,themis
2020-08-24,619102,12143,196047.67483891523,4131.37645971852,68.33354199487076,65.97730001055324,US - Texas,US,Texas,themis
2020-08-25,626307,12321,202189.79757235918,4232.111778105847,67.71714230044384,65.65123140892909,US - Texas,US,Texas,themis
2020-08-26,631210,12506,208572.18194975698,4336.550808808912,66.95676843685034,65.32423789533894,US - Texas,US,Texas,themis
2020-08-27,639318,12727,215203.0071388797,4444.812666015211,66.33865976886624,65.0757235325276,US - Texas,US,Texas,themis
2020-08-28,644951,12886,222090.61337293428,4557.020587220412,65.56473075118353,64.63587934797134,US - Texas,US,Texas,themis
2020-08-29,648965,13016,229243.52534937454,4673.298629264896,64.67551788626899,64.09573886551247,US - Texas,US,Texas,themis
2020-08-30,650429,13092,236670.4196018659,4793.774490367853,63.613181515297455,63.38394064796934,US - Texas,US,Texas,themis
2020-08-31,655014,13137,244380.14027547347,4918.576936748136,62.690852367205366,62.5593595436695,US - Texas,US,Texas,themis
2020-09-01,658712,13266,252381.6728888952,5047.837589480034,61.68558142421951,61.94906083612216,US - Texas,US,Texas,themis
2020-09-02,662445,13461,260684.14630331512,5181.689547102377,60.648182671268536,61.505909315040654,US - Texas,US,Texas,themis
2020-09-03,666892,13648,269296.8184645665,5320.267717171974,59.619125965738604,61.0179680746485,US - Texas,US,Texas,themis
2020-09-04,670462,13772,278229.05868914974,5463.708981480872,58.501889937214976,60.3274108228226,US - Texas,US,Texas,themis
2020-09-05,674346,13914,287490.35019929433,5612.150797904043,57.36753088187751,59.665439141123734,US - Texas,US,Texas,themis
2020-09-06,675995,13994,297090.24817833607,5765.733080211523,56.05141337164682,58.79853451328053,US - Texas,US,Texas,themis
2020-09-07,677828,14041,307038.401971827,5924.595001543059,54.702608630533554,57.80503524290963,US - Texas,US,Texas,themis
2020-09-08,682184,14139,317344.48704564036,6088.878522433797,53.48110084000206,56.93557873658818,US - Texas,US,Texas,themis
2020-09-09,685795,14267,328018.2462789369,6258.723601086139,52.16963578344303,56.13146701418561,US - Texas,US,Texas,themis
2020-09-10,690801,14283,339069.3983717149,6434.2729925304475,50.91648703871087,54.95152984295702,US - Texas,US,Texas,themis
2020-09-11,693754,14560,350507.69226278586,6615.666423309382,49.47665998858589,54.56273060913887,US - Texas,US,Texas,themis
2020-09-12,700280,14666,362342.80083918764,6803.045912663744,48.25743976135436,53.613487572182294,US - Texas,US,Texas,themis
2020-09-13,710126,14743,374584.3764249097,6996.549794728318,47.250998213710005,52.543242252402365,US - Texas,US,Texas,themis
2020-09-14,714438,14790,387241.9437020476,7196.317603765205,45.79768381552387,51.3433562963813,US - Texas,US,Texas,themis
2020-09-15,718157,14927,400324.93703781784,7402.485128073433,44.256626749050994,50.40875508760345,US - Texas,US,Texas,themis
2020-06-15,89333,2275,109527.49633043777,0.0,22.605863824608793,100.0,US - Texas,US,Texas,sir
2020-06-16,93426,2327,113580.88645461865,0.0,21.573102192771447,100.0,US - Texas,US,Texas,sir
2020-06-17,97406,2366,117777.20708751086,0.0,20.913708690954213,100.0,US - Texas,US,Texas,sir
2020-06-18,100317,2403,122121.38770869687,0.0,21.735486217387752,100.0,US - Texas,US,Texas,sir
2020-06-19,104271,2432,126618.54123782627,0.0,21.43217312371251,100.0,US - Texas,US,Texas,sir
2020-06-20,108115,2464,131273.96403461578,0.0,21.42067616391415,100.0,US - Texas,US,Texas,sir
2020-06-21,110703,2483,136093.13589884926,0.0,22.93536390057113,100.0,US - Texas,US,Texas,sir
2020-06-22,114388,2506,141081.72007037772,0.0,23.3361192348653,100.0,US - Texas,US,Texas,sir
2020-06-23,120651,2539,146245.5632291193,0.0,21.21371826932167,100.0,US - Texas,US,Texas,sir
2020-06-24,126509,2587,151590.69549505925,0.0,19.826016722177275,100.0,US - Texas,US,Texas,sir
2020-06-25,131037,2640,157123.33042825005,0.0,19.90760657543293,100.0,US - Texas,US,Texas,sir
2020-06-26,140067,2687,162849.8650288112,0.0,16.26569072573212,100.0,US - Texas,US,Texas,sir
2020-06-27,145196,2740,168776.92861955895,0.0,16.240756370395157,100.0,US - Texas,US,Texas,sir
2020-06-28,150391,2775,174911.43533909234,0.0,16.304456609166994,100.0,US - Texas,US,Texas,sir
2020-06-29,158766,2817,181260.38528018072,0.0,14.168263532608192,100.0,US - Texas,US,Texas,sir
2020-06-30,166154,2860,187831.02701395386,0.0,13.046346771040037,100.0,US - Texas,US,Texas,sir
2020-07-01,173206,2931,194630.86922869855,0.0,12.369588368011817,100.0,US - Texas,US,Texas,sir
2020-07-02,178760,3009,201667.68072985875,0.0,12.814768812854528,100.0,US - Texas,US,Texas,sir
2020-07-03,185503,3084,208949.4904400356,0.0,12.639413076896647,100.0,US - Texas,US,Texas,sir
2020-07-04,189589,3152,216484.58739898726,0.0,14.18625943434865,100.0,US - Texas,US,Texas,sir
2020-07-05,196993,3219,224281.5207636292,0.0,13.852533218758639,100.0,US - Texas,US,Texas,sir
2020-07-06,204711,3283,232349.09980803382,0.0,13.501033070051838,100.0,US - Texas,US,Texas,sir
2020-07-07,212764,3410,240696.39392343082,0.0,13.128345924794992,100.0,US - Texas,US,Texas,sir
2020-07-08,223470,3530,249332.73261820694,0.0,11.57324590245086,100.0,US - Texas,US,Texas,sir
2020-07-09,233662,3688,258267.70659575326,0.0,10.530469907709966,100.0,US - Texas,US,Texas,sir
2020-07-10,243726,3773,267511.3139502529,0.0,9.759038407988024,100.0,US - Texas,US,Texas,sir
2020-07-11,251357,3875,277073.7853610342,0.0,10.231179303156154,100.0,US - Texas,US,Texas,sir
2020-07-12,257730,3986,286965.582680202,0.0,11.343492290459773,100.0,US - Texas,US,Texas,sir
2020-07-13,268321,4085,297197.5169631284,0.0,10.76192954078451,100.0,US - Texas,US,Texas,sir
2020-07-14,277363,4210,307780.7484684532,0.0,10.966765022174256,100.0,US - Texas,US,Texas,sir
2020-07-15,287113,4373,318726.78665808315,0.0,11.010921364787784,100.0,US - Texas,US,Texas,sir
2020-07-16,295390,4558,330047.4901971929,0.0,11.732790614845756,100.0,US - Texas,US,Texas,sir
2020-07-17,301525,4722,341755.06695422414,0.0,13.34219947076499,100.0,US - Texas,US,Texas,sir
2020-07-18,311898,4869,353862.0740008861,0.0,13.454422279362522,100.0,US - Texas,US,Texas,sir
2020-07-19,317660,4982,366381.41761215543,0.0,15.33759919793346,100.0,US - Texas,US,Texas,sir
2020-07-20,327368,5120,379326.3532662761,0.0,15.87154311547742,100.0,US - Texas,US,Texas,sir
2020-07-21,337248,5261,392710.4856447596,0.0,16.44560846758457,100.0,US - Texas,US,Texas,sir
2020-07-22,346464,5509,406547.77987168316,0.0,17.341997977187575,100.0,US - Texas,US,Texas,sir
2020-07-23,355679,5710,420852.70471762074,0.0,18.323742677420015,100.0,US - Texas,US,Texas,sir
2020-07-24,364304,5884,435640.00837339816,0.0,19.581450759090803,100.0,US - Texas,US,Texas,sir
2020-07-25,369784,6037,450924.8053797119,0.0,21.94275722576204,100.0,US - Texas,US,Texas,sir
2020-07-26,374209,6173,466722.631914097,0.0,24.72244973105858,100.0,US - Texas,US,Texas,sir
2020-07-27,384782,6868,483049.44579092716,0.0,25.53847263929372,100.0,US - Texas,US,Texas,sir
2020-07-28,394832,7150,499921.6264614145,0.0,26.616289070139832,100.0,US - Texas,US,Texas,sir
2020-07-29,401862,7442,517355.97501360986,0.0,28.73971040148356,100.0,US - Texas,US,Texas,sir
2020-07-30,410640,7590,535369.7141724029,0.0,30.37446770222162,100.0,US - Texas,US,Texas,sir
2020-07-31,419238,7701,553980.4882995213,0.0,32.13985571430101,100.0,US - Texas,US,Texas,sir
2020-08-01,423963,7977,573206.363393532,0.0,35.2019783314893,100.0,US - Texas,US,Texas,sir
2020-08-02,428563,7996,593065.8270898401,0.0,38.384747887671146,100.0,US - Texas,US,Texas,sir
2020-08-03,433421,8151,613577.7886606895,0.0,41.56623436812925,100.0,US - Texas,US,Texas,sir
2020-08-04,451098,8362,634761.5772740867,0.0,40.7147842096588,100.0,US - Texas,US,Texas,sir
2020-08-05,460425,8725,656636.9305927781,0.0,42.6153946012441,100.0,US - Texas,US,Texas,sir
2020-08-06,470149,8976,679224.0753545522,0.0,44.4699606623756,100.0,US - Texas,US,Texas,sir
2020-08-07,478227,9256,702543.6586901612,0.0,46.90589588002375,100.0,US - Texas,US,Texas,sir
2020-08-08,493381,9465,726616.7236187272,0.0,47.272943955832744,100.0,US - Texas,US,Texas,sir
2020-08-09,505411,9582,751464.7090477417,0.0,48.683884808154495,100.0,US - Texas,US,Texas,sir
2020-08-10,518105,9677,777109.4497730663,0.0,49.99072577432496,100.0,US - Texas,US,Texas,sir
2020-08-11,530026,9660,803573.1764789321,0.0,51.61014298901038,100.0,US - Texas,US,Texas,sir
2020-08-12,539104,9958,830878.5157379399,0.0,54.12212035858385,100.0,US - Texas,US,Texas,sir
2020-08-13,545902,10188,859048.4900110599,0.0,57.36313294530152,100.0,US - Texas,US,Texas,sir
2020-08-14,561507,10490,888106.5176476329,0.0,58.1648167605449,100.0,US - Texas,US,Texas,sir
2020-08-15,570718,10687,918076.4128853683,0.0,60.863405900176325,100.0,US - Texas,US,Texas,sir
2020-08-16,573607,10817,948982.3858503457,0.0,65.44121425476777,100.0,US - Texas,US,Texas,sir
2020-08-17,581412,10876,980849.0425570149,0.0,68.70120371733209,100.0,US - Texas,US,Texas,sir
2020-08-18,590434,11098,1013701.1395071065,0.0,71.68746032699785,100.0,US - Texas,US,Texas,sir
2020-08-19,598280,11335,1047563.5140833606,0.0,75.09586048060449,100.0,US - Texas,US,Texas,sir
2020-08-20,603035,11582,1082461.9386699882,0.0,79.50234043960768,100.0,US - Texas,US,Texas,sir
2020-08-21,608659,11814,1118422.3192066285,0.0,83.751874071792,100.0,US - Texas,US,Texas,sir
2020-08-22,612652,11973,1155470.6538321075,0.0,88.6014660577469,100.0,US - Texas,US,Texas,sir
2020-08-23,615723,12092,1193633.032884439,0.0,93.85876975270357,100.0,US - Texas,US,Texas,sir
2020-08-24,619102,12143,1232935.6389008234,0.0,99.14903180749269,100.0,US - Texas,US,Texas,sir
2020-08-25,626307,12321,1273404.7466176497,0.0,103.31957755823417,100.0,US - Texas,US,Texas,sir
2020-08-26,631210,12506,1315066.7229704931,0.0,108.34060343950398,100.0,US - Texas,US,Texas,sir
2020-08-27,639318,12727,1357948.0270941162,0.0,112.4057240831818,100.0,US - Texas,US,Texas,sir
2020-08-28,644951,12886,1402075.2103224697,0.0,117.39251669079817,100.0,US - Texas,US,Texas,sir
2020-08-29,648965,13016,1447474.9161886908,0.0,123.0436026886952,100.0,US - Texas,US,Texas,sir
2020-08-30,650429,13092,1494173.8804251049,0.0,129.72128863028937,100.0,US - Texas,US,Texas,sir
2020-08-31,655014,13137,1542198.9309632238,0.0,135.44518605147735,100.0,US - Texas,US,Texas,sir
2020-09-01,658712,13266,1591576.820806075,0.0,141.61952732090427,100.0,US - Texas,US,Texas,sir
2020-09-02,662445,13461,1642332.684155165,0.0,147.9198551057318,100.0,US - Texas,US,Texas,sir
2020-09-03,666892,13648,1694492.8826932898,0.0,154.0880506428762,100.0,US - Texas,US,Texas,sir
2020-09-04,670462,13772,1748083.6646392806,0.0,160.72822391713186,100.0,US - Texas,US,Texas,sir
2020-09-05,674346,13914,1803130.5698445514,0.0,167.3895255320787,100.0,US - Texas,US,Texas,sir
2020-09-06,675995,13994,1859658.4297930975,0.0,175.09943561610626,100.0,US - Texas,US,Texas,sir
2020-09-07,677828,14041,1917691.3676014976,0.0,182.91710693590372,100.0,US - Texas,US,Texas,sir
2020-09-08,682184,14139,1977252.7980189128,0.0,189.84156738048867,100.0,US - Texas,US,Texas,sir
2020-09-09,685795,14267,2038365.427427086,0.0,197.22663878084353,100.0,US - Texas,US,Texas,sir
2020-09-10,690801,14283,2101051.2538403426,0.0,204.1471065965948,100.0,US - Texas,US,Texas,sir
2020-09-11,693754,14560,2165331.5669055916,0.0,212.11806590024588,100.0,US - Texas,US,Texas,sir
2020-09-12,700280,14666,2231226.947902322,0.0,218.61925913953303,100.0,US - Texas,US,Texas,sir
2020-09-13,710126,14743,2298757.2697426076,0.0,223.71118220465206,100.0,US - Texas,US,Texas,sir
2020-09-14,714438,14790,2367941.696971103,0.0,231.4411743175899,100.0,US - Texas,US,Texas,sir
2020-09-15,718157,14927,2438798.6857650466,0.0,239.59129908432928,100.0,US - Texas,US,Texas,sir
2020-06-15,89333,2275,114587.01301993264,3675.0712476409153,28.269523042921023,61.54159330289738,US - Texas,US,Texas,seir
2020-06-16,93426,2327,118952.7775484382,3815.2363290834396,27.32299097514418,63.95514950938718,US - Texas,US,Texas,seir
2020-06-17,97406,2366,123477.7843060178,3960.5299689805775,26.766096858528016,67.39348981321122,US - Texas,US,Texas,seir
2020-06-18,100317,2403,128167.80249032173,4111.135531549001,27.762794431972377,71.08345949017898,US - Texas,US,Texas,seir
2020-06-19,104271,2432,133028.78741180518,4267.244100085338,27.57985193563425,75.46233964166686,US - Texas,US,Texas,seir
2020-06-20,108115,2464,138066.88049372815,4429.054476966168,27.70372334433534,79.75058753921137,US - Texas,US,Texas,seir
2020-06-21,110703,2483,143288.4092721555,4596.7731836480325,29.434983037637185,85.12981005429047,US - Texas,US,Texas,seir
2020-06-22,114388,2506,148699.88739595696,4770.614460667423,29.996055002235337,90.36769595640158,US - Texas,US,Texas,seir
2020-06-23,120651,2539,154308.01462680713,4950.80026764079,27.896175437258808,94.99016414497005,US - Texas,US,Texas,seir
2020-06-24,126509,2587,160119.71249704904,5137.56031041421,26.567842996979696,98.59143063062274,US - Texas,US,Texas,seir
2020-06-25,131037,2640,166142.3277780969,5331.129525725103,26.790393383622103,101.9367244592842,US - Texas,US,Texas,seir
2020-06-26,140067,2687,172383.45942036295,5531.74865944173,23.07214363152131,105.87080980430702,US - Texas,US,Texas,seir
2020-06-27,145196,2740,178850.9308071345,5739.668482662735,23.178965541154362,109.47695192199764,US - Texas,US,Texas,seir
2020-06-28,150391,2775,185552.79716720496,5955.149986209137,23.380253583794882,114.59999950303197,US - Texas,US,Texas,seir
2020-06-29,158766,2817,192497.34557487385,6178.464380624327,21.245950376575497,119.32780903884724,US - Texas,US,Texas,seir
2020-06-30,166154,2860,199693.09494994686,6409.893096174069,20.18554771473865,124.12213622986255,US - Texas,US,Texas,seir
2020-07-01,173206,2931,207148.7960577357,6649.727782846499,19.59677843592929,126.87573465870008,US - Texas,US,Texas,seir
2020-07-02,178760,3009,214873.45930034833,6898.270255368943,20.202203681107818,129.25457811129755,US - Texas,US,Texas,seir
2020-07-03,185503,3084,222876.64097077135,7155.828949186879,20.14718951756648,132.03077007739557,US - Texas,US,Texas,seir
2020-07-04,189589,3152,231168.2718199506,7422.719071423331,21.931268069323963,135.49235632688232,US - Texas,US,Texas,seir
2020-07-05,196993,3219,239758.54934765428,7699.26865451886,21.709172075989642,139.18200231496925,US - Texas,US,Texas,seir
2020-07-06,204711,3283,248657.9502754336,7985.818957264673,21.467801083201977,143.24760759258828,US - Texas,US,Texas,seir
2020-07-07,212764,3410,257877.23054662277,8282.724464802619,21.203413428316242,142.89514559538472,US - Texas,US,Texas,seir
2020-07-08,223470,3530,267427.42532633885,8590.352888625192,19.670392144958544,143.35277304887228,US - Texas,US,Texas,seir
2020-07-09,233662,3688,277319.849001482,8909.085166575529,18.68418870055123,141.56955440823018,US - Texas,US,Texas,seir
2020-07-10,243726,3773,287566.17980380944,9239.314830338302,17.98748586683794,144.8797993728678,US - Texas,US,Texas,seir
2020-07-11,251357,3875,298178.84419644554,9581.441367341942,18.62762691965831,147.26300302817916,US - Texas,US,Texas,seir
2020-07-12,257730,3986,309170.6726748734,9935.87504150539,19.95913268725929,149.26931865291994,US - Texas,US,Texas,seir
2020-07-13,268321,4085,320554.8105426966,10303.042782633682,19.466911103751336,152.21646958711582,US - Texas,US,Texas,seir
2020-07-14,277363,4210,332344.723359259,10683.38828267795,19.82302014301079,153.76219198759978,US - Texas,US,Texas,seir
2020-07-15,287113,4373,344554.19693964475,11077.371995735413,20.006477219646882,153.31287435937372,US - Texas,US,Texas,seir
2020-07-16,295390,4558,357197.3373546781,11485.471138049372,20.92397757360712,151.98488674965714,US - Texas,US,Texas,seir
2020-07-17,301525,4722,370288.57857386564,11908.17964698987,22.805266088671136,152.1850835872484,US - Texas,US,Texas,seir
2020-07-18,311898,4869,383843.09223574976,12346.002398182101,23.066865525187648,153.5634092869604,US - Texas,US,Texas,seir
2020-07-19,317660,4982,397876.86275227857,12799.450885911723,25.25242798976219,156.913907786265,US - Texas,US,Texas,seir
2020-07-20,327368,5120,412406.2226276604,13269.05574604221,25.97633935743884,159.16124503988692,US - Texas,US,Texas,seir
2020-07-21,337248,5261,427447.84870031616,13755.368381000711,26.745851332051235,161.45919750999263,US - Texas,US,Texas,seir
2020-07-22,346464,5509,443018.7621428801,14258.960959778062,27.86862766200244,158.83029514935672,US - Texas,US,Texas,seir
2020-07-23,355679,5710,459136.3284621993,14780.42641792877,29.087274891742076,158.85160101451433,US - Texas,US,Texas,seir
2020-07-24,364304,5884,475818.2577034812,15320.378456306878,30.610220503612695,160.3735291690496,US - Texas,US,Texas,seir
2020-07-25,369784,6037,493082.98056933813,15879.445751081397,33.3435142054113,163.03537768894148,US - Texas,US,Texas,seir
2020-07-26,374209,6173,510950.1036138867,16458.261250016374,36.541372231530154,166.61690021085977,US - Texas,US,Texas,seir
2020-07-27,384782,6868,529439.6428707023,17057.479227433592,37.594701121856616,148.36166609542215,US - Texas,US,Texas,seir
2020-07-28,394832,7150,548571.9510903243,17677.779025663975,38.93806760605126,147.24166469460104,US - Texas,US,Texas,seir
2020-07-29,401862,7442,568367.7177402554,18319.865055047616,41.43355623080943,146.16857101649578,US - Texas,US,Texas,seir
2020-07-30,410640,7590,588847.9690049619,18984.466793933763,43.397615674303985,150.12472719280322,US - Texas,US,Texas,seir
2020-07-31,419238,7701,610034.0705776588,19672.33875263964,45.51020436545801,155.45174331437008,US - Texas,US,Texas,seir
2020-08-01,423963,7977,631948.3173799491,20384.249850233504,49.057421845762285,155.53779428649247,US - Texas,US,Texas,seir
2020-08-02,428563,7996,654614.4069781211,21120.972178871343,52.746365640085855,164.14422434806582,US - Texas,US,Texas,seir
2020-08-03,433421,8151,678056.4034322475,21883.30400660842,56.44290503511539,168.47385604966777,US - Texas,US,Texas,seir
2020-08-04,451098,8362,702298.6479131135,22672.07299215426,55.6864911644728,171.13218120251446,US - Texas,US,Texas,seir
2020-08-05,460425,8725,727365.7587022177,23488.136184872645,57.97703397995715,169.2049992535547,US - Texas,US,Texas,seir
2020-08-06,470149,8976,753282.631191771,24332.380024781647,60.222106436846836,171.08266516022334,US - Texas,US,Texas,seir
2020-08-07,478227,9256,780074.5156242208,25205.718864768256,63.11804135362931,172.3176195415758,US - Texas,US,Texas,seir
2020-08-08,493381,9465,807768.2463640128,26109.069975936236,63.720987708082156,175.84859985141296,US - Texas,US,Texas,seir
2020-08-09,505411,9582,836391.8413945814,27043.36077302511,65.48746295481922,182.23085757696836,US - Texas,US,Texas,seir
2020-08-10,518105,9677,865973.4732632706,28009.551485755128,67.14246596023405,189.4445746177031,US - Texas,US,Texas,seir
2020-08-11,530026,9660,896541.4548971592,29008.635675218204,69.15046712749172,200.29643556126504,US - Texas,US,Texas,seir
2020-08-12,539104,9958,928124.2396030606,30041.64023387794,72.16051811952066,201.68347292506468,US - Texas,US,Texas,seir
2020-08-13,545902,10188,960750.4216131561,31109.625373331342,75.9932042038967,205.35556903544702,US - Texas,US,Texas,seir
2020-08-14,561507,10490,994449.563008726,32213.666902306577,77.10368045433556,207.08929363495307,US - Texas,US,Texas,seir
2020-08-15,570718,10687,1029253.3645916351,33354.831286559674,80.34359606524326,212.10659012407294,US - Texas,US,Texas,seir
2020-08-16,573607,10817,1065193.7244273112,34534.215490675255,85.70096327752472,219.25871767287836,US - Texas,US,Texas,seir
2020-08-17,581412,10876,1102302.4386808053,35752.95282989089,89.59058957861298,228.73255636163012,US - Texas,US,Texas,seir
2020-08-18,590434,11098,1140611.201616791,37012.212970097135,93.18182923354533,233.50345080282153,US - Texas,US,Texas,seir
2020-08-19,598280,11335,1180151.605599566,38313.20192783749,97.25740549568194,238.00795701665183,US - Texas,US,Texas,seir
2020-08-20,603035,11582,1220955.7378936731,39657.14837383225,102.46846997167214,242.40328418090354,US - Texas,US,Texas,seir
2020-08-21,608659,11814,1263058.3118771904,41045.25755307203,107.51493231467708,247.42896185095674,US - Texas,US,Texas,seir
2020-08-22,612652,11973,1306494.3782495756,42478.75819786534,113.25228322923546,254.7879244789555,US - Texas,US,Texas,seir
2020-08-23,615723,12092,1351298.5063684294,43958.91692756799,119.4653287872029,263.53718927859734,US - Texas,US,Texas,seir
2020-08-24,619102,12143,1397504.7868678719,45487.038157491996,125.73094366806632,274.5947307707485,US - Texas,US,Texas,seir
2020-08-25,626307,12321,1445146.831658541,47064.46409890554,130.7409675540176,281.98574871281176,US - Texas,US,Texas,seir
2020-08-26,631210,12506,1494258.5302377213,48692.556593059744,136.72922327556935,289.3535630342215,US - Texas,US,Texas,seir
2020-08-27,639318,12727,1544876.7662562467,50372.63748722937,141.6444971448085,295.79349011730466,US - Texas,US,Texas,seir
2020-08-28,644951,12886,1597038.479368181,52106.04839828921,147.62167658755178,304.3616979535093,US - Texas,US,Texas,seir
2020-08-29,648965,13016,1650779.5913855145,53894.16802513212,154.3711280863397,314.06090984274834,US - Texas,US,Texas,seir
2020-08-30,650429,13092,1706135.0090679848,55738.41202385452,162.30918502526558,325.74405762186467,US - Texas,US,Texas,seir
2020-08-31,655014,13137,1763138.6247055873,57640.23298808287,169.1757160466169,338.76252560008277,US - Texas,US,Texas,seir
2020-09-01,658712,13266,1821824.9204186997,59601.08144871617,176.5738168454043,349.2769595109013,US - Texas,US,Texas,seir
2020-09-02,662445,13461,1882231.5376090563,61622.350392668224,184.13400925496552,357.784342862107,US - Texas,US,Texas,seir
2020-09-03,666892,13648,1944395.1420329316,63705.45572386073,191.560723780302,366.7750272850288,US - Texas,US,Texas,seir
2020-09-04,670462,13772,2008350.6740260324,65851.84650892323,199.5472784477021,378.1574681159108,US - Texas,US,Texas,seir
2020-09-05,674346,13914,2074131.3485034986,68063.00497719318,207.57672596908688,389.16921788984604,US - Texas,US,Texas,seir
2020-09-06,675995,13994,2141768.794085167,70340.44268591718,216.83204669933457,402.64715367955677,US - Texas,US,Texas,seir
2020-09-07,677828,14041,2211296.7590231965,72685.61309438036,226.2327255621185,417.6669261048384,US - Texas,US,Texas,seir
2020-09-08,682184,14139,2282750.8482795195,75099.91751657738,234.6239208599908,431.1543780789121,US - Texas,US,Texas,seir
2020-09-09,685795,14267,2356164.247632082,77584.78190933788,243.56684543224753,443.80585904070847,US - Texas,US,Texas,seir
2020-09-10,690801,14283,2431567.5365536464,80141.65814729089,251.9924749028514,461.09821569201773,US - Texas,US,Texas,seir
2020-09-11,693754,14560,2508988.6882117875,82772.02402286479,261.65394191770963,468.48917598121426,US - Texas,US,Texas,seir
2020-09-12,700280,14666,2588455.4403829826,85477.3285959766,269.63149602772927,482.8264598116501,US - Texas,US,Texas,seir
2020-09-13,710126,14743,2669998.3306762846,88258.91598279447,275.98937803661386,498.6496369992164,US - Texas,US,Texas,seir
2020-09-14,714438,14790,2753644.47268437,91118.15219377805,285.42805291493033,516.0794604041788,US - Texas,US,Texas,seir
2020-09-15,718157,14927,2839418.492892536,94056.39958025317,295.3757316147494,530.1091952854102,US - Texas,US,Texas,seir
2020-06-15,89333,2275,229904.1068179807,20500.558234916374,157.3563037376789,801.1234388974231,US - Texas,US,Texas,seird
2020-06-16,93426,2327,250275.4361040818,22320.729424681587,167.8862801619269,859.2062494491441,US - Texas,US,Texas,seird
2020-06-17,97406,2366,272422.5858047921,24300.315451898045,179.67741802845012,927.0632059128505,US - Texas,US,Texas,seird
2020-06-18,100317,2403,296495.6752384787,26452.705301826638,195.55875398833567,1000.8200292062687,US - Texas,US,Texas,seird
2020-06-19,104271,2432,322656.1954180247,28792.450171749057,209.44001248479896,1083.900089298892,US - Texas,US,Texas,seird
2020-06-20,108115,2464,351077.0384425711,31335.473335789164,224.7255593049726,1171.7318723940407,US - Texas,US,Texas,seird
2020-06-21,110703,2483,381945.0193590196,34098.704285316664,245.0177676838203,1273.2865197469457,US - Texas,US,Texas,seird
2020-06-22,114388,2506,415461.4276486061,37100.207347368094,263.20368189723234,1380.4552014113365,US - Texas,US,Texas,seird
2020-06-23,120651,2539,451840.76143415004,40359.767154333946,274.50229292268614,1489.5930348300096,US - Texas,US,Texas,seird
2020-06-24,126509,2587,491312.889285484,43898.57315137138,288.36200530040077,1596.891115244352,US - Texas,US,Texas,seird
2020-06-25,131037,2640,534125.491415641,47738.89840271185,307.61425506966816,1708.2916061633277,US - Texas,US,Texas,seird
2020-06-26,140067,2687,580541.1347637047,51905.03249870875,314.4738837582762,1831.7094342653054,US - Texas,US,Texas,seird
2020-06-27,145196,2740,630838.8909105379,56423.07240115929,334.4740150627689,1959.2362190204121,US - Texas,US,Texas,seird
2020-06-28,150391,2775,685318.474956156,61320.16735862743,355.6911483773337,2109.7357606712585,US - Texas,US,Texas,seird
2020-06-29,158766,2817,744295.4856195778,66625.73543253118,368.8003008324061,2265.130828275867,US - Texas,US,Texas,seird
2020-06-30,166154,2860,808102.5862420294,72371.30558527647,386.3575876849365,2430.465230254422,US - Texas,US,Texas,seird
2020-07-01,173206,2931,877094.8243626537,78589.37039322552,406.388245420282,2581.315946544712,US - Texas,US,Texas,seird
2020-07-02,178760,3009,951642.3463945463,85314.95032364342,432.3575444140447,2735.3257003537196,US - Texas,US,Texas,seird
2020-07-03,185503,3084,1032131.9788548179,92585.2181981072,456.3963811123367,2902.114727565084,US - Texas,US,Texas,seird
2020-07-04,189589,3152,1118972.569583091,100438.10068210906,490.2096480191841,3086.487965802952,US - Texas,US,Texas,seird
2020-07-05,196993,3219,1212584.0018390238,108914.34173603391,515.5467462493712,3283.483744517984,US - Texas,US,Texas,seird
2020-07-06,204711,3283,1313401.4765101122,118056.29799176012,541.5881298562912,3495.9883640499575,US - Texas,US,Texas,seird
2020-07-07,212764,3410,1421877.3026204403,127906.88244379147,568.2884804856274,3650.934969026143,US - Texas,US,Texas,seird
2020-07-08,223470,3530,1538466.677264958,138511.9553383915,588.4443895220647,3823.8514260167562,US - Texas,US,Texas,seird
2020-07-09,233662,3688,1663637.4109657041,149917.51860908745,611.9845807044809,3965.0086390750394,US - Texas,US,Texas,seird
2020-07-10,243726,3773,1797861.1453649478,162170.30991275745,637.6566904494997,4198.179430499799,US - Texas,US,Texas,seird
2020-07-11,251357,3875,1941601.871726592,175319.25282054485,672.4479014813958,4424.367814723738,US - Texas,US,Texas,seird
2020-07-12,257730,3986,2095328.4924280313,189411.27455223957,712.9936338136931,4651.913561270436,US - Texas,US,Texas,seird
2020-07-13,268321,4085,2259490.236554713,204494.71960696226,742.0847554066632,4905.990688052932,US - Texas,US,Texas,seird
2020-07-14,277363,4210,2434520.5570918517,220616.9999795749,777.7380389928908,5140.308788113418,US - Texas,US,Texas,seird
2020-07-15,287113,4373,2620834.5657243705,237822.7015041891,812.8233711898696,5338.433604029022,US - Texas,US,Texas,seird
2020-07-16,295390,4558,2818802.9091495886,256157.1012171824,854.2648394155485,5519.945178086494,US - Texas,US,Texas,seird
2020-07-17,301525,4722,3028770.0219372367,275659.7872409733,904.483880917747,5737.776095742764,US - Texas,US,Texas,seird
2020-07-18,311898,4869,3251021.1614146107,296368.86383454275,942.3347252674306,5986.852820590321,US - Texas,US,Texas,seird
2020-07-19,317660,4982,3485786.233105542,318317.7929147968,997.332441322654,6289.35754545959,US - Texas,US,Texas,seird
2020-07-20,327368,5120,3733235.0531061664,341533.1606705029,1040.378733751059,6570.56954434576,US - Texas,US,Texas,seird
2020-07-21,337248,5261,3993447.390065414,366038.729680847,1084.127819902687,6857.5884752109305,US - Texas,US,Texas,seird
2020-07-22,346464,5509,4266437.309477509,391847.1389663779,1131.4229788599996,7012.85421975636,US - Texas,US,Texas,seird
2020-07-23,355679,5710,4552109.947132189,418966.8562528013,1179.8365793685286,7237.423051712807,US - Texas,US,Texas,seird
2020-07-24,364304,5884,4850282.4562788885,447395.2792484691,1231.3832558190106,7503.590741816267,US - Texas,US,Texas,seird
2020-07-25,369784,6037,5160665.400321907,477120.6499610621,1295.5891548368527,7803.273976495977,US - Texas,US,Texas,seird
2020-07-26,374209,6173,5482852.757009974,508123.00108338054,1365.1846313183205,8131.378601707121,US - Texas,US,Texas,seird
2020-07-27,384782,6868,5816343.498468927,540367.8437491152,1411.5944868702088,7767.906868798998,US - Texas,US,Texas,seird
2020-07-28,394832,7150,6160504.549435387,573814.6523147749,1460.2850198148549,7925.379752654195,US - Texas,US,Texas,seird
2020-07-29,401862,7442,6514613.720115418,608406.6715308729,1521.1071761239973,8075.3113616080755,US - Texas,US,Texas,seird
2020-07-30,410640,7590,6877828.708884366,644079.7576216604,1574.9047118849517,8385.899309903298,US - Texas,US,Texas,seird
2020-07-31,419238,7701,7249214.189815791,680757.2369530522,1629.1405334954827,8739.855044189744,US - Texas,US,Texas,seird
2020-08-01,423963,7977,7627749.746370782,718350.9655271273,1699.1545833883574,8905.277241157419,US - Texas,US,Texas,seird
2020-08-02,428563,7996,8012322.108851096,756766.6061293087,1769.5785937775997,9364.31473398335,US - Texas,US,Texas,seird
2020-08-03,433421,8151,8401771.415631881,795895.8320877892,1838.4781576416187,9664.394946482507,US - Texas,US,Texas,seird
2020-08-04,451098,8362,8794868.120273547,835627.8519668413,1849.6579723859445,9893.157760904583,US - Texas,US,Texas,seird
2020-08-05,460425,8725,9190358.63529621,875841.8512616535,1896.0598654061378,9938.302020190871,US - Texas,US,Texas,seird
2020-08-06,470149,8976,9586968.858039616,916412.9899445768,1939.1341591792423,10109.592133963644,US - Texas,US,Texas,seird
2020-08-07,478227,9256,9983413.220508147,957215.3124006934,1987.5887853484112,10241.565605020456,US - Texas,US,Texas,seird
2020-08-08,493381,9465,10378434.229337258,998117.0026210668,2003.5334212986027,10445.346039313965,US - Texas,US,Texas,seird
2020-08-09,505411,9582,10770793.063849067,1038990.0586597386,2031.0958930155987,10743.144006050288,US - Texas,US,Texas,seird
2020-08-10,518105,9677,11159299.247964054,1079706.3740175485,2053.868279202875,11057.449354320022,US - Texas,US,Texas,seird
2020-08-11,530026,9660,11542824.547093477,1120140.1735627668,2077.7845892642017,11495.653970629055,US - Texas,US,Texas,seird
2020-08-12,539104,9958,11920305.685651094,1160172.0621760506,2111.1328585302826,11550.653365897275,US - Texas,US,Texas,seird
2020-08-13,545902,10188,12290761.395253189,1199687.4349477917,2151.459308676867,11675.495042675615,US - Texas,US,Texas,seird
2020-08-14,561507,10490,12653294.729058305,1238580.2217497767,2153.4527136898214,11707.247109149444,US - Texas,US,Texas,seird
2020-08-15,570718,10687,13007110.297645418,1276750.1755208774,2179.0783359987627,11846.759385429748,US - Texas,US,Texas,seird
2020-08-16,573607,10817,13351508.732571838,1314105.7106095771,2227.6404807772287,12048.522793839116,US - Texas,US,Texas,seird
2020-08-17,581412,10876,13685879.539010096,1350568.392366766,2253.9038649030454,12317.877826101196,US - Texas,US,Texas,seird
2020-08-18,590434,11098,14009722.487729738,1386065.6591275206,2272.7838315086424,12389.3283395884,US - Texas,US,Texas,seird
2020-08-19,598280,11335,14322632.821343798,1420535.543122619,2293.968179003777,12432.294160764173,US - Texas,US,Texas,seird
2020-08-20,603035,11582,14624290.889028609,1453929.2470912964,2325.114775929856,12453.352159310105,US - Texas,US,Texas,seird
2020-08-21,608659,11814,14914481.047661485,1486202.523036077,2350.3837202212544,12480.011198883332,US - Texas,US,Texas,seird
2020-08-22,612652,11973,15193062.973051174,1517324.1556826364,2379.884660957799,12572.881948405884,US - Texas,US,Texas,seird
2020-08-23,615723,12092,15459972.339594318,1547272.6541806126,2410.864843378324,12695.8373650398,US - Texas,US,Texas,seird
2020-08-24,619102,12143,15715228.954055678,1576030.5678428144,2438.390920083553,12878.922571381161,US - Texas,US,Texas,seird
2020-08-25,626307,12321,15958904.013898965,1603593.6484940422,2448.096063735351,12915.12578925446,US - Texas,US,Texas,seird
2020-08-26,631210,12506,16191133.142036337,1629962.1631265192,2465.0945235399213,12933.44125321061,US - Texas,US,Texas,seird
2020-08-27,639318,12727,16412106.145962793,1655142.0295605182,2467.127180208096,12904.96605296235,US - Texas,US,Texas,seird
2020-08-28,644951,12886,16622047.517297974,1679148.6566836168,2477.2574222379644,12930.798204901575,US - Texas,US,Texas,seird
2020-08-29,648965,13016,16821229.199516058,1701998.632681164,2492.008690686872,12976.203385688106,US - Texas,US,Texas,seird
2020-08-30,650429,13092,17009948.631010994,1723715.6120892777,2515.1891491632437,13066.17485555513,US - Texas,US,Texas,seird
2020-08-31,655014,13137,17188527.897906717,1744327.13346215,2524.1466438742864,13177.971633265966,US - Texas,US,Texas,seird
2020-09-01,658712,13266,17357315.474902205,1763861.5916919508,2535.0386018323948,13196.107279450856,US - Texas,US,Texas,seird
2020-09-02,662445,13461,17516666.521021686,1782353.3608276616,2544.2446574465334,13140.868886618095,US - Texas,US,Texas,seird
2020-09-03,666892,13648,17666952.31110882,1799836.5059282086,2549.1474348333495,13087.547669462256,US - Texas,US,Texas,seird
2020-09-04,670462,13772,17808550.21726346,1816347.0811496421,2556.1610079711395,13088.69504174878,US - Texas,US,Texas,seird
2020-09-05,674346,13914,17941836.5153964,1831923.7648173224,2560.627706755345,13066.046893900548,US - Texas,US,Texas,seird
2020-09-06,675995,13994,18067193.309759025,1846603.6058487587,2572.6815005671674,13095.681047940252,US - Texas,US,Texas,seird
2020-09-07,677828,14041,18184995.366966117,1860425.9224358578,2582.8333097727027,13149.953154589115,US - Texas,US,Texas,seird
2020-09-08,682184,14139,18295613.047333516,1873429.6625328155,2581.9176420633607,13150.086021167095,US - Texas,US,Texas,seird
2020-09-09,685795,14267,18399413.077484764,1885652.3378349247,2582.931937019775,13116.880478271009,US - Texas,US,Texas,seird
2020-09-10,690801,14283,18496748.68287771,1897132.8848398186,2577.579893902543,13182.45386011215,US - Texas,US,Texas,seird
2020-09-11,693754,14560,18587966.318739526,1907908.297642066,2579.331047999655,13003.765780508695,US - Texas,US,Texas,seird
2020-09-12,700280,14666,18673402.037914783,1918014.6505464918,2566.5622376641886,12977.9670704111,US - Texas,US,Texas,seird
2020-09-13,710126,14743,18753377.066599064,1927488.1761799767,2540.8520553534254,12973.921021365913,US - Texas,US,Texas,seird
2020-09-14,714438,14790,18828203.589241143,1936362.8168311347,2535.3866380625254,12992.378748013081,US - Texas,US,Texas,seird
2020-09-15,718157,14927,18898180.05860345,1944671.8126121606,2531.4830961201314,12927.88110546098,US - Texas,US,Texas,seird
