date,case_cnt,death_cnt,pred_cases,pred_deaths,ape_cases_pct,ape_deaths_pct,region,country,province,model
2020-09-15,4388154,133286,754450.0,62727.0,82.80712117213753,52.93804300526686,Brazil,Brazil,None,delphi
2020-09-16,4425451,134248,754456.0,62744.0,82.95188445200274,53.262618437518626,Brazil,Brazil,None,delphi
2020-09-17,4461856,135117,754461.0,62760.0,83.09087070492637,53.551366593396835,Brazil,Brazil,None,delphi
2020-09-18,4501587,135945,754465.0,62775.0,83.24002179675746,53.823237338629596,Brazil,Brazil,None,delphi
2020-09-19,4531145,136626,754469.0,62789.0,83.34926381742363,54.04315430445157,Brazil,Brazil,None,delphi
2020-09-20,4546587,136977,754473.0,62803.0,83.40572829685212,54.150696832314914,Brazil,Brazil,None,delphi
2020-09-21,4564222,137443,754476.0,62816.0,83.46977863916348,54.296690264327765,Brazil,Brazil,None,delphi
2020-09-22,4599189,138237,754479.0,62829.0,83.59539040469961,54.54979491742442,Brazil,Brazil,None,delphi
2020-09-23,4631915,139169,754482.0,62841.0,83.71122958862587,54.84554749980239,Brazil,Brazil,None,delphi
2020-09-24,4663930,139964,754485.0,62852.0,83.8229776175886,55.09416707153269,Brazil,Brazil,None,delphi
2020-09-25,4696240,140786,754487.0,62863.0,83.93423249237688,55.34854317900928,Brazil,Brazil,None,delphi
2020-09-26,4720958,141508,754489.0,62873.0,84.0183073011876,55.56929643553722,Brazil,Brazil,None,delphi
2020-09-27,4734745,141847,754491.0,62883.0,84.06480180030815,55.66843147898793,Brazil,Brazil,None,delphi
2020-09-28,4751616,142238,754493.0,62892.0,84.12133892974516,55.78396771608149,Brazil,Brazil,None,delphi
2020-09-29,4784464,143096,754494.0,62901.0,84.23033384721883,56.04279644434506,Brazil,Brazil,None,delphi
2020-09-30,4817365,144078,754496.0,62909.0,84.33799390330606,56.33684531989617,Brazil,Brazil,None,delphi
2020-10-01,4853148,144851,754497.0,62917.0,84.45345165653305,56.564331623530386,Brazil,Brazil,None,delphi
2020-10-02,4885966,145505,754499.0,62925.0,84.55783359933328,56.75406343424625,Brazil,Brazil,None,delphi
2020-10-03,4908974,146093,754500.0,62932.0,84.63018952636538,56.92332965987419,Brazil,Brazil,None,delphi
2020-10-04,4917689,146451,754501.0,62939.0,84.65740716828576,57.023850980874144,Brazil,Brazil,None,delphi
2020-10-05,4943742,146844,754502.0,62946.0,84.73824079007359,57.13410149546457,Brazil,Brazil,None,delphi
2020-10-06,4975268,147654,754502.0,62952.0,84.83494758473313,57.36519159657036,Brazil,Brazil,None,delphi
2020-10-07,5006206,148379,754503.0,62958.0,84.9286465638849,57.56946737745907,Brazil,Brazil,None,delphi
2020-10-08,5033036,149114,754504.0,62963.0,85.00896874172965,57.77525919766086,Brazil,Brazil,None,delphi
2020-10-09,5060769,149768,754505.0,62969.0,85.09109979135582,57.95563805352278,Brazil,Brazil,None,delphi
2020-10-10,5084513,150302,754505.0,62974.0,85.16072237400121,58.10168860028476,Brazil,Brazil,None,delphi
2020-10-11,5096704,150580,754506.0,62979.0,85.1961973856045,58.17572054721742,Brazil,Brazil,None,delphi
2020-10-12,5105340,150774,754506.0,62984.0,85.2212389380531,58.226219374693244,Brazil,Brazil,None,delphi
2020-10-13,5118699,151152,754507.0,62988.0,85.25978964576741,58.32804064782471,Brazil,Brazil,None,delphi
2020-10-14,5146543,151884,754507.0,62992.0,85.33953762749093,58.52624371230676,Brazil,Brazil,None,delphi
2020-10-15,5176969,152698,754507.0,62996.0,85.42569986414831,58.74471178404433,Brazil,Brazil,None,delphi
2020-10-16,5205565,153341,754508.0,63000.0,85.50574241220693,58.9150977233747,Brazil,Brazil,None,delphi
2020-10-17,5226341,153756,754508.0,63004.0,85.56336067623602,59.02338770519524,Brazil,Brazil,None,delphi
2020-10-18,5238392,153991,754508.0,63007.0,85.59657238328097,59.083972439947786,Brazil,Brazil,None,delphi
2020-10-19,5254971,154317,754508.0,63010.0,85.64201400921147,59.168464913133356,Brazil,Brazil,None,delphi
2020-10-20,5278737,154965,754509.0,63013.0,85.7066377809692,59.337269706062656,Brazil,Brazil,None,delphi
2020-10-21,5304593,155536,754509.0,63016.0,85.77630743772426,59.48462092377328,Brazil,Brazil,None,delphi
2020-10-22,5329357,156041,754509.0,63019.0,85.84240087500237,59.61381944488948,Brazil,Brazil,None,delphi
2020-10-23,5359358,156604,754509.0,63022.0,85.92165330250377,59.75709432709254,Brazil,Brazil,None,delphi
2020-10-24,5384342,156991,754509.0,63025.0,85.98697853888181,59.85438655719118,Brazil,Brazil,None,delphi
2020-10-25,5396596,157224,754510.0,63027.0,86.01877924528722,59.912608762021065,Brazil,Brazil,None,delphi
2020-10-26,5415207,157526,754510.0,63029.0,86.06682994759018,59.9881924253774,Brazil,Brazil,None,delphi
2020-10-27,5445189,158052,754510.0,63031.0,86.14354800173145,60.120087059954955,Brazil,Brazil,None,delphi
2020-10-28,5473540,158556,754510.0,63034.0,86.21531951899502,60.2449607709579,Brazil,Brazil,None,delphi
2020-10-29,5500240,159107,754510.0,63036.0,86.28223495702005,60.38137856913901,Brazil,Brazil,None,delphi
2020-10-30,5524593,159680,754510.0,63037.0,86.34270434039213,60.52292084168337,Brazil,Brazil,None,delphi
2020-10-31,5537763,159972,754510.0,63039.0,86.37518434790366,60.593728902557956,Brazil,Brazil,None,delphi
2020-11-01,5547951,160175,754510.0,63041.0,86.40020432768782,60.642422350554085,Brazil,Brazil,None,delphi
2020-11-02,5556200,160340,754510.0,63043.0,86.42039523415283,60.68167643757016,Brazil,Brazil,None,delphi
2020-11-03,5570782,160628,754510.0,63044.0,86.45594101510345,60.75155016560002,Brazil,Brazil,None,delphi
2020-11-04,5594098,161246,754510.0,63046.0,86.51239216760236,60.90073552212147,Brazil,Brazil,None,delphi
2020-11-05,5617943,161849,754510.0,63047.0,86.5696394570041,61.04578959400428,Brazil,Brazil,None,delphi
2020-11-06,5638143,162120,754510.0,63048.0,86.61775694585965,61.110288675055514,Brazil,Brazil,None,delphi
2020-11-07,5655887,162348,754510.0,63050.0,86.65974054997916,61.16367309729716,Brazil,Brazil,None,delphi
2020-11-08,5666389,162538,754511.0,63051.0,86.68444753792936,61.208455868781456,Brazil,Brazil,None,delphi
2020-11-09,5679803,162724,754511.0,63052.0,86.71589489987593,61.252181608121724,Brazil,Brazil,None,delphi
2020-11-10,5726227,162922,754511.0,63053.0,86.82359256802079,61.29865825364285,Brazil,Brazil,None,delphi
2020-11-11,5752474,163496,754511.0,63054.0,86.88371299027166,61.433918872632965,Brazil,Brazil,None,delphi
2020-11-12,5786393,164429,754511.0,63055.0,86.9605987702529,61.65214165384452,Brazil,Brazil,None,delphi
2020-11-13,5825111,165005,754511.0,63056.0,87.04726828381469,61.78540044241083,Brazil,Brazil,None,delphi
2020-11-14,5851389,165739,754511.0,63057.0,87.10543770034774,61.95403616529603,Brazil,Brazil,None,delphi
2020-11-15,5865295,165879,754511.0,63058.0,87.13600935673313,61.98554367942898,Brazil,Brazil,None,delphi
2020-11-16,5881039,166136,754511.0,63059.0,87.1704472628051,62.04374729137574,Brazil,Brazil,None,delphi
2020-11-17,5916529,166814,754511.0,63059.0,87.24740468609214,62.198016953013536,Brazil,Brazil,None,delphi
2020-11-18,5951281,167568,754511.0,63060.0,87.32187238344147,62.36751647092523,Brazil,Brazil,None,delphi
2020-11-19,5987143,168218,754511.0,63061.0,87.39781227874464,62.51233518410634,Brazil,Brazil,None,delphi
2020-11-20,6025913,168731,754511.0,63062.0,87.47889323991235,62.62571785860334,Brazil,Brazil,None,delphi
2020-11-21,6056135,169088,754511.0,63062.0,87.54137746268866,62.704627176381535,Brazil,Brazil,None,delphi
2020-11-22,6074061,169266,754511.0,63063.0,87.57814582369193,62.74325617666867,Brazil,Brazil,None,delphi
2020-11-23,6092219,169621,754511.0,63063.0,87.61516944811078,62.821230861744716,Brazil,Brazil,None,delphi
2020-11-24,6126752,170248,754511.0,63064.0,87.68497566083954,62.957567783468825,Brazil,Brazil,None,delphi
2020-11-25,6171380,170871,754511.0,63064.0,87.77403109191138,63.09262543088061,Brazil,Brazil,None,delphi
2020-11-26,6212265,171581,754511.0,63065.0,87.854494294754,63.24476486324243,Brazil,Brazil,None,delphi
2020-11-27,6245773,172140,754511.0,63065.0,87.91965382027172,63.36412222609504,Brazil,Brazil,None,delphi
2020-11-28,6297258,172684,754511.0,63066.0,88.01842008061286,63.4789557805008,Brazil,Brazil,None,delphi
2020-11-29,6318270,172917,754511.0,63066.0,88.0582659493817,63.52816669269071,Brazil,Brazil,None,delphi
2020-11-30,6341965,173268,754511.0,63067.0,88.10288293927829,63.601472862848304,Brazil,Brazil,None,delphi
2020-12-01,6393950,173953,754511.0,63067.0,88.19961056936634,63.744804631136,Brazil,Brazil,None,delphi
2020-12-02,6442425,174632,754511.0,63067.0,88.28840071867347,63.885771221769204,Brazil,Brazil,None,delphi
2020-12-03,6492564,175393,754511.0,63068.0,88.37884385891306,64.04189448837752,Brazil,Brazil,None,delphi
2020-12-04,6540235,176071,754511.0,63068.0,88.46354909265493,64.18035905969751,Brazil,Brazil,None,delphi
2020-12-05,6580517,176718,754511.0,63068.0,88.53416836397506,64.31150194094546,Brazil,Brazil,None,delphi
2020-12-06,6606947,177058,754511.0,63069.0,88.58003552926942,64.37946887460606,Brazil,Brazil,None,delphi
2020-12-07,6633971,177483,754511.0,63069.0,88.62655564819322,64.46476563952604,Brazil,Brazil,None,delphi
2020-12-08,6681767,178281,754511.0,63069.0,88.70791214359915,64.62382418765881,Brazil,Brazil,None,delphi
2020-12-09,6736358,179134,754511.0,63070.0,88.79942247724958,64.79172016479284,Brazil,Brazil,None,delphi
2020-12-10,6789908,179903,754511.0,63070.0,88.88775812573601,64.94221886238695,Brazil,Brazil,None,delphi
2020-12-11,6842458,180564,754511.0,63070.0,88.9731000175668,65.07055670011741,Brazil,Brazil,None,delphi
2020-12-12,6884782,181241,754511.0,63070.0,89.04088756913437,65.20103067186784,Brazil,Brazil,None,delphi
2020-12-13,6906811,181536,754511.0,63070.0,89.07584122397442,65.2575797637934,Brazil,Brazil,None,delphi
2020-12-14,6934191,182049,754511.0,63071.0,89.1189758113095,65.35493191393526,Brazil,Brazil,None,delphi
2020-12-15,6982223,182983,754511.0,63071.0,89.1938283838829,65.53177071094036,Brazil,Brazil,None,delphi
2020-09-15,4388154,133286,4924114.0,146799.0,12.213791949872316,10.138349113935446,Brazil,Brazil,None,delphi_lookahead
2020-09-16,4425451,134248,4924132.0,146829.0,11.2684786251164,9.371461772242418,Brazil,Brazil,None,delphi_lookahead
2020-09-17,4461856,135117,4924147.0,146859.0,10.3609574132379,8.690246231044206,Brazil,Brazil,None,delphi_lookahead
2020-09-18,4501587,135945,4924161.0,146887.0,9.387222772768803,8.048843282209717,Brazil,Brazil,None,delphi_lookahead
2020-09-19,4531145,136626,4924174.0,146913.0,8.673944444505748,7.529313600632383,Brazil,Brazil,None,delphi_lookahead
2020-09-20,4546587,136977,4924186.0,146938.0,8.30510886517733,7.272023770414012,Brazil,Brazil,None,delphi_lookahead
2020-09-21,4564222,137443,4924197.0,146962.0,7.886886308334695,6.925780141585966,Brazil,Brazil,None,delphi_lookahead
2020-09-22,4599189,138237,4924207.0,146985.0,7.066854612845873,6.328262332081859,Brazil,Brazil,None,delphi_lookahead
2020-09-23,4631915,139169,4924215.0,147007.0,6.31056485276608,5.632001379617587,Brazil,Brazil,None,delphi_lookahead
2020-09-24,4663930,139964,4924224.0,147028.0,5.58100143012438,5.04701208882284,Brazil,Brazil,None,delphi_lookahead
2020-09-25,4696240,140786,4924231.0,147048.0,4.854756145341805,4.44788544315486,Brazil,Brazil,None,delphi_lookahead
2020-09-26,4720958,141508,4924237.0,147066.0,4.3058845259796845,3.927693133957091,Brazil,Brazil,None,delphi_lookahead
2020-09-27,4734745,141847,4924243.0,147084.0,4.002285233946073,3.692006175668149,Brazil,Brazil,None,delphi_lookahead
2020-09-28,4751616,142238,4924249.0,147101.0,3.633142913905501,3.4189175888299896,Brazil,Brazil,None,delphi_lookahead
2020-09-29,4784464,143096,4924254.0,147117.0,2.9217483922963994,2.810001677195729,Brazil,Brazil,None,delphi_lookahead
2020-09-30,4817365,144078,4924258.0,147133.0,2.218910130330585,2.1203792390233067,Brazil,Brazil,None,delphi_lookahead
2020-10-01,4853148,144851,4924263.0,147147.0,1.46533754997787,1.5850770792055286,Brazil,Brazil,None,delphi_lookahead
2020-10-02,4885966,145505,4924266.0,147161.0,0.7838777429069297,1.1381052197518986,Brazil,Brazil,None,delphi_lookahead
2020-10-03,4908974,146093,4924270.0,147175.0,0.31159260570538777,0.7406241229901501,Brazil,Brazil,None,delphi_lookahead
2020-10-04,4917689,146451,4924273.0,147187.0,0.13388402560633664,0.5025571692921181,Brazil,Brazil,None,delphi_lookahead
2020-10-05,4943742,146844,4924275.0,147199.0,0.3937705487058184,0.24175315300591105,Brazil,Brazil,None,delphi_lookahead
2020-10-06,4975268,147654,4924278.0,147211.0,1.0248694140697547,0.3000257358419007,Brazil,Brazil,None,delphi_lookahead
2020-10-07,5006206,148379,4924280.0,147222.0,1.6364887901137108,0.7797599390749365,Brazil,Brazil,None,delphi_lookahead
2020-10-08,5033036,149114,4924282.0,147232.0,2.1608031414835893,1.2621215982402725,Brazil,Brazil,None,delphi_lookahead
2020-10-09,5060769,149768,4924284.0,147242.0,2.696922147602469,1.6866086213343303,Brazil,Brazil,None,delphi_lookahead
2020-10-10,5084513,150302,4924286.0,147251.0,3.1512752548769174,2.029913108275339,Brazil,Brazil,None,delphi_lookahead
2020-10-11,5096704,150580,4924287.0,147260.0,3.38291177984831,2.2048080754416257,Brazil,Brazil,None,delphi_lookahead
2020-10-12,5105340,150774,4924289.0,147269.0,3.5463064164188864,2.3246713624364945,Brazil,Brazil,None,delphi_lookahead
2020-10-13,5118699,151152,4924290.0,147277.0,3.7980158630151917,2.5636445432412405,Brazil,Brazil,None,delphi_lookahead
2020-10-14,5146543,151884,4924291.0,147284.0,4.318471642032331,3.028627110163019,Brazil,Brazil,None,delphi_lookahead
2020-10-15,5176969,152698,4924292.0,147292.0,4.880790284817236,3.540321418748117,Brazil,Brazil,None,delphi_lookahead
2020-10-16,5205565,153341,4924293.0,147299.0,5.403294359017705,3.94023777072016,Brazil,Brazil,None,delphi_lookahead
2020-10-17,5226341,153756,4924294.0,147305.0,5.7793205609813825,4.19560862665522,Brazil,Brazil,None,delphi_lookahead
2020-10-18,5238392,153991,4924295.0,147312.0,5.996057568811192,4.3372664636244975,Brazil,Brazil,None,delphi_lookahead
2020-10-19,5254971,154317,4924296.0,147317.0,6.292613222794189,4.536117213268791,Brazil,Brazil,None,delphi_lookahead
2020-10-20,5278737,154965,4924296.0,147323.0,6.714503867118214,4.9314361307392,Brazil,Brazil,None,delphi_lookahead
2020-10-21,5304593,155536,4924297.0,147329.0,7.169183385040097,5.276591914412097,Brazil,Brazil,None,delphi_lookahead
2020-10-22,5329357,156041,4924297.0,147334.0,7.600541678855442,5.5799437327369095,Brazil,Brazil,None,delphi_lookahead
2020-10-23,5359358,156604,4924298.0,147339.0,8.117763358969489,5.916196265740338,Brazil,Brazil,None,delphi_lookahead
2020-10-24,5384342,156991,4924298.0,147343.0,8.544108082287492,6.1455752240574295,Brazil,Brazil,None,delphi_lookahead
2020-10-25,5396596,157224,4924299.0,147348.0,8.75175758941377,6.28148374294001,Brazil,Brazil,None,delphi_lookahead
2020-10-26,5415207,157526,4924299.0,147352.0,9.065359828350052,6.4586163553953,Brazil,Brazil,None,delphi_lookahead
2020-10-27,5445189,158052,4924299.0,147356.0,9.566059139545018,6.767393009895477,Brazil,Brazil,None,delphi_lookahead
2020-10-28,5473540,158556,4924299.0,147360.0,10.034474946743789,7.061227578899569,Brazil,Brazil,None,delphi_lookahead
2020-10-29,5500240,159107,4924300.0,147363.0,10.471179439442642,7.381196301859755,Brazil,Brazil,None,delphi_lookahead
2020-10-30,5524593,159680,4924300.0,147367.0,10.865832107451173,7.711047094188377,Brazil,Brazil,None,delphi_lookahead
2020-10-31,5537763,159972,4924300.0,147370.0,11.077812466875162,7.877628585002375,Brazil,Brazil,None,delphi_lookahead
2020-11-01,5547951,160175,4924300.0,147373.0,11.241105049413738,7.992508194162634,Brazil,Brazil,None,delphi_lookahead
2020-11-02,5556200,160340,4924301.0,147376.0,11.372862747921241,8.085318697767246,Brazil,Brazil,None,delphi_lookahead
2020-11-03,5570782,160628,4924301.0,147379.0,11.60485188614453,8.248250616330902,Brazil,Brazil,None,delphi_lookahead
2020-11-04,5594098,161246,4924301.0,147382.0,11.973279695850877,8.598042742145541,Brazil,Brazil,None,delphi_lookahead
2020-11-05,5617943,161849,4924301.0,147384.0,12.346903484068813,8.937342831898869,Brazil,Brazil,None,delphi_lookahead
2020-11-06,5638143,162120,4924301.0,147387.0,12.660941732056106,9.087712805329385,Brazil,Brazil,None,delphi_lookahead
2020-11-07,5655887,162348,4924301.0,147389.0,12.934947250537359,9.2141572424668,Brazil,Brazil,None,delphi_lookahead
2020-11-08,5666389,162538,4924301.0,147391.0,13.096312307538364,9.319051544869508,Brazil,Brazil,None,delphi_lookahead
2020-11-09,5679803,162724,4924301.0,147394.0,13.301552888366022,9.42085986086871,Brazil,Brazil,None,delphi_lookahead
2020-11-10,5726227,162922,4924301.0,147396.0,14.004439572514327,9.52971360528351,Brazil,Brazil,None,delphi_lookahead
2020-11-11,5752474,163496,4924301.0,147397.0,14.396814309808267,9.846724078876548,Brazil,Brazil,None,delphi_lookahead
2020-11-12,5786393,164429,4924302.0,147399.0,14.898590538181558,10.357053804377573,Brazil,Brazil,None,delphi_lookahead
2020-11-13,5825111,165005,4924302.0,147401.0,15.464237505517062,10.668767613102634,Brazil,Brazil,None,delphi_lookahead
2020-11-14,5851389,165739,4924302.0,147403.0,15.843879119983306,11.063177646781988,Brazil,Brazil,None,delphi_lookahead
2020-11-15,5865295,165879,4924302.0,147404.0,16.043404466442013,11.137636469957018,Brazil,Brazil,None,delphi_lookahead
2020-11-16,5881039,166136,4924302.0,147406.0,16.268162819528996,11.27389608513507,Brazil,Brazil,None,delphi_lookahead
2020-11-17,5916529,166814,4924302.0,147407.0,16.77042401042909,11.633915618593162,Brazil,Brazil,None,delphi_lookahead
2020-11-18,5951281,167568,4924302.0,147408.0,17.256436051330798,12.030936694356917,Brazil,Brazil,None,delphi_lookahead
2020-11-19,5987143,168218,4924302.0,147410.0,17.75205636478033,12.36966317516556,Brazil,Brazil,None,delphi_lookahead
2020-11-20,6025913,168731,4924302.0,147411.0,18.281229748919376,12.635496737410435,Brazil,Brazil,None,delphi_lookahead
2020-11-21,6056135,169088,4924302.0,147412.0,18.68903186603337,12.819360333080997,Brazil,Brazil,None,delphi_lookahead
2020-11-22,6074061,169266,4924302.0,147413.0,18.92899988985952,12.910448642964328,Brazil,Brazil,None,delphi_lookahead
2020-11-23,6092219,169621,4924302.0,147414.0,19.170633885617047,13.092128922715936,Brazil,Brazil,None,delphi_lookahead
2020-11-24,6126752,170248,4924302.0,147415.0,19.626222833893063,13.411611296461631,Brazil,Brazil,None,delphi_lookahead
2020-11-25,6171380,170871,4924302.0,147416.0,20.20744144745584,13.726729521100713,Brazil,Brazil,None,delphi_lookahead
2020-11-26,6212265,171581,4924302.0,147417.0,20.73258304338273,14.083144404100686,Brazil,Brazil,None,delphi_lookahead
2020-11-27,6245773,172140,4924302.0,147418.0,21.15784547405101,14.361566167073311,Brazil,Brazil,None,delphi_lookahead
2020-11-28,6297258,172684,4924302.0,147419.0,21.802441634120758,14.63077065622756,Brazil,Brazil,None,delphi_lookahead
2020-11-29,6318270,172917,4924302.0,147419.0,22.06249495510638,14.745802899657063,Brazil,Brazil,None,delphi_lookahead
2020-11-30,6341965,173268,4924302.0,147420.0,22.35368690934119,14.91793060461251,Brazil,Brazil,None,delphi_lookahead
2020-12-01,6393950,173953,4924302.0,147421.0,22.984977987003337,15.252395762073665,Brazil,Brazil,None,delphi_lookahead
2020-12-02,6442425,174632,4924302.0,147422.0,23.564465244065705,15.581336753859546,Brazil,Brazil,None,delphi_lookahead
2020-12-03,6492564,175393,4924302.0,147422.0,24.154740715686437,15.947614785082642,Brazil,Brazil,None,delphi_lookahead
2020-12-04,6540235,176071,4924302.0,147423.0,24.707567847332705,16.27070897535653,Brazil,Brazil,None,delphi_lookahead
2020-12-05,6580517,176718,4924302.0,147423.0,25.16846320737413,16.577258683325976,Brazil,Brazil,None,delphi_lookahead
2020-12-06,6606947,177058,4924302.0,147424.0,25.467814408076833,16.736888477222152,Brazil,Brazil,None,delphi_lookahead
2020-12-07,6633971,177483,4924302.0,147424.0,25.77142709849048,16.93626995261518,Brazil,Brazil,None,delphi_lookahead
2020-12-08,6681767,178281,4924302.0,147425.0,26.302398751707447,17.307508932527863,Brazil,Brazil,None,delphi_lookahead
2020-12-09,6736358,179134,4924302.0,147425.0,26.8996392412636,17.70127390668438,Brazil,Brazil,None,delphi_lookahead
2020-12-10,6789908,179903,4924302.0,147426.0,27.47616020717806,18.052506072716966,Brazil,Brazil,None,delphi_lookahead
2020-12-11,6842458,180564,4924302.0,147426.0,28.033142475993277,18.35249551405596,Brazil,Brazil,None,delphi_lookahead
2020-12-12,6884782,181241,4924302.0,147427.0,28.475556669768192,18.656926412897747,Brazil,Brazil,None,delphi_lookahead
2020-12-13,6906811,181536,4924302.0,147427.0,28.703681047592006,18.7891106998061,Brazil,Brazil,None,delphi_lookahead
2020-12-14,6934191,182049,4924302.0,147427.0,28.98519812909682,19.017956703964316,Brazil,Brazil,None,delphi_lookahead
2020-12-15,6982223,182983,4924302.0,147428.0,29.473722050985767,19.43076679254357,Brazil,Brazil,None,delphi_lookahead
2020-09-15,4388154,133286,570099.298898443,47397.069641379625,87.00822033824603,64.43957381767056,Brazil,Brazil,None,delphi_constant
2020-09-16,4425451,134248,570103.4332352345,47409.823085791206,87.11761957741177,64.68489431068531,Brazil,Brazil,None,delphi_constant
2020-09-17,4461856,135117,570107.2136227946,47421.97066115376,87.22264426232505,64.90303169760004,Brazil,Brazil,None,delphi_constant
2020-09-18,4501587,135945,570110.669839137,47433.5405278398,87.33534040685791,65.10828605109434,Brazil,Brazil,None,delphi_constant
2020-09-19,4531145,136626,570113.8293440896,47444.55959381879,87.41788600135088,65.27413552777745,Brazil,Brazil,None,delphi_constant
2020-09-20,4546587,136977,570116.7173383468,47455.053573745856,87.46055629556089,65.3554585267995,Brazil,Brazil,None,delphi_constant
2020-09-21,4564222,137443,570119.356996856,47465.04701047288,87.50894770243744,65.46564975264445,Brazil,Brazil,None,delphi_constant
2020-09-22,4599189,138237,570121.7695693998,47474.56334908243,87.60386299477148,65.65712265957563,Brazil,Brazil,None,delphi_constant
2020-09-23,4631915,139169,570123.9745335174,47483.624979475746,87.69139816828422,65.88060201663032,Brazil,Brazil,None,delphi_constant
2020-09-24,4663930,139964,570125.9896723182,47492.253256366435,87.77584591380406,66.06823664916233,Brazil,Brazil,None,delphi_constant
2020-09-25,4696240,140786,570127.8313056678,47500.46857976188,87.8599085373476,66.26051696918593,Brazil,Brazil,None,delphi_constant
2020-09-26,4720958,141508,570129.514376459,47508.29042210761,87.92343599802288,66.42713456334086,Brazil,Brazil,None,delphi_constant
2020-09-27,4734745,141847,570131.0524895156,47515.73734397552,87.95856899390536,66.50212035222775,Brazil,Brazil,None,delphi_constant
2020-09-28,4751616,142238,570132.4581163052,47522.82706589558,88.00129349433318,66.58921872783955,Brazil,Brazil,None,delphi_constant
2020-09-29,4784464,143096,570133.7426923425,47529.576502215634,88.0836444230254,66.78483220899561,Brazil,Brazil,None,delphi_constant
2020-09-30,4817365,144078,570134.9166220858,47536.00177086615,88.16500479780781,67.00675899799681,Brazil,Brazil,None,delphi_constant
2020-10-01,4853148,144851,570135.9894170301,47542.1182456208,88.25224391638106,67.1786054320503,Brazil,Brazil,None,delphi_constant
2020-10-02,4885966,145505,570136.9698107507,47547.940600996335,88.33113104326247,67.32212597436765,Brazil,Brazil,None,delphi_constant
2020-10-03,4908974,146093,570137.865759425,47553.482820084486,88.3858039223792,67.44985535235467,Brazil,Brazil,None,delphi_constant
2020-10-04,4917689,146451,570138.6845165599,47558.75822872698,88.40636964808958,67.52582213250372,Brazil,Brazil,None,delphi_constant
2020-10-05,4943742,146844,570139.4327461624,47563.779545148835,88.46745172490469,67.60931359459778,Brazil,Brazil,None,delphi_constant
2020-10-06,4975268,147654,570140.1165297062,47568.55888896952,88.5405144701812,67.78376549977006,Brazil,Brazil,None,delphi_constant
2020-10-07,5006206,148379,570140.7414003123,47573.107801987266,88.61132080061603,67.9381126695912,Brazil,Brazil,None,delphi_constant
2020-10-08,5033036,149114,570141.3124408287,47577.43729720101,88.67201998076652,68.0932459076941,Brazil,Brazil,None,delphi_constant
2020-10-09,5060769,149768,570141.8342978441,47581.557870137396,88.73408696785322,68.22982354699442,Brazil,Brazil,None,delphi_constant
2020-10-10,5084513,150302,570142.3111940472,47585.479510985206,88.78668790513375,68.34008894693004,Brazil,Brazil,None,delphi_constant
2020-10-11,5096704,150580,570142.7470051958,47589.21174862032,88.8135009016573,68.39606073275314,Brazil,Brazil,None,delphi_constant
2020-10-12,5105340,150774,570143.145280024,47592.76366511168,88.83241575918501,68.43436954308324,Brazil,Brazil,None,delphi_constant
2020-10-13,5118699,151152,570143.5092430374,47596.14390307522,88.86155428863785,68.5110723622081,Brazil,Brazil,None,delphi_constant
2020-10-14,5146543,151884,570143.8418487551,47599.36070135823,88.92180941947332,68.6607142942257,Brazil,Brazil,None,delphi_constant
2020-10-15,5176969,152698,570144.1458065304,47602.42191376398,88.98691211389269,68.8257724961925,Brazil,Brazil,None,delphi_constant
2020-10-16,5205565,153341,570144.4235798459,47605.33501350448,89.04740554426185,68.95459465276443,Brazil,Brazil,None,delphi_constant
2020-10-17,5226341,153756,570144.6774206351,47608.10711972208,89.09093996314755,69.03658581146617,Brazil,Brazil,None,delphi_constant
2020-10-18,5238392,153991,570144.9093965933,47610.74501992845,89.11603199232525,69.08212491643768,Brazil,Brazil,None,delphi_constant
2020-10-19,5254971,154317,570145.1213906175,47613.25517349821,89.15036597936282,69.14581337539077,Brazil,Brazil,None,delphi_constant
2020-10-20,5278737,154965,570145.3151191821,47615.64372896384,89.19920967611795,69.27329156327954,Brazil,Brazil,None,delphi_constant
2020-10-21,5304593,155536,570145.4921595632,47617.916548962974,89.25185226916442,69.38463342958353,Brazil,Brazil,None,delphi_constant
2020-10-22,5329357,156041,570145.653951243,47620.07921438376,89.30179280631336,69.4823288658854,Brazil,Brazil,None,delphi_constant
2020-10-23,5359358,156604,570145.8018030466,47622.137033598854,89.36167724188145,69.59072754616814,Brazil,Brazil,None,delphi_constant
2020-10-24,5384342,156991,570145.9369175581,47624.09506770836,89.41103784050942,69.66444250453316,Brazil,Brazil,None,delphi_constant
2020-10-25,5396596,157224,570146.0603949454,47625.95813632023,89.43507980966251,69.70821367200921,Brazil,Brazil,None,delphi_constant
2020-10-26,5415207,157526,570146.173234242,47627.73082188123,89.47138727597593,69.76516205459338,Brazil,Brazil,None,delphi_constant
2020-10-27,5445189,158052,570146.2763517593,47629.41749114792,89.5293574501866,69.86471699747683,Brazil,Brazil,None,delphi_constant
2020-10-28,5473540,158556,570146.3705877755,47631.02230433626,89.58358995115088,69.95949550673815,Brazil,Brazil,None,delphi_constant
2020-10-29,5500240,159107,570146.4567059245,47632.54921714599,89.6341531150291,70.06256844944221,Brazil,Brazil,None,delphi_constant
2020-10-30,5524593,159680,570146.5354040036,47634.00199542241,89.67984545822645,70.16908692671441,Brazil,Brazil,None,delphi_constant
2020-10-31,5537763,159972,570146.6073232049,47635.38422847094,89.70438772256585,70.22267382512506,Brazil,Brazil,None,delphi_constant
2020-11-01,5547951,160175,570146.6730479165,47636.69933085445,89.7232929229563,70.25959149002375,Brazil,Brazil,None,delphi_constant
2020-11-02,5556200,160340,570146.7331096197,47637.950549336594,89.73854913232749,70.28941589788164,Brazil,Brazil,None,delphi_constant
2020-11-03,5570782,160628,570146.7879970396,47639.140979054806,89.76540837539434,70.34194475492765,Brazil,Brazil,None,delphi_constant
2020-11-04,5594098,161246,570146.838157322,47640.27356652192,89.80806488986566,70.4549113984087,Brazil,Brazil,None,delphi_constant
2020-11-05,5617943,161849,570146.8839961173,47641.351111725686,89.85132309110084,70.56432161352515,Brazil,Brazil,None,delphi_constant
2020-11-06,5638143,162120,570146.9258853962,47642.376281950215,89.8876824180338,70.61289397856513,Brazil,Brazil,None,delphi_constant
2020-11-07,5655887,162348,570146.9641667067,47643.351618392306,89.91940673201734,70.6535641841031,Brazil,Brazil,None,delphi_constant
2020-11-08,5666389,162538,570146.99915071,47644.27953707625,89.93808933430603,70.68729802441506,Brazil,Brazil,None,delphi_constant
2020-11-09,5679803,162724,570147.0311202662,47645.16233547479,89.96185200225668,70.72026109518276,Brazil,Brazil,None,delphi_constant
2020-11-10,5726227,162922,570147.0603356833,47646.002203808646,90.04323334831672,70.75532941910322,Brazil,Brazil,None,delphi_constant
2020-11-11,5752474,163496,570147.0870350768,47646.8012266718,90.08866294684553,70.8575125833832,Brazil,Brazil,None,delphi_constant
2020-11-12,5786393,164429,570147.1114342201,47647.56138418745,90.14676135142878,71.02241004677553,Brazil,Brazil,None,delphi_constant
2020-11-13,5825111,165005,570147.1337309836,47648.284562382694,90.21225288700964,71.12312683713662,Brazil,Brazil,None,delphi_constant
2020-11-14,5851389,165739,570147.1541072442,47648.97255833039,90.25620832750575,71.2505972895152,Brazil,Brazil,None,delphi_constant
2020-11-15,5865295,165879,570147.1727286543,47649.62708085898,90.2793095193225,71.2744668819688,Brazil,Brazil,None,delphi_constant
2020-11-16,5881039,166136,570147.1897455024,47650.24975334499,90.30533227639704,71.31852834223467,Brazil,Brazil,None,delphi_constant
2020-11-17,5916529,166814,570147.2052961675,47650.84212348526,90.36348498763097,71.43474641008233,Brazil,Brazil,None,delphi_constant
2020-11-18,5951281,167568,570147.2195075975,47651.405665054655,90.41975635988962,71.56294419874042,Brazil,Brazil,None,delphi_constant
2020-11-19,5987143,168218,570147.2324949671,47651.9417782548,90.47714022372662,71.67250723569725,Brazil,Brazil,None,delphi_constant
2020-11-20,6025913,168731,570147.2443631594,47652.451794324756,90.53840896204179,71.75833024499069,Brazil,Brazil,None,delphi_constant
2020-11-21,6056135,169088,570147.2552088444,47652.93698263565,90.58562506930834,71.8176706906252,Brazil,Brazil,None,delphi_constant
2020-11-22,6074061,169266,570147.2651205844,47653.398551442435,90.61340896773041,71.84703451877965,Brazil,Brazil,None,delphi_constant
2020-11-23,6092219,169621,570147.2741785316,47653.83764803422,90.64138577128412,71.90569702570187,Brazil,Brazil,None,delphi_constant
2020-11-24,6126752,170248,570147.2824558804,47654.255363844924,90.69413479677519,72.00891912748172,Brazil,Brazil,None,delphi_constant
2020-11-25,6171380,170871,570147.2900201116,47654.6527395683,90.76142953407323,72.11074275941014,Brazil,Brazil,None,delphi_constant
2020-11-26,6212265,171581,570147.2969330125,47655.03076560703,90.82223155430408,72.22592783256478,Brazil,Brazil,None,delphi_constant
2020-11-27,6245773,172140,570147.3032504286,47655.390382098514,90.87146934013727,72.31591124544062,Brazil,Brazil,None,delphi_constant
2020-11-28,6297258,172684,570147.3090233991,47655.73248352562,90.94610211264333,72.40292529503277,Brazil,Brazil,None,delphi_constant
2020-11-29,6318270,172917,570147.3142989995,47656.057922843895,90.97621161648681,72.43992324476835,Brazil,Brazil,None,delphi_constant
2020-11-30,6341965,173268,570147.3191203501,47656.36751179937,91.00992643257491,72.49557476752813,Brazil,Brazil,None,delphi_constant
2020-12-01,6393950,173953,570147.3235264114,47656.662020891206,91.08301873604874,72.60371363477996,Brazil,Brazil,None,delphi_constant
2020-12-02,6442425,174632,570147.3275527395,47656.942182900835,91.15011307771934,72.7100747956269,Brazil,Brazil,None,delphi_constant
2020-12-03,6492564,175393,570147.3312321531,47657.20869671388,91.21845651067663,72.82832912561284,Brazil,Brazil,None,delphi_constant
2020-12-04,6540235,176071,570147.3345947483,47657.46222757318,91.28246409196692,72.93281560985444,Brazil,Brazil,None,delphi_constant
2020-12-05,6580517,176718,570147.3376677472,47657.703407078974,91.33582760035803,73.03177751724273,Brazil,Brazil,None,delphi_constant
2020-12-06,6606947,177058,570147.3404759025,47657.93283535994,91.37048714821077,73.08343433487336,Brazil,Brazil,None,delphi_constant
2020-12-07,6633971,177483,570147.3430420754,47658.15108488492,91.40564010541988,73.14776565367674,Brazil,Brazil,None,delphi_constant
2020-12-08,6681767,178281,570147.3453872644,47658.3587007451,91.46711722531983,73.26784194572326,Brazil,Brazil,None,delphi_constant
2020-12-09,6736358,179134,570147.3475305191,47658.55620078215,91.53626711153832,73.39502484130196,Brazil,Brazil,None,delphi_constant
2020-12-10,6789908,179903,570147.3494890715,47658.744076441435,91.60301804547173,73.50864406016495,Brazil,Brazil,None,delphi_constant
2020-12-11,6842458,180564,570147.3512788323,47658.92279647928,91.66750674569238,73.60552336208808,Brazil,Brazil,None,delphi_constant
2020-12-12,6884782,181241,570147.3529144411,47659.09280744382,91.71873048537424,73.70402237493514,Brazil,Brazil,None,delphi_constant
2020-12-13,6906811,181536,570147.3544092003,47659.254533573745,91.7451432447015,73.74666483035114,Brazil,Brazil,None,delphi_constant
2020-12-14,6934191,182049,570147.3557751769,47659.40837790848,91.77773793979462,73.82056019098788,Brazil,Brazil,None,delphi_constant
2020-12-15,6982223,182983,570147.3570234773,47659.554724471054,91.83430037935658,73.9541079092205,Brazil,Brazil,None,delphi_constant
2020-09-15,4388154,133286,570099.2989057617,47397.06963740469,87.00822033807924,64.43957382065281,Brazil,Brazil,None,themis
2020-09-16,4425451,134248,570103.5241110645,47409.82318241838,87.11761752393001,64.68489423870867,Brazil,Brazil,None,themis
2020-09-17,4461856,135117,570107.8599789932,47421.97204590405,87.22262977606195,64.90303067274729,Brazil,Brazil,None,themis
2020-09-18,4501587,135945,570112.6404345648,47433.54690018552,87.33529663128658,65.10828136365035,Brazil,Brazil,None,themis
2020-09-19,4531145,136626,570118.1096550713,47444.57807345114,87.41779153712646,65.27412200207051,Brazil,Brazil,None,themis
2020-09-20,4546587,136977,570124.4777423121,47455.095326546114,87.46038560919847,65.3554280451856,Brazil,Brazil,None,themis
2020-09-21,4564222,137443,570131.9520710406,47465.12781183159,87.50867175016813,65.46559096364922,Brazil,Brazil,None,themis
2020-09-22,4599189,138237,570140.7563503281,47474.70413370039,87.6034501658808,65.6570208166407,Brazil,Brazil,None,themis
2020-09-23,4631915,139169,570151.1437846945,47483.85247041466,87.6908116020114,65.8804385528281,Brazil,Brazil,None,themis
2020-09-24,4663930,139964,570163.4076988067,47492.60073771319,87.77504362846769,66.06798838436085,Brazil,Brazil,None,themis
2020-09-25,4696240,140786,570177.8914915222,47500.97678324738,87.85884257423977,66.26015599331797,Brazil,Brazil,None,themis
2020-09-26,4720958,141508,570194.9995017658,47509.008622261565,87.92204888283764,66.42662703008907,Brazil,Brazil,None,themis
2020-09-27,4734745,141847,570215.2082145422,47516.724690319155,87.95679158614578,66.50142428791645,Brazil,Brazil,None,themis
2020-09-28,4751616,142238,570239.080431391,47524.1541580453,87.99904957741974,66.58828571967736,Brazil,Brazil,None,themis
2020-09-29,4784464,143096,570267.2804616137,47531.32726444573,88.08085335240031,66.7836087211063,Brazil,Brazil,None,themis
2020-09-30,4817365,144078,570300.5931367447,47538.275727843014,88.16156564560201,67.00518071611002,Brazil,Brazil,None,themis
2020-10-01,4853148,144851,570339.9454680019,47545.03320166954,88.24804136473888,67.17659304963752,Brazil,Brazil,None,themis
2020-10-02,4885966,145505,570386.4323295389,47551.635810993175,88.32602534832336,67.31958639841025,Brazil,Brazil,None,themis
2020-10-03,4908974,146093,570441.347515748,47558.12278790922,88.3796217393747,67.44667931529284,Brazil,Brazil,None,themis
2020-10-04,4917689,146451,570506.2185715326,47564.53717945256,88.39889593320089,67.5218761364193,Brazil,Brazil,None,themis
2020-10-05,4943742,146844,570582.8511325303,47570.926737908616,88.45848243835276,67.60444639351378,Brazil,Brazil,None,themis
2020-10-06,4975268,147654,570673.3766000048,47577.3448716153,88.5297962521817,67.77781511397232,Brazil,Brazil,None,themis
2020-10-07,5006206,148379,570780.3146157766,47583.85188359212,88.59854519339044,67.93087169775231,Brazil,Brazil,None,themis
2020-10-08,5033036,149114,570906.6395091877,47590.51628075431,88.65681390895698,68.08447477718101,Brazil,Brazil,None,themis
2020-10-09,5060769,149768,571055.8667871631,47597.41647367648,88.71602582952978,68.21923476732246,Brazil,Brazil,None,themis
2020-10-10,5084513,150302,571232.1475488921,47604.64262329806,88.76525347562507,68.32733920819545,Brazil,Brazil,None,themis
2020-10-11,5096704,150580,571440.3858933131,47612.29893426565,88.78804054751241,68.38072856005735,Brazil,Brazil,None,themis
2020-10-12,5105340,150774,571686.375587683,47620.50631656343,88.80218799163849,68.41596938692119,Brazil,Brazil,None,themis
2020-10-13,5118699,151152,571976.9577441977,47629.40545291584,88.8257356460265,68.4890669968536,Brazil,Brazil,None,themis
2020-10-14,5146543,151884,572320.2171561376,47639.16061220959,88.87952131836579,68.63451014444604,Brazil,Brazil,None,themis
2020-10-15,5176969,152698,572725.6991483578,47649.96385780929,88.93704599837554,68.79463787488422,Brazil,Brazil,None,themis
2020-10-16,5205565,153341,573204.6818449512,47662.04032676572,88.98861733846466,68.91761477571836,Brazil,Brazil,None,themis
2020-10-17,5226341,153756,573770.485558176,47675.65422616198,89.02156431128057,68.99265444850154,Brazil,Brazil,None,themis
2020-10-18,5238392,153991,574438.8396690334,47691.115940992844,89.0340616038465,69.02993295647613,Brazil,Brazil,None,themis
2020-10-19,5254971,154317,575228.329063848,47708.79068022844,89.05363456689204,69.08390476731115,Brazil,Brazil,None,themis
2020-10-20,5278737,154965,576160.8952644768,47729.10818557205,89.0852509745328,69.2000721546336,Brazil,Brazil,None,themis
2020-10-21,5304593,155536,577262.4563731424,47752.57473616742,89.11768619433872,69.29805656814666,Brazil,Brazil,None,themis
2020-10-22,5329357,156041,578563.6213443804,47779.78698980574,89.14383815262555,69.37997898641656,Brazil,Brazil,None,themis
2020-10-23,5359358,156604,580100.5252875645,47811.44817286793,89.17593254103262,69.46984229466173,Brazil,Brazil,None,themis
2020-10-24,5384342,156991,581915.8522825579,47848.387904883486,89.19244259962392,69.52157263481125,Brazil,Brazil,None,themis
2020-10-25,5396596,157224,584059.9865401351,47891.58454860221,89.17725198365535,69.53926592085038,Brazil,Brazil,None,themis
2020-10-26,5415207,157526,586592.4114463484,47942.19236279369,89.16768257526722,69.56553688737498,Brazil,Brazil,None,themis
2020-10-27,5445189,158052,589583.3607930002,48001.57359845484,89.17239859272102,69.62925265200387,Brazil,Brazil,None,themis
2020-10-28,5473540,158556,593115.7036927859,48071.335205370786,89.16394684805836,69.6817936846472,Brazil,Brazil,None,themis
2020-10-29,5500240,159107,597287.2649189798,48153.3740016378,89.14070540705532,69.7352259789715,Brazil,Brazil,None,themis
2020-10-30,5524593,159680,602213.4596021845,48249.92816797125,89.09940588198651,69.78336161825447,Brazil,Brazil,None,themis
2020-10-31,5537763,159972,608030.4118607825,48363.63824568445,89.02028830304253,69.7674353976418,Brazil,Brazil,None,themis
2020-11-01,5547951,160175,614898.7171658085,48497.62083810271,88.91665198258225,69.7221034255641,Brazil,Brazil,None,themis
2020-11-02,5556200,160340,623007.6650493039,48655.55186915422,88.78716271823721,69.65476370889722,Brazil,Brazil,None,themis
2020-11-03,5570782,160628,632580.3649970983,48841.767548839554,88.64467564882096,69.59324180787935,Brazil,Brazil,None,themis
2020-11-04,5594098,161246,643879.7101054898,49061.38264591678,88.49001733424244,69.57358157974971,Brazil,Brazil,None,themis
2020-11-05,5617943,161849,657215.1563995471,49320.42584731978,88.30149831709672,69.52688873745295,Brazil,Brazil,None,themis
2020-11-06,5638143,162120,672951.0061879032,49626.00504812854,88.06431468325825,69.38933811489727,Brazil,Brazil,None,themis
2020-11-07,5655887,162348,691515.6273984166,49986.49432224227,87.77352469385586,69.21028018685647,Brazil,Brazil,None,themis
2020-11-08,5666389,162538,713412.3015403264,50411.75447069083,87.4097542272455,68.9846346880786,Brazil,Brazil,None,themis
2020-11-09,5679803,162724,739232.0686069796,50913.39610878067,86.9848995007929,68.71180888573248,Brazil,Brazil,None,themis
2020-11-10,5726227,162922,769667.7423527773,51505.074386658715,86.55890270586937,68.38666700221043,Brazil,Brazil,None,themis
2020-11-11,5752474,163496,805530.7518678262,52202.84175592037,85.99679456408101,68.07087527773133,Brazil,Brazil,None,themis
2020-11-12,5786393,164429,847769.9385802964,53025.55393344335,85.34890494682446,67.75170199086332,Brazil,Brazil,None,themis
2020-11-13,5825111,165005,897492.1706466622,53995.32792053717,84.59270268589454,67.27655045572124,Brazil,Brazil,None,themis
2020-11-14,5851389,165739,955986.8729953152,55138.08692818572,83.66222322605256,66.73197803281924,Brazil,Brazil,None,themis
2020-11-15,5865295,165879,1024751.1324957265,56484.16224737173,82.52856621029758,65.94857561995688,Brazil,Brazil,None,themis
2020-11-16,5881039,166136,1105518.030649979,58068.98182133649,81.20199456847712,65.04732157910598,Brazil,Brazil,None,themis
2020-11-17,5916529,166814,1200287.6107811497,59933.85648510537,79.71297680141262,64.07144694983312,Brazil,Brazil,None,themis
2020-11-18,5951281,167568,1311355.7315452502,62126.82875372414,77.9651518463798,62.92440755172578,Brazil,Brazil,None,themis
2020-11-19,5987143,168218,1441346.3882277552,64703.6238316132,75.92597356990211,61.53585000914694,Brazil,Brazil,None,themis
2020-11-20,6025913,168731,1593240.0040951695,67728.67357496843,73.56018906852506,59.859970263337246,Brazil,Brazil,None,themis
2020-11-21,6056135,169088,1770394.9276770994,71276.18535987992,70.76691771770115,57.84669204208465,Brazil,Brazil,None,themis
2020-11-22,6074061,169266,1976566.7358792599,75431.25502169535,67.45889223240826,55.436263028785845,Brazil,Brazil,None,themis
2020-11-23,6092219,169621,2215909.217930638,80290.95702420625,63.6272232181634,52.66449494802752,Brazil,Brazil,None,themis
2020-11-24,6126752,170248,2492958.3682418633,85965.36575767848,59.31027780719926,49.50579991678112,Brazil,Brazil,None,themis
2020-11-25,6171380,170871,2812598.569572597,92578.41265931529,54.42512745005822,45.81970453774175,Brazil,Brazil,None,themis
2020-11-26,6212265,171581,3179990.2821036493,100268.48707553798,48.811097367809495,41.562010318428044,Brazil,Brazil,None,themis
2020-11-27,6245773,172140,3600461.077570539,109188.67044297789,42.353635369544506,36.569844055432846,Brazil,Brazil,None,themis
2020-11-28,6297258,172684,4079361.425272446,119506.40531075693,35.22003663701811,30.794743397907776,Brazil,Brazil,None,themis
2020-11-29,6318270,172917,4621867.646061408,131402.4731605546,26.8491589301912,24.008354782609807,Brazil,Brazil,None,themis
2020-11-30,6341965,173268,5232733.126639881,145069.19402758474,17.490349968189967,16.274676208194965,Brazil,Brazil,None,themis
2020-12-01,6393950,173953,5912500.454383715,160703.80760356606,7.5297671332476,7.6165357288658075,Brazil,Brazil,None,themis
2020-12-02,6442425,174632,6649575.591861261,178469.3826136615,3.2154133243500866,2.1974109061692557,Brazil,Brazil,None,themis
2020-12-03,6492564,175393,7433686.638267293,198473.16004593522,14.495392548572378,13.159111279204541,Brazil,Brazil,None,themis
2020-12-04,6540235,176071,8257580.15276969,220782.11665769262,26.258156668218962,25.393799465949883,Brazil,Brazil,None,themis
2020-12-05,6580517,176718,9115548.33075669,245433.93728486873,38.523285188028396,38.88451503800899,Brazil,Brazil,None,themis
2020-12-06,6606947,177058,10002607.148040976,272442.88014173415,51.39529873693517,53.872109784214295,Brazil,Brazil,None,themis
2020-12-07,6633971,177483,10914049.841564566,301802.8658797444,64.51759951263828,70.04606969667202,Brazil,Brazil,None,themis
2020-12-08,6681767,178281,11845225.022341004,333489.1001739187,77.27683444126387,87.05812743585615,Brazil,Brazil,None,themis
2020-12-09,6736358,179134,12791443.512907024,367458.96153834305,89.88663477960976,105.13077446958314,Brazil,Brazil,None,themis
2020-12-10,6789908,179903,13747976.766676763,403652.6821849805,102.47662805853575,124.3724018971226,Brazil,Brazil,None,themis
2020-12-11,6842458,180564,14710065.235795958,441994.1101471775,114.9821779804269,144.7852895079736,Brazil,Brazil,None,themis
2020-12-12,6884782,181241,15673012.647458564,482391.4279614652,127.64718835626987,166.16021096852543,Brazil,Brazil,None,themis
2020-12-13,6906811,181536,16632210.518310089,524738.370443194,140.8088265092253,189.05471666401928,Brazil,Brazil,None,themis
2020-12-14,6934191,182049,17583250.586441796,568915.4321294382,153.57320827248336,212.5067603389407,Brazil,Brazil,None,themis
2020-12-15,6982223,182983,18521957.383607183,614791.3936956146,165.27307110653987,235.98279277070256,Brazil,Brazil,None,themis
2020-09-15,4388154,133286,188768035.0164097,0.0,4201.764136272558,100.0,Brazil,Brazil,None,sir
2020-09-16,4425451,134248,188867575.78305176,0.0,4167.75882916909,100.0,Brazil,Brazil,None,sir
2020-09-17,4461856,135117,188961410.3064781,0.0,4135.040537087663,100.0,Brazil,Brazil,None,sir
2020-09-18,4501587,135945,189049879.34294164,0.0,4099.62736126041,100.0,Brazil,Brazil,None,sir
2020-09-19,4531145,136626,189133304.863224,0.0,4074.073106537619,100.0,Brazil,Brazil,None,sir
2020-09-20,4546587,136977,189211990.0526356,0.0,4061.6269534188086,100.0,Brazil,Brazil,None,sir
2020-09-21,4564222,137443,189286219.31101555,0.0,4047.173807738001,100.0,Brazil,Brazil,None,sir
2020-09-22,4599189,138237,189356258.25273162,0.0,4017.1662711128333,100.0,Brazil,Brazil,None,sir
2020-09-23,4631915,139169,189422354.37845653,0.0,3989.5041117649293,100.0,Brazil,Brazil,None,sir
2020-09-24,4663930,139964,189484735.13881782,0.0,3962.7697057807004,100.0,Brazil,Brazil,None,sir
2020-09-25,4696240,140786,189543613.0730995,0.0,3936.0716886934974,100.0,Brazil,Brazil,None,sir
2020-09-26,4720958,141508,189599190.124432,0.0,3916.1168585789583,100.0,Brazil,Brazil,None,sir
2020-09-27,4734745,141847,189651657.65502626,0.0,3905.530554549955,100.0,Brazil,Brazil,None,sir
2020-09-28,4751616,142238,189701196.44617364,0.0,3892.3511589777804,100.0,Brazil,Brazil,None,sir
2020-09-29,4784464,143096,189747976.69824603,0.0,3865.919206378103,100.0,Brazil,Brazil,None,sir
2020-09-30,4817365,144078,189792158.033179,0.0,3839.7504244162315,100.0,Brazil,Brazil,None,sir
2020-10-01,4853148,144851,189833889.68043005,0.0,3811.5619321815457,100.0,Brazil,Brazil,None,sir
2020-10-02,4885966,145505,189873308.89926922,0.0,3786.0955827213947,100.0,Brazil,Brazil,None,sir
2020-10-03,4908974,146093,189910544.97739163,0.0,3768.6402693799487,100.0,Brazil,Brazil,None,sir
2020-10-04,4917689,146451,189945720.9362288,0.0,3762.49966063793,100.0,Brazil,Brazil,None,sir
2020-10-05,4943742,146844,189978953.5309487,0.0,3742.8169093562874,100.0,Brazil,Brazil,None,sir
2020-10-06,4975268,147654,190010353.2504556,0.0,3719.0978506174056,100.0,Brazil,Brazil,None,sir
2020-10-07,5006206,148379,190040024.31739017,0.0,3696.088780952885,100.0,Brazil,Brazil,None,sir
2020-10-08,5033036,149114,190068064.7225001,0.0,3676.40979962194,100.0,Brazil,Brazil,None,sir
2020-10-09,5060769,149768,190094565.88478494,0.0,3656.2387432578907,100.0,Brazil,Brazil,None,sir
2020-10-10,5084513,150302,190119612.24819544,0.0,3639.1902085449565,100.0,Brazil,Brazil,None,sir
2020-10-11,5096704,150580,190143284.01615143,0.0,3630.7107498522855,100.0,Brazil,Brazil,None,sir
2020-10-12,5105340,150774,190165657.55095857,0.0,3624.8382585872555,100.0,Brazil,Brazil,None,sir
2020-10-13,5118699,151152,190186805.37380856,0.0,3615.530164477508,100.0,Brazil,Brazil,None,sir
2020-10-14,5146543,151884,190206796.16477895,0.0,3595.8167096783013,100.0,Brazil,Brazil,None,sir
2020-10-15,5176969,152698,190225694.76283324,0.0,3574.4607658039527,100.0,Brazil,Brazil,None,sir
2020-10-16,5205565,153341,190243562.18719488,0.0,3554.6188970302915,100.0,Brazil,Brazil,None,sir
2020-10-17,5226341,153756,190260455.0066646,0.0,3540.4141062870676,100.0,Brazil,Brazil,None,sir
2020-10-18,5238392,153991,190276426.076066,0.0,3532.3441635537392,100.0,Brazil,Brazil,None,sir
2020-10-19,5254971,154317,190291525.8035016,0.0,3521.1717591496054,100.0,Brazil,Brazil,None,sir
2020-10-20,5278737,154965,190305802.1857218,0.0,3505.138922164939,100.0,Brazil,Brazil,None,sir
2020-10-21,5304593,155536,190319300.80812478,0.0,3487.820984722575,100.0,Brazil,Brazil,None,sir
2020-10-22,5329357,156041,190332064.8447566,0.0,3471.388909483013,100.0,Brazil,Brazil,None,sir
2020-10-23,5359358,156604,190344135.059917,0.0,3451.621949119969,100.0,Brazil,Brazil,None,sir
2020-10-24,5384342,156991,190355549.72379646,0.0,3435.3539898430754,100.0,Brazil,Brazil,None,sir
2020-10-25,5396596,157224,190366344.18641317,0.0,3427.5263181904515,100.0,Brazil,Brazil,None,sir
2020-10-26,5415207,157526,190376551.93999946,0.0,3415.5914065704133,100.0,Brazil,Brazil,None,sir
2020-10-27,5445189,158052,190386204.93803945,0.0,3396.411326366072,100.0,Brazil,Brazil,None,sir
2020-10-28,5473540,158556,190395333.595269,0.0,3378.4679310879064,100.0,Brazil,Brazil,None,sir
2020-10-29,5500240,159107,190403966.78767568,0.0,3361.7392475178476,100.0,Brazil,Brazil,None,sir
2020-10-30,5524593,159680,190412131.85249898,0.0,3346.627323542187,100.0,Brazil,Brazil,None,sir
2020-10-31,5537763,159972,190419854.5934787,0.0,3338.5699531287037,100.0,Brazil,Brazil,None,sir
2020-11-01,5547951,160175,190427159.03279796,0.0,3332.387182813942,100.0,Brazil,Brazil,None,sir
2020-11-02,5556200,160340,190434067.55677554,0.0,3327.415635808206,100.0,Brazil,Brazil,None,sir
2020-11-03,5570782,160628,190440601.52424252,0.0,3318.56137117271,100.0,Brazil,Brazil,None,sir
2020-11-04,5594098,161246,190446781.3011469,0.0,3304.4233994675624,100.0,Brazil,Brazil,None,sir
2020-11-05,5617943,161849,190452626.26055357,0.0,3290.0775828546775,100.0,Brazil,Brazil,None,sir
2020-11-06,5638143,162120,190458154.78264436,0.0,3278.0298722938446,100.0,Brazil,Brazil,None,sir
2020-11-07,5655887,162348,190463384.2547287,0.0,3267.5245678481324,100.0,Brazil,Brazil,None,sir
2020-11-08,5666389,162538,190468331.04118565,0.0,3261.37054906018,100.0,Brazil,Brazil,None,sir
2020-11-09,5679803,162724,190473010.27443355,0.0,3253.5143784816755,100.0,Brazil,Brazil,None,sir
2020-11-10,5726227,162922,190477436.26971355,0.0,3226.4038654023593,100.0,Brazil,Brazil,None,sir
2020-11-11,5752474,163496,190481622.69679618,0.0,3211.2991505358596,100.0,Brazil,Brazil,None,sir
2020-11-12,5786393,164429,190485582.5799814,0.0,3191.9572275851538,100.0,Brazil,Brazil,None,sir
2020-11-13,5825111,165005,190489328.29809847,0.0,3170.1407457831874,100.0,Brazil,Brazil,None,sir
2020-11-14,5851389,165739,190492871.5845061,0.0,3155.5154269269415,100.0,Brazil,Brazil,None,sir
2020-11-15,5865295,165879,190496223.52887982,0.0,3147.8540896728946,100.0,Brazil,Brazil,None,sir
2020-11-16,5881039,166136,190499394.4754488,0.0,3139.213249146091,100.0,Brazil,Brazil,None,sir
2020-11-17,5916529,166814,190502394.05489194,0.0,3119.8336905792557,100.0,Brazil,Brazil,None,sir
2020-11-18,5951281,167568,190505231.45634478,0.0,3101.0794223352045,100.0,Brazil,Brazil,None,sir
2020-11-19,5987143,168218,190507915.44721916,0.0,3081.950313316705,100.0,Brazil,Brazil,None,sir
2020-11-20,6025913,168731,190510454.3732034,0.0,3061.520160898496,100.0,Brazil,Brazil,None,sir
2020-11-21,6056135,169088,190512856.15826216,0.0,3045.782849263799,100.0,Brazil,Brazil,None,sir
2020-11-22,6074061,169266,190515128.30463663,0.0,3036.5363025599618,100.0,Brazil,Brazil,None,sir
2020-11-23,6092219,169621,190517277.8806107,0.0,3027.223067335739,100.0,Brazil,Brazil,None,sir
2020-11-24,6126752,170248,190519311.42691454,0.0,3009.6298891633696,100.0,Brazil,Brazil,None,sir
2020-11-25,6171380,170871,190521235.12627617,0.0,2987.1739404521545,100.0,Brazil,Brazil,None,sir
2020-11-26,6212265,171581,190523054.88494495,0.0,2966.8855060906926,100.0,Brazil,Brazil,None,sir
2020-11-27,6245773,172140,190524776.33271384,0.0,2950.459508097938,100.0,Brazil,Brazil,None,sir
2020-11-28,6297258,172684,190526404.82291937,0.0,2925.5454806348953,100.0,Brazil,Brazil,None,sir
2020-11-29,6318270,172917,190527945.43244168,0.0,2915.508128529513,100.0,Brazil,Brazil,None,sir
2020-11-30,6341965,173268,190529402.9624049,0.0,2904.2644978710055,100.0,Brazil,Brazil,None,sir
2020-12-01,6393950,173953,190530781.89522973,0.0,2879.8603663655445,100.0,Brazil,Brazil,None,sir
2020-12-02,6442425,174632,190532086.40247142,0.0,2857.459130722848,100.0,Brazil,Brazil,None,sir
2020-12-03,6492564,175393,190533320.46437812,0.0,2834.6390804061093,100.0,Brazil,Brazil,None,sir
2020-12-04,6540235,176071,190534487.87956852,0.0,2813.266692703986,100.0,Brazil,Brazil,None,sir
2020-12-05,6580517,176718,190535592.2650317,0.0,2795.450194339315,100.0,Brazil,Brazil,None,sir
2020-12-06,6606947,177058,190536637.05612713,0.0,2783.883237690981,100.0,Brazil,Brazil,None,sir
2020-12-07,6633971,177483,190537625.50658476,0.0,2772.150413479118,100.0,Brazil,Brazil,None,sir
2020-12-08,6681767,178281,190538560.6833759,0.0,2751.6193498422786,100.0,Brazil,Brazil,None,sir
2020-12-09,6736358,179134,190539445.42552277,0.0,2728.5231489407597,100.0,Brazil,Brazil,None,sir
2020-12-10,6789908,179903,190540282.41563872,0.0,2706.2277488242657,100.0,Brazil,Brazil,None,sir
2020-12-11,6842458,180564,190541074.21680543,0.0,2684.6875233549904,100.0,Brazil,Brazil,None,sir
2020-12-12,6884782,181241,190541823.2726004,0.0,2667.5796165020247,100.0,Brazil,Brazil,None,sir
2020-12-13,6906811,181536,190542531.907097,0.0,2658.7627909189496,100.0,Brazil,Brazil,None,sir
2020-12-14,6934191,182049,190543202.32486436,0.0,2647.8793463414027,100.0,Brazil,Brazil,None,sir
2020-12-15,6982223,182983,190543836.60633692,0.0,2628.985261661464,100.0,Brazil,Brazil,None,sir
2020-09-15,4388154,133286,144639687.91216573,10381368.822943594,3196.1397414987196,7688.7916382392705,Brazil,Brazil,None,seir
2020-09-16,4425451,134248,146216542.14978552,10556955.076488622,3203.9918903132248,7763.7708394081255,Brazil,Brazil,None,seir
2020-09-17,4461856,135117,147725418.30431247,10727637.892834742,3210.8513207130054,7839.517523949422,Brazil,Brazil,None,seir
2020-09-18,4501587,135945,149167988.46226606,10893341.097169647,3213.675565134386,7913.050202044686,Brazil,Brazil,None,seir
2020-09-19,4531145,136626,150545980.0075376,11054014.467083918,3222.4710312192087,7990.7107483816535,Brazil,Brazil,None,seir
2020-09-20,4546587,136977,151861068.38799712,11209637.699079586,3240.111349194398,8083.591186169639,Brazil,Brazil,None,seir
2020-09-21,4564222,137443,153115096.12008035,11360203.22262282,3254.681172828148,8165.3923609225785,Brazil,Brazil,None,seir
2020-09-22,4599189,138237,154310070.02043334,11505714.897544524,3255.15826856503,8223.180405784648,Brazil,Brazil,None,seir
2020-09-23,4631915,139169,155448071.81097168,11646191.998358665,3256.021684572616,8268.380888242831,Brazil,Brazil,None,seir
2020-09-24,4663930,139964,156531040.69246444,11781678.987417603,3256.204760630293,8317.649529463008,Brazil,Brazil,None,seir
2020-09-25,4696240,140786,157560974.05871096,11912230.795151217,3255.0451863344074,8361.232505470158,Brazil,Brazil,None,seir
2020-09-26,4720958,141508,158539953.1550875,12037909.233672744,3258.215708656749,8406.875394799406,Brazil,Brazil,None,seir
2020-09-27,4734745,141847,159470089.5500935,12158785.399701953,3268.0819040960705,8471.760699698938,Brazil,Brazil,None,seir
2020-09-28,4751616,142238,160353339.86044422,12274948.144166375,3274.7116741008576,8529.865538158843,Brazil,Brazil,None,seir
2020-09-29,4784464,143096,161191653.8991523,12386493.159083175,3269.063993357507,8556.072258541939,Brazil,Brazil,None,seir
2020-09-30,4817365,144078,161987013.24757627,12493519.078031547,3262.5646644498865,8571.357929754402,Brazil,Brazil,None,seir
2020-10-01,4853148,144851,162741389.85872227,12596129.382470207,3253.3160303110944,8595.921590096172,Brazil,Brazil,None,seir
2020-10-02,4885966,145505,163456601.2856321,12694439.102752628,3245.430592141495,8624.40060668199,Brazil,Brazil,None,seir
2020-10-03,4908974,146093,164134430.50807068,12788566.252402762,3243.5587662120574,8653.715956550117,Brazil,Brazil,None,seir
2020-10-04,4917689,146451,164776660.1972616,12878628.781292887,3250.6929819527345,8693.814163981733,Brazil,Brazil,None,seir
2020-10-05,4943742,146844,165385039.2510606,12964746.177873788,3245.3412263637665,8728.924694147387,Brazil,Brazil,None,seir
2020-10-06,4975268,147654,165961173.07548487,13047044.616700614,3235.7232831575075,8736.2283559542,Brazil,Brazil,None,seir
2020-10-07,5006206,148379,166506622.05193424,13125650.277310684,3226.0042046199105,8746.029611542524,Brazil,Brazil,None,seir
2020-10-08,5033036,149114,167022928.55391422,13200687.215673845,3218.5323640425822,8752.748377532522,Brazil,Brazil,None,seir
2020-10-09,5060769,149768,167511591.5451446,13272278.63200649,3210.0027198464227,8761.892147859684,Brazil,Brazil,None,seir
2020-10-10,5084513,150302,167973983.5423747,13340550.838679565,3203.6395726075375,8775.830553605118,Brazil,Brazil,None,seir
2020-10-11,5096704,150580,168411428.95848587,13405628.273437157,3204.320379572482,8802.661889651452,Brazil,Brazil,None,seir
2020-10-12,5105340,150774,168825226.07685447,13467632.016035393,3206.8360986115417,8832.33051854789,Brazil,Brazil,None,seir
2020-10-13,5118699,151152,169216630.39855266,13526680.65580973,3205.8523347153773,8849.058335853797,Brazil,Brazil,None,seir
2020-10-14,5146543,151884,169586790.47816762,13582893.435524916,3195.1593035979226,8842.938976801319,Brazil,Brazil,None,seir
2020-10-15,5176969,152698,169936806.2810653,13636386.783187967,3182.5540636048872,8830.298224723289,Brazil,Brazil,None,seir
2020-10-16,5205565,153341,170267749.46044025,13687273.18496596,3170.879327420563,8826.036210123815,Brazil,Brazil,None,seir
2020-10-17,5226341,153756,170580654.80529106,13735661.6552332,3163.8638543732804,8833.415057125056,Brazil,Brazil,None,seir
2020-10-18,5238392,153991,170876470.777433,13781660.232386257,3162.00236212626,8849.65305270195,Brazil,Brazil,None,seir
2020-10-19,5254971,154317,171156096.86882246,13825373.887284668,3157.0321866442737,8859.073781426978,Brazil,Brazil,None,seir
2020-10-20,5278737,154965,171420405.42252573,13866903.534823526,3147.3753744982128,8848.40998601202,Brazil,Brazil,None,seir
2020-10-21,5304593,155536,171670238.78221038,13906346.210463177,3136.256556953764,8840.917993559804,Brazil,Brazil,None,seir
2020-10-22,5329357,156041,171906374.81670654,13943796.874150252,3125.64945108212,8835.982770009326,Brazil,Brazil,None,seir
2020-10-23,5359358,156604,172129541.2688398,13979347.602418795,3111.756730355386,8826.558454713031,Brazil,Brazil,None,seir
2020-10-24,5384342,156991,172340441.23542976,14013086.613427015,3100.770702073341,8826.044558877269,Brazil,Brazil,None,seir
2020-10-25,5396596,157224,172539753.07657352,14045098.3121175,3097.1960301748272,8833.17706718917,Brazil,Brazil,None,seir
2020-10-26,5415207,157526,172728112.72676,14075464.282996638,3089.686243328464,8835.327681142566,Brazil,Brazil,None,seir
2020-10-27,5445189,158052,172906105.77137995,14104263.592193026,3075.3921814537557,8823.812158146071,Brazil,Brazil,None,seir
2020-10-28,5473540,158556,173074294.89115417,14131571.833643269,3062.0175405889822,8812.669235880869,Brazil,Brazil,None,seir
2020-10-29,5500240,159107,173233221.74358892,14157461.16649283,3049.5575055559198,8798.07561357629,Brazil,Brazil,None,seir
2020-10-30,5524593,159680,173383402.81059492,14182000.579299556,3038.392327011147,8781.513388839901,Brazil,Brazil,None,seir
2020-10-31,5537763,159972,173525311.03342268,14205256.793752171,3033.491105224667,8779.839468002006,Brazil,Brazil,None,seir
2020-11-01,5547951,160175,173659394.3045879,14227293.567813268,3030.1537144900503,8782.3434167712,Brazil,Brazil,None,seir
2020-11-02,5556200,160340,173786083.14371604,14248171.693289384,3027.786673332782,8786.224082131337,Brazil,Brazil,None,seir
2020-11-03,5570782,160628,173905790.52648938,14267949.017686099,3021.748266697375,8782.60391568475,Brazil,Brazil,None,seir
2020-11-04,5594098,161246,174018902.78127676,14286680.980818428,3010.758924517889,8760.176984742833,Brazil,Brazil,None,seir
2020-11-05,5617943,161849,174125776.11597753,14304420.705795404,2999.457864132433,8738.127332140084,Brazil,Brazil,None,seir
2020-11-06,5638143,162120,174226751.57331243,14321218.771366261,2990.144247375642,8733.715008244671,Brazil,Brazil,None,seir
2020-11-07,5655887,162348,174322156.09723932,14337123.300852077,2982.136472974784,8731.105588521003,Brazil,Brazil,None,seir
2020-11-08,5666389,162538,174412301.94881004,14352180.01165342,2978.014974771588,8730.04590412914,Brazil,Brazil,None,seir
2020-11-09,5679803,162724,174497477.88922736,14366432.676302876,2972.245250217787,8728.711607570413,Brazil,Brazil,None,seir
2020-11-10,5726227,162922,174577953.36513335,14379922.951113774,2948.7431491125544,8726.262230462291,Brazil,Brazil,None,seir
2020-11-11,5752474,163496,174653986.55510154,14392690.466157753,2936.154297352783,8703.08415261398,Brazil,Brazil,None,seir
2020-11-12,5786393,164429,174725824.48136705,14404772.869747557,2919.598296924648,8660.481952543381,Brazil,Brazil,None,seir
2020-11-13,5825111,165005,174793702.37372726,14416205.883940043,2900.6930747538936,8636.829722699338,Brazil,Brazil,None,seir
2020-11-14,5851389,165739,174857837.24719983,14427023.609425142,2888.3133260700974,8604.664327300841,Brazil,Brazil,None,seir
2020-11-15,5865295,165879,174918432.45296258,14437258.383743303,2882.261462602692,8603.487713178463,Brazil,Brazil,None,seir
2020-11-16,5881039,166136,174975682.656833,14446940.95818487,2875.2511870238063,8595.852168214518,Brazil,Brazil,None,seir
2020-11-17,5916529,166814,175029773.86468646,14456100.525597299,2858.3185321104056,8565.999571736964,Brazil,Brazil,None,seir
2020-11-18,5951281,167568,175080883.16495797,14464764.747835152,2841.902477213863,8532.176040673132,Brazil,Brazil,None,seir
2020-11-19,5987143,168218,175129174.5625085,14472959.957695955,2825.0875511493296,8503.692802016403,Brazil,Brazil,None,seir
2020-11-20,6025913,168731,175174801.09004277,14480711.064915398,2807.025061431235,8482.128396628597,Brazil,Brazil,None,seir
2020-11-21,6056135,169088,175217909.08763725,14488041.745249106,2793.229907979879,8468.344143433658,Brazil,Brazil,None,seir
2020-11-22,6074061,169266,175258638.29302925,14494974.477587335,2785.361840999444,8463.42944099071,Brazil,Brazil,None,seir
2020-11-23,6092219,169621,175297121.83105895,14501530.546130275,2777.3936365560553,8449.372156826263,Brazil,Brazil,None,seir
2020-11-24,6126752,170248,175333484.366176,14507730.162225222,2761.7689171387387,8421.527514111896,Brazil,Brazil,None,seir
2020-11-25,6171380,170871,175367841.0297063,14513592.415342057,2741.6308998912123,8393.888615003165,Brazil,Brazil,None,seir
2020-11-26,6212265,171581,175400301.54967484,14519135.409585996,2723.4516967591503,8361.97155255302,Brazil,Brazil,None,seir
2020-11-27,6245773,172140,175430970.70712015,14524376.349898532,2708.7951756671296,8337.537091842994,Brazil,Brazil,None,seir
2020-11-28,6297258,172684,175459948.3360943,14529331.542057449,2686.291245111671,8313.82614605722,Brazil,Brazil,None,seir
2020-11-29,6318270,172917,175487329.0985177,14534016.418296544,2677.458530555321,8305.198111404052,Brazil,Brazil,None,seir
2020-11-30,6341965,173268,175513200.45792904,14538445.592443999,2667.489263310804,8290.72742366969,Brazil,Brazil,None,seir
2020-12-01,6393950,173953,175537644.480307,14542632.82969079,2645.3709284606075,8260.093145671986,Brazil,Brazil,None,seir
2020-12-02,6442425,174632,175560739.56974533,14546591.220455583,2625.07230693016,8229.85433394543,Brazil,Brazil,None,seir
2020-12-03,6492564,175393,175582560.48615766,14550333.193456428,2604.363953688522,8195.84601064833,Brazil,Brazil,None,seir
2020-12-04,6540235,176071,175603178.3452778,14553870.515710764,2584.967410884743,8165.910067933257,Brazil,Brazil,None,seir
2020-12-05,6580517,176718,175622660.28368884,14557214.324360644,2568.827696724875,8137.539087337253,Brazil,Brazil,None,seir
2020-12-06,6606947,177058,175641068.19503543,14560375.115482034,2558.430106901651,8123.505922060587,Brazil,Brazil,None,seir
2020-12-07,6633971,177483,175658460.57750824,14563362.786149496,2547.862955347683,8105.497307431978,Brazil,Brazil,None,seir
2020-12-08,6681767,178281,175674893.28906438,14566186.75414397,2529.1682019002515,8070.352844186408,Brazil,Brazil,None,seir
2020-12-09,6736358,179134,175690419.54737863,14568855.95960999,2508.0920810232865,8032.937331612084,Brazil,Brazil,None,seir
2020-12-10,6789908,179903,175705089.9298436,14571378.86505569,2487.738890274266,7999.575251694351,Brazil,Brazil,None,seir
2020-12-11,6842458,180564,175718952.01071757,14573763.460138973,2468.067674083167,7971.245353525051,Brazil,Brazil,None,seir
2020-12-12,6884782,181241,175732049.79975295,14576017.267829806,2452.4707942786417,7942.339905335883,Brazil,Brazil,None,seir
2020-12-13,6906811,181536,175744425.24426258,14578147.409004984,2444.5089672247086,7930.4443245444345,Brazil,Brazil,None,seir
2020-12-14,6934191,182049,175756118.23102036,14580160.645565826,2434.630474283451,7908.921029813855,Brazil,Brazil,None,seir
2020-12-15,6982223,182983,175767166.57670218,14582063.380903726,2417.3525190573573,7869.080942439312,Brazil,Brazil,None,seir
2020-09-15,4388154,133286,150239807.8162297,23437120.905396312,3323.758779118274,17484.08302852236,Brazil,Brazil,None,seird
2020-09-16,4425451,134248,150390105.88964564,23464413.40485188,3298.3001029645484,17378.408173568234,Brazil,Brazil,None,seird
2020-09-17,4461856,135117,150528456.98568287,23489543.15253945,3273.6735785664728,17284.594945520883,Brazil,Brazil,None,seird
2020-09-18,4501587,135945,150655795.03293127,23512678.34704268,3246.7262774868345,17195.728674863127,Brazil,Brazil,None,seird
2020-09-19,4531145,136626,150772980.28503498,23533975.230824593,3227.480808604337,17125.107395974846,Brazil,Brazil,None,seird
2020-09-20,4546587,136977,150880813.4594481,23553576.91822324,3218.551112283744,17095.278709727354,Brazil,Brazil,None,seird
2020-09-21,4564222,137443,150980033.33319482,23571615.938459557,3207.902931391042,17050.10290699385,Brazil,Brazil,None,seird
2020-09-22,4599189,138237,151071316.51762226,23588215.81424407,3184.7381683514695,16963.605123262274,Brazil,Brazil,None,seird
2020-09-23,4631915,139169,151155291.6532913,23603489.874977283,3163.3433828835655,16860.30716249832,Brazil,Brazil,None,seird
2020-09-24,4663930,139964,151232540.93523586,23617542.157257244,3142.5988583712847,16774.012001126892,Brazil,Brazil,None,seird
2020-09-25,4696240,140786,151303596.35308605,23630469.76794608,3121.802896638291,16684.673027109286,Brazil,Brazil,None,seird
2020-09-26,4720958,141508,151368949.07115933,23642362.021330297,3106.3184860182896,16607.438463783175,Brazil,Brazil,None,seird
2020-09-27,4734745,141847,151429055.19899237,23653300.792138595,3098.2515467885255,16575.221042488454,Brazil,Brazil,None,seird
2020-09-28,4751616,142238,151484334.05390292,23663361.810556483,3088.059263499048,16536.455666247053,Brazil,Brazil,None,seird
2020-09-29,4784464,143096,151535168.50031766,23672615.224616464,3067.2339576662644,16443.170476195326,Brazil,Brazil,None,seird
2020-09-30,4817365,144078,151581913.86761153,23681125.440198254,3046.5731549843435,16336.322991850424,Brazil,Brazil,None,seird
2020-10-01,4853148,144851,151624899.18308595,23688951.498501435,3024.258711728675,16254.01308827791,Brazil,Brazil,None,seird
2020-10-02,4885966,145505,151664425.07048193,23696148.19854365,3004.0826946090483,16185.452870034464,Brazil,Brazil,None,seird
2020-10-03,4908974,146093,151700767.05525857,23702765.96453913,2990.2744046975718,16124.436464812914,Brazil,Brazil,None,seird
2020-10-04,4917689,146451,151734181.0705013,23708851.131793514,2985.477366919732,16088.93085864454,Brazil,Brazil,None,seird
2020-10-05,4943742,146844,151764903.5903185,23714446.200540677,2969.8386685696482,16049.414481041566,Brazil,Brazil,None,seird
2020-10-06,4975268,147654,151793149.93090883,23719590.600279752,2950.9542386643056,15964.306148346643,Brazil,Brazil,None,seird
2020-10-07,5006206,148379,151819117.92376772,23724320.5139979,2932.6182726753095,15889.001485383982,Brazil,Brazil,None,seird
2020-10-08,5033036,149114,151842991.32015648,23728669.214821894,2916.926390356765,15813.106223977557,Brazil,Brazil,None,seird
2020-10-09,5060769,149768,151864939.7495123,23732667.225845497,2900.8273396693726,15746.287074572336,Brazil,Brazil,None,seird
2020-10-10,5084513,150302,151885117.42783383,23736342.829685714,2887.210720630153,15692.43312110665,Brazil,Brazil,None,seird
2020-10-11,5096704,150580,151903666.02739024,23739721.95399379,2880.4294310085547,15665.521287019385,Brazil,Brazil,None,seird
2020-10-12,5105340,150774,151920717.15828964,23742828.458459523,2875.721835534747,15647.2962569538,Brazil,Brazil,None,seird
2020-10-13,5118699,151152,151936392.3653634,23745684.221403793,2868.26190337356,15609.804846382312,Brazil,Brazil,None,seird
2020-10-14,5146543,151884,151950802.16834292,23748309.496000167,2852.4829029572456,15535.820426114777,Brazil,Brazil,None,seird
2020-10-15,5176969,152698,151964047.79961202,23750722.839916434,2835.386474201642,15454.049718998567,Brazil,Brazil,None,seird
2020-10-16,5205565,153341,151976223.33613598,23752941.340458598,2819.495258173435,15390.274186589755,Brazil,Brazil,None,seird
2020-10-17,5226341,153756,151987415.76531416,23754980.663062245,2808.1036955934214,15349.791008521453,Brazil,Brazil,None,seird
2020-10-18,5238392,153991,151997704.38011375,23756855.290509008,2801.6099669538617,15327.431012532557,Brazil,Brazil,None,seird
2020-10-19,5254971,154317,152007161.42762542,23758578.49829808,2792.6355907125926,15295.956698418244,Brazil,Brazil,None,seird
2020-10-20,5278737,154965,152015854.0369719,23760162.50748287,2779.7770003880073,15232.599301444114,Brazil,Brazil,None,seird
2020-10-21,5304593,155536,152023844.36988792,23761618.53199476,2765.8908302651666,15177.246767304521,Brazil,Brazil,None,seird
2020-10-22,5329357,156041,152031189.35462135,23762956.910475276,2752.7116752475267,15128.66228137174,Brazil,Brazil,None,seird
2020-10-23,5359358,156604,152037940.57732677,23764187.143587247,2736.868531218231,15074.69997164009,Brazil,Brazil,None,seird
2020-10-24,5384342,156991,152044145.86243656,23765317.960175246,2723.820363982016,15038.012981747519,Brazil,Brazil,None,seird
2020-10-25,5396596,157224,152049849.56852216,23766357.386764027,2717.5140323367204,15016.240133035686,Brazil,Brazil,None,seird
2020-10-26,5415207,157526,152055092.51583457,23767312.792853057,2707.927610446555,14987.866633351356,Brazil,Brazil,None,seird
2020-10-27,5445189,158052,152059911.64300144,23768190.982154805,2692.555256447507,14938.209565304334,Brazil,Brazil,None,seird
2020-10-28,5473540,158556,152064340.97578317,23768998.183060978,2678.1717311974185,14890.9168893394,Brazil,Brazil,None,seird
2020-10-29,5500240,159107,152068412.12831312,23769740.134325743,2664.7595764605385,14839.468492477226,Brazil,Brazil,None,seird
2020-10-30,5524593,159680,152072154.29772282,23770422.096791293,2652.6399555174985,14786.28638326108,Brazil,Brazil,None,seird
2020-10-31,5537763,159972,152075594.0182164,23771048.931857437,2646.1556953270915,14759.505995960191,Brazil,Brazil,None,seird
2020-11-01,5547951,160175,152078755.49609137,23771625.087047204,2641.1697669300133,14741.033299233468,Brazil,Brazil,None,seird
2020-11-02,5556200,160340,152081661.23471412,23772154.660180733,2637.152392547319,14726.091218773065,Brazil,Brazil,None,seird
2020-11-03,5570782,160628,152084332.06861767,23772641.41198205,2630.0356048507674,14699.811621872928,Brazil,Brazil,None,seird
2020-11-04,5594098,161246,152086787.0738348,23773088.807447843,2618.7007999115285,14643.366537742237,Brazil,Brazil,None,seird
2020-11-05,5617943,161849,152089043.51310465,23773500.028082065,2607.2016129943763,14588.691328387611,Brazil,Brazil,None,seird
2020-11-06,5638143,162120,152091117.38523296,23773877.996205967,2597.5391965977624,14564.370834077206,Brazil,Brazil,None,seird
2020-11-07,5655887,162348,152093023.5352875,23774225.401089504,2589.110011131543,14543.990317767699,Brazil,Brazil,None,seird
2020-11-08,5666389,162538,152094775.6381052,23774544.709796168,2584.156976128981,14527.06856845548,Brazil,Brazil,None,seird
2020-11-09,5679803,162724,152096386.0693151,23774838.2001465,2577.846151870322,14510.529608506735,Brazil,Brazil,None,seird
2020-11-10,5726227,162922,152097866.1932757,23775107.955394797,2556.162010225506,14492.938925003864,Brazil,Brazil,None,seird
2020-11-11,5752474,163496,152099226.57481563,23775355.896145646,2544.0663021652185,14441.857841259509,Brazil,Brazil,None,seird
2020-11-12,5786393,164429,152100476.98187575,23775583.783417515,2528.588776840352,14359.483292738822,Brazil,Brazil,None,seird
2020-11-13,5825111,165005,152101626.31728065,23775793.242743224,2511.1369606052253,14309.135021813416,Brazil,Brazil,None,seird
2020-11-14,5851389,165739,152102682.66503477,23775985.762182355,2499.428659845291,14245.43816614216,Brazil,Brazil,None,seird
2020-11-15,5865295,165879,152103653.5352414,23776162.71159195,2493.2822396016127,14233.437452355,Brazil,Brazil,None,seird
2020-11-16,5881039,166136,152104545.88891137,23776325.349950805,2486.3549942265536,14211.362588452115,Brazil,Brazil,None,seird
2020-11-17,5916529,166814,152105366.121677,23776474.833903275,2470.8547380005575,14153.284996405142,Brazil,Brazil,None,seird
2020-11-18,5951281,167568,152106120.0129012,23776612.229193725,2455.855117795668,14089.231971016974,Brazil,Brazil,None,seird
2020-11-19,5987143,168218,152106812.89574116,23776738.51179751,2440.5575396435524,14034.479373073933,Brazil,Brazil,None,seird
2020-11-20,6025913,168731,152107449.72477052,23776854.58114832,2424.222465952803,13991.574506847184,Brazil,Brazil,None,seird
2020-11-21,6056135,169088,152108035.07464314,23776961.261764534,2411.635475012415,13961.885681872476,Brazil,Brazil,None,seird
2020-11-22,6074061,169266,152108573.09973943,23777059.31521118,2404.231898555833,13947.156141937057,Brazil,Brazil,None,seird
2020-11-23,6092219,169621,152109067.58871177,23777149.437801164,2396.7760940424464,13917.809963271742,Brazil,Brazil,None,seird
2020-11-24,6126752,170248,152109522.06417915,23777232.271252148,2382.710611824653,13866.232949140163,Brazil,Brazil,None,seird
2020-11-25,6171380,170871,152109939.7880311,23777308.404670857,2364.7637933173955,13815.356265645347,Brazil,Brazil,None,seird
2020-11-26,6212265,171581,152110323.7487041,23777378.380425047,2348.548536623987,13757.81548098277,Brazil,Brazil,None,seird
2020-11-27,6245773,172140,152110676.64789152,23777442.696684804,2335.4179482330132,13712.851572374117,Brazil,Brazil,None,seird
2020-11-28,6297258,172684,152111000.98749205,23777501.810717277,2315.5116558269024,13669.37169090204,Brazil,Brazil,None,seird
2020-11-29,6318270,172917,152111299.08985746,23777556.143563773,2307.4833631651936,13650.849334399609,Brazil,Brazil,None,seird
2020-11-30,6341965,173268,152111573.09601352,23777606.08131955,2298.492787267251,13623.022186046788,Brazil,Brazil,None,seird
2020-12-01,6393950,173953,152111824.94499055,23777651.98050417,2278.996159572573,13569.009433872467,Brazil,Brazil,None,seird
2020-12-02,6442425,174632,152112056.41289514,23777694.16703464,2261.099375047364,13515.886073019059,Brazil,Brazil,None,seird
2020-12-03,6492564,175393,152112269.15127584,23777732.941420253,2242.8689983075383,13456.831197037656,Brazil,Brazil,None,seird
2020-12-04,6540235,176071,152112464.6880887,23777768.579309624,2225.7950928076543,13404.647885971923,Brazil,Brazil,None,seird
2020-12-05,6580517,176718,152112644.41894963,23777801.334897332,2211.5606937714715,13355.223200181834,Brazil,Brazil,None,seird
2020-12-06,6606947,177058,152112809.6080116,23777831.44110419,2202.316177320805,13329.402478907581,Brazil,Brazil,None,seird
2020-12-07,6633971,177483,152112961.42850402,23777859.112134714,2192.939800739316,13297.26008244999,Brazil,Brazil,None,seird
2020-12-08,6681767,178281,152113100.96861336,23777884.54502931,2176.540037517222,13237.307141551431,Brazil,Brazil,None,seird
2020-12-09,6736358,179134,152113229.22987387,23777907.920604195,2158.093011533441,13173.810622553057,Brazil,Brazil,None,seird
2020-12-10,6789908,179903,152113347.11775517,23777929.405685987,2140.285834767646,13117.083320281477,Brazil,Brazil,None,seird
2020-12-11,6842458,180564,152113455.46500704,23777949.152868953,2123.082048366348,13068.70979423858,Brazil,Brazil,None,seird
2020-12-12,6884782,181241,152113555.04571715,23777967.30284238,2109.4171615850314,13019.529964435409,Brazil,Brazil,None,seird
2020-12-13,6906811,181536,152113646.57499495,23777983.984566774,2102.3716383001497,12998.219628374964,Brazil,Brazil,None,seird
2020-12-14,6934191,182049,152113730.70224568,23777999.316979233,2093.676676951149,12961.318280781126,Brazil,Brazil,None,seird
2020-12-15,6982223,182983,152113808.02449724,23778013.409311388,2078.5870778475173,12894.65710438204,Brazil,Brazil,None,seird
2020-09-15,261762,9362,183152.0,9064.0,30.03109695066511,3.183080538346507,Germany,Germany,None,delphi
2020-09-16,263663,9368,183152.0,9064.0,30.535570026890387,3.2450896669513236,Germany,Germany,None,delphi
2020-09-17,265857,9371,183152.0,9064.0,31.108829182605685,3.276064454167112,Germany,Germany,None,delphi
2020-09-18,267773,9378,183152.0,9064.0,31.601767168459855,3.3482618895286844,Germany,Germany,None,delphi
2020-09-19,270070,9384,183152.0,9064.0,32.183507979412745,3.410059676044331,Germany,Germany,None,delphi
2020-09-20,271415,9386,183152.0,9064.0,32.51957334708841,3.430641380779885,Germany,Germany,None,delphi
2020-09-21,272337,9386,183152.0,9064.0,32.748029096303476,3.430641380779885,Germany,Germany,None,delphi
2020-09-22,274158,9396,183152.0,9064.0,33.19472712815238,3.5334184759472116,Germany,Germany,None,delphi
2020-09-23,275927,9409,183152.0,9064.0,33.6230234808482,3.666702093740036,Germany,Germany,None,delphi
2020-09-24,278070,9428,183152.0,9064.0,34.13457043190564,3.8608400509121767,Germany,Germany,None,delphi
2020-09-25,280223,9443,183152.0,9064.0,34.64062550183247,4.013555014296304,Germany,Germany,None,delphi
2020-09-26,282730,9452,183152.0,9064.0,35.22017472500265,4.104951333051206,Germany,Germany,None,delphi
2020-09-27,284140,9457,183152.0,9064.0,35.54163440557472,4.155651898064925,Germany,Germany,None,delphi
2020-09-28,285332,9460,183152.0,9064.0,35.81091500427572,4.186046511627907,Germany,Germany,None,delphi
2020-09-29,287421,9471,183152.0,9064.0,36.277446672303,4.29732868757259,Germany,Germany,None,delphi
2020-09-30,289219,9488,183152.0,9064.0,36.673593366964134,4.4688026981450255,Germany,Germany,None,delphi
2020-10-01,291722,9500,183152.0,9064.0,37.21693941492243,4.589473684210526,Germany,Germany,None,delphi
2020-10-02,294395,9508,183152.0,9064.0,37.78698687138029,4.669751787968027,Germany,Germany,None,delphi
2020-10-03,296958,9527,183152.0,9064.0,38.32393806531563,4.859871942899129,Germany,Germany,None,delphi
2020-10-04,299237,9529,183152.0,9064.0,38.793665221880985,4.879840486934621,Germany,Germany,None,delphi
2020-10-05,300619,9534,183152.0,9064.0,39.075041830356696,4.9297251940423745,Germany,Germany,None,delphi
2020-10-06,303258,9546,183152.0,9064.0,39.60522063721319,5.049235281793421,Germany,Germany,None,delphi
2020-10-07,306086,9562,183152.0,9064.0,40.16322210097816,5.208115457017361,Germany,Germany,None,delphi
2020-10-08,310144,9578,183152.0,9064.0,40.94614114733801,5.366464815201503,Germany,Germany,None,delphi
2020-10-09,314660,9589,183152.0,9064.0,41.79368206953537,5.475023464386275,Germany,Germany,None,delphi
2020-10-10,319381,9604,183152.0,9064.0,42.65407146949881,5.622657226155769,Germany,Germany,None,delphi
2020-10-11,322864,9615,183152.0,9064.0,43.272709252192875,5.7306292251690065,Germany,Germany,None,delphi
2020-10-12,325331,9621,183152.0,9064.0,43.702874918160276,5.789418979316079,Germany,Germany,None,delphi
2020-10-13,329453,9634,183152.0,9064.0,44.407244735971446,5.916545567780776,Germany,Germany,None,delphi
2020-10-14,334585,9677,183152.0,9064.0,45.259948891910874,6.334607833006096,Germany,Germany,None,delphi
2020-10-15,341223,9710,183152.0,9064.0,46.324837423034204,6.652935118434604,Germany,Germany,None,delphi
2020-10-16,348557,9734,183152.0,9064.0,47.45421839182688,6.883090199301417,Germany,Germany,None,delphi
2020-10-17,356387,9767,183152.0,9064.0,48.60867540061787,7.197706562915942,Germany,Germany,None,delphi
2020-10-18,361974,9777,183152.0,9064.0,49.40189074353407,7.292625549759641,Germany,Germany,None,delphi
2020-10-19,366299,9789,183152.0,9064.0,49.999317497454264,7.406272346511391,Germany,Germany,None,delphi
2020-10-20,373167,9836,183152.0,9064.0,50.91956148319653,7.848718991459943,Germany,Germany,None,delphi
2020-10-21,380762,9875,183152.0,9064.0,51.89856130601268,8.212658227848102,Germany,Germany,None,delphi
2020-10-22,392049,9905,183152.0,9064.0,53.283390596583594,8.490661282180717,Germany,Germany,None,delphi
2020-10-23,403291,9954,183152.0,9064.0,54.5856465926589,8.941129194293751,Germany,Germany,None,delphi
2020-10-24,418005,10003,183152.0,9064.0,56.18425616918458,9.387183844846545,Germany,Germany,None,delphi
2020-10-25,429181,10032,183152.0,9064.0,57.32523107966103,9.649122807017543,Germany,Germany,None,delphi
2020-10-26,437866,10056,183152.0,9064.0,58.17167809329795,9.86475735879077,Germany,Germany,None,delphi
2020-10-27,449275,10098,183152.0,9064.0,59.23387680151355,10.239651416122005,Germany,Germany,None,delphi
2020-10-28,464239,10183,183152.0,9064.0,60.54790743560967,10.988903073750368,Germany,Germany,None,delphi
2020-10-29,481013,10272,183152.0,9064.0,61.92369021211485,11.7601246105919,Germany,Germany,None,delphi
2020-10-30,499694,10349,183152.0,9064.0,63.347168467101866,12.416658614358875,Germany,Germany,None,delphi
2020-10-31,518753,10452,183152.0,9064.0,64.69379454191109,13.279755070799848,Germany,Germany,None,delphi
2020-11-01,532930,10481,183152.0,9064.0,65.63300996378511,13.51970231848106,Germany,Germany,None,delphi
2020-11-02,545027,10530,183152.0,9064.0,66.39579323593144,13.92212725546059,Germany,Germany,None,delphi
2020-11-03,560379,10661,183152.0,9064.0,67.31640550413202,14.979833036300535,Germany,Germany,None,delphi
2020-11-04,577593,10812,183152.0,9064.0,68.29047443442009,16.16722160562338,Germany,Germany,None,delphi
2020-11-05,597583,10930,183152.0,9064.0,69.35120309647363,17.07227813357731,Germany,Germany,None,delphi
2020-11-06,619089,11096,183152.0,9064.0,70.4158852765919,18.312905551550106,Germany,Germany,None,delphi
2020-11-07,642488,11226,183152.0,9064.0,71.4933197195901,19.258863352930696,Germany,Germany,None,delphi
2020-11-08,658505,11289,183152.0,9064.0,72.18669562114182,19.70945167862521,Germany,Germany,None,delphi
2020-11-09,671868,11352,183152.0,9064.0,72.73988342948317,20.155038759689923,Germany,Germany,None,delphi
2020-11-10,687200,11506,183152.0,9064.0,73.34807916181606,21.223709369024856,Germany,Germany,None,delphi
2020-11-11,705687,11767,183152.0,9064.0,74.04628397575695,22.97102065097306,Germany,Germany,None,delphi
2020-11-12,727553,11982,183152.0,9064.0,74.82630131413107,24.353196461358706,Germany,Germany,None,delphi
2020-11-13,751095,12200,183152.0,9064.0,75.61533494431464,25.704918032786882,Germany,Germany,None,delphi
2020-11-14,773556,12378,183152.0,9064.0,76.32336896100605,26.7733074810147,Germany,Germany,None,delphi
2020-11-15,790503,12485,183152.0,9064.0,76.83095446823098,27.400881057268723,Germany,Germany,None,delphi
2020-11-16,801327,12547,183152.0,9064.0,77.14391253508244,27.75962381445764,Germany,Germany,None,delphi
2020-11-17,815746,12814,183152.0,9064.0,77.5479131984711,29.264866552208524,Germany,Germany,None,delphi
2020-11-18,833307,13119,183152.0,9064.0,78.02106546566871,30.909368092080193,Germany,Germany,None,delphi
2020-11-19,855916,13370,183152.0,9064.0,78.60163847854228,32.206432311144354,Germany,Germany,None,delphi
2020-11-20,879564,13630,183152.0,9064.0,79.17695585540109,33.49963316214233,Germany,Germany,None,delphi
2020-11-21,902528,13884,183152.0,9064.0,79.70677918025812,34.716220109478535,Germany,Germany,None,delphi
2020-11-22,918269,14022,183152.0,9064.0,80.05464629645562,35.358722008272714,Germany,Germany,None,delphi
2020-11-23,929133,14112,183152.0,9064.0,80.28785975742979,35.770975056689345,Germany,Germany,None,delphi
2020-11-24,942687,14361,183152.0,9064.0,80.57128187829046,36.884618062809,Germany,Germany,None,delphi
2020-11-25,961320,14771,183152.0,9064.0,80.94786335455414,38.63651750050775,Germany,Germany,None,delphi
2020-11-26,983588,15160,183152.0,9064.0,81.37919535415234,40.21108179419525,Germany,Germany,None,delphi
2020-11-27,1006394,15586,183152.0,9064.0,81.80116336146678,41.845245733350446,Germany,Germany,None,delphi
2020-11-28,1028089,15965,183152.0,9064.0,82.18519991946222,43.225806451612904,Germany,Germany,None,delphi
2020-11-29,1042700,16123,183152.0,9064.0,82.43483264601515,43.782174533275445,Germany,Germany,None,delphi
2020-11-30,1053869,16248,183152.0,9064.0,82.62098989532855,44.21467257508617,Germany,Germany,None,delphi
2020-12-01,1067473,16636,183152.0,9064.0,82.84247002031901,45.51574897811974,Germany,Germany,None,delphi
2020-12-02,1084743,17123,183152.0,9064.0,83.11563199762524,47.06535069789172,Germany,Germany,None,delphi
2020-12-03,1106789,17602,183152.0,9064.0,83.45194973929087,48.505851607771845,Germany,Germany,None,delphi
2020-12-04,1130238,18034,183152.0,9064.0,83.79527143840501,49.739381168903186,Germany,Germany,None,delphi
2020-12-05,1153556,18517,183152.0,9064.0,84.12283408867883,51.0503861316628,Germany,Germany,None,delphi
2020-12-06,1171323,18772,183152.0,9064.0,84.36366399362089,51.715320690389945,Germany,Germany,None,delphi
2020-12-07,1183655,18919,183152.0,9064.0,84.52657235427553,52.09049104075268,Germany,Germany,None,delphi
2020-12-08,1197709,19342,183152.0,9064.0,84.70813862131786,53.13824837141971,Germany,Germany,None,delphi
2020-12-09,1218524,19932,183152.0,9064.0,84.96935636885281,54.52538631346579,Germany,Germany,None,delphi
2020-12-10,1242203,20372,183152.0,9064.0,85.25587202735785,55.507559395248386,Germany,Germany,None,delphi
2020-12-11,1272078,20970,183152.0,9064.0,85.60214074923078,56.77634716261326,Germany,Germany,None,delphi
2020-12-12,1300516,21466,183152.0,9064.0,85.91697449320115,57.775086182800706,Germany,Germany,None,delphi
2020-12-13,1320716,21787,183152.0,9064.0,86.13237062320741,58.39720934502226,Germany,Germany,None,delphi
2020-12-14,1337078,21975,183152.0,9064.0,86.30207063462267,58.75312855517634,Germany,Germany,None,delphi
2020-12-15,1351510,22475,183152.0,9064.0,86.44834296453597,59.670745272525025,Germany,Germany,None,delphi
2020-09-15,261762,9362,569125.0,12189.0,117.42078682161659,30.196539201025423,Germany,Germany,None,delphi_lookahead
2020-09-16,263663,9368,569128.0,12191.0,115.85432920053249,30.134500426985483,Germany,Germany,None,delphi_lookahead
2020-09-17,265857,9371,569130.0,12193.0,114.07373136686263,30.11418205100843,Germany,Germany,None,delphi_lookahead
2020-09-18,267773,9378,569132.0,12195.0,112.54271341770827,30.038387715930902,Germany,Germany,None,delphi_lookahead
2020-09-19,270070,9384,569133.0,12197.0,110.7353649053949,29.976555839727194,Germany,Germany,None,delphi_lookahead
2020-09-20,271415,9386,569135.0,12199.0,109.69180037949266,29.970168335819302,Germany,Germany,None,delphi_lookahead
2020-09-21,272337,9386,569136.0,12201.0,108.98225360490864,29.991476667376944,Germany,Germany,None,delphi_lookahead
2020-09-22,274158,9396,569138.0,12202.0,107.59489053757324,29.863771817794806,Germany,Germany,None,delphi_lookahead
2020-09-23,275927,9409,569139.0,12204.0,106.26433803143584,29.705601020299717,Germany,Germany,None,delphi_lookahead
2020-09-24,278070,9428,569140.0,12205.0,104.67508181393174,29.454815443360204,Germany,Germany,None,delphi_lookahead
2020-09-25,280223,9443,569141.0,12207.0,103.10288591585987,29.270358996081754,Germany,Germany,None,delphi_lookahead
2020-09-26,282730,9452,569142.0,12208.0,101.30230255013618,29.157850190435887,Germany,Germany,None,delphi_lookahead
2020-09-27,284140,9457,569142.0,12209.0,100.30337157739142,29.100137464312148,Germany,Germany,None,delphi_lookahead
2020-09-28,285332,9460,569143.0,12210.0,99.46693676138673,29.069767441860467,Germany,Germany,None,delphi_lookahead
2020-09-29,287421,9471,569144.0,12211.0,98.01754221159902,28.930419174321614,Germany,Germany,None,delphi_lookahead
2020-09-30,289219,9488,569144.0,12213.0,96.7865181748087,28.720489038785836,Germany,Germany,None,delphi_lookahead
2020-10-01,291722,9500,569145.0,12214.0,95.09841561486621,28.568421052631578,Germany,Germany,None,delphi_lookahead
2020-10-02,294395,9508,569146.0,12215.0,93.32733232561694,28.470761464030293,Germany,Germany,None,delphi_lookahead
2020-10-03,296958,9527,569146.0,12215.0,91.65875308966251,28.214548126377665,Germany,Germany,None,delphi_lookahead
2020-10-04,299237,9529,569146.0,12216.0,90.19907297560128,28.198132018050163,Germany,Germany,None,delphi_lookahead
2020-10-05,300619,9534,569147.0,12217.0,89.32502602962555,28.141388714075937,Germany,Germany,None,delphi_lookahead
2020-10-06,303258,9546,569147.0,12218.0,87.67748913466421,27.99078147915357,Germany,Germany,None,delphi_lookahead
2020-10-07,306086,9562,569147.0,12219.0,85.94349300523383,27.78707383392596,Germany,Germany,None,delphi_lookahead
2020-10-08,310144,9578,569148.0,12219.0,83.51088526619893,27.573606180831074,Germany,Germany,None,delphi_lookahead
2020-10-09,314660,9589,569148.0,12220.0,80.87713722748363,27.43768901866722,Germany,Germany,None,delphi_lookahead
2020-10-10,319381,9604,569148.0,12221.0,78.20346232242996,27.249062890462305,Germany,Germany,None,delphi_lookahead
2020-10-11,322864,9615,569148.0,12221.0,76.28103473908519,27.103484139365573,Germany,Germany,None,delphi_lookahead
2020-10-12,325331,9621,569149.0,12222.0,74.94459488951253,27.034611786716557,Germany,Germany,None,delphi_lookahead
2020-10-13,329453,9634,569149.0,12223.0,72.75574968204873,26.873572763130575,Germany,Germany,None,delphi_lookahead
2020-10-14,334585,9677,569149.0,12223.0,70.10595214967796,26.309806758292858,Germany,Germany,None,delphi_lookahead
2020-10-15,341223,9710,569149.0,12224.0,66.79678685200001,25.890834191555097,Germany,Germany,None,delphi_lookahead
2020-10-16,348557,9734,569149.0,12224.0,63.28720983942369,25.580439695911238,Germany,Germany,None,delphi_lookahead
2020-10-17,356387,9767,569149.0,12225.0,59.699708462991076,25.166376574178358,Germany,Germany,None,delphi_lookahead
2020-10-18,361974,9777,569149.0,12225.0,57.2347737682817,25.038355323718932,Germany,Germany,None,delphi_lookahead
2020-10-19,366299,9789,569150.0,12226.0,55.37852956191527,24.895290632342427,Germany,Germany,None,delphi_lookahead
2020-10-20,373167,9836,569150.0,12226.0,52.5188454498924,24.298495323302156,Germany,Germany,None,delphi_lookahead
2020-10-21,380762,9875,569150.0,12226.0,49.47657591881543,23.807594936708863,Germany,Germany,None,delphi_lookahead
2020-10-22,392049,9905,569150.0,12227.0,45.17317988312685,23.442705704189805,Germany,Germany,None,delphi_lookahead
2020-10-23,403291,9954,569150.0,12227.0,41.12638268644726,22.835041189471568,Germany,Germany,None,delphi_lookahead
2020-10-24,418005,10003,569150.0,12227.0,36.158658389253716,22.2333300009997,Germany,Germany,None,delphi_lookahead
2020-10-25,429181,10032,569150.0,12228.0,32.613046709896295,21.88995215311005,Germany,Germany,None,delphi_lookahead
2020-10-26,437866,10056,569150.0,12228.0,29.98268876779654,21.599045346062052,Germany,Germany,None,delphi_lookahead
2020-10-27,449275,10098,569150.0,12228.0,26.681876356351903,21.09328579916815,Germany,Germany,None,delphi_lookahead
2020-10-28,464239,10183,569150.0,12228.0,22.59848914029196,20.082490425218502,Germany,Germany,None,delphi_lookahead
2020-10-29,481013,10272,569150.0,12229.0,18.323205401933006,19.051791277258566,Germany,Germany,None,delphi_lookahead
2020-10-30,499694,10349,569150.0,12229.0,13.899706620451715,18.16600637742777,Germany,Germany,None,delphi_lookahead
2020-10-31,518753,10452,569150.0,12229.0,9.71502815405405,17.001530807500956,Germany,Germany,None,delphi_lookahead
2020-11-01,532930,10481,569150.0,12229.0,6.796389769763383,16.677797920045798,Germany,Germany,None,delphi_lookahead
2020-11-02,545027,10530,569150.0,12230.0,4.426019261431085,16.144349477682812,Germany,Germany,None,delphi_lookahead
2020-11-03,560379,10661,569150.0,12230.0,1.5651907012932318,14.717193509051684,Germany,Germany,None,delphi_lookahead
2020-11-04,577593,10812,569150.0,12230.0,1.4617559423330961,13.115057343692193,Germany,Germany,None,delphi_lookahead
2020-11-05,597583,10930,569150.0,12230.0,4.758000143913063,11.893870082342177,Germany,Germany,None,delphi_lookahead
2020-11-06,619089,11096,569150.0,12230.0,8.066530014262893,10.219899062725306,Germany,Germany,None,delphi_lookahead
2020-11-07,642488,11226,569150.0,12231.0,11.414687900785696,8.952431854623196,Germany,Germany,None,delphi_lookahead
2020-11-08,658505,11289,569150.0,12231.0,13.56937304955923,8.344406058995482,Germany,Germany,None,delphi_lookahead
2020-11-09,671868,11352,569150.0,12231.0,15.288419749117384,7.7431289640591965,Germany,Germany,None,delphi_lookahead
2020-11-10,687200,11506,569150.0,12231.0,17.17840512223516,6.301060316356684,Germany,Germany,None,delphi_lookahead
2020-11-11,705687,11767,569150.0,12231.0,19.348096252304494,3.9432310699413615,Germany,Germany,None,delphi_lookahead
2020-11-12,727553,11982,569150.0,12231.0,21.772022106980522,2.0781171757636456,Germany,Germany,None,delphi_lookahead
2020-11-13,751095,12200,569150.0,12231.0,24.22396634247332,0.2540983606557377,Germany,Germany,None,delphi_lookahead
2020-11-14,773556,12378,569150.0,12231.0,26.424201997011203,1.187590887057683,Germany,Germany,None,delphi_lookahead
2020-11-15,790503,12485,569150.0,12232.0,28.00153826108187,2.026431718061674,Germany,Germany,None,delphi_lookahead
2020-11-16,801327,12547,569150.0,12232.0,28.974064270890658,2.5105602932972024,Germany,Germany,None,delphi_lookahead
2020-11-17,815746,12814,569150.0,12232.0,30.229507714411103,4.541907288902762,Germany,Germany,None,delphi_lookahead
2020-11-18,833307,13119,569150.0,12232.0,31.699841714998193,6.761186066011129,Germany,Germany,None,delphi_lookahead
2020-11-19,855916,13370,569150.0,12232.0,33.5039887091724,8.511593118922962,Germany,Germany,None,delphi_lookahead
2020-11-20,879564,13630,569150.0,12232.0,35.29180366636197,10.256786500366838,Germany,Germany,None,delphi_lookahead
2020-11-21,902528,13884,569150.0,12232.0,36.938244575237555,11.898588303082686,Germany,Germany,None,delphi_lookahead
2020-11-22,918269,14022,569150.0,12232.0,38.01925143939303,12.765653972329197,Germany,Germany,None,delphi_lookahead
2020-11-23,929133,14112,569150.0,12232.0,38.74396883976783,13.321995464852607,Germany,Germany,None,delphi_lookahead
2020-11-24,942687,14361,569150.0,12232.0,39.624711065284664,14.824872919713112,Germany,Germany,None,delphi_lookahead
2020-11-25,961320,14771,569150.0,12232.0,40.794948612324724,17.18908672398619,Germany,Germany,None,delphi_lookahead
2020-11-26,983588,15160,569150.0,12233.0,42.135324953130784,19.307387862796833,Germany,Germany,None,delphi_lookahead
2020-11-27,1006394,15586,569150.0,12233.0,43.4466024241003,21.512896188887463,Germany,Germany,None,delphi_lookahead
2020-11-28,1028089,15965,569150.0,12233.0,44.64000684765618,23.376135295959912,Germany,Germany,None,delphi_lookahead
2020-11-29,1042700,16123,569150.0,12233.0,45.415747578402225,24.127023506791538,Germany,Germany,None,delphi_lookahead
2020-11-30,1053869,16248,569150.0,12233.0,45.994236475311446,24.71073362875431,Germany,Germany,None,delphi_lookahead
2020-12-01,1067473,16636,569150.0,12233.0,46.68249220354988,26.466698725655206,Germany,Germany,None,delphi_lookahead
2020-12-02,1084743,17123,569150.0,12233.0,47.531350743908924,28.558079775740232,Germany,Germany,None,delphi_lookahead
2020-12-03,1106789,17602,569150.0,12233.0,48.576467601322385,30.50221565731167,Germany,Germany,None,delphi_lookahead
2020-12-04,1130238,18034,569150.0,12233.0,49.643349453831846,32.16701785516247,Germany,Germany,None,delphi_lookahead
2020-12-05,1153556,18517,569150.0,12233.0,50.661259618085296,33.93638278338823,Germany,Germany,None,delphi_lookahead
2020-12-06,1171323,18772,569150.0,12233.0,51.40964533267084,34.83379501385041,Germany,Germany,None,delphi_lookahead
2020-12-07,1183655,18919,569150.0,12233.0,51.91588765307459,35.340134256567474,Germany,Germany,None,delphi_lookahead
2020-12-08,1197709,19342,569150.0,12233.0,52.48010994323329,36.75421362837349,Germany,Germany,None,delphi_lookahead
2020-12-09,1218524,19932,569150.0,12233.0,53.29185145306945,38.626329520369254,Germany,Germany,None,delphi_lookahead
2020-12-10,1242203,20372,569151.0,12233.0,54.18212643183119,39.95189475751031,Germany,Germany,None,delphi_lookahead
2020-12-11,1272078,20970,569151.0,12233.0,55.258168131199504,41.66428230805913,Germany,Germany,None,delphi_lookahead
2020-12-12,1300516,21466,569151.0,12233.0,56.23652457947461,43.01220534799217,Germany,Germany,None,delphi_lookahead
2020-12-13,1320716,21787,569151.0,12233.0,56.905875297944455,43.851838252168726,Germany,Germany,None,delphi_lookahead
2020-12-14,1337078,21975,569151.0,12233.0,57.43322379098302,44.33219567690557,Germany,Germany,None,delphi_lookahead
2020-12-15,1351510,22475,569151.0,12233.0,57.88776997580484,45.5706340378198,Germany,Germany,None,delphi_lookahead
2020-09-15,261762,9362,138806.78654308335,6873.793030628078,46.97214013375381,26.577728790556744,Germany,Germany,None,delphi_constant
2020-09-16,263663,9368,138806.7886771763,6873.813822393352,47.35446813653175,26.624532211855765,Germany,Germany,None,delphi_constant
2020-09-17,265857,9371,138806.79058424185,6873.833214893214,47.78892766252464,26.647815442394474,Germany,Germany,None,delphi_constant
2020-09-18,267773,9378,138806.79228843507,6873.8513023659525,48.16251366327633,26.702374681531747,Germany,Germany,None,delphi_constant
2020-09-19,270070,9384,138806.79381120132,6873.868172372591,48.60340141030054,26.749060396711517,Germany,Germany,None,delphi_constant
2020-09-20,271415,9386,138806.7951716396,6873.88390644633,48.85809731531434,26.764501316361283,Germany,Germany,None,delphi_constant
2020-09-21,272337,9386,138806.79638705283,6873.898581039216,49.03123836017404,26.76434497081594,Germany,Germany,None,delphi_constant
2020-09-22,274158,9396,138806.79747298794,6873.912267587199,49.36978039196816,26.84214274598554,Germany,Germany,None,delphi_constant
2020-09-23,275927,9409,138806.7984431903,6873.925032437256,49.69437625053355,26.943086061884834,Germany,Germany,None,delphi_constant
2020-09-24,278070,9428,138806.79930985192,6873.936937343311,50.082065915110604,27.090189463902085,Germany,Germany,None,delphi_constant
2020-09-25,280223,9443,138806.80008404038,6873.948040222164,50.465593443778566,27.205887533388072,Germany,Germany,None,delphi_constant
2020-09-26,282730,9452,138806.80077572176,6873.958395203596,50.90482057944974,27.275091036779553,Germany,Germany,None,delphi_constant
2020-09-27,284140,9457,138806.801393676,6873.968052576886,51.14844745770536,27.313439224099756,Germany,Germany,None,delphi_constant
2020-09-28,285332,9460,138806.80194565703,6873.977059085444,51.35252900282582,27.336394724255346,Germany,Germany,None,delphi_constant
2020-09-29,287421,9471,138806.80243871306,6873.985458573479,51.706102741722745,27.420700469079513,Germany,Germany,None,delphi_constant
2020-09-30,289219,9488,138806.80287920684,6873.993292039953,52.00633330479435,27.550660918634556,Germany,Germany,None,delphi_constant
2020-10-01,291722,9500,138806.80327275704,6874.000597613825,52.418122982580314,27.642098972486046,Germany,Germany,None,delphi_constant
2020-10-02,294395,9508,138806.80362429097,6874.007410665912,52.850149077161305,27.7029090169761,Germany,Germany,None,delphi_constant
2020-10-03,296958,9527,138806.80393828618,6874.0137643638345,53.257092269517514,27.847026720228463,Germany,Germany,None,delphi_constant
2020-10-04,299237,9529,138806.80421879506,6874.019689746509,53.613087880577915,27.86210840857898,Germany,Germany,None,delphi_constant
2020-10-05,300619,9534,138806.80446941833,6874.0252157240275,53.82633683519062,27.899882360771688,Germany,Germany,None,delphi_constant
2020-10-06,303258,9546,138806.80469329114,6874.030369069114,54.2281474212416,27.99046334518003,Germany,Germany,None,delphi_constant
2020-10-07,306086,9562,138806.80489325244,6874.035174853833,54.651044185865274,28.110905931250436,Germany,Germany,None,delphi_constant
2020-10-08,310144,9578,138806.80507187877,6874.039656565841,55.24440096475225,28.230949503384412,Germany,Germany,None,delphi_constant
2020-10-09,314660,9589,138806.80523147612,6874.043836113387,55.88673322587042,28.3132356229702,Germany,Germany,None,delphi_constant
2020-10-10,319381,9604,138806.80537404766,6874.047733784245,56.538803067794376,28.42515895684876,Germany,Germany,None,delphi_constant
2020-10-11,322864,9615,138806.80550139013,6874.05136851599,57.007654770618544,28.50700604767561,Germany,Germany,None,delphi_constant
2020-10-12,325331,9621,138806.80561513884,6874.054758070471,57.33366767534024,28.551556407125346,Germany,Germany,None,delphi_constant
2020-10-13,329453,9634,138806.8057167669,6874.05791903894,57.86749378006365,28.647935239371602,Germany,Germany,None,delphi_constant
2020-10-14,334585,9677,138806.80580756158,6874.060866813685,58.51373916715884,28.964959524504653,Germany,Germany,None,delphi_constant
2020-10-15,341223,9710,138806.80588865918,6874.063615694937,59.32079435188743,29.206347933110848,Germany,Germany,None,delphi_constant
2020-10-16,348557,9734,138806.80596109555,6874.066179102993,60.17672691666053,29.380869333234095,Germany,Germany,None,delphi_constant
2020-10-17,356387,9767,138806.8060258083,6874.068569592083,61.051664054578794,29.61944742917904,Germany,Germany,None,delphi_constant
2020-10-18,361974,9777,138806.80608362795,6874.070798847333,61.652824212891545,29.691410464893796,Germany,Germany,None,delphi_constant
2020-10-19,366299,9789,138806.80613527555,6874.072877679084,62.105600578959944,29.777578121574383,Germany,Germany,None,delphi_constant
2020-10-20,373167,9836,138806.80618140538,6874.074816215779,62.80303290982177,30.113106789184847,Germany,Germany,None,delphi_constant
2020-10-21,380762,9875,138806.8062226123,6874.076623949627,63.54499497780443,30.38909747899112,Germany,Germany,None,delphi_constant
2020-10-22,392049,9905,138806.80625943036,6874.07830973897,64.59452612825683,30.599916105613627,Germany,Germany,None,delphi_constant
2020-10-23,403291,9954,138806.80629232252,6874.079881784851,65.58147682633073,30.941532230411383,Germany,Germany,None,delphi_constant
2020-10-24,418005,10003,138806.80632170077,6874.081347722311,66.79302727917111,31.27980258200229,Germany,Germany,None,delphi_constant
2020-10-25,429181,10032,138806.80634794125,6874.082714719238,67.65774665049447,31.47844183892307,Germany,Germany,None,delphi_constant
2020-10-26,437866,10056,138806.8063713844,6874.083989479329,68.29924991404118,31.64196510064311,Germany,Germany,None,delphi_constant
2020-10-27,449275,10098,138806.80639233103,6874.085178238917,69.10426656450258,31.926270764122428,Germany,Germany,None,delphi_constant
2020-10-28,464239,10183,138806.80641104156,6874.08628676205,70.10014100257808,32.49448800194393,Germany,Germany,None,delphi_constant
2020-10-29,481013,10272,138806.80642775266,6874.087320451509,71.14281600959794,33.079367986258674,Germany,Germany,None,delphi_constant
2020-10-30,499694,10349,138806.80644267992,6874.088284373163,72.22163835413674,33.57727041865723,Germany,Germany,None,delphi_constant
2020-10-31,518753,10452,138806.80645601748,6874.0891832572825,73.24221614987914,34.23182947515038,Germany,Germany,None,delphi_constant
2020-11-01,532930,10481,138806.80646793375,6874.09002148523,73.95402651981803,34.413796188481726,Germany,Germany,None,delphi_constant
2020-11-02,545027,10530,138806.80647857703,6874.090803122816,74.53212290793356,34.718985725329375,Germany,Germany,None,delphi_constant
2020-11-03,560379,10661,138806.80648808295,6874.09153198951,75.22983436422797,35.52113749189091,Germany,Germany,None,delphi_constant
2020-11-04,577593,10812,138806.80649657478,6874.0922116623415,75.9680594299836,36.421640661650564,Germany,Germany,None,delphi_constant
2020-11-05,597583,10930,138806.8065041628,6874.092845476734,76.77196196943974,37.108025201493746,Germany,Germany,None,delphi_constant
2020-11-06,619089,11096,138806.8065109417,6874.0934365124,77.57886079207647,38.04890558298125,Germany,Germany,None,delphi_constant
2020-11-07,642488,11226,138806.8065169961,6874.093987639847,78.39542426987023,38.76631046107387,Germany,Germany,None,delphi_constant
2020-11-08,658505,11289,138806.8065224035,6874.0945015564075,78.92091836471955,39.10802992686325,Germany,Germany,None,delphi_constant
2020-11-09,671868,11352,138806.80652723432,6874.094980786615,79.34016703768681,39.44595682887055,Germany,Germany,None,delphi_constant
2020-11-10,687200,11506,138806.8065315512,6874.095427682378,79.80110498667766,40.25642771004365,Germany,Germany,None,delphi_constant
2020-11-11,705687,11767,138806.8065354076,6874.095844411264,80.33025880660864,41.58157691500583,Germany,Germany,None,delphi_constant
2020-11-12,727553,11982,138806.80653885173,6874.0962329981585,80.92141651002034,42.6298094391741,Germany,Germany,None,delphi_constant
2020-11-13,751095,12200,138806.80654192774,6874.096595346169,81.51940745951873,43.6549459397855,Germany,Germany,None,delphi_constant
2020-11-14,773556,12378,138806.80654467578,6874.096933236645,82.05601061271895,44.465204934265266,Germany,Germany,None,delphi_constant
2020-11-15,790503,12485,138806.80654713162,6874.097248329362,82.44069832155834,44.94115139503915,Germany,Germany,None,delphi_constant
2020-11-16,801327,12547,138806.80654932556,6874.09754215225,82.6778822441618,45.21321796324022,Germany,Germany,None,delphi_constant
2020-11-17,815746,12814,138806.8065512849,6874.097816131157,82.98406531551673,46.35478526509164,Germany,Germany,None,delphi_constant
2020-11-18,833307,13119,138806.80655303472,6874.098071607279,83.34265684159203,47.60196606748015,Germany,Germany,None,delphi_constant
2020-11-19,855916,13370,138806.80655459783,6874.098309837206,83.78266014952428,48.5856521328556,Germany,Germany,None,delphi_constant
2020-11-20,879564,13630,138806.80655599482,6874.098531993382,84.21868032843605,49.56640842264577,Germany,Germany,None,delphi_constant
2020-11-21,902528,13884,138806.80655724302,6874.098739156314,84.62022158235058,50.489061227626664,Germany,Germany,None,delphi_constant
2020-11-22,918269,14022,138806.80655835778,6874.098932327761,84.88386229325417,50.97633053538896,Germany,Germany,None,delphi_constant
2020-11-23,929133,14112,138806.80655935325,6874.099112451064,85.0606095618869,51.28898021222319,Germany,Germany,None,delphi_constant
2020-11-24,942687,14361,138806.80656024234,6874.099280411754,85.27540885148068,52.133561169753115,Germany,Germany,None,delphi_constant
2020-11-25,961320,14771,138806.80656103685,6874.0994370376675,85.5608115340327,53.46219323649267,Germany,Germany,None,delphi_constant
2020-11-26,983588,15160,138806.80656174698,6874.099583097247,85.88770841432114,54.65633520384402,Germany,Germany,None,delphi_constant
2020-11-27,1006394,15586,138806.8065623813,6874.099719294731,86.20750853419423,55.895677407322395,Germany,Germany,None,delphi_constant
2020-11-28,1028089,15965,138806.80656294775,6874.099846291185,86.49856125656945,56.94268809087889,Germany,Germany,None,delphi_constant
2020-11-29,1042700,16123,138806.80656345352,6874.099964708976,86.68775231960741,57.36463459214182,Germany,Germany,None,delphi_constant
2020-11-30,1053869,16248,138806.8065639053,6874.100075131761,86.82883673740234,57.69263863163614,Germany,Germany,None,delphi_constant
2020-12-01,1067473,16636,138806.8065643091,6874.100178104723,86.99669157306,58.67936897027697,Germany,Germany,None,delphi_constant
2020-12-02,1084743,17123,138806.80656467006,6874.100274130922,87.20371492928093,59.854579956018675,Germany,Germany,None,delphi_constant
2020-12-03,1106789,17602,138806.80656499244,6874.100363671916,87.45860262751144,60.94704940534078,Germany,Germany,None,delphi_constant
2020-12-04,1130238,18034,138806.80656528028,6874.100447162628,87.71879846852784,61.88255269400782,Germany,Germany,None,delphi_constant
2020-12-05,1153556,18517,138806.80656553726,6874.100525012688,87.9670508787144,62.8768130636027,Germany,Germany,None,delphi_constant
2020-12-06,1171323,18772,138806.8065657668,6874.100597606434,88.14957048006683,63.38109632640937,Germany,Germany,None,delphi_constant
2020-12-07,1183655,18919,138806.80656597202,6874.100665303034,88.27303508488774,63.66562363072554,Germany,Germany,None,delphi_constant
2020-12-08,1197709,19342,138806.8065661555,6874.10072843413,88.41064009987772,64.46023819442597,Germany,Germany,None,delphi_constant
2020-12-09,1218524,19932,138806.80656631934,6874.100787302098,88.60861119138241,65.51223767157286,Germany,Germany,None,delphi_constant
2020-12-10,1242203,20372,138806.80656646565,6874.100842191726,88.8257550040963,66.25711347834418,Germany,Germany,None,delphi_constant
2020-12-11,1272078,20970,138806.80656659626,6874.100893371743,89.08818432780095,67.21935673165598,Germany,Germany,None,delphi_constant
2020-12-12,1300516,21466,138806.80656671285,6874.10094109482,89.32678978446148,67.9767961376371,Germany,Germany,None,delphi_constant
2020-12-13,1320716,21787,138806.80656681707,6874.100985597566,89.49003369635736,68.44861162345634,Germany,Germany,None,delphi_constant
2020-12-14,1337078,21975,138806.80656691027,6874.101027098225,89.61864554147849,68.71853912583288,Germany,Germany,None,delphi_constant
2020-12-15,1351510,22475,138806.8065669935,6874.101065796826,89.72950207049941,69.41445576953582,Germany,Germany,None,delphi_constant
2020-09-15,261762,9362,138806.78654293134,6873.793030427647,46.972140133811884,26.57772879269764,Germany,Germany,None,themis
2020-09-16,263663,9368,138806.7886801056,6873.813822266102,47.35446813542075,26.624532213214113,Germany,Germany,None,themis
2020-09-17,265857,9371,138806.79060346735,6873.833214956923,47.78892765529313,26.647815441714616,Germany,Germany,None,themis
2020-09-18,267773,9378,138806.7923421898,6873.851302457272,48.1625136432016,26.702374680557984,Germany,Germany,None,themis
2020-09-19,270070,9384,138806.7939201064,6873.868172519469,48.603401369975785,26.749060395146323,Germany,Germany,None,themis
2020-09-20,271415,9386,138806.7953561962,6873.88390699302,48.858097247316394,26.764501310536758,Germany,Germany,None,themis
2020-09-21,272337,9386,138806.79666543083,6873.898582198566,49.031238257955835,26.764344958464033,Germany,Germany,None,themis
2020-09-22,274158,9396,138806.79786118647,6873.912269441297,49.36978025037151,26.84214272625269,Germany,Germany,None,themis
2020-09-23,275927,9409,138806.79895428932,6873.925035117053,49.69437606530375,26.943086033403624,Germany,Germany,None,themis
2020-09-24,278070,9428,138806.7999542334,6873.936941198677,50.08206568337707,27.090189423009363,Germany,Germany,None,themis
2020-09-25,280223,9443,138806.80086981793,6873.948045616919,50.46559316336706,27.2058874762584,Germany,Germany,None,themis
2020-09-26,282730,9452,138806.80170843034,6873.958402273584,50.904820249555996,27.2750909619807,Germany,Germany,None,themis
2020-09-27,284140,9457,138806.8024766198,6873.968061381315,51.148447076574996,27.313439131000155,Germany,Germany,None,themis
2020-09-28,285332,9460,138806.8031805565,6873.977069963301,51.35252857003192,27.336394609267433,Germany,Germany,None,themis
2020-09-29,287421,9471,138806.80382587927,6873.985471910096,51.70610225909754,27.420700328264218,Germany,Germany,None,themis
2020-09-30,289219,9488,138806.80441741407,6873.9933079282855,52.00633277294574,27.550660751177432,Germany,Germany,None,themis
2020-10-01,291722,9500,138806.8049596431,6874.0006160329385,52.41812240432908,27.642098778600648,Germany,Germany,None,themis
2020-10-02,294395,9508,138806.80545675362,6874.007431849124,52.850148454710975,27.70290879418254,Germany,Germany,None,themis
2020-10-03,296958,9527,138806.8059125956,6874.01378862375,53.25709160467286,27.847026465584655,Germany,Germany,None,themis
2020-10-04,299237,9529,138806.80633055783,6874.019717171338,53.61308717486213,27.86210812077513,Germany,Germany,None,themis
2020-10-05,300619,9534,138806.80671376997,6874.02524623087,53.826336088613836,27.899882040792217,Germany,Germany,None,themis
2020-10-06,303258,9546,138806.8070651404,6874.030402755801,54.22814663911903,27.99046299229205,Germany,Germany,None,themis
2020-10-07,306086,9562,138806.80738735068,6874.035211924125,54.65104337102949,28.110905543566982,Germany,Germany,None,themis
2020-10-08,310144,9578,138806.80768281448,6874.039697099118,55.24440012290598,28.230949080192964,Germany,Germany,None,themis
2020-10-09,314660,9589,138806.8079537332,6874.043879998439,55.88673236072803,28.313235165309848,Germany,Germany,None,themis
2020-10-10,319381,9604,138806.80820214955,6874.047780999609,56.538802182299655,28.425158465226897,Germany,Germany,None,themis
2020-10-11,322864,9615,138806.8084299484,6874.05141915973,57.00765386356225,28.507005520959645,Germany,Germany,None,themis
2020-10-12,325331,9621,138806.80863884612,6874.054812204993,57.33366674591536,28.551555844454914,Germany,Germany,None,themis
2020-10-13,329453,9634,138806.80883039624,6874.057976555038,57.86749283497304,28.64793464235999,Germany,Germany,None,themis
2020-10-14,334585,9677,138806.8090060372,6874.060927604388,58.51373821120577,28.96495889630683,Germany,Germany,None,themis
2020-10-15,341223,9710,138806.80916709805,6874.063679770291,59.320793391096714,29.206347273220484,Germany,Germany,None,themis
2020-10-16,348557,9734,138806.8093147972,6874.066246495247,60.17672595449318,29.38086864089535,Germany,Germany,None,themis
2020-10-17,356387,9767,138806.80945023513,6874.068640218075,61.05166309370568,29.619446706070697,Germany,Germany,None,themis
2020-10-18,361974,9777,138806.80957442417,6874.070872557467,61.65282324851393,29.69140971098019,Germany,Germany,None,themis
2020-10-19,366299,9789,138806.80968830182,6874.072954412545,62.10559960898014,29.777577337700016,Germany,Germany,None,themis
2020-10-20,373167,9836,138806.8097927309,6874.074895965466,62.80303194207127,30.11310597839095,Germany,Germany,None,themis
2020-10-21,380762,9875,138806.80988849467,6874.076706662769,63.54499401502917,30.389096641389685,Germany,Germany,None,themis
2020-10-22,392049,9905,138806.80997630543,6874.07839527146,64.59452518019293,30.599915242085206,Germany,Germany,None,themis
2020-10-23,403291,9954,138806.81005682357,6874.079970021414,65.5814758928854,30.941531343968116,Germany,Germany,None,themis
2020-10-24,418005,10003,138806.81013065876,6874.081438616083,66.79302636794804,31.27980167333717,Germany,Germany,None,themis
2020-10-25,429181,10032,138806.81019836923,6874.082808233098,67.65774575333735,31.478440906767364,Germany,Germany,None,themis
2020-10-26,437866,10056,138806.81026045844,6874.084085506146,68.29924902585302,31.641964145722497,Germany,Germany,None,themis
2020-10-27,449275,10098,138806.8103173905,6874.085276639267,69.1042656908596,31.926269789668577,Germany,Germany,None,themis
2020-10-28,464239,10183,138806.8103695954,6874.086387453568,70.10014014988069,32.49448701312414,Germany,Germany,None,themis
2020-10-29,481013,10272,138806.81041746895,6874.087423388325,71.14281518015751,33.079366984147924,Germany,Germany,None,themis
2020-10-30,499694,10349,138806.8104613707,6874.088389490809,72.22163754990639,33.57726940292966,Germany,Germany,None,themis
2020-10-31,518753,10452,138806.81050162655,6874.089290435777,73.24221537000719,34.23182844971511,Germany,Germany,None,themis
2020-11-01,532930,10481,138806.8105385387,6874.090130612761,73.95402575600197,34.41379514728784,Germany,Germany,None,themis
2020-11-02,545027,10530,138806.81057238666,6874.090914134784,74.53212215681303,34.71898467108468,Germany,Germany,None,themis
2020-11-03,560379,10661,138806.81060342715,6874.091644839512,75.2298336298421,35.52113643335979,Germany,Germany,None,themis
2020-11-04,577593,10812,138806.81063189165,6874.092326274691,75.96805871402672,36.421639601602934,Germany,Germany,None,themis
2020-11-05,597583,10930,138806.81065799177,6874.092961741565,76.77196127433481,37.108024137771594,Germany,Germany,None,themis
2020-11-06,619089,11096,138806.81068192405,6874.093554342367,77.57886011834744,38.04890452106735,Germany,Germany,None,themis
2020-11-07,642488,11226,138806.81070387003,6874.094106981428,78.39542361820455,38.76630939799191,Germany,Germany,None,themis
2020-11-08,658505,11289,138806.81072399602,6874.094622365602,78.92091772666934,39.1080288567136,Germany,Germany,None,themis
2020-11-09,671868,11352,138806.81074245152,6874.095102991546,79.3401664102991,39.44595575236482,Germany,Germany,None,themis
2020-11-10,687200,11506,138806.8107593738,6874.095551189876,79.80110437145316,40.256426636625456,Germany,Germany,None,themis
2020-11-11,705687,11767,138806.81077489053,6874.095969150982,80.33025820584898,41.58157585492495,Germany,Germany,None,themis
2020-11-12,727553,11982,138806.8107891195,6874.096358925114,80.92141592583366,42.62980838820636,Germany,Germany,None,themis
2020-11-13,751095,12200,138806.8108021687,6874.096722422548,81.51940689231473,43.654944898175835,Germany,Germany,None,themis
2020-11-14,773556,12378,138806.81081413478,6874.097061402727,82.05601006079264,44.465203898830765,Germany,Germany,None,themis
2020-11-15,790503,12485,138806.81082510666,6874.097377508642,82.44069778038708,44.941150360363295,Germany,Germany,None,themis
2020-11-16,801327,12547,138806.81083516707,6874.097672285289,82.67788170931878,45.21321692607564,Germany,Germany,None,themis
2020-11-17,815746,12814,138806.81084439252,6874.0979471796945,82.98406478923678,46.35478424239352,Germany,Germany,None,themis
2020-11-18,833307,13119,138806.81085285312,6874.098203541335,83.34265632559752,47.601965061808556,Germany,Germany,None,themis
2020-11-19,855916,13370,138806.81086061173,6874.098442613048,83.7826596464359,48.585651139767776,Germany,Germany,None,themis
2020-11-20,879564,13630,138806.8108677257,6874.098665550586,84.21867983822375,49.566407442769,Germany,Germany,None,themis
2020-11-21,902528,13884,138806.81087424853,6874.098873441994,84.62022110402685,50.489060260429305,Germany,Germany,None,themis
2020-11-22,918269,14022,138806.8108802298,6874.099067307895,84.88386182259994,50.97632957275785,Germany,Germany,None,themis
2020-11-23,929133,14112,138806.81088571512,6874.0992481017975,85.06060909625262,51.288979250979324,Germany,Germany,None,themis
2020-11-24,942687,14361,138806.81089074566,6874.099416706026,85.27540839210198,52.133560220694754,Germany,Germany,None,themis
2020-11-25,961320,14771,138806.81089535842,6874.099573932514,85.56081108316081,53.4621923097115,Germany,Germany,None,themis
2020-11-26,983588,15160,138806.81089958776,6874.099720545277,85.887707973299,54.65633429719474,Germany,Germany,None,themis
2020-11-27,1006394,15586,138806.8109034657,6874.099857262797,86.20750810284385,55.8956765221173,Germany,Germany,None,themis
2020-11-28,1028089,15965,138806.81090702183,6874.099984758017,86.49856083403073,56.94268722356394,Germany,Germany,None,themis
2020-11-29,1042700,16123,138806.81091028336,6874.100103658543,86.6877519027253,57.36463373033217,Germany,Germany,None,themis
2020-11-30,1053869,16248,138806.81091327436,6874.100214540208,86.82883632469745,57.69263777363239,Germany,Germany,None,themis
2020-12-01,1067473,16636,138806.81091601684,6874.100317936854,86.99669116539557,58.6793681297376,Germany,Germany,None,themis
2020-12-02,1084743,17123,138806.81091853126,6874.100414352054,87.20371452790833,59.854579137113504,Germany,Germany,None,themis
2020-12-03,1106789,17602,138806.81092083678,6874.1005042593115,87.45860223395455,60.94704860663952,Germany,Germany,None,themis
2020-12-04,1130238,18034,138806.81092295103,6874.100588102064,87.71879808297447,61.88255191248716,Germany,Germany,None,themis
2020-12-05,1153556,18517,138806.81092489022,6874.10066629373,87.96705050080878,62.87681230062252,Germany,Germany,None,themis
2020-12-06,1171323,18772,138806.8109266686,6874.100739212159,88.14957010776118,63.38109557206393,Germany,Germany,None,themis
2020-12-07,1183655,18919,138806.81092829918,6874.10080720749,88.27303471634056,63.66562288066234,Germany,Germany,None,themis
2020-12-08,1197709,19342,138806.81092979413,6874.100870610431,88.4106397355456,64.46023745936081,Germany,Germany,None,themis
2020-12-09,1218524,19932,138806.8109311648,6874.100929732366,88.60861083317482,65.51223695699194,Germany,Germany,None,themis
2020-12-10,1242203,20372,138806.8109324217,6874.100984865352,88.8257546526275,66.2571127780024,Germany,Germany,None,themis
2020-12-11,1272078,20970,138806.8109335745,6874.10103628159,89.0881839845061,67.21935605015932,Germany,Germany,None,themis
2020-12-12,1300516,21466,138806.8109346317,6874.1010842294545,89.32678944860103,67.97679547084014,Germany,Germany,None,themis
2020-12-13,1320716,21787,138806.81093560113,6874.1011289410635,89.4900333655683,68.44861096552502,Germany,Germany,None,themis
2020-12-14,1337078,21975,138806.81093649002,6874.101170634856,89.61864521467781,68.71853847265139,Germany,Germany,None,themis
2020-12-15,1351510,22475,138806.81093730513,6874.10120951527,89.7295017471343,69.41445513007668,Germany,Germany,None,themis
2020-09-15,261762,9362,41125402.8413213,12.0,15610.990457484775,99.87182226020082,Germany,Germany,None,sir
2020-09-16,263663,9368,41772195.87826434,12.0,15743.025330920282,99.87190435525191,Germany,Germany,None,sir
2020-09-17,265857,9371,42404559.68542486,12.0,15850.13849002466,99.87194536335502,Germany,Germany,None,sir
2020-09-18,267773,9378,43022290.50389133,12.0,15966.702208173088,99.87204094689699,Germany,Germany,None,sir
2020-09-19,270070,9384,43625229.24670301,12.0,16053.304419855227,99.87212276214834,Germany,Germany,None,sir
2020-09-20,271415,9386,44213257.513067186,12.0,16189.909368703715,99.87215001065417,Germany,Germany,None,sir
2020-09-21,272337,9386,44786297.5883592,12.0,16345.17549519867,99.87215001065417,Germany,Germany,None,sir
2020-09-22,274158,9396,45344312.44412241,12.0,16439.48177478768,99.87228607918263,Germany,Germany,None,sir
2020-09-23,275927,9409,45887305.73806822,12.0,16530.233988724634,99.87246253586991,Germany,Germany,None,sir
2020-09-24,278070,9428,46415321.814076066,12.0,16591.955915444338,99.87271955876113,Germany,Germany,None,sir
2020-09-25,280223,9443,46928445.702193424,12.0,16646.82153220593,99.87292174097216,Germany,Germany,None,sir
2020-09-26,282730,9452,47426803.11863581,12.0,16674.591701848338,99.87304274227677,Germany,Germany,None,sir
2020-09-27,284140,9457,47910560.465786755,12.0,16761.603598855054,99.87310986570795,Germany,Germany,None,sir
2020-09-28,285332,9460,48379885.63440359,12.0,16855.646627228485,99.87315010570825,Germany,Germany,None,sir
2020-09-29,287421,9471,48834955.17264966,12.0,16890.740124294905,99.87329743427304,Germany,Germany,None,sir
2020-09-30,289219,9488,49276011.06643043,12.0,16937.612005584153,99.87352445193929,Germany,Germany,None,sir
2020-10-01,291722,9500,49703303.18094528,12.0,16937.900186117356,99.87368421052632,Germany,Germany,None,sir
2020-10-02,294395,9508,50117088.76066736,12.0,16923.756775987145,99.87379049221708,Germany,Germany,None,sir
2020-10-03,296958,9527,50517632.429343574,12.0,16911.709544563062,99.87404219586439,Germany,Germany,None,sir
2020-10-04,299237,9529,50905206.189994544,12.0,16911.66840664575,99.87406863259524,Germany,Germany,None,sir
2020-10-05,300619,9534,51280089.42491466,12.0,16958.16645817951,99.87413467589678,Germany,Germany,None,sir
2020-10-06,303258,9546,51642568.89567204,12.0,16929.251955652297,99.87429289754871,Germany,Germany,None,sir
2020-10-07,306086,9562,51992938.74310856,12.0,16886.382501358625,99.87450324199958,Germany,Germany,None,sir
2020-10-08,310144,9578,52331500.48733985,12.0,16773.291273518058,99.8747128836918,Germany,Germany,None,sir
2020-10-09,314660,9589,52658563.02775525,12.0,16635.06738312949,99.87485660652831,Germany,Germany,None,sir
2020-10-10,319381,9604,52974442.643017896,12.0,16486.598026500604,99.87505206164099,Germany,Germany,None,sir
2020-10-11,322864,9615,53279454.896221146,12.0,16402.13554196849,99.87519500780031,Germany,Germany,None,sir
2020-10-12,325331,9621,53573896.678305656,12.0,16367.504381170456,99.87527284066105,Germany,Germany,None,sir
2020-10-13,329453,9634,53858079.60262587,12.0,16247.727779873265,99.87544114594145,Germany,Germany,None,sir
2020-10-14,334585,9677,54132311.49903371,12.0,16078.941524286418,99.87599462643382,Germany,Germany,None,sir
2020-10-15,341223,9710,54396894.646171756,12.0,15841.743272338545,99.87641606591143,Germany,Germany,None,sir
2020-10-16,348557,9734,54652125.77147321,12.0,15579.537571035213,99.87672077254982,Germany,Germany,None,sir
2020-10-17,356387,9767,54898296.05116192,12.0,15304.124182745702,99.87713729906828,Germany,Germany,None,sir
2020-10-18,361974,9777,55135691.11025237,12.0,15131.947905167877,99.87726296409943,Germany,Germany,None,sir
2020-10-19,366299,9789,55364591.0225497,12.0,15014.58972657575,99.87741342323015,Germany,Germany,None,sir
2020-10-20,373167,9836,55585270.31064966,12.0,14795.548189054676,99.87799918666124,Germany,Germany,None,sir
2020-10-21,380762,9875,55797997.94593867,12.0,14554.297946207518,99.87848101265823,Germany,Germany,None,sir
2020-10-22,392049,9905,56003037.34859376,12.0,14184.703531597774,99.87884906612821,Germany,Germany,None,sir
2020-10-23,403291,9954,56200646.38758261,12.0,13835.507211314562,99.87944544906571,Germany,Germany,None,sir
2020-10-24,418005,10003,56391077.90012763,12.0,13390.527122911837,99.88003598920324,Germany,Germany,None,sir
2020-10-25,429181,10032,56574580.97854302,12.0,13081.98638302791,99.88038277511961,Germany,Germany,None,sir
2020-10-26,437866,10056,56751392.897968166,12.0,12860.904225943133,99.88066825775657,Germany,Germany,None,sir
2020-10-27,449275,10098,56921743.782925196,12.0,12569.688672400021,99.88116458704694,Germany,Germany,None,sir
2020-10-28,464239,10183,57085857.66763484,12.0,12196.652730088346,99.88215653540215,Germany,Germany,None,sir
2020-10-29,481013,10272,57243952.49601648,12.0,11800.707984195122,99.88317757009347,Germany,Germany,None,sir
2020-10-30,499694,10349,57396240.12168812,12.0,11386.277626244886,99.88404676780365,Germany,Germany,None,sir
2020-10-31,518753,10452,57542926.30796639,12.0,10992.548150654819,99.88518943742825,Germany,Germany,None,sir
2020-11-01,532930,10481,57684210.727866545,12.0,10723.975142676627,99.88550710810037,Germany,Germany,None,sir
2020-11-02,545027,10530,57820286.96410249,12.0,10508.701397197294,99.8860398860399,Germany,Germany,None,sir
2020-11-03,560379,10661,57951342.509086736,12.0,10241.455070423184,99.88744020260764,Germany,Germany,None,sir
2020-11-04,577593,10812,58077558.764930435,12.0,9955.100869458327,99.88901220865705,Germany,Germany,None,sir
2020-11-05,597583,10930,58199111.04344336,12.0,9639.08411776161,99.89021043000915,Germany,Germany,None,sir
2020-11-06,619089,11096,58316168.56613393,12.0,9319.674483981129,99.89185291997116,Germany,Germany,None,sir
2020-11-07,642488,11226,58428895.07973179,12.0,8994.161304138255,99.89310529128808,Germany,Germany,None,sir
2020-11-08,658505,11289,58537450.7509452,12.0,8789.446663418685,99.89370183364336,Germany,Germany,None,sir
2020-11-09,671868,11352,58641985.387016974,12.0,8628.20038862053,99.89429175475686,Germany,Germany,None,sir
2020-11-10,687200,11506,58742643.63105623,12.0,8448.114614530883,99.8957065878672,Germany,Germany,None,sir
2020-11-11,705687,11767,58839565.95282611,12.0,8237.912693988428,99.8980198861222,Germany,Germany,None,sir
2020-11-12,727553,11982,58932888.64874381,12.0,8000.150593667238,99.899849774662,Germany,Germany,None,sir
2020-11-13,751095,12200,59022743.84188051,12.0,7758.226168711083,99.90163934426229,Germany,Germany,None,sir
2020-11-14,773556,12378,59109259.48196146,12.0,7541.238576387677,99.90305380513816,Germany,Germany,None,sir
2020-11-15,790503,12485,59192559.34536592,12.0,7387.961379699497,99.9038846615939,Germany,Germany,None,sir
2020-11-16,801327,12547,59272763.03512717,12.0,7296.825894438497,99.9043596078744,Germany,Germany,None,sir
2020-11-17,815746,12814,59349985.98093254,12.0,7175.547288118181,99.90635242703293,Germany,Germany,None,sir
2020-11-18,833307,13119,59424339.43912338,12.0,7031.146076910835,99.90852961353762,Germany,Germany,None,sir
2020-11-19,855916,13370,59495930.49269505,12.0,6851.141291049011,99.91024682124159,Germany,Germany,None,sir
2020-11-20,879564,13630,59564862.24549648,12.0,6672.089608657981,99.91195891415994,Germany,Germany,None,sir
2020-11-21,902528,13884,59631234.39185121,12.0,6507.1340049118935,99.91356957649093,Germany,Germany,None,sir
2020-11-22,918269,14022,59695139.82440599,12.0,6400.833614595068,99.91442019683355,Germany,Germany,None,sir
2020-11-23,929133,14112,59756668.08479781,12.0,6331.443946646799,99.91496598639455,Germany,Germany,None,sir
2020-11-24,942687,14361,59815906.11670615,12.0,6245.256285140895,99.91644035930646,Germany,Germany,None,sir
2020-11-25,961320,14771,59872938.26585294,12.0,6128.2006268311225,99.91875973190712,Germany,Germany,None,sir
2020-11-26,983588,15160,59927846.28000262,12.0,5992.779322236813,99.92084432717678,Germany,Germany,None,sir
2020-11-27,1006394,15586,59980709.308962055,12.0,5859.962927934989,99.92300782753753,Germany,Germany,None,sir
2020-11-28,1028089,15965,60031603.904580615,12.0,5739.144656209784,99.9248355778265,Germany,Germany,None,sir
2020-11-29,1042700,16123,60080604.020750135,12.0,5662.022060108386,99.92557216398933,Germany,Germany,None,sir
2020-11-30,1053869,16248,60127781.01340492,12.0,5605.432175479582,99.9261447562777,Germany,Germany,None,sir
2020-12-01,1067473,16636,60173203.64052174,12.0,5536.976639270664,99.92786727578745,Germany,Germany,None,sir
2020-12-02,1084743,17123,60216938.06211986,12.0,5451.263115974923,99.92991882263622,Germany,Germany,None,sir
2020-12-03,1106789,17602,60259047.85363472,12.0,5344.4928395235875,99.93182592887172,Germany,Germany,None,sir
2020-12-04,1130238,18034,60299593.57825144,12.0,5235.123538427431,99.93345902184763,Germany,Germany,None,sir
2020-12-05,1153556,18517,60338632.099996306,12.0,5130.663452835953,99.93519468596425,Germany,Germany,None,sir
2020-12-06,1171323,18772,60376218.36906826,12.0,5054.531958227428,99.93607500532708,Germany,Germany,None,sir
2020-12-07,1183655,18919,60412405.7152769,12.0,5003.886327965235,99.936571700407,Germany,Germany,None,sir
2020-12-08,1197709,19342,60447245.84804254,12.0,4946.905871797118,99.93795884603453,Germany,Germany,None,sir
2020-12-09,1218524,19932,60480788.85639616,12.0,4863.446666327143,99.93979530403372,Germany,Germany,None,sir
2020-12-10,1242203,20372,60513083.20897946,12.0,4771.432705361318,99.94109562144119,Germany,Germany,None,sir
2020-12-11,1272078,20970,60544175.75404479,12.0,4659.4703904984435,99.94277539341917,Germany,Germany,None,sir
2020-12-12,1300516,21466,60574111.71945521,12.0,4557.698307399156,99.94409764278393,Germany,Germany,None,sir
2020-12-13,1320716,21787,60602934.71268447,12.0,4488.642426735533,99.9449212833341,Germany,Germany,None,sir
2020-12-14,1337078,21975,60630686.72081699,12.0,4434.566174958902,99.94539249146757,Germany,Germany,None,sir
2020-12-15,1351510,22475,60657408.11054791,12.0,4388.121294740542,99.94660734149055,Germany,Germany,None,sir
2020-09-15,261762,9362,17895559.792360045,1362187.7690166286,6736.576658323227,14450.17911788751,Germany,Germany,None,seir
2020-09-16,263663,9368,18448587.129503567,1408023.3396682767,6897.033004063355,14930.13812626256,Germany,Germany,None,seir
2020-09-17,265857,9371,19010299.41355311,1454838.9235702772,7050.573207985161,15424.90581122908,Germany,Germany,None,seir
2020-09-18,267773,9378,19580326.40958718,1502619.9199092612,7212.285558882778,15922.81851044211,Germany,Germany,None,seir
2020-09-19,270070,9384,20158249.366167124,1551350.4838806698,7364.083151096798,16431.867901541664,Germany,Germany,None,seir
2020-09-20,271415,9386,20743646.582024086,1601011.1558442796,7542.778248079172,16957.438268104404,Germany,Germany,None,seir
2020-09-21,272337,9386,21336101.284508217,1651578.3985609945,7734.448233074542,17496.19005498609,Germany,Germany,None,seir
2020-09-22,274158,9396,21935152.825864386,1703027.3626178103,7900.916561203535,18025.025144931995,Germany,Germany,None,seir
2020-09-23,275927,9409,22540294.781261794,1755332.0256098146,8068.934095344709,18555.882937717233,Germany,Germany,None,seir
2020-09-24,278070,9428,23150989.980103295,1808464.4681688242,8225.59786388438,19081.846289444464,Germany,Germany,None,seir
2020-09-25,280223,9443,23766728.90661021,1862391.8546078205,8381.362667093783,19622.459542601086,Germany,Germany,None,seir
2020-09-26,282730,9452,24386980.971908133,1917079.232160117,8525.537074915337,20182.26017943416,Germany,Germany,None,seir
2020-09-27,284140,9457,25011178.130787294,1972490.6975919825,8702.413644959279,20757.467458940282,Germany,Germany,None,seir
2020-09-28,285332,9460,25638716.149673656,2028589.348631194,8885.573349527447,21343.86203627055,Germany,Germany,None,seir
2020-09-29,287421,9471,26269000.08376483,2085335.1008171313,9039.554898133689,21918.108972834245,Germany,Germany,None,seir
2020-09-30,289219,9488,26901456.18973092,2142684.12255617,9201.41387313106,22483.09572677245,Germany,Germany,None,seir
2020-10-01,291722,9500,27535486.620207354,2200591.8613296454,9338.947566589888,23064.12485610153,Germany,Germany,None,seir
2020-10-02,294395,9508,28170468.480396673,2259013.235797398,9468.935776897255,23659.079047090847,Germany,Germany,None,seir
2020-10-03,296958,9527,28805762.823702388,2317902.2538074693,9600.28179867267,24229.823174215064,Germany,Germany,None,seir
2020-10-04,299237,9529,29440770.767336786,2377209.300832021,9738.613128502418,24847.10148842503,Germany,Germany,None,seir
2020-10-05,300619,9534,30074899.87051491,2436883.2363079456,9904.324367559904,25459.924861631484,Germany,Germany,None,seir
2020-10-06,303258,9546,30707546.440076895,2496872.982305215,10025.881737687676,26056.222316207994,Germany,Germany,None,seir
2020-10-07,306086,9562,31338096.159167804,2557127.5216440037,10138.33045587443,26642.601146663917,Germany,Germany,None,seir
2020-10-08,310144,9578,31965943.400697198,2617595.0806058985,10206.806967311055,27229.24494263832,Germany,Germany,None,seir
2020-10-09,314660,9589,32590529.864766248,2678221.27858311,10257.379350653482,27830.141605830744,Germany,Germany,None,seir
2020-10-10,319381,9604,33211303.512216806,2738951.8635232365,10298.64723080484,28418.86571765136,Germany,Germany,None,seir
2020-10-11,322864,9615,33827716.32993599,2799733.3044875795,10377.388724024973,29018.391102314923,Germany,Germany,None,seir
2020-10-12,325331,9621,34439224.38305925,2860512.790322374,10485.903090409229,29631.969549135993,Germany,Germany,None,seir
2020-10-13,329453,9634,35045306.62540184,2921237.4565474014,10537.422219679846,30222.165835036343,Germany,Germany,None,seir
2020-10-14,334585,9677,35645487.498084605,2981853.363310975,10553.641824374854,30713.820019747596,Germany,Germany,None,seir
2020-10-15,341223,9710,36239306.02352992,3042307.6438307688,10520.417153453876,31231.695611027488,Germany,Germany,None,seir
2020-10-16,348557,9734,36826318.581624195,3102548.734601332,10465.364798762956,31773.317594014094,Germany,Germany,None,seir
2020-10-17,356387,9767,37406098.91480451,3162526.375241524,10395.921263908198,32279.71101916171,Germany,Germany,None,seir
2020-10-18,361974,9777,37978244.550544396,3222191.3369385637,10391.981344114327,32856.85115003134,Germany,Germany,None,seir
2020-10-19,366299,9789,38542395.76070967,3281494.7234465485,10422.113290156312,33422.26706963478,Germany,Germany,None,seir
2020-10-20,373167,9836,39098208.605384424,3340389.572715494,10377.4025048797,33860.853728299044,Germany,Germany,None,seir
2020-10-21,380762,9875,39645366.59029875,3398830.55689976,10312.112183016885,34318.53728506086,Germany,Germany,None,seir
2020-10-22,392049,9905,40183582.11850135,3456773.9240559973,10149.632601664933,34799.28242358402,Germany,Germany,None,seir
2020-10-23,403291,9954,40712596.49035948,3514177.4981431463,9995.091755174173,35204.174182671755,Germany,Germany,None,seir
2020-10-24,418005,10003,41232180.5920467,3571000.6630698685,9764.040045465174,35599.29684164619,Germany,Germany,None,seir
2020-10-25,429181,10032,41742128.07737364,3627205.070575424,9625.99627601726,36056.350384523765,Germany,Germany,None,seir
2020-10-26,437866,10056,42242246.840133965,3682755.167327435,9547.300050731037,36522.46586443353,Germany,Germany,None,seir
2020-10-27,449275,10098,42732377.039887585,3737617.047492142,9411.407721303785,36913.438774927126,Germany,Germany,None,seir
2020-10-28,464239,10183,43212392.750209354,3791758.3604901987,9208.221142603132,37136.16184317194,Germany,Germany,None,seir
2020-10-29,481013,10272,43682201.899154484,3845148.3129315265,8981.29341601048,37333.29743897514,Germany,Germany,None,seir
2020-10-30,499694,10349,44141730.56032759,3897758.6013665358,8733.752368515048,37563.14234579704,Germany,Germany,None,seir
2020-10-31,518753,10452,44590902.38763189,3949564.825808444,8495.786894269891,37687.64663039077,Germany,Germany,None,seir
2020-11-01,532930,10481,45029669.293496735,4000544.327324322,8349.452891279669,38069.490767334435,Germany,Germany,None,seir
2020-11-02,545027,10530,45458016.34211149,4050675.7844754835,8240.50723030446,38367.95616785834,Germany,Germany,None,seir
2020-11-03,560379,10661,45875961.74942563,4099939.213317487,8086.595455830006,38357.36059766895,Germany,Germany,None,seir
2020-11-04,577593,10812,46283546.689176716,4148316.536235849,7913.176525542503,38267.70751235524,Germany,Germany,None,seir
2020-11-05,597583,10930,46680795.03893105,4195794.052205998,7711.600236106289,38287.86873015552,Germany,Germany,None,seir
2020-11-06,619089,11096,47067748.48594768,4242360.094498021,7502.743464339972,38133.238054235946,Germany,Germany,None,seir
2020-11-07,642488,11226,47444477.07243828,4288004.059423508,7284.49232864089,38097.07874063343,Germany,Germany,None,seir
2020-11-08,658505,11289,47811078.970602766,4332716.413533021,7160.549118169607,38279.98417515299,Germany,Germany,None,seir
2020-11-09,671868,11352,48167674.99805809,4376488.996711601,7069.217018530141,38452.58101402044,Germany,Germany,None,seir
2020-11-10,687200,11506,48514367.00576726,4419317.494348329,6959.715804098844,38308.80839864704,Germany,Germany,None,seir
2020-11-11,705687,11767,48851263.54997772,4461199.712085511,6822.511474630781,37812.804555838455,Germany,Germany,None,seir
2020-11-12,727553,11982,49178495.406338625,4502134.232895483,6659.438199875283,37474.146493869834,Germany,Germany,None,seir
2020-11-13,751095,12200,49496214.81121303,4542120.438872123,6489.874091987435,37130.49540059117,Germany,Germany,None,seir
2020-11-14,773556,12378,49804590.32181253,4581158.793487778,6338.394934796257,36910.49275721262,Germany,Germany,None,seir
2020-11-15,790503,12485,50103771.38340124,4619252.936316257,6238.213945222376,36898.42159644579,Germany,Germany,None,seir
2020-11-16,801327,12547,50393910.57871139,4656408.132696841,6188.80726329094,37011.72497566622,Germany,Germany,None,seir
2020-11-17,815746,12814,50675176.58550009,4692630.132091068,6112.126885758568,36521.118558538066,Germany,Germany,None,seir
2020-11-18,833307,13119,50947753.70305697,4727925.17918664,6013.923644353998,35938.761942119374,Germany,Germany,None,seir
2020-11-19,855916,13370,51211834.863914624,4762300.404897537,5883.278132890917,35519.29996183648,Germany,Germany,None,seir
2020-11-20,879564,13630,51467592.302998036,4795765.566043917,5751.48918134417,35085.367322405844,Germany,Germany,None,seir
2020-11-21,902528,13884,51715201.91782043,4828331.3211911,5630.038504935074,34676.22674438995,Germany,Germany,None,seir
2020-11-22,918269,14022,51954850.56035447,4860008.534396264,5557.911849398648,34559.88114674272,Germany,Germany,None,seir
2020-11-23,929133,14112,52186735.820708245,4890808.282868177,5516.713196141805,34557.088172251824,Germany,Germany,None,seir
2020-11-24,942687,14361,52411056.19527019,4920742.41932326,5459.751666806712,34164.622375344756,Germany,Germany,None,seir
2020-11-25,961320,14771,52627990.62523222,4949824.7853777995,5374.554843884682,33410.42438140816,Germany,Germany,None,seir
2020-11-26,983588,15160,52837722.10880397,4978069.51664957,5271.936431595746,32736.870162596108,Germany,Germany,None,seir
2020-11-27,1006394,15586,53040440.53932831,5005490.725236275,5170.3454650294325,32015.300431388907,Germany,Germany,None,seir
2020-11-28,1028089,15965,53236342.63678186,5032102.503156309,5078.184246381574,31419.58974729915,Germany,Germany,None,seir
2020-11-29,1042700,16123,53425619.54891201,5057919.647096259,5023.776690218856,31270.834504101338,Germany,Germany,None,seir
2020-11-30,1053869,16248,53608446.65900732,5082958.246329798,4986.82261827678,31183.593342748634,Germany,Germany,None,seir
2020-12-01,1067473,16636,53785002.4290528,5107234.308367358,4938.535160051149,30599.893654528478,Germany,Germany,None,seir
2020-12-02,1084743,17123,53955469.28488506,5130763.638514572,4874.032492939346,29864.163046864287,Germany,Germany,None,seir
2020-12-03,1106789,17602,54120033.34935668,5153561.85483239,4789.823927537831,29178.274371278207,Germany,Germany,None,seir
2020-12-04,1130238,18034,54278871.51318112,5175645.159720431,4702.428471983876,28599.374291451873,Germany,Germany,None,seir
2020-12-05,1153556,18517,54432148.63403819,5197030.4653176805,4618.639462153392,27966.26594652309,Germany,Germany,None,seir
2020-12-06,1171323,18772,54580031.2866625,5217734.395084375,4559.690903931922,27695.303617538753,Germany,Germany,None,seir
2020-12-07,1183655,18919,54722687.913546264,5237773.246969706,4523.195771871556,27585.254225750337,Germany,Germany,None,seir
2020-12-08,1197709,19342,54860288.381640136,5257163.019510075,4480.435513270764,27080.03835958058,Germany,Germany,None,seir
2020-12-09,1218524,19932,54992992.31410505,5275920.118876795,4413.082410695649,26369.597224948804,Germany,Germany,None,seir
2020-12-10,1242203,20372,55120949.85179991,5294061.264577313,4337.354430137419,25886.949070181196,Germany,Germany,None,seir
2020-12-11,1272078,20970,55244311.62370407,5311602.785040283,4242.839953501599,25229.53164063082,Germany,Germany,None,seir
2020-12-12,1300516,21466,55363228.69127542,5328560.6102159675,4157.020189776628,24723.25822331113,Germany,Germany,None,seir
2020-12-13,1320716,21787,55477851.848293215,5344950.31575312,4100.589062924446,24432.750336223988,Germany,Germany,None,seir
2020-12-14,1337078,21975,55588321.03400747,5360787.773931237,4057.447885165074,24294.938675455003,Germany,Germany,None,seir
2020-12-15,1351510,22475,55694772.8694146,5376088.630036084,4020.9293952256808,23820.30536167334,Germany,Germany,None,seir
2020-09-15,261762,9362,8740161.641921643,459829.30535951885,3238.9726705639637,4811.65675453449,Germany,Germany,None,seird
2020-09-16,263663,9368,8972577.25699867,472284.01757781184,3303.047548195488,4941.46047798689,Germany,Germany,None,seird
2020-09-17,265857,9371,9208671.750174344,484948.4565649957,3363.7687742562143,5074.991533080735,Germany,Germany,None,seird
2020-09-18,267773,9378,9448380.346655624,497818.7350239938,3428.503750062786,5208.367829217252,Germany,Germany,None,seird
2020-09-19,270070,9384,9691626.805690479,510891.2614193023,3488.561041837479,5344.28027940433,Germany,Germany,None,seird
2020-09-20,271415,9386,9938322.775637819,524162.83403614984,3561.6704219139765,5484.517728917002,Germany,Germany,None,seird
2020-09-21,272337,9386,10188379.915568998,537628.9212439038,3641.0928061809445,5627.987654420454,Germany,Germany,None,seird
2020-09-22,274158,9396,10441705.262464752,551284.320109799,3708.645110653256,5767.223500530003,Germany,Germany,None,seird
2020-09-23,275927,9409,10698192.924950808,565124.3630454759,3777.1823435005663,5906.210681745944,Germany,Germany,None,seird
2020-09-24,278070,9428,10957728.943992399,579144.2353110571,3840.636869850181,6042.811150944602,Germany,Germany,None,seird
2020-09-25,280223,9443,11220202.042741202,593337.4493566342,3904.026094482324,6183.357506688914,Germany,Germany,None,seird
2020-09-26,282730,9452,11485490.773077874,607697.7323039429,3962.3530481653424,6329.303134828004,Germany,Germany,None,seird
2020-09-27,284140,9457,11753461.77846736,622219.3066226746,4036.5037581710994,6479.457614705239,Germany,Germany,None,seird
2020-09-28,285332,9460,12023980.720990863,636895.3439392298,4114.031626663277,6632.508921133508,Germany,Germany,None,seird
2020-09-29,287421,9471,12296912.024284296,651718.0403661882,4178.362410639548,6781.195653744991,Germany,Germany,None,seird
2020-09-30,289219,9488,12572108.990664804,666680.1309131542,4246.916693116567,6926.561244868826,Germany,Germany,None,seird
2020-10-01,291722,9500,12849416.121485006,681774.5789829333,4304.678468365432,7076.574515609825,Germany,Germany,None,seird
2020-10-02,294395,9508,13128681.840381343,696992.7759089987,4359.546473405236,7230.592931310462,Germany,Germany,None,seird
2020-10-03,296958,9527,13409749.000106404,712326.0100055878,4415.70558803144,7376.918337415638,Germany,Germany,None,seird
2020-10-04,299237,9529,13692450.751688574,727766.1550210476,4475.788004721533,7537.382254392355,Germany,Germany,None,seird
2020-10-05,300619,9534,13976616.532566559,743304.8324955462,4549.279164845389,7696.358637461152,Germany,Germany,None,seird
2020-10-06,303258,9546,14262080.291324813,758932.2687268112,4602.952697480301,7850.2647048691715,Germany,Germany,None,seird
2020-10-07,306086,9562,14548669.24171849,774639.0858506936,4653.131225119244,8001.224491222481,Germany,Germany,None,seird
2020-10-08,310144,9578,14836203.240207471,790416.4561313972,4683.649930421827,8152.416539271217,Germany,Germany,None,seird
2020-10-09,314660,9589,15124503.31757265,806254.9016252778,4706.617719943001,8308.122866047323,Germany,Germany,None,seird
2020-10-10,319381,9604,15413393.740722725,822144.0669616837,4726.020878111949,8460.433850080006,Germany,Germany,None,seird
2020-10-11,322864,9615,15702693.620661393,838074.1314968165,4763.562868781094,8616.319620351705,Germany,Germany,None,seird
2020-10-12,325331,9621,15992217.384389644,854035.7813438582,4815.675845335872,8776.788081736391,Germany,Germany,None,seird
2020-10-13,329453,9634,16281783.491482887,870018.98439984,4842.065633484256,8930.713975501765,Germany,Germany,None,seird
2020-10-14,334585,9677,16571213.503333837,886013.2171499528,4852.76641311889,9055.866664771653,Germany,Germany,None,seird
2020-10-15,341223,9710,16860326.3935626,902008.4909602479,4841.145934934808,9189.479824513368,Germany,Germany,None,seird
2020-10-16,348557,9734,17148939.112345353,917995.2999075963,4819.981269159808,9330.812614624987,Germany,Germany,None,seird
2020-10-17,356387,9767,17436873.450749416,933963.6655409053,4792.679432961757,9462.441543369565,Germany,Germany,None,seird
2020-10-18,361974,9777,17723955.57283244,949903.2846936908,4796.472004296563,9615.69279629427,Germany,Germany,None,seird
2020-10-19,366299,9789,18010011.923194807,965804.3226975356,4816.751594515629,9766.22047908403,Germany,Germany,None,seird
2020-10-20,373167,9836,18294869.845707733,981657.3573896354,4802.595847357278,9880.249668459084,Germany,Germany,None,seird
2020-10-21,380762,9875,18578360.683952834,997452.9570319252,4779.258088767481,10000.789438297978,Germany,Germany,None,seird
2020-10-22,392049,9905,18860321.638753362,1013181.481314599,4710.705202348013,10128.990220238253,Germany,Germany,None,seird
2020-10-23,403291,9954,19140592.096047036,1028833.7604385497,4646.0994904540485,10235.882664642853,Germany,Germany,None,seird
2020-10-24,418005,10003,19419016.210678834,1044400.789765955,4545.642088175699,10340.87563496906,Germany,Germany,None,seird
2020-10-25,429181,10032,19695442.919953905,1059873.7280550892,4489.076152009037,10464.929506131273,Germany,Germany,None,seird
2020-10-26,437866,10056,19969726.221782126,1075243.9191165415,4460.69350481246,10592.560850403157,Germany,Germany,None,seird
2020-10-27,449275,10098,20241723.491393194,1090503.2635565584,4405.419507293571,10699.20047095027,Germany,Germany,None,seird
2020-10-28,464239,10183,20511298.47645438,1105643.7866825475,4318.262678588912,10757.741202813979,Germany,Germany,None,seird
2020-10-29,481013,10272,20778322.772391103,1120657.4369824128,4219.700875525423,10809.827073426917,Germany,Germany,None,seird
2020-10-30,499694,10349,21042672.228270013,1135536.698931504,4111.111645981343,10872.429209889882,Germany,Germany,None,seird
2020-10-31,518753,10452,21304225.683370765,1150274.8490047036,4006.814935695941,10905.308543864367,Germany,Germany,None,seird
2020-11-01,532930,10481,21562871.017733663,1164865.0186732474,3946.098177571851,11014.063721717846,Germany,Germany,None,seird
2020-11-02,545027,10530,21818505.35998877,1179300.1691342124,3903.1971553682242,11099.431805643044,Germany,Germany,None,seird
2020-11-03,560379,10661,22071027.898250103,1193574.2831440067,3838.589400789484,11095.70662361886,Germany,Germany,None,seird
2020-11-04,577593,10812,22320341.022293545,1207682.208324772,3764.3718019944054,11069.831745512136,Germany,Germany,None,seird
2020-11-05,597583,10930,22566358.414945688,1221618.3404771541,3676.271817462292,11076.746024493634,Germany,Germany,None,seird
2020-11-06,619089,11096,22809004.828193884,1235376.6597110713,3584.2852688698854,11033.531540294442,Germany,Germany,None,seird
2020-11-07,642488,11226,23048204.542940527,1248952.6249704852,3487.336190394299,11025.535586767193,Germany,Germany,None,seird
2020-11-08,658505,11289,23283884.80133957,1262342.6205205992,3435.870616220009,11082.05882293028,Germany,Germany,None,seird
2020-11-09,671868,11352,23515984.977169015,1275542.418480573,3400.090044051661,11136.279232563187,Germany,Germany,None,seird
2020-11-10,687200,11506,23744455.10235111,1288547.4146490144,3355.2466679789163,11098.917214053663,Germany,Germany,None,seird
2020-11-11,705687,11767,23969243.38361209,1301354.681334033,3296.5828169729766,10959.358216487066,Germany,Germany,None,seird
2020-11-12,727553,11982,24190303.573655702,1313961.7263024966,3224.8854136613695,10866.130247892645,Germany,Germany,None,seird
2020-11-13,751095,12200,24407600.48836067,1326365.5348555557,3149.602312405311,10771.848646357015,Germany,Germany,None,seird
2020-11-14,773556,12378,24621106.33506847,1338563.167443195,3082.8473097058873,10714.05047215378,Germany,Germany,None,seird
2020-11-15,790503,12485,24830791.683483377,1350553.2418499184,3041.1381972596405,10717.406822986932,Germany,Germany,None,seird
2020-11-16,801327,12547,25036635.203173496,1362334.2543312735,3024.396807192756,10757.848524199198,Germany,Germany,None,seird
2020-11-17,815746,12814,25238625.251392182,1373904.277428278,2993.931842925639,10621.900089185876,Germany,Germany,None,seird
2020-11-18,833307,13119,25436753.1734911,1385262.0598279552,2952.5068400350774,10459.204663678292,Germany,Germany,None,seird
2020-11-19,855916,13370,25631010.706639636,1396407.4277816564,2894.5708114627646,10344.333790438717,Germany,Germany,None,seird
2020-11-20,879564,13630,25821398.21518406,1407339.8241774843,2835.7043052221397,10225.310522211917,Germany,Germany,None,seird
2020-11-21,902528,13884,26007924.14323304,1418058.379050294,2781.6750442349753,10113.615521825799,Germany,Germany,None,seird
2020-11-22,918269,14022,26190596.10616405,1428563.3799243842,2752.170345091041,10088.014405394268,Germany,Germany,None,seird
2020-11-23,929133,14112,26369424.87870707,1438855.5421231294,2738.067841601479,10095.971812097005,Germany,Germany,None,seird
2020-11-24,942687,14361,26544429.20903655,1448935.1251381715,2715.8263781124115,9989.37487040019,Germany,Germany,None,seird
2020-11-25,961320,14771,26715633.153583728,1458802.3670325235,2679.057249779858,9776.124616021418,Germany,Germany,None,seird
2020-11-26,983588,15160,26883058.33095377,1468458.7588780497,2633.1624959793908,9586.403422678428,Germany,Germany,None,seird
2020-11-27,1006394,15586,27046731.63041107,1477905.6610765231,2587.489356098215,9382.263961738247,Germany,Germany,None,seird
2020-11-28,1028089,15965,27206686.65204319,1487144.0130374623,2546.3357405869715,9215.02670239563,Germany,Germany,None,seird
2020-11-29,1042700,16123,27362958.458395127,1496175.2041888158,2524.240765166887,9179.756895049406,Germany,Germany,None,seird
2020-11-30,1053869,16248,27515581.02681963,1505001.4639404195,2510.910941190948,9162.687493478703,Germany,Germany,None,seird
2020-12-01,1067473,16636,27664593.824924953,1513624.6591001067,2491.5965860424526,8998.489174682056,Germany,Germany,None,seird
2020-12-02,1084743,17123,27810041.40086404,1522046.342447387,2463.74472117949,8788.899973412294,Germany,Germany,None,seird
2020-12-03,1106789,17602,27951966.657591853,1530268.8749338237,2425.50094531043,8593.72159376107,Germany,Germany,None,seird
2020-12-04,1130238,18034,28090413.556856,1538294.9065707072,2385.3538420099126,8429.97064750309,Germany,Germany,None,seird
2020-12-05,1153556,18517,28225430.798277542,1546126.6842991635,2346.8192960096903,8249.768776255136,Germany,Germany,None,seird
2020-12-06,1171323,18772,28357070.01729105,1553766.3486759402,2320.9436694482265,8177.042130172279,Germany,Germany,None,seird
2020-12-07,1183655,18919,28485379.89236252,1561216.9140763178,2306.5610243155747,8152.111179641196,Germany,Germany,None,seird
2020-12-08,1197709,19342,28610411.6109073,1568481.2671014797,2288.761511427843,8009.198982015715,Germany,Germany,None,seird
2020-12-09,1218524,19932,28732220.0977504,1575561.919049484,2257.95274428328,7804.6855260359425,Germany,Germany,None,seird
2020-12-10,1242203,20372,28850860.67066574,1582461.5685461578,2222.556029140627,7667.826274033761,Germany,Germany,None,seird
2020-12-11,1272078,20970,28966386.316395592,1589183.538475204,2177.091995647719,7478.366897831206,Germany,Germany,None,seird
2020-12-12,1300516,21466,29078852.718124297,1595730.8500000916,2135.9473253788724,7333.759666449696,Germany,Germany,None,seird
2020-12-13,1320716,21787,29188318.17325745,1602106.2212677319,2110.037447358664,7253.496219156983,Germany,Germany,None,seird
2020-12-14,1337078,21975,29294839.106763072,1608312.8273997835,2090.959622906298,7218.82970375328,Germany,Germany,None,seird
2020-12-15,1351510,22475,29398472.275373507,1614353.87498303,2075.2315761905948,7082.887096698687,Germany,Germany,None,seird
2020-09-15,603167,30004,240297.0,27601.0,60.16078465831187,8.008932142381015,Spain,Spain,None,delphi
2020-09-16,614360,30243,240297.0,27601.0,60.88661371183019,8.735905829448138,Spain,Spain,None,delphi
2020-09-17,625651,30405,240297.0,27601.0,61.59248526734553,9.222167406676533,Spain,Spain,None,delphi
2020-09-18,640040,30495,240297.0,27601.0,62.45594025373414,9.490080341039514,Spain,Spain,None,delphi
2020-09-19,640040,30495,240297.0,27601.0,62.45594025373414,9.490080341039514,Spain,Spain,None,delphi
2020-09-20,640040,30495,240297.0,27601.0,62.45594025373414,9.490080341039514,Spain,Spain,None,delphi
2020-09-21,671468,30663,240297.0,27601.0,64.21318662989151,9.985976584156802,Spain,Spain,None,delphi
2020-09-22,682267,30904,240297.0,27601.0,64.77962439924546,10.68793683665545,Spain,Spain,None,delphi
2020-09-23,693556,31034,240297.0,27601.0,65.35290589368414,11.062060965392796,Spain,Spain,None,delphi
2020-09-24,704209,31118,240297.0,27601.0,65.8770336647217,11.302140240375346,Spain,Spain,None,delphi
2020-09-25,716481,31232,240297.0,27601.0,66.46149723439979,11.625896516393443,Spain,Spain,None,delphi
2020-09-26,716481,31232,240297.0,27601.0,66.46149723439979,11.625896516393443,Spain,Spain,None,delphi
2020-09-27,716481,31232,240297.0,27601.0,66.46149723439979,11.625896516393443,Spain,Spain,None,delphi
2020-09-28,748266,31411,240297.0,27601.0,67.88615278523947,12.129508770812773,Spain,Spain,None,delphi
2020-09-29,748266,31411,240297.0,27601.0,67.88615278523947,12.129508770812773,Spain,Spain,None,delphi
2020-09-30,769188,31791,240297.0,27601.0,68.75965303670884,13.179830769714698,Spain,Spain,None,delphi
2020-10-01,778607,31973,240297.0,27601.0,69.13757518234488,13.674037469114566,Spain,Spain,None,delphi
2020-10-02,789932,32086,240297.0,27601.0,69.58003980089426,13.978058966527456,Spain,Spain,None,delphi
2020-10-03,789932,32086,240297.0,27601.0,69.58003980089426,13.978058966527456,Spain,Spain,None,delphi
2020-10-04,789932,32086,240297.0,27601.0,69.58003980089426,13.978058966527456,Spain,Spain,None,delphi
2020-10-05,813412,32225,240297.0,27601.0,70.4581442122811,14.349107835531418,Spain,Spain,None,delphi
2020-10-06,825410,32486,240297.0,27601.0,70.8875589101174,15.037246814012189,Spain,Spain,None,delphi
2020-10-07,835901,32562,240297.0,27601.0,71.2529354552752,15.235550641852466,Spain,Spain,None,delphi
2020-10-08,848324,32688,240297.0,27601.0,71.67391232595094,15.562285854136073,Spain,Spain,None,delphi
2020-10-09,861112,32929,240297.0,27601.0,72.09457074108828,16.18026663427374,Spain,Spain,None,delphi
2020-10-10,861112,32929,240297.0,27601.0,72.09457074108828,16.18026663427374,Spain,Spain,None,delphi
2020-10-11,861112,32929,240297.0,27601.0,72.09457074108828,16.18026663427374,Spain,Spain,None,delphi
2020-10-12,888968,33124,240297.0,27601.0,72.96899325959988,16.673710904480135,Spain,Spain,None,delphi
2020-10-13,896086,33204,240297.0,27601.0,73.18371227761621,16.874472955065656,Spain,Spain,None,delphi
2020-10-14,908056,33413,240297.0,27601.0,73.53720475389183,17.394427318708285,Spain,Spain,None,delphi
2020-10-15,921374,33553,240297.0,27601.0,73.91971121390445,17.739099335379844,Spain,Spain,None,delphi
2020-10-16,936560,33775,240297.0,27601.0,74.34259417442556,18.27979274611399,Spain,Spain,None,delphi
2020-10-17,936560,33775,240297.0,27601.0,74.34259417442556,18.27979274611399,Spain,Spain,None,delphi
2020-10-18,936560,33775,240297.0,27601.0,74.34259417442556,18.27979274611399,Spain,Spain,None,delphi
2020-10-19,974449,33992,240297.0,27601.0,75.34021790776121,18.80148270181219,Spain,Spain,None,delphi
2020-10-20,988322,34210,240297.0,27601.0,75.68636537484747,19.318912598655363,Spain,Spain,None,delphi
2020-10-21,1005295,34366,240297.0,27601.0,76.09686708876498,19.68515393121108,Spain,Spain,None,delphi
2020-10-22,1026281,34521,240297.0,27601.0,76.58565246750159,20.045769241910723,Spain,Spain,None,delphi
2020-10-23,1046132,34752,240297.0,27601.0,77.029954154925,20.577232965009205,Spain,Spain,None,delphi
2020-10-24,1046132,34752,240297.0,27601.0,77.029954154925,20.577232965009205,Spain,Spain,None,delphi
2020-10-25,1046132,34752,240297.0,27601.0,77.029954154925,20.577232965009205,Spain,Spain,None,delphi
2020-10-26,1098320,35031,240297.0,27601.0,78.12140359822274,21.20978561845223,Spain,Spain,None,delphi
2020-10-27,1116738,35298,240297.0,27601.0,78.48224023898175,21.805768032183124,Spain,Spain,None,delphi
2020-10-28,1136503,35466,240297.0,27601.0,78.85645704410811,22.176168724976034,Spain,Spain,None,delphi
2020-10-29,1160083,35639,240297.0,27601.0,79.28622348573336,22.55394371334774,Spain,Spain,None,delphi
2020-10-30,1185678,35878,240297.0,27601.0,79.73336774402495,23.069847817604103,Spain,Spain,None,delphi
2020-10-31,1185678,35878,240297.0,27601.0,79.73336774402495,23.069847817604103,Spain,Spain,None,delphi
2020-11-01,1185678,35878,240297.0,27601.0,79.73336774402495,23.069847817604103,Spain,Spain,None,delphi
2020-11-02,1240697,36257,240297.0,27601.0,80.63209631360438,23.874010535896517,Spain,Spain,None,delphi
2020-11-03,1259366,36495,240297.0,27601.0,80.9192085541455,24.370461707083162,Spain,Spain,None,delphi
2020-11-04,1284408,38118,240297.0,27601.0,81.29122521815498,27.590639592843274,Spain,Spain,None,delphi
2020-11-05,1306316,38486,240297.0,27601.0,81.60498684851139,28.283012004365222,Spain,Spain,None,delphi
2020-11-06,1328832,38833,240297.0,27601.0,81.9166756971536,28.923853423634537,Spain,Spain,None,delphi
2020-11-07,1328832,38833,240297.0,27601.0,81.9166756971536,28.923853423634537,Spain,Spain,None,delphi
2020-11-08,1328832,38833,240297.0,27601.0,81.9166756971536,28.923853423634537,Spain,Spain,None,delphi
2020-11-09,1381218,39345,240297.0,27601.0,82.60252907216675,29.848773668827043,Spain,Spain,None,delphi
2020-11-10,1381218,39345,240297.0,27601.0,82.60252907216675,29.848773668827043,Spain,Spain,None,delphi
2020-11-11,1417709,40105,240297.0,27601.0,83.05032979264433,31.1781573369904,Spain,Spain,None,delphi
2020-11-12,1437220,40461,240297.0,27601.0,83.28043027511445,31.783692938879415,Spain,Spain,None,delphi
2020-11-13,1458591,40769,240297.0,27601.0,83.52540225464163,32.29905074934386,Spain,Spain,None,delphi
2020-11-14,1458591,40769,240297.0,27601.0,83.52540225464163,32.29905074934386,Spain,Spain,None,delphi
2020-11-15,1458591,40769,240297.0,27601.0,83.52540225464163,32.29905074934386,Spain,Spain,None,delphi
2020-11-16,1496864,41253,240297.0,27601.0,83.94663777069927,33.09335078660946,Spain,Spain,None,delphi
2020-11-17,1510023,41688,240297.0,27601.0,84.08653378127353,33.791498752638645,Spain,Spain,None,delphi
2020-11-18,1525341,42039,240297.0,27601.0,84.24634229329703,34.34429934108804,Spain,Spain,None,delphi
2020-11-19,1541574,42291,240297.0,27601.0,84.41223061624028,34.7355229244993,Spain,Spain,None,delphi
2020-11-20,1556730,42619,240297.0,27601.0,84.56398990190978,35.23780473497736,Spain,Spain,None,delphi
2020-11-21,1556730,42619,240297.0,27601.0,84.56398990190978,35.23780473497736,Spain,Spain,None,delphi
2020-11-22,1556730,42619,240297.0,27601.0,84.56398990190978,35.23780473497736,Spain,Spain,None,delphi
2020-11-23,1582616,43131,240297.0,27601.0,84.81646842948636,36.00658459112935,Spain,Spain,None,delphi
2020-11-24,1594844,43668,240297.0,27601.0,84.93288371778056,36.79353302189246,Spain,Spain,None,delphi
2020-11-25,1605066,44037,240297.0,27601.0,85.02883993555406,37.32316006994119,Spain,Spain,None,delphi
2020-11-26,1617355,44374,240297.0,27601.0,85.14259392650347,37.79916167124893,Spain,Spain,None,delphi
2020-11-27,1628208,44668,240297.0,27601.0,85.24162760531824,38.208560938479444,Spain,Spain,None,delphi
2020-11-28,1628208,44668,240297.0,27601.0,85.24162760531824,38.208560938479444,Spain,Spain,None,delphi
2020-11-29,1628208,44668,240297.0,27601.0,85.24162760531824,38.208560938479444,Spain,Spain,None,delphi
2020-11-30,1648187,45069,240297.0,27601.0,85.42052570491092,38.75834831036855,Spain,Spain,None,delphi
2020-12-01,1656444,45511,240297.0,27601.0,85.49320109825626,39.353123420711476,Spain,Spain,None,delphi
2020-12-02,1665775,45784,240297.0,27601.0,85.57446233735048,39.714747510047175,Spain,Spain,None,delphi
2020-12-03,1675902,46038,240297.0,27601.0,85.66163176605792,40.04735218732351,Spain,Spain,None,delphi
2020-12-04,1684647,46252,240297.0,27601.0,85.73606221362695,40.32474271382859,Spain,Spain,None,delphi
2020-12-05,1684647,46252,240297.0,27601.0,85.73606221362695,40.32474271382859,Spain,Spain,None,delphi
2020-12-06,1684647,46252,240297.0,27601.0,85.73606221362695,40.32474271382859,Spain,Spain,None,delphi
2020-12-07,1702328,46646,240297.0,27601.0,85.88421267816778,40.828795609484196,Spain,Spain,None,delphi
2020-12-08,1702328,46646,240297.0,27601.0,85.88421267816778,40.828795609484196,Spain,Spain,None,delphi
2020-12-09,1712101,47019,240297.0,27601.0,85.96478829227948,41.298198600565726,Spain,Spain,None,delphi
2020-12-10,1720056,47344,240297.0,27601.0,86.02969903305474,41.70116593443731,Spain,Spain,None,delphi
2020-12-11,1730575,47624,240297.0,27601.0,86.11461508458171,42.04392743154712,Spain,Spain,None,delphi
2020-12-12,1730575,47624,240297.0,27601.0,86.11461508458171,42.04392743154712,Spain,Spain,None,delphi
2020-12-13,1730575,47624,240297.0,27601.0,86.11461508458171,42.04392743154712,Spain,Spain,None,delphi
2020-12-14,1751884,48013,240297.0,27601.0,86.28350963876603,42.513485930893715,Spain,Spain,None,delphi
2020-12-15,1762212,48401,240297.0,27601.0,86.36389946272072,42.9743187124233,Spain,Spain,None,delphi
2020-09-15,603167,30004,1021708.0,36690.0,69.39056679161824,22.283695507265698,Spain,Spain,None,delphi_lookahead
2020-09-16,614360,30243,1021711.0,36695.0,66.30493521713653,21.333862381377507,Spain,Spain,None,delphi_lookahead
2020-09-17,625651,30405,1021713.0,36699.0,63.30398257175326,20.70054267390232,Spain,Spain,None,delphi_lookahead
2020-09-18,640040,30495,1021716.0,36704.0,59.63314792825448,20.360714871290376,Spain,Spain,None,delphi_lookahead
2020-09-19,640040,30495,1021718.0,36708.0,59.63346040872446,20.373831775700936,Spain,Spain,None,delphi_lookahead
2020-09-20,640040,30495,1021720.0,36712.0,59.633772889194425,20.386948680111495,Spain,Spain,None,delphi_lookahead
2020-09-21,671468,30663,1021721.0,36716.0,52.16227727903638,19.740403743925906,Spain,Spain,None,delphi_lookahead
2020-09-22,682267,30904,1021723.0,36720.0,49.75412851566909,18.819570282164122,Spain,Spain,None,delphi_lookahead
2020-09-23,693556,31034,1021724.0,36723.0,47.316727128018506,18.33150737900367,Spain,Spain,None,delphi_lookahead
2020-09-24,704209,31118,1021726.0,36727.0,45.08846095406335,18.024937335304326,Spain,Spain,None,delphi_lookahead
2020-09-25,716481,31232,1021727.0,36730.0,42.60350239573694,17.60373975409836,Spain,Spain,None,delphi_lookahead
2020-09-26,716481,31232,1021728.0,36733.0,42.6036419667793,17.613345286885245,Spain,Spain,None,delphi_lookahead
2020-09-27,716481,31232,1021729.0,36736.0,42.60378153782166,17.62295081967213,Spain,Spain,None,delphi_lookahead
2020-09-28,748266,31411,1021730.0,36739.0,36.54636185527607,16.96221069052243,Spain,Spain,None,delphi_lookahead
2020-09-29,748266,31411,1021731.0,36741.0,36.54649549759043,16.96857788672758,Spain,Spain,None,delphi_lookahead
2020-09-30,769188,31791,1021731.0,36744.0,32.83241548230082,15.579881098424082,Spain,Spain,None,delphi_lookahead
2020-10-01,778607,31973,1021732.0,36746.0,31.225637580961894,14.928220686203986,Spain,Spain,None,delphi_lookahead
2020-10-02,789932,32086,1021733.0,36749.0,29.344424583381862,14.532818051486629,Spain,Spain,None,delphi_lookahead
2020-10-03,789932,32086,1021733.0,36751.0,29.344424583381862,14.539051299632238,Spain,Spain,None,delphi_lookahead
2020-10-04,789932,32086,1021734.0,36753.0,29.344551176556973,14.545284547777849,Spain,Spain,None,delphi_lookahead
2020-10-05,813412,32225,1021734.0,36755.0,25.610883537493915,14.057408844065167,Spain,Spain,None,delphi_lookahead
2020-10-06,825410,32486,1021735.0,36756.0,23.7851491985801,13.14412362248353,Spain,Spain,None,delphi_lookahead
2020-10-07,835901,32562,1021735.0,36758.0,22.23158005553289,12.886186352189668,Spain,Spain,None,delphi_lookahead
2020-10-08,848324,32688,1021735.0,36760.0,20.44160014334146,12.457170827214881,Spain,Spain,None,delphi_lookahead
2020-10-09,861112,32929,1021736.0,36762.0,18.65309042261634,11.640195572291901,Spain,Spain,None,delphi_lookahead
2020-10-10,861112,32929,1021736.0,36763.0,18.65309042261634,11.643232409122657,Spain,Spain,None,delphi_lookahead
2020-10-11,861112,32929,1021736.0,36764.0,18.65309042261634,11.646269245953416,Spain,Spain,None,delphi_lookahead
2020-10-12,888968,33124,1021736.0,36766.0,14.935070778700696,10.99504890713682,Spain,Spain,None,delphi_lookahead
2020-10-13,896086,33204,1021737.0,36767.0,14.022203226029644,10.730634863269485,Spain,Spain,None,delphi_lookahead
2020-10-14,908056,33413,1021737.0,36768.0,12.519161813808841,10.041002005207554,Spain,Spain,None,delphi_lookahead
2020-10-15,921374,33553,1021737.0,36770.0,10.892753648355608,9.587816290644652,Spain,Spain,None,delphi_lookahead
2020-10-16,936560,33775,1021737.0,36771.0,9.094665584692919,8.870466321243525,Spain,Spain,None,delphi_lookahead
2020-10-17,936560,33775,1021737.0,36772.0,9.094665584692919,8.873427091043672,Spain,Spain,None,delphi_lookahead
2020-10-18,936560,33775,1021737.0,36773.0,9.094665584692919,8.876387860843819,Spain,Spain,None,delphi_lookahead
2020-10-19,974449,33992,1021738.0,36774.0,4.852896354760485,8.184278653800895,Spain,Spain,None,delphi_lookahead
2020-10-20,988322,34210,1021738.0,36775.0,3.3810843024844126,7.4978076585793625,Spain,Spain,None,delphi_lookahead
2020-10-21,1005295,34366,1021738.0,36776.0,1.6356392899596635,7.0127451550951525,Spain,Spain,None,delphi_lookahead
2020-10-22,1026281,34521,1021738.0,36776.0,0.44266628730337987,6.532255728397207,Spain,Spain,None,delphi_lookahead
2020-10-23,1046132,34752,1021738.0,36777.0,2.33182810582221,5.827002762430939,Spain,Spain,None,delphi_lookahead
2020-10-24,1046132,34752,1021738.0,36778.0,2.33182810582221,5.8298802946593,Spain,Spain,None,delphi_lookahead
2020-10-25,1046132,34752,1021738.0,36779.0,2.33182810582221,5.832757826887661,Spain,Spain,None,delphi_lookahead
2020-10-26,1098320,35031,1021738.0,36779.0,6.9726491368635735,4.989866118580686,Spain,Spain,None,delphi_lookahead
2020-10-27,1116738,35298,1021738.0,36780.0,8.50691925948611,4.198538160802312,Spain,Spain,None,delphi_lookahead
2020-10-28,1136503,35466,1021738.0,36781.0,10.098081571276099,3.707776461963571,Spain,Spain,None,delphi_lookahead
2020-10-29,1160083,35639,1021738.0,36781.0,11.925439817668218,3.2043547798759784,Spain,Spain,None,delphi_lookahead
2020-10-30,1185678,35878,1021738.0,36782.0,13.826688190216904,2.519649924744969,Spain,Spain,None,delphi_lookahead
2020-10-31,1185678,35878,1021738.0,36782.0,13.826688190216904,2.519649924744969,Spain,Spain,None,delphi_lookahead
2020-11-01,1185678,35878,1021738.0,36783.0,13.826688190216904,2.52243714811305,Spain,Spain,None,delphi_lookahead
2020-11-02,1240697,36257,1021738.0,36783.0,17.64806395115004,1.4507543370935267,Spain,Spain,None,delphi_lookahead
2020-11-03,1259366,36495,1021738.0,36784.0,18.86885941021117,0.7918892999040965,Spain,Spain,None,delphi_lookahead
2020-11-04,1284408,38118,1021738.0,36784.0,20.450666766323476,3.499658953775119,Spain,Spain,None,delphi_lookahead
2020-11-05,1306316,38486,1021738.0,36785.0,21.784774893670445,4.419789014186977,Spain,Spain,None,delphi_lookahead
2020-11-06,1328832,38833,1021738.0,36785.0,23.11006959495256,5.273865011716839,Spain,Spain,None,delphi_lookahead
2020-11-07,1328832,38833,1021738.0,36785.0,23.11006959495256,5.273865011716839,Spain,Spain,None,delphi_lookahead
2020-11-08,1328832,38833,1021738.0,36786.0,23.11006959495256,5.271289882316586,Spain,Spain,None,delphi_lookahead
2020-11-09,1381218,39345,1021739.0,36786.0,26.026231919943122,6.504003049942813,Spain,Spain,None,delphi_lookahead
2020-11-10,1381218,39345,1021739.0,36786.0,26.026231919943122,6.504003049942813,Spain,Spain,None,delphi_lookahead
2020-11-11,1417709,40105,1021739.0,36787.0,27.930273420003683,8.273282633088144,Spain,Spain,None,delphi_lookahead
2020-11-12,1437220,40461,1021739.0,36787.0,28.908656990579036,9.080348978028224,Spain,Spain,None,delphi_lookahead
2020-11-13,1458591,40769,1021739.0,36787.0,29.95027392874356,9.767225097500551,Spain,Spain,None,delphi_lookahead
2020-11-14,1458591,40769,1021739.0,36788.0,29.95027392874356,9.76477225342785,Spain,Spain,None,delphi_lookahead
2020-11-15,1458591,40769,1021739.0,36788.0,29.95027392874356,9.76477225342785,Spain,Spain,None,delphi_lookahead
2020-11-16,1496864,41253,1021739.0,36788.0,31.741360604570623,10.823455263859598,Spain,Spain,None,delphi_lookahead
2020-11-17,1510023,41688,1021739.0,36788.0,32.33619620363398,11.753981961235848,Spain,Spain,None,delphi_lookahead
2020-11-18,1525341,42039,1021739.0,36788.0,33.015699440321875,12.490782368752825,Spain,Spain,None,delphi_lookahead
2020-11-19,1541574,42291,1021739.0,36789.0,33.72105393578252,13.009860253954741,Spain,Spain,None,delphi_lookahead
2020-11-20,1556730,42619,1021739.0,36789.0,34.366331990775535,13.679344893122785,Spain,Spain,None,delphi_lookahead
2020-11-21,1556730,42619,1021739.0,36789.0,34.366331990775535,13.679344893122785,Spain,Spain,None,delphi_lookahead
2020-11-22,1556730,42619,1021739.0,36789.0,34.366331990775535,13.679344893122785,Spain,Spain,None,delphi_lookahead
2020-11-23,1582616,43131,1021739.0,36789.0,35.439866651164905,14.70404117687974,Spain,Spain,None,delphi_lookahead
2020-11-24,1594844,43668,1021739.0,36790.0,35.93486259471146,15.750664101859485,Spain,Spain,None,delphi_lookahead
2020-11-25,1605066,44037,1021739.0,36790.0,36.342866897685205,16.45661602743148,Spain,Spain,None,delphi_lookahead
2020-11-26,1617355,44374,1021739.0,36790.0,36.82654704749421,17.09108937666201,Spain,Spain,None,delphi_lookahead
2020-11-27,1628208,44668,1021739.0,36790.0,37.24763666558572,17.636786961583237,Spain,Spain,None,delphi_lookahead
2020-11-28,1628208,44668,1021739.0,36790.0,37.24763666558572,17.636786961583237,Spain,Spain,None,delphi_lookahead
2020-11-29,1628208,44668,1021739.0,36790.0,37.24763666558572,17.636786961583237,Spain,Spain,None,delphi_lookahead
2020-11-30,1648187,45069,1021739.0,36790.0,38.008308523244025,18.369611040848476,Spain,Spain,None,delphi_lookahead
2020-12-01,1656444,45511,1021739.0,36790.0,38.31732313316961,19.162400298828857,Spain,Spain,None,delphi_lookahead
2020-12-02,1665775,45784,1021739.0,36791.0,38.6628446218727,19.64223309453084,Spain,Spain,None,delphi_lookahead
2020-12-03,1675902,46038,1021739.0,36791.0,39.03348763829866,20.085581476171857,Spain,Spain,None,delphi_lookahead
2020-12-04,1684647,46252,1021739.0,36791.0,39.349964710707944,20.455331661333563,Spain,Spain,None,delphi_lookahead
2020-12-05,1684647,46252,1021739.0,36791.0,39.349964710707944,20.455331661333563,Spain,Spain,None,delphi_lookahead
2020-12-06,1684647,46252,1021739.0,36791.0,39.349964710707944,20.455331661333563,Spain,Spain,None,delphi_lookahead
2020-12-07,1702328,46646,1021739.0,36791.0,39.979898115991745,21.12721348025554,Spain,Spain,None,delphi_lookahead
2020-12-08,1702328,46646,1021739.0,36791.0,39.979898115991745,21.12721348025554,Spain,Spain,None,delphi_lookahead
2020-12-09,1712101,47019,1021739.0,36791.0,40.32250433823705,21.752908398732426,Spain,Spain,None,delphi_lookahead
2020-12-10,1720056,47344,1021739.0,36791.0,40.59850376964471,22.290047313281512,Spain,Spain,None,delphi_lookahead
2020-12-11,1730575,47624,1021739.0,36791.0,40.95956546234633,22.746934318830842,Spain,Spain,None,delphi_lookahead
2020-12-12,1730575,47624,1021739.0,36791.0,40.95956546234633,22.746934318830842,Spain,Spain,None,delphi_lookahead
2020-12-13,1730575,47624,1021739.0,36791.0,40.95956546234633,22.746934318830842,Spain,Spain,None,delphi_lookahead
2020-12-14,1751884,48013,1021739.0,36792.0,41.677702404953756,23.370753754191572,Spain,Spain,None,delphi_lookahead
2020-12-15,1762212,48401,1021739.0,36792.0,42.01951865042344,23.985041631371253,Spain,Spain,None,delphi_lookahead
2020-09-15,603167,30004,183477.13539243175,21123.277118091893,69.58103885119183,29.598463144607738,Spain,Spain,None,delphi_constant
2020-09-16,614360,30243,183477.13718577503,21123.277292196628,70.1352403825485,30.154821637414848,Spain,Spain,None,delphi_constant
2020-09-17,625651,30405,183477.13878716383,21123.277447349683,70.67420354364273,30.526961199310364,Spain,Spain,None,delphi_constant
2020-09-18,640040,30495,183477.1402169403,21123.277585578267,71.33348849807194,30.73199676806602,Spain,Spain,None,delphi_constant
2020-09-19,640040,30495,183477.14149347818,21123.27770872883,71.33348829862537,30.731996364227477,Spain,Spain,None,delphi_constant
2020-09-20,640040,30495,183477.14263323465,21123.277818460036,71.33348812054956,30.73199600439405,Spain,Spain,None,delphi_constant
2020-09-21,671468,30663,183477.143650765,21123.27791620863,72.67522150709118,31.11150925803532,Spain,Spain,None,delphi_constant
2020-09-22,682267,30904,183477.14455904963,21123.278003260508,73.107721088804,31.648725073581062,Spain,Spain,None,delphi_constant
2020-09-23,693556,31034,183477.14536985414,21123.27808078691,73.54544616875145,31.93504517372266,Spain,Spain,None,delphi_constant
2020-09-24,704209,31118,183477.1460937356,21123.278149841775,73.94564027245667,32.11877964572988,Spain,Spain,None,delphi_constant
2020-09-25,716481,31232,183477.1467399566,21123.27821133892,74.39190338055627,32.36655285816176,Spain,Spain,None,delphi_constant
2020-09-26,716481,31232,183477.14731674996,21123.27826608998,74.39190330005263,32.36655268285739,Spain,Spain,None,delphi_constant
2020-09-27,716481,31232,183477.1478315962,21123.278314834726,74.391903228195,32.366552526784304,Spain,Spain,None,delphi_constant
2020-09-28,748266,31411,183477.1482912296,21123.278358240794,75.47968926942697,32.751971098529836,Spain,Spain,None,delphi_constant
2020-09-29,748266,31411,183477.1487015609,21123.278396889695,75.47968921458934,32.75197097548727,Spain,Spain,None,delphi_constant
2020-09-30,769188,31791,183477.14906780122,21123.27843129192,76.14664437461308,33.555791163247704,Spain,Spain,None,delphi_constant
2020-10-01,778607,31973,183477.14939469006,21123.27846191278,76.43520423080064,33.93401162883439,Spain,Spain,None,delphi_constant
2020-10-02,789932,32086,183477.14968650814,21123.27848917346,76.77304506128273,34.16668176409195,Spain,Spain,None,delphi_constant
2020-10-03,789932,32086,183477.14994703638,21123.278513444173,76.77304502830162,34.16668168844925,Spain,Spain,None,delphi_constant
2020-10-04,789932,32086,183477.150179575,21123.278535045625,76.77304499886382,34.16668162112565,Spain,Spain,None,delphi_constant
2020-10-05,813412,32225,183477.1503871205,21123.278554269415,77.44351566154415,34.4506483963711,Spain,Spain,None,delphi_constant
2020-10-06,825410,32486,183477.1505723875,21123.278571380193,77.77139232958318,34.97728691934928,Spain,Spain,None,delphi_constant
2020-10-07,835901,32562,183477.1507377948,21123.27858661332,78.05037310186316,35.129050467989316,Spain,Spain,None,delphi_constant
2020-10-08,848324,32688,183477.15088543974,21123.278600170775,78.37180712965332,35.3791036460757,Spain,Spain,None,delphi_constant
2020-10-09,861112,32929,183477.1510172134,21123.278612234677,78.6929980052289,35.85204952402236,Spain,Spain,None,delphi_constant
2020-10-10,861112,32929,183477.15113483425,21123.278622970774,78.6929979915697,35.85204949141858,Spain,Spain,None,delphi_constant
2020-10-11,861112,32929,183477.15123984538,21123.278632527963,78.69299797937488,35.852049462394966,Spain,Spain,None,delphi_constant
2020-10-12,888968,33124,183477.15133358823,21123.278641034332,79.36065737646483,36.2296865081683,Spain,Spain,None,delphi_constant
2020-10-13,896086,33204,183477.15141725453,21123.278648603296,79.52460462307698,36.383331379944295,Spain,Spain,None,delphi_constant
2020-10-14,908056,33413,183477.15149193013,21123.278655338338,79.79451140767418,36.7812568301609,Spain,Spain,None,delphi_constant
2020-10-15,921374,33553,183477.15155859562,21123.27866133306,80.08657162470445,37.045037220716296,Spain,Spain,None,delphi_constant
2020-10-16,936560,33775,183477.1516181136,21123.278666669234,80.40946104701102,37.45883444361441,Spain,Spain,None,delphi_constant
2020-10-17,936560,33775,183477.1516712363,21123.278671417534,80.40946104133891,37.45883442955578,Spain,Spain,None,delphi_constant
2020-10-18,936560,33775,183477.1517186481,21123.27867564235,80.40946103627658,37.45883441704708,Spain,Spain,None,delphi_constant
2020-10-19,974449,33992,183477.1517609699,21123.278679402192,81.17118989696024,37.858088140144176,Spain,Spain,None,delphi_constant
2020-10-20,988322,34210,183477.1517987562,21123.278682749224,81.43548845429362,38.25408160552697,Spain,Spain,None,delphi_constant
2020-10-21,1005295,34366,183477.15183248592,21123.278685727928,81.74892426278,38.53436918545094,Spain,Spain,None,delphi_constant
2020-10-22,1026281,34521,183477.15186258912,21123.27868837821,82.12213303543678,38.81035112430634,Spain,Spain,None,delphi_constant
2020-10-23,1046132,34752,183477.15188945766,21123.278690736483,82.46137658637174,39.21708479875552,Spain,Spain,None,delphi_constant
2020-10-24,1046132,34752,183477.1519134452,21123.278692835665,82.46137658407876,39.21708479271505,Spain,Spain,None,delphi_constant
2020-10-25,1046132,34752,183477.15193486103,21123.278694704266,82.46137658203162,39.21708478733809,Spain,Spain,None,delphi_constant
2020-10-26,1098320,35031,183477.15195397523,21123.278696366986,83.29474543357352,39.70118267715171,Spain,Spain,None,delphi_constant
2020-10-27,1116738,35298,183477.1519710342,21123.27869784639,83.57025981286263,40.15729305386597,Spain,Spain,None,delphi_constant
2020-10-28,1136503,35466,183477.15198626166,21123.278699163,83.8559905265308,40.440763832507194,Spain,Spain,None,delphi_constant
2020-10-29,1160083,35639,183477.1519998577,21123.27870033516,84.18413579029624,40.72987822235427,Spain,Spain,None,delphi_constant
2020-10-30,1185678,35878,183477.15201199456,21123.278701378422,84.52554976882472,41.124703993036334,Spain,Spain,None,delphi_constant
2020-10-31,1185678,35878,183477.1520228263,21123.27870230669,84.52554976791117,41.12470399044905,Spain,Spain,None,delphi_constant
2020-11-01,1185678,35878,183477.1520324936,21123.278703132666,84.52554976709582,41.12470398814687,Spain,Spain,None,delphi_constant
2020-11-02,1240697,36257,183477.15204112398,21123.278703867898,85.21176789811503,41.740136514692615,Spain,Spain,None,delphi_constant
2020-11-03,1259366,36495,183477.15204882986,21123.278704522505,85.4309905103973,42.120074792375654,Spain,Spain,None,delphi_constant
2020-11-04,1284408,38118,183477.152055708,21123.27870510508,85.71504132209485,44.58450415786484,Spain,Spain,None,delphi_constant
2020-11-05,1306316,38486,183477.15206184622,21123.278705623434,85.95461189621454,45.11438261803401,Spain,Spain,None,delphi_constant
2020-11-06,1328832,38833,183477.15206732482,21123.27870608471,86.19259981191566,45.604823974236574,Spain,Spain,None,delphi_constant
2020-11-07,1328832,38833,183477.15207221618,21123.278706495385,86.19259981154758,45.60482397317904,Spain,Spain,None,delphi_constant
2020-11-08,1328832,38833,183477.15207658353,21123.278706861034,86.19259981121891,45.60482397223744,Spain,Spain,None,delphi_constant
2020-11-09,1381218,39345,183477.15208048152,21123.27870718644,86.7162785251509,46.31267325661091,Spain,Spain,None,delphi_constant
2020-11-10,1381218,39345,183477.1520839601,21123.278707475976,86.71627852489902,46.31267325587501,Spain,Spain,None,delphi_constant
2020-11-11,1417709,40105,183477.15208706484,21123.27870773365,87.05819374165891,47.33006181839259,Spain,Spain,None,delphi_constant
2020-11-12,1437220,40461,183477.152089837,21123.278707963087,87.2338854114306,47.79348333466032,Spain,Spain,None,delphi_constant
2020-11-13,1458591,40769,183477.15209231223,21123.27870816739,87.42093211240764,48.18789102463296,Spain,Spain,None,delphi_constant
2020-11-14,1458591,40769,183477.15209452139,21123.27870834921,87.4209321122562,48.18789102418698,Spain,Spain,None,delphi_constant
2020-11-15,1458591,40769,183477.1520964928,21123.278708510992,87.42093211212104,48.18789102379015,Spain,Spain,None,delphi_constant
2020-11-16,1496864,41253,183477.15209825226,21123.27870865497,87.74256364651349,48.7957755589776,Spain,Spain,None,delphi_constant
2020-11-17,1510023,41688,183477.15209982323,21123.278708783175,87.84938030084157,49.33007410098068,Spain,Spain,None,delphi_constant
2020-11-18,1525341,42039,183477.1521012261,21123.27870889736,87.97140101123446,49.75313706582612,Spain,Spain,None,delphi_constant
2020-11-19,1541574,42291,183477.1521024782,21123.278708998994,88.09806392022192,50.05254378236742,Spain,Spain,None,delphi_constant
2020-11-20,1556730,42619,183477.1521035955,21123.278709089427,88.21393869819458,50.43694429928101,Spain,Spain,None,delphi_constant
2020-11-21,1556730,42619,183477.1521045926,21123.2787091699,88.21393869813052,50.43694429909219,Spain,Spain,None,delphi_constant
2020-11-22,1556730,42619,183477.15210548273,21123.27870924155,88.21393869807335,50.43694429892407,Spain,Spain,None,delphi_constant
2020-11-23,1582616,43131,183477.15210627776,21123.27870930538,88.40671697327225,51.02529802391464,Spain,Spain,None,delphi_constant
2020-11-24,1594844,43668,183477.15210698752,21123.278709362214,88.49560508068579,51.627556312718205,Spain,Spain,None,delphi_constant
2020-11-25,1605066,44037,183477.15210762084,21123.27870941279,88.56887180292767,52.032884371295076,Spain,Spain,None,delphi_constant
2020-11-26,1617355,44374,183477.15210818592,21123.278709457787,88.65572789473023,52.397172422008865,Spain,Spain,None,delphi_constant
2020-11-27,1628208,44668,183477.1521086903,21123.27870949784,88.73134439158325,52.71048914323936,Spain,Spain,None,delphi_constant
2020-11-28,1628208,44668,183477.1521091407,21123.27870953352,88.73134439155558,52.71048914315949,Spain,Spain,None,delphi_constant
2020-11-29,1628208,44668,183477.15210954298,21123.278709565308,88.73134439153088,52.710489143088324,Spain,Spain,None,delphi_constant
2020-11-30,1648187,45069,183477.15210990203,21123.278709593607,88.86794082771542,53.131246068043204,Spain,Spain,None,delphi_constant
2020-12-01,1656444,45511,183477.1521102224,21123.278709618786,88.92343163365484,53.58643248968647,Spain,Spain,None,delphi_constant
2020-12-02,1665775,45784,183477.15211050824,21123.27870964119,88.98547810415523,53.86318646330336,Spain,Spain,None,delphi_constant
2020-12-03,1675902,46038,183477.15211076333,21123.278709661132,89.05203573295077,54.11773163547259,Spain,Spain,None,delphi_constant
2020-12-04,1684647,46252,183477.1521109912,21123.278709678907,89.10886659870042,54.330020951139616,Spain,Spain,None,delphi_constant
2020-12-05,1684647,46252,183477.15211119477,21123.278709694743,89.10886659868834,54.330020951105375,Spain,Spain,None,delphi_constant
2020-12-06,1684647,46252,183477.15211137646,21123.278709708844,89.10886659867757,54.330020951074886,Spain,Spain,None,delphi_constant
2020-12-07,1702328,46646,183477.15211153854,21123.278709721388,89.22198588570836,54.71577689465037,Spain,Spain,None,delphi_constant
2020-12-08,1702328,46646,183477.1521116831,21123.27870973255,89.22198588569987,54.715776894626444,Spain,Spain,None,delphi_constant
2020-12-09,1712101,47019,183477.15211181212,21123.27870974248,89.28350885188362,55.075014973218316,Spain,Spain,None,delphi_constant
2020-12-10,1720056,47344,183477.15211192737,21123.278709751336,89.3330710097853,55.38340928153232,Spain,Spain,None,delphi_constant
2020-12-11,1730575,47624,183477.15211203034,21123.278709759223,89.39790808765696,55.64572755384003,Spain,Spain,None,delphi_constant
2020-12-12,1730575,47624,183477.15211212222,21123.278709766248,89.39790808765167,55.64572755382529,Spain,Spain,None,delphi_constant
2020-12-13,1730575,47624,183477.1521122042,21123.2787097725,89.39790808764693,55.64572755381215,Spain,Spain,None,delphi_constant
2020-12-14,1751884,48013,183477.1521122774,21123.278709778067,89.52686638428816,56.00508464420455,Spain,Spain,None,delphi_constant
2020-12-15,1762212,48401,183477.1521123427,21123.278709783026,89.58824749165579,56.357763868963396,Spain,Spain,None,delphi_constant
2020-09-15,603167,30004,183477.13539245573,21123.277118100723,69.58103885118786,29.598463144578314,Spain,Spain,None,themis
2020-09-16,614360,30243,183477.13721027123,21123.277292234296,70.13524037856124,30.154821637290297,Spain,Spain,None,themis
2020-09-17,625651,30405,183477.1389552892,21123.27744787348,70.67420351677066,30.52696119758764,Spain,Spain,None,themis
2020-09-18,640040,30495,183477.14071627072,21123.277587914712,71.33348842005644,30.73199676040429,Spain,Spain,None,themis
2020-09-19,640040,30495,183477.14254819343,21123.277715186923,71.33348813383641,30.731996343049932,Spain,Spain,None,themis
2020-09-20,640040,30495,183477.14448733244,21123.277832306652,71.33348783086487,30.731995958987863,Spain,Spain,None,themis
2020-09-21,671468,30663,183477.14656000034,21123.277941627333,72.67522107382625,31.11150917513833,Spain,Spain,None,themis
2020-09-22,682267,30904,183477.14878671724,21123.278045243453,73.10772046915397,31.648724937731515,Spain,Spain,None,themis
2020-09-23,693556,31034,183477.15118572468,21123.27814500388,73.54544533019329,31.9350449667981,Spain,Spain,None,themis
2020-09-24,704209,31118,183477.15377401948,21123.27824254627,73.94563918183104,32.118779347817124,Spain,Spain,None,themis
2020-09-25,716481,31232,183477.15656888444,21123.278339327135,74.39190200872258,32.36655244836343,Spain,Spain,None,themis
2020-09-26,716481,31232,183477.1595878287,21123.278436649627,74.39190158736537,32.36655213675196,Spain,Spain,None,themis
2020-09-27,716481,31232,183477.16284973998,21123.278535702797,74.39190113209702,32.36655181959914,Spain,Spain,None,themis
2020-09-28,748266,31411,183477.1663744623,21123.278637571806,75.4796868527419,32.75197020925215,Spain,Spain,None,themis
2020-09-29,748266,31411,183477.17018333962,21123.27874326878,75.47968634371472,32.75196987275547,Spain,Spain,None,themis
2020-09-30,769188,31791,183477.1742995643,21123.278853764125,76.14664109430149,33.55578983434266,Spain,Spain,None,themis
2020-10-01,778607,31973,183477.17874795478,21123.27896998295,76.4352004608288,33.93401003977435,Spain,Spain,None,themis
2020-10-02,789932,32086,183477.18355526056,21123.27909282108,76.77304077372983,34.16667988274923,Spain,Spain,None,themis
2020-10-03,789932,32086,183477.18875053953,21123.279223182344,76.77304011604295,34.16667947646218,Spain,Spain,None,themis
2020-10-04,789932,32086,183477.1943651921,21123.27936198047,76.77303940526626,34.166679043880606,Spain,Spain,None,themis
2020-10-05,813412,32225,183477.20043300232,21123.279510131564,77.44350950895705,34.45064543015806,Spain,Spain,None,themis
2020-10-06,825410,32486,183477.20699047472,21123.279668577026,77.77138549442401,34.97728354190413,Spain,Spain,None,themis
2020-10-07,835901,32562,183477.21407721852,21123.279838304457,78.05036552447974,35.12904662396518,Spain,Spain,None,themis
2020-10-08,848324,32688,183477.22173599104,21123.28002034837,78.37179877782651,35.379099301430585,Spain,Spain,None,themis
2020-10-09,861112,32929,183477.23001294973,21123.2802157907,78.69298883153995,35.85204465428437,Spain,Spain,None,themis
2020-10-10,861112,32929,183477.2389578525,21123.280425773304,78.69298779277813,35.85204401660146,Spain,Spain,None,themis
2020-10-11,861112,32929,183477.24862470085,21123.280651515488,78.69298667017753,35.852043331059285,Spain,Spain,None,themis
2020-10-12,888968,33124,183477.25907183185,21123.28089431548,79.36064525699105,36.22967970560475,Spain,Spain,None,themis
2020-10-13,896086,33204,183477.27036225036,21123.28115555714,79.52459134923987,36.38332382978816,Spain,Spain,None,themis
2020-10-14,908056,33413,183477.28256382467,21123.281436720645,79.79449697333372,36.78124850590894,Spain,Spain,None,themis
2020-10-15,921374,33553,183477.29575012892,21123.28173939694,80.08655597508407,37.04502804697958,Spain,Spain,None,themis
2020-10-16,936560,33775,183477.31000080417,21123.28206529279,80.40944413590115,37.45882438107241,Spain,Spain,None,themis
2020-10-17,936560,33775,183477.3254017669,21123.282416235532,80.40944249148299,37.45882334201175,Spain,Spain,None,themis
2020-10-18,936560,33775,183477.34204574,21123.282794194125,80.40944071434399,37.45882222296336,Spain,Spain,None,themis
2020-10-19,974449,33992,183477.3600328771,21123.283201288552,81.17116852366034,37.85807483734834,Spain,Spain,None,themis
2020-10-20,988322,34210,183477.37947183466,21123.283639802445,81.43546541796756,38.25406711545617,Spain,Spain,None,themis
2020-10-21,1005295,34366,183477.40047982693,21123.284112184465,81.74889952901118,38.534353395261405,Spain,Spain,None,themis
2020-10-22,1026281,34521,183477.42318336884,21123.28462107544,82.12210659815695,38.81033393854338,Spain,Spain,None,themis
2020-10-23,1046132,34752,183477.44771934426,21123.28516932451,82.4613483079244,39.21706615640967,Spain,Spain,None,themis
2020-10-24,1046132,34752,183477.47423564855,21123.28575999806,82.46134577322475,39.2170644567275,Spain,Spain,None,themis
2020-10-25,1046132,34752,183477.50289211964,21123.28639640004,82.46134303394605,39.217062625460294,Spain,Spain,None,themis
2020-10-26,1098320,35031,183477.5335950365,21123.287081722643,83.29471068586236,39.70115874019399,Spain,Spain,None,themis
2020-10-27,1116738,35298,183477.56538753572,21123.28781559834,83.57022279285421,40.15726722307683,Spain,Spain,None,themis
2020-10-28,1136503,35466,183477.59746742144,21123.288592826728,83.85595132899593,40.44073593631442,Spain,Spain,None,themis
2020-10-29,1160083,35639,183477.62933785727,21123.28940578186,84.18409464341282,40.72984818378221,Spain,Spain,None,themis
2020-10-30,1185678,35878,183477.6606952246,21123.290246110028,84.5255068665165,41.12467181529063,Spain,Spain,None,themis
2020-10-31,1185678,35878,183477.69135891448,21123.291105651046,84.52550428034303,41.12466941955782,Spain,Spain,None,themis
2020-11-01,1185678,35878,183477.72122648222,21123.291976915494,84.52550176131443,41.12466699114919,Spain,Spain,None,themis
2020-11-02,1240697,36257,183477.7502438891,21123.292853308027,85.21171968305806,41.74009748929027,Spain,Spain,None,themis
2020-11-03,1259366,36495,183477.77838836782,21123.29372916458,85.43094077588503,42.120033623333114,Spain,Spain,None,themis
2020-11-04,1284408,38118,183477.80565662534,21123.294599731882,85.71499043476642,44.584462459384326,Spain,Spain,None,themis
2020-11-05,1306316,38486,183477.832056677,21123.295461088866,85.9545598418241,45.11433908151311,Spain,Spain,None,themis
2020-11-06,1328832,38833,183477.85760451216,21123.296310060086,86.19254671737946,45.60477864172202,Spain,Spain,None,themis
2020-11-07,1328832,38833,183477.88231977576,21123.297144108994,86.19254485745557,45.60477649393816,Spain,Spain,None,themis
2020-11-08,1328832,38833,183477.9062247517,21123.297961259104,86.19254305850916,45.60477438967089,Spain,Spain,None,themis
2020-11-09,1381218,39345,183477.92934317954,21123.298760004367,86.71622225143464,46.31262228998763,Spain,Spain,None,themis
2020-11-10,1381218,39345,183477.95169852258,21123.29953921444,86.71622063291076,46.31262030953249,Spain,Spain,None,themis
2020-11-11,1417709,40105,183477.97331506136,21123.30029811722,87.05813581524407,47.3300079837496,Spain,Spain,None,themis
2020-11-12,1437220,40461,183477.99421644135,21123.301036195022,87.23382681729719,47.79342815008274,Spain,Spain,None,themis
2020-11-13,1458591,40769,183478.01442550798,21123.301753131997,87.42087299143434,48.18783449892812,Spain,Spain,None,themis
2020-11-14,1458591,40769,183478.03396505959,21123.302448833227,87.42087165181607,48.18783279248148,Spain,Spain,None,themis
2020-11-15,1458591,40769,183478.05285718103,21123.303123350714,87.42087035658516,48.18783113799526,Spain,Spain,None,themis
2020-11-16,1496864,41253,183478.07112308335,21123.30377682198,87.74250224983142,48.795714792083054,Spain,Spain,None,themis
2020-11-17,1510023,41688,183478.08878331495,21123.30440947259,87.84931826976708,49.33001245089093,Spain,Spain,None,themis
2020-11-18,1525341,42039,183478.10585803105,21123.305021653712,87.97133848378618,49.75307447452672,Spain,Spain,None,themis
2020-11-19,1541574,42291,183478.12236665585,21123.305613770335,88.09800098038394,50.05248016417126,Spain,Spain,None,themis
2020-11-20,1556730,42619,183478.13832793038,21123.30618624367,88.21387534588976,50.43687982767388,Spain,Spain,None,themis
2020-11-21,1556730,42619,183478.15375991273,21123.30673951111,88.21387435458217,50.43687852950301,Spain,Spain,None,themis
2020-11-22,1556730,42619,183478.16868013173,21123.30727404296,88.21387339614887,50.4368772752928,Spain,Spain,None,themis
2020-11-23,1582616,43131,183478.18310560426,21123.307790365387,88.40665182801108,51.025230598953456,Spain,Spain,None,themis
2020-11-24,1594844,43668,183478.19705272638,21123.30828900596,88.49553956043812,51.62748857514436,Spain,Spain,None,themis
2020-11-25,1605066,44037,183478.2105373647,21123.308770483807,88.56880585986092,52.03281610808228,Spain,Spain,None,themis
2020-11-26,1617355,44374,183478.22357485665,21123.309235309614,88.65566164664797,52.39710362980661,Spain,Spain,None,themis
2020-11-27,1628208,44668,183478.2361800102,21123.309683985644,88.73127781094244,52.71041979944111,Spain,Spain,None,themis
2020-11-28,1628208,44668,183478.24836715416,21123.31011701818,88.73127706244202,52.71041882999422,Spain,Spain,None,themis
2020-11-29,1628208,44668,183478.26015018421,21123.310534926666,88.73127633876113,52.710417894406135,Spain,Spain,None,themis
2020-11-30,1648187,45069,183478.27154247212,21123.310938203005,88.86787290868864,53.13117455855909,Spain,Spain,None,themis
2020-12-01,1656444,45511,183478.2825569704,21123.31132732966,88.92336338826001,53.58636081973663,Spain,Spain,None,themis
2020-12-02,1665775,45784,183478.29320621552,21123.311702780386,88.985409601764,53.86311440070683,Spain,Spain,None,themis
2020-12-03,1675902,46038,183478.30350232797,21123.312065020255,89.05196703015284,54.11765918367381,Spain,Spain,None,themis
2020-12-04,1684647,46252,183478.31345701223,21123.312414505643,89.1087976616459,54.32994807898979,Spain,Spain,None,themis
2020-12-05,1684647,46252,183478.32308160752,21123.31275168451,89.10879709033361,54.32994734998593,Spain,Spain,None,themis
2020-12-06,1684647,46252,183478.3323870586,21123.313076974613,89.1087965379656,54.32994664668639,Spain,Spain,None,themis
2020-12-07,1702328,46646,183478.34138392133,21123.313390776053,89.22191602417857,54.715702545178466,Spain,Spain,None,themis
2020-12-08,1702328,46646,183478.3500824249,21123.313693482927,89.22191551320164,54.71570189623349,Spain,Spain,None,themis
2020-12-09,1712101,47019,183478.3584924716,21123.31398548332,89.28343838988053,55.0749399487796,Spain,Spain,None,themis
2020-12-10,1720056,47344,183478.36662363686,21123.314267159323,89.3330004009383,55.38333417717277,Spain,Spain,None,themis
2020-12-11,1730575,47624,183478.3744851693,21123.31453888702,89.3978374537267,55.64565232049592,Spain,Spain,None,themis
2020-12-12,1730575,47624,183478.3820860045,21123.314801024644,89.39783701451803,55.64565177006416,Spain,Spain,None,themis
2020-12-13,1730575,47624,183478.38943479437,21123.315053895065,89.39783658987362,55.6456512390915,Spain,Spain,None,themis
2020-12-14,1751884,48013,183478.39653989414,21123.31529782419,89.52679535061144,56.00500843974717,Spain,Spain,None,themis
2020-12-15,1762212,48401,183478.40340938597,21123.31553312923,89.588176484476,56.35768778924148,Spain,Spain,None,themis
2020-09-15,603167,30004,23042700.57156684,289.0,3720.2853557251706,99.03679509398748,Spain,Spain,None,sir
2020-09-16,614360,30243,23300032.650936622,289.0,3692.5699347185073,99.04440697020797,Spain,Spain,None,sir
2020-09-17,625651,30405,23550707.79706525,289.0,3664.1924646592506,99.04949843775694,Spain,Spain,None,sir
2020-09-18,640040,30495,23794759.151952185,289.0,3617.6987613199467,99.0523036563371,Spain,Spain,None,sir
2020-09-19,640040,30495,24032230.878795117,289.0,3654.801399724254,99.0523036563371,Spain,Spain,None,sir
2020-09-20,640040,30495,24263178.161989935,289.0,3690.8846575198327,99.0523036563371,Spain,Spain,None,sir
2020-09-21,671468,30663,24487667.20713076,289.0,3546.885213760114,99.05749600495712,Spain,Spain,None,sir
2020-09-22,682267,30904,24705775.241009913,289.0,3521.1300328185175,99.06484597463111,Spain,Spain,None,sir
2020-09-23,693556,31034,24917590.511617944,289.0,3492.7294279939824,99.06876329187342,Spain,Spain,None,sir
2020-09-24,704209,31118,25123212.288143612,289.0,3467.578984100404,99.0712770743621,Spain,Spain,None,sir
2020-09-25,716481,31232,25322750.86097389,289.0,3434.322733048593,99.07466700819673,Spain,Spain,None,sir
2020-09-26,716481,31232,25516311.183815632,289.0,3461.3381490668467,99.07466700819673,Spain,Spain,None,sir
2020-09-27,716481,31232,25703997.32332037,289.0,3487.5336991937493,99.07466700819673,Spain,Spain,None,sir
2020-09-28,748266,31411,25885933.16785621,289.0,3359.4560180278413,99.07994014835567,Spain,Spain,None,sir
2020-09-29,748266,31411,26062243.072231773,289.0,3383.018481693913,99.07994014835567,Spain,Spain,None,sir
2020-09-30,769188,31791,26233051.785299025,289.0,3310.4863551302187,99.0909376867667,Spain,Spain,None,sir
2020-10-01,778607,31973,26398484.449953273,289.0,3290.476125947143,99.09611234479092,Spain,Spain,None,sir
2020-10-02,789932,32086,26558666.603133164,289.0,3262.145931945176,99.09929564295955,Spain,Spain,None,sir
2020-10-03,789932,32086,26713724.175820686,289.0,3281.775162396344,99.09929564295955,Spain,Spain,None,sir
2020-10-04,789932,32086,26863783.493041173,289.0,3300.7716478179354,99.09929564295955,Spain,Spain,None,sir
2020-10-05,813412,32225,27008971.2738633,289.0,3220.4539979571605,99.10318076027929,Spain,Spain,None,sir
2020-10-06,825410,32486,27149414.631399084,289.0,3189.203502671289,99.11038601243612,Spain,Spain,None,sir
2020-10-07,835901,32562,27285241.072803885,289.0,3164.171363929925,99.11246237946072,Spain,Spain,None,sir
2020-10-08,848324,32688,27416578.499276407,289.0,3131.8522756961265,99.11588350465003,Spain,Spain,None,sir
2020-10-09,861112,32929,27543555.197405115,289.0,3098.6031082373856,99.12235415591121,Spain,Spain,None,sir
2020-10-10,861112,32929,27666295.98910667,289.0,3112.8568628827225,99.12235415591121,Spain,Spain,None,sir
2020-10-11,861112,32929,27784923.32488648,289.0,3126.6329263657317,99.12235415591121,Spain,Spain,None,sir
2020-10-12,888968,33124,27899559.479004312,289.0,3038.4211219081353,99.12752083081755,Spain,Spain,None,sir
2020-10-13,896086,33204,28010324.269154247,289.0,3025.85223618651,99.12962293699555,Spain,Spain,None,sir
2020-10-14,908056,33413,28117335.056464646,289.0,2996.431834211177,99.1350671894173,Spain,Spain,None,sir
2020-10-15,921374,33553,28220706.74549817,289.0,2962.893759265854,99.13867612434059,Spain,Spain,None,sir
2020-10-16,936560,33775,28320551.784251772,289.0,2923.8908115071936,99.14433752775722,Spain,Spain,None,sir
2020-10-17,936560,33775,28416980.1641567,289.0,2934.186828837095,99.14433752775722,Spain,Spain,None,sir
2020-10-18,936560,33775,28510099.420078505,289.0,2944.129518672429,99.14433752775722,Spain,Spain,None,sir
2020-10-19,974449,33992,28600014.630317017,289.0,2834.9934814769185,99.14979995293011,Spain,Spain,None,sir
2020-10-20,988322,34210,28686828.416606374,289.0,2802.5791611040104,99.15521777258111,Spain,Spain,None,sir
2020-10-21,1005295,34366,28770640.944115,289.0,2761.910279481645,99.15905255194087,Spain,Spain,None,sir
2020-10-22,1026281,34521,28851549.92144562,289.0,2711.2719539234986,99.16282842327858,Spain,Spain,None,sir
2020-10-23,1046132,34752,28929650.66946716,289.0,2665.3920030614836,99.16839318600368,Spain,Spain,None,sir
2020-10-24,1046132,34752,29005038.3668013,289.0,2672.598330497614,99.16839318600368,Spain,Spain,None,sir
2020-10-25,1046132,34752,29077802.866022117,289.0,2679.553905818971,99.16839318600368,Spain,Spain,None,sir
2020-10-26,1098320,35031,29148030.040358234,289.0,2553.8741022978943,99.1750164140333,Spain,Spain,None,sir
2020-10-27,1116738,35298,29215803.652402796,289.0,2516.1735028630524,99.18125672842653,Spain,Spain,None,sir
2020-10-28,1136503,35466,29281205.35411346,289.0,2476.4300977747935,99.18513505892967,Spain,Spain,None,sir
2020-10-29,1160083,35639,29344314.6868124,289.0,2429.5013104073073,99.1890906029911,Spain,Spain,None,sir
2020-10-30,1185678,35878,29405209.081186317,289.0,2380.033287383785,99.19449244662466,Spain,Spain,None,sir
2020-10-31,1185678,35878,29463963.85728642,289.0,2384.9886611108936,99.19449244662466,Spain,Spain,None,sir
2020-11-01,1185678,35878,29520652.224528436,289.0,2389.7697540587274,99.19449244662466,Spain,Spain,None,sir
2020-11-02,1240697,36257,29575345.281692617,289.0,2283.7685818288123,99.20291254102655,Spain,Spain,None,sir
2020-11-03,1259366,36495,29628112.016923726,289.0,2252.6212409199334,99.20811070009592,Spain,Spain,None,sir
2020-11-04,1284408,38118,29679019.307731047,289.0,2210.715855688461,99.24182800776536,Spain,Spain,None,sir
2020-11-05,1306316,38486,29728131.92098838,289.0,2175.7228665183907,99.24907758665489,Spain,Spain,None,sir
2020-11-06,1328832,38833,29775512.512934048,289.0,2140.7281366594157,99.25578760332708,Spain,Spain,None,sir
2020-11-07,1328832,38833,29821221.629170883,289.0,2144.1679331300634,99.25578760332708,Spain,Spain,None,sir
2020-11-08,1328832,38833,29865317.717747014,289.0,2147.4863427240625,99.25578760332708,Spain,Spain,None,sir
2020-11-09,1381218,39345,29907857.13677009,289.0,2065.324889826956,99.26547210573136,Spain,Spain,None,sir
2020-11-10,1381218,39345,29948893.15616767,289.0,2068.2958921884647,99.26547210573136,Spain,Spain,None,sir
2020-11-11,1417709,40105,29988477.236473028,289.0,2015.2773408698843,99.27939159705772,Spain,Spain,None,sir
2020-11-12,1437220,40461,30026659.43776954,289.0,1989.218034662024,99.28573193939843,Spain,Spain,None,sir
2020-11-13,1458591,40769,30063488.419690736,289.0,1961.13217616801,99.29112806298903,Spain,Spain,None,sir
2020-11-14,1458591,40769,30099011.44142028,289.0,1963.5676102087752,99.29112806298903,Spain,Spain,None,sir
2020-11-15,1458591,40769,30133274.361691967,289.0,1965.9166525566088,99.29112806298903,Spain,Spain,None,sir
2020-11-16,1496864,41253,30166321.63878973,289.0,1915.3014327814503,99.29944488885657,Spain,Spain,None,sir
2020-11-17,1510023,41688,30198196.330547627,289.0,1899.8500903991282,99.30675494146996,Spain,Spain,None,sir
2020-11-18,1525341,42039,30228940.09434987,289.0,1881.7824404083985,99.31254311472681,Spain,Spain,None,sir
2020-11-19,1541574,42291,30258593.187130783,289.0,1862.837540535244,99.3166394741198,Spain,Spain,None,sir
2020-11-20,1556730,42619,30287194.46537485,289.0,1845.5650283205728,99.32189868368569,Spain,Spain,None,sir
2020-11-21,1556730,42619,30314781.385116674,289.0,1847.337135220409,99.32189868368569,Spain,Spain,None,sir
2020-11-22,1556730,42619,30341390.190090008,289.0,1849.0464107513833,99.32189868368569,Spain,Spain,None,sir
2020-11-23,1582616,43131,30367055.16721739,289.0,1818.7885859372955,99.32994829704853,Spain,Spain,None,sir
2020-11-24,1594844,43668,30391808.840497836,289.0,1805.6289417960525,99.33818814692681,Spain,Spain,None,sir
2020-11-25,1605066,44037,30415682.844264112,289.0,1794.9801967186468,99.34373367849763,Spain,Spain,None,sir
2020-11-26,1617355,44374,30438707.928771324,289.0,1782.005368566043,99.34871771758237,Spain,Spain,None,sir
2020-11-27,1628208,44668,30460913.96019695,289.0,1770.8244868098518,99.35300438792872,Spain,Spain,None,sir
2020-11-28,1628208,44668,30482329.92064082,289.0,1772.1397954463323,99.35300438792872,Spain,Spain,None,sir
2020-11-29,1628208,44668,30502983.908125117,289.0,1773.4083058261056,99.35300438792872,Spain,Spain,None,sir
2020-11-30,1648187,45069,30522903.136594392,289.0,1751.907771180964,99.3587610108944,Spain,Spain,None,sir
2020-12-01,1656444,45511,30542113.93591555,289.0,1743.836189808744,99.3649886840544,Spain,Spain,None,sir
2020-12-02,1665775,45784,30560641.75187785,289.0,1734.6200268270234,99.36877511794513,Spain,Spain,None,sir
2020-12-03,1675902,46038,30578511.14619292,289.0,1724.6001941756092,99.37225770016073,Spain,Spain,None,sir
2020-12-04,1684647,46252,30595745.796494734,289.0,1716.1517395926112,99.37516215515004,Spain,Spain,None,sir
2020-12-05,1684647,46252,30612368.411470313,289.0,1717.1384516441908,99.37516215515004,Spain,Spain,None,sir
2020-12-06,1684647,46252,30628400.29646965,289.0,1718.0900981908762,99.37516215515004,Spain,Spain,None,sir
2020-12-07,1702328,46646,30643862.061580278,289.0,1700.115022579684,99.3804399091026,Spain,Spain,None,sir
2020-12-08,1702328,46646,30658773.74174958,289.0,1700.9909806893606,99.3804399091026,Spain,Spain,None,sir
2020-12-09,1712101,47019,30673154.771684527,289.0,1691.5505435534776,99.38535485654735,Spain,Spain,None,sir
2020-12-10,1720056,47344,30687023.98585168,289.0,1684.0712154634314,99.38957418046638,Spain,Spain,None,sir
2020-12-11,1730575,47624,30700399.618477177,289.0,1673.9999490618536,99.39316311103646,Spain,Spain,None,sir
2020-12-12,1730575,47624,30713299.303546764,289.0,1674.745347849516,99.39316311103646,Spain,Spain,None,sir
2020-12-13,1730575,47624,30725740.074805763,289.0,1675.4642286411026,99.39316311103646,Spain,Spain,None,sir
2020-12-14,1751884,48013,30737738.36575909,289.0,1654.5532903867545,99.3980796867515,Spain,Spain,None,sir
2020-12-15,1762212,48401,30749310.00967125,289.0,1644.9268311458127,99.40290489865912,Spain,Spain,None,sir
2020-09-15,603167,30004,5558196.169303663,1788527.9816236186,821.50203331808,5860.965143392943,Spain,Spain,None,seir
2020-09-16,614360,30243,5699806.840438234,1835929.6472127016,827.7633375281974,5970.593681885731,Spain,Spain,None,seir
2020-09-17,625651,30405,5843845.927301908,1884242.7331279588,834.0424497526429,6097.1476175890775,Spain,Spain,None,seir
2020-09-18,640040,30495,5990297.498177341,1933466.777062359,835.9254887471628,6240.27472392969,Spain,Spain,None,seir
2020-09-19,640040,30495,6139146.468952255,1983599.1854880603,859.1816869183574,6404.6702262274475,Spain,Spain,None,seir
2020-09-20,640040,30495,6290371.206854755,2034637.2647185249,882.8090755038365,6572.035627868584,Spain,Spain,None,seir
2020-09-21,671468,30663,6443943.409375443,2086578.2377846385,859.6798967896374,6704.873097168049,Spain,Spain,None,seir
2020-09-22,682267,30904,6599828.28671476,2139419.189641323,867.3380489917818,6822.790543752663,Spain,Spain,None,seir
2020-09-23,693556,31034,6757992.234175802,2193154.7852455075,874.3974868901432,6966.942016000217,Spain,Spain,None,seir
2020-09-24,704209,31118,6918403.96082385,2247776.890120175,882.4361746049609,7123.397680185665,Spain,Spain,None,seir
2020-09-25,716481,31232,7081025.467938356,2303277.149393497,888.3061055266444,7274.73472526094,Spain,Spain,None,seir
2020-09-26,716481,31232,7245811.728665852,2359647.06993695,911.3054957027265,7455.222431919026,Spain,Spain,None,seir
2020-09-27,716481,31232,7412710.753428098,2416878.001542555,934.5997665573963,7638.466961906235,Spain,Spain,None,seir
2020-09-28,748266,31411,7581670.539324025,2474959.1006824984,913.2319976217047,7779.275096884844,Spain,Spain,None,seir
2020-09-29,748266,31411,7752642.825528035,2533876.1784699643,936.0811296421373,7966.843393938315,Spain,Spain,None,seir
2020-09-30,769188,31791,7925572.905481791,2593614.714394227,930.3817669388745,8058.330075789459,Spain,Spain,None,seir
2020-10-01,778607,31973,8100399.054784156,2654160.038734813,940.3706946873272,8201.254304365599,Spain,Spain,None,seir
2020-10-02,789932,32086,8277052.537383467,2715497.330889965,947.8183612492552,8363.184351087593,Spain,Spain,None,seir
2020-10-03,789932,32086,8455463.386390613,2777609.9602825046,970.4039570989165,8556.766067077555,Spain,Spain,None,seir
2020-10-04,789932,32086,8635566.87926047,2840477.5406171144,993.2038301094865,8752.700681347362,Spain,Spain,None,seir
2020-10-05,813412,32225,8817292.62657939,2904079.244514481,983.9885109365722,8911.882837903742,Spain,Spain,None,seir
2020-10-06,825410,32486,9000563.662645226,2968394.1405430133,990.4355002538407,9037.456567576844,Spain,Spain,None,seir
2020-10-07,835901,32562,9185296.445467323,3033401.193218842,998.8497974601446,9215.770509240347,Spain,Spain,None,seir
2020-10-08,848324,32688,9371404.873996139,3099078.1393202017,1004.6964218855223,9380.782364538063,Spain,Spain,None,seir
2020-10-09,861112,32929,9558809.527232086,3165398.7662852546,1010.0541540742768,9512.799557488093,Spain,Spain,None,seir
2020-10-10,861112,32929,9747426.825777378,3232336.242318933,1031.958075810972,9716.077750065087,Spain,Spain,None,seir
2020-10-11,861112,32929,9937167.493224204,3299863.741566412,1053.9924531564075,9921.147746868755,Spain,Spain,None,seir
2020-10-12,888968,33124,10127936.572739217,3367954.440092425,1039.291467492555,10067.7165804022,Spain,Spain,None,seir
2020-10-13,896086,33204,10319635.457646642,3436580.9683204615,1051.634492408836,10249.900518975008,Spain,Spain,None,seir
2020-10-14,908056,33413,10512172.591258045,3505712.332308913,1057.6568616096415,10392.060971205558,Spain,Spain,None,seir
2020-10-15,921374,33553,10705455.071662901,3575316.4756247285,1061.901146729005,10555.72817817998,Spain,Spain,None,seir
2020-10-16,936560,33775,10899385.508727327,3645361.529263178,1063.7679923045323,10693.076326463886,Spain,Spain,None,seir
2020-10-17,936560,33775,11093862.157155061,3715815.7865611324,1084.5329885063488,10901.675163763532,Spain,Spain,None,seir
2020-10-18,936560,33775,11288779.35695393,3786647.592322581,1105.345024019169,11111.391835151979,Spain,Spain,None,seir
2020-10-19,974449,33992,11484036.562260605,3857822.843013391,1078.5159164061542,11249.208175492442,Spain,Spain,None,seir
2020-10-20,988322,34210,11679536.231857613,3929305.5758379907,1081.7541481275953,11385.839157667322,Spain,Spain,None,seir
2020-10-21,1005295,34366,11875177.838526266,4001060.193050319,1081.2629962872854,11542.496051476224,Spain,Spain,None,seir
2020-10-22,1026281,34521,12070858.182918742,4073051.453365521,1076.1747691829764,11698.764385056982,Spain,Spain,None,seir
2020-10-23,1046132,34752,12266471.393558076,4145244.471959952,1072.554839499994,11828.074562499862,Spain,Spain,None,seir
2020-10-24,1046132,34752,12461912.210272066,4217603.869408587,1091.2370724031066,12036.29106068309,Spain,Spain,None,seir
2020-10-25,1046132,34752,12657082.852768803,4290091.806306181,1109.893479290262,12244.877435273309,Spain,Spain,None,seir
2020-10-26,1098320,35031,12851884.682182102,4362670.671174921,1070.1402762566556,12353.742888227345,Spain,Spain,None,seir
2020-10-27,1116738,35298,13046218.288871529,4435303.405807449,1068.2434276322224,12465.310798933222,Spain,Spain,None,seir
2020-10-28,1136503,35466,13239983.531191349,4507953.497159573,1064.9756781276733,12610.634120452189,Spain,Spain,None,seir
2020-10-29,1160083,35639,13433079.562710153,4580584.9711220525,1057.941247540922,12752.731477095465,Spain,Spain,None,seir
2020-10-30,1185678,35878,13625409.798149107,4653161.127507936,1049.1661140840183,12869.39943003494,Spain,Spain,None,seir
2020-10-31,1185678,35878,13816882.442960368,4725644.343818088,1065.314903621419,13071.426344328245,Spain,Spain,None,seir
2020-11-01,1185678,35878,14007405.87298096,4797997.80956734,1081.3836364494373,13273.091614826188,Spain,Spain,None,seir
2020-11-02,1240697,36257,14196889.857805926,4870185.373510672,1044.2672834548584,13332.400291007727,Spain,Spain,None,seir
2020-11-03,1259366,36495,14385245.560788326,4942171.543643219,1042.2609122993892,13442.051085472585,Spain,Spain,None,seir
2020-11-04,1284408,38118,14572385.539039237,5013921.487200269,1034.5604775927304,13053.68457736573,Spain,Spain,None,seir
2020-11-05,1306316,38486,14758226.606033769,5085400.295230767,1029.759308316959,13113.636894535068,Spain,Spain,None,seir
2020-11-06,1328832,38833,14942689.79141412,5156573.1667218255,1024.4980397382153,13178.843166177801,Spain,Spain,None,seir
2020-11-07,1328832,38833,15125694.552370349,5227407.1928940555,1038.2698905783689,13361.249949512157,Spain,Spain,None,seir
2020-11-08,1328832,38833,15307164.342390183,5297869.958193215,1051.926228627109,13542.7006880571,Spain,Spain,None,seir
2020-11-09,1381218,39345,15487026.726019587,5367929.510540594,1021.2586808179149,13543.231695363056,Spain,Spain,None,seir
2020-11-10,1381218,39345,15665213.378862787,5437554.361333014,1034.1593708496982,13720.191539796708,Spain,Spain,None,seir
2020-11-11,1417709,40105,15841660.087582244,5506713.485442827,1017.4126769021177,13630.740519742743,Spain,Spain,None,seir
2020-11-12,1437220,40461,16016306.616791908,5575376.376006308,1014.3949163518395,13679.630696241586,Spain,Spain,None,seir
2020-11-13,1458591,40769,16189092.276463464,5643514.77044712,1009.9130788866422,13742.66175389909,Spain,Spain,None,seir
2020-11-14,1458591,40769,16359956.765642164,5711102.368563249,1021.6274312430396,13908.443593326421,Spain,Spain,None,seir
2020-11-15,1458591,40769,16528845.057216903,5778113.250123497,1033.2062968451678,14072.810836968032,Spain,Spain,None,seir
2020-11-16,1496864,41253,16695707.392004158,5844521.925841086,1015.3790452575624,14067.507637847151,Spain,Spain,None,seir
2020-11-17,1510023,41688,16860499.27874799,5910303.337373653,1016.5723488150837,14077.469145494273,Spain,Spain,None,seir
2020-11-18,1525341,42039,17023181.21770553,5975432.949650743,1016.0246277852316,14114.022573445476,Spain,Spain,None,seir
2020-11-19,1541574,42291,17183712.617982585,6039888.823807194,1014.6861985206408,14181.735650155337,Spain,Spain,None,seir
2020-11-20,1556730,42619,17342052.45560186,6103651.451857564,1014.0051553963667,14221.432816015309,Spain,Spain,None,seir
2020-11-21,1556730,42619,17498165.273906365,6166701.704952503,1024.0334080994369,14369.372122650702,Spain,Spain,None,seir
2020-11-22,1556730,42619,17652021.378568303,6229020.762444816,1033.9166958026312,14515.595772882554,Spain,Spain,None,seir
2020-11-23,1582616,43131,17803596.837589048,6290590.111889472,1024.9473553653602,14484.846425748236,Spain,Spain,None,seir
2020-11-24,1594844,43668,17952872.538197257,6351391.851774051,1025.6820440241966,14444.72806580116,Spain,Spain,None,seir
2020-11-25,1605066,44037,18099825.208305433,6411411.6831893455,1027.668594830707,14459.14726977166,Spain,Spain,None,seir
2020-11-26,1617355,44374,18244432.652683623,6470637.192047331,1028.041317625606,14482.04622537371,Spain,Spain,None,seir
2020-11-27,1628208,44668,18386678.393408865,6529056.1425876785,1029.2585709816476,14516.853547478458,Spain,Spain,None,seir
2020-11-28,1628208,44668,18526551.531444356,6586656.509461204,1037.8491895043112,14645.805743398416,Spain,Spain,None,seir
2020-11-29,1628208,44668,18664046.74663946,6643426.477729865,1046.2937626298028,14772.898893458103,Spain,Spain,None,seir
2020-11-30,1648187,45069,18799161.426592894,6699355.367680023,1040.5963902514031,14764.663887994015,Spain,Spain,None,seir
2020-12-01,1656444,45511,18931887.321977798,6754436.423254363,1042.9234747433536,14741.327202773755,Spain,Spain,None,seir
2020-12-02,1665775,45784,19062219.973938093,6808663.575146866,1044.3454232377178,14771.272879492542,Spain,Spain,None,seir
2020-12-03,1675902,46038,19190159.89844059,6862030.885395177,1045.0645621546241,14805.145500228457,Spain,Spain,None,seir
2020-12-04,1684647,46252,19315712.521915264,6914532.566236607,1046.5732893546995,14849.694210491669,Spain,Spain,None,seir
2020-12-05,1684647,46252,19438887.95285351,6966163.050725287,1053.8849357078075,14961.322863282208,Spain,Spain,None,seir
2020-12-06,1684647,46252,19559693.893885344,7016919.298808665,1061.0559300485706,15071.061356933029,Spain,Spain,None,seir
2020-12-07,1702328,46646,19678136.228130404,7066800.619667266,1055.9544475641828,15049.853405795278,Spain,Spain,None,seir
2020-12-08,1702328,46646,19794225.181758787,7115806.371195485,1062.7738709437187,15154.912256561087,Spain,Spain,None,seir
2020-12-09,1712101,47019,19907975.148346394,7163935.967238963,1062.7804170633856,15136.257613388125,Spain,Spain,None,seir
2020-12-10,1720056,47344,20019404.68887494,7211188.87759458,1063.8809834607096,15131.473634662427,Spain,Spain,None,seir
2020-12-11,1730575,47624,20128533.451706283,7257565.630190895,1063.1124598301885,15139.302935895546,Spain,Spain,None,seir
2020-12-12,1730575,47624,20235376.68703784,7303069.605112956,1069.2863173822482,15234.851346197203,Spain,Spain,None,seir
2020-12-13,1730575,47624,20339953.084801484,7347704.259855108,1075.329187397338,15328.574373960837,Spain,Spain,None,seir
2020-12-14,1751884,48013,20442284.37975486,7391473.152210818,1066.8743124404846,15294.732993586775,Spain,Spain,None,seir
2020-12-15,1762212,48401,20542395.31868135,7434379.950502197,1065.716458557844,15259.971799140922,Spain,Spain,None,seir
2020-09-15,603167,30004,3404553.9752569916,739818.9934220926,464.44632668182965,2365.734546800735,Spain,Spain,None,seird
2020-09-16,614360,30243,3473283.0400692103,754932.3873888577,465.34980143062864,2396.2218939551553,Spain,Spain,None,seird
2020-09-17,625651,30405,3542898.186754172,770246.222077613,466.2738790082925,2433.2880186732873,Spain,Spain,None,seird
2020-09-18,640040,30495,3613390.8781083226,785759.4676553481,464.5570398894323,2476.682956731753,Spain,Spain,None,seird
2020-09-19,640040,30495,3684751.6221642573,801471.0200248422,475.7064593094584,2528.20468937479,Spain,Spain,None,seird
2020-09-20,640040,30495,3756972.134355163,817378.1573124814,486.9902091049252,2580.367789186691,Spain,Spain,None,seird
2020-09-21,671468,30663,3830042.2021700433,833478.7524250054,470.3983216132479,2618.1904980758745,Spain,Spain,None,seird
2020-09-22,682267,30904,3903949.4672586108,849771.4273189185,472.20259330417724,2649.7133941202387,Spain,Spain,None,seird
2020-09-23,693556,31034,3978682.2661766605,866253.530444974,473.6641693211018,2691.304796175079,Spain,Spain,None,seird
2020-09-24,704209,31118,4054228.7217750032,882921.774856667,475.71384656756777,2737.3345808106787,Spain,Spain,None,seird
2020-09-25,716481,31232,4130574.5878732405,899773.7764820599,476.50860076865126,2780.9355035926606,Spain,Spain,None,seird
2020-09-26,716481,31232,4207704.309200716,916807.299898776,487.2736763711412,2835.4741928111425,Spain,Spain,None,seird
2020-09-27,716481,31232,4285603.756191061,934018.3022651973,498.1461833867278,2890.5811419864153,Spain,Spain,None,seird
2020-09-28,748266,31411,4364257.031622385,951403.22203261,483.24941018600134,2928.885492447264,Spain,Spain,None,seird
2020-09-29,748266,31411,4443645.95141326,968959.3591853576,493.8591291617232,2984.7771773753066,Spain,Spain,None,seird
2020-09-30,769188,31791,4523752.706836951,986682.9705096522,488.120551391461,3003.6550297557555,Spain,Spain,None,seird
2020-10-01,778607,31973,4604559.797084958,1004569.3213378008,491.3843308735933,3041.930132730118,Spain,Spain,None,seird
2020-10-02,789932,32086,4686047.407206958,1022614.5913612465,493.2216199884241,3087.1052526374324,Spain,Spain,None,seird
2020-10-03,789932,32086,4768194.066257042,1040815.4080149172,503.6208263821496,3143.8303559649603,Spain,Spain,None,seird
2020-10-04,789932,32086,4850979.843157741,1059166.5509471921,514.1009407338532,3201.0239697911616,Spain,Spain,None,seird
2020-10-05,813412,32225,4934383.551695085,1077662.9899838227,506.6278284184503,3244.1830565828477,Spain,Spain,None,seird
2020-10-06,825410,32486,5018381.718225897,1096300.6545505994,507.9865422306366,3274.686494337867,Spain,Spain,None,seird
2020-10-07,835901,32562,5102950.659918274,1115074.9401649823,510.47308950680446,3324.466986564039,Spain,Spain,None,seird
2020-10-08,848324,32688,5188067.7973159,1133979.7704037945,511.5667831295473,3369.101108675338,Spain,Spain,None,seird
2020-10-09,861112,32929,5273708.524075694,1153009.9106906408,512.4300351261734,3401.5029630132735,Spain,Spain,None,seird
2020-10-10,861112,32929,5359846.332956677,1172160.8922997194,522.4331251865816,3459.661369308875,Spain,Spain,None,seird
2020-10-11,861112,32929,5446455.980807885,1191426.7255413728,532.491009393422,3518.168561272352,Spain,Spain,None,seird
2020-10-12,888968,33124,5533512.011175076,1210801.0065008486,522.4647018987271,3555.3586719624695,Spain,Spain,None,seird
2020-10-13,896086,33204,5620986.893445693,1230278.322128187,527.2820793367704,3605.211185785408,Spain,Spain,None,seird
2020-10-14,908056,33413,5708852.052431989,1249853.5103839985,528.6894258098607,3640.6204482806047,Spain,Spain,None,seird
2020-10-15,921374,33553,5797080.766756719,1269519.56180505,529.177811264125,3683.6245993057246,Spain,Spain,None,seird
2020-10-16,936560,33775,5885645.042832377,1289269.9627058075,528.4322459674103,3717.231569817343,Spain,Spain,None,seird
2020-10-17,936560,33775,5974515.033283645,1309099.159035479,537.921225899424,3775.94125547144,Spain,Spain,None,seird
2020-10-18,936560,33775,6063661.135197448,1329001.0323932369,547.4396872808413,3834.866121075461,Spain,Spain,None,seird
2020-10-19,974449,33992,6153055.066843331,1348968.1354164951,531.4394151816391,3868.4871011311343,Spain,Spain,None,seird
2020-10-20,988322,34210,6242666.972134903,1368993.8973659533,531.643024453053,3901.7360343933155,Spain,Spain,None,seird
2020-10-21,1005295,34366,6332465.506392029,1389072.5829225979,529.9111709888172,3941.996691272181,Spain,Spain,None,seird
2020-10-22,1026281,34521,6422420.664952012,1409197.225238779,525.7955340644532,3982.1448545487647,Spain,Spain,None,seird
2020-10-23,1046132,34752,6512502.942234637,1429360.290070179,522.5316635218727,4013.0303006163067,Spain,Spain,None,seird
2020-10-24,1046132,34752,6602681.364543598,1449555.206556401,531.151839781557,4071.1418236544687,Spain,Spain,None,seird
2020-10-25,1046132,34752,6692923.970208753,1469776.0252192328,539.7781513431147,4129.32788104061,Spain,Spain,None,seird
2020-10-26,1098320,35031,6783200.764663242,1490015.2486231276,517.5978553302537,4153.4191105681475,Spain,Spain,None,seird
2020-10-27,1116738,35298,6873481.647449056,1510265.430453792,515.4963516464073,4178.614738664491,Spain,Spain,None,seird
2020-10-28,1136503,35466,6963735.302816086,1530520.066506239,512.733561003894,4215.457244984602,Spain,Spain,None,seird
2020-10-29,1160083,35639,7053929.957351095,1550773.0411466477,508.0539028113588,4251.337133888851,Spain,Spain,None,seird
2020-10-30,1185678,35878,7144036.029126476,1571016.6751642586,502.5275014908328,4278.774388662297,Spain,Spain,None,seird
2020-10-31,1185678,35878,7234023.5699615935,1591243.705912825,510.1170444219758,4335.151641431587,Spain,Spain,None,seird
2020-11-01,1185678,35878,7323861.703573444,1611447.7620721818,517.6939863583067,4391.464858888962,Spain,Spain,None,seird
2020-11-02,1240697,36257,7413519.50955521,1631622.711212115,497.52860767417104,4400.159172606986,Spain,Spain,None,seird
2020-11-03,1259366,36495,7502968.291475656,1651760.9812890003,495.7734519969299,4425.992550456228,Spain,Spain,None,seird
2020-11-04,1284408,38118,7592179.011378143,1671855.560045638,491.10337302306925,4286.000209994328,Spain,Spain,None,seird
2020-11-05,1306316,38486,7681121.982145991,1691900.272988269,487.9987676906653,4296.144761701058,Spain,Spain,None,seird
2020-11-06,1328832,38833,7769767.664143135,1711889.1911525747,484.70654410362897,4308.336186111233,Spain,Spain,None,seird
2020-11-07,1328832,38833,7858088.763127655,1731815.0679981497,491.35306518263064,4359.64789740208,Spain,Spain,None,seird
2020-11-08,1328832,38833,7946057.852778584,1751671.202021951,497.9730961309318,4410.780011902122,Spain,Spain,None,seird
2020-11-09,1381218,39345,8033647.115725143,1771451.6768696597,481.6349856232067,4402.355259549268,Spain,Spain,None,seird
2020-11-10,1381218,39345,8120828.861983234,1791150.973481673,487.9469324888058,4452.4233663278,Spain,Spain,None,seird
2020-11-11,1417709,40105,8207577.642243905,1810762.3808971313,478.9324637315489,4415.0539356617155,Spain,Spain,None,seird
2020-11-12,1437220,40461,8293868.251586797,1830279.5653798454,477.07715252966125,4423.56482879772,Spain,Spain,None,seird
2020-11-13,1458591,40769,8379675.320540944,1849696.928326485,474.50480090312806,4437.018146941266,Spain,Spain,None,seird
2020-11-14,1458591,40769,8464973.52265012,1869009.450883909,480.35278722068904,4484.3887534251735,Spain,Spain,None,seird
2020-11-15,1458591,40769,8549739.50180293,1888211.2309118344,486.1642846968705,4531.487725752004,Spain,Spain,None,seird
2020-11-16,1496864,41253,8633950.762046946,1907296.3623234814,476.80261947958843,4523.4125089653635,Spain,Spain,None,seird
2020-11-17,1510023,41688,8717584.828846429,1926259.6264212548,477.3147050638586,4520.657326859659,Spain,Spain,None,seird
2020-11-18,1525341,42039,8800619.327763386,1945096.4359410875,476.96077977077823,4526.885596567681,Spain,Spain,None,seird
2020-11-19,1541574,42291,8883033.089072185,1963801.989106425,476.2313770906998,4543.545882354225,Spain,Spain,None,seird
2020-11-20,1556730,42619,8964806.613030016,1982370.9214031454,475.8742115222303,4551.378308742921,Spain,Spain,None,seird
2020-11-21,1556730,42619,9045920.601909595,2000798.4761915754,481.0847482806649,4594.616195104473,Spain,Spain,None,seird
2020-11-22,1556730,42619,9126356.08000752,2019080.4234939946,486.25169939601085,4637.512432234437,Spain,Spain,None,seird
2020-11-23,1582616,43131,9206094.547067571,2037212.9408041546,481.7010915514295,4623.314879794474,Spain,Spain,None,seird
2020-11-24,1594844,43668,9285119.281700725,2055191.6020460473,482.1960819804774,4606.401946610898,Spain,Spain,None,seird
2020-11-25,1605066,44037,9363414.258587103,2073012.2351809868,483.3663075902862,4607.432920455496,Spain,Spain,None,seird
2020-11-26,1617355,44374,9440963.957217919,2090671.0823883177,483.72861599450454,4611.477627413165,Spain,Spain,None,seird
2020-11-27,1628208,44668,9517753.460423172,2108164.7239939626,484.55390591516385,4619.630885631688,Spain,Spain,None,seird
2020-11-28,1628208,44668,9593768.66393991,2125489.9116689903,489.2225479754374,4658.417461424264,Spain,Spain,None,seird
2020-11-29,1628208,44668,9668996.80153663,2142643.156862944,493.84285063926916,4696.819102854267,Spain,Spain,None,seird
2020-11-30,1648187,45069,9743425.241467444,2159621.6875461973,491.16018033557134,4691.811860804982,Spain,Spain,None,seird
2020-12-01,1656444,45511,9817042.430070776,2176422.686500896,492.6576708944448,4682.190429788174,Spain,Spain,None,seird
2020-12-02,1665775,45784,9889838.009907,2193043.196749424,493.7079143285858,4689.977277541115,Spain,Spain,None,seird
2020-12-03,1675902,46038,9961802.511122262,2209480.3650883217,494.41438169548474,4699.253584187675,Spain,Spain,None,seird
2020-12-04,1684647,46252,10032926.10459199,2225732.4316595234,495.5506467878428,4712.186352286438,Spain,Spain,None,seird
2020-12-05,1684647,46252,10103200.152195347,2241797.479705601,499.72208730940946,4746.920089305546,Spain,Spain,None,seird
2020-12-06,1684647,46252,10172617.77156741,2257672.97085219,503.84269057953446,4781.243991291599,Spain,Spain,None,seird
2020-12-07,1702328,46646,10241172.237220421,2273357.0217792266,501.59806084493835,4773.6376576324365,Spain,Spain,None,seird
2020-12-08,1702328,46646,10308856.70875394,2288848.613764852,505.574055572953,4806.84863389112,Spain,Spain,None,seird
2020-12-09,1712101,47019,10375666.007564921,2304146.1415002323,506.0195051322861,4800.4575629005985,Spain,Spain,None,seird
2020-12-10,1720056,47344,10441596.295073142,2319247.664265677,507.049787627446,4798.715073220845,Spain,Spain,None,seird
2020-12-11,1730575,47624,10506643.010319889,2334152.5592073104,507.11861724108394,4801.210648427915,Spain,Spain,None,seird
2020-12-12,1730575,47624,10570802.403211609,2348860.2633911557,510.8260204389644,4832.093615385427,Spain,Spain,None,seird
2020-12-13,1730575,47624,10634072.489673344,2363369.479592313,514.4820357206908,4862.559800924561,Spain,Spain,None,seird
2020-12-14,1751884,48013,10696451.818596598,2377679.169280106,510.56849760581173,4852.15706012977,Spain,Spain,None,seird
2020-12-15,1762212,48401,10757938.485403825,2391789.3274973994,510.47924343971243,4841.611387156049,Spain,Spain,None,seird
2020-09-15,448213,32873,382390.0,31478.0,14.68565168792516,4.24360417363794,US - New York,US,New York,delphi
2020-09-16,448897,32877,382390.0,31478.0,14.815648133090665,4.255254433190376,US - New York,US,New York,delphi
2020-09-17,449922,32904,382390.0,31478.0,15.009712794662185,4.3338195964016535,US - New York,US,New York,delphi
2020-09-18,450753,32919,382390.0,31478.0,15.166399336221833,4.377411221483034,US - New York,US,New York,delphi
2020-09-19,451655,32915,382390.0,31478.0,15.335820482447888,4.365790672945465,US - New York,US,New York,delphi
2020-09-20,452507,32921,382390.0,31478.0,15.495229908045621,4.383220436803256,US - New York,US,New York,delphi
2020-09-21,453142,32993,382390.0,31478.0,15.613648701731467,4.59188312672385,US - New York,US,New York,delphi
2020-09-22,453730,33097,382390.0,31478.0,15.723007074691997,4.891682025561229,US - New York,US,New York,delphi
2020-09-23,454299,33098,382390.0,31478.0,15.828562246450026,4.894555562269623,US - New York,US,New York,delphi
2020-09-24,455400,33103,382390.0,31478.0,16.0320597277119,4.908920641633689,US - New York,US,New York,delphi
2020-09-25,456400,33117,382390.0,31478.0,16.216038562664327,4.949119787420358,US - New York,US,New York,delphi
2020-09-26,457573,33120,382390.0,31478.0,16.430820874483416,4.957729468599034,US - New York,US,New York,delphi
2020-09-27,458605,33127,382390.0,31478.0,16.61887681119918,4.977812660367676,US - New York,US,New York,delphi
2020-09-28,459574,33136,382390.0,31478.0,16.7946837723631,5.0036214389183975,US - New York,US,New York,delphi
2020-09-29,460553,33144,382390.0,31478.0,16.971553762541987,5.026550808592807,US - New York,US,New York,delphi
2020-09-30,461537,33158,382390.0,31478.0,17.14857097047474,5.066650582061644,US - New York,US,New York,delphi
2020-10-01,462861,33166,382390.0,31478.0,17.385564996834905,5.089549538684195,US - New York,US,New York,delphi
2020-10-02,464620,33204,382390.0,31478.0,17.698334122508715,5.198168895313818,US - New York,US,New York,delphi
2020-10-03,466307,33207,382390.0,31478.0,17.996084124836212,5.206733520040955,US - New York,US,New York,delphi
2020-10-04,467693,33221,382390.0,31478.0,18.23910129080401,5.246681316035038,US - New York,US,New York,delphi
2020-10-05,468840,33234,382390.0,31478.0,18.43912635440662,5.283745561774087,US - New York,US,New York,delphi
2020-10-06,469989,33241,382390.0,31478.0,18.63852132709489,5.303691224692398,US - New York,US,New York,delphi
2020-10-07,471207,33253,382390.0,31478.0,18.84882864643352,5.337864252849367,US - New York,US,New York,delphi
2020-10-08,473285,33261,382390.0,31478.0,19.205130101313163,5.3606325726827215,US - New York,US,New York,delphi
2020-10-09,474894,33291,382390.0,31478.0,19.478873180120196,5.445916313718422,US - New York,US,New York,delphi
2020-10-10,476397,33296,382390.0,31478.0,19.73291183613667,5.460115329168669,US - New York,US,New York,delphi
2020-10-11,477671,33299,382390.0,31478.0,19.946992804670998,5.468632691672423,US - New York,US,New York,delphi
2020-10-12,478925,33312,382390.0,31478.0,20.15660072036331,5.50552353506244,US - New York,US,New York,delphi
2020-10-13,480129,33320,382390.0,31478.0,20.35682077108444,5.528211284513806,US - New York,US,New York,delphi
2020-10-14,481227,33330,382390.0,31478.0,20.538540023731006,5.556555655565557,US - New York,US,New York,delphi
2020-10-15,482765,33353,382390.0,31478.0,20.79168953838824,5.621683206907925,US - New York,US,New York,delphi
2020-10-16,484512,33362,382390.0,31478.0,21.077290139356712,5.647143456627301,US - New York,US,New York,delphi
2020-10-17,486207,33376,382390.0,31478.0,21.35242808104367,5.686720997123682,US - New York,US,New York,delphi
2020-10-18,487719,33389,382390.0,31478.0,21.596247019287745,5.723441852106982,US - New York,US,New York,delphi
2020-10-19,488928,33405,382390.0,31478.0,21.790120426729498,5.768597515342014,US - New York,US,New York,delphi
2020-10-20,490166,33412,382390.0,31478.0,21.987653162398043,5.788339518735784,US - New York,US,New York,delphi
2020-10-21,491882,33420,382390.0,31478.0,22.259810279701227,5.810891681627768,US - New York,US,New York,delphi
2020-10-22,493774,33443,382390.0,31478.0,22.55768833514928,5.8756690488293515,US - New York,US,New York,delphi
2020-10-23,495608,33454,382390.0,31478.0,22.844264015108713,5.906618042685478,US - New York,US,New York,delphi
2020-10-24,497732,33463,382390.0,31478.0,23.17351506433181,5.931924812479455,US - New York,US,New York,delphi
2020-10-25,499652,33471,382390.0,31478.0,23.468734239030365,5.954408293746825,US - New York,US,New York,delphi
2020-10-26,501197,33479,382390.0,31478.0,23.70465106534955,5.97688102989934,US - New York,US,New York,delphi
2020-10-27,502978,33495,382390.0,31478.0,23.974806055135613,6.021794297656367,US - New York,US,New York,delphi
2020-10-28,504689,33505,382390.0,31478.0,24.232547172615217,6.049843306969109,US - New York,US,New York,delphi
2020-10-29,507040,33524,382390.0,31478.0,24.583859261596718,6.103090323350435,US - New York,US,New York,delphi
2020-10-30,509368,33553,382390.0,31478.0,24.928538895258438,6.184245820045898,US - New York,US,New York,delphi
2020-10-31,511761,33559,382390.0,31478.0,25.27957386358085,6.20101910068834,US - New York,US,New York,delphi
2020-11-01,513883,33582,382390.0,31478.0,25.58812025305371,6.2652611518075165,US - New York,US,New York,delphi
2020-11-02,515753,33593,382390.0,31478.0,25.857920361103087,6.295954514333343,US - New York,US,New York,delphi
2020-11-03,517822,33603,382390.0,31478.0,26.154161082379655,6.32384013332143,US - New York,US,New York,delphi
2020-11-04,519890,33623,382390.0,31478.0,26.44790244090096,6.379561609612468,US - New York,US,New York,delphi
2020-11-05,523107,33687,382390.0,31478.0,26.900232648387423,6.557425713183126,US - New York,US,New York,delphi
2020-11-06,526318,33702,382390.0,31478.0,27.346205145938384,6.599014895258441,US - New York,US,New York,delphi
2020-11-07,530218,33715,382390.0,31478.0,27.880607599138468,6.635028918878836,US - New York,US,New York,delphi
2020-11-08,533797,33735,382390.0,31478.0,28.364153414125592,6.69038091003409,US - New York,US,New York,delphi
2020-11-09,537243,33755,382390.0,31478.0,28.823642187985698,6.745667308546882,US - New York,US,New York,delphi
2020-11-10,541200,33771,382390.0,31478.0,29.344050258684405,6.789849278967161,US - New York,US,New York,delphi
2020-11-11,545453,33794,382390.0,31478.0,29.89496803574277,6.853287565840089,US - New York,US,New York,delphi
2020-11-12,550678,33808,382390.0,31478.0,30.560145856562276,6.891859914813062,US - New York,US,New York,delphi
2020-11-13,556344,33827,382390.0,31478.0,31.26734538343183,6.944157034321696,US - New York,US,New York,delphi
2020-11-14,561921,33844,382390.0,31478.0,31.949508916733848,6.990899420872237,US - New York,US,New York,delphi
2020-11-15,566113,33866,382390.0,31478.0,32.453414777615066,7.051319907872203,US - New York,US,New York,delphi
2020-11-16,570323,33889,382390.0,31478.0,32.95202893798777,7.114402903597037,US - New York,US,New York,delphi
2020-11-17,574935,33985,382390.0,31478.0,33.48987276822598,7.376783875239076,US - New York,US,New York,delphi
2020-11-18,579811,34016,382390.0,31478.0,34.0491987906404,7.461194731890874,US - New York,US,New York,delphi
2020-11-19,585635,34044,382390.0,31478.0,34.70506373423719,7.5373046645517565,US - New York,US,New York,delphi
2020-11-20,591368,34082,382390.0,31478.0,35.33806360844686,7.640396690335074,US - New York,US,New York,delphi
2020-11-21,597680,34126,382390.0,31478.0,36.020947664301964,7.75947957569009,US - New York,US,New York,delphi
2020-11-22,603360,34150,382390.0,31478.0,36.623243171572526,7.824304538799415,US - New York,US,New York,delphi
2020-11-23,609797,34177,382390.0,31478.0,37.29224643610907,7.897123796705387,US - New York,US,New York,delphi
2020-11-24,614679,34200,382390.0,31478.0,37.790293795623406,7.95906432748538,US - New York,US,New York,delphi
2020-11-25,620712,34226,382390.0,31478.0,38.394940004382065,8.028983813475136,US - New York,US,New York,delphi
2020-11-26,628024,34282,382390.0,31478.0,39.11219953377578,8.179219415436673,US - New York,US,New York,delphi
2020-11-27,636302,34320,382390.0,31478.0,39.90432216148936,8.28088578088578,US - New York,US,New York,delphi
2020-11-28,643163,34358,382390.0,31478.0,40.54539828939165,8.382327260026777,US - New York,US,New York,delphi
2020-11-29,648641,34406,382390.0,31478.0,41.047513185259646,8.510143579608208,US - New York,US,New York,delphi
2020-11-30,656413,34454,382390.0,31478.0,41.745516923034735,8.637603761537122,US - New York,US,New York,delphi
2020-12-01,663500,34513,382390.0,31478.0,42.36774679728711,8.793787848057253,US - New York,US,New York,delphi
2020-12-02,671635,34573,382390.0,31478.0,43.06580210977688,8.952072426459955,US - New York,US,New York,delphi
2020-12-03,681783,34635,382390.0,31478.0,43.91323925647897,9.115057023242384,US - New York,US,New York,delphi
2020-12-04,693629,34693,382390.0,31478.0,44.87110544685992,9.266999106447987,US - New York,US,New York,delphi
2020-12-05,704683,34763,382390.0,31478.0,45.73588407837283,9.449702269654518,US - New York,US,New York,delphi
2020-12-06,714834,34824,382390.0,31478.0,46.506461640045096,9.608316103836433,US - New York,US,New York,delphi
2020-12-07,723287,34904,382390.0,31478.0,47.131636542617244,9.81549392619757,US - New York,US,New York,delphi
2020-12-08,731722,34994,382390.0,31478.0,47.741081995621286,10.047436703434874,US - New York,US,New York,delphi
2020-12-09,740980,35062,382390.0,31478.0,48.39401873194958,10.221892647310478,US - New York,US,New York,delphi
2020-12-10,752104,35149,382390.0,31478.0,49.15729739504111,10.444109362997525,US - New York,US,New York,delphi
2020-12-11,763228,35247,382390.0,31478.0,49.89832658130991,10.693108633358868,US - New York,US,New York,delphi
2020-12-12,774228,35335,382390.0,31478.0,50.61015618138326,10.915522852695627,US - New York,US,New York,delphi
2020-12-13,784815,35453,382390.0,31478.0,51.27641546096851,11.212027190928836,US - New York,US,New York,delphi
2020-12-14,794953,35529,382390.0,31478.0,51.89778515207817,11.401953333896254,US - New York,US,New York,delphi
2020-12-15,803917,35653,382390.0,31478.0,52.434144320868945,11.710094522200096,US - New York,US,New York,delphi
2020-09-15,448213,32873,529889.0,33634.0,18.222586136502063,2.314969731998905,US - New York,US,New York,delphi_lookahead
2020-09-16,448897,32877,529891.0,33635.0,18.04289179923234,2.3055631596556863,US - New York,US,New York,delphi_lookahead
2020-09-17,449922,32904,529892.0,33635.0,17.774191971052762,2.2216143933868224,US - New York,US,New York,delphi_lookahead
2020-09-18,450753,32919,529893.0,33635.0,17.557287472296355,2.175035693672347,US - New York,US,New York,delphi_lookahead
2020-09-19,451655,32915,529894.0,33635.0,17.322735273604852,2.1874525292419866,US - New York,US,New York,delphi_lookahead
2020-09-20,452507,32921,529894.0,33635.0,17.10183488874205,2.1688284073995323,US - New York,US,New York,delphi_lookahead
2020-09-21,453142,32993,529895.0,33635.0,16.9379576380031,1.9458673051859485,US - New York,US,New York,delphi_lookahead
2020-09-22,453730,33097,529896.0,33635.0,16.786635223591123,1.6255249720518479,US - New York,US,New York,delphi_lookahead
2020-09-23,454299,33098,529896.0,33635.0,16.64036240449572,1.6224545289745602,US - New York,US,New York,delphi_lookahead
2020-09-24,455400,33103,529897.0,33635.0,16.358585858585858,1.6071050962148443,US - New York,US,New York,delphi_lookahead
2020-09-25,456400,33117,529897.0,33635.0,16.103637160385624,1.564151342210949,US - New York,US,New York,delphi_lookahead
2020-09-26,457573,33120,529898.0,33635.0,15.806221083848914,1.554951690821256,US - New York,US,New York,delphi_lookahead
2020-09-27,458605,33127,529898.0,33635.0,15.54562204947613,1.5334923174449844,US - New York,US,New York,delphi_lookahead
2020-09-28,459574,33136,529899.0,33635.0,15.302214659663079,1.5059150169000481,US - New York,US,New York,delphi_lookahead
2020-09-29,460553,33144,529899.0,33635.0,15.0571161191003,1.481414433985035,US - New York,US,New York,delphi_lookahead
2020-09-30,461537,33158,529899.0,33635.0,14.811813570742974,1.4385668616925025,US - New York,US,New York,delphi_lookahead
2020-10-01,462861,33166,529900.0,33635.0,14.483613871118974,1.4140987758547912,US - New York,US,New York,delphi_lookahead
2020-10-02,464620,33204,529900.0,33635.0,14.050191554388533,1.2980363811588964,US - New York,US,New York,delphi_lookahead
2020-10-03,466307,33207,529900.0,33635.0,13.637582107924606,1.288884873671214,US - New York,US,New York,delphi_lookahead
2020-10-04,467693,33221,529900.0,33635.0,13.300819127076949,1.246199692965293,US - New York,US,New York,delphi_lookahead
2020-10-05,468840,33234,529900.0,33635.0,13.023632795836532,1.2065956550520551,US - New York,US,New York,delphi_lookahead
2020-10-06,469989,33241,529901.0,33635.0,12.747532389055912,1.1852832345597304,US - New York,US,New York,delphi_lookahead
2020-10-07,471207,33253,529901.0,33635.0,12.4560967897336,1.1487685321625116,US - New York,US,New York,delphi_lookahead
2020-10-08,473285,33261,529901.0,33635.0,11.962348267956939,1.1244400348756802,US - New York,US,New York,delphi_lookahead
2020-10-09,474894,33291,529901.0,33635.0,11.583005891841127,1.0333123066294194,US - New York,US,New York,delphi_lookahead
2020-10-10,476397,33296,529901.0,33635.0,11.230969128688887,1.018140317155214,US - New York,US,New York,delphi_lookahead
2020-10-11,477671,33299,529901.0,33635.0,10.934304154951839,1.0090393104898046,US - New York,US,New York,delphi_lookahead
2020-10-12,478925,33312,529901.0,33635.0,10.643837761653703,0.9696205571565802,US - New York,US,New York,delphi_lookahead
2020-10-13,480129,33320,529901.0,33635.0,10.366380701853044,0.9453781512605042,US - New York,US,New York,delphi_lookahead
2020-10-14,481227,33330,529902.0,33635.0,10.114769121433335,0.9150915091509152,US - New York,US,New York,delphi_lookahead
2020-10-15,482765,33353,529902.0,33635.0,9.76396383333506,0.8455011543189518,US - New York,US,New York,delphi_lookahead
2020-10-16,484512,33362,529902.0,33635.0,9.368189023182088,0.8182962652119178,US - New York,US,New York,delphi_lookahead
2020-10-17,486207,33376,529902.0,33635.0,8.986912981507876,0.776006711409396,US - New York,US,New York,delphi_lookahead
2020-10-18,487719,33389,529902.0,33635.0,8.649037663080586,0.7367695947767229,US - New York,US,New York,delphi_lookahead
2020-10-19,488928,33405,529902.0,33635.0,8.38037502454349,0.6885196826822332,US - New York,US,New York,delphi_lookahead
2020-10-20,490166,33412,529902.0,33635.0,8.106641423517747,0.6674248772895965,US - New York,US,New York,delphi_lookahead
2020-10-21,491882,33420,529902.0,33635.0,7.729496098657808,0.6433273488928786,US - New York,US,New York,delphi_lookahead
2020-10-22,493774,33443,529902.0,33635.0,7.316707643577831,0.5741111742367611,US - New York,US,New York,delphi_lookahead
2020-10-23,495608,33454,529902.0,33635.0,6.9195816048167105,0.5410414300233156,US - New York,US,New York,delphi_lookahead
2020-10-24,497732,33463,529902.0,33635.0,6.4633176086729405,0.5140005379075396,US - New York,US,New York,delphi_lookahead
2020-10-25,499652,33471,529902.0,33635.0,6.054213732757999,0.4899763974784141,US - New York,US,New York,delphi_lookahead
2020-10-26,501197,33479,529902.0,33635.0,5.7272888704441565,0.4659637384629171,US - New York,US,New York,delphi_lookahead
2020-10-27,502978,33495,529902.0,33635.0,5.3529180202712645,0.41797283176593525,US - New York,US,New York,delphi_lookahead
2020-10-28,504689,33505,529902.0,33635.0,4.99574985783324,0.38800179077749586,US - New York,US,New York,delphi_lookahead
2020-10-29,507040,33524,529902.0,33635.0,4.508914484064373,0.3311060732609474,US - New York,US,New York,delphi_lookahead
2020-10-30,509368,33553,529902.0,33635.0,4.031270122975923,0.2443894733704885,US - New York,US,New York,delphi_lookahead
2020-10-31,511761,33559,529902.0,33635.0,3.544818772825596,0.2264668196310975,US - New York,US,New York,delphi_lookahead
2020-11-01,513883,33582,529902.0,33635.0,3.117246532771078,0.15782264308260377,US - New York,US,New York,delphi_lookahead
2020-11-02,515753,33593,529902.0,33635.0,2.7433674646584705,0.1250260470931444,US - New York,US,New York,delphi_lookahead
2020-11-03,517822,33603,529902.0,33635.0,2.3328479670620403,0.09522959259589918,US - New York,US,New York,delphi_lookahead
2020-11-04,519890,33623,529902.0,33635.0,1.9257919944603665,0.03568985515867115,US - New York,US,New York,delphi_lookahead
2020-11-05,523107,33687,529902.0,33635.0,1.2989694269050118,0.15436221687891472,US - New York,US,New York,delphi_lookahead
2020-11-06,526318,33702,529902.0,33635.0,0.6809571399800121,0.19880125808557353,US - New York,US,New York,delphi_lookahead
2020-11-07,530218,33715,529902.0,33635.0,0.05959812756262518,0.23728310840872013,US - New York,US,New York,delphi_lookahead
2020-11-08,533797,33735,529902.0,33635.0,0.7296781360704538,0.29642804209278195,US - New York,US,New York,delphi_lookahead
2020-11-09,537243,33755,529902.0,33635.0,1.3664207816574623,0.3555028884609688,US - New York,US,New York,delphi_lookahead
2020-11-10,541200,33771,529902.0,33635.0,2.087583148558758,0.4027123863670013,US - New York,US,New York,delphi_lookahead
2020-11-11,545453,33794,529902.0,33635.0,2.85102474457011,0.47049772148902175,US - New York,US,New York,delphi_lookahead
2020-11-12,550678,33808,529902.0,33635.0,3.7728037074297505,0.5117132039753904,US - New York,US,New York,delphi_lookahead
2020-11-13,556344,33827,529902.0,33635.0,4.75281480522842,0.5675939338398321,US - New York,US,New York,delphi_lookahead
2020-11-14,561921,33844,529902.0,33635.0,5.6981319438141655,0.6175392979553244,US - New York,US,New York,delphi_lookahead
2020-11-15,566113,33866,529902.0,33635.0,6.39642615520223,0.6821000413393965,US - New York,US,New York,delphi_lookahead
2020-11-16,570323,33889,529902.0,33635.0,7.087387322622443,0.7495057393254448,US - New York,US,New York,delphi_lookahead
2020-11-17,574935,33985,529902.0,33635.0,7.8327115239113985,1.0298661174047374,US - New York,US,New York,delphi_lookahead
2020-11-18,579811,34016,529902.0,33635.0,8.607804957132583,1.1200611476952023,US - New York,US,New York,delphi_lookahead
2020-11-19,585635,34044,529902.0,33635.0,9.5166784772085,1.2013864410762543,US - New York,US,New York,delphi_lookahead
2020-11-20,591368,34082,529902.0,33635.0,10.393866424967195,1.3115427498386245,US - New York,US,New York,delphi_lookahead
2020-11-21,597680,34126,529902.0,33635.0,11.340182037210548,1.4387856766102092,US - New York,US,New York,delphi_lookahead
2020-11-22,603360,34150,529902.0,33635.0,12.174821002386635,1.5080527086383602,US - New York,US,New York,delphi_lookahead
2020-11-23,609797,34177,529902.0,33635.0,13.10190112447257,1.585861836907862,US - New York,US,New York,delphi_lookahead
2020-11-24,614679,34200,529902.0,33635.0,13.792076840106787,1.652046783625731,US - New York,US,New York,delphi_lookahead
2020-11-25,620712,34226,529902.0,33635.0,14.629973320960445,1.726757435867469,US - New York,US,New York,delphi_lookahead
2020-11-26,628024,34282,529902.0,33635.0,15.623925200310815,1.8872877895105302,US - New York,US,New York,delphi_lookahead
2020-11-27,636302,34320,529902.0,33635.0,16.721619608299203,1.995920745920746,US - New York,US,New York,delphi_lookahead
2020-11-28,643163,34358,529902.0,33635.0,17.6099993314292,2.1043134059025554,US - New York,US,New York,delphi_lookahead
2020-11-29,648641,34406,529902.0,33635.0,18.305811689362837,2.2408882171714235,US - New York,US,New York,delphi_lookahead
2020-11-30,656413,34454,529902.0,33635.0,19.273079600800106,2.377082486793986,US - New York,US,New York,delphi_lookahead
2020-12-01,663500,34513,529902.0,33635.0,20.1353428786737,2.543968939240286,US - New York,US,New York,delphi_lookahead
2020-12-02,671635,34573,529902.0,33635.0,21.102682260453967,2.713099817776878,US - New York,US,New York,delphi_lookahead
2020-12-03,681783,34635,529902.0,33635.0,22.27702949472193,2.8872527789808,US - New York,US,New York,delphi_lookahead
2020-12-04,693629,34693,529902.0,33635.0,23.604405236805267,3.0496065488715303,US - New York,US,New York,delphi_lookahead
2020-12-05,704683,34763,529902.0,33635.0,24.802783663008757,3.2448292725023733,US - New York,US,New York,delphi_lookahead
2020-12-06,714834,34824,529902.0,33635.0,25.87062171077481,3.414311968757179,US - New York,US,New York,delphi_lookahead
2020-12-07,723287,34904,529902.0,33635.0,26.73696610059354,3.6356864542745817,US - New York,US,New York,delphi_lookahead
2020-12-08,731722,34994,529902.0,33635.0,27.581513197635164,3.8835228896382237,US - New York,US,New York,delphi_lookahead
2020-12-09,740980,35062,529902.0,33635.0,28.48632891576021,4.069933261080372,US - New York,US,New York,delphi_lookahead
2020-12-10,752104,35149,529902.0,33635.0,29.54405241828258,4.3073771657799655,US - New York,US,New York,delphi_lookahead
2020-12-11,763228,35247,529902.0,33635.0,30.57094341402569,4.573438874230431,US - New York,US,New York,delphi_lookahead
2020-12-12,774228,35335,529902.0,33635.0,31.557370697003982,4.811093816329418,US - New York,US,New York,delphi_lookahead
2020-12-13,784815,35453,529902.0,33635.0,32.48064830565165,5.1279158322285845,US - New York,US,New York,delphi_lookahead
2020-12-14,794953,35529,529902.0,33635.0,33.341719573358425,5.330856483436066,US - New York,US,New York,delphi_lookahead
2020-12-15,803917,35653,529902.0,33635.0,34.08498638541043,5.660112753484981,US - New York,US,New York,delphi_lookahead
2020-09-15,448213,32873,296662.2781200933,24285.97273127623,33.81221023930737,26.12182419835053,US - New York,US,New York,delphi_constant
2020-09-16,448897,32877,296662.3032887007,24285.975349494925,33.913057274007016,26.130804667412093,US - New York,US,New York,delphi_constant
2020-09-17,449922,32904,296662.32594011386,24285.977708317463,34.06360970565701,26.19141226502108,US - New York,US,New York,delphi_constant
2020-09-18,450753,32919,296662.3463248442,24285.979833240362,34.185164308425186,26.22503771912767,US - New York,US,New York,delphi_constant
2020-09-19,451655,32915,296662.3646679354,24285.981747134287,34.31659902626221,26.21606639181441,US - New York,US,New York,delphi_constant
2020-09-20,452507,32921,296662.3811725496,24285.983470656898,34.44026696326253,26.229508609529184,US - New York,US,New York,delphi_constant
2020-09-21,453142,32993,296662.39602275303,24285.985022612385,34.53213429283689,26.390491853992103,US - New York,US,New York,delphi_constant
2020-09-22,453730,33097,296662.40938402904,24285.98641990976,34.616972784689345,26.62178922588222,US - New York,US,New York,delphi_constant
2020-09-23,454299,33098,296662.421404714,24285.98767772063,34.69886101340439,26.624002423951204,US - New York,US,New York,delphi_constant
2020-09-24,455400,33103,296662.4322194079,24285.988809866332,34.85673425133774,26.635081986930693,US - New York,US,New York,delphi_constant
2020-09-25,456400,33117,296662.4419494476,24285.989828842852,34.99946495410876,26.666093460027017,US - New York,US,New York,delphi_constant
2020-09-26,457573,33120,296662.4507029549,24285.990745794858,35.166093562567085,26.67273325545031,US - New York,US,New York,delphi_constant
2020-09-27,458605,33127,296662.45857772283,24285.99157083155,35.31198775030302,26.688225402748365,US - New York,US,New York,delphi_constant
2020-09-28,459574,33136,296662.4656624084,24285.992313143503,35.44837922458442,26.708135221078276,US - New York,US,New York,delphi_constant
2020-09-29,460553,33144,296662.47203629796,24285.99298096449,35.585595569609154,26.725823735926596,US - New York,US,New York,delphi_constant
2020-09-30,461537,33158,296662.4777701655,24285.993581656985,35.722926272397345,26.756759811638265,US - New York,US,New York,delphi_constant
2020-10-01,462861,33166,296662.4829284003,24285.994121933116,35.906787798410264,26.774425248950383,US - New York,US,New York,delphi_constant
2020-10-02,464620,33204,296662.48756919376,24285.994607871675,36.14943662149848,26.85822609362825,US - New York,US,New York,delphi_constant
2020-10-03,466307,33207,296662.4917442282,24285.995044877745,36.380433546091275,26.86483258084818,US - New York,US,New York,delphi_constant
2020-10-04,467693,33221,296662.49549994624,24285.99543781506,36.56896821206513,26.89565203390909,US - New York,US,New York,delphi_constant
2020-10-05,468840,33234,296662.4988786457,24285.995791119945,36.724149202575354,26.924246882349568,US - New York,US,New York,delphi_constant
2020-10-06,469989,33241,296662.50191846606,24285.996108798576,36.878841437040855,26.939634461061413,US - New York,US,New York,delphi_constant
2020-10-07,471207,33253,296662.50465314806,24285.996394396614,37.04199966190059,26.96599887409673,US - New York,US,New York,delphi_constant
2020-10-08,473285,33261,296662.50711314176,24285.996651116697,37.31842185720195,26.983564381357457,US - New York,US,New York,delphi_constant
2020-10-09,474894,33291,296662.5093261913,24285.99688188013,37.53079438228503,27.049362044155682,US - New York,US,New York,delphi_constant
2020-10-10,476397,33296,296662.51131729997,24285.99708932225,37.727880041792886,27.060316286273878,US - New York,US,New York,delphi_constant
2020-10-11,477671,33299,296662.5131085398,24285.997275768626,37.893966117151805,27.066887066372487,US - New York,US,New York,delphi_constant
2020-10-12,478925,33312,296662.51471983996,24285.997443319928,38.05658198677456,27.095348693203867,US - New York,US,New York,delphi_constant
2020-10-13,480129,33320,296662.5161693758,24285.997593893517,38.21191467930998,27.112852359263158,US - New York,US,New York,delphi_constant
2020-10-14,481227,33330,296662.51747354976,24285.99772922088,38.35289427369001,27.134720284365798,US - New York,US,New York,delphi_constant
2020-10-15,482765,33353,296662.5186468323,24285.997850827946,38.54929030753424,27.184967316799252,US - New York,US,New York,delphi_constant
2020-10-16,484512,33362,296662.51970224606,24285.99796008782,38.7708622898409,27.204610155003234,US - New York,US,New York,delphi_constant
2020-10-17,486207,33376,296662.52065168327,24285.998058255143,38.98431724518913,27.235144839839577,US - New York,US,New York,delphi_constant
2020-10-18,487719,33389,296662.52150590357,24285.998146465583,39.17347458148984,27.263475556424023,US - New York,US,New York,delphi_constant
2020-10-19,488928,33405,296662.52227441827,24285.998225721592,39.323883624088154,27.29831394784735,US - New York,US,New York,delphi_constant
2020-10-20,490166,33412,296662.52296572924,24285.998296918435,39.47713163178817,27.313545142707905,US - New York,US,New York,delphi_constant
2020-10-21,491882,33420,296662.52358760824,24285.99836087481,39.68827410077859,27.330944461774948,US - New York,US,New York,delphi_constant
2020-10-22,493774,33443,296662.5241471066,24285.998418333787,39.919371180518496,27.38092151322014,US - New York,US,New York,delphi_constant
2020-10-23,495608,33454,296662.52465049113,24285.998469954757,40.141699760598875,27.4047992169703,US - New York,US,New York,delphi_constant
2020-10-24,497732,33463,296662.52510331356,24285.99851632083,40.397136390002345,27.424323831333624,US - New York,US,New York,delphi_constant
2020-10-25,499652,33471,296662.52551064687,24285.99855796487,40.62617071268665,27.441670228063487,US - New York,US,New York,delphi_constant
2020-10-26,501197,33479,296662.52587710577,24285.998595371737,40.80919760551125,27.459008347406623,US - New York,US,New York,delphi_constant
2020-10-27,502978,33495,296662.526206823,24285.99862897518,41.01878686407298,27.493659862740174,US - New York,US,New York,delphi_constant
2020-10-28,504689,33505,296662.52650343254,24285.99865915549,41.21874530583537,27.515300226367735,US - New York,US,New York,delphi_constant
2020-10-29,507040,33524,296662.52677024103,24285.998686258623,41.49129718163438,27.556381439390815,US - New York,US,New York,delphi_constant
2020-10-30,509368,33553,296662.5270102648,24285.99871060019,41.75870352863454,27.618994693171427,US - New York,US,New York,delphi_constant
2020-10-31,511761,33559,296662.5272262244,24285.998732464708,42.03104042195,27.63193559860333,US - New York,US,New York,delphi_constant
2020-11-01,513883,33582,296662.527420511,24285.998752101368,42.27041419534972,27.681499755519717,US - New York,US,New York,delphi_constant
2020-11-02,515753,33593,296662.5275952766,24285.998769734226,42.47972816536664,27.70518033598004,US - New York,US,New York,delphi_constant
2020-11-03,517822,33603,296662.52775249,24285.998785568216,42.70955506863555,27.726694683307397,US - New York,US,New York,delphi_constant
2020-11-04,519890,33623,296662.52789393655,24285.998799789162,42.93744294101896,27.76968503765529,US - New York,US,New York,delphi_constant
2020-11-05,523107,33687,296662.5280211977,24285.998812561214,43.28836585608724,27.906911234122315,US - New York,US,New York,delphi_constant
2020-11-06,526318,33702,296662.528135675,24285.998824029404,43.63435638992491,27.938998207734244,US - New York,US,New York,delphi_constant
2020-11-07,530218,33715,296662.5282386507,24285.998834326445,44.04895189551266,27.966783822255834,US - New York,US,New York,delphi_constant
2020-11-08,533797,33735,296662.5283312925,24285.998843573158,44.42409224268917,28.00948912532042,US - New York,US,New York,delphi_constant
2020-11-09,537243,33755,296662.52841464814,24285.99885187779,44.78056886462027,28.052143824980625,US - New York,US,New York,delphi_constant
2020-11-10,541200,33771,296662.5284896352,24285.998859334748,45.18430737442069,28.086231206257594,US - New York,US,New York,delphi_constant
2020-11-11,545453,33794,296662.52855708695,24285.998866029666,45.611715664395106,28.135175279547653,US - New York,US,New York,delphi_constant
2020-11-12,550678,33808,296662.52861776494,24285.99887204084,46.127768202513096,28.164934713556438,US - New York,US,New York,delphi_constant
2020-11-13,556344,33827,296662.5286723593,24285.998877439164,46.67642166135354,28.205283124607078,US - New York,US,New York,delphi_constant
2020-11-14,561921,33844,296662.52872147836,24285.998882286876,47.205651911660475,28.24134593343908,US - New York,US,New York,delphi_constant
2020-11-15,566113,33866,296662.52876566234,24285.998886639125,47.596587825105175,28.287961711926044,US - New York,US,New York,delphi_constant
2020-11-16,570323,33889,296662.52880540665,24285.998890546434,47.98341837776021,28.33663167828371,US - New York,US,New York,delphi_constant
2020-11-17,574935,33985,296662.52884116257,24285.998894054846,48.4006837570921,28.539064604811397,US - New York,US,New York,delphi_constant
2020-11-18,579811,34016,296662.5288733352,24285.998897205624,48.83461526715857,28.604189507274153,US - New York,US,New York,delphi_constant
2020-11-19,585635,34044,296662.52890227834,24285.998900034603,49.34344277540134,28.66291005747091,US - New York,US,New York,delphi_constant
2020-11-20,591368,34082,296662.52892831253,24285.998902574232,49.83453130228343,28.742447912169965,US - New York,US,New York,delphi_constant
2020-11-21,597680,34126,296662.5289517315,24285.99890485423,50.36432054749507,28.834323082534635,US - New York,US,New York,delphi_constant
2020-11-22,603360,34150,296662.52897280204,24285.998906901597,50.8315882768493,28.88433702225008,US - New York,US,New York,delphi_constant
2020-11-23,609797,34177,296662.5289917608,24285.998908740185,51.35060864652322,28.9405187443597,US - New York,US,New York,delphi_constant
2020-11-24,614679,34200,296662.5290088152,24285.998910390816,51.73699947308836,28.988307279559017,US - New York,US,New York,delphi_constant
2020-11-25,620712,34226,296662.5290241553,24285.99891187255,52.206090904613525,29.04225176219088,US - New York,US,New York,delphi_constant
2020-11-26,628024,34282,296662.5290379549,24285.99891320283,52.76254903666819,29.158161970705237,US - New York,US,New York,delphi_constant
2020-11-27,636302,34320,296662.52905037155,24285.998914397453,53.37708681563604,29.236599899774323,US - New York,US,New York,delphi_constant
2020-11-28,643163,34358,296662.52906154335,24285.998915470198,53.8744409952775,29.314864324261602,US - New York,US,New York,delphi_constant
2020-11-29,648641,34406,296662.52907159255,24285.998916433215,54.263987464315,29.41347754335519,US - New York,US,New York,delphi_constant
2020-11-30,656413,34454,296662.5290806315,24285.99891729767,54.805506734231116,29.51181599437606,US - New York,US,New York,delphi_constant
2020-12-01,663500,34513,296662.5290887629,24285.99891807378,55.288239775619765,29.63231559680764,US - New York,US,New York,delphi_constant
2020-12-02,671635,34573,296662.5290960797,24285.998918770772,55.8297990581075,29.754435777135996,US - New York,US,New York,delphi_constant
2020-12-03,681783,34635,296662.5291026629,24285.998919396654,56.48725047373389,29.88018212964731,US - New York,US,New York,delphi_constant
2020-12-04,693629,34693,296662.52910858457,24285.9989199585,57.23037400273279,29.9974089298749,US - New York,US,New York,delphi_constant
2020-12-05,704683,34763,296662.5291139107,24285.99892046283,57.9012791405624,30.138368608972677,US - New York,US,New York,delphi_constant
2020-12-06,714834,34824,296662.529118702,24285.9989209156,58.49910201267679,30.260742818413732,US - New York,US,New York,delphi_constant
2020-12-07,723287,34904,296662.5291230134,24285.99892132223,58.98411984136126,30.420585258645914,US - New York,US,New York,delphi_constant
2020-12-08,731722,34994,296662.5291268928,24285.998921687402,59.45693458350401,30.599534429652508,US - New York,US,New York,delphi_constant
2020-12-09,740980,35062,296662.52913038235,24285.998922015217,59.963490360012095,30.734131190419212,US - New York,US,New York,delphi_constant
2020-12-10,752104,35149,296662.52913352085,24285.99892230946,60.55565066353578,30.905576482092066,US - New York,US,New York,delphi_constant
2020-12-11,763228,35247,296662.529136344,24285.998922573603,61.13054956889108,31.097685129022036,US - New York,US,New York,delphi_constant
2020-12-12,774228,35335,296662.52913888416,24285.998922810813,61.682795101845436,31.269282799459987,US - New York,US,New York,delphi_constant
2020-12-13,784815,35453,296662.52914116974,24285.998923023828,62.19968665976444,31.498042695896462,US - New York,US,New York,delphi_constant
2020-12-14,794953,35529,296662.52914322587,24285.998923215077,62.6817523623125,31.64457507046335,US - New York,US,New York,delphi_constant
2020-12-15,803917,35653,296662.5291450756,24285.99892338679,63.097865930801866,31.882313063734358,US - New York,US,New York,delphi_constant
2020-09-15,448213,32873,296662.2781197587,24285.97273123815,33.81221023938201,26.12182419846637,US - New York,US,New York,themis
2020-09-16,448897,32877,296662.3034397625,24285.975349589608,33.91305724035525,26.130804667124107,US - New York,US,New York,themis
2020-09-17,449922,32904,296662.3269981067,24285.977710225277,34.06360947050673,26.191412259222957,US - New York,US,New York,themis
2020-09-18,450753,32919,296662.3494627091,24285.979841635362,34.18516361228675,26.22503769362568,US - New York,US,New York,themis
2020-09-19,451655,32915,296662.3712450168,24285.981770407892,34.31659757004421,26.216066321106208,US - New York,US,New York,themis
2020-09-20,452507,32921,296662.39259853953,24285.98352078351,34.44026443822095,26.229508457265847,US - New York,US,New York,themis
2020-09-21,453142,32993,296662.41367961833,24285.985114535317,34.53213039629557,26.390491575378665,US - New York,US,New York,themis
2020-09-22,453730,33097,296662.43458479946,24285.986571030775,34.61696723055574,26.621788769281885,US - New York,US,New York,themis
2020-09-23,454299,33098,296662.4553730457,24285.987907383198,34.69885353631734,26.624001730064663,US - New York,US,New York,themis
2020-09-24,455400,33103,296662.47608120297,24285.989138643894,34.85672461985003,26.635080993735027,US - New York,US,New York,themis
2020-09-25,456400,33117,296662.49673175137,24285.990278014116,34.99945295097472,26.66609210371073,US - New York,US,New York,themis
2020-09-26,457573,33120,296662.5173385665,24285.991337038507,35.16607899972977,26.672731470294366,US - New York,US,New York,themis
2020-09-27,458605,33127,296662.53791024,24285.992325810956,35.31197045164357,26.688223123702855,US - New York,US,New York,themis
2020-09-28,459574,33136,296662.5584521688,24285.99325313722,35.448359034199314,26.70813238430341,US - New York,US,New York,themis
2020-09-29,460553,33144,296662.57896734367,24285.994126686826,35.58557235164169,26.72582027912495,US - New York,US,New York,themis
2020-09-30,461537,33158,296662.5994582007,24285.994953180696,35.72289990657289,26.756755675310046,US - New York,US,New York,themis
2020-10-01,462861,33166,296662.6199256612,24285.995738421512,35.90675820048326,26.774420375018053,US - New York,US,New York,themis
2020-10-02,464620,33204,296662.6403705323,24285.996487498094,36.149403734119865,26.858220432784925,US - New York,US,New York,themis
2020-10-03,466307,33207,296662.6607935591,24285.997204876585,36.380397293294095,26.864826076199037,US - New York,US,New York,themis
2020-10-04,467693,33221,296662.68119483814,24285.99789437133,36.56892850762399,26.895644639320526,US - New York,US,New York,themis
2020-10-05,468840,33234,296662.7015745198,24285.998559327832,36.72410596908971,26.924238552904157,US - New York,US,New York,themis
2020-10-06,469989,33241,296662.72193288076,24285.999202716135,36.87879462436764,26.939625153526865,US - New York,US,New York,themis
2020-10-07,471207,33253,296662.7422700161,24285.999827101037,37.041949234621704,26.965988551105053,US - New York,US,New York,themis
2020-10-08,473285,33261,296662.7625859045,24286.00043464947,37.31836787857116,26.983553006074768,US - New York,US,New York,themis
2020-10-09,474894,33291,296662.78288059233,24286.001027296275,37.5307367790302,27.04934959209313,US - New York,US,New York,themis
2020-10-10,476397,33296,296662.80315416295,24286.001606766302,37.72781878261976,27.060302718746087,US - New York,US,New York,themis
2020-10-11,477671,33299,296662.8234066519,24286.002174542464,37.89390115651737,27.066872354898152,US - New York,US,New York,themis
2020-10-12,478925,33312,296662.84363806114,24286.002731867316,38.05651330833405,27.095332817401186,US - New York,US,New York,themis
2020-10-13,480129,33320,296662.8638484157,24286.003279853045,38.211842265637834,27.11283529455869,US - New York,US,New York,themis
2020-10-14,481227,33330,296662.88403774786,24286.003819495087,38.35281810086553,27.134702011715913,US - New York,US,New York,themis
2020-10-15,482765,33353,296662.9042060851,24286.00435165844,38.54921044274439,27.18494782580745,US - New York,US,New York,themis
2020-10-16,484512,33362,296662.9243534441,24286.00487706199,38.770778772570324,27.204589421911184,US - New York,US,New York,themis
2020-10-17,486207,33376,296662.9444798469,24286.005396345816,38.984230074876145,27.235122853709804,US - New York,US,New York,themis
2020-10-18,487719,33389,296662.964585317,24286.005910085212,39.17338373421642,27.263452304396026,US - New York,US,New York,themis
2020-10-19,488928,33405,296662.9846698776,24286.00641878656,39.32378905076461,27.298289421384343,US - New York,US,New York,themis
2020-10-20,490166,33412,296663.0047335496,24286.006922870845,39.47703334512194,27.31351932577863,US - New York,US,New York,themis
2020-10-21,491882,33420,296663.0247763546,24286.007422708022,39.68817220870969,27.33091734677432,US - New York,US,New York,themis
2020-10-22,493774,33443,296663.04479831445,24286.007918632302,39.91926573729794,27.38089310578506,US - New York,US,New York,themis
2020-10-23,495608,33454,296663.06479945127,24286.00841094137,40.141590773463854,27.404769501580173,US - New York,US,New York,themis
2020-10-24,497732,33463,296663.08477978647,24286.008899885855,40.397023944655665,27.424292801345203,US - New York,US,New York,themis
2020-10-25,499652,33471,296663.1047393417,24286.009385681544,40.6260547862629,27.441637878517096,US - New York,US,New York,themis
2020-10-26,501197,33479,296663.12467813864,24286.00986852431,40.809078131325876,27.458974675096897,US - New York,US,New York,themis
2020-10-27,502978,33495,296663.1445961988,24286.010348590473,41.018663918461876,27.49362487359166,US - New York,US,New York,themis
2020-10-28,504689,33505,296663.1644935438,24286.010826032274,41.21861889330978,27.515263912752502,US - New York,US,New York,themis
2020-10-29,507040,33524,296663.1843701952,24286.011300977967,41.49116748773367,27.556343810470207,US - New York,US,New York,themis
2020-10-30,509368,33553,296663.2042261744,24286.01177354402,41.75857057644485,27.618955760903578,US - New York,US,New York,themis
2020-10-31,511761,33559,296663.224061503,24286.012243836365,42.03090425774864,27.631895337059014,US - New York,US,New York,themis
2020-11-01,513883,33582,296663.2438762025,24286.01271194933,42.27027477534721,27.681458186083823,US - New York,US,New York,themis
2020-11-02,515753,33593,296663.2636702942,24286.013177962017,42.479585446852624,27.705137445414174,US - New York,US,New York,themis
2020-11-03,517822,33603,296663.2834437996,24286.01364194525,42.70940913213428,27.72665047184701,US - New York,US,New York,themis
2020-11-04,519890,33623,296663.30319674016,24286.01410396425,42.9372938127796,27.7696395206726,US - New York,US,New York,themis
2020-11-05,523107,33687,296663.32292913715,24286.01456407858,43.288213897130575,27.906864475677317,US - New York,US,New York,themis
2020-11-06,526318,33702,296663.342641012,24286.01502233982,43.63420163456086,27.938950144383657,US - New York,US,New York,themis
2020-11-07,530218,33715,296663.36233238596,24286.015478792688,44.048794584041666,27.96673445412224,US - New York,US,New York,themis
2020-11-08,533797,33735,296663.38200328045,24286.015933478804,44.42393231822576,28.009438466047715,US - New York,US,New York,themis
2020-11-09,537243,33755,296663.4016537167,24286.016386436902,44.780406323820564,28.052091878427188,US - New York,US,New York,themis
2020-11-10,541200,33771,296663.421283716,24286.016837702347,45.18414240877384,28.086177970144956,US - New York,US,New York,themis
2020-11-11,545453,33794,296663.4408932995,24286.01728730546,45.611548402282224,28.135120769055273,US - New York,US,New York,themis
2020-11-12,550678,33808,296663.4604824886,24286.017735274087,46.127598981167104,28.16487891838001,US - New York,US,New York,themis
2020-11-13,556344,33827,296663.4800513044,24286.018181634627,46.67625065583445,28.205226057189147,US - New York,US,New York,themis
2020-11-14,561921,33844,296663.499599768,24286.018626412042,47.20547913322905,28.241287594811364,US - New York,US,New York,themis
2020-11-15,566113,33866,296663.5191279007,24286.019069629023,47.59641288437101,28.28790211531027,US - New York,US,New York,themis
2020-11-16,570323,33889,296663.5386357235,24286.019511305498,47.98324131488235,28.336570830341714,US - New York,US,New York,themis
2020-11-17,574935,33985,296663.55812325765,24286.01995146051,48.40050473127263,28.53900264392965,US - New York,US,New York,themis
2020-11-18,579811,34016,296663.57759052416,24286.020390112433,48.83443439491072,28.604126322576334,US - New York,US,New York,themis
2020-11-19,585635,34044,296663.5970375441,24286.020827278964,49.3432603861545,28.662845648927966,US - New York,US,New York,themis
2020-11-20,591368,34082,296663.61646433856,24286.021262976206,49.8343474005461,28.74238230451204,US - New York,US,New York,themis
2020-11-21,597680,34126,296663.6358709285,24286.02169721875,50.364135344845316,28.83425629368003,US - New York,US,New York,themis
2020-11-22,603360,34150,296663.655257335,24286.022130020887,50.831401608105445,28.884269018972514,US - New York,US,New York,themis
2020-11-23,609797,34177,296663.6746235789,24286.02256139664,51.350420775507445,28.94044953800322,US - New York,US,New York,themis
2020-11-24,614679,34200,296663.69396968134,24286.02299135977,51.73680994963529,28.9882368673691,US - New York,US,New York,themis
2020-11-25,620712,34226,296663.7132956632,24286.02341992294,52.205900112183556,29.042180155662535,US - New York,US,New York,themis
2020-11-26,628024,34282,296663.7326015453,24286.02384709781,52.76235739373889,29.158089238965605,US - New York,US,New York,themis
2020-11-27,636302,34320,296663.75188734866,24286.02427289596,53.37689463692576,29.236526011375407,US - New York,US,New York,themis
2020-11-28,643163,34358,296663.7711530941,24286.024697328932,53.87424787291961,29.314789285380606,US - New York,US,New York,themis
2020-11-29,648641,34406,296663.79039880243,24286.02512040824,54.2637930074105,29.413401382293085,US - New York,US,New York,themis
2020-11-30,656413,34454,296663.8096244945,24286.025542144762,54.805311652192366,29.511738717870895,US - New York,US,New York,themis
2020-12-01,663500,34513,296663.82883019117,24286.025962548414,55.28804388391995,29.632237236553145,US - New York,US,New York,themis
2020-12-02,671635,34573,296663.84801591316,24286.026381629097,55.8296026836134,29.7543563427267,US - New York,US,New York,themis
2020-12-03,681783,34635,296663.86718168133,24286.02679939681,56.487054212017405,29.880101633039384,US - New York,US,New York,themis
2020-12-04,693629,34693,296663.8863275163,24286.027215861624,57.23017833344392,29.997327369032302,US - New York,US,New York,themis
2020-12-05,704683,34763,296663.9054534389,24286.02763103349,57.90108382727568,30.138286019522226,US - New York,US,New York,themis
2020-12-06,714834,34824,296663.92455946974,24286.02804492134,58.498906800813934,30.260659186419314,US - New York,US,New York,themis
2020-12-07,723287,34904,296663.94364562957,24286.028457533906,58.983924272711995,30.42050063736561,US - New York,US,New York,themis
2020-12-08,731722,34994,296663.962711939,24286.028868880065,59.45673866414582,30.599448851574373,US - New York,US,New York,themis
2020-12-09,740980,35062,296663.98175841867,24286.02927896884,59.96329431854859,30.734044609637674,US - New York,US,New York,themis
2020-12-10,752104,35149,296664.0007850892,24286.029687809398,60.55545499224985,30.9054889532863,US - New York,US,New York,themis
2020-12-11,763228,35247,296664.01979197125,24286.030095410366,61.13035425954351,31.09759668791566,US - New York,US,New York,themis
2020-12-12,774228,35335,296664.03877908527,24286.030501779725,61.68260011532969,31.269193429235248,US - New York,US,New York,themis
2020-12-13,784815,35453,296664.0577464519,24286.030906925578,62.19949188707506,31.49795248095908,US - New York,US,New York,themis
2020-12-14,794953,35529,296664.07669409155,24286.031310856157,62.68155769031735,31.644483912138938,US - New York,US,New York,themis
2020-12-15,803917,35653,296664.0956220249,24286.031713579807,63.09767107524472,31.88222109337277,US - New York,US,New York,themis
2020-09-15,448213,32873,389698.6860465932,10.0,13.055023828716886,99.96957989839686,US - New York,US,New York,sir
2020-09-16,448897,32877,389698.6860487792,10.0,13.187504917881125,99.96958359947683,US - New York,US,New York,sir
2020-09-17,449922,32904,389698.68605081434,10.0,13.385278770361452,99.96960855823001,US - New York,US,New York,sir
2020-09-18,450753,32919,389698.6860527092,10.0,13.544960088405583,99.96962240651295,US - New York,US,New York,sir
2020-09-19,451655,32915,389698.68605447345,10.0,13.717619409843032,99.96961871487164,US - New York,US,New York,sir
2020-09-20,452507,32921,389698.68605611625,10.0,13.880075654936554,99.9696242519972,US - New York,US,New York,sir
2020-09-21,453142,32993,389698.68605764577,10.0,14.000757807123204,99.96969054041767,US - New York,US,New York,sir
2020-09-22,453730,33097,389698.68605906976,10.0,14.112206365223864,99.96978578118862,US - New York,US,New York,sir
2020-09-23,454299,33098,389698.6860603955,10.0,14.219779030903545,99.96978669406006,US - New York,US,New York,sir
2020-09-24,455400,33103,389698.68606162985,10.0,14.427165994372013,99.96979125758995,US - New York,US,New York,sir
2020-09-25,456400,33117,389698.6860627792,10.0,14.614661248295526,99.96980402814265,US - New York,US,New York,sir
2020-09-26,457573,33120,389698.68606384937,10.0,14.833548731273618,99.96980676328504,US - New York,US,New York,sir
2020-09-27,458605,33127,389698.68606484577,10.0,15.025199013345741,99.96981314335738,US - New York,US,New York,sir
2020-09-28,459574,33136,389698.68606577336,10.0,15.204366203098225,99.96982134234669,US - New York,US,New York,sir
2020-09-29,460553,33144,389698.686066637,10.0,15.384616739737448,99.96982862659908,US - New York,US,New York,sir
2020-09-30,461537,33158,389698.68606744113,10.0,15.565017307942563,99.96984136558297,US - New York,US,New York,sir
2020-10-01,462861,33166,389698.68606818985,10.0,15.806541041870053,99.96984864017368,US - New York,US,New York,sir
2020-10-02,464620,33204,389698.686068887,10.0,16.125288177674875,99.96988314660884,US - New York,US,New York,sir
2020-10-03,466307,33207,389698.6860695361,10.0,16.428729127048044,99.9698858674376,US - New York,US,New York,sir
2020-10-04,467693,33221,389698.6860701404,10.0,16.676391121923913,99.96989855814094,US - New York,US,New York,sir
2020-10-05,468840,33234,389698.686070703,10.0,16.880239298971283,99.96991033279173,US - New York,US,New York,sir
2020-10-06,469989,33241,389698.68607122684,10.0,17.083445342076764,99.96991666917361,US - New York,US,New York,sir
2020-10-07,471207,33253,389698.68607171456,10.0,17.297772301405846,99.96992752533606,US - New York,US,New York,sir
2020-10-08,473285,33261,389698.6860721687,10.0,17.660883807395397,99.96993475842578,US - New York,US,New York,sir
2020-10-09,474894,33291,389698.6860725916,10.0,17.93985898482786,99.96996185155147,US - New York,US,New York,sir
2020-10-10,476397,33296,389698.68607298523,10.0,18.198753125442597,99.9699663623258,US - New York,US,New York,sir
2020-10-11,477671,33299,389698.6860733517,10.0,18.41692586040356,99.96996906814019,US - New York,US,New York,sir
2020-10-12,478925,33312,389698.686073693,10.0,18.630540048297128,99.96998078770413,US - New York,US,New York,sir
2020-10-13,480129,33320,389698.6860740107,10.0,18.83458693934116,99.96998799519808,US - New York,US,New York,sir
2020-10-14,481227,33330,389698.68607430655,10.0,19.019779423368483,99.96999699969997,US - New York,US,New York,sir
2020-10-15,482765,33353,389698.686074582,10.0,19.27776742833843,99.97001768956316,US - New York,US,New York,sir
2020-10-16,484512,33362,389698.68607483845,10.0,19.56882676283798,99.97002577783107,US - New York,US,New York,sir
2020-10-17,486207,33376,389698.6860750772,10.0,19.84922346344721,99.97003835091084,US - New York,US,New York,sir
2020-10-18,487719,33389,389698.6860752995,10.0,20.097702555098426,99.97005001647248,US - New York,US,New York,sir
2020-10-19,488928,33405,389698.6860755065,10.0,20.295281498399255,99.97006436162252,US - New York,US,New York,sir
2020-10-20,490166,33412,389698.6860756992,10.0,20.496589711302043,99.9700706333054,US - New York,US,New York,sir
2020-10-21,491882,33420,389698.6860758787,10.0,20.77394861452977,99.9700777977259,US - New York,US,New York,sir
2020-10-22,493774,33443,389698.68607604573,10.0,21.077520064635696,99.97009837634184,US - New York,US,New York,sir
2020-10-23,495608,33454,389698.68607620127,10.0,21.369573115001923,99.970108208286,US - New York,US,New York,sir
2020-10-24,497732,33463,389698.6860763461,10.0,21.70511719633335,99.97011624779607,US - New York,US,New York,sir
2020-10-25,499652,33471,389698.68607648095,10.0,22.005978946050263,99.97012339039766,US - New York,US,New York,sir
2020-10-26,501197,33479,389698.6860766065,10.0,22.246404891368762,99.97013052958572,US - New York,US,New York,sir
2020-10-27,502978,33495,389698.6860767234,10.0,22.52172340008442,99.97014479773101,US - New York,US,New York,sir
2020-10-28,504689,33505,389698.68607683224,10.0,22.784390768011146,99.97015370840174,US - New York,US,New York,sir
2020-10-29,507040,33524,389698.6860769336,10.0,23.142417545571636,99.97017062403054,US - New York,US,New York,sir
2020-10-30,509368,33553,389698.6860770279,10.0,23.49368510055051,99.97019640568652,US - New York,US,New York,sir
2020-10-31,511761,33559,389698.68607711577,10.0,23.85142946079991,99.97020173425906,US - New York,US,New York,sir
2020-11-01,513883,33582,389698.68607719755,10.0,24.165873150659284,99.9702221428146,US - New York,US,New York,sir
2020-11-02,515753,33593,389698.6860772737,10.0,24.44082999473126,99.97023189354925,US - New York,US,New York,sir
2020-11-03,517822,33603,389698.6860773446,10.0,24.742732816036288,99.97024075231377,US - New York,US,New York,sir
2020-11-04,519890,33623,389698.6860774106,10.0,25.042088503835313,99.97025845403445,US - New York,US,New York,sir
2020-11-05,523107,33687,389698.68607747206,10.0,25.503064176646067,99.97031495829252,US - New York,US,New York,sir
2020-11-06,526318,33702,389698.6860775293,10.0,25.95756062351482,99.97032817043498,US - New York,US,New York,sir
2020-11-07,530218,33715,389698.6860775826,10.0,26.50217720304052,99.9703396114489,US - New York,US,New York,sir
2020-11-08,533797,33735,389698.6860776322,10.0,26.994965112649155,99.97035719579073,US - New York,US,New York,sir
2020-11-09,537243,33755,389698.6860776784,10.0,27.46323617475176,99.97037475929493,US - New York,US,New York,sir
2020-11-10,541200,33771,389698.68607772136,10.0,27.99359089472998,99.97038879512007,US - New York,US,New York,sir
2020-11-11,545453,33794,389698.6860777614,10.0,28.555038458352705,99.97040894833403,US - New York,US,New York,sir
2020-11-12,550678,33808,389698.6860777987,10.0,29.23292993767706,99.97042120208235,US - New York,US,New York,sir
2020-11-13,556344,33827,389698.6860778334,10.0,29.953646291173552,99.97043781594584,US - New York,US,New York,sir
2020-11-14,561921,33844,389698.6860778657,10.0,30.648848133836303,99.9704526651696,US - New York,US,New York,sir
2020-11-15,566113,33866,389698.6860778958,10.0,31.16238523441507,99.97047185968228,US - New York,US,New York,sir
2020-11-16,570323,33889,389698.6860779238,10.0,31.6705294933005,99.97049190002656,US - New York,US,New York,sir
2020-11-17,574935,33985,389698.6860779499,10.0,32.21865322550377,99.97057525378844,US - New York,US,New York,sir
2020-11-18,579811,34016,389698.68607797415,10.0,32.78866974273097,99.9706020696143,US - New York,US,New York,sir
2020-11-19,585635,34044,389698.6860779968,10.0,33.457070346205946,99.97062624838445,US - New York,US,New York,sir
2020-11-20,591368,34082,389698.68607801787,10.0,34.10216885627598,99.97065899888504,US - New York,US,New York,sir
2020-11-21,597680,34126,389698.6860780374,10.0,34.798104992966564,99.97069682939694,US - New York,US,New York,sir
2020-11-22,603360,34150,389698.6860780557,10.0,35.41191227823261,99.97071742313324,US - New York,US,New York,sir
2020-11-23,609797,34177,389698.6860780727,10.0,36.09370231764461,99.97074055651461,US - New York,US,New York,sir
2020-11-24,614679,34200,389698.68607808853,10.0,36.60126894231159,99.97076023391813,US - New York,US,New York,sir
2020-11-25,620712,34226,389698.68607810326,10.0,37.217471858429796,99.97078244609361,US - New York,US,New York,sir
2020-11-26,628024,34282,389698.68607811694,10.0,37.948440493019866,99.97083017326877,US - New York,US,New York,sir
2020-11-27,636302,34320,389698.68607812974,10.0,38.75570309725103,99.97086247086247,US - New York,US,New York,sir
2020-11-28,643163,34358,389698.6860781416,10.0,39.40903222384658,99.9708946970138,US - New York,US,New York,sir
2020-11-29,648641,34406,389698.6860781527,10.0,39.92074412839264,99.97093530198221,US - New York,US,New York,sir
2020-11-30,656413,34454,389698.686078163,10.0,40.63208893209565,99.97097579381204,US - New York,US,New York,sir
2020-12-01,663500,34513,389698.6860781726,10.0,41.26621159334249,99.9710254107148,US - New York,US,New York,sir
2020-12-02,671635,34573,389698.68607818155,10.0,41.97760895751687,99.97107569490643,US - New York,US,New York,sir
2020-12-03,681783,34635,389698.6860781899,10.0,42.8412433166873,99.9711274722102,US - New York,US,New York,sir
2020-12-04,693629,34693,389698.6860781976,10.0,43.81741736891082,99.97117574150406,US - New York,US,New York,sir
2020-12-05,704683,34763,389698.68607820483,10.0,44.69872466368497,99.9712337830452,US - New York,US,New York,sir
2020-12-06,714834,34824,389698.6860782115,10.0,45.48403040730973,99.97128417183552,US - New York,US,New York,sir
2020-12-07,723287,34904,389698.68607821775,10.0,46.121154385711655,99.97134998854,US - New York,US,New York,sir
2020-12-08,731722,34994,389698.6860782236,10.0,46.74224827486073,99.97142367262958,US - New York,US,New York,sir
2020-12-09,740980,35062,389698.686078229,10.0,47.407664703739776,99.97147909417603,US - New York,US,New York,sir
2020-12-10,752104,35149,389698.68607823405,10.0,48.1855320436756,99.97154968846908,US - New York,US,New York,sir
2020-12-11,763228,35247,389698.6860782387,10.0,48.94072464869754,99.97162879110279,US - New York,US,New York,sir
2020-12-12,774228,35335,389698.68607824313,10.0,49.66615957079269,99.97169944813923,US - New York,US,New York,sir
2020-12-13,784815,35453,389698.6860782472,10.0,50.34515317899796,99.97179364228698,US - New York,US,New York,sir
2020-12-14,794953,35529,389698.686078251,10.0,50.9783992162743,99.97185397844015,US - New York,US,New York,sir
2020-12-15,803917,35653,389698.68607825454,10.0,51.525009910444176,99.9719518694079,US - New York,US,New York,sir
2020-09-15,448213,32873,389700.8549992971,33989.10586467771,13.054539917562158,3.3952053803355615,US - New York,US,New York,seir
2020-09-16,448897,32877,389700.8549992977,33989.10616569641,13.187021744565522,3.3826266560100025,US - New York,US,New York,seir
2020-09-17,449922,32904,389700.8549992982,33989.10643803363,13.384796698250327,3.2977949125748607,US - New York,US,New York,seir
2020-09-18,450753,32919,389700.8549992985,33989.106684388156,13.54447890545409,3.2507265846111864,US - New York,US,New York,seir
2020-09-19,451655,32915,389700.85499929887,33989.106907242225,13.717139188252345,3.2632748207267968,US - New York,US,New York,seir
2020-09-20,452507,32921,389700.8549992991,33989.10710886321,13.879596337891103,3.2444552378822293,US - New York,US,New York,seir
2020-09-21,453142,32993,389700.85499929934,33989.10729129115,14.00027916209503,3.0191473685058883,US - New York,US,New York,seir
2020-09-22,453730,33097,389700.8549992995,33989.10745632498,14.1117283407975,2.6954329888659956,US - New York,US,New York,seir
2020-09-23,454299,33098,389700.8549992996,33989.10760561008,14.219301605484578,2.6923306713701107,US - New York,US,New York,seir
2020-09-24,455400,33103,389700.85499929974,33989.10774065795,14.426689723473926,2.6768200485090468,US - New York,US,New York,seir
2020-09-25,456400,33117,389700.85499929986,33989.10786284608,14.614186021187587,2.633414448307763,US - New York,US,New York,seir
2020-09-26,457573,33120,389700.8549992999,33989.10797340124,14.833074722656296,2.624118277177652,US - New York,US,New York,seir
2020-09-27,458605,33127,389700.8549993,33989.10807341057,15.024726071608471,2.6024332822488327,US - New York,US,New York,seir
2020-09-28,459574,33136,389700.85499930003,33989.10816387477,15.203894258748313,2.5745659218818537,US - New York,US,New York,seir
2020-09-29,460553,33144,389700.8549993001,33989.108245712625,15.384145798789694,2.5498076445589697,US - New York,US,New York,seir
2020-09-30,461537,33158,389700.8549993001,33989.10831976073,15.564547371218323,2.5065091976618903,US - New York,US,New York,seir
2020-10-01,462861,33166,389700.85499930015,33989.10838675962,15.806072449547456,2.4817837145257706,US - New York,US,New York,seir
2020-10-02,464620,33204,389700.85499930015,33989.10844736622,16.124821359541098,2.364499600548788,US - New York,US,New York,seir
2020-10-03,466307,33207,389700.8549993002,33989.10850218675,16.428263997902626,2.3552519113040846,US - New York,US,New York,seir
2020-10-04,467693,33221,389700.8549993002,33989.10855177865,16.67592737130977,2.312117491281565,US - New York,US,New York,seir
2020-10-05,468840,33234,389700.8549993002,33989.108596650556,16.879776683026147,2.272096637932708,US - New York,US,New York,seir
2020-10-06,469989,33241,389700.8549993002,33989.10863725395,17.08298385721789,2.2505599628589703,US - New York,US,New York,seir
2020-10-07,471207,33253,389700.8549993002,33989.10867398435,17.297312009520187,2.2136609448300972,US - New York,US,New York,seir
2020-10-08,473285,33261,389700.85499930027,33989.10870720665,17.660425536558254,2.189076417445811,US - New York,US,New York,seir
2020-10-09,474894,33291,389700.85499930027,33989.10873725768,17.93940226675842,2.096989388296177,US - New York,US,New York,seir
2020-10-10,476397,33296,389700.85499930027,33989.108764446246,18.198297848370107,2.081657750018759,US - New York,US,New York,seir
2020-10-11,477671,33299,389700.85499930027,33989.108789051454,18.416471797680774,2.072461001986407,US - New York,US,New York,seir
2020-10-12,478925,33312,389700.85499930027,33989.108811313694,18.630087174547107,2.0326273154229524,US - New York,US,New York,seir
2020-10-13,480129,33320,389700.85499930027,33989.108831449856,18.834135201310424,2.0081297462480663,US - New York,US,New York,seir
2020-10-14,481227,33330,389700.85499930027,33989.10884966144,19.019328716115208,1.9775243014144592,US - New York,US,New York,seir
2020-10-15,482765,33353,389700.85499930027,33989.108866134564,19.277318157012154,1.9072013496074232,US - New York,US,New York,seir
2020-10-16,484512,33362,389700.85499930027,33989.10888104,19.5683791114977,1.8797100924405112,US - New York,US,New York,seir
2020-10-17,486207,33376,389700.85499930027,33989.10889453122,19.848777372744475,1.8369753551390884,US - New York,US,New York,seir
2020-10-18,487719,33389,389700.85499930027,33989.10890673814,20.09725784738748,1.7973251871518763,US - New York,US,New York,seir
2020-10-19,488928,33405,389700.85499930027,33989.10891777861,20.294837890384624,1.748567333568665,US - New York,US,New York,seir
2020-10-20,490166,33412,389700.85499930027,33989.10892776261,20.496147223736394,1.7272504721734967,US - New York,US,New York,seir
2020-10-21,491882,33420,389700.85499930027,33989.1089367922,20.773507670681127,1.7028992722687109,US - New York,US,New York,seir
2020-10-22,493774,33443,389700.85499930027,33989.10894496158,21.077080810390935,1.6329544148598596,US - New York,US,New York,seir
2020-10-23,495608,33454,389700.85499930027,33989.108952356786,21.369135486251174,1.5995365348143307,US - New York,US,New York,seir
2020-10-24,497732,33463,389700.85499930027,33989.10895905087,21.704681435129693,1.572210976454206,US - New York,US,New York,seir
2020-10-25,499652,33471,389700.85499930027,33989.10896510642,22.005544859362065,1.5479339281958042,US - New York,US,New York,seir
2020-10-26,501197,33479,389700.85499930027,33989.10897058203,22.245972142830013,1.5236684804863552,US - New York,US,New York,seir
2020-10-27,502978,33495,389700.85499930027,33989.1089755326,22.521292183892683,1.4751723407451944,US - New York,US,New York,seir
2020-10-28,504689,33505,389700.85499930027,33989.108980009325,22.783961013752972,1.4448857782698852,US - New York,US,New York,seir
2020-10-29,507040,33524,389700.85499930027,33989.10898405967,23.141989783981487,1.387391075228698,US - New York,US,New York,seir
2020-10-30,509368,33553,389700.85499930027,33989.108987727304,23.493259294007423,1.2997615346684481,US - New York,US,New York,seir
2020-10-31,511761,33559,389700.85499930027,33989.10899104882,23.851005645350025,1.2816502012837767,US - New York,US,New York,seir
2020-11-01,513883,33582,389700.85499930027,33989.10899405421,24.16545108530536,1.2122833483836815,US - New York,US,New York,seir
2020-11-02,515753,33593,389700.85499930027,33989.1089967716,24.440409459702558,1.1791414781996352,US - New York,US,New York,seir
2020-11-03,517822,33603,389700.85499930027,33989.10899922762,24.742313961303253,1.149031334189261,US - New York,US,New York,seir
2020-11-04,519890,33623,389700.85499930027,33989.10900144732,25.041671315220476,1.0888647694950568,US - New York,US,New York,seir
2020-11-05,523107,33687,389700.85499930027,33989.10900345426,25.50264955366679,0.8968118367745944,US - New York,US,New York,seir
2020-11-06,526318,33702,389700.85499930027,33989.10900527043,25.957148530109126,0.8519049470964074,US - New York,US,New York,seir
2020-11-07,530218,33715,389700.85499930027,33989.10900691622,26.50176814078355,0.8130179650488403,US - New York,US,New York,seir
2020-11-08,533797,33735,389700.85499930027,33989.10900840791,26.994558793080465,0.7532503584049547,US - New York,US,New York,seir
2020-11-09,537243,33755,389700.85499930027,33989.10900975816,27.462832461418714,0.6935535765313637,US - New York,US,New York,seir
2020-11-10,541200,33771,389700.85499930027,33989.10901097899,27.993190133166983,0.6458470610256951,US - New York,US,New York,seir
2020-11-11,545453,33794,389700.85499930027,33989.1090120819,28.55464082161061,0.5773480857013049,US - New York,US,New York,seir
2020-11-12,550678,33808,389700.85499930027,33989.10901307788,29.23253607383984,0.5356986898896208,US - New York,US,New York,seir
2020-11-13,556344,33827,389700.85499930027,33989.1090139774,29.953256438588305,0.4792296508038027,US - New York,US,New York,seir
2020-11-14,561921,33844,389700.85499930027,33989.10901479043,30.648462150497974,0.42875846469221257,US - New York,US,New York,seir
2020-11-15,566113,33866,389700.85499930027,33989.10901552642,31.162002109243158,0.3635180284840765,US - New York,US,New York,seir
2020-11-16,570323,33889,389700.85499930027,33989.10901619424,31.670149196279958,0.2954026858102662,US - New York,US,New York,seir
2020-11-17,574935,33985,389700.85499930027,33989.10901680071,32.218275979145425,0.012090677653984819,US - New York,US,New York,seir
2020-11-18,579811,34016,389700.85499930027,33989.10901735034,32.78829566888171,0.07905392359377982,US - New York,US,New York,seir
2020-11-19,585635,34044,389700.85499930027,33989.10901784753,33.45669999243552,0.16123540756806526,US - New York,US,New York,seir
2020-11-20,591368,34082,389700.85499930027,33989.109018296556,34.10180209289304,0.27255143977302887,US - New York,US,New York,seir
2020-11-21,597680,34126,389700.85499930027,33989.10901870161,34.79774210291456,0.4011339779006948,US - New York,US,New York,seir
2020-11-22,603360,34150,389700.85499930027,33989.10901906675,35.41155280441192,0.47113025163469163,US - New York,US,New York,seir
2020-11-23,609797,34177,389700.85499930027,33989.10901939594,36.093346638422254,0.5497585528398077,US - New York,US,New York,seir
2020-11-24,614679,34200,389700.85499930027,33989.10901969304,36.60091608802314,0.6166402932952102,US - New York,US,New York,seir
2020-11-25,620712,34226,389700.85499930027,33989.1090199618,37.21712243370512,0.6921374979203019,US - New York,US,New York,seir
2020-11-26,628024,34282,389700.85499930027,33989.109020205855,37.948095136603015,0.8543579131735171,US - New York,US,New York,seir
2020-11-27,636302,34320,389700.85499930027,33989.109020428514,38.75536223376631,0.964134555860974,US - New York,US,New York,seir
2020-11-28,643163,34358,389700.85499930027,33989.10902063127,39.408694996556044,1.0736683723404365,US - New York,US,New York,seir
2020-11-29,648641,34406,389700.85499930027,33989.10902081528,39.92040974910617,1.2116810416343609,US - New York,US,New York,seir
2020-11-30,656413,34454,389700.85499930027,33989.10902098178,40.63175851189719,1.3493091629947827,US - New York,US,New York,seir
2020-12-01,663500,34513,389700.85499930027,33989.10902113199,41.26588470244156,1.5179525942920358,US - New York,US,New York,seir
2020-12-02,671635,34573,389700.85499930027,33989.109021267184,41.97728602599622,1.6888640810251228,US - New York,US,New York,seir
2020-12-03,681783,34635,389700.85499930027,33989.10902138863,42.84092519184253,1.8648505229143142,US - New York,US,New York,seir
2020-12-04,693629,34693,389700.85499930027,33989.1090214976,43.81710467709679,2.028913551732052,US - New York,US,New York,seir
2020-12-05,704683,34763,389700.85499930027,33989.109021595395,44.698416876907736,2.2261915784155697,US - New York,US,New York,seir
2020-12-06,714834,34824,389700.85499930027,33989.10902168335,45.48372699125947,2.397458586941916,US - New York,US,New York,seir
2020-12-07,723287,34904,389700.85499930027,33989.10902176277,46.12085451566249,2.62116370111514,US - New York,US,New York,seir
2020-12-08,731722,34994,389700.85499930027,33989.10902183501,46.74195186159494,2.87160935636107,US - New York,US,New York,seir
2020-12-09,740980,35062,389700.85499930027,33989.10902190143,47.40737199394042,3.0599822545735282,US - New York,US,New York,seir
2020-12-10,752104,35149,389700.85499930027,33989.1090219624,48.18524366320346,3.2999259667063017,US - New York,US,New York,seir
2020-12-11,763228,35247,389700.85499930027,33989.10902201757,48.94044047135322,3.568788770625675,US - New York,US,New York,seir
2020-12-12,774228,35335,389700.85499930027,33989.10902206747,49.665879430955705,3.808945741991038,US - New York,US,New York,seir
2020-12-13,784815,35453,389700.85499930027,33989.1090221126,50.34487681819279,4.1291032575167135,US - New York,US,New York,seir
2020-12-14,794953,35529,389700.85499930027,33989.109022153425,50.97812637988658,4.334180466229207,US - New York,US,New York,seir
2020-12-15,803917,35653,389700.85499930027,33989.10902219036,51.52474011629307,4.666903143661521,US - New York,US,New York,seir
2020-09-15,448213,32873,5854241.933223834,1323303.7458034577,1206.1294369471289,3925.5034399156075,US - New York,US,New York,seird
2020-09-16,448897,32877,5909619.790737426,1336381.9913350572,1216.4756705296372,3964.792990038803,US - New York,US,New York,seird
2020-09-17,449922,32904,5963925.3940699445,1349217.8720811657,1225.5465156338087,4000.467639439478,US - New York,US,New York,seird
2020-09-18,450753,32919,6017153.105398695,1361809.4694150533,1234.911382819126,4036.8494468697504,US - New York,US,New York,seird
2020-09-19,451655,32915,6069299.938838133,1374154.4815598147,1243.791154495828,4074.857911468372,US - New York,US,New York,seird
2020-09-20,452507,32921,6120363.028901508,1386252.3533978907,1252.5454918711773,4110.845215509525,US - New York,US,New York,seird
2020-09-21,453142,32993,6170341.385685094,1398102.6635242477,1261.6794262472015,4137.5736172044,US - New York,US,New York,seird
2020-09-22,453730,33097,6219236.715753141,1409704.338024386,1270.691097294237,4159.311532841,US - New York,US,New York,seird
2020-09-23,454299,33098,6267051.180627473,1421057.5454588975,1279.4992242174146,4193.48463792041,US - New York,US,New York,seird
2020-09-24,455400,33103,6313787.879973464,1432163.1829199,1286.4268511140676,4226.384868198955,US - New York,US,New York,seird
2020-09-25,456400,33117,6359452.404928931,1443021.4215239882,1293.394479607566,4257.343423389764,US - New York,US,New York,seird
2020-09-26,457573,33120,6404051.311092735,1453632.9940822935,1299.5693170472766,4288.988508702577,US - New York,US,New York,seird
2020-09-27,458605,33127,6447591.285907382,1463999.8392986003,1305.9138661609406,4319.3553273722355,US - New York,US,New York,seird
2020-09-28,459574,33136,6490081.097260219,1474123.2771303072,1312.195010435799,4348.706171928739,US - New York,US,New York,seird
2020-09-29,460553,33144,6531530.884717535,1484004.5865835329,1318.1931036639726,4377.445651048554,US - New York,US,New York,seird
2020-09-30,461537,33158,6571950.437114123,1493646.4457597618,1323.9271038105555,4404.633710597026,US - New York,US,New York,seird
2020-10-01,462861,33166,6611351.092546013,1503051.1437664183,1328.3664194101498,4431.903587307538,US - New York,US,New York,seird
2020-10-02,464620,33204,6649745.692969935,1512220.566285364,1331.2224383302344,4454.332508990977,US - New York,US,New York,seird
2020-10-03,466307,33207,6687146.694193025,1521157.8063074306,1334.065260481405,4480.83478274891,US - New York,US,New York,seird
2020-10-04,467693,33221,6723567.418585541,1529865.9526713765,1337.6027476540253,4505.117102650061,US - New York,US,New York,seird
2020-10-05,468840,33234,6759022.627319799,1538347.514173454,1341.648030739655,4528.836475216506,US - New York,US,New York,seird
2020-10-06,469989,33241,6793526.9620864345,1546605.759632593,1345.4650985632502,4552.705272502611,US - New York,US,New York,seird
2020-10-07,471207,33253,6827095.2190612955,1554644.389306335,1348.852673890943,4575.200400885138,US - New York,US,New York,seird
2020-10-08,473285,33261,6859743.42138488,1562466.499754314,1349.3895689457472,4597.593276673323,US - New York,US,New York,seird
2020-10-09,474894,33291,6891487.8572692815,1570075.4095164638,1351.163387465262,4616.215822644149,US - New York,US,New York,seird
2020-10-10,476397,33296,6922344.386603336,1577475.2131066055,1353.0621281417255,4637.731899046748,US - New York,US,New York,seird
2020-10-11,477671,33299,6952329.773812511,1584669.5064611502,1355.464069163192,4658.910196886243,US - New York,US,New York,seird
2020-10-12,478925,33312,6981461.353908981,1591661.6581983364,1357.735836281042,4678.04292206513,US - New York,US,New York,seird
2020-10-13,480129,33320,7009755.756639407,1598455.9042993672,1359.9734147779882,4697.2866275491215,US - New York,US,New York,seird
2020-10-14,481227,33330,7037230.092520202,1605056.2123387903,1362.3514666716958,4715.650202036574,US - New York,US,New York,seird
2020-10-15,482765,33353,7063902.11276868,1611466.1031976352,1363.2175308418548,4731.5476964519985,US - New York,US,New York,seird
2020-10-16,484512,33362,7089789.021406498,1617689.688773504,1363.2845051116376,4748.899013169186,US - New York,US,New York,seird
2020-10-17,486207,33376,7114907.947611991,1623731.1897411225,1363.3495502146188,4764.966412215731,US - New York,US,New York,seird
2020-10-18,487719,33389,7139276.574921128,1629594.3268331292,1363.809401503966,4780.6323245174435,US - New York,US,New York,seird
2020-10-19,488928,33405,7162912.410105922,1635282.9628342087,1365.023972876563,4795.323942027268,US - New York,US,New York,seird
2020-10-20,490166,33412,7185832.390183349,1640801.4165240228,1365.9997613427593,4810.81472681678,US - New York,US,New York,seird
2020-10-21,491882,33420,7208053.807199967,1646153.5835313476,1365.4030452832117,4825.654050063877,US - New York,US,New York,seird
2020-10-22,493774,33443,7229594.0947353,1651343.1172282049,1364.1504199766086,4837.784042185823,US - New York,US,New York,seird
2020-10-23,495608,33454,7250469.917875964,1656374.225751284,1362.9444879574107,4851.199335658767,US - New York,US,New York,seird
2020-10-24,497732,33463,7270697.983472835,1661250.901585445,1360.765629590389,4864.44102915293,US - New York,US,New York,seird
2020-10-25,499652,33471,7290295.217439682,1665976.7453668772,1359.0745593812658,4877.373682790706,US - New York,US,New York,seird
2020-10-26,501197,33479,7309278.012874788,1670555.6353740292,1358.3642784922472,4889.861212622925,US - New York,US,New York,seird
2020-10-27,502978,33495,7327662.35925699,1674991.5823497106,1356.855440845721,4900.721248991524,US - New York,US,New York,seird
2020-10-28,504689,33505,7345464.396921876,1679288.2079795536,1355.4437281022324,4912.052553289222,US - New York,US,New York,seird
2020-10-29,507040,33524,7362700.105742361,1683449.02317733,1352.0945301637664,4921.623383776787,US - New York,US,New York,seird
2020-10-30,509368,33553,7379384.744412269,1687477.9200878446,1348.7334784305785,4929.290734324336,US - New York,US,New York,seird
2020-10-31,511761,33559,7395533.5567189455,1691378.5127370856,1345.1147228333043,4940.014639104519,US - New York,US,New York,seird
2020-11-01,513883,33582,7411161.7964892695,1695154.1107737198,1342.188551964021,4947.805701785837,US - New York,US,New York,seird
2020-11-02,515753,33593,7426284.112547403,1698808.2727349107,1339.891597828302,4957.03055021853,US - New York,US,New York,seird
2020-11-03,517822,33603,7440914.800583101,1702344.561874313,1336.9638216574617,4966.049346410478,US - New York,US,New York,seird
2020-11-04,519890,33623,7455068.160112858,1705766.2176401883,1333.9702937376862,4973.212436844387,US - New York,US,New York,seird
2020-11-05,523107,33687,7468758.230620785,1709076.3958219737,1327.7687415042783,4973.400409125104,US - New York,US,New York,seird
2020-11-06,526318,33702,7481998.404396511,1712278.5123298876,1321.5737262256869,4980.643618568298,US - New York,US,New York,seird
2020-11-07,530218,33715,7494801.974781369,1715375.739516502,1313.532165030491,4987.871094517283,US - New York,US,New York,seird
2020-11-08,533797,33735,7507182.150435384,1718370.9949961754,1306.3739868218413,4993.733496357419,US - New York,US,New York,seird
2020-11-09,537243,33755,7519151.598144848,1721267.3577323847,1299.5811203021442,4999.29597906202,US - New York,US,New York,seird
2020-11-10,541200,33771,7530722.612810165,1724067.9068833175,1291.4860703640363,5005.1728017628075,US - New York,US,New York,seird
2020-11-11,545453,33794,7541907.409767689,1726775.459844,1282.6869427370807,5009.710184778362,US - New York,US,New York,seird
2020-11-12,550678,33808,7552717.971045999,1729392.714760263,1271.5307259498288,5015.335763015449,US - New York,US,New York,seird
2020-11-13,556344,33827,7563165.6918704035,1731922.5708805004,1259.4405065697488,5019.941380791972,US - New York,US,New York,seird
2020-11-14,561921,33844,7573261.799408973,1734367.7487341566,1247.7449320116125,5024.594459089223,US - New York,US,New York,seird
2020-11-15,566113,33866,7583017.404802518,1736730.7481930242,1239.48830088737,5028.242922674731,US - New York,US,New York,seird
2020-11-16,570323,33889,7592443.207219611,1739014.121469179,1231.2532033987075,5031.500255154117,US - New York,US,New York,seird
2020-11-17,574935,33985,7601549.492076277,1741220.472917624,1222.158068664506,5023.497051398041,US - New York,US,New York,seird
2020-11-18,579811,34016,7610346.423280272,1743352.2016511373,1212.5564060151105,5025.094666189844,US - New York,US,New York,seird
2020-11-19,585635,34044,7618843.99131839,1745411.5524458536,1200.9543472159946,5026.928540846709,US - New York,US,New York,seird
2020-11-20,591368,34082,7627051.69967949,1747400.9046025737,1189.7302017828983,5027.049189022281,US - New York,US,New York,seird
2020-11-21,597680,34126,7634978.8093417,1749322.551868327,1177.4358869866314,5026.069717717655,US - New York,US,New York,seird
2020-11-22,603360,34150,7642634.456869302,1751178.6042012023,1166.6790070388,5027.902208495468,US - New York,US,New York,seird
2020-11-23,609797,34177,7650027.523469577,1752971.1109124967,1154.5203606232199,5029.095915125659,US - New York,US,New York,seird
2020-11-24,614679,34200,7657166.45493792,1754702.2264502887,1145.7179202377044,5030.708264474529,US - New York,US,New York,seird
2020-11-25,620712,34226,7664059.545379245,1756373.9605251106,1134.720699032602,5031.6950871416775,US - New York,US,New York,seird
2020-11-26,628024,34282,7670714.953659442,1757988.1694512565,1121.4047478534962,5028.021029844398,US - New York,US,New York,seird
2020-11-27,636302,34320,7677140.510580518,1759546.736603726,1106.5246550506706,5026.884430663537,US - New York,US,New York,seird
2020-11-28,643163,34358,7683343.728473212,1761051.5653710747,1094.6184293053568,5025.593938445412,US - New York,US,New York,seird
2020-11-29,648641,34406,7689331.993507373,1762504.4157816186,1085.4526607950118,5022.665859970989,US - New York,US,New York,seird
2020-11-30,656413,34454,7695112.541402831,1763906.930312341,1072.2974013925427,5019.599844175832,US - New York,US,New York,seird
2020-12-01,663500,34513,7700692.256188456,1765260.8219986344,1060.6167680766325,5014.770729865947,US - New York,US,New York,seird
2020-12-02,671635,34573,7706077.80445915,1766567.756260924,1047.3609630914336,5009.67447505546,US - New York,US,New York,seird
2020-12-03,681783,34635,7711275.734509266,1767829.2714741388,1031.0454696742609,5004.16997682731,US - New York,US,New York,seird
2020-12-04,693629,34693,7716292.4231379805,1769046.8304677852,1012.4523950322118,4999.146313284481,US - New York,US,New York,seird
2020-12-05,704683,34763,7721133.9173963545,1770221.9686938522,995.6889718350457,4992.258920961517,US - New York,US,New York,seird
2020-12-06,714834,34824,7725806.114089679,1771356.1377555577,980.7832467523478,4986.595846989311,US - New York,US,New York,seird
2020-12-07,723287,34904,7730314.796563049,1772450.6800715663,968.7755754718457,4978.073229634329,US - New York,US,New York,seird
2020-12-08,731722,34994,7734665.554240448,1773506.9057942992,957.0497476145924,4968.0313933654315,US - New York,US,New York,seird
2020-12-09,740980,35062,7738863.700170803,1774526.1706082744,944.4092553335856,4961.109379408688,US - New York,US,New York,seird
2020-12-10,752104,35149,7742914.43177006,1775509.7389860207,929.5004988366051,4951.380520031923,US - New York,US,New York,seird
2020-12-11,763228,35247,7746822.83843002,1776458.78242497,915.0076829505757,4940.028321346413,US - New York,US,New York,seird
2020-12-12,774228,35335,7750593.802594661,1777374.473683459,901.073818383559,4930.067846847202,US - New York,US,New York,seird
2020-12-13,784815,35453,7754231.989499569,1778257.9984890607,888.0331020048761,4915.818121143657,US - New York,US,New York,seird
2020-12-14,794953,35529,7757741.966078521,1779110.4576873945,875.8742927039109,4907.488129942848,US - New York,US,New York,seird
2020-12-15,803917,35653,7761128.193002131,1779932.8773946331,865.4141152634079,4892.378979032994,US - New York,US,New York,seird
