country,province,date,day_since100,case_cnt,death_cnt,new_hospitalization,total_hospitalization,new_icu,total_icu,new_recovered,total_recovered,people_vaccinated,people_fully_vaccinated,daily_vaccinations
France,,2020-01-22,-39,0,0,,,,,,,,,
France,,2020-01-23,-38,0,0,,,,,,,,,
France,,2020-01-24,-37,2,0,,,,,,,,,
France,,2020-01-25,-36,3,0,,,,,,,,,
France,,2020-01-26,-35,3,0,,,,,,,,,
France,,2020-01-27,-34,3,0,,,,,,,,,
France,,2020-01-28,-33,4,0,,,,,,,,,
France,,2020-01-29,-32,5,0,,,,,,,,,
France,,2020-01-30,-31,5,0,,,,,,,,,
France,,2020-01-31,-30,5,0,,,,,,,,,
France,,2020-02-01,-29,6,0,,,,,,,,,
France,,2020-02-02,-28,6,0,,,,,,,,,
France,,2020-02-03,-27,6,0,,,,,,,,,
France,,2020-02-04,-26,6,0,,,,,,,,,
France,,2020-02-05,-25,6,0,,,,,,,,,
France,,2020-02-06,-24,6,0,,,,,,,,,
France,,2020-02-07,-23,6,0,,,,,,,,,
France,,2020-02-08,-22,11,0,,,,,,,,,
France,,2020-02-09,-21,11,0,,,,,,,,,
France,,2020-02-10,-20,11,0,,,,,,,,,
France,,2020-02-11,-19,11,0,,,,,,,,,
France,,2020-02-12,-18,11,0,,,,,,,,,
France,,2020-02-13,-17,11,0,,,,,,,,,
France,,2020-02-14,-16,11,0,,,,,,,,,
France,,2020-02-15,-15,12,1,,,,,,,,,
France,,2020-02-16,-14,12,1,,,,,,,,,
France,,2020-02-17,-13,12,1,,,,,,,,,
France,,2020-02-18,-12,12,1,,,,,,,,,
France,,2020-02-19,-11,12,1,,,,,,,,,
France,,2020-02-20,-10,12,1,,,,,,,,,
France,,2020-02-21,-9,12,1,,,,,,,,,
France,,2020-02-22,-8,12,1,,,,,,,,,
France,,2020-02-23,-7,12,1,,,,,,,,,
France,,2020-02-24,-6,12,1,,,,,,,,,
France,,2020-02-25,-5,14,1,,,,,,,,,
France,,2020-02-26,-4,18,2,,,,,,,,,
France,,2020-02-27,-3,38,2,,,,,,,,,
France,,2020-02-28,-2,57,2,,,,,,,,,
France,,2020-02-29,-1,100,2,,,,,,,,,
France,,2020-03-01,0,130,2,,,,,,,,,
France,,2020-03-02,1,191,3,,,,,,,,,
France,,2020-03-03,2,212,4,,,,,,,,,
France,,2020-03-04,3,285,4,,,,,,,,,
France,,2020-03-05,4,423,7,,,,,,,,,
France,,2020-03-06,5,613,9,,,,,,,,,
France,,2020-03-07,6,938,16,,,,,,,,,
France,,2020-03-08,7,1115,19,,,,,,,,,
France,,2020-03-09,8,1401,25,,,,,,,,,
France,,2020-03-10,9,1773,33,,,,,,,,,
France,,2020-03-11,10,2281,48,,,,,,,,,
France,,2020-03-12,11,2281,48,,,,,,,,,
France,,2020-03-13,12,3661,79,,,,,,,,,
France,,2020-03-14,13,4469,91,,,,,,,,,
France,,2020-03-15,14,4499,91,,,,,,,,,
France,,2020-03-16,15,6633,148,,,,,,,,,
France,,2020-03-17,16,7652,148,,,,,,,,,
France,,2020-03-18,17,9043,148,,,,,,,,,
France,,2020-03-19,18,10871,243,2229.0,4073.0,438.0,1002.0,519.0,519.0,,,
France,,2020-03-20,19,12612,450,1256.0,5226.0,242.0,1297.0,317.0,836.0,,,
France,,2020-03-21,20,14282,562,1540.0,5900.0,298.0,1453.0,368.0,1204.0,,,
France,,2020-03-22,21,16533,674,1534.0,6954.0,309.0,1674.0,315.0,1519.0,,,
France,,2020-03-23,22,19856,860,2053.0,8673.0,448.0,2080.0,377.0,1896.0,,,
France,,2020-03-24,23,22054,1100,2618.0,10163.0,571.0,2503.0,743.0,2639.0,,,
France,,2020-03-25,24,24967,1331,3166.0,12072.0,607.0,2935.0,834.0,3473.0,,,
France,,2020-03-26,25,28856,1695,3097.0,13879.0,612.0,3351.0,888.0,4361.0,,,
France,,2020-03-27,26,32609,1994,3059.0,15701.0,608.0,3758.0,814.0,5175.0,,,
France,,2020-03-28,27,37162,2311,3353.0,17580.0,695.0,4236.0,969.0,6144.0,,,
France,,2020-03-29,28,39761,2603,2685.0,19311.0,543.0,4592.0,543.0,6687.0,,,
France,,2020-03-30,29,44029,3020,3108.0,20946.0,694.0,5056.0,861.0,7548.0,,,
France,,2020-03-31,30,51579,3517,4146.0,22672.0,767.0,5496.0,1589.0,9137.0,,,
France,,2020-04-01,31,56362,4767,4281.0,24543.0,771.0,5940.0,1647.0,10784.0,,,
France,,2020-04-02,32,58404,5376,3845.0,26131.0,728.0,6305.0,1577.0,12361.0,,,
France,,2020-04-03,33,63588,6496,3627.0,27302.0,640.0,6556.0,1655.0,14016.0,,,
France,,2020-04-04,34,46483,7548,2822.0,28003.0,502.0,6723.0,1495.0,15511.0,,,
France,,2020-04-05,35,47299,8066,1931.0,28747.0,390.0,6859.0,773.0,16284.0,,,
France,,2020-04-06,36,49934,8899,2754.0,29569.0,478.0,6948.0,1133.0,17417.0,,,
France,,2020-04-07,37,46400,10315,3277.0,29871.0,518.0,7004.0,2161.0,19578.0,,,
France,,2020-04-08,38,50242,10856,3139.0,30217.0,482.0,7019.0,2022.0,21600.0,,,
France,,2020-04-09,39,54003,12196,2990.0,30608.0,369.0,6937.0,2032.0,23632.0,,,
France,,2020-04-10,40,55538,13181,3161.0,31108.0,431.0,6875.0,1967.0,25599.0,,,
France,,2020-04-11,41,56972,13816,2044.0,31159.0,255.0,6752.0,1527.0,27126.0,,,
France,,2020-04-12,42,107712,14377,1688.0,31665.0,220.0,6714.0,825.0,27951.0,,,
France,,2020-04-13,43,110836,14950,1257.0,31952.0,227.0,6690.0,551.0,28502.0,,,
France,,2020-04-14,44,128272,15693,1965.0,32131.0,275.0,6599.0,1125.0,29627.0,,,
France,,2020-04-15,45,131476,17129,2415.0,31623.0,284.0,6331.0,2224.0,31851.0,,,
France,,2020-04-16,46,144035,17882,2084.0,31172.0,270.0,6139.0,1925.0,33776.0,,,
France,,2020-04-17,47,145896,18642,2166.0,31061.0,242.0,5922.0,1720.0,35496.0,,,
France,,2020-04-18,48,149683,19283,1565.0,30515.0,206.0,5733.0,1605.0,37101.0,,,
France,,2020-04-19,49,150752,19668,890.0,30486.0,137.0,5644.0,622.0,37723.0,,,
France,,2020-04-20,50,153197,20214,1464.0,30462.0,208.0,5584.0,933.0,38656.0,,,
France,,2020-04-21,51,155821,20736,1885.0,29984.0,190.0,5334.0,1875.0,40531.0,,,
France,,2020-04-22,52,157603,21280,1619.0,29627.0,183.0,5127.0,1587.0,42118.0,,,
France,,2020-04-23,53,155881,21796,1410.0,29113.0,178.0,4967.0,1531.0,43649.0,,,
France,,2020-04-24,54,158653,22185,1346.0,28554.0,155.0,4785.0,1464.0,45113.0,,,
France,,2020-04-25,55,160295,22554,999.0,28119.0,124.0,4641.0,1166.0,46279.0,,,
France,,2020-04-26,56,160907,22796,481.0,28114.0,79.0,4598.0,318.0,46597.0,,,
France,,2020-04-27,57,164592,23233,964.0,27954.0,125.0,4526.0,736.0,47333.0,,,
France,,2020-04-28,58,167650,23600,1321.0,27607.0,153.0,4392.0,1491.0,48824.0,,,
France,,2020-04-29,59,166193,24026,1070.0,26736.0,110.0,4128.0,1430.0,50254.0,,,
France,,2020-04-30,60,167326,24315,1048.0,26192.0,121.0,3947.0,1327.0,51581.0,,,
France,,2020-05-01,61,167846,24532,668.0,25809.0,73.0,3819.0,862.0,52443.0,,,
France,,2020-05-02,62,168637,24729,453.0,25751.0,64.0,3770.0,381.0,52824.0,,,
France,,2020-05-03,63,168887,24862,345.0,25739.0,80.0,3762.0,245.0,53069.0,,,
France,,2020-05-04,64,169405,25168,689.0,25472.0,84.0,3639.0,619.0,53688.0,,,
France,,2020-05-05,65,170467,25498,987.0,24701.0,111.0,3375.0,1435.0,55123.0,,,
France,,2020-05-06,66,174596,25772,833.0,23912.0,69.0,3095.0,1298.0,56421.0,,,
France,,2020-05-07,67,175218,25950,728.0,23139.0,99.0,2911.0,1291.0,57712.0,,,
France,,2020-05-08,68,175743,26192,510.0,22657.0,89.0,2820.0,817.0,58529.0,,,
France,,2020-05-09,69,176132,26271,265.0,22547.0,38.0,2764.0,274.0,58803.0,,,
France,,2020-05-10,70,176338,26341,253.0,22502.0,38.0,2728.0,212.0,59015.0,,,
France,,2020-05-11,71,176651,26604,523.0,22219.0,82.0,2666.0,560.0,59575.0,,,
France,,2020-05-12,72,177330,26951,670.0,21530.0,92.0,2496.0,1118.0,60693.0,,,
France,,2020-05-13,73,177790,27034,543.0,21009.0,69.0,2385.0,943.0,61636.0,,,
France,,2020-05-14,74,178353,27383,542.0,20401.0,52.0,2256.0,970.0,62606.0,,,
France,,2020-05-15,75,178837,27485,438.0,19801.0,64.0,2162.0,892.0,63498.0,,,
France,,2020-05-16,76,179140,27581,350.0,19372.0,46.0,2091.0,652.0,64150.0,,,
France,,2020-05-17,77,179250,28064,152.0,19302.0,24.0,2047.0,159.0,64309.0,,,
France,,2020-05-18,78,179650,28193,375.0,18956.0,38.0,1958.0,548.0,64857.0,,,
France,,2020-05-19,79,180143,27976,506.0,18409.0,69.0,1854.0,882.0,65739.0,,,
France,,2020-05-20,80,180499,28085,432.0,17882.0,43.0,1754.0,823.0,66562.0,,,
France,,2020-05-21,81,180752,28167,271.0,17527.0,28.0,1708.0,530.0,67092.0,,,
France,,2020-05-22,82,181444,28315,263.0,17327.0,36.0,1664.0,373.0,67465.0,,,
France,,2020-05-23,83,181969,28401,233.0,17122.0,30.0,1628.0,361.0,67826.0,,,
France,,2020-05-24,84,181410,28319,121.0,17129.0,24.0,1618.0,80.0,67906.0,,,
France,,2020-05-25,85,181684,28408,342.0,16742.0,45.0,1572.0,609.0,68515.0,,,
France,,2020-05-26,86,181880,28545,318.0,16209.0,37.0,1519.0,718.0,69233.0,,,
France,,2020-05-27,87,182018,28546,271.0,15627.0,32.0,1467.0,736.0,69969.0,,,
France,,2020-05-28,88,185300,28612,253.0,15155.0,36.0,1395.0,621.0,70590.0,,,
France,,2020-05-29,89,185842,28663,255.0,14643.0,29.0,1328.0,656.0,71246.0,,,
France,,2020-05-30,90,187608,28720,227.0,14329.0,29.0,1293.0,486.0,71732.0,,,
France,,2020-05-31,91,187817,28751,72.0,14271.0,18.0,1287.0,93.0,71825.0,,,
France,,2020-06-01,92,187986,28780,89.0,14237.0,9.0,1270.0,95.0,71920.0,,,
France,,2020-06-02,93,187265,28886,229.0,13978.0,33.0,1221.0,402.0,72322.0,,,
France,,2020-06-03,94,184015,28967,250.0,13465.0,26.0,1179.0,668.0,72990.0,,,
France,,2020-06-04,95,188286,29011,195.0,13054.0,23.0,1133.0,544.0,73534.0,,,
France,,2020-06-05,96,188808,29056,213.0,12650.0,19.0,1065.0,548.0,74082.0,,,
France,,2020-06-06,97,189330,29087,143.0,12433.0,15.0,1030.0,309.0,74391.0,,,
France,,2020-06-07,98,189621,29100,37.0,12415.0,4.0,1024.0,39.0,74430.0,,,
France,,2020-06-08,99,189782,29154,145.0,12269.0,23.0,995.0,245.0,74675.0,,,
France,,2020-06-09,100,190266,29239,169.0,11915.0,15.0,926.0,463.0,75138.0,,,
France,,2020-06-10,101,190743,29260,130.0,11632.0,23.0,904.0,337.0,75475.0,,,
France,,2020-06-11,102,191040,29287,143.0,11420.0,26.0,875.0,322.0,75797.0,,,
France,,2020-06-12,103,191679,29315,136.0,11079.0,18.0,851.0,440.0,76237.0,,,
France,,2020-06-13,104,192043,29339,68.0,10864.0,14.0,843.0,247.0,76484.0,,,
France,,2020-06-14,105,192317,29347,33.0,10836.0,6.0,841.0,51.0,76535.0,,,
France,,2020-06-15,106,192369,29375,114.0,10707.0,12.0,818.0,198.0,76733.0,,,
France,,2020-06-16,107,192915,29487,143.0,10490.0,14.0,792.0,317.0,77050.0,,,
France,,2020-06-17,108,193256,29512,116.0,10222.0,14.0,744.0,345.0,77395.0,,,
France,,2020-06-18,109,193576,29540,136.0,10080.0,15.0,724.0,236.0,77631.0,,,
France,,2020-06-19,110,194121,29554,116.0,9925.0,10.0,699.0,246.0,77877.0,,,
France,,2020-06-20,111,194535,29570,90.0,9792.0,7.0,687.0,206.0,78083.0,,,
France,,2020-06-21,112,194599,29575,48.0,9778.0,5.0,687.0,60.0,78143.0,,,
France,,2020-06-22,113,194693,29597,142.0,9648.0,16.0,673.0,242.0,78385.0,,,
France,,2020-06-23,114,195256,29651,117.0,9446.0,15.0,654.0,286.0,78671.0,,,
France,,2020-06-24,115,195256,29662,97.0,9254.0,8.0,630.0,272.0,78943.0,,,
France,,2020-06-25,116,195256,29679,124.0,9096.0,15.0,623.0,239.0,79182.0,,,
France,,2020-06-26,117,196267,29704,87.0,8841.0,15.0,606.0,309.0,79491.0,,,
France,,2020-06-27,118,196521,29704,55.0,8715.0,9.0,594.0,167.0,79658.0,,,
France,,2020-06-28,119,196111,29704,44.0,8727.0,4.0,594.0,30.0,79688.0,,,
France,,2020-06-29,120,196390,29736,102.0,8643.0,15.0,591.0,161.0,79849.0,,,
France,,2020-06-30,121,196554,29763,152.0,8491.0,8.0,574.0,282.0,80131.0,,,
France,,2020-07-01,122,197238,29781,106.0,8291.0,17.0,554.0,278.0,80409.0,,,
France,,2020-07-02,123,197591,29794,93.0,8103.0,12.0,545.0,254.0,80663.0,,,
France,,2020-07-03,124,197994,29812,125.0,7946.0,12.0,533.0,267.0,80930.0,,,
France,,2020-07-04,125,197994,29812,47.0,7863.0,4.0,517.0,118.0,81048.0,,,
France,,2020-07-05,126,197994,29812,21.0,7863.0,5.0,521.0,20.0,81068.0,,,
France,,2020-07-06,127,198850,29838,98.0,7806.0,10.0,521.0,130.0,81198.0,,,
France,,2020-07-07,128,199170,29847,127.0,7550.0,21.0,511.0,337.0,81535.0,,,
France,,2020-07-08,129,199699,29877,83.0,7254.0,18.0,503.0,345.0,81880.0,,,
France,,2020-07-09,130,200027,29890,79.0,7134.0,8.0,486.0,180.0,82060.0,,,
France,,2020-07-10,131,200569,29914,136.0,7020.0,9.0,471.0,221.0,82281.0,,,
France,,2020-07-11,132,200569,29914,57.0,6995.0,7.0,470.0,83.0,82364.0,,,
France,,2020-07-12,133,200569,29914,26.0,6991.0,5.0,473.0,32.0,82396.0,,,
France,,2020-07-13,134,201755,29934,68.0,6941.0,10.0,467.0,100.0,82496.0,,,
France,,2020-07-14,135,201755,29934,61.0,6907.0,7.0,465.0,84.0,82580.0,,,
France,,2020-07-15,136,202383,30020,133.0,6873.0,16.0,457.0,140.0,82720.0,,,
France,,2020-07-16,137,202819,30036,119.0,6754.0,23.0,456.0,218.0,82938.0,,,
France,,2020-07-17,138,203516,30049,119.0,6646.0,17.0,452.0,213.0,83151.0,,,
France,,2020-07-18,139,203516,30049,68.0,6614.0,6.0,450.0,90.0,83241.0,,,
France,,2020-07-19,140,203516,30049,36.0,6583.0,4.0,448.0,65.0,83306.0,,,
France,,2020-07-20,141,205308,30071,137.0,6547.0,18.0,442.0,148.0,83454.0,,,
France,,2020-07-21,142,205773,30057,109.0,6440.0,12.0,430.0,196.0,83650.0,,,
France,,2020-07-22,143,206641,30063,132.0,6324.0,17.0,420.0,225.0,83875.0,,,
France,,2020-07-23,144,207650,30073,123.0,5915.0,13.0,411.0,519.0,84394.0,,,
France,,2020-07-24,145,208553,30082,126.0,5678.0,16.0,385.0,345.0,84739.0,,,
France,,2020-07-25,146,208553,30082,86.0,5634.0,8.0,368.0,116.0,84855.0,,,
France,,2020-07-26,147,208553,30082,36.0,5640.0,1.0,367.0,34.0,84889.0,,,
France,,2020-07-27,148,210821,30098,118.0,5614.0,25.0,374.0,127.0,85016.0,,,
France,,2020-07-28,149,211337,30110,172.0,5510.0,22.0,361.0,236.0,85252.0,,,
France,,2020-07-29,150,212676,30123,118.0,5409.0,14.0,356.0,191.0,85443.0,,,
France,,2020-07-30,151,213927,30139,116.0,5334.0,14.0,357.0,174.0,85617.0,,,
France,,2020-07-31,152,215135,30150,152.0,5257.0,16.0,347.0,216.0,85833.0,,,
France,,2020-08-01,153,215135,30150,77.0,5177.0,11.0,344.0,149.0,85982.0,,,
France,,2020-08-02,154,215135,30150,25.0,5188.0,3.0,345.0,13.0,85995.0,,,
France,,2020-08-03,155,218351,30179,142.0,5157.0,29.0,360.0,142.0,86137.0,,,
France,,2020-08-04,156,219253,30180,139.0,5121.0,21.0,364.0,156.0,86293.0,,,
France,,2020-08-05,157,220874,30188,137.0,5107.0,15.0,360.0,144.0,86437.0,,,
France,,2020-08-06,158,222398,30192,141.0,5019.0,21.0,366.0,211.0,86648.0,,,
France,,2020-08-07,159,224602,30204,136.0,4970.0,20.0,359.0,168.0,86816.0,,,
France,,2020-08-08,160,224602,30204,73.0,4981.0,12.0,366.0,59.0,86875.0,,,
France,,2020-08-09,161,224602,30204,14.0,4992.0,4.0,368.0,5.0,86880.0,,,
France,,2020-08-10,162,229203,30218,180.0,5004.0,28.0,372.0,151.0,87031.0,,,
France,,2020-08-11,163,230540,30231,191.0,4971.0,21.0,367.0,194.0,87225.0,,,
France,,2020-08-12,164,232966,30248,143.0,4850.0,17.0,355.0,241.0,87466.0,,,
France,,2020-08-13,165,235540,30264,201.0,4824.0,25.0,351.0,203.0,87669.0,,,
France,,2020-08-14,166,238240,30281,173.0,4788.0,20.0,344.0,191.0,87860.0,,,
France,,2020-08-15,167,241371,30282,87.0,4817.0,15.0,353.0,49.0,87909.0,,,
France,,2020-08-16,168,244335,30283,33.0,4820.0,2.0,353.0,29.0,87938.0,,,
France,,2020-08-17,169,244761,30302,234.0,4885.0,34.0,361.0,148.0,88086.0,,,
France,,2020-08-18,170,246821,30323,185.0,4783.0,28.0,357.0,255.0,88341.0,,,
France,,2020-08-19,171,250539,30340,162.0,4781.0,31.0,362.0,161.0,88502.0,,,
France,,2020-08-20,172,255214,30351,149.0,4723.0,28.0,368.0,187.0,88689.0,,,
France,,2020-08-21,173,259717,30374,210.0,4720.0,37.0,367.0,189.0,88878.0,,,
France,,2020-08-22,174,263129,30382,114.0,4685.0,10.0,368.0,139.0,89017.0,,,
France,,2020-08-23,175,267589,30382,29.0,4683.0,6.0,371.0,24.0,89041.0,,,
France,,2020-08-24,176,269452,30397,233.0,4664.0,43.0,387.0,232.0,89273.0,,,
France,,2020-08-25,177,272643,30416,265.0,4578.0,49.0,401.0,334.0,89607.0,,,
France,,2020-08-26,178,272643,30416,215.0,4535.0,21.0,373.0,242.0,89849.0,,,
France,,2020-08-27,179,283698,30448,225.0,4517.0,32.0,375.0,225.0,90074.0,,,
France,,2020-08-28,180,290929,30465,241.0,4517.0,32.0,381.0,204.0,90278.0,,,
France,,2020-08-29,181,296265,30471,135.0,4512.0,28.0,394.0,127.0,90405.0,,,
France,,2020-08-30,182,301554,30474,23.0,4517.0,5.0,396.0,13.0,90418.0,,,
France,,2020-08-31,183,304349,30501,254.0,4564.0,45.0,403.0,163.0,90581.0,,,
France,,2020-09-01,184,309247,30525,300.0,4586.0,54.0,418.0,252.0,90833.0,,,
France,,2020-09-02,185,316047,30547,317.0,4614.0,57.0,440.0,258.0,91091.0,,,
France,,2020-09-03,186,322935,30564,307.0,4625.0,55.0,458.0,252.0,91343.0,,,
France,,2020-09-04,187,331578,30542,292.0,4653.0,46.0,467.0,247.0,91590.0,,,
France,,2020-09-05,188,340013,30553,168.0,4667.0,23.0,476.0,137.0,91727.0,,,
France,,2020-09-06,189,346921,30555,66.0,4697.0,8.0,480.0,29.0,91756.0,,,
France,,2020-09-07,190,351017,30578,448.0,4889.0,83.0,531.0,236.0,91992.0,,,
France,,2020-09-08,191,357473,30616,490.0,4942.0,86.0,568.0,402.0,92394.0,,,
France,,2020-09-09,192,365025,30643,386.0,4985.0,71.0,593.0,304.0,92698.0,,,
France,,2020-09-10,193,374586,30661,352.0,5077.0,54.0,608.0,229.0,92927.0,,,
France,,2020-09-11,194,383854,30740,447.0,5136.0,64.0,628.0,332.0,93259.0,,,
France,,2020-09-12,195,394270,30757,243.0,5176.0,51.0,655.0,180.0,93439.0,,,
France,,2020-09-13,196,400533,30761,98.0,5228.0,18.0,662.0,40.0,93479.0,,,
France,,2020-09-14,197,406609,30795,545.0,5479.0,104.0,705.0,247.0,93726.0,,,
France,,2020-09-15,198,414196,30844,642.0,5660.0,117.0,752.0,397.0,94123.0,,,
France,,2020-09-16,199,423924,30889,649.0,5800.0,100.0,796.0,450.0,94573.0,,,
France,,2020-09-17,200,433871,30936,599.0,5825.0,81.0,793.0,514.0,95087.0,,,
France,,2020-09-18,201,446961,31090,850.0,5800.0,100.0,820.0,754.0,95841.0,,,
France,,2020-09-19,202,460328,31115,470.0,5493.0,73.0,827.0,753.0,96594.0,,,
France,,2020-09-20,203,470864,31126,139.0,5356.0,24.0,834.0,266.0,96860.0,,,
France,,2020-09-21,204,476162,31179,754.0,5597.0,143.0,912.0,440.0,97300.0,,,
France,,2020-09-22,205,485929,31256,783.0,5777.0,130.0,944.0,538.0,97838.0,,,
France,,2020-09-23,206,497914,31283,649.0,5913.0,124.0,995.0,459.0,98297.0,,,
France,,2020-09-24,207,513732,31333,613.0,6012.0,124.0,1041.0,456.0,98753.0,,,
France,,2020-09-25,208,529501,31483,661.0,6110.0,129.0,1092.0,496.0,99249.0,,,
France,,2020-09-26,209,543688,31522,503.0,6154.0,89.0,1105.0,422.0,99671.0,,,
France,,2020-09-27,210,554304,31549,241.0,6235.0,47.0,1112.0,126.0,99797.0,,,
France,,2020-09-28,211,558374,31630,619.0,6397.0,137.0,1158.0,356.0,100153.0,,,
France,,2020-09-29,212,566196,31701,698.0,6482.0,165.0,1198.0,565.0,100718.0,,,
France,,2020-09-30,213,578769,31761,650.0,6572.0,135.0,1232.0,482.0,101200.0,,,
France,,2020-10-01,214,591783,31817,626.0,6634.0,142.0,1259.0,485.0,101685.0,,,
France,,2020-10-02,215,603920,31952,721.0,6740.0,120.0,1270.0,527.0,102212.0,,,
France,,2020-10-03,216,620330,31977,532.0,6740.0,103.0,1289.0,463.0,102675.0,,,
France,,2020-10-04,217,632834,32009,418.0,6964.0,91.0,1335.0,148.0,102823.0,,,
France,,2020-10-05,218,637918,32078,710.0,7276.0,152.0,1409.0,316.0,103139.0,,,
France,,2020-10-06,219,648116,32143,829.0,7377.0,168.0,1417.0,636.0,103775.0,,,
France,,2020-10-07,220,666849,32222,789.0,7514.0,143.0,1406.0,545.0,104320.0,,,
France,,2020-10-08,221,684164,32295,711.0,7603.0,114.0,1418.0,524.0,104844.0,,,
France,,2020-10-09,222,704478,32404,848.0,7843.0,150.0,1439.0,534.0,105378.0,,,
France,,2020-10-10,223,731155,32439,694.0,7976.0,110.0,1456.0,495.0,105873.0,,,
France,,2020-10-11,224,747092,32485,503.0,8231.0,73.0,1483.0,184.0,106057.0,,,
France,,2020-10-12,225,755597,32580,976.0,8671.0,171.0,1539.0,417.0,106474.0,,,
France,,2020-10-13,226,768380,32687,1168.0,8928.0,226.0,1633.0,802.0,107276.0,,,
France,,2020-10-14,227,790959,32791,1133.0,9173.0,193.0,1664.0,755.0,108031.0,,,
France,,2020-10-15,228,820685,32876,1207.0,9584.0,219.0,1741.0,687.0,108718.0,,,
France,,2020-10-16,229,845740,33054,1225.0,10021.0,212.0,1791.0,637.0,109355.0,,,
France,,2020-10-17,230,877840,33127,986.0,10399.0,175.0,1868.0,506.0,109861.0,,,
France,,2020-10-18,231,907677,33212,835.0,10897.0,147.0,1939.0,245.0,110106.0,,,
France,,2020-10-19,232,920916,33358,1424.0,11640.0,269.0,2090.0,517.0,110623.0,,,
France,,2020-10-20,233,941085,33620,1943.0,12435.0,278.0,2168.0,923.0,111546.0,,,
France,,2020-10-21,234,967717,33782,1754.0,13162.0,284.0,2239.0,825.0,112371.0,,,
France,,2020-10-22,235,1008483,33936,1998.0,14009.0,262.0,2310.0,974.0,113345.0,,,
France,,2020-10-23,236,1050468,34234,2091.0,14985.0,299.0,2432.0,908.0,114253.0,,,
France,,2020-10-24,237,1095708,34370,1667.0,15637.0,233.0,2491.0,845.0,115098.0,,,
France,,2020-10-25,238,1102262,34349,1298.0,16454.0,191.0,2575.0,344.0,115442.0,,,
France,,2020-10-26,239,1174279,34732,2314.0,17761.0,357.0,2761.0,712.0,116154.0,,,
France,,2020-10-27,240,1207430,35253,2988.0,18955.0,431.0,2909.0,1407.0,117561.0,,,
France,,2020-10-28,241,1243855,35496,2821.0,20184.0,372.0,3036.0,1304.0,118865.0,,,
France,,2020-10-29,242,1290446,35728,2607.0,21160.0,395.0,3147.0,1364.0,120229.0,,,
France,,2020-10-30,243,1339640,36273,2563.0,22153.0,422.0,3368.0,1293.0,121522.0,,,
France,,2020-10-31,244,1374691,36495,2274.0,23013.0,339.0,3443.0,1125.0,122647.0,,,
France,,2020-11-01,245,1420870,36726,1883.0,24008.0,289.0,3569.0,651.0,123298.0,,,
France,,2020-11-02,246,1525184,37142,2547.0,25120.0,430.0,3721.0,924.0,124222.0,,,
France,,2020-11-03,247,1597139,38414,3311.0,26242.0,469.0,3869.0,1667.0,125889.0,,,
France,,2020-11-04,248,1549838,38376,3681.0,27511.0,540.0,4080.0,1995.0,127884.0,,,
France,,2020-11-05,249,1607147,38730,2989.0,28403.0,447.0,4221.0,1688.0,129572.0,,,
France,,2020-11-06,250,1667604,39558,3140.0,28955.0,434.0,4321.0,2100.0,131672.0,,,
France,,2020-11-07,251,1754202,39861,2458.0,29396.0,394.0,4410.0,1663.0,133335.0,,,
France,,2020-11-08,252,1792764,40131,1814.0,30217.0,323.0,4527.0,693.0,134028.0,,,
France,,2020-11-09,253,1812919,40679,2670.0,31098.0,484.0,4677.0,1162.0,135190.0,,,
France,,2020-11-10,254,1834515,41897,3168.0,31477.0,472.0,4736.0,2251.0,137441.0,,,
France,,2020-11-11,255,1870380,42225,2588.0,31918.0,351.0,4789.0,1826.0,139267.0,,,
France,,2020-11-12,256,1902644,42640,2371.0,32654.0,386.0,4884.0,1255.0,140522.0,,,
France,,2020-11-13,257,1926314,43572,2841.0,32676.0,473.0,4887.0,2266.0,142788.0,,,
France,,2020-11-14,258,1958235,43925,2202.0,32468.0,327.0,4855.0,2026.0,144814.0,,,
France,,2020-11-15,259,1985427,44227,1574.0,33050.0,270.0,4880.0,685.0,145499.0,,,
France,,2020-11-16,260,1994728,44733,2065.0,33466.0,366.0,4903.0,1117.0,146616.0,,,
France,,2020-11-17,261,2039938,45950,2513.0,33139.0,382.0,4838.0,2326.0,148942.0,,,
France,,2020-11-18,262,2068297,46375,2435.0,32811.0,361.0,4759.0,2294.0,151236.0,,,
France,,2020-11-19,263,2088784,46792,2221.0,32314.0,311.0,4637.0,2230.0,153466.0,,,
France,,2020-11-20,264,2111646,47930,1968.0,31875.0,264.0,4566.0,1970.0,155436.0,,,
France,,2020-11-21,265,2129287,48182,1515.0,31365.0,220.0,4493.0,1687.0,157123.0,,,
France,,2020-11-22,266,2142417,48396,906.0,31522.0,171.0,4491.0,513.0,157636.0,,,
France,,2020-11-23,267,2146869,48896,1380.0,31449.0,244.0,4438.0,960.0,158596.0,,,
France,,2020-11-24,268,2155722,49900,1786.0,30594.0,270.0,4277.0,2135.0,160731.0,,,
France,,2020-11-25,269,2171967,50281,1677.0,29944.0,258.0,4136.0,1929.0,162660.0,,,
France,,2020-11-26,270,2184846,50610,1460.0,29282.0,192.0,4006.0,1729.0,164389.0,,,
France,,2020-11-27,271,2197283,51567,1471.0,28620.0,206.0,3871.0,1720.0,166109.0,,,
France,,2020-11-28,272,2209739,51779,976.0,28139.0,122.0,3765.0,1237.0,167346.0,,,
France,,2020-11-29,273,2219502,51977,652.0,28284.0,102.0,3744.0,306.0,167652.0,,,
France,,2020-11-30,274,2223393,52383,1257.0,28229.0,196.0,3739.0,888.0,168540.0,,,
France,,2020-12-01,275,2231344,53158,1572.0,27611.0,234.0,3594.0,1768.0,170308.0,,,
France,,2020-12-02,276,2245324,53468,1253.0,26986.0,161.0,3478.0,1549.0,171857.0,,,
France,,2020-12-03,277,2257894,53791,1450.0,26675.0,184.0,3415.0,1403.0,173260.0,,,
France,,2020-12-04,278,2269080,54418,1400.0,26283.0,165.0,3283.0,1434.0,174694.0,,,
France,,2020-12-05,279,2281889,54630,1019.0,26040.0,125.0,3220.0,1041.0,175735.0,,,
France,,2020-12-06,280,2292838,54804,627.0,26262.0,101.0,3210.0,236.0,175971.0,,,
France,,2020-12-07,281,2296249,55170,1206.0,26333.0,203.0,3188.0,706.0,176677.0,,,
France,,2020-12-08,282,2309760,56001,1597.0,25882.0,214.0,3078.0,1620.0,178297.0,,,
France,,2020-12-09,283,2324300,56294,1380.0,25526.0,170.0,3031.0,1423.0,179720.0,,,
France,,2020-12-10,284,2337594,56584,1445.0,25199.0,191.0,2949.0,1438.0,181158.0,,,
France,,2020-12-11,285,2350923,57211,1340.0,24943.0,180.0,2874.0,1241.0,182399.0,,,
France,,2020-12-12,286,2364740,57404,1097.0,24948.0,127.0,2851.0,875.0,183274.0,,,
France,,2020-12-13,287,2376228,57554,669.0,25207.0,89.0,2861.0,266.0,183540.0,,,
France,,2020-12-14,288,2379291,57925,1324.0,25449.0,210.0,2896.0,693.0,184233.0,,,
France,,2020-12-15,289,2390419,58712,1562.0,25207.0,211.0,2871.0,1476.0,185709.0,,,
France,,2020-12-16,290,2407983,59001,1664.0,25282.0,220.0,2840.0,1263.0,186972.0,,,
France,,2020-12-17,291,2426063,59259,1364.0,25149.0,151.0,2798.0,1233.0,188205.0,,,
France,,2020-12-18,292,2441737,59869,1285.0,24945.0,176.0,2764.0,1188.0,189393.0,,,
France,,2020-12-19,293,2458839,60056,1004.0,24819.0,123.0,2718.0,916.0,190309.0,,,
France,,2020-12-20,294,2471458,60186,599.0,24961.0,91.0,2745.0,245.0,190554.0,,,
France,,2020-12-21,295,2477255,60537,1284.0,25201.0,179.0,2737.0,690.0,191244.0,,,
France,,2020-12-22,296,2488889,61339,1783.0,24932.0,256.0,2719.0,1621.0,192865.0,,,
France,,2020-12-23,297,2503693,61614,1426.0,24852.0,200.0,2701.0,1235.0,194100.0,,,
France,,2020-12-24,298,2525234,61904,1454.0,24607.0,187.0,2643.0,1390.0,195490.0,,,
France,,2020-12-25,299,2545358,62063,743.0,24359.0,112.0,2616.0,808.0,196298.0,,,
France,,2020-12-26,300,2548388,62209,513.0,24444.0,101.0,2640.0,289.0,196587.0,,,
France,,2020-12-27,301,2556621,62382,589.0,24620.0,107.0,2650.0,239.0,196826.0,616.0,0.0,0.0
France,,2020-12-28,302,2559575,62745,1217.0,24645.0,229.0,2694.0,806.0,197632.0,1321.0,1.0,706.0
France,,2020-12-29,303,2570767,63713,1627.0,24743.0,251.0,2666.0,1138.0,198770.0,1710.0,1.0,548.0
France,,2020-12-30,304,2597124,64016,1404.0,24560.0,209.0,2652.0,1266.0,200036.0,2165.0,1.0,517.0
France,,2020-12-31,305,2616902,64267,1317.0,24407.0,177.0,2625.0,1188.0,201224.0,2614.0,2.0,500.0
France,,2021-01-01,306,2636045,64399,677.0,24263.0,99.0,2609.0,687.0,201911.0,3807.0,4.0,639.0
France,,2021-01-02,307,2639404,64555,646.0,24458.0,101.0,2632.0,285.0,202196.0,4176.0,8.0,595.0
France,,2021-01-03,308,2651893,64671,657.0,24780.0,101.0,2665.0,224.0,202420.0,4594.0,8.0,569.0
France,,2021-01-04,309,2655915,65049,1262.0,24962.0,246.0,2657.0,672.0,203092.0,6735.0,13.0,775.0
France,,2021-01-05,310,2676195,65915,1747.0,24871.0,245.0,2616.0,1474.0,204566.0,14511.0,19.0,1831.0
France,,2021-01-06,311,2701215,66197,1438.0,24708.0,234.0,2607.0,1265.0,205831.0,26988.0,42.0,3552.0
France,,2021-01-07,312,2722728,66472,1441.0,24488.0,181.0,2573.0,1362.0,207193.0,56468.0,66.0,7703.0
France,,2021-01-08,313,2742349,67062,1445.0,24377.0,245.0,2606.0,1230.0,208423.0,93638.0,101.0,12847.0
France,,2021-01-09,314,2762120,67229,944.0,24240.0,143.0,2600.0,885.0,209308.0,104858.0,110.0,14398.0
France,,2021-01-10,315,2777921,67380,729.0,24526.0,118.0,2620.0,286.0,209594.0,110873.0,118.0,15198.0
France,,2021-01-11,316,2781503,67690,1289.0,24812.0,208.0,2666.0,687.0,210281.0,150828.0,157.0,20605.0
France,,2021-01-12,317,2800770,68431,1660.0,24703.0,258.0,2678.0,1362.0,211643.0,212989.0,187.0,28378.0
France,,2021-01-13,318,2824473,68660,1588.0,24735.0,208.0,2701.0,1290.0,212933.0,278136.0,249.0,35908.0
France,,2021-01-14,319,2845701,68942,1691.0,24983.0,206.0,2716.0,1143.0,214076.0,361245.0,509.0,43603.0
France,,2021-01-15,320,2866413,69576,1634.0,25009.0,249.0,2730.0,1303.0,215379.0,430280.0,610.0,48164.0
France,,2021-01-16,321,2887532,69766,1199.0,24985.0,188.0,2731.0,1007.0,216386.0,450499.0,683.0,49459.0
France,,2021-01-17,322,2903975,69906,698.0,25235.0,136.0,2766.0,291.0,216677.0,461492.0,737.0,50177.0
France,,2021-01-18,323,2907711,70309,1666.0,25584.0,254.0,2803.0,882.0,217559.0,547415.0,916.0,56764.0
France,,2021-01-19,324,2931050,70963,1995.0,25532.0,315.0,2829.0,1622.0,219181.0,678031.0,1127.0,66569.0
France,,2021-01-20,325,2957547,71273,1911.0,25650.0,292.0,2842.0,1461.0,220642.0,815603.0,1323.0,76934.0
France,,2021-01-21,326,2979915,71619,1759.0,25699.0,253.0,2866.0,1327.0,221969.0,974032.0,1528.0,87687.0
France,,2021-01-22,327,3002910,72268,1861.0,25872.0,270.0,2902.0,1308.0,223277.0,1095121.0,1786.0,95145.0
France,,2021-01-23,328,3026320,72497,1174.0,25864.0,172.0,2886.0,928.0,224205.0,1133613.0,1872.0,97758.0
France,,2021-01-24,329,3044358,72668,918.0,26357.0,175.0,2955.0,246.0,224451.0,1143365.0,2002.0,97591.0
France,,2021-01-25,330,3048598,73113,1773.0,26888.0,299.0,3031.0,769.0,225220.0,1221622.0,3458.0,96678.0
France,,2021-01-26,331,3070458,73725,2006.0,27005.0,343.0,3071.0,1486.0,226706.0,1322022.0,7166.0,92862.0
France,,2021-01-27,332,3097374,74075,1933.0,27131.0,318.0,3097.0,1441.0,228147.0,1429288.0,13610.0,89425.0
France,,2021-01-28,333,3120634,74418,1726.0,27128.0,272.0,3101.0,1362.0,229509.0,1553671.0,30018.0,86876.0
France,,2021-01-29,334,3143417,75238,1823.0,27270.0,271.0,3120.0,1304.0,230813.0,1645872.0,48815.0,85397.0
France,,2021-01-30,335,3167274,75478,1176.0,27242.0,192.0,3103.0,942.0,231755.0,1675000.0,53350.0,84695.0
France,,2021-01-31,336,3186354,75673,816.0,27573.0,148.0,3148.0,298.0,232053.0,1680240.0,55250.0,84303.0
France,,2021-02-01,337,3190701,76128,1750.0,27874.0,318.0,3218.0,939.0,232992.0,1733400.0,78288.0,83801.0
France,,2021-02-02,338,3213360,76852,2189.0,28029.0,369.0,3270.0,1601.0,234593.0,1805734.0,116485.0,84719.0
France,,2021-02-03,339,3239256,77209,1882.0,27953.0,275.0,3267.0,1592.0,236185.0,1878061.0,156718.0,84554.0
France,,2021-02-04,340,3238798,77205,1752.0,27766.0,275.0,3240.0,1537.0,237722.0,1960156.0,211832.0,84043.0
France,,2021-02-05,341,3284085,78211,1719.0,27572.0,255.0,3235.0,1590.0,239312.0,2028408.0,260062.0,84826.0
France,,2021-02-06,342,3303273,78401,1126.0,27327.0,168.0,3215.0,1147.0,240459.0,2051361.0,271499.0,84930.0
France,,2021-02-07,343,3322988,78572,790.0,27652.0,160.0,3262.0,291.0,240750.0,2056556.0,277570.0,85519.0
France,,2021-02-08,344,3327305,79030,1893.0,27995.0,356.0,3353.0,1043.0,241793.0,2103412.0,326362.0,88298.0
France,,2021-02-09,345,3345558,79752,1931.0,27634.0,334.0,3332.0,1764.0,243557.0,2169457.0,404809.0,93150.0
France,,2021-02-10,346,3370645,80045,1525.0,27417.0,282.0,3309.0,1430.0,244987.0,2240505.0,488286.0,99145.0
France,,2021-02-11,347,3390952,80404,1618.0,26963.0,269.0,3327.0,1673.0,246660.0,2327813.0,593917.0,107106.0
France,,2021-02-12,348,3410996,81046,1405.0,26424.0,264.0,3298.0,1561.0,248221.0,2407168.0,669991.0,112670.0
France,,2021-02-13,349,3431805,81244,1085.0,26196.0,191.0,3294.0,1089.0,249310.0,2429559.0,689524.0,113746.0
France,,2021-02-14,350,3447518,81405,651.0,26401.0,113.0,3299.0,280.0,249590.0,2434639.0,696859.0,113910.0
France,,2021-02-15,351,3451894,81817,1431.0,26478.0,306.0,3371.0,934.0,250524.0,2472771.0,773654.0,116664.0
France,,2021-02-16,352,3471268,82399,1857.0,26195.0,323.0,3338.0,1740.0,252264.0,2523191.0,873345.0,117467.0
France,,2021-02-17,353,3495775,82705,1559.0,25929.0,311.0,3340.0,1525.0,253789.0,2573747.0,980267.0,117892.0
France,,2021-02-18,354,3517177,82975,1490.0,25717.0,262.0,3384.0,1411.0,255200.0,2643559.0,1103983.0,117976.0
France,,2021-02-19,355,3541282,83542,1543.0,25506.0,309.0,3380.0,1422.0,256622.0,2708652.0,1196302.0,118259.0
France,,2021-02-20,356,3562707,83693,1029.0,25269.0,195.0,3369.0,1076.0,257698.0,2727254.0,1224852.0,119006.0
France,,2021-02-21,357,3584326,83852,593.0,25464.0,141.0,3392.0,217.0,257915.0,2730589.0,1230891.0,118572.0
France,,2021-02-22,358,3588972,84185,1529.0,25831.0,274.0,3407.0,823.0,258738.0,2768100.0,1304062.0,117966.0
France,,2021-02-23,359,3608271,84610,1780.0,25660.0,345.0,3435.0,1575.0,260313.0,2821903.0,1389365.0,116394.0
France,,2021-02-24,360,3639501,84884,1636.0,25614.0,319.0,3436.0,1396.0,261709.0,2881941.0,1472298.0,114319.0
France,,2021-02-25,361,3664050,85141,1454.0,25317.0,301.0,3430.0,1444.0,263153.0,2982553.0,1563509.0,114075.0
France,,2021-02-26,362,3689034,85676,1634.0,25130.0,303.0,3445.0,1488.0,264641.0,3096044.0,1634257.0,117908.0
France,,2021-02-27,363,3712474,85858,1007.0,24989.0,208.0,3453.0,938.0,265579.0,3148175.0,1656695.0,121824.0
France,,2021-02-28,364,3732426,85980,728.0,25280.0,164.0,3492.0,297.0,265876.0,3154384.0,1660818.0,121962.0
France,,2021-03-01,365,3736390,86347,1393.0,25430.0,347.0,3544.0,857.0,266733.0,3220328.0,1714879.0,123293.0
France,,2021-03-02,366,3759247,86764,1705.0,25263.0,366.0,3586.0,1541.0,268274.0,3321742.0,1782048.0,127505.0
France,,2021-03-03,367,3785326,87079,1622.0,25111.0,322.0,3637.0,1413.0,269687.0,3438306.0,1847524.0,133086.0
France,,2021-03-04,368,3810605,87372,1538.0,24891.0,293.0,3633.0,1424.0,271111.0,3601968.0,1920147.0,139438.0
France,,2021-03-05,369,3833572,87796,1397.0,24765.0,324.0,3680.0,1255.0,272366.0,3802929.0,1982847.0,150784.0
France,,2021-03-06,370,3856182,87958,1097.0,24625.0,233.0,3689.0,998.0,273364.0,4010920.0,2000332.0,172342.0
France,,2021-03-07,371,3878007,88088,720.0,24818.0,187.0,3743.0,389.0,273753.0,4132212.0,2004308.0,188762.0
France,,2021-03-08,372,3883334,88444,1584.0,25195.0,381.0,3849.0,840.0,274593.0,4239389.0,2053868.0,194009.0
France,,2021-03-09,373,3906363,88811,1810.0,25201.0,421.0,3918.0,1471.0,276064.0,4411875.0,2109890.0,202570.0
France,,2021-03-10,374,3935990,89142,1574.0,24969.0,343.0,3918.0,1513.0,277577.0,4590917.0,2166944.0,210293.0
France,,2021-03-11,375,3963156,89395,1609.0,24858.0,385.0,3992.0,1414.0,278991.0,4833849.0,2230959.0,220387.0
France,,2021-03-12,376,3988194,89618,1448.0,24749.0,306.0,4033.0,1262.0,280253.0,5128723.0,2284323.0,232469.0
France,,2021-03-13,377,4017844,89787,1087.0,24671.0,263.0,4070.0,968.0,281221.0,5360166.0,2299584.0,235502.0
France,,2021-03-14,378,4043769,89927,821.0,24989.0,188.0,4127.0,351.0,281572.0,5423530.0,2302628.0,227093.0
France,,2021-03-15,379,4050010,90252,1676.0,25469.0,401.0,4219.0,824.0,282396.0,5582228.0,2334125.0,231873.0
France,,2021-03-16,380,4080012,90660,2005.0,25492.0,435.0,4239.0,1622.0,284018.0,5723825.0,2372943.0,225003.0
France,,2021-03-17,381,4117650,90885,1745.0,25314.0,357.0,4219.0,1638.0,285656.0,5874344.0,2410510.0,218144.0
France,,2021-03-18,382,4152604,91148,1661.0,25389.0,382.0,4246.0,1297.0,286953.0,6042213.0,2454835.0,204609.0
France,,2021-03-19,383,4187630,91433,1699.0,25339.0,383.0,4287.0,1426.0,288379.0,6272269.0,2491583.0,192975.0
France,,2021-03-20,384,4222935,91600,1348.0,25537.0,317.0,4353.0,955.0,289334.0,6438988.0,2502967.0,183175.0
France,,2021-03-21,385,4252919,91737,926.0,25926.0,196.0,4406.0,385.0,289719.0,6488945.0,2505100.0,181130.0
France,,2021-03-22,386,4268711,92080,1902.0,26488.0,471.0,4548.0,955.0,290674.0,6659030.0,2538624.0,183046.0
France,,2021-03-23,387,4283389,92367,2286.0,26756.0,488.0,4634.0,1669.0,292343.0,6909469.0,2581008.0,199104.0
France,,2021-03-24,388,4347614,92594,2130.0,26876.0,384.0,4651.0,1710.0,294053.0,7166418.0,2624595.0,215167.0
France,,2021-03-25,389,4393255,92819,1860.0,27036.0,408.0,4709.0,1432.0,295485.0,7508292.0,2669877.0,240162.0
France,,2021-03-26,390,4434884,93714,2048.0,27242.0,476.0,4766.0,1480.0,296965.0,7867140.0,2711675.0,259283.0
France,,2021-03-27,391,4477503,93904,1567.0,27259.0,332.0,4791.0,1299.0,298264.0,8062434.0,2728627.0,264160.0
France,,2021-03-28,392,4513685,94028,1017.0,27712.0,238.0,4872.0,404.0,298668.0,8121792.0,2733213.0,265854.0
France,,2021-03-29,393,4522779,94388,2099.0,28322.0,484.0,4974.0,1091.0,299759.0,8324817.0,2786610.0,273399.0
France,,2021-03-30,394,4553481,94769,2579.0,28510.0,569.0,5072.0,2011.0,301770.0,8610363.0,2856644.0,282365.0
France,,2021-03-31,395,4611392,95052,2209.0,28463.0,472.0,5053.0,1865.0,303635.0,8873443.0,2930692.0,287593.0
France,,2021-04-01,396,4661841,95356,2035.0,28581.0,480.0,5109.0,1561.0,305196.0,9189025.0,3023497.0,290627.0
France,,2021-04-02,397,4708648,95683,2092.0,28729.0,505.0,5254.0,1614.0,306810.0,9470409.0,3118310.0,287134.0
France,,2021-04-03,398,4707488,95861,1730.0,28886.0,399.0,5273.0,1348.0,308158.0,9611506.0,3180910.0,285914.0
France,,2021-04-04,399,4788117,96046,1224.0,29356.0,270.0,5341.0,562.0,308720.0,9658057.0,3199929.0,286146.0
France,,2021-04-05,400,4799078,96243,1219.0,29907.0,284.0,5433.0,448.0,309168.0,9721427.0,3210333.0,260054.0
France,,2021-04-06,401,4807123,96672,2459.0,30639.0,632.0,5626.0,1273.0,310441.0,9938700.0,3323449.0,256457.0
France,,2021-04-07,402,4807123,97080,3131.0,30904.0,673.0,5729.0,2388.0,312829.0,10199022.0,3438726.0,261955.0
France,,2021-04-08,403,4903965,97422,2156.0,30555.0,498.0,5705.0,2116.0,314945.0,10536936.0,3561943.0,269490.0
France,,2021-04-09,404,4903965,97746,2120.0,30326.0,498.0,5757.0,1986.0,316931.0,10947174.0,3678833.0,291058.0
France,,2021-04-10,405,4903965,97942,1649.0,30238.0,388.0,5769.0,1481.0,318412.0,11159836.0,3761701.0,304178.0
France,,2021-04-11,406,5021865,98118,1305.0,30671.0,286.0,5838.0,656.0,319068.0,11215998.0,3795879.0,307717.0
France,,2021-04-12,407,5030401,98503,2172.0,31262.0,492.0,5916.0,1168.0,320236.0,11453124.0,3911712.0,347606.0
France,,2021-04-13,408,5068534,98836,2501.0,31226.0,555.0,5952.0,2153.0,322389.0,11762678.0,4055879.0,365237.0
France,,2021-04-14,409,5111882,99133,2072.0,30868.0,441.0,5902.0,2115.0,324504.0,12057282.0,4195725.0,373672.0
France,,2021-04-15,410,5149776,99427,2062.0,30668.0,501.0,5924.0,1899.0,326403.0,12394479.0,4346256.0,377518.0
France,,2021-04-16,411,5186109,99758,2044.0,30472.0,463.0,5914.0,1900.0,328303.0,12733842.0,4493303.0,371745.0
France,,2021-04-17,412,5221888,99947,1471.0,30329.0,359.0,5877.0,1380.0,329683.0,12922531.0,4583287.0,369350.0
France,,2021-04-18,413,5249622,100075,1111.0,30789.0,233.0,5893.0,488.0,330171.0,12974174.0,4618746.0,368893.0
France,,2021-04-19,414,5256318,100522,2066.0,31214.0,502.0,5970.0,1170.0,331341.0,13179923.0,4757038.0,367678.0
France,,2021-04-20,415,5300321,100909,2404.0,31086.0,601.0,5984.0,2074.0,333415.0,13434417.0,4929082.0,363862.0
France,,2021-04-21,416,5334144,101215,2095.0,30954.0,476.0,5959.0,1886.0,335301.0,13687759.0,5099306.0,362396.0
France,,2021-04-22,417,5367544,101498,1878.0,30634.0,478.0,5981.0,1881.0,337182.0,13975390.0,5289748.0,361085.0
France,,2021-04-23,418,5399600,101830,1932.0,30438.0,436.0,5962.0,1783.0,338965.0,14273077.0,5478138.0,360571.0
France,,2021-04-24,419,5432085,102046,1368.0,30100.0,348.0,5958.0,1449.0,340414.0,14463558.0,5591762.0,364000.0
France,,2021-04-25,420,5456417,102190,881.0,30287.0,218.0,5978.0,527.0,340941.0,14533134.0,5630752.0,367049.0
France,,2021-04-26,421,5460793,102567,1944.0,30596.0,470.0,6001.0,1218.0,342159.0,14754142.0,5792324.0,372160.0
France,,2021-04-27,422,5490025,102907,2109.0,30281.0,484.0,5943.0,2042.0,344201.0,15038799.0,5989886.0,378808.0
France,,2021-04-28,423,5521227,103219,1708.0,29911.0,349.0,5879.0,1726.0,345927.0,15338377.0,6184520.0,387570.0
France,,2021-04-29,424,5547670,103525,1711.0,29487.0,392.0,5804.0,1767.0,347694.0,15695591.0,6398809.0,398699.0
France,,2021-04-30,425,5571804,103815,1433.0,28930.0,323.0,5675.0,1698.0,349392.0,16067858.0,6604172.0,409609.0
France,,2021-05-01,426,5597295,104007,1246.0,28603.0,310.0,5581.0,1356.0,350748.0,16235538.0,6658697.0,397838.0
France,,2021-05-02,427,5605532,104093,798.0,28818.0,173.0,5585.0,467.0,351215.0,16327307.0,6697045.0,400870.0
France,,2021-05-03,428,5609292,104404,1495.0,28950.0,386.0,5630.0,997.0,352212.0,16616288.0,6867279.0,411545.0
France,,2021-05-04,429,5633509,104658,1591.0,28427.0,355.0,5504.0,1822.0,354034.0,16932048.0,7101295.0,421397.0
France,,2021-05-05,430,5658254,104900,1459.0,27686.0,312.0,5402.0,1935.0,355969.0,17259347.0,7334126.0,431329.0
France,,2021-05-06,431,5679730,105119,1151.0,26985.0,273.0,5231.0,1604.0,357573.0,17638964.0,7586769.0,440718.0
France,,2021-05-07,432,5698706,105370,1140.0,26331.0,269.0,5106.0,1560.0,359133.0,18011796.0,7864789.0,451208.0
France,,2021-05-08,433,5718165,105530,844.0,25800.0,191.0,5005.0,1184.0,360317.0,18233987.0,7938647.0,461720.0
France,,2021-05-09,434,5727293,105645,527.0,25797.0,124.0,4971.0,409.0,360726.0,18363721.0,7983845.0,468115.0
France,,2021-05-10,435,5730585,105937,1125.0,25666.0,265.0,4870.0,931.0,361657.0,18677154.0,8220812.0,480887.0
France,,2021-05-11,436,5750098,106186,1239.0,25028.0,285.0,4743.0,1588.0,363245.0,19081139.0,8493553.0,498225.0
France,,2021-05-12,437,5770128,106350,965.0,24254.0,217.0,4583.0,1512.0,364757.0,19515351.0,8737612.0,514567.0
France,,2021-05-13,438,5789589,106481,618.0,23656.0,139.0,4442.0,1072.0,365829.0,19853993.0,8795628.0,482138.0
France,,2021-05-14,439,5796058,106652,733.0,23406.0,152.0,4352.0,777.0,366606.0,20308183.0,8970885.0,480689.0
France,,2021-05-15,440,5811711,106764,580.0,22950.0,134.0,4271.0,914.0,367520.0,20683201.0,9068993.0,505814.0
France,,2021-05-16,441,5825659,106845,416.0,22963.0,102.0,4255.0,315.0,367835.0,20885978.0,9090098.0,512835.0
France,,2021-05-17,442,5829009,107041,871.0,22749.0,204.0,4186.0,869.0,368704.0,21262142.0,9243455.0,510293.0
France,,2021-05-18,443,5845010,107256,996.0,22058.0,247.0,4015.0,1460.0,370164.0,21722369.0,9406370.0,503492.0
France,,2021-05-19,444,5863138,107390,712.0,21347.0,168.0,3862.0,1252.0,371416.0,22189840.0,9554603.0,495324.0
France,,2021-05-20,445,5514022,107522,709.0,20750.0,202.0,3769.0,1146.0,372562.0,22697442.0,9724339.0,534565.0
France,,2021-05-21,446,5526555,107645,625.0,20209.0,139.0,3631.0,1009.0,373571.0,23187179.0,9912385.0,540876.0
France,,2021-05-22,447,5538938,107732,468.0,19765.0,115.0,3544.0,797.0,374368.0,23534406.0,9997676.0,534917.0
France,,2021-05-23,448,5547914,107789,324.0,19720.0,73.0,3515.0,296.0,374664.0,23696123.0,10012384.0,528137.0
France,,2021-05-24,449,5550143,107851,260.0,19701.0,66.0,3496.0,212.0,374876.0,23959346.0,10046548.0,495328.0
France,,2021-05-25,450,5552977,108071,796.0,19430.0,205.0,3447.0,842.0,375718.0,24359664.0,10244648.0,492011.0
France,,2021-05-26,451,5564217,108201,671.0,18593.0,181.0,3330.0,1304.0,377022.0,24773176.0,10443612.0,491227.0
France,,2021-05-27,452,5578150,108343,499.0,17941.0,127.0,3206.0,988.0,378010.0,25223050.0,10678007.0,491503.0
France,,2021-05-28,453,5588981,108466,539.0,17272.0,155.0,3104.0,1092.0,379102.0,25652661.0,10965692.0,495172.0
France,,2021-05-29,454,5600353,108534,334.0,16847.0,93.0,3028.0,675.0,379777.0,25951669.0,11127590.0,498313.0
France,,2021-05-30,455,5608347,108576,199.0,16775.0,43.0,2993.0,224.0,380001.0,26058825.0,11161060.0,493119.0
France,,2021-05-31,456,5609558,108700,529.0,16596.0,140.0,2945.0,570.0,380571.0,26416909.0,11377235.0,531136.0
France,,2021-06-01,457,5619133,108834,596.0,16088.0,145.0,2825.0,926.0,381497.0,26848052.0,11648773.0,544174.0
France,,2021-06-02,458,5619133,108913,491.0,15638.0,106.0,2754.0,824.0,382321.0,27268230.0,11896018.0,551020.0
France,,2021-06-03,459,5634526,108982,458.0,15283.0,94.0,2677.0,742.0,383063.0,27733937.0,12173209.0,558618.0
France,,2021-06-04,460,5641296,109069,408.0,14801.0,91.0,2571.0,770.0,383833.0,28190239.0,12501574.0,568797.0
France,,2021-06-05,461,5647950,109126,267.0,14532.0,62.0,2525.0,474.0,384307.0,28495078.0,12700826.0,575216.0
France,,2021-06-06,462,5652705,109144,154.0,14525.0,52.0,2527.0,137.0,384444.0,28628418.0,12750884.0,581325.0
France,,2021-06-07,463,5653678,109208,383.0,14323.0,97.0,2472.0,501.0,384945.0,28968442.0,13021619.0,587042.0
France,,2021-06-08,464,5659478,109278,405.0,13984.0,106.0,2394.0,668.0,385613.0,29362399.0,13327608.0,587436.0
France,,2021-06-09,465,5663717,109331,391.0,13526.0,94.0,2326.0,775.0,386388.0,29747364.0,13613583.0,588231.0
France,,2021-06-10,466,5667993,109398,297.0,13090.0,74.0,2245.0,649.0,387037.0,30151620.0,13915265.0,583513.0
France,,2021-06-11,467,5671864,109472,313.0,12712.0,66.0,2163.0,621.0,387658.0,30538346.0,14288721.0,580769.0
France,,2021-06-12,468,5675604,109503,198.0,12496.0,48.0,2110.0,374.0,388032.0,30821641.0,14507135.0,580729.0
France,,2021-06-13,469,5678209,109509,111.0,12480.0,26.0,2106.0,100.0,388132.0,30926548.0,14581881.0,580210.0
France,,2021-06-14,470,5678893,109572,325.0,12374.0,71.0,2068.0,373.0,388505.0,31167432.0,14942568.0,579252.0
France,,2021-06-15,471,5681846,109649,300.0,11895.0,69.0,1952.0,670.0,389175.0,31475660.0,15337768.0,580249.0
France,,2021-06-16,472,5683536,109685,198.0,11519.0,39.0,1873.0,531.0,389706.0,31789686.0,15704248.0,582042.0
France,,2021-06-17,473,5685387,109741,225.0,11114.0,46.0,1799.0,559.0,390265.0,32107422.0,16088268.0,582047.0
France,,2021-06-18,474,5688557,109808,171.0,10738.0,53.0,1740.0,484.0,390749.0,32429206.0,16543243.0,585047.0
France,,2021-06-19,475,5691181,109830,102.0,10531.0,24.0,1703.0,273.0,391022.0,32653572.0,16822809.0,585627.0
France,,2021-06-20,476,5692996,109844,51.0,10518.0,15.0,1703.0,53.0,391075.0,32728031.0,16925922.0,585331.0
France,,2021-06-21,477,5692968,109878,216.0,10386.0,48.0,1655.0,301.0,391376.0,32923846.0,17332760.0,585650.0
France,,2021-06-22,478,5694975,109928,181.0,10046.0,47.0,1560.0,450.0,391826.0,33147088.0,17808446.0,585388.0
France,,2021-06-23,479,5696069,109955,167.0,9771.0,42.0,1509.0,402.0,392228.0,33381169.0,18255643.0,585728.0
France,,2021-06-24,480,5698076,109999,140.0,9392.0,27.0,1439.0,459.0,392687.0,33623074.0,18673983.0,580110.0
France,,2021-06-25,481,5699818,110032,148.0,9190.0,39.0,1389.0,322.0,393009.0,33850745.0,19207197.0,578172.0
France,,2021-06-26,482,5701946,110044,81.0,9024.0,14.0,1349.0,227.0,393236.0,34004038.0,19583121.0,581906.0
France,,2021-06-27,483,5703524,110061,42.0,8986.0,13.0,1345.0,61.0,393297.0,34059962.0,19739835.0,586929.0
France,,2021-06-28,484,5703780,110105,176.0,8846.0,41.0,1304.0,259.0,393556.0,34214773.0,20197180.0,588344.0
France,,2021-06-29,485,5705863,110138,134.0,8627.0,29.0,1250.0,316.0,393872.0,34397515.0,20712085.0,588397.0
France,,2021-06-30,486,5707142,110161,158.0,8451.0,31.0,1204.0,301.0,394173.0,34601559.0,21204010.0,590669.0
France,,2021-07-01,487,5709806,110190,109.0,8232.0,30.0,1162.0,298.0,394471.0,34833017.0,21670725.0,596275.0
France,,2021-07-02,488,5712276,110213,118.0,8044.0,17.0,1123.0,287.0,394758.0,35061726.0,22200119.0,596089.0
France,,2021-07-03,489,5715282,110230,79.0,7912.0,17.0,1102.0,181.0,394939.0,35203783.0,22573706.0,594196.0
France,,2021-07-04,490,5717831,110239,41.0,7913.0,12.0,1104.0,30.0,394969.0,35260547.0,22715396.0,592195.0
France,,2021-07-05,491,5718270,110270,137.0,7806.0,30.0,1077.0,201.0,395170.0,35429096.0,23138796.0,589389.0
France,,2021-07-06,492,5720593,110297,149.0,7637.0,30.0,1032.0,283.0,395453.0,35625905.0,23621019.0,586606.0
France,,2021-07-07,493,5724395,110319,140.0,7539.0,30.0,997.0,204.0,395657.0,35839157.0,24067032.0,581292.0
France,,2021-07-08,494,5728837,110344,100.0,7384.0,26.0,971.0,232.0,395889.0,36070835.0,24500362.0,576390.0
France,,2021-07-09,495,5733214,110360,147.0,7275.0,30.0,953.0,230.0,396119.0,36299475.0,25021670.0,575110.0
France,,2021-07-10,496,5737910,110379,101.0,7183.0,9.0,947.0,172.0,396291.0,36448111.0,25366218.0,571941.0
France,,2021-07-11,497,5742166,110383,23.0,7183.0,4.0,947.0,19.0,396310.0,36508328.0,25476846.0,568014.0
France,,2021-07-12,498,5742783,110406,267.0,7137.0,55.0,957.0,272.0,396582.0,36677768.0,25960393.0,576591.0
France,,2021-07-13,499,5749593,110456,246.0,7076.0,37.0,933.0,278.0,396860.0,36965075.0,26501182.0,596983.0
France,,2021-07-14,500,5749593,110450,115.0,7047.0,19.0,931.0,137.0,396997.0,37146197.0,26660790.0,551951.0
France,,2021-07-15,501,5760374,110464,213.0,7054.0,36.0,914.0,176.0,397173.0,37493328.0,27180586.0,579508.0
France,,2021-07-16,502,5771282,110486,220.0,6971.0,33.0,899.0,282.0,397455.0,37873451.0,27698332.0,598828.0
France,,2021-07-17,503,5782231,110502,114.0,6922.0,21.0,890.0,147.0,397602.0,38133204.0,28027688.0,611788.0
France,,2021-07-18,504,5794763,110507,54.0,6936.0,9.0,891.0,30.0,397632.0,38242949.0,28143606.0,619513.0
France,,2021-07-19,505,5796453,110519,360.0,7041.0,76.0,902.0,235.0,397867.0,38528475.0,28580445.0,628388.0
France,,2021-07-20,506,5814442,110548,327.0,6912.0,61.0,876.0,413.0,398280.0,38905417.0,29048969.0,630377.0
France,,2021-07-21,507,5834523,110558,281.0,6869.0,64.0,859.0,285.0,398565.0,39301258.0,29471390.0,696854.0
France,,2021-07-22,508,5856432,110569,292.0,6832.0,59.0,868.0,307.0,398872.0,39742347.0,29876892.0,693894.0
France,,2021-07-23,509,5875702,110605,330.0,6802.0,69.0,872.0,310.0,399182.0,40182697.0,30319206.0,692046.0
France,,2021-07-24,510,5901326,110627,182.0,6787.0,35.0,878.0,174.0,399356.0,40467960.0,30597775.0,688491.0
France,,2021-07-25,511,5916568,110633,92.0,6843.0,16.0,886.0,32.0,399388.0,40589087.0,30679035.0,685156.0
France,,2021-07-26,512,5919170,110670,607.0,7079.0,135.0,952.0,312.0,399700.0,40936539.0,31012203.0,679466.0
France,,2021-07-27,513,5946041,110695,557.0,7137.0,121.0,978.0,458.0,400158.0,41400645.0,31346104.0,673064.0
France,,2021-07-28,514,5971078,110728,490.0,7208.0,91.0,992.0,375.0,400533.0,41860124.0,31648384.0,665387.0
France,,2021-07-29,515,5996132,110751,501.0,7236.0,91.0,1015.0,416.0,400949.0,42349988.0,31938527.0,656481.0
France,,2021-07-30,516,6020331,110813,640.0,7363.0,165.0,1072.0,445.0,401394.0,42811847.0,32256320.0,642474.0
France,,2021-07-31,517,6043802,110856,467.0,7409.0,91.0,1099.0,365.0,401759.0,43097268.0,32448171.0,630471.0
France,,2021-08-01,518,6063402,110874,312.0,7581.0,69.0,1137.0,109.0,401868.0,43209313.0,32498988.0,624891.0
France,,2021-08-02,519,6063402,110897,688.0,7840.0,170.0,1232.0,376.0,402244.0,43550986.0,32740895.0,611475.0
France,,2021-08-03,520,6084067,110941,818.0,7974.0,218.0,1331.0,608.0,402852.0,43949629.0,32996099.0,591439.0
France,,2021-08-04,521,6111503,110972,772.0,8134.0,157.0,1371.0,533.0,403385.0,44334518.0,33215326.0,569368.0
France,,2021-08-05,522,6137948,111024,712.0,8210.0,150.0,1420.0,598.0,403983.0,44700721.0,33453457.0,544867.0
France,,2021-08-06,523,6161967,111077,862.0,8368.0,165.0,1458.0,615.0,404598.0,45060475.0,33734833.0,525818.0
France,,2021-08-07,524,6187722,111109,482.0,8425.0,136.0,1510.0,389.0,404987.0,45273624.0,33918222.0,514514.0
France,,2021-08-08,525,6208172,111137,498.0,8685.0,117.0,1556.0,204.0,405191.0,45347836.0,33982624.0,511009.0
France,,2021-08-09,526,6211471,111198,833.0,9022.0,230.0,1667.0,407.0,405598.0,45606613.0,34247520.0,502667.0
France,,2021-08-10,527,6232682,111247,944.0,9153.0,211.0,1712.0,717.0,406315.0,45913510.0,34533299.0,494210.0
France,,2021-08-11,528,6260194,111289,773.0,9233.0,158.0,1745.0,616.0,406931.0,46193277.0,34800743.0,486317.0
France,,2021-08-12,529,6288585,111365,894.0,9465.0,191.0,1807.0,566.0,407497.0,46464848.0,35087310.0,479888.0
France,,2021-08-13,530,6314823,111454,836.0,9546.0,188.0,1831.0,681.0,408178.0,46717025.0,35372965.0,465473.0
France,,2021-08-14,531,6339250,111507,606.0,9648.0,118.0,1837.0,449.0,408627.0,46862389.0,35573792.0,458463.0
France,,2021-08-15,532,6360422,111551,399.0,9798.0,73.0,1852.0,193.0,408820.0,46901791.0,35624647.0,451610.0
France,,2021-08-16,533,6366015,111576,950.0,10151.0,178.0,1908.0,498.0,409318.0,47087986.0,35946103.0,449653.0
France,,2021-08-17,534,6378738,111659,1075.0,10219.0,245.0,1953.0,853.0,410171.0,47303705.0,36287512.0,445017.0
France,,2021-08-18,535,6406369,111761,1036.0,10336.0,299.0,2054.0,809.0,410980.0,47502781.0,36617014.0,442775.0
France,,2021-08-19,536,6430319,111890,976.0,10392.0,186.0,2049.0,778.0,411758.0,47694830.0,36947861.0,438179.0
France,,2021-08-20,537,6450822,111941,887.0,10515.0,214.0,2091.0,682.0,412440.0,47881321.0,37319246.0,441409.0
France,,2021-08-21,538,6473458,112070,805.0,10463.0,165.0,2106.0,674.0,413114.0,47986128.0,37559658.0,441478.0
France,,2021-08-22,539,6490758,112185,542.0,10651.0,103.0,2128.0,228.0,413342.0,48018077.0,37647278.0,445721.0
France,,2021-08-23,540,6492581,112247,943.0,11007.0,235.0,2215.0,447.0,413789.0,48159074.0,38007199.0,444916.0
France,,2021-08-24,541,6517026,112362,1145.0,11066.0,214.0,2221.0,871.0,414660.0,48321592.0,38387522.0,443173.0
France,,2021-08-25,542,6537883,112430,883.0,11171.0,182.0,2239.0,701.0,415361.0,48472754.0,38741757.0,440155.0
France,,2021-08-26,543,6557287,112551,741.0,11104.0,191.0,2261.0,692.0,416053.0,48615647.0,39088210.0,435746.0
France,,2021-08-27,544,6557287,112650,908.0,11162.0,194.0,2270.0,750.0,416803.0,48764105.0,39480040.0,433604.0
France,,2021-08-28,545,6591438,112604,465.0,11052.0,119.0,2259.0,493.0,417296.0,48854786.0,39731401.0,433330.0
France,,2021-08-29,546,6605068,112657,311.0,11092.0,71.0,2276.0,206.0,417502.0,48882109.0,39815127.0,432156.0
France,,2021-08-30,547,6605068,112694,725.0,11245.0,159.0,2290.0,446.0,417948.0,48999541.0,40141693.0,424608.0
France,,2021-08-31,548,6605068,112824,941.0,11120.0,218.0,2292.0,931.0,418879.0,49128370.0,40478606.0,414969.0
France,,2021-09-01,549,6635813,112905,742.0,11119.0,187.0,2294.0,641.0,419520.0,49264539.0,40766306.0,406447.0
France,,2021-09-02,550,6649966,113014,648.0,10934.0,143.0,2275.0,719.0,420239.0,49379195.0,41015781.0,392186.0
France,,2021-09-03,551,6662874,113042,624.0,10816.0,159.0,2259.0,631.0,420870.0,49497520.0,41310757.0,378110.0
France,,2021-09-04,552,6676210,113125,424.0,10654.0,124.0,2223.0,487.0,421357.0,49587412.0,41529907.0,375047.0
France,,2021-09-05,553,6686620,113174,227.0,10644.0,60.0,2217.0,177.0,421534.0,49608777.0,41575133.0,369242.0
France,,2021-09-06,554,6688909,113291,661.0,10757.0,187.0,2249.0,444.0,421978.0,49684478.0,41757267.0,346589.0
France,,2021-09-07,555,6702711,113385,761.0,10646.0,200.0,2259.0,736.0,422714.0,49764795.0,41940112.0,321061.0
France,,2021-09-08,556,6702711,113385,595.0,10438.0,174.0,2224.0,695.0,423409.0,49855807.0,42147458.0,304279.0
France,,2021-09-09,557,6720301,113475,554.0,10323.0,139.0,2195.0,554.0,423963.0,49932781.0,42314137.0,288136.0
France,,2021-09-10,558,6730199,113569,505.0,10115.0,135.0,2151.0,612.0,424575.0,50028829.0,42519439.0,273087.0
France,,2021-09-11,559,6739800,113615,322.0,10018.0,91.0,2131.0,367.0,424942.0,50095996.0,42689510.0,262855.0
France,,2021-09-12,560,6747479,113644,187.0,10012.0,34.0,2129.0,159.0,425101.0,50108825.0,42721770.0,259591.0
France,,2021-09-13,561,6748770,113711,446.0,9986.0,116.0,2103.0,381.0,425482.0,50173404.0,42849235.0,251572.0
France,,2021-09-14,562,6759097,113805,577.0,9739.0,137.0,2000.0,708.0,426190.0,50246905.0,42979733.0,246455.0
France,,2021-09-15,563,6759097,113805,452.0,9555.0,119.0,1959.0,540.0,426730.0,50323568.0,43148531.0,242645.0
France,,2021-09-16,564,6771911,113836,382.0,9297.0,103.0,1952.0,570.0,427300.0,50387463.0,43264122.0,237386.0
France,,2021-09-17,565,6778846,113923,371.0,9070.0,81.0,1891.0,520.0,427820.0,50462555.0,43421852.0,230279.0
France,,2021-09-18,566,6786260,113965,243.0,8912.0,68.0,1837.0,350.0,428170.0,50510798.0,43561944.0,223828.0
France,,2021-09-19,567,6792074,113993,113.0,8887.0,33.0,1832.0,108.0,428278.0,50518706.0,43585772.0,221870.0
France,,2021-09-20,568,6792074,113993,373.0,8845.0,114.0,1805.0,336.0,428614.0,50563287.0,43679956.0,215651.0
France,,2021-09-21,569,6798722,114097,503.0,8594.0,136.0,1744.0,577.0,429191.0,50609202.0,43778742.0,208245.0
France,,2021-09-22,570,6805130,114148,361.0,8414.0,68.0,1656.0,463.0,429654.0,50657906.0,43921486.0,200592.0
France,,2021-09-23,571,6810965,114209,301.0,8237.0,71.0,1609.0,412.0,430066.0,50701200.0,44014021.0,194775.0
France,,2021-09-24,572,6816844,114262,296.0,8107.0,72.0,1586.0,371.0,430437.0,50753521.0,44147721.0,188262.0
France,,2021-09-25,573,6822060,114262,196.0,7980.0,54.0,1571.0,287.0,430724.0,50788745.0,44263650.0,183075.0
France,,2021-09-26,574,6826766,114276,89.0,7994.0,35.0,1577.0,60.0,430784.0,50794306.0,44281527.0,181881.0
France,,2021-09-27,575,6827408,114347,343.0,7980.0,94.0,1571.0,279.0,431063.0,50828292.0,44358682.0,177551.0
France,,2021-09-28,576,6834025,114394,304.0,7801.0,79.0,1524.0,398.0,431461.0,50864817.0,44434235.0,171795.0
France,,2021-09-29,577,6838988,114430,254.0,7726.0,52.0,1466.0,291.0,431752.0,50909243.0,44535286.0,164945.0
France,,2021-09-30,578,6843836,114491,238.0,7565.0,58.0,1414.0,340.0,432092.0,50945592.0,44608588.0,160460.0
France,,2021-10-01,579,6848693,114538,214.0,7410.0,48.0,1355.0,312.0,432404.0,51007310.0,44711807.0,157922.0
France,,2021-10-02,580,6853641,114568,141.0,7294.0,33.0,1325.0,212.0,432616.0,51046781.0,44790435.0,153884.0
France,,2021-10-03,581,6857385,114577,76.0,7308.0,19.0,1326.0,54.0,432670.0,51052070.0,44801016.0,152839.0
France,,2021-10-04,582,6857921,114620,283.0,7299.0,71.0,1328.0,246.0,432916.0,51087272.0,44859859.0,151158.0
France,,2021-10-05,583,6862305,114660,290.0,7096.0,75.0,1279.0,436.0,433352.0,51121209.0,44924501.0,150107.0
France,,2021-10-06,584,6865914,114679,202.0,7038.0,40.0,1242.0,225.0,433577.0,51163937.0,45004026.0,148578.0
France,,2021-10-07,585,6870807,114712,194.0,6903.0,47.0,1200.0,272.0,433849.0,51194511.0,45066549.0,147424.0
France,,2021-10-08,586,6874967,114750,218.0,6805.0,52.0,1164.0,274.0,434123.0,51243997.0,45158830.0,146966.0
France,,2021-10-09,587,6879701,114765,128.0,6706.0,26.0,1127.0,211.0,434334.0,51277674.0,45219964.0,145148.0
France,,2021-10-10,588,6883692,114773,91.0,6737.0,17.0,1132.0,54.0,434388.0,51282397.0,45227480.0,144724.0
France,,2021-10-11,589,6884812,114808,226.0,6729.0,58.0,1145.0,193.0,434581.0,51313130.0,45277601.0,144059.0
France,,2021-10-12,590,6890619,114860,254.0,6629.0,68.0,1111.0,285.0,434866.0,51344779.0,45332285.0,143693.0
France,,2021-10-13,591,6890619,114860,219.0,6601.0,58.0,1091.0,225.0,435091.0,51384946.0,45395325.0,142220.0
France,,2021-10-14,592,6899839,114887,206.0,6523.0,44.0,1075.0,232.0,435323.0,51415309.0,45448486.0,141325.0
France,,2021-10-15,593,6905628,114921,215.0,6470.0,43.0,1051.0,229.0,435552.0,51460267.0,45524018.0,140513.0
France,,2021-10-16,594,6910527,114936,109.0,6437.0,25.0,1049.0,125.0,435677.0,51491601.0,45568266.0,138507.0
France,,2021-10-17,595,6914305,114941,71.0,6448.0,18.0,1052.0,50.0,435727.0,51495496.0,45573562.0,138132.0
France,,2021-10-18,596,6915362,114987,277.0,6468.0,67.0,1049.0,210.0,435937.0,51524711.0,45616166.0,137766.0
France,,2021-10-19,597,6920457,115001,286.0,6483.0,63.0,1046.0,221.0,436158.0,51551909.0,45661915.0,136681.0
France,,2021-10-20,598,6926248,115024,263.0,6465.0,44.0,1026.0,249.0,436407.0,51587254.0,45714519.0,137722.0
France,,2021-10-21,599,6932261,115061,273.0,6453.0,59.0,1009.0,245.0,436652.0,51613421.0,45759909.0,138196.0
France,,2021-10-22,600,6937872,115084,203.0,6400.0,58.0,1010.0,237.0,436889.0,51651871.0,45822592.0,137115.0
France,,2021-10-23,601,6944163,115107,184.0,6348.0,42.0,1007.0,203.0,437092.0,51678907.0,45863895.0,137343.0
France,,2021-10-24,602,6949168,115111,63.0,6377.0,21.0,1018.0,34.0,437126.0,51681854.0,45868694.0,137154.0
France,,2021-10-25,603,6950451,115154,269.0,6405.0,74.0,1023.0,197.0,437323.0,51707963.0,45905109.0,137953.0
France,,2021-10-26,604,6956491,115182,316.0,6445.0,112.0,1049.0,236.0,437559.0,51731733.0,45940286.0,137509.0
France,,2021-10-27,605,6963019,115215,283.0,6489.0,61.0,1038.0,193.0,437752.0,51761849.0,45986775.0,137627.0
France,,2021-10-28,606,6968918,115243,271.0,6541.0,58.0,1037.0,192.0,437944.0,51785459.0,46021876.0,136484.0
France,,2021-10-29,607,6975016,115260,283.0,6534.0,67.0,1034.0,255.0,438199.0,51817047.0,46073536.0,135702.0
France,,2021-10-30,608,6982376,115282,176.0,6524.0,44.0,1039.0,157.0,438356.0,51837624.0,46106879.0,134344.0
France,,2021-10-31,609,6988705,115294,105.0,6572.0,20.0,1046.0,42.0,438398.0,51840143.0,46110667.0,134122.0
France,,2021-11-01,610,6990332,115296,103.0,6639.0,28.0,1069.0,31.0,438429.0,51848684.0,46115586.0,115812.0
France,,2021-11-02,611,6992339,115383,416.0,6680.0,126.0,1091.0,283.0,438712.0,51875068.0,46155830.0,117819.0
France,,2021-11-03,612,7002389,115418,447.0,6764.0,95.0,1096.0,308.0,439020.0,51905199.0,46203842.0,119458.0
France,,2021-11-04,613,7011068,115457,334.0,6718.0,81.0,1099.0,328.0,439348.0,51929022.0,46241474.0,122553.0
France,,2021-11-05,614,7019847,115481,334.0,6735.0,82.0,1089.0,282.0,439630.0,51961434.0,46294522.0,126363.0
France,,2021-11-06,615,7029452,115506,190.0,6667.0,55.0,1099.0,232.0,439862.0,51982989.0,46329147.0,128775.0
France,,2021-11-07,616,7037999,115516,100.0,6709.0,20.0,1101.0,41.0,439903.0,51985418.0,46333382.0,129053.0
France,,2021-11-08,617,7039756,115558,483.0,6865.0,121.0,1141.0,263.0,440166.0,52006050.0,46371260.0,153223.0
France,,2021-11-09,618,7051795,115597,409.0,6851.0,99.0,1140.0,369.0,440535.0,52028494.0,46416050.0,163068.0
France,,2021-11-10,619,7062794,115630,397.0,6906.0,93.0,1154.0,301.0,440836.0,52060114.0,46471020.0,174043.0
France,,2021-11-11,620,7075244,115643,212.0,6952.0,35.0,1145.0,146.0,440982.0,52064864.0,46477853.0,153389.0
France,,2021-11-12,621,7079005,115691,362.0,7046.0,98.0,1182.0,219.0,441201.0,52093964.0,46532995.0,159243.0
France,,2021-11-13,622,7093651,115707,234.0,7050.0,64.0,1202.0,198.0,441399.0,52114320.0,46565653.0,161053.0
France,,2021-11-14,623,7106147,115724,125.0,7111.0,26.0,1210.0,49.0,441448.0,52116687.0,46569559.0,161283.0
France,,2021-11-15,624,7109125,115795,631.0,7361.0,144.0,1257.0,293.0,441741.0,52137209.0,46608184.0,166208.0
France,,2021-11-16,625,7128903,115842,647.0,7535.0,135.0,1277.0,410.0,442151.0,52160882.0,46652111.0,171811.0
France,,2021-11-17,626,7149118,115898,525.0,7663.0,107.0,1300.0,345.0,442496.0,52191425.0,46702436.0,172822.0
France,,2021-11-18,627,7168026,115947,522.0,7787.0,119.0,1333.0,341.0,442837.0,52214882.0,46748186.0,206656.0
France,,2021-11-19,628,7188721,115994,563.0,7940.0,129.0,1353.0,346.0,443183.0,52248577.0,46809527.0,216737.0
France,,2021-11-20,629,7211399,116017,269.0,7974.0,40.0,1333.0,212.0,443395.0,52274002.0,46846254.0,221120.0
France,,2021-11-21,630,7231148,116032,158.0,8038.0,27.0,1339.0,78.0,443473.0,52276667.0,46850757.0,221605.0
France,,2021-11-22,631,7235966,116127,865.0,8338.0,188.0,1406.0,464.0,443937.0,52299491.0,46883950.0,223969.0
France,,2021-11-23,632,7266361,116210,759.0,8525.0,192.0,1455.0,456.0,444393.0,52325225.0,46929460.0,228661.0
France,,2021-11-24,633,7296757,116289,770.0,8765.0,137.0,1483.0,424.0,444817.0,52357046.0,46983121.0,232940.0
France,,2021-11-25,634,7330086,116356,778.0,8981.0,139.0,1499.0,502.0,445319.0,52382700.0,47032324.0,242968.0
France,,2021-11-26,635,7364380,116416,744.0,9181.0,176.0,1563.0,481.0,445800.0,52415955.0,47107031.0,264331.0
France,,2021-11-27,636,7401437,116448,388.0,9271.0,102.0,1617.0,259.0,446059.0,52439463.0,47156604.0,282038.0
France,,2021-11-28,637,7433018,116469,224.0,9381.0,42.0,1632.0,93.0,446152.0,52442991.0,47167093.0,289754.0
France,,2021-11-29,638,7441297,116591,1043.0,9860.0,253.0,1749.0,420.0,446572.0,52462438.0,47221210.0,315339.0
France,,2021-11-30,639,7486179,116702,1187.0,10249.0,271.0,1824.0,670.0,447242.0,52487226.0,47293040.0,351599.0
France,,2021-12-01,640,7535587,116793,992.0,10558.0,215.0,1886.0,586.0,447828.0,52514624.0,47368488.0,389051.0
France,,2021-12-02,641,7583957,116895,950.0,10790.0,193.0,1934.0,600.0,448428.0,52536753.0,47440023.0,430562.0
France,,2021-12-03,642,7633529,117016,1153.0,11103.0,281.0,2058.0,681.0,449109.0,52562334.0,47532864.0,463127.0
France,,2021-12-04,643,7684993,117064,694.0,11340.0,119.0,2037.0,401.0,449510.0,52580677.0,47593198.0,481300.0
France,,2021-12-05,644,7727146,117091,369.0,11526.0,70.0,2066.0,150.0,449660.0,52584835.0,47609340.0,487785.0
France,,2021-12-06,645,7738424,117283,1424.0,12096.0,307.0,2191.0,659.0,450319.0,52613286.0,47682076.0,513449.0
France,,2021-12-07,646,7794665,117447,1665.0,12714.0,408.0,2351.0,843.0,451162.0,52636854.0,47773315.0,543028.0
France,,2021-12-08,647,7855841,117579,1288.0,13044.0,276.0,2426.0,807.0,451969.0,52662377.0,47865217.0,562725.0
France,,2021-12-09,648,7912490,117706,1250.0,13363.0,243.0,2461.0,797.0,452766.0,52686463.0,47959281.0,585798.0
France,,2021-12-10,649,7967415,117851,1293.0,13629.0,250.0,2498.0,856.0,453622.0,52714543.0,48070110.0,608782.0
France,,2021-12-11,650,8021334,117918,787.0,13855.0,176.0,2539.0,481.0,454103.0,52734796.0,48146145.0,625482.0
France,,2021-12-12,651,8065182,117966,472.0,14050.0,111.0,2602.0,222.0,454325.0,52740478.0,48169264.0,633365.0
France,,2021-12-13,652,8076647,118201,1505.0,14527.0,379.0,2752.0,778.0,455103.0,52761847.0,48259992.0,648511.0
France,,2021-12-14,653,8136637,118357,1662.0,14819.0,362.0,2792.0,1182.0,456285.0,52789838.0,48378223.0,670305.0
France,,2021-12-15,654,8202064,118504,1453.0,15062.0,274.0,2843.0,1028.0,457313.0,52818297.0,48492368.0,688637.0
France,,2021-12-16,655,8262620,118676,1342.0,15142.0,248.0,2832.0,1068.0,458381.0,52846358.0,48607931.0,706751.0
France,,2021-12-17,656,8320607,118836,1449.0,15410.0,301.0,2901.0,1014.0,459395.0,52878024.0,48736138.0,720100.0
France,,2021-12-18,657,8379143,118921,816.0,15370.0,190.0,2933.0,743.0,460138.0,52902968.0,48817638.0,726547.0
France,,2021-12-19,658,8427616,118996,485.0,15528.0,91.0,2936.0,244.0,460382.0,52911738.0,48846162.0,731647.0
France,,2021-12-20,659,8442487,119212,1466.0,15918.0,340.0,3025.0,857.0,461239.0,52943519.0,48943192.0,734592.0
France,,2021-12-21,660,8515067,119439,1661.0,16076.0,357.0,3096.0,1267.0,462506.0,52982998.0,49055044.0,723393.0
France,,2021-12-22,661,8599161,119608,1404.0,16118.0,322.0,3147.0,1160.0,463666.0,53022563.0,49154163.0,705873.0
France,,2021-12-23,662,8685716,119773,1347.0,16060.0,323.0,3208.0,1237.0,464903.0,53056351.0,49233489.0,655221.0
France,,2021-12-24,663,8779840,119940,1398.0,16173.0,316.0,3254.0,1105.0,466008.0,53067051.0,49259496.0,537726.0
France,,2021-12-25,664,8884451,120024,760.0,16162.0,160.0,3282.0,674.0,466682.0,53067829.0,49263068.0,456912.0
France,,2021-12-26,665,8912148,120120,506.0,16365.0,93.0,3299.0,192.0,466874.0,53072527.0,49274949.0,437160.0
France,,2021-12-27,666,8941762,120365,1634.0,16921.0,328.0,3333.0,805.0,467679.0,53103038.0,49358854.0,415331.0
France,,2021-12-28,667,9121078,120659,2110.0,17405.0,417.0,3416.0,1305.0,468984.0,53141407.0,49457646.0,396315.0
France,,2021-12-29,668,9323371,120832,1949.0,17856.0,363.0,3469.0,1311.0,470295.0,53181288.0,49545822.0,384064.0
France,,2021-12-30,669,9529614,121012,1922.0,18321.0,299.0,3506.0,1239.0,471534.0,53217216.0,49620907.0,380878.0
France,,2021-12-31,670,9761814,121201,1928.0,18715.0,320.0,3543.0,1301.0,472835.0,53229268.0,49645995.0,381771.0
France,,2022-01-01,671,9980940,121311,1102.0,18811.0,197.0,3560.0,860.0,473695.0,53230857.0,49649212.0,381972.0
France,,2022-01-02,672,10039372,121402,652.0,19043.0,101.0,3572.0,310.0,474005.0,53236979.0,49662259.0,383237.0
France,,2022-01-03,673,10106833,121672,2160.0,19606.0,352.0,3654.0,1305.0,475310.0,53276444.0,49752387.0,391335.0
France,,2022-01-04,674,10371017,122014,2881.0,20186.0,460.0,3665.0,1996.0,477306.0,53318674.0,49863388.0,404740.0
France,,2022-01-05,675,10693911,122250,2483.0,20688.0,396.0,3695.0,1701.0,479007.0,53379891.0,49967005.0,419749.0
France,,2022-01-06,676,10952698,122454,2401.0,21169.0,410.0,3759.0,1696.0,480703.0,53424208.0,50077336.0,457293.0
France,,2022-01-07,677,11275841,122640,2308.0,21605.0,358.0,3815.0,1640.0,482343.0,53475051.0,50200636.0,562092.0
France,,2022-01-08,678,11579510,122782,1485.0,21721.0,243.0,3821.0,1235.0,483578.0,53520066.0,50280904.0,638800.0
France,,2022-01-09,679,11875607,122872,842.0,21982.0,151.0,3847.0,465.0,484043.0,53535681.0,50307525.0,652144.0
France,,2022-01-10,680,11963184,123151,2543.0,22749.0,380.0,3904.0,1446.0,485489.0,53571099.0,50400810.0,648399.0
France,,2022-01-11,681,12322734,123490,3149.0,23371.0,492.0,3969.0,2247.0,487736.0,53613048.0,50501251.0,633546.0
France,,2022-01-12,682,12655210,123714,2806.0,23889.0,381.0,3985.0,1995.0,489731.0,53673469.0,50596952.0,615655.0
France,,2022-01-13,683,12956857,123938,2513.0,24154.0,334.0,3939.0,1990.0,491721.0,53711742.0,50689494.0,590497.0
France,,2022-01-14,684,13279505,124129,2486.0,24511.0,310.0,3895.0,1938.0,493659.0,53754329.0,50792788.0,566043.0
France,,2022-01-15,685,13604085,124277,1690.0,24544.0,218.0,3852.0,1475.0,495134.0,53793763.0,50858678.0,551205.0
France,,2022-01-16,686,13882214,124358,1029.0,24887.0,119.0,3852.0,578.0,495712.0,53805177.0,50877880.0,543659.0
France,,2022-01-17,687,13971316,124654,2815.0,25776.0,355.0,3913.0,1587.0,497299.0,53829934.0,50937874.0,516024.0
France,,2022-01-18,688,14432833,125029,3509.0,26526.0,367.0,3881.0,2444.0,499743.0,53858267.0,51006559.0,482727.0
France,,2022-01-19,689,14864061,125029,3187.0,27230.0,330.0,3852.0,2230.0,501973.0,53901497.0,51073588.0,451615.0
France,,2022-01-20,690,15254588,125462,3053.0,27931.0,301.0,3842.0,2092.0,504065.0,53925176.0,51133178.0,417873.0
France,,2022-01-21,691,15652063,125690,3077.0,28457.0,329.0,3792.0,2256.0,506321.0,53953388.0,51201951.0,381964.0
France,,2022-01-22,692,16041383,125857,1994.0,28515.0,214.0,3746.0,1706.0,508027.0,53981017.0,51249942.0,360362.0
France,,2022-01-23,693,16342997,125972,1094.0,28838.0,143.0,3760.0,639.0,508666.0,53987758.0,51262914.0,353262.0
France,,2022-01-24,694,16446852,126358,3353.0,29748.0,337.0,3776.0,1993.0,510659.0,54004043.0,51310343.0,335516.0
France,,2022-01-25,695,16948487,126825,3842.0,30189.0,380.0,3741.0,2989.0,513648.0,54023074.0,51364648.0,315235.0
France,,2022-01-26,696,17310548,127032,3297.0,30624.0,341.0,3712.0,2581.0,516229.0,54051223.0,51425201.0,301844.0
France,,2022-01-27,697,17696796,127295,3095.0,30982.0,316.0,3694.0,2433.0,518662.0,54067560.0,51471683.0,285800.0
France,,2022-01-28,698,18048584,127557,3098.0,31271.0,321.0,3656.0,2523.0,521185.0,54089152.0,51550323.0,275289.0
France,,2022-01-29,699,18380982,127735,1911.0,31282.0,189.0,3634.0,1715.0,522900.0,54107576.0,51603182.0,269696.0
France,,2022-01-30,700,18630430,127862,1090.0,31536.0,115.0,3641.0,687.0,523587.0,54112053.0,51617665.0,268216.0
France,,2022-01-31,701,18713087,128210,3147.0,32374.0,334.0,3700.0,1956.0,525543.0,54123314.0,51661569.0,257061.0
France,,2022-02-01,702,19112755,128567,3917.0,32894.0,454.0,3751.0,2940.0,528483.0,54136961.0,51709853.0,245523.0
France,,2022-02-02,703,19378646,128804,3230.0,32720.0,366.0,3700.0,3031.0,531514.0,54157622.0,51776158.0,239844.0
France,,2022-02-03,704,19649274,129058,3091.0,32852.0,310.0,3643.0,2404.0,533918.0,54169372.0,51820935.0,231748.0
France,,2022-02-04,705,19890150,129411,4033.0,32988.0,402.0,3618.0,3524.0,537442.0,54184016.0,51888812.0,221913.0
France,,2022-02-05,706,20104692,129581,1816.0,32867.0,225.0,3606.0,1759.0,539201.0,54196919.0,51940248.0,216532.0
France,,2022-02-06,707,20260131,129710,902.0,33027.0,106.0,3577.0,596.0,539797.0,54199646.0,51952418.0,214485.0
France,,2022-02-07,708,20303662,130125,2830.0,33447.0,328.0,3622.0,2017.0,541814.0,54209259.0,51999037.0,215857.0
France,,2022-02-08,709,20538622,130816,3060.0,33352.0,320.0,3555.0,2796.0,544610.0,54219073.0,52042135.0,213459.0
France,,2022-02-09,710,20504667,130779,2614.0,32878.0,296.0,3503.0,2796.0,547406.0,54233453.0,52100401.0,211505.0
France,,2022-02-10,711,20834193,131421,2420.0,32415.0,288.0,3416.0,2541.0,549947.0,54242179.0,52139623.0,209214.0
France,,2022-02-11,712,20957064,131672,2377.0,31939.0,245.0,3371.0,2578.0,552525.0,54253042.0,52195319.0,203946.0
France,,2022-02-12,713,21075675,131833,1329.0,31522.0,156.0,3324.0,1570.0,554095.0,54261451.0,52236307.0,199111.0
France,,2022-02-13,714,21162237,131940,697.0,31621.0,90.0,3305.0,475.0,554570.0,54263391.0,52244916.0,198154.0
France,,2022-02-14,715,21186090,132323,2215.0,31532.0,311.0,3296.0,1907.0,556477.0,54270386.0,52280186.0,194925.0
France,,2022-02-15,716,21186090,132323,2454.0,31091.0,291.0,3235.0,2561.0,559038.0,54277455.0,52316433.0,190728.0
France,,2022-02-16,717,21397630,132932,1975.0,30578.0,207.0,3126.0,2215.0,561253.0,54286870.0,52359432.0,182128.0
France,,2022-02-17,718,21489937,133219,1882.0,29843.0,228.0,3055.0,2353.0,563606.0,54292451.0,52383784.0,170521.0
France,,2022-02-18,719,21572490,133523,1795.0,29194.0,196.0,2970.0,2161.0,565767.0,54299452.0,52417376.0,152649.0
France,,2022-02-19,720,21649042,133670,978.0,28632.0,127.0,2918.0,1370.0,567137.0,54304822.0,52441946.0,140613.0
France,,2022-02-20,721,21708045,133671,495.0,28643.0,67.0,2923.0,403.0,567540.0,54305972.0,52446611.0,137873.0
France,,2022-02-21,722,21717576,133671,1570.0,28383.0,210.0,2905.0,1540.0,569080.0,54310072.0,52464526.0,122613.0
France,,2022-02-22,723,21801326,134292,1834.0,27566.0,206.0,2842.0,2320.0,571400.0,54314538.0,52483196.0,107397.0
France,,2022-02-23,724,21866657,134493,1592.0,26881.0,177.0,2753.0,2040.0,573440.0,54321131.0,52510571.0,95309.0
France,,2022-02-24,725,21933357,134772,1352.0,26118.0,150.0,2656.0,1884.0,575324.0,54324982.0,52526139.0,88529.0
France,,2022-02-25,726,21991477,134960,1285.0,25484.0,111.0,2546.0,1716.0,577040.0,54330269.0,52550449.0,80770.0
France,,2022-02-26,727,22045100,135061,712.0,25264.0,62.0,2484.0,835.0,577875.0,54334264.0,52568244.0,76373.0
France,,2022-02-27,728,22087700,135137,384.0,25277.0,59.0,2491.0,319.0,578194.0,54335145.0,52571264.0,75509.0
France,,2022-02-28,729,22098808,135360,1210.0,25079.0,163.0,2456.0,1166.0,579360.0,54338270.0,52583837.0,71542.0
France,,2022-03-01,730,22166213,135520,1330.0,24437.0,218.0,2408.0,1750.0,581110.0,54342282.0,52596456.0,68216.0
France,,2022-03-02,731,22223910,135706,1249.0,23840.0,153.0,2329.0,1651.0,582761.0,54347618.0,52614279.0,63886.0
France,,2022-03-03,732,22282571,135885,1037.0,23175.0,100.0,2231.0,1503.0,584264.0,54350446.0,52623651.0,59899.0
France,,2022-03-04,733,22340070,136065,1012.0,22643.0,104.0,2153.0,1378.0,585642.0,54353675.0,52636163.0,52755.0
France,,2022-03-05,734,22393748,136185,542.0,22196.0,55.0,2075.0,877.0,586519.0,54356749.0,52645460.0,48197.0
France,,2022-03-06,735,22439076,136217,256.0,22253.0,28.0,2079.0,167.0,586686.0,54357270.0,52646871.0,47225.0
France,,2022-03-07,736,22450311,136391,1274.0,22208.0,153.0,2089.0,1116.0,587802.0,54359685.0,52652510.0,42976.0
France,,2022-03-08,737,22530160,136539,1312.0,21899.0,125.0,2036.0,1405.0,589207.0,54361838.0,52658602.0,38230.0
France,,2022-03-09,738,22599285,136694,1147.0,21509.0,120.0,1962.0,1383.0,590590.0,54365419.0,52669104.0,33365.0
France,,2022-03-10,739,22668331,136798,1122.0,21287.0,121.0,1928.0,1200.0,591790.0,54367250.0,52674951.0,30874.0
France,,2022-03-11,740,22741033,136947,1099.0,21024.0,119.0,1875.0,1225.0,593015.0,54369672.0,52682519.0,27772.0
France,,2022-03-12,741,22811557,136997,577.0,20860.0,57.0,1857.0,668.0,593683.0,54372370.0,52689305.0,26246.0
France,,2022-03-13,742,22870593,137025,285.0,20917.0,27.0,1855.0,194.0,593877.0,54372776.0,52690101.0,26032.0
France,,2022-03-14,743,22889446,137210,1318.0,20925.0,118.0,1826.0,1132.0,595009.0,54374334.0,52694377.0,25808.0
France,,2022-03-15,744,22995380,137342,1553.0,20919.0,141.0,1783.0,1385.0,596394.0,54376085.0,52700670.0,26370.0
France,,2022-03-16,745,23101166,137515,1313.0,20757.0,97.0,1728.0,1290.0,597684.0,54379121.0,52708087.0,27275.0
France,,2022-03-17,746,23201324,137630,1164.0,20609.0,100.0,1695.0,1205.0,598889.0,54380582.0,52712073.0,27907.0
France,,2022-03-18,747,23297675,137739,1182.0,20519.0,118.0,1674.0,1161.0,600050.0,54382850.0,52717836.0,29523.0
France,,2022-03-19,748,23395779,137801,620.0,20440.0,51.0,1644.0,637.0,600687.0,54385144.0,52722640.0,29904.0
France,,2022-03-20,749,23477062,137831,323.0,20566.0,30.0,1642.0,163.0,600850.0,54385445.0,52723378.0,29955.0
France,,2022-03-21,750,23496196,137978,1401.0,20706.0,124.0,1632.0,1088.0,601938.0,54386839.0,52726601.0,30965.0
France,,2022-03-22,751,23676973,138111,1562.0,20742.0,147.0,1604.0,1350.0,603288.0,54388396.0,52730344.0,32061.0
France,,2022-03-23,752,23822533,138212,1373.0,20653.0,109.0,1564.0,1355.0,604643.0,54391085.0,52736640.0,33039.0
France,,2022-03-24,753,23962674,138323,1338.0,20654.0,101.0,1523.0,1216.0,605859.0,54392495.0,52739796.0,33659.0
France,,2022-03-25,754,24101868,138443,1488.0,20616.0,117.0,1489.0,1387.0,607246.0,54394582.0,52744957.0,34694.0
France,,2022-03-26,755,24241385,138510,619.0,20532.0,54.0,1481.0,643.0,607889.0,54396814.0,52749374.0,34950.0
France,,2022-03-27,756,24351559,138551,292.0,20606.0,32.0,1486.0,191.0,608080.0,54397177.0,52750068.0,35009.0
France,,2022-03-28,757,24376241,138695,1694.0,21073.0,174.0,1533.0,1047.0,609127.0,54398644.0,52753155.0,35134.0
France,,2022-03-29,758,24583965,138852,1892.0,21300.0,154.0,1538.0,1495.0,610622.0,54400098.0,52756442.0,35930.0
France,,2022-03-30,759,24751850,139000,1892.0,21688.0,152.0,1546.0,1346.0,611968.0,54402952.0,52761969.0,36163.0
France,,2022-03-31,760,24921161,139139,1763.0,21922.0,160.0,1551.0,1405.0,613373.0,54404567.0,52765541.0,37509.0
France,,2022-04-01,761,25068545,139272,1682.0,22066.0,148.0,1537.0,1397.0,614770.0,54407252.0,52770141.0,38174.0
France,,2022-04-02,762,25200659,139340,969.0,22113.0,77.0,1523.0,848.0,615618.0,54408784.0,52772790.0,37026.0
France,,2022-04-03,763,25302925,139371,347.0,22251.0,37.0,1539.0,178.0,615796.0,54409077.0,52773305.0,36896.0
France,,2022-04-04,764,25330573,139520,2021.0,22835.0,177.0,1541.0,1272.0,617068.0,54413449.0,52776314.0,37714.0
France,,2022-04-05,765,25529204,139640,2052.0,23010.0,199.0,1552.0,1695.0,618763.0,54416052.0,52779488.0,39006.0
France,,2022-04-06,766,25679132,139755,1948.0,23014.0,164.0,1561.0,1836.0,620599.0,54418662.0,52783456.0,38310.0
France,,2022-04-07,767,25837924,139860,1760.0,23272.0,135.0,1572.0,1381.0,621980.0,54420651.0,52786606.0,39655.0
France,,2022-04-08,768,25985800,139999,1903.0,23404.0,160.0,1554.0,1622.0,623602.0,54422961.0,52790948.0,41319.0
France,,2022-04-09,769,26127490,140086,1103.0,23474.0,69.0,1543.0,938.0,624540.0,54424334.0,52793628.0,41828.0
France,,2022-04-10,770,26235144,140131,401.0,23626.0,47.0,1562.0,216.0,624756.0,54424629.0,52794384.0,42044.0
France,,2022-04-11,771,26256894,140307,2099.0,24205.0,171.0,1589.0,1315.0,626071.0,54425979.0,52797006.0,42170.0
France,,2022-04-12,772,26447656,140466,2619.0,24693.0,269.0,1644.0,1938.0,628009.0,54427707.0,52800089.0,42953.0
France,,2022-04-13,773,26581294,140607,2069.0,24778.0,179.0,1650.0,1860.0,629869.0,54429685.0,52803808.0,43754.0
France,,2022-04-14,774,26718636,140740,1836.0,24828.0,189.0,1648.0,1644.0,631513.0,54431186.0,52806793.0,43957.0
France,,2022-04-15,775,26844030,140891,1953.0,24909.0,209.0,1652.0,1711.0,633224.0,54433060.0,52810624.0,42106.0
France,,2022-04-16,776,26955613,140952,885.0,24894.0,63.0,1630.0,840.0,634064.0,54434104.0,52812459.0,40805.0
France,,2022-04-17,777,27042263,140987,315.0,24922.0,38.0,1636.0,251.0,634315.0,54434299.0,52812799.0,40469.0
France,,2022-04-18,778,27062073,141035,341.0,24990.0,34.0,1635.0,220.0,634535.0,54434498.0,52813343.0,35441.0
France,,2022-04-19,779,27083370,141216,2195.0,25277.0,203.0,1681.0,1714.0,636249.0,54436044.0,52816377.0,33645.0
France,,2022-04-20,780,27239081,141443,2537.0,25179.0,261.0,1677.0,2343.0,638592.0,54438050.0,52819884.0,33024.0
France,,2022-04-21,781,27343088,141628,1842.0,25018.0,181.0,1684.0,1820.0,640412.0,54439565.0,52822743.0,32750.0
France,,2022-04-22,782,27416764,141763,1829.0,24883.0,153.0,1645.0,1832.0,642244.0,54441445.0,52826367.0,33131.0
France,,2022-04-23,783,27497335,141838,916.0,24840.0,69.0,1636.0,893.0,643137.0,54442596.0,52828435.0,33622.0
France,,2022-04-24,784,27556289,141878,372.0,24888.0,35.0,1640.0,285.0,643422.0,54442846.0,52828899.0,33777.0
France,,2022-04-25,785,27567552,142074,1835.0,24980.0,198.0,1659.0,1540.0,644962.0,54444154.0,52831431.0,38209.0
France,,2022-04-26,786,27665050,142244,1932.0,24703.0,202.0,1667.0,2021.0,646983.0,54445781.0,52834437.0,39605.0
France,,2022-04-27,787,27719872,142389,1580.0,24431.0,168.0,1658.0,1696.0,648679.0,54447745.0,52837504.0,39570.0
France,,2022-04-28,788,27779632,142521,1403.0,24130.0,155.0,1629.0,1570.0,650249.0,54449315.0,52840277.0,39712.0
France,,2022-04-29,789,27829894,142678,1326.0,23579.0,141.0,1591.0,1744.0,651993.0,54451325.0,52845113.0,39724.0
France,,2022-04-30,790,27879376,142739,558.0,23302.0,45.0,1562.0,751.0,652744.0,54452549.0,52849645.0,39885.0
France,,2022-05-01,791,27916102,142771,208.0,23327.0,19.0,1557.0,157.0,652901.0,54452769.0,52849970.0,39696.0
France,,2022-05-02,792,27924839,142951,1442.0,23211.0,139.0,1511.0,1379.0,654280.0,54455109.0,52852917.0,39558.0
France,,2022-05-03,793,27978577,143062,1463.0,22849.0,142.0,1498.0,1664.0,655944.0,54457171.0,52856181.0,39100.0
France,,2022-05-04,794,28026502,143176,991.0,22319.0,98.0,1465.0,1397.0,657341.0,54459094.0,52859484.0,38446.0
France,,2022-05-05,795,28070727,143298,1116.0,21880.0,117.0,1447.0,1426.0,658767.0,54460886.0,52862521.0,38213.0
France,,2022-05-06,796,28108929,143408,939.0,21277.0,102.0,1408.0,1334.0,660101.0,54463103.0,52866184.0,37978.0
France,,2022-05-07,797,28146887,143470,1225.0,20963.0,116.0,1397.0,1465.0,661566.0,54464313.0,52867966.0,37503.0
France,,2022-05-08,798,28176211,143524,193.0,20939.0,24.0,1403.0,164.0,661730.0,54464580.0,52868366.0,37635.0
France,,2022-05-09,799,28181004,143655,1029.0,20835.0,115.0,1380.0,1007.0,662737.0,54465983.0,52870676.0,37530.0
France,,2022-05-10,800,28229588,143772,1167.0,20499.0,141.0,1364.0,1361.0,664098.0,54467782.0,52874107.0,38108.0
France,,2022-05-11,801,28269887,143868,993.0,20152.0,94.0,1329.0,1236.0,665334.0,54469786.0,52877128.0,38201.0
France,,2022-05-12,802,28305934,143952,830.0,19762.0,91.0,1292.0,1121.0,666455.0,54471380.0,52879872.0,38195.0
France,,2022-05-13,803,28334484,144048,756.0,19272.0,77.0,1233.0,1127.0,667582.0,54473363.0,52883095.0,38039.0
France,,2022-05-14,804,28364943,144059,387.0,18901.0,42.0,1213.0,691.0,668273.0,54474512.0,52884734.0,38101.0
France,,2022-05-15,805,28387787,144066,145.0,18935.0,13.0,1214.0,94.0,668367.0,54474795.0,52885212.0,38114.0
France,,2022-05-16,806,28391147,144269,900.0,18742.0,94.0,1199.0,962.0,669329.0,54475990.0,52887262.0,37986.0
France,,2022-05-17,807,28429331,144351,883.0,18290.0,106.0,1173.0,1226.0,670555.0,54477581.0,52889870.0,37429.0
France,,2022-05-18,808,28493347,144431,675.0,17883.0,67.0,1149.0,990.0,671545.0,54479396.0,52892520.0,37088.0
France,,2022-05-19,809,28521189,144498,591.0,17531.0,69.0,1115.0,871.0,672416.0,54480844.0,52895179.0,36955.0
France,,2022-05-20,810,28540650,144563,591.0,17141.0,62.0,1095.0,912.0,673328.0,54482720.0,52898300.0,37076.0
France,,2022-05-21,811,28563157,144565,283.0,16935.0,35.0,1085.0,445.0,673773.0,54483879.0,52900020.0,36923.0
France,,2022-05-22,812,28580122,144568,83.0,16941.0,5.0,1081.0,65.0,673838.0,54484120.0,52900361.0,36862.0
France,,2022-05-23,813,28550384,144700,630.0,16785.0,79.0,1074.0,683.0,674521.0,54485297.0,52902487.0,36798.0
France,,2022-05-24,814,28575859,144779,666.0,16510.0,87.0,1072.0,841.0,675362.0,54486838.0,52905245.0,36890.0
France,,2022-05-25,815,28597865,144830,584.0,16133.0,59.0,1043.0,907.0,676269.0,54488652.0,52908078.0,36535.0
France,,2022-05-26,816,28619099,144858,283.0,16015.0,45.0,1033.0,365.0,676634.0,54488868.0,52908513.0,29819.0
France,,2022-05-27,817,28623271,144903,404.0,15811.0,35.0,1024.0,571.0,677205.0,54490257.0,52910987.0,26480.0
France,,2022-05-28,818,28646853,144903,163.0,15652.0,30.0,1022.0,297.0,677502.0,54490926.0,52912259.0,25654.0
France,,2022-05-29,819,28663293,144904,73.0,15646.0,6.0,1014.0,60.0,677562.0,54491083.0,52912575.0,25525.0
France,,2022-05-30,820,28667966,145025,635.0,15488.0,79.0,992.0,689.0,678251.0,54492108.0,52914541.0,25057.0
France,,2022-05-31,821,28703050,145101,626.0,15118.0,79.0,952.0,903.0,679154.0,54493596.0,52917062.0,24336.0
France,,2022-06-01,822,28721343,145138,459.0,14850.0,45.0,929.0,671.0,679825.0,54495344.0,52920158.0,24562.0
France,,2022-06-02,823,28744662,145172,453.0,14640.0,55.0,926.0,616.0,680441.0,54496823.0,52922772.0,31341.0
France,,2022-06-03,824,28769716,145210,390.0,14419.0,51.0,917.0,560.0,681001.0,54498550.0,52925850.0,34561.0
France,,2022-06-04,825,28794888,145213,217.0,14274.0,35.0,917.0,320.0,681321.0,54499524.0,52927365.0,35131.0
France,,2022-06-05,826,28815430,145216,79.0,14285.0,8.0,914.0,59.0,681380.0,54499704.0,52927700.0,35182.0
France,,2022-06-06,827,28821614,145216,78.0,14302.0,7.0,907.0,51.0,681431.0,54500554.0,52928961.0,31792.0
France,,2022-06-07,828,28825328,145332,715.0,14275.0,76.0,895.0,650.0,682081.0,54502048.0,52931678.0,31815.0
France,,2022-06-08,829,28879130,145409,764.0,14189.0,84.0,895.0,742.0,682823.0,54503630.0,52934369.0,32075.0
France,,2022-06-09,830,28917357,145439,597.0,14158.0,63.0,876.0,587.0,683410.0,54504926.0,52936809.0,32488.0
France,,2022-06-10,831,28917357,145439,483.0,14028.0,63.0,869.0,587.0,683997.0,54506556.0,52940003.0,33315.0
France,,2022-06-11,832,28917263,145478,322.0,14061.0,43.0,875.0,265.0,684262.0,54507518.0,52941742.0,33759.0
France,,2022-06-12,833,28917263,145478,86.0,14080.0,4.0,871.0,52.0,684314.0,54507719.0,52942191.0,33901.0
France,,2022-06-13,834,28917263,145478,663.0,14125.0,71.0,865.0,532.0,684846.0,54508839.0,52944263.0,37938.0
France,,2022-06-14,835,29081355,145613,682.0,14072.0,66.0,854.0,668.0,685514.0,54510184.0,52946812.0,39314.0
France,,2022-06-15,836,29133309,145662,588.0,13910.0,75.0,847.0,685.0,686199.0,54511709.0,52949281.0,39596.0
France,,2022-06-16,837,29186390,145711,599.0,13914.0,71.0,846.0,547.0,686746.0,54512897.0,52951321.0,39485.0
France,,2022-06-17,838,29236926,145754,659.0,13895.0,63.0,845.0,630.0,687376.0,54514389.0,52954184.0,39601.0
France,,2022-06-18,839,29236926,145754,302.0,13876.0,31.0,829.0,295.0,687671.0,54515245.0,52955711.0,39360.0
France,,2022-06-19,840,29236926,145754,123.0,13932.0,8.0,830.0,55.0,687726.0,54515428.0,52956077.0,39321.0
France,,2022-06-20,841,29338883,145821,908.0,14190.0,100.0,849.0,594.0,688320.0,54516454.0,52958005.0,39911.0
France,,2022-06-21,842,29422836,145869,829.0,14334.0,76.0,841.0,607.0,688927.0,54517781.0,52960409.0,40574.0
France,,2022-06-22,843,29499502,145927,1022.0,14412.0,93.0,845.0,881.0,689808.0,54519178.0,52962924.0,41671.0
France,,2022-06-23,844,29579354,145967,856.0,14499.0,60.0,841.0,714.0,690522.0,54520407.0,52965293.0,44001.0
France,,2022-06-24,845,29658559,146016,912.0,14550.0,99.0,830.0,798.0,691320.0,54521900.0,52968292.0,47395.0
France,,2022-06-25,846,29658559,146016,451.0,14566.0,29.0,818.0,407.0,691727.0,54522839.0,52970076.0,48939.0
France,,2022-06-26,847,29658559,146016,154.0,14636.0,13.0,822.0,77.0,691804.0,54523068.0,52970535.0,49383.0
France,,2022-06-27,848,29823387,146105,1241.0,15099.0,127.0,880.0,724.0,692528.0,54524201.0,52972561.0,52840.0
France,,2022-06-28,849,29958577,146123,1289.0,15496.0,105.0,898.0,838.0,693366.0,54525664.0,52975373.0,59470.0
France,,2022-06-29,850,30083301,146171,1118.0,15690.0,106.0,914.0,872.0,694238.0,54527376.0,52978204.0,64733.0
France,,2022-06-30,851,30216647,146213,1020.0,15836.0,105.0,931.0,840.0,695078.0,54528912.0,52980938.0,71082.0
France,,2022-07-01,852,30341632,146265,1206.0,16108.0,105.0,960.0,885.0,695963.0,54530927.0,52984740.0,79073.0
France,,2022-07-02,853,30341632,146265,639.0,16220.0,44.0,951.0,497.0,696460.0,54532015.0,52986598.0,81695.0
France,,2022-07-03,854,30341632,146265,230.0,16278.0,17.0,953.0,141.0,696601.0,54532308.0,52987137.0,82131.0
France,,2022-07-04,855,30584880,146406,1607.0,16638.0,146.0,978.0,1108.0,697709.0,54534225.0,52990606.0,87443.0
France,,2022-07-05,856,30781967,146473,1842.0,17041.0,158.0,1004.0,1354.0,699063.0,54536019.0,52993776.0,94117.0
France,,2022-07-06,857,30936582,146526,1603.0,17496.0,127.0,1027.0,1099.0,700162.0,54537862.0,52996567.0,98596.0
France,,2022-07-07,858,31097847,146615,1523.0,17719.0,122.0,1035.0,1211.0,701373.0,54539574.0,52999441.0,103568.0
France,,2022-07-08,859,31235794,146682,1590.0,17944.0,126.0,1027.0,1290.0,702663.0,54541467.0,53002597.0,106371.0
France,,2022-07-09,860,31235794,146682,788.0,17936.0,82.0,1040.0,747.0,703410.0,54542335.0,53004061.0,106481.0
France,,2022-07-10,861,31235794,146682,268.0,17999.0,27.0,1045.0,172.0,703582.0,54542605.0,53004749.0,106613.0
France,,2022-07-11,862,31487131,146844,1795.0,18605.0,176.0,1107.0,1056.0,704638.0,54544061.0,53007230.0,107744.0
France,,2022-07-12,863,31659753,146958,2389.0,19160.0,215.0,1158.0,1655.0,706293.0,54545902.0,53010347.0,109517.0
France,,2022-07-13,864,31787395,147067,2002.0,19580.0,177.0,1184.0,1446.0,707739.0,54547680.0,53013098.0,108757.0
France,,2022-07-14,865,31787395,147067,908.0,19647.0,72.0,1178.0,791.0,708530.0,54547865.0,53013474.0,88674.0
France,,2022-07-15,866,31787395,147067,1343.0,19935.0,131.0,1204.0,964.0,709494.0,54549351.0,53016058.0,80210.0
France,,2022-07-16,867,31787395,147067,910.0,20023.0,95.0,1217.0,761.0,710255.0,54549978.0,53017255.0,78032.0
France,,2022-07-17,868,31787395,147067,276.0,20137.0,18.0,1225.0,138.0,710393.0,54550160.0,53017651.0,77557.0
France,,2022-07-18,869,32141518,147482,2018.0,20530.0,195.0,1271.0,1451.0,711844.0,54551291.0,53019900.0,73239.0
France,,2022-07-19,870,32269027,147619,2310.0,20896.0,211.0,1323.0,1776.0,713620.0,54552711.0,53022257.0,66594.0
France,,2022-07-20,871,32358740,147744,1701.0,21010.0,144.0,1299.0,1473.0,715093.0,54554137.0,53024568.0,63667.0
France,,2022-07-21,872,32439609,147877,1611.0,20877.0,161.0,1305.0,1613.0,716706.0,54555423.0,53026737.0,77488.0
France,,2022-07-22,873,32513712,147990,1552.0,20769.0,148.0,1304.0,1549.0,718255.0,54556852.0,53029227.0,78150.0
France,,2022-07-23,874,32513712,147990,695.0,20730.0,55.0,1279.0,700.0,718955.0,54557536.0,53030536.0,77758.0
France,,2022-07-24,875,32513712,147990,226.0,20782.0,22.0,1272.0,152.0,719107.0,54557721.0,53030890.0,77595.0
France,,2022-07-25,876,32643471,148200,1656.0,21038.0,180.0,1285.0,1261.0,720368.0,54558781.0,53032692.0,75225.0
France,,2022-07-26,877,32723412,148306,1761.0,20924.0,188.0,1317.0,1770.0,722138.0,54560080.0,53034905.0,72268.0
France,,2022-07-27,878,32782050,148409,1414.0,20662.0,97.0,1253.0,1584.0,723722.0,54561305.0,53036915.0,69484.0
France,,2022-07-28,879,32827964,148514,1229.0,20486.0,102.0,1208.0,1283.0,725005.0,54562397.0,53038790.0,65608.0
France,,2022-07-29,880,32872716,148603,1076.0,20214.0,111.0,1195.0,1232.0,726237.0,54563680.0,53040871.0,61608.0
France,,2022-07-30,881,32872716,148603,624.0,20068.0,65.0,1194.0,725.0,726962.0,54564183.0,53041742.0,60203.0
France,,2022-07-31,882,32872716,148603,166.0,20098.0,16.0,1195.0,125.0,727087.0,54564337.0,53042031.0,59912.0
France,,2022-08-01,883,32952778,148799,1195.0,20063.0,130.0,1205.0,1046.0,728133.0,54565308.0,53043697.0,57061.0
France,,2022-08-02,884,33001908,148885,1306.0,19792.0,141.0,1180.0,1453.0,729586.0,54566356.0,53045353.0,52082.0
France,,2022-08-03,885,33040311,148975,1001.0,19389.0,92.0,1151.0,1316.0,730902.0,54567202.0,53046618.0,48143.0
France,,2022-08-04,886,33068287,149055,1002.0,19154.0,107.0,1151.0,1145.0,732047.0,54567941.0,53047806.0,44427.0
France,,2022-08-05,887,33098879,149135,851.0,18803.0,106.0,1142.0,1131.0,733178.0,54568797.0,53049170.0,40715.0
France,,2022-08-06,888,33098879,149135,434.0,18669.0,42.0,1146.0,539.0,733717.0,54569138.0,53049728.0,39599.0
France,,2022-08-07,889,33098879,149135,109.0,18693.0,8.0,1147.0,75.0,733792.0,54569242.0,53049892.0,39401.0
France,,2022-08-08,890,33153696,149309,995.0,18648.0,99.0,1121.0,913.0,734705.0,54569876.0,53051047.0,37609.0
France,,2022-08-09,891,33191512,149420,1019.0,18171.0,103.0,1092.0,1375.0,736080.0,54570617.0,53052214.0,34815.0
France,,2022-08-10,892,33218593,149508,812.0,17729.0,66.0,1057.0,1181.0,737261.0,54571282.0,53053500.0,33020.0
France,,2022-08-11,893,33242582,149588,801.0,17524.0,82.0,1047.0,927.0,738188.0,54571921.0,53054529.0,30699.0
France,,2022-08-12,894,33256395,149648,703.0,17268.0,82.0,1037.0,888.0,739076.0,54572756.0,53055695.0,27939.0
France,,2022-08-13,895,33256395,149648,295.0,17083.0,21.0,1009.0,431.0,739507.0,54573074.0,53056123.0,27216.0
France,,2022-08-14,896,33256395,149648,96.0,17106.0,12.0,1012.0,50.0,739557.0,54573148.0,53056245.0,27070.0
France,,2022-08-15,897,33256395,149648,116.0,17138.0,14.0,1015.0,75.0,739632.0,54573262.0,53056472.0,23298.0
France,,2022-08-16,898,33298533,149807,951.0,17011.0,110.0,1009.0,957.0,740589.0,54573905.0,53057549.0,20443.0
France,,2022-08-17,899,33334278,149900,979.0,16838.0,109.0,1001.0,1041.0,741630.0,54574555.0,53058590.0,19560.0
France,,2022-08-18,900,33357883,149992,739.0,16427.0,82.0,981.0,1052.0,742682.0,54575189.0,53059590.0,19082.0
France,,2022-08-19,901,33372974,150064,673.0,16122.0,65.0,961.0,892.0,743574.0,54575793.0,53060761.0,18876.0
France,,2022-08-20,902,33372974,150064,319.0,15949.0,34.0,952.0,454.0,744028.0,54576101.0,53061266.0,18938.0
France,,2022-08-21,903,33372974,150064,64.0,15965.0,4.0,944.0,47.0,744075.0,54576198.0,53061402.0,18958.0
France,,2022-08-22,904,33411676,150180,685.0,15950.0,51.0,919.0,624.0,744699.0,54576782.0,53062397.0,21629.0
France,,2022-08-23,905,33440664,150268,660.0,15680.0,56.0,871.0,850.0,745549.0,54577511.0,53063576.0,22679.0
France,,2022-08-24,906,33461953,150325,597.0,15551.0,65.0,853.0,664.0,746213.0,54578178.0,53064519.0,22131.0
France,,2022-08-25,907,33481790,150369,520.0,15412.0,45.0,855.0,623.0,746836.0,54578804.0,53065538.0,21694.0
France,,2022-08-26,908,33493920,150414,516.0,15234.0,58.0,845.0,628.0,747464.0,54579661.0,53066806.0,21546.0
France,,2022-08-27,909,33493920,150414,163.0,15108.0,19.0,836.0,274.0,747738.0,54579958.0,53067307.0,21532.0
France,,2022-08-28,910,33493920,150414,86.0,15137.0,9.0,841.0,53.0,747791.0,54580082.0,53067469.0,21527.0
France,,2022-08-29,911,33529669,150524,505.0,14929.0,75.0,848.0,626.0,748417.0,54580702.0,53068443.0,21399.0
France,,2022-08-30,912,33553391,150575,621.0,14694.0,79.0,854.0,765.0,749182.0,54581555.0,53069671.0,21429.0
France,,2022-08-31,913,33572631,150629,470.0,14485.0,50.0,838.0,625.0,749807.0,54582250.0,53070629.0,21123.0
France,,2022-09-01,914,33591277,150670,474.0,14391.0,43.0,814.0,524.0,750331.0,54582996.0,53071620.0,21083.0
France,,2022-09-02,915,33600422,150712,439.0,14157.0,40.0,799.0,605.0,750936.0,54583875.0,53072773.0,21540.0
France,,2022-09-03,916,33600422,150712,126.0,14010.0,14.0,792.0,258.0,751194.0,54584292.0,53073343.0,21732.0
France,,2022-09-04,917,33600422,150712,41.0,14015.0,3.0,793.0,39.0,751233.0,54584425.0,53073494.0,21732.0
France,,2022-09-05,918,33632356,150796,552.0,13953.0,49.0,785.0,559.0,751792.0,54585134.0,53074362.0,21945.0
France,,2022-09-06,919,33659274,150856,557.0,13799.0,59.0,781.0,645.0,752437.0,54585986.0,53075411.0,22385.0
France,,2022-09-07,920,33679416,150902,468.0,13663.0,96.0,792.0,558.0,752995.0,54586652.0,53076197.0,22209.0
France,,2022-09-08,921,33699282,150960,417.0,13425.0,53.0,770.0,594.0,753589.0,54587279.0,53077059.0,22415.0
France,,2022-09-09,922,33718369,150991,356.0,13286.0,33.0,742.0,466.0,754055.0,54588122.0,53078080.0,22170.0
France,,2022-09-10,923,33718369,150991,162.0,13234.0,22.0,745.0,196.0,754251.0,54588523.0,53078712.0,22097.0
France,,2022-09-11,924,33718369,150991,44.0,13233.0,1.0,741.0,40.0,754291.0,54588647.0,53078845.0,22059.0
France,,2022-09-12,925,33754160,151047,518.0,13183.0,41.0,725.0,521.0,754812.0,54589157.0,53079490.0,21534.0
France,,2022-09-13,926,33796010,151096,550.0,13065.0,63.0,727.0,609.0,755421.0,54589786.0,53080357.0,20608.0
France,,2022-09-14,927,33825536,151114,428.0,12971.0,41.0,730.0,481.0,755902.0,54590460.0,53081157.0,20515.0
France,,2022-09-15,928,33856227,151142,475.0,12996.0,50.0,737.0,420.0,756322.0,54591029.0,53081998.0,20273.0
France,,2022-09-16,929,33884825,151169,433.0,12937.0,40.0,728.0,462.0,756784.0,54591826.0,53083046.0,19978.0
France,,2022-09-17,930,33884825,151169,191.0,12941.0,25.0,728.0,181.0,756965.0,54592218.0,53083560.0,19981.0
France,,2022-09-18,931,33884825,151169,48.0,12940.0,3.0,725.0,47.0,757012.0,54592335.0,53083703.0,20025.0
France,,2022-09-19,932,33946300,151240,644.0,12952.0,48.0,703.0,564.0,757576.0,54592787.0,53084352.0,19943.0
France,,2022-09-20,933,33998116,151288,593.0,12896.0,68.0,704.0,596.0,758172.0,54593430.0,53085250.0,19912.0
France,,2022-09-21,934,34036366,151321,483.0,12857.0,44.0,699.0,476.0,758648.0,54594013.0,53086024.0,19874.0
France,,2022-09-22,935,34074830,151351,525.0,12908.0,56.0,707.0,442.0,759090.0,54594605.0,53086867.0,19872.0
France,,2022-09-23,936,34110990,151376,535.0,12961.0,43.0,700.0,453.0,759543.0,54595442.0,53087916.0,20328.0
France,,2022-09-24,937,34110990,151376,230.0,12939.0,26.0,713.0,234.0,759777.0,54595865.0,53088531.0,20481.0
France,,2022-09-25,938,34110990,151376,85.0,12977.0,2.0,710.0,36.0,759813.0,54595964.0,53088725.0,20508.0
France,,2022-09-26,939,34187868,151449,880.0,13354.0,69.0,733.0,457.0,760270.0,54596402.0,53089440.0,20568.0
France,,2022-09-27,940,34261507,151489,1036.0,13768.0,90.0,761.0,554.0,760824.0,54597013.0,53090285.0,20460.0
France,,2022-09-28,941,34313401,151525,884.0,14014.0,77.0,784.0,599.0,761423.0,54597647.0,53091115.0,20325.0
France,,2022-09-29,942,34364144,151555,851.0,14259.0,64.0,789.0,561.0,761984.0,54598211.0,53091884.0,19906.0
France,,2022-09-30,943,34412387,151589,835.0,14554.0,75.0,810.0,514.0,762498.0,54598997.0,53092998.0,19380.0
France,,2022-10-01,944,34412387,151589,401.0,14651.0,35.0,823.0,287.0,762785.0,54599428.0,53093616.0,19303.0
France,,2022-10-02,945,34412387,151589,116.0,14705.0,8.0,823.0,56.0,762841.0,54599491.0,53093751.0,19207.0
France,,2022-10-03,946,34505126,151675,1176.0,15166.0,97.0,843.0,651.0,763492.0,54600028.0,53094607.0,19053.0
France,,2022-10-04,947,34592885,151747,1344.0,15535.0,99.0,848.0,890.0,764382.0,54600673.0,53095437.0,18674.0
France,,2022-10-05,948,34659449,151794,1218.0,15954.0,91.0,861.0,748.0,765130.0,54601235.0,53096272.0,18536.0
France,,2022-10-06,949,34724986,151844,1233.0,16428.0,121.0,907.0,700.0,765830.0,54601776.0,53096993.0,18611.0
France,,2022-10-07,950,34785735,151898,1231.0,16788.0,81.0,882.0,806.0,766636.0,54602504.0,53097984.0,19287.0
France,,2022-10-08,951,34785735,151898,477.0,16865.0,25.0,887.0,377.0,767013.0,54602854.0,53098507.0,19562.0
France,,2022-10-09,952,34785735,151898,155.0,16929.0,10.0,889.0,87.0,767100.0,54602963.0,53098644.0,19721.0
France,,2022-10-10,953,34895004,152011,1400.0,17406.0,111.0,927.0,831.0,767931.0,54603451.0,53099423.0,20979.0
France,,2022-10-11,954,34986866,152094,1718.0,17907.0,115.0,944.0,1140.0,769071.0,54604032.0,53100231.0,23494.0
France,,2022-10-12,955,35055510,152146,1227.0,18187.0,74.0,941.0,891.0,769962.0,54604609.0,53101076.0,25350.0
France,,2022-10-13,956,35119728,152208,1360.0,18590.0,98.0,959.0,887.0,770849.0,54605223.0,53101871.0,27899.0
France,,2022-10-14,957,35178403,152288,1275.0,18792.0,111.0,972.0,999.0,771848.0,54605979.0,53102926.0,30498.0
France,,2022-10-15,958,35178403,152288,640.0,18950.0,55.0,979.0,458.0,772306.0,54606341.0,53103479.0,31024.0
France,,2022-10-16,959,35178403,152288,186.0,19032.0,17.0,988.0,88.0,772394.0,54606433.0,53103612.0,31080.0
France,,2022-10-17,960,35284855,152450,1529.0,19493.0,164.0,1065.0,948.0,773342.0,54606871.0,53104319.0,31926.0
France,,2022-10-18,961,35372521,152551,1772.0,19948.0,127.0,1069.0,1194.0,774536.0,54607470.0,53105053.0,32806.0
France,,2022-10-19,962,35435552,152657,1519.0,20072.0,109.0,1046.0,1283.0,775819.0,54608029.0,53105839.0,33937.0
France,,2022-10-20,963,35492345,152726,1273.0,20110.0,115.0,1039.0,1166.0,776985.0,54608641.0,53106631.0,35625.0
France,,2022-10-21,964,35541081,152805,1229.0,20165.0,97.0,1039.0,1089.0,778074.0,54609328.0,53107619.0,37062.0
France,,2022-10-22,965,35541081,152805,463.0,20082.0,38.0,1042.0,510.0,778584.0,54609662.0,53108032.0,37164.0
France,,2022-10-23,966,35541081,152805,180.0,20158.0,13.0,1037.0,86.0,778670.0,54609758.0,53108139.0,37171.0
France,,2022-10-24,967,35623204,152977,1203.0,20194.0,108.0,1059.0,1034.0,779704.0,54610309.0,53108738.0,37282.0
France,,2022-10-25,968,35679251,153104,1483.0,19965.0,119.0,1041.0,1565.0,781269.0,54610900.0,53109464.0,37732.0
France,,2022-10-26,969,35720436,153164,1136.0,20014.0,109.0,1052.0,1038.0,782307.0,54611432.0,53110107.0,37433.0
France,,2022-10-27,970,35757525,153235,999.0,19959.0,98.0,1057.0,994.0,783301.0,54612022.0,53110801.0,36068.0
France,,2022-10-28,971,35782940,153295,958.0,19682.0,91.0,1040.0,1176.0,784477.0,54612724.0,53111666.0,34061.0
France,,2022-10-29,972,35782940,153295,488.0,19465.0,34.0,1027.0,647.0,785124.0,54612984.0,53112023.0,33503.0
France,,2022-10-30,973,35782940,153295,127.0,19497.0,9.0,1024.0,84.0,785208.0,54613071.0,53112140.0,33427.0
France,,2022-10-31,974,35825887,153457,911.0,19462.0,100.0,1044.0,816.0,786024.0,54613453.0,53112625.0,31652.0
France,,2022-11-01,975,35825887,153457,479.0,19383.0,55.0,1070.0,496.0,786520.0,54613542.0,53112805.0,24085.0
France,,2022-11-02,976,35861040,153607,942.0,19263.0,108.0,1065.0,971.0,787491.0,54614052.0,53113470.0,22991.0
France,,2022-11-03,977,35902678,153662,887.0,18972.0,91.0,1055.0,1128.0,788619.0,54614696.0,53114170.0,22903.0
France,,2022-11-04,978,35932097,153740,780.0,18794.0,68.0,1029.0,875.0,789494.0,54615353.0,53115002.0,22789.0
France,,2022-11-05,979,35932097,153740,337.0,18596.0,28.0,1019.0,498.0,789992.0,54615608.0,53115363.0,22837.0
France,,2022-11-06,980,35932097,153740,106.0,18592.0,8.0,1022.0,103.0,790095.0,54615702.0,53115478.0,22835.0
France,,2022-11-07,981,35983760,153892,910.0,18500.0,90.0,1015.0,897.0,790992.0,54616184.0,53116035.0,24482.0
France,,2022-11-08,982,36024351,154009,984.0,18217.0,87.0,977.0,1147.0,792139.0,54616793.0,53116838.0,32491.0
France,,2022-11-09,983,36053053,154081,863.0,18110.0,77.0,970.0,893.0,793032.0,54617309.0,53117514.0,33427.0
France,,2022-11-10,984,36080121,154134,802.0,18018.0,70.0,962.0,838.0,793870.0,54617927.0,53118408.0,34032.0
France,,2022-11-11,985,36080121,154134,372.0,17947.0,19.0,948.0,415.0,794285.0,54618004.0,53118522.0,27270.0
France,,2022-11-12,986,36080121,154134,131.0,17970.0,13.0,951.0,93.0,794378.0,54618214.0,53118868.0,26852.0
France,,2022-11-13,987,36080121,154134,101.0,18015.0,11.0,957.0,50.0,794428.0,54618283.0,53118985.0,26790.0
France,,2022-11-14,988,36145223,154284,1029.0,18098.0,102.0,972.0,835.0,795263.0,54618723.0,53119511.0,26361.0
France,,2022-11-15,989,36193559,154394,1060.0,18038.0,97.0,970.0,997.0,796260.0,54619327.0,53120338.0,25274.0
France,,2022-11-16,990,36227341,154455,1039.0,18115.0,89.0,983.0,883.0,797143.0,54619876.0,53120986.0,24800.0
France,,2022-11-17,991,36260475,154542,889.0,17965.0,70.0,962.0,940.0,798083.0,54620439.0,53121654.0,24020.0
France,,2022-11-18,992,36297077,154613,928.0,17936.0,74.0,962.0,880.0,798963.0,54621060.0,53122433.0,31007.0
France,,2022-11-19,993,36297077,154613,392.0,17848.0,30.0,960.0,446.0,799409.0,54621330.0,53122771.0,31445.0
France,,2022-11-20,994,36297077,154613,175.0,17927.0,20.0,969.0,89.0,799498.0,54621408.0,53122940.0,31532.0
France,,2022-11-21,995,36365135,154788,1093.0,18135.0,98.0,978.0,778.0,800276.0,54621845.0,53123452.0,31141.0
France,,2022-11-22,996,36429599,154877,1167.0,18186.0,95.0,971.0,1029.0,801305.0,54622382.0,53124057.0,30316.0
France,,2022-11-23,997,36478787,154961,1088.0,18351.0,105.0,989.0,847.0,802152.0,54622852.0,53124618.0,29883.0
France,,2022-11-24,998,36529317,155021,889.0,18331.0,75.0,986.0,820.0,802972.0,54623361.0,53125219.0,29558.0
France,,2022-11-25,999,36577224,155089,949.0,18384.0,100.0,1010.0,828.0,803800.0,54623938.0,53125940.0,28773.0
France,,2022-11-26,1000,36577224,155089,441.0,18352.0,45.0,1010.0,448.0,804248.0,54624239.0,53126278.0,28691.0
France,,2022-11-27,1001,36577224,155089,142.0,18385.0,12.0,1007.0,103.0,804351.0,54624313.0,53126365.0,28668.0
France,,2022-11-28,1002,36671077,155221,1378.0,18782.0,147.0,1065.0,891.0,805242.0,54624730.0,53126848.0,29172.0
France,,2022-11-29,1003,36762891,155309,1511.0,19061.0,124.0,1076.0,1109.0,806351.0,54625229.0,53127458.0,30177.0
France,,2022-11-30,1004,36829869,155384,1437.0,19497.0,124.0,1112.0,903.0,807254.0,54625736.0,53128149.0,31899.0
France,,2022-12-01,1005,36897875,155459,1303.0,19669.0,94.0,1089.0,1053.0,808307.0,54626266.0,53128828.0,34234.0
France,,2022-12-02,1006,36955945,155526,1145.0,19865.0,110.0,1113.0,884.0,809191.0,54626906.0,53129575.0,37584.0
France,,2022-12-03,1007,36955945,155526,548.0,19771.0,53.0,1093.0,599.0,809790.0,54627210.0,53129918.0,38961.0
France,,2022-12-04,1008,36955945,155526,238.0,19863.0,15.0,1091.0,121.0,809911.0,54627306.0,53130041.0,39384.0
France,,2022-12-05,1009,37058977,155678,1450.0,20393.0,118.0,1114.0,812.0,810723.0,54627766.0,53130618.0,42483.0
France,,2022-12-06,1010,37164493,155795,1790.0,20614.0,131.0,1120.0,1442.0,812165.0,54628391.0,53131358.0,47405.0
France,,2022-12-07,1011,37240245,155888,1721.0,21098.0,143.0,1145.0,1125.0,813290.0,54628944.0,53131984.0,50667.0
France,,2022-12-08,1012,37311842,155950,1719.0,21619.0,149.0,1201.0,1141.0,814431.0,54629550.0,53132693.0,54893.0
France,,2022-12-09,1013,37375811,156042,1550.0,21874.0,122.0,1182.0,1206.0,815637.0,54630331.0,53133536.0,60163.0
France,,2022-12-10,1014,37375811,156042,886.0,22061.0,64.0,1187.0,639.0,816276.0,54630740.0,53133972.0,62683.0
France,,2022-12-11,1015,37375811,156042,204.0,22133.0,14.0,1191.0,112.0,816388.0,54630872.0,53134112.0,63337.0
France,,2022-12-12,1016,37494593,156301,1888.0,22703.0,178.0,1235.0,1130.0,817518.0,54631387.0,53134699.0,66898.0
France,,2022-12-13,1017,37590232,156437,2104.0,23217.0,173.0,1287.0,1441.0,818959.0,54632086.0,53135472.0,70840.0
France,,2022-12-14,1018,37660098,156546,2047.0,23742.0,181.0,1341.0,1404.0,820363.0,54632673.0,53136171.0,73232.0
France,,2022-12-15,1019,37722639,156652,1790.0,24125.0,157.0,1374.0,1290.0,821653.0,54633328.0,53137019.0,75849.0
France,,2022-12-16,1020,37776673,156783,1652.0,24173.0,130.0,1393.0,1458.0,823111.0,54634155.0,53137990.0,77331.0
France,,2022-12-17,1021,37776673,156783,894.0,24256.0,71.0,1384.0,745.0,823856.0,54634499.0,53138414.0,76964.0
France,,2022-12-18,1022,37776673,156783,286.0,24357.0,15.0,1383.0,156.0,824012.0,54634592.0,53138542.0,76639.0
France,,2022-12-19,1023,37874694,157041,1753.0,24631.0,155.0,1419.0,1287.0,825299.0,54635180.0,53139158.0,74956.0
France,,2022-12-20,1024,37945906,157171,2288.0,25002.0,194.0,1438.0,1769.0,827068.0,54635919.0,53139946.0,71416.0
France,,2022-12-21,1025,38000519,157298,1990.0,25225.0,179.0,1443.0,1651.0,828719.0,54636510.0,53140565.0,67992.0
France,,2022-12-22,1026,38049988,157418,1652.0,25395.0,119.0,1452.0,1340.0,830059.0,54637152.0,53141228.0,60308.0
France,,2022-12-23,1027,38091831,157575,1601.0,25218.0,139.0,1454.0,1622.0,831681.0,54637624.0,53141810.0,48071.0
France,,2022-12-24,1028,38091831,157575,677.0,25119.0,52.0,1445.0,715.0,832396.0,54637729.0,53141917.0,43401.0
France,,2022-12-25,1029,38091831,157575,122.0,25088.0,11.0,1445.0,134.0,832530.0,54637763.0,53141958.0,42463.0
France,,2022-12-26,1030,38132575,157575,1191.0,25043.0,110.0,1454.0,1101.0,833631.0,54638131.0,53142346.0,36321.0
France,,2022-12-27,1031,38192674,157998,1885.0,25084.0,185.0,1447.0,1604.0,835235.0,54638667.0,53143005.0,29153.0
France,,2022-12-28,1032,38218755,158138,1545.0,24993.0,183.0,1483.0,1489.0,836724.0,54639142.0,53143521.0,25220.0
France,,2022-12-29,1033,38243191,158270,1096.0,24653.0,103.0,1484.0,1293.0,838017.0,54639573.0,53144059.0,22147.0
France,,2022-12-30,1034,38266999,158385,1095.0,24389.0,105.0,1477.0,1251.0,839268.0,54640028.0,53144562.0,21068.0
France,,2022-12-31,1035,38266999,158385,416.0,24148.0,47.0,1478.0,609.0,839877.0,54640165.0,53144718.0,21156.0
France,,2023-01-01,1036,38266999,158385,159.0,24157.0,21.0,1477.0,131.0,840008.0,54640189.0,53144762.0,21182.0
France,,2023-01-02,1037,38306086,158637,1365.0,24075.0,139.0,1465.0,1265.0,841273.0,54640568.0,53145309.0,21577.0
France,,2023-01-03,1038,38326822,158794,1294.0,23516.0,140.0,1416.0,1647.0,842920.0,54641223.0,53145980.0,23168.0
France,,2023-01-04,1039,38340927,158917,1025.0,23167.0,110.0,1389.0,1265.0,844185.0,54641759.0,53146560.0,24045.0
France,,2023-01-05,1040,38352463,159058,799.0,22664.0,114.0,1352.0,1160.0,845345.0,54642420.0,53147299.0,26670.0
France,,2023-01-06,1041,38358817,159061,883.0,22335.0,88.0,1341.0,1091.0,846436.0,54643161.0,53148154.0,31320.0
France,,2023-01-07,1042,38358817,159061,341.0,22129.0,41.0,1330.0,495.0,846931.0,54643506.0,53148565.0,32983.0
France,,2023-01-08,1043,38358817,159061,99.0,22102.0,14.0,1331.0,109.0,847040.0,54643609.0,53148709.0,33369.0
France,,2023-01-09,1044,38376037,159401,739.0,21548.0,90.0,1267.0,1120.0,848160.0,54644185.0,53149335.0,33860.0
France,,2023-01-10,1045,38383853,159506,875.0,21100.0,98.0,1242.0,1174.0,849334.0,54644794.0,53150101.0,33496.0
France,,2023-01-11,1046,38391488,159594,705.0,20776.0,89.0,1235.0,938.0,850272.0,54645289.0,53150686.0,32526.0
France,,2023-01-12,1047,38398647,159647,504.0,20399.0,65.0,1233.0,834.0,851106.0,54645876.0,53151356.0,31125.0
France,,2023-01-13,1048,38403672,159744,588.0,20039.0,88.0,1227.0,839.0,851945.0,54646607.0,53152146.0,29182.0
France,,2023-01-14,1049,38403672,159744,207.0,19950.0,24.0,1214.0,279.0,852224.0,54646958.0,53152487.0,28603.0
France,,2023-01-15,1050,38403672,159744,66.0,19922.0,10.0,1211.0,83.0,852307.0,54647057.0,53152607.0,28390.0
France,,2023-01-16,1051,38414502,159860,531.0,19689.0,75.0,1187.0,672.0,852979.0,54647478.0,53153082.0,27423.0
France,,2023-01-17,1052,38422847,159959,513.0,19229.0,50.0,1145.0,848.0,853827.0,54647980.0,53153672.0,25417.0
France,,2023-01-18,1053,38428741,160041,427.0,18927.0,45.0,1141.0,663.0,854490.0,54648446.0,53154224.0,24207.0
France,,2023-01-19,1054,38433733,160105,444.0,18470.0,38.0,1105.0,769.0,855259.0,54648951.0,53154744.0,22405.0
France,,2023-01-20,1055,38437213,160148,291.0,18109.0,39.0,1068.0,604.0,855863.0,54649581.0,53155438.0,20759.0
France,,2023-01-21,1056,38437213,160148,134.0,17932.0,12.0,1048.0,288.0,856151.0,54649842.0,53155742.0,20265.0
France,,2023-01-22,1057,38437213,160148,39.0,17911.0,8.0,1044.0,52.0,856203.0,54649887.0,53155805.0,20122.0
France,,2023-01-23,1058,38446041,160345,406.0,17639.0,55.0,1016.0,565.0,856768.0,54650205.0,53156214.0,19249.0
France,,2023-01-24,1059,38452504,160396,397.0,17206.0,28.0,972.0,753.0,857521.0,54650674.0,53156740.0,17905.0
France,,2023-01-25,1060,38457851,160374,326.0,16917.0,38.0,957.0,564.0,858085.0,54651074.0,53157294.0,17143.0
France,,2023-01-26,1061,38463138,160424,320.0,16479.0,39.0,936.0,700.0,858785.0,54651509.0,53157814.0,16223.0
France,,2023-01-27,1062,38467819,160468,324.0,15986.0,29.0,911.0,765.0,859550.0,54652034.0,53158471.0,15048.0
France,,2023-01-28,1063,38467819,160468,128.0,15649.0,11.0,895.0,440.0,859990.0,54652271.0,53158761.0,14732.0
France,,2023-01-29,1064,38467819,160468,38.0,15591.0,5.0,896.0,89.0,860079.0,54652313.0,53158833.0,14666.0
France,,2023-01-30,1065,38476034,160561,393.0,15365.0,53.0,883.0,556.0,860635.0,54652676.0,53159278.0,14228.0
France,,2023-01-31,1066,38482878,160618,361.0,14768.0,31.0,865.0,883.0,861518.0,54653100.0,53159763.0,13195.0
France,,2023-02-01,1067,38487384,160671,448.0,14316.0,40.0,838.0,840.0,862358.0,54653489.0,53160279.0,12547.0
France,,2023-02-02,1068,38491405,160723,303.0,14037.0,30.0,819.0,530.0,862888.0,54653850.0,53160777.0,11681.0
France,,2023-02-03,1069,38495010,160751,310.0,13921.0,32.0,807.0,402.0,863290.0,54654322.0,53161421.0,10745.0
France,,2023-02-04,1070,38495010,160751,110.0,13863.0,7.0,798.0,16.0,863306.0,54654516.0,53161697.0,10510.0
France,,2023-02-05,1071,38495010,160751,10.0,13863.0,1.0,797.0,9.0,863315.0,54654539.0,53161762.0,10469.0
France,,2023-02-06,1072,38501672,160812,362.0,13801.0,36.0,789.0,361.0,863676.0,54654840.0,53162113.0,9998.0
France,,2023-02-07,1073,38506117,160849,434.0,13619.0,28.0,780.0,545.0,864221.0,54655185.0,53162608.0,9301.0
France,,2023-02-08,1074,38510108,160880,3419.0,13577.0,360.0,767.0,3283.0,867504.0,54655478.0,53162990.0,8854.0
France,,2023-02-09,1075,38513761,160897,224.0,13497.0,22.0,770.0,286.0,867790.0,54655816.0,53163455.0,8214.0
France,,2023-02-10,1076,38517125,160917,329.0,13412.0,55.0,777.0,389.0,868179.0,54656276.0,53164001.0,7506.0
France,,2023-02-11,1077,38517125,160917,116.0,13392.0,10.0,775.0,130.0,868309.0,54656438.0,53164221.0,7338.0
France,,2023-02-12,1078,38517125,160917,3.0,13385.0,0.0,774.0,8.0,868317.0,54656476.0,53164262.0,7323.0
France,,2023-02-13,1079,38522794,160965,373.0,13354.0,34.0,772.0,362.0,868679.0,54656701.0,53164580.0,6960.0
France,,2023-02-14,1080,38527780,161000,380.0,13221.0,45.0,774.0,468.0,869147.0,54656987.0,53164944.0,6330.0
France,,2023-02-15,1081,38531752,161035,345.0,13078.0,31.0,752.0,449.0,869596.0,54657268.0,53165330.0,6024.0
France,,2023-02-16,1082,38535773,161062,238.0,13016.0,17.0,745.0,283.0,869879.0,54657524.0,53165722.0,5592.0
France,,2023-02-17,1083,38539362,161090,342.0,12995.0,36.0,742.0,341.0,870220.0,54657884.0,53166180.0,5121.0
France,,2023-02-18,1084,38539362,161090,110.0,12940.0,13.0,730.0,147.0,870367.0,54658043.0,53166389.0,5028.0
France,,2023-02-19,1085,38539362,161090,38.0,12940.0,1.0,728.0,37.0,870404.0,54658078.0,53166427.0,5020.0
France,,2023-02-20,1086,38547495,161137,416.0,13044.0,38.0,738.0,273.0,870677.0,54658315.0,53166758.0,4937.0
France,,2023-02-21,1087,38553269,161169,413.0,12996.0,35.0,731.0,404.0,871081.0,54658579.0,53167169.0,4719.0
France,,2023-02-22,1088,38557586,161206,418.0,12962.0,50.0,736.0,412.0,871493.0,54658820.0,53167527.0,4515.0
France,,2023-02-23,1089,38562075,161225,299.0,12991.0,17.0,733.0,244.0,871737.0,54659041.0,53167882.0,4304.0
France,,2023-02-24,1090,38565992,161254,287.0,12958.0,34.0,731.0,295.0,872032.0,54659323.0,53168339.0,4101.0
France,,2023-02-25,1091,38565992,161254,157.0,12896.0,12.0,722.0,204.0,872236.0,54659442.0,53168491.0,4019.0
France,,2023-02-26,1092,38565992,161254,37.0,12910.0,3.0,723.0,21.0,872257.0,54659462.0,53168518.0,4007.0
France,,2023-02-27,1093,38573618,161306,370.0,12958.0,31.0,726.0,287.0,872544.0,54659661.0,53168837.0,3872.0
France,,2023-02-28,1094,38579269,161340,340.0,12858.0,42.0,722.0,393.0,872937.0,54659917.0,53169189.0,3689.0
France,,2023-03-01,1095,38583794,161365,351.0,12787.0,33.0,718.0,406.0,873343.0,54660119.0,53169472.0,3509.0
France,,2023-03-02,1096,38587990,161386,254.0,12767.0,30.0,721.0,257.0,873600.0,54660325.0,53169767.0,3330.0
France,,2023-03-03,1097,38591184,161407,325.0,12701.0,34.0,710.0,357.0,873957.0,54660640.0,53170199.0,3214.0
France,,2023-03-04,1098,38591184,161407,169.0,12705.0,17.0,717.0,152.0,874109.0,54660764.0,53170406.0,3196.0
France,,2023-03-05,1099,38591184,161407,12.0,12711.0,2.0,719.0,4.0,874113.0,54660786.0,53170429.0,3186.0
France,,2023-03-06,1100,38599330,161450,456.0,12820.0,43.0,731.0,320.0,874433.0,54660997.0,53170677.0,3078.0
France,,2023-03-07,1101,38606393,161474,420.0,12885.0,34.0,735.0,318.0,874751.0,54661178.0,53170982.0,2858.0
France,,2023-03-08,1102,38612201,161501,434.0,13030.0,31.0,738.0,253.0,875004.0,54661330.0,53171249.0,2759.0
France,,2023-03-09,1103,38618509,161512,359.0,13058.0,25.0,742.0,314.0,875318.0,54661483.0,53171500.0,2559.0
