country,province,date,day_since100,case_cnt,death_cnt,new_hospitalization,total_hospitalization,new_icu,total_icu,new_recovered,total_recovered,people_vaccinated,people_fully_vaccinated,daily_vaccinations
United Kingdom,"Saint Helena, Ascension and Tristan da Cunha",2020-01-22,-964,0,0,,,,,,,,,
United Kingdom,"Saint Helena, Ascension and Tristan da Cunha",2020-01-23,-963,0,0,,,,,,,,,
United Kingdom,"Saint Helena, Ascension and Tristan da Cunha",2020-01-24,-962,0,0,,,,,,,,,
United Kingdom,"Saint Helena, Ascension and Tristan da Cunha",2020-01-25,-961,0,0,,,,,,,,,
United Kingdom,"Saint Helena, Ascension and Tristan da Cunha",2020-01-26,-960,0,0,,,,,,,,,
United Kingdom,"Saint Helena, Ascension and Tristan da Cunha",2020-01-27,-959,0,0,,,,,,,,,
United Kingdom,"Saint Helena, Ascension and Tristan da Cunha",2020-01-28,-958,0,0,,,,,,,,,
United Kingdom,"Saint Helena, Ascension and Tristan da Cunha",2020-01-29,-957,0,0,,,,,,,,,
United Kingdom,"Saint Helena, Ascension and Tristan da Cunha",2020-01-30,-956,0,0,,,,,,,,,
United Kingdom,"Saint Helena, Ascension and Tristan da Cunha",2020-01-31,-955,0,0,,,,,,,,,
United Kingdom,"Saint Helena, Ascension and Tristan da Cunha",2020-02-01,-954,0,0,,,,,,,,,
United Kingdom,"Saint Helena, Ascension and Tristan da Cunha",2020-02-02,-953,0,0,,,,,,,,,
United Kingdom,"Saint Helena, Ascension and Tristan da Cunha",2020-02-03,-952,0,0,,,,,,,,,
United Kingdom,"Saint Helena, Ascension and Tristan da Cunha",2020-02-04,-951,0,0,,,,,,,,,
United Kingdom,"Saint Helena, Ascension and Tristan da Cunha",2020-02-05,-950,0,0,,,,,,,,,
United Kingdom,"Saint Helena, Ascension and Tristan da Cunha",2020-02-06,-949,0,0,,,,,,,,,
United Kingdom,"Saint Helena, Ascension and Tristan da Cunha",2020-02-07,-948,0,0,,,,,,,,,
United Kingdom,"Saint Helena, Ascension and Tristan da Cunha",2020-02-08,-947,0,0,,,,,,,,,
United Kingdom,"Saint Helena, Ascension and Tristan da Cunha",2020-02-09,-946,0,0,,,,,,,,,
United Kingdom,"Saint Helena, Ascension and Tristan da Cunha",2020-02-10,-945,0,0,,,,,,,,,
United Kingdom,"Saint Helena, Ascension and Tristan da Cunha",2020-02-11,-944,0,0,,,,,,,,,
United Kingdom,"Saint Helena, Ascension and Tristan da Cunha",2020-02-12,-943,0,0,,,,,,,,,
United Kingdom,"Saint Helena, Ascension and Tristan da Cunha",2020-02-13,-942,0,0,,,,,,,,,
United Kingdom,"Saint Helena, Ascension and Tristan da Cunha",2020-02-14,-941,0,0,,,,,,,,,
United Kingdom,"Saint Helena, Ascension and Tristan da Cunha",2020-02-15,-940,0,0,,,,,,,,,
United Kingdom,"Saint Helena, Ascension and Tristan da Cunha",2020-02-16,-939,0,0,,,,,,,,,
United Kingdom,"Saint Helena, Ascension and Tristan da Cunha",2020-02-17,-938,0,0,,,,,,,,,
United Kingdom,"Saint Helena, Ascension and Tristan da Cunha",2020-02-18,-937,0,0,,,,,,,,,
United Kingdom,"Saint Helena, Ascension and Tristan da Cunha",2020-02-19,-936,0,0,,,,,,,,,
United Kingdom,"Saint Helena, Ascension and Tristan da Cunha",2020-02-20,-935,0,0,,,,,,,,,
United Kingdom,"Saint Helena, Ascension and Tristan da Cunha",2020-02-21,-934,0,0,,,,,,,,,
United Kingdom,"Saint Helena, Ascension and Tristan da Cunha",2020-02-22,-933,0,0,,,,,,,,,
United Kingdom,"Saint Helena, Ascension and Tristan da Cunha",2020-02-23,-932,0,0,,,,,,,,,
United Kingdom,"Saint Helena, Ascension and Tristan da Cunha",2020-02-24,-931,0,0,,,,,,,,,
United Kingdom,"Saint Helena, Ascension and Tristan da Cunha",2020-02-25,-930,0,0,,,,,,,,,
United Kingdom,"Saint Helena, Ascension and Tristan da Cunha",2020-02-26,-929,0,0,,,,,,,,,
United Kingdom,"Saint Helena, Ascension and Tristan da Cunha",2020-02-27,-928,0,0,,,,,,,,,
United Kingdom,"Saint Helena, Ascension and Tristan da Cunha",2020-02-28,-927,0,0,,,,,,,,,
United Kingdom,"Saint Helena, Ascension and Tristan da Cunha",2020-02-29,-926,0,0,,,,,,,,,
United Kingdom,"Saint Helena, Ascension and Tristan da Cunha",2020-03-01,-925,0,0,,,,,,,,,
United Kingdom,"Saint Helena, Ascension and Tristan da Cunha",2020-03-02,-924,0,0,,,,,,,,,
United Kingdom,"Saint Helena, Ascension and Tristan da Cunha",2020-03-03,-923,0,0,,,,,,,,,
United Kingdom,"Saint Helena, Ascension and Tristan da Cunha",2020-03-04,-922,0,0,,,,,,,,,
United Kingdom,"Saint Helena, Ascension and Tristan da Cunha",2020-03-05,-921,0,0,,,,,,,,,
United Kingdom,"Saint Helena, Ascension and Tristan da Cunha",2020-03-06,-920,0,0,,,,,,,,,
United Kingdom,"Saint Helena, Ascension and Tristan da Cunha",2020-03-07,-919,0,0,,,,,,,,,
United Kingdom,"Saint Helena, Ascension and Tristan da Cunha",2020-03-08,-918,0,0,,,,,,,,,
United Kingdom,"Saint Helena, Ascension and Tristan da Cunha",2020-03-09,-917,0,0,,,,,,,,,
United Kingdom,"Saint Helena, Ascension and Tristan da Cunha",2020-03-10,-916,0,0,,,,,,,,,
United Kingdom,"Saint Helena, Ascension and Tristan da Cunha",2020-03-11,-915,0,0,,,,,,,,,
United Kingdom,"Saint Helena, Ascension and Tristan da Cunha",2020-03-12,-914,0,0,,,,,,,,,
United Kingdom,"Saint Helena, Ascension and Tristan da Cunha",2020-03-13,-913,0,0,,,,,,,,,
United Kingdom,"Saint Helena, Ascension and Tristan da Cunha",2020-03-14,-912,0,0,,,,,,,,,
United Kingdom,"Saint Helena, Ascension and Tristan da Cunha",2020-03-15,-911,0,0,,,,,,,,,
United Kingdom,"Saint Helena, Ascension and Tristan da Cunha",2020-03-16,-910,0,0,,,,,,,,,
United Kingdom,"Saint Helena, Ascension and Tristan da Cunha",2020-03-17,-909,0,0,,,,,,,,,
United Kingdom,"Saint Helena, Ascension and Tristan da Cunha",2020-03-18,-908,1,1,,,,,,,,,
United Kingdom,"Saint Helena, Ascension and Tristan da Cunha",2020-03-19,-907,1,1,,,,,,,,,
United Kingdom,"Saint Helena, Ascension and Tristan da Cunha",2020-03-20,-906,1,1,,,,,,,,,
United Kingdom,"Saint Helena, Ascension and Tristan da Cunha",2020-03-21,-905,1,1,,,,,,,,,
United Kingdom,"Saint Helena, Ascension and Tristan da Cunha",2020-03-22,-904,0,0,,,,,,,,,
United Kingdom,"Saint Helena, Ascension and Tristan da Cunha",2020-03-23,-903,0,0,,,,,,,,,
United Kingdom,"Saint Helena, Ascension and Tristan da Cunha",2020-03-24,-902,0,0,,,,,,,,,
United Kingdom,"Saint Helena, Ascension and Tristan da Cunha",2020-03-25,-901,0,0,,,,,,,,,
United Kingdom,"Saint Helena, Ascension and Tristan da Cunha",2020-03-26,-900,0,0,,,,,,,,,
United Kingdom,"Saint Helena, Ascension and Tristan da Cunha",2020-03-27,-899,0,0,,,,,,,,,
United Kingdom,"Saint Helena, Ascension and Tristan da Cunha",2020-03-28,-898,0,0,,,,,,,,,
United Kingdom,"Saint Helena, Ascension and Tristan da Cunha",2020-03-29,-897,0,0,,,,,,,,,
United Kingdom,"Saint Helena, Ascension and Tristan da Cunha",2020-03-30,-896,0,0,,,,,,,,,
United Kingdom,"Saint Helena, Ascension and Tristan da Cunha",2020-03-31,-895,0,0,,,,,,,,,
United Kingdom,"Saint Helena, Ascension and Tristan da Cunha",2020-04-01,-894,0,0,,,,,,,,,
United Kingdom,"Saint Helena, Ascension and Tristan da Cunha",2020-04-02,-893,0,0,,,,,,,,,
United Kingdom,"Saint Helena, Ascension and Tristan da Cunha",2020-04-03,-892,0,0,,,,,,,,,
United Kingdom,"Saint Helena, Ascension and Tristan da Cunha",2020-04-04,-891,0,0,,,,,,,,,
United Kingdom,"Saint Helena, Ascension and Tristan da Cunha",2020-04-05,-890,0,0,,,,,,,,,
United Kingdom,"Saint Helena, Ascension and Tristan da Cunha",2020-04-06,-889,0,0,,,,,,,,,
United Kingdom,"Saint Helena, Ascension and Tristan da Cunha",2020-04-07,-888,0,0,,,,,,,,,
United Kingdom,"Saint Helena, Ascension and Tristan da Cunha",2020-04-08,-887,0,0,,,,,,,,,
United Kingdom,"Saint Helena, Ascension and Tristan da Cunha",2020-04-09,-886,0,0,,,,,,,,,
United Kingdom,"Saint Helena, Ascension and Tristan da Cunha",2020-04-10,-885,0,0,,,,,,,,,
United Kingdom,"Saint Helena, Ascension and Tristan da Cunha",2020-04-11,-884,0,0,,,,,,,,,
United Kingdom,"Saint Helena, Ascension and Tristan da Cunha",2020-04-12,-883,0,0,,,,,,,,,
United Kingdom,"Saint Helena, Ascension and Tristan da Cunha",2020-04-13,-882,0,0,,,,,,,,,
United Kingdom,"Saint Helena, Ascension and Tristan da Cunha",2020-04-14,-881,0,0,,,,,,,,,
United Kingdom,"Saint Helena, Ascension and Tristan da Cunha",2020-04-15,-880,0,0,,,,,,,,,
United Kingdom,"Saint Helena, Ascension and Tristan da Cunha",2020-04-16,-879,0,0,,,,,,,,,
United Kingdom,"Saint Helena, Ascension and Tristan da Cunha",2020-04-17,-878,0,0,,,,,,,,,
United Kingdom,"Saint Helena, Ascension and Tristan da Cunha",2020-04-18,-877,0,0,,,,,,,,,
United Kingdom,"Saint Helena, Ascension and Tristan da Cunha",2020-04-19,-876,0,0,,,,,,,,,
United Kingdom,"Saint Helena, Ascension and Tristan da Cunha",2020-04-20,-875,0,0,,,,,,,,,
United Kingdom,"Saint Helena, Ascension and Tristan da Cunha",2020-04-21,-874,0,0,,,,,,,,,
United Kingdom,"Saint Helena, Ascension and Tristan da Cunha",2020-04-22,-873,0,0,,,,,,,,,
United Kingdom,"Saint Helena, Ascension and Tristan da Cunha",2020-04-23,-872,0,0,,,,,,,,,
United Kingdom,"Saint Helena, Ascension and Tristan da Cunha",2020-04-24,-871,0,0,,,,,,,,,
United Kingdom,"Saint Helena, Ascension and Tristan da Cunha",2020-04-25,-870,0,0,,,,,,,,,
United Kingdom,"Saint Helena, Ascension and Tristan da Cunha",2020-04-26,-869,0,0,,,,,,,,,
United Kingdom,"Saint Helena, Ascension and Tristan da Cunha",2020-04-27,-868,0,0,,,,,,,,,
United Kingdom,"Saint Helena, Ascension and Tristan da Cunha",2020-04-28,-867,0,0,,,,,,,,,
United Kingdom,"Saint Helena, Ascension and Tristan da Cunha",2020-04-29,-866,0,0,,,,,,,,,
United Kingdom,"Saint Helena, Ascension and Tristan da Cunha",2020-04-30,-865,0,0,,,,,,,,,
United Kingdom,"Saint Helena, Ascension and Tristan da Cunha",2020-05-01,-864,0,0,,,,,,,,,
United Kingdom,"Saint Helena, Ascension and Tristan da Cunha",2020-05-02,-863,0,0,,,,,,,,,
United Kingdom,"Saint Helena, Ascension and Tristan da Cunha",2020-05-03,-862,0,0,,,,,,,,,
United Kingdom,"Saint Helena, Ascension and Tristan da Cunha",2020-05-04,-861,0,0,,,,,,,,,
United Kingdom,"Saint Helena, Ascension and Tristan da Cunha",2020-05-05,-860,0,0,,,,,,,,,
United Kingdom,"Saint Helena, Ascension and Tristan da Cunha",2020-05-06,-859,0,0,,,,,,,,,
United Kingdom,"Saint Helena, Ascension and Tristan da Cunha",2020-05-07,-858,0,0,,,,,,,,,
United Kingdom,"Saint Helena, Ascension and Tristan da Cunha",2020-05-08,-857,0,0,,,,,,,,,
United Kingdom,"Saint Helena, Ascension and Tristan da Cunha",2020-05-09,-856,0,0,,,,,,,,,
United Kingdom,"Saint Helena, Ascension and Tristan da Cunha",2020-05-10,-855,0,0,,,,,,,,,
United Kingdom,"Saint Helena, Ascension and Tristan da Cunha",2020-05-11,-854,0,0,,,,,,,,,
United Kingdom,"Saint Helena, Ascension and Tristan da Cunha",2020-05-12,-853,0,0,,,,,,,,,
United Kingdom,"Saint Helena, Ascension and Tristan da Cunha",2020-05-13,-852,0,0,,,,,,,,,
United Kingdom,"Saint Helena, Ascension and Tristan da Cunha",2020-05-14,-851,0,0,,,,,,,,,
United Kingdom,"Saint Helena, Ascension and Tristan da Cunha",2020-05-15,-850,0,0,,,,,,,,,
United Kingdom,"Saint Helena, Ascension and Tristan da Cunha",2020-05-16,-849,0,0,,,,,,,,,
United Kingdom,"Saint Helena, Ascension and Tristan da Cunha",2020-05-17,-848,0,0,,,,,,,,,
United Kingdom,"Saint Helena, Ascension and Tristan da Cunha",2020-05-18,-847,0,0,,,,,,,,,
United Kingdom,"Saint Helena, Ascension and Tristan da Cunha",2020-05-19,-846,0,0,,,,,,,,,
United Kingdom,"Saint Helena, Ascension and Tristan da Cunha",2020-05-20,-845,0,0,,,,,,,,,
United Kingdom,"Saint Helena, Ascension and Tristan da Cunha",2020-05-21,-844,0,0,,,,,,,,,
United Kingdom,"Saint Helena, Ascension and Tristan da Cunha",2020-05-22,-843,0,0,,,,,,,,,
United Kingdom,"Saint Helena, Ascension and Tristan da Cunha",2020-05-23,-842,0,0,,,,,,,,,
United Kingdom,"Saint Helena, Ascension and Tristan da Cunha",2020-05-24,-841,0,0,,,,,,,,,
United Kingdom,"Saint Helena, Ascension and Tristan da Cunha",2020-05-25,-840,0,0,,,,,,,,,
United Kingdom,"Saint Helena, Ascension and Tristan da Cunha",2020-05-26,-839,0,0,,,,,,,,,
United Kingdom,"Saint Helena, Ascension and Tristan da Cunha",2020-05-27,-838,0,0,,,,,,,,,
United Kingdom,"Saint Helena, Ascension and Tristan da Cunha",2020-05-28,-837,0,0,,,,,,,,,
United Kingdom,"Saint Helena, Ascension and Tristan da Cunha",2020-05-29,-836,0,0,,,,,,,,,
United Kingdom,"Saint Helena, Ascension and Tristan da Cunha",2020-05-30,-835,0,0,,,,,,,,,
United Kingdom,"Saint Helena, Ascension and Tristan da Cunha",2020-05-31,-834,0,0,,,,,,,,,
United Kingdom,"Saint Helena, Ascension and Tristan da Cunha",2020-06-01,-833,0,0,,,,,,,,,
United Kingdom,"Saint Helena, Ascension and Tristan da Cunha",2020-06-02,-832,0,0,,,,,,,,,
United Kingdom,"Saint Helena, Ascension and Tristan da Cunha",2020-06-03,-831,0,0,,,,,,,,,
United Kingdom,"Saint Helena, Ascension and Tristan da Cunha",2020-06-04,-830,0,0,,,,,,,,,
United Kingdom,"Saint Helena, Ascension and Tristan da Cunha",2020-06-05,-829,0,0,,,,,,,,,
United Kingdom,"Saint Helena, Ascension and Tristan da Cunha",2020-06-06,-828,0,0,,,,,,,,,
United Kingdom,"Saint Helena, Ascension and Tristan da Cunha",2020-06-07,-827,0,0,,,,,,,,,
United Kingdom,"Saint Helena, Ascension and Tristan da Cunha",2020-06-08,-826,0,0,,,,,,,,,
United Kingdom,"Saint Helena, Ascension and Tristan da Cunha",2020-06-09,-825,0,0,,,,,,,,,
United Kingdom,"Saint Helena, Ascension and Tristan da Cunha",2020-06-10,-824,0,0,,,,,,,,,
United Kingdom,"Saint Helena, Ascension and Tristan da Cunha",2020-06-11,-823,0,0,,,,,,,,,
United Kingdom,"Saint Helena, Ascension and Tristan da Cunha",2020-06-12,-822,0,0,,,,,,,,,
United Kingdom,"Saint Helena, Ascension and Tristan da Cunha",2020-06-13,-821,0,0,,,,,,,,,
United Kingdom,"Saint Helena, Ascension and Tristan da Cunha",2020-06-14,-820,0,0,,,,,,,,,
United Kingdom,"Saint Helena, Ascension and Tristan da Cunha",2020-06-15,-819,0,0,,,,,,,,,
United Kingdom,"Saint Helena, Ascension and Tristan da Cunha",2020-06-16,-818,0,0,,,,,,,,,
United Kingdom,"Saint Helena, Ascension and Tristan da Cunha",2020-06-17,-817,0,0,,,,,,,,,
United Kingdom,"Saint Helena, Ascension and Tristan da Cunha",2020-06-18,-816,0,0,,,,,,,,,
United Kingdom,"Saint Helena, Ascension and Tristan da Cunha",2020-06-19,-815,0,0,,,,,,,,,
United Kingdom,"Saint Helena, Ascension and Tristan da Cunha",2020-06-20,-814,0,0,,,,,,,,,
United Kingdom,"Saint Helena, Ascension and Tristan da Cunha",2020-06-21,-813,0,0,,,,,,,,,
United Kingdom,"Saint Helena, Ascension and Tristan da Cunha",2020-06-22,-812,0,0,,,,,,,,,
United Kingdom,"Saint Helena, Ascension and Tristan da Cunha",2020-06-23,-811,0,0,,,,,,,,,
United Kingdom,"Saint Helena, Ascension and Tristan da Cunha",2020-06-24,-810,0,0,,,,,,,,,
United Kingdom,"Saint Helena, Ascension and Tristan da Cunha",2020-06-25,-809,0,0,,,,,,,,,
United Kingdom,"Saint Helena, Ascension and Tristan da Cunha",2020-06-26,-808,0,0,,,,,,,,,
United Kingdom,"Saint Helena, Ascension and Tristan da Cunha",2020-06-27,-807,0,0,,,,,,,,,
United Kingdom,"Saint Helena, Ascension and Tristan da Cunha",2020-06-28,-806,0,0,,,,,,,,,
United Kingdom,"Saint Helena, Ascension and Tristan da Cunha",2020-06-29,-805,0,0,,,,,,,,,
United Kingdom,"Saint Helena, Ascension and Tristan da Cunha",2020-06-30,-804,0,0,,,,,,,,,
United Kingdom,"Saint Helena, Ascension and Tristan da Cunha",2020-07-01,-803,0,0,,,,,,,,,
United Kingdom,"Saint Helena, Ascension and Tristan da Cunha",2020-07-02,-802,0,0,,,,,,,,,
United Kingdom,"Saint Helena, Ascension and Tristan da Cunha",2020-07-03,-801,0,0,,,,,,,,,
United Kingdom,"Saint Helena, Ascension and Tristan da Cunha",2020-07-04,-800,0,0,,,,,,,,,
United Kingdom,"Saint Helena, Ascension and Tristan da Cunha",2020-07-05,-799,0,0,,,,,,,,,
United Kingdom,"Saint Helena, Ascension and Tristan da Cunha",2020-07-06,-798,0,0,,,,,,,,,
United Kingdom,"Saint Helena, Ascension and Tristan da Cunha",2020-07-07,-797,0,0,,,,,,,,,
United Kingdom,"Saint Helena, Ascension and Tristan da Cunha",2020-07-08,-796,0,0,,,,,,,,,
United Kingdom,"Saint Helena, Ascension and Tristan da Cunha",2020-07-09,-795,0,0,,,,,,,,,
United Kingdom,"Saint Helena, Ascension and Tristan da Cunha",2020-07-10,-794,0,0,,,,,,,,,
United Kingdom,"Saint Helena, Ascension and Tristan da Cunha",2020-07-11,-793,0,0,,,,,,,,,
United Kingdom,"Saint Helena, Ascension and Tristan da Cunha",2020-07-12,-792,0,0,,,,,,,,,
United Kingdom,"Saint Helena, Ascension and Tristan da Cunha",2020-07-13,-791,0,0,,,,,,,,,
United Kingdom,"Saint Helena, Ascension and Tristan da Cunha",2020-07-14,-790,0,0,,,,,,,,,
United Kingdom,"Saint Helena, Ascension and Tristan da Cunha",2020-07-15,-789,0,0,,,,,,,,,
United Kingdom,"Saint Helena, Ascension and Tristan da Cunha",2020-07-16,-788,0,0,,,,,,,,,
United Kingdom,"Saint Helena, Ascension and Tristan da Cunha",2020-07-17,-787,0,0,,,,,,,,,
United Kingdom,"Saint Helena, Ascension and Tristan da Cunha",2020-07-18,-786,0,0,,,,,,,,,
United Kingdom,"Saint Helena, Ascension and Tristan da Cunha",2020-07-19,-785,0,0,,,,,,,,,
United Kingdom,"Saint Helena, Ascension and Tristan da Cunha",2020-07-20,-784,0,0,,,,,,,,,
United Kingdom,"Saint Helena, Ascension and Tristan da Cunha",2020-07-21,-783,0,0,,,,,,,,,
United Kingdom,"Saint Helena, Ascension and Tristan da Cunha",2020-07-22,-782,0,0,,,,,,,,,
United Kingdom,"Saint Helena, Ascension and Tristan da Cunha",2020-07-23,-781,0,0,,,,,,,,,
United Kingdom,"Saint Helena, Ascension and Tristan da Cunha",2020-07-24,-780,0,0,,,,,,,,,
United Kingdom,"Saint Helena, Ascension and Tristan da Cunha",2020-07-25,-779,0,0,,,,,,,,,
United Kingdom,"Saint Helena, Ascension and Tristan da Cunha",2020-07-26,-778,0,0,,,,,,,,,
United Kingdom,"Saint Helena, Ascension and Tristan da Cunha",2020-07-27,-777,0,0,,,,,,,,,
United Kingdom,"Saint Helena, Ascension and Tristan da Cunha",2020-07-28,-776,0,0,,,,,,,,,
United Kingdom,"Saint Helena, Ascension and Tristan da Cunha",2020-07-29,-775,0,0,,,,,,,,,
United Kingdom,"Saint Helena, Ascension and Tristan da Cunha",2020-07-30,-774,0,0,,,,,,,,,
United Kingdom,"Saint Helena, Ascension and Tristan da Cunha",2020-07-31,-773,0,0,,,,,,,,,
United Kingdom,"Saint Helena, Ascension and Tristan da Cunha",2020-08-01,-772,0,0,,,,,,,,,
United Kingdom,"Saint Helena, Ascension and Tristan da Cunha",2020-08-02,-771,0,0,,,,,,,,,
United Kingdom,"Saint Helena, Ascension and Tristan da Cunha",2020-08-03,-770,0,0,,,,,,,,,
United Kingdom,"Saint Helena, Ascension and Tristan da Cunha",2020-08-04,-769,0,0,,,,,,,,,
United Kingdom,"Saint Helena, Ascension and Tristan da Cunha",2020-08-05,-768,0,0,,,,,,,,,
United Kingdom,"Saint Helena, Ascension and Tristan da Cunha",2020-08-06,-767,0,0,,,,,,,,,
United Kingdom,"Saint Helena, Ascension and Tristan da Cunha",2020-08-07,-766,0,0,,,,,,,,,
United Kingdom,"Saint Helena, Ascension and Tristan da Cunha",2020-08-08,-765,0,0,,,,,,,,,
United Kingdom,"Saint Helena, Ascension and Tristan da Cunha",2020-08-09,-764,0,0,,,,,,,,,
United Kingdom,"Saint Helena, Ascension and Tristan da Cunha",2020-08-10,-763,0,0,,,,,,,,,
United Kingdom,"Saint Helena, Ascension and Tristan da Cunha",2020-08-11,-762,0,0,,,,,,,,,
United Kingdom,"Saint Helena, Ascension and Tristan da Cunha",2020-08-12,-761,0,0,,,,,,,,,
United Kingdom,"Saint Helena, Ascension and Tristan da Cunha",2020-08-13,-760,0,0,,,,,,,,,
United Kingdom,"Saint Helena, Ascension and Tristan da Cunha",2020-08-14,-759,0,0,,,,,,,,,
United Kingdom,"Saint Helena, Ascension and Tristan da Cunha",2020-08-15,-758,0,0,,,,,,,,,
United Kingdom,"Saint Helena, Ascension and Tristan da Cunha",2020-08-16,-757,0,0,,,,,,,,,
United Kingdom,"Saint Helena, Ascension and Tristan da Cunha",2020-08-17,-756,0,0,,,,,,,,,
United Kingdom,"Saint Helena, Ascension and Tristan da Cunha",2020-08-18,-755,0,0,,,,,,,,,
United Kingdom,"Saint Helena, Ascension and Tristan da Cunha",2020-08-19,-754,0,0,,,,,,,,,
United Kingdom,"Saint Helena, Ascension and Tristan da Cunha",2020-08-20,-753,0,0,,,,,,,,,
United Kingdom,"Saint Helena, Ascension and Tristan da Cunha",2020-08-21,-752,0,0,,,,,,,,,
United Kingdom,"Saint Helena, Ascension and Tristan da Cunha",2020-08-22,-751,0,0,,,,,,,,,
United Kingdom,"Saint Helena, Ascension and Tristan da Cunha",2020-08-23,-750,0,0,,,,,,,,,
United Kingdom,"Saint Helena, Ascension and Tristan da Cunha",2020-08-24,-749,0,0,,,,,,,,,
United Kingdom,"Saint Helena, Ascension and Tristan da Cunha",2020-08-25,-748,0,0,,,,,,,,,
United Kingdom,"Saint Helena, Ascension and Tristan da Cunha",2020-08-26,-747,0,0,,,,,,,,,
United Kingdom,"Saint Helena, Ascension and Tristan da Cunha",2020-08-27,-746,0,0,,,,,,,,,
United Kingdom,"Saint Helena, Ascension and Tristan da Cunha",2020-08-28,-745,0,0,,,,,,,,,
United Kingdom,"Saint Helena, Ascension and Tristan da Cunha",2020-08-29,-744,0,0,,,,,,,,,
United Kingdom,"Saint Helena, Ascension and Tristan da Cunha",2020-08-30,-743,0,0,,,,,,,,,
United Kingdom,"Saint Helena, Ascension and Tristan da Cunha",2020-08-31,-742,0,0,,,,,,,,,
United Kingdom,"Saint Helena, Ascension and Tristan da Cunha",2020-09-01,-741,0,0,,,,,,,,,
United Kingdom,"Saint Helena, Ascension and Tristan da Cunha",2020-09-02,-740,0,0,,,,,,,,,
United Kingdom,"Saint Helena, Ascension and Tristan da Cunha",2020-09-03,-739,0,0,,,,,,,,,
United Kingdom,"Saint Helena, Ascension and Tristan da Cunha",2020-09-04,-738,0,0,,,,,,,,,
United Kingdom,"Saint Helena, Ascension and Tristan da Cunha",2020-09-05,-737,0,0,,,,,,,,,
United Kingdom,"Saint Helena, Ascension and Tristan da Cunha",2020-09-06,-736,0,0,,,,,,,,,
United Kingdom,"Saint Helena, Ascension and Tristan da Cunha",2020-09-07,-735,2,0,,,,,,,,,
United Kingdom,"Saint Helena, Ascension and Tristan da Cunha",2020-09-08,-734,2,0,,,,,,,,,
United Kingdom,"Saint Helena, Ascension and Tristan da Cunha",2020-09-09,-733,2,0,,,,,,,,,
United Kingdom,"Saint Helena, Ascension and Tristan da Cunha",2020-09-10,-732,2,0,,,,,,,,,
United Kingdom,"Saint Helena, Ascension and Tristan da Cunha",2020-09-11,-731,2,0,,,,,,,,,
United Kingdom,"Saint Helena, Ascension and Tristan da Cunha",2020-09-12,-730,2,0,,,,,,,,,
United Kingdom,"Saint Helena, Ascension and Tristan da Cunha",2020-09-13,-729,2,0,,,,,,,,,
United Kingdom,"Saint Helena, Ascension and Tristan da Cunha",2020-09-14,-728,2,0,,,,,,,,,
United Kingdom,"Saint Helena, Ascension and Tristan da Cunha",2020-09-15,-727,2,0,,,,,,,,,
United Kingdom,"Saint Helena, Ascension and Tristan da Cunha",2020-09-16,-726,2,0,,,,,,,,,
United Kingdom,"Saint Helena, Ascension and Tristan da Cunha",2020-09-17,-725,2,0,,,,,,,,,
United Kingdom,"Saint Helena, Ascension and Tristan da Cunha",2020-09-18,-724,2,0,,,,,,,,,
United Kingdom,"Saint Helena, Ascension and Tristan da Cunha",2020-09-19,-723,2,0,,,,,,,,,
United Kingdom,"Saint Helena, Ascension and Tristan da Cunha",2020-09-20,-722,2,0,,,,,,,,,
United Kingdom,"Saint Helena, Ascension and Tristan da Cunha",2020-09-21,-721,2,0,,,,,,,,,
United Kingdom,"Saint Helena, Ascension and Tristan da Cunha",2020-09-22,-720,2,0,,,,,,,,,
United Kingdom,"Saint Helena, Ascension and Tristan da Cunha",2020-09-23,-719,2,0,,,,,,,,,
United Kingdom,"Saint Helena, Ascension and Tristan da Cunha",2020-09-24,-718,2,0,,,,,,,,,
United Kingdom,"Saint Helena, Ascension and Tristan da Cunha",2020-09-25,-717,2,0,,,,,,,,,
United Kingdom,"Saint Helena, Ascension and Tristan da Cunha",2020-09-26,-716,2,0,,,,,,,,,
United Kingdom,"Saint Helena, Ascension and Tristan da Cunha",2020-09-27,-715,2,0,,,,,,,,,
United Kingdom,"Saint Helena, Ascension and Tristan da Cunha",2020-09-28,-714,2,0,,,,,,,,,
United Kingdom,"Saint Helena, Ascension and Tristan da Cunha",2020-09-29,-713,2,0,,,,,,,,,
United Kingdom,"Saint Helena, Ascension and Tristan da Cunha",2020-09-30,-712,2,0,,,,,,,,,
United Kingdom,"Saint Helena, Ascension and Tristan da Cunha",2020-10-01,-711,2,0,,,,,,,,,
United Kingdom,"Saint Helena, Ascension and Tristan da Cunha",2020-10-02,-710,2,0,,,,,,,,,
United Kingdom,"Saint Helena, Ascension and Tristan da Cunha",2020-10-03,-709,2,0,,,,,,,,,
United Kingdom,"Saint Helena, Ascension and Tristan da Cunha",2020-10-04,-708,2,0,,,,,,,,,
United Kingdom,"Saint Helena, Ascension and Tristan da Cunha",2020-10-05,-707,2,0,,,,,,,,,
United Kingdom,"Saint Helena, Ascension and Tristan da Cunha",2020-10-06,-706,2,0,,,,,,,,,
United Kingdom,"Saint Helena, Ascension and Tristan da Cunha",2020-10-07,-705,2,0,,,,,,,,,
United Kingdom,"Saint Helena, Ascension and Tristan da Cunha",2020-10-08,-704,2,0,,,,,,,,,
United Kingdom,"Saint Helena, Ascension and Tristan da Cunha",2020-10-09,-703,2,0,,,,,,,,,
United Kingdom,"Saint Helena, Ascension and Tristan da Cunha",2020-10-10,-702,2,0,,,,,,,,,
United Kingdom,"Saint Helena, Ascension and Tristan da Cunha",2020-10-11,-701,2,0,,,,,,,,,
United Kingdom,"Saint Helena, Ascension and Tristan da Cunha",2020-10-12,-700,2,0,,,,,,,,,
United Kingdom,"Saint Helena, Ascension and Tristan da Cunha",2020-10-13,-699,2,0,,,,,,,,,
United Kingdom,"Saint Helena, Ascension and Tristan da Cunha",2020-10-14,-698,2,0,,,,,,,,,
United Kingdom,"Saint Helena, Ascension and Tristan da Cunha",2020-10-15,-697,2,0,,,,,,,,,
United Kingdom,"Saint Helena, Ascension and Tristan da Cunha",2020-10-16,-696,2,0,,,,,,,,,
United Kingdom,"Saint Helena, Ascension and Tristan da Cunha",2020-10-17,-695,2,0,,,,,,,,,
United Kingdom,"Saint Helena, Ascension and Tristan da Cunha",2020-10-18,-694,2,0,,,,,,,,,
United Kingdom,"Saint Helena, Ascension and Tristan da Cunha",2020-10-19,-693,2,0,,,,,,,,,
United Kingdom,"Saint Helena, Ascension and Tristan da Cunha",2020-10-20,-692,2,0,,,,,,,,,
United Kingdom,"Saint Helena, Ascension and Tristan da Cunha",2020-10-21,-691,2,0,,,,,,,,,
United Kingdom,"Saint Helena, Ascension and Tristan da Cunha",2020-10-22,-690,2,0,,,,,,,,,
United Kingdom,"Saint Helena, Ascension and Tristan da Cunha",2020-10-23,-689,2,0,,,,,,,,,
United Kingdom,"Saint Helena, Ascension and Tristan da Cunha",2020-10-24,-688,2,0,,,,,,,,,
United Kingdom,"Saint Helena, Ascension and Tristan da Cunha",2020-10-25,-687,2,0,,,,,,,,,
United Kingdom,"Saint Helena, Ascension and Tristan da Cunha",2020-10-26,-686,2,0,,,,,,,,,
United Kingdom,"Saint Helena, Ascension and Tristan da Cunha",2020-10-27,-685,2,0,,,,,,,,,
United Kingdom,"Saint Helena, Ascension and Tristan da Cunha",2020-10-28,-684,2,0,,,,,,,,,
United Kingdom,"Saint Helena, Ascension and Tristan da Cunha",2020-10-29,-683,2,0,,,,,,,,,
United Kingdom,"Saint Helena, Ascension and Tristan da Cunha",2020-10-30,-682,2,0,,,,,,,,,
United Kingdom,"Saint Helena, Ascension and Tristan da Cunha",2020-10-31,-681,2,0,,,,,,,,,
United Kingdom,"Saint Helena, Ascension and Tristan da Cunha",2020-11-01,-680,2,0,,,,,,,,,
United Kingdom,"Saint Helena, Ascension and Tristan da Cunha",2020-11-02,-679,2,0,,,,,,,,,
United Kingdom,"Saint Helena, Ascension and Tristan da Cunha",2020-11-03,-678,2,0,,,,,,,,,
United Kingdom,"Saint Helena, Ascension and Tristan da Cunha",2020-11-04,-677,2,0,,,,,,,,,
United Kingdom,"Saint Helena, Ascension and Tristan da Cunha",2020-11-05,-676,2,0,,,,,,,,,
United Kingdom,"Saint Helena, Ascension and Tristan da Cunha",2020-11-06,-675,2,0,,,,,,,,,
United Kingdom,"Saint Helena, Ascension and Tristan da Cunha",2020-11-07,-674,2,0,,,,,,,,,
United Kingdom,"Saint Helena, Ascension and Tristan da Cunha",2020-11-08,-673,2,0,,,,,,,,,
United Kingdom,"Saint Helena, Ascension and Tristan da Cunha",2020-11-09,-672,2,0,,,,,,,,,
United Kingdom,"Saint Helena, Ascension and Tristan da Cunha",2020-11-10,-671,2,0,,,,,,,,,
United Kingdom,"Saint Helena, Ascension and Tristan da Cunha",2020-11-11,-670,2,0,,,,,,,,,
United Kingdom,"Saint Helena, Ascension and Tristan da Cunha",2020-11-12,-669,2,0,,,,,,,,,
United Kingdom,"Saint Helena, Ascension and Tristan da Cunha",2020-11-13,-668,2,0,,,,,,,,,
United Kingdom,"Saint Helena, Ascension and Tristan da Cunha",2020-11-14,-667,2,0,,,,,,,,,
United Kingdom,"Saint Helena, Ascension and Tristan da Cunha",2020-11-15,-666,2,0,,,,,,,,,
United Kingdom,"Saint Helena, Ascension and Tristan da Cunha",2020-11-16,-665,3,0,,,,,,,,,
United Kingdom,"Saint Helena, Ascension and Tristan da Cunha",2020-11-17,-664,3,0,,,,,,,,,
United Kingdom,"Saint Helena, Ascension and Tristan da Cunha",2020-11-18,-663,3,0,,,,,,,,,
United Kingdom,"Saint Helena, Ascension and Tristan da Cunha",2020-11-19,-662,3,0,,,,,,,,,
United Kingdom,"Saint Helena, Ascension and Tristan da Cunha",2020-11-20,-661,3,0,,,,,,,,,
United Kingdom,"Saint Helena, Ascension and Tristan da Cunha",2020-11-21,-660,3,0,,,,,,,,,
United Kingdom,"Saint Helena, Ascension and Tristan da Cunha",2020-11-22,-659,3,0,,,,,,,,,
United Kingdom,"Saint Helena, Ascension and Tristan da Cunha",2020-11-23,-658,3,0,,,,,,,,,
United Kingdom,"Saint Helena, Ascension and Tristan da Cunha",2020-11-24,-657,3,0,,,,,,,,,
United Kingdom,"Saint Helena, Ascension and Tristan da Cunha",2020-11-25,-656,3,0,,,,,,,,,
United Kingdom,"Saint Helena, Ascension and Tristan da Cunha",2020-11-26,-655,3,0,,,,,,,,,
United Kingdom,"Saint Helena, Ascension and Tristan da Cunha",2020-11-27,-654,3,0,,,,,,,,,
United Kingdom,"Saint Helena, Ascension and Tristan da Cunha",2020-11-28,-653,3,0,,,,,,,,,
United Kingdom,"Saint Helena, Ascension and Tristan da Cunha",2020-11-29,-652,3,0,,,,,,,,,
United Kingdom,"Saint Helena, Ascension and Tristan da Cunha",2020-11-30,-651,3,0,,,,,,,,,
United Kingdom,"Saint Helena, Ascension and Tristan da Cunha",2020-12-01,-650,3,0,,,,,,,,,
United Kingdom,"Saint Helena, Ascension and Tristan da Cunha",2020-12-02,-649,3,0,,,,,,,,,
United Kingdom,"Saint Helena, Ascension and Tristan da Cunha",2020-12-03,-648,3,0,,,,,,,,,
United Kingdom,"Saint Helena, Ascension and Tristan da Cunha",2020-12-04,-647,3,0,,,,,,,,,
United Kingdom,"Saint Helena, Ascension and Tristan da Cunha",2020-12-05,-646,3,0,,,,,,,,,
United Kingdom,"Saint Helena, Ascension and Tristan da Cunha",2020-12-06,-645,3,0,,,,,,,,,
United Kingdom,"Saint Helena, Ascension and Tristan da Cunha",2020-12-07,-644,3,0,,,,,,,,,
United Kingdom,"Saint Helena, Ascension and Tristan da Cunha",2020-12-08,-643,3,0,,,,,,,,,
United Kingdom,"Saint Helena, Ascension and Tristan da Cunha",2020-12-09,-642,3,0,,,,,,,,,
United Kingdom,"Saint Helena, Ascension and Tristan da Cunha",2020-12-10,-641,3,0,,,,,,,,,
United Kingdom,"Saint Helena, Ascension and Tristan da Cunha",2020-12-11,-640,3,0,,,,,,,,,
United Kingdom,"Saint Helena, Ascension and Tristan da Cunha",2020-12-12,-639,3,0,,,,,,,,,
United Kingdom,"Saint Helena, Ascension and Tristan da Cunha",2020-12-13,-638,3,0,,,,,,,,,
United Kingdom,"Saint Helena, Ascension and Tristan da Cunha",2020-12-14,-637,3,0,,,,,,,,,
United Kingdom,"Saint Helena, Ascension and Tristan da Cunha",2020-12-15,-636,3,0,,,,,,,,,
United Kingdom,"Saint Helena, Ascension and Tristan da Cunha",2020-12-16,-635,3,0,,,,,,,,,
United Kingdom,"Saint Helena, Ascension and Tristan da Cunha",2020-12-17,-634,3,0,,,,,,,,,
United Kingdom,"Saint Helena, Ascension and Tristan da Cunha",2020-12-18,-633,3,0,,,,,,,,,
United Kingdom,"Saint Helena, Ascension and Tristan da Cunha",2020-12-19,-632,3,0,,,,,,,,,
United Kingdom,"Saint Helena, Ascension and Tristan da Cunha",2020-12-20,-631,3,0,,,,,,,,,
United Kingdom,"Saint Helena, Ascension and Tristan da Cunha",2020-12-21,-630,3,0,,,,,,,,,
United Kingdom,"Saint Helena, Ascension and Tristan da Cunha",2020-12-22,-629,3,0,,,,,,,,,
United Kingdom,"Saint Helena, Ascension and Tristan da Cunha",2020-12-23,-628,3,0,,,,,,,,,
United Kingdom,"Saint Helena, Ascension and Tristan da Cunha",2020-12-24,-627,4,0,,,,,,,,,
United Kingdom,"Saint Helena, Ascension and Tristan da Cunha",2020-12-25,-626,4,0,,,,,,,,,
United Kingdom,"Saint Helena, Ascension and Tristan da Cunha",2020-12-26,-625,4,0,,,,,,,,,
United Kingdom,"Saint Helena, Ascension and Tristan da Cunha",2020-12-27,-624,4,0,,,,,,,,,
United Kingdom,"Saint Helena, Ascension and Tristan da Cunha",2020-12-28,-623,4,0,,,,,,,,,
United Kingdom,"Saint Helena, Ascension and Tristan da Cunha",2020-12-29,-622,4,0,,,,,,,,,
United Kingdom,"Saint Helena, Ascension and Tristan da Cunha",2020-12-30,-621,4,0,,,,,,,,,
United Kingdom,"Saint Helena, Ascension and Tristan da Cunha",2020-12-31,-620,4,0,,,,,,,,,
United Kingdom,"Saint Helena, Ascension and Tristan da Cunha",2021-01-01,-619,4,0,,,,,,,,,
United Kingdom,"Saint Helena, Ascension and Tristan da Cunha",2021-01-02,-618,4,0,,,,,,,,,
United Kingdom,"Saint Helena, Ascension and Tristan da Cunha",2021-01-03,-617,4,0,,,,,,,,,
United Kingdom,"Saint Helena, Ascension and Tristan da Cunha",2021-01-04,-616,4,0,,,,,,,,,
United Kingdom,"Saint Helena, Ascension and Tristan da Cunha",2021-01-05,-615,4,0,,,,,,,,,
United Kingdom,"Saint Helena, Ascension and Tristan da Cunha",2021-01-06,-614,4,0,,,,,,,,,
United Kingdom,"Saint Helena, Ascension and Tristan da Cunha",2021-01-07,-613,4,0,,,,,,,,,
United Kingdom,"Saint Helena, Ascension and Tristan da Cunha",2021-01-08,-612,4,0,,,,,,,,,
United Kingdom,"Saint Helena, Ascension and Tristan da Cunha",2021-01-09,-611,4,0,,,,,,,,,
United Kingdom,"Saint Helena, Ascension and Tristan da Cunha",2021-01-10,-610,4,0,,,,,,,,,
United Kingdom,"Saint Helena, Ascension and Tristan da Cunha",2021-01-11,-609,4,0,,,,,,,,,
United Kingdom,"Saint Helena, Ascension and Tristan da Cunha",2021-01-12,-608,4,0,,,,,,,,,
United Kingdom,"Saint Helena, Ascension and Tristan da Cunha",2021-01-13,-607,4,0,,,,,,,,,
United Kingdom,"Saint Helena, Ascension and Tristan da Cunha",2021-01-14,-606,4,0,,,,,,,,,
United Kingdom,"Saint Helena, Ascension and Tristan da Cunha",2021-01-15,-605,4,0,,,,,,,,,
United Kingdom,"Saint Helena, Ascension and Tristan da Cunha",2021-01-16,-604,4,0,,,,,,,,,
United Kingdom,"Saint Helena, Ascension and Tristan da Cunha",2021-01-17,-603,4,0,,,,,,,,,
United Kingdom,"Saint Helena, Ascension and Tristan da Cunha",2021-01-18,-602,4,0,,,,,,,,,
United Kingdom,"Saint Helena, Ascension and Tristan da Cunha",2021-01-19,-601,4,0,,,,,,,,,
United Kingdom,"Saint Helena, Ascension and Tristan da Cunha",2021-01-20,-600,4,0,,,,,,,,,
United Kingdom,"Saint Helena, Ascension and Tristan da Cunha",2021-01-21,-599,4,0,,,,,,,,,
United Kingdom,"Saint Helena, Ascension and Tristan da Cunha",2021-01-22,-598,4,0,,,,,,,,,
United Kingdom,"Saint Helena, Ascension and Tristan da Cunha",2021-01-23,-597,4,0,,,,,,,,,
United Kingdom,"Saint Helena, Ascension and Tristan da Cunha",2021-01-24,-596,4,0,,,,,,,,,
United Kingdom,"Saint Helena, Ascension and Tristan da Cunha",2021-01-25,-595,4,0,,,,,,,,,
United Kingdom,"Saint Helena, Ascension and Tristan da Cunha",2021-01-26,-594,4,0,,,,,,,,,
United Kingdom,"Saint Helena, Ascension and Tristan da Cunha",2021-01-27,-593,4,0,,,,,,,,,
United Kingdom,"Saint Helena, Ascension and Tristan da Cunha",2021-01-28,-592,4,0,,,,,,,,,
United Kingdom,"Saint Helena, Ascension and Tristan da Cunha",2021-01-29,-591,4,0,,,,,,,,,
United Kingdom,"Saint Helena, Ascension and Tristan da Cunha",2021-01-30,-590,4,0,,,,,,,,,
United Kingdom,"Saint Helena, Ascension and Tristan da Cunha",2021-01-31,-589,4,0,,,,,,,,,
United Kingdom,"Saint Helena, Ascension and Tristan da Cunha",2021-02-01,-588,4,0,,,,,,,,,
United Kingdom,"Saint Helena, Ascension and Tristan da Cunha",2021-02-02,-587,4,0,,,,,,,,,
United Kingdom,"Saint Helena, Ascension and Tristan da Cunha",2021-02-03,-586,4,0,,,,,,,,,
United Kingdom,"Saint Helena, Ascension and Tristan da Cunha",2021-02-04,-585,4,0,,,,,,,,,
United Kingdom,"Saint Helena, Ascension and Tristan da Cunha",2021-02-05,-584,4,0,,,,,,,,,
United Kingdom,"Saint Helena, Ascension and Tristan da Cunha",2021-02-06,-583,4,0,,,,,,,,,
United Kingdom,"Saint Helena, Ascension and Tristan da Cunha",2021-02-07,-582,4,0,,,,,,,,,
United Kingdom,"Saint Helena, Ascension and Tristan da Cunha",2021-02-08,-581,4,0,,,,,,,,,
United Kingdom,"Saint Helena, Ascension and Tristan da Cunha",2021-02-09,-580,4,0,,,,,,,,,
United Kingdom,"Saint Helena, Ascension and Tristan da Cunha",2021-02-10,-579,4,0,,,,,,,,,
United Kingdom,"Saint Helena, Ascension and Tristan da Cunha",2021-02-11,-578,4,0,,,,,,,,,
United Kingdom,"Saint Helena, Ascension and Tristan da Cunha",2021-02-12,-577,4,0,,,,,,,,,
United Kingdom,"Saint Helena, Ascension and Tristan da Cunha",2021-02-13,-576,4,0,,,,,,,,,
United Kingdom,"Saint Helena, Ascension and Tristan da Cunha",2021-02-14,-575,4,0,,,,,,,,,
United Kingdom,"Saint Helena, Ascension and Tristan da Cunha",2021-02-15,-574,4,0,,,,,,,,,
United Kingdom,"Saint Helena, Ascension and Tristan da Cunha",2021-02-16,-573,4,0,,,,,,,,,
United Kingdom,"Saint Helena, Ascension and Tristan da Cunha",2021-02-17,-572,4,0,,,,,,,,,
United Kingdom,"Saint Helena, Ascension and Tristan da Cunha",2021-02-18,-571,4,0,,,,,,,,,
United Kingdom,"Saint Helena, Ascension and Tristan da Cunha",2021-02-19,-570,4,0,,,,,,,,,
United Kingdom,"Saint Helena, Ascension and Tristan da Cunha",2021-02-20,-569,4,0,,,,,,,,,
United Kingdom,"Saint Helena, Ascension and Tristan da Cunha",2021-02-21,-568,4,0,,,,,,,,,
United Kingdom,"Saint Helena, Ascension and Tristan da Cunha",2021-02-22,-567,4,0,,,,,,,,,
United Kingdom,"Saint Helena, Ascension and Tristan da Cunha",2021-02-23,-566,4,0,,,,,,,,,
United Kingdom,"Saint Helena, Ascension and Tristan da Cunha",2021-02-24,-565,4,0,,,,,,,,,
United Kingdom,"Saint Helena, Ascension and Tristan da Cunha",2021-02-25,-564,4,0,,,,,,,,,
United Kingdom,"Saint Helena, Ascension and Tristan da Cunha",2021-02-26,-563,4,0,,,,,,,,,
United Kingdom,"Saint Helena, Ascension and Tristan da Cunha",2021-02-27,-562,4,0,,,,,,,,,
United Kingdom,"Saint Helena, Ascension and Tristan da Cunha",2021-02-28,-561,4,0,,,,,,,,,
United Kingdom,"Saint Helena, Ascension and Tristan da Cunha",2021-03-01,-560,4,0,,,,,,,,,
United Kingdom,"Saint Helena, Ascension and Tristan da Cunha",2021-03-02,-559,4,0,,,,,,,,,
United Kingdom,"Saint Helena, Ascension and Tristan da Cunha",2021-03-03,-558,4,0,,,,,,,,,
United Kingdom,"Saint Helena, Ascension and Tristan da Cunha",2021-03-04,-557,4,0,,,,,,,,,
United Kingdom,"Saint Helena, Ascension and Tristan da Cunha",2021-03-05,-556,4,0,,,,,,,,,
United Kingdom,"Saint Helena, Ascension and Tristan da Cunha",2021-03-06,-555,4,0,,,,,,,,,
United Kingdom,"Saint Helena, Ascension and Tristan da Cunha",2021-03-07,-554,4,0,,,,,,,,,
United Kingdom,"Saint Helena, Ascension and Tristan da Cunha",2021-03-08,-553,4,0,,,,,,,,,
United Kingdom,"Saint Helena, Ascension and Tristan da Cunha",2021-03-09,-552,4,0,,,,,,,,,
United Kingdom,"Saint Helena, Ascension and Tristan da Cunha",2021-03-10,-551,4,0,,,,,,,,,
United Kingdom,"Saint Helena, Ascension and Tristan da Cunha",2021-03-11,-550,4,0,,,,,,,,,
United Kingdom,"Saint Helena, Ascension and Tristan da Cunha",2021-03-12,-549,4,0,,,,,,,,,
United Kingdom,"Saint Helena, Ascension and Tristan da Cunha",2021-03-13,-548,4,0,,,,,,,,,
United Kingdom,"Saint Helena, Ascension and Tristan da Cunha",2021-03-14,-547,4,0,,,,,,,,,
United Kingdom,"Saint Helena, Ascension and Tristan da Cunha",2021-03-15,-546,4,0,,,,,,,,,
United Kingdom,"Saint Helena, Ascension and Tristan da Cunha",2021-03-16,-545,4,0,,,,,,,,,
United Kingdom,"Saint Helena, Ascension and Tristan da Cunha",2021-03-17,-544,4,0,,,,,,,,,
United Kingdom,"Saint Helena, Ascension and Tristan da Cunha",2021-03-18,-543,4,0,,,,,,,,,
United Kingdom,"Saint Helena, Ascension and Tristan da Cunha",2021-03-19,-542,4,0,,,,,,,,,
United Kingdom,"Saint Helena, Ascension and Tristan da Cunha",2021-03-20,-541,4,0,,,,,,,,,
United Kingdom,"Saint Helena, Ascension and Tristan da Cunha",2021-03-21,-540,4,0,,,,,,,,,
United Kingdom,"Saint Helena, Ascension and Tristan da Cunha",2021-03-22,-539,4,0,,,,,,,,,
United Kingdom,"Saint Helena, Ascension and Tristan da Cunha",2021-03-23,-538,4,0,,,,,,,,,
United Kingdom,"Saint Helena, Ascension and Tristan da Cunha",2021-03-24,-537,4,0,,,,,,,,,
United Kingdom,"Saint Helena, Ascension and Tristan da Cunha",2021-03-25,-536,4,0,,,,,,,,,
United Kingdom,"Saint Helena, Ascension and Tristan da Cunha",2021-03-26,-535,4,0,,,,,,,,,
United Kingdom,"Saint Helena, Ascension and Tristan da Cunha",2021-03-27,-534,4,0,,,,,,,,,
United Kingdom,"Saint Helena, Ascension and Tristan da Cunha",2021-03-28,-533,4,0,,,,,,,,,
United Kingdom,"Saint Helena, Ascension and Tristan da Cunha",2021-03-29,-532,4,0,,,,,,,,,
United Kingdom,"Saint Helena, Ascension and Tristan da Cunha",2021-03-30,-531,4,0,,,,,,,,,
United Kingdom,"Saint Helena, Ascension and Tristan da Cunha",2021-03-31,-530,4,0,,,,,,,,,
United Kingdom,"Saint Helena, Ascension and Tristan da Cunha",2021-04-01,-529,4,0,,,,,,,,,
United Kingdom,"Saint Helena, Ascension and Tristan da Cunha",2021-04-02,-528,4,0,,,,,,,,,
United Kingdom,"Saint Helena, Ascension and Tristan da Cunha",2021-04-03,-527,4,0,,,,,,,,,
United Kingdom,"Saint Helena, Ascension and Tristan da Cunha",2021-04-04,-526,4,0,,,,,,,,,
United Kingdom,"Saint Helena, Ascension and Tristan da Cunha",2021-04-05,-525,4,0,,,,,,,,,
United Kingdom,"Saint Helena, Ascension and Tristan da Cunha",2021-04-06,-524,4,0,,,,,,,,,
United Kingdom,"Saint Helena, Ascension and Tristan da Cunha",2021-04-07,-523,4,0,,,,,,,,,
United Kingdom,"Saint Helena, Ascension and Tristan da Cunha",2021-04-08,-522,4,0,,,,,,,,,
United Kingdom,"Saint Helena, Ascension and Tristan da Cunha",2021-04-09,-521,4,0,,,,,,,,,
United Kingdom,"Saint Helena, Ascension and Tristan da Cunha",2021-04-10,-520,4,0,,,,,,,,,
United Kingdom,"Saint Helena, Ascension and Tristan da Cunha",2021-04-11,-519,4,0,,,,,,,,,
United Kingdom,"Saint Helena, Ascension and Tristan da Cunha",2021-04-12,-518,4,0,,,,,,,,,
United Kingdom,"Saint Helena, Ascension and Tristan da Cunha",2021-04-13,-517,4,0,,,,,,,,,
United Kingdom,"Saint Helena, Ascension and Tristan da Cunha",2021-04-14,-516,4,0,,,,,,,,,
United Kingdom,"Saint Helena, Ascension and Tristan da Cunha",2021-04-15,-515,4,0,,,,,,,,,
United Kingdom,"Saint Helena, Ascension and Tristan da Cunha",2021-04-16,-514,4,0,,,,,,,,,
United Kingdom,"Saint Helena, Ascension and Tristan da Cunha",2021-04-17,-513,4,0,,,,,,,,,
United Kingdom,"Saint Helena, Ascension and Tristan da Cunha",2021-04-18,-512,4,0,,,,,,,,,
United Kingdom,"Saint Helena, Ascension and Tristan da Cunha",2021-04-19,-511,4,0,,,,,,,,,
United Kingdom,"Saint Helena, Ascension and Tristan da Cunha",2021-04-20,-510,4,0,,,,,,,,,
United Kingdom,"Saint Helena, Ascension and Tristan da Cunha",2021-04-21,-509,4,0,,,,,,,,,
United Kingdom,"Saint Helena, Ascension and Tristan da Cunha",2021-04-22,-508,4,0,,,,,,,,,
United Kingdom,"Saint Helena, Ascension and Tristan da Cunha",2021-04-23,-507,4,0,,,,,,,,,
United Kingdom,"Saint Helena, Ascension and Tristan da Cunha",2021-04-24,-506,4,0,,,,,,,,,
United Kingdom,"Saint Helena, Ascension and Tristan da Cunha",2021-04-25,-505,4,0,,,,,,,,,
United Kingdom,"Saint Helena, Ascension and Tristan da Cunha",2021-04-26,-504,4,0,,,,,,,,,
United Kingdom,"Saint Helena, Ascension and Tristan da Cunha",2021-04-27,-503,4,0,,,,,,,,,
United Kingdom,"Saint Helena, Ascension and Tristan da Cunha",2021-04-28,-502,4,0,,,,,,,,,
United Kingdom,"Saint Helena, Ascension and Tristan da Cunha",2021-04-29,-501,4,0,,,,,,,,,
United Kingdom,"Saint Helena, Ascension and Tristan da Cunha",2021-04-30,-500,4,0,,,,,,,,,
United Kingdom,"Saint Helena, Ascension and Tristan da Cunha",2021-05-01,-499,4,0,,,,,,,,,
United Kingdom,"Saint Helena, Ascension and Tristan da Cunha",2021-05-02,-498,4,0,,,,,,,,,
United Kingdom,"Saint Helena, Ascension and Tristan da Cunha",2021-05-03,-497,4,0,,,,,,,,,
United Kingdom,"Saint Helena, Ascension and Tristan da Cunha",2021-05-04,-496,4,0,,,,,,,,,
United Kingdom,"Saint Helena, Ascension and Tristan da Cunha",2021-05-05,-495,4,0,,,,,,,,,
United Kingdom,"Saint Helena, Ascension and Tristan da Cunha",2021-05-06,-494,4,0,,,,,,,,,
United Kingdom,"Saint Helena, Ascension and Tristan da Cunha",2021-05-07,-493,4,0,,,,,,,,,
United Kingdom,"Saint Helena, Ascension and Tristan da Cunha",2021-05-08,-492,4,0,,,,,,,,,
United Kingdom,"Saint Helena, Ascension and Tristan da Cunha",2021-05-09,-491,4,0,,,,,,,,,
United Kingdom,"Saint Helena, Ascension and Tristan da Cunha",2021-05-10,-490,4,0,,,,,,,,,
United Kingdom,"Saint Helena, Ascension and Tristan da Cunha",2021-05-11,-489,4,0,,,,,,,,,
United Kingdom,"Saint Helena, Ascension and Tristan da Cunha",2021-05-12,-488,4,0,,,,,,,,,
United Kingdom,"Saint Helena, Ascension and Tristan da Cunha",2021-05-13,-487,4,0,,,,,,,,,
United Kingdom,"Saint Helena, Ascension and Tristan da Cunha",2021-05-14,-486,4,0,,,,,,,,,
United Kingdom,"Saint Helena, Ascension and Tristan da Cunha",2021-05-15,-485,4,0,,,,,,,,,
United Kingdom,"Saint Helena, Ascension and Tristan da Cunha",2021-05-16,-484,4,0,,,,,,,,,
United Kingdom,"Saint Helena, Ascension and Tristan da Cunha",2021-05-17,-483,4,0,,,,,,,,,
United Kingdom,"Saint Helena, Ascension and Tristan da Cunha",2021-05-18,-482,4,0,,,,,,,,,
United Kingdom,"Saint Helena, Ascension and Tristan da Cunha",2021-05-19,-481,4,0,,,,,,,,,
United Kingdom,"Saint Helena, Ascension and Tristan da Cunha",2021-05-20,-480,4,0,,,,,,,,,
United Kingdom,"Saint Helena, Ascension and Tristan da Cunha",2021-05-21,-479,4,0,,,,,,,,,
United Kingdom,"Saint Helena, Ascension and Tristan da Cunha",2021-05-22,-478,4,0,,,,,,,,,
United Kingdom,"Saint Helena, Ascension and Tristan da Cunha",2021-05-23,-477,4,0,,,,,,,,,
United Kingdom,"Saint Helena, Ascension and Tristan da Cunha",2021-05-24,-476,4,0,,,,,,,,,
United Kingdom,"Saint Helena, Ascension and Tristan da Cunha",2021-05-25,-475,4,0,,,,,,,,,
United Kingdom,"Saint Helena, Ascension and Tristan da Cunha",2021-05-26,-474,4,0,,,,,,,,,
United Kingdom,"Saint Helena, Ascension and Tristan da Cunha",2021-05-27,-473,4,0,,,,,,,,,
United Kingdom,"Saint Helena, Ascension and Tristan da Cunha",2021-05-28,-472,4,0,,,,,,,,,
United Kingdom,"Saint Helena, Ascension and Tristan da Cunha",2021-05-29,-471,4,0,,,,,,,,,
United Kingdom,"Saint Helena, Ascension and Tristan da Cunha",2021-05-30,-470,4,0,,,,,,,,,
United Kingdom,"Saint Helena, Ascension and Tristan da Cunha",2021-05-31,-469,4,0,,,,,,,,,
United Kingdom,"Saint Helena, Ascension and Tristan da Cunha",2021-06-01,-468,4,0,,,,,,,,,
United Kingdom,"Saint Helena, Ascension and Tristan da Cunha",2021-06-02,-467,4,0,,,,,,,,,
United Kingdom,"Saint Helena, Ascension and Tristan da Cunha",2021-06-03,-466,4,0,,,,,,,,,
United Kingdom,"Saint Helena, Ascension and Tristan da Cunha",2021-06-04,-465,4,0,,,,,,,,,
United Kingdom,"Saint Helena, Ascension and Tristan da Cunha",2021-06-05,-464,4,0,,,,,,,,,
United Kingdom,"Saint Helena, Ascension and Tristan da Cunha",2021-06-06,-463,4,0,,,,,,,,,
United Kingdom,"Saint Helena, Ascension and Tristan da Cunha",2021-06-07,-462,4,0,,,,,,,,,
United Kingdom,"Saint Helena, Ascension and Tristan da Cunha",2021-06-08,-461,4,0,,,,,,,,,
United Kingdom,"Saint Helena, Ascension and Tristan da Cunha",2021-06-09,-460,4,0,,,,,,,,,
United Kingdom,"Saint Helena, Ascension and Tristan da Cunha",2021-06-10,-459,4,0,,,,,,,,,
United Kingdom,"Saint Helena, Ascension and Tristan da Cunha",2021-06-11,-458,4,0,,,,,,,,,
United Kingdom,"Saint Helena, Ascension and Tristan da Cunha",2021-06-12,-457,4,0,,,,,,,,,
United Kingdom,"Saint Helena, Ascension and Tristan da Cunha",2021-06-13,-456,4,0,,,,,,,,,
United Kingdom,"Saint Helena, Ascension and Tristan da Cunha",2021-06-14,-455,4,0,,,,,,,,,
United Kingdom,"Saint Helena, Ascension and Tristan da Cunha",2021-06-15,-454,4,0,,,,,,,,,
United Kingdom,"Saint Helena, Ascension and Tristan da Cunha",2021-06-16,-453,4,0,,,,,,,,,
United Kingdom,"Saint Helena, Ascension and Tristan da Cunha",2021-06-17,-452,4,0,,,,,,,,,
United Kingdom,"Saint Helena, Ascension and Tristan da Cunha",2021-06-18,-451,4,0,,,,,,,,,
United Kingdom,"Saint Helena, Ascension and Tristan da Cunha",2021-06-19,-450,4,0,,,,,,,,,
United Kingdom,"Saint Helena, Ascension and Tristan da Cunha",2021-06-20,-449,4,0,,,,,,,,,
United Kingdom,"Saint Helena, Ascension and Tristan da Cunha",2021-06-21,-448,4,0,,,,,,,,,
United Kingdom,"Saint Helena, Ascension and Tristan da Cunha",2021-06-22,-447,4,0,,,,,,,,,
United Kingdom,"Saint Helena, Ascension and Tristan da Cunha",2021-06-23,-446,4,0,,,,,,,,,
United Kingdom,"Saint Helena, Ascension and Tristan da Cunha",2021-06-24,-445,4,0,,,,,,,,,
United Kingdom,"Saint Helena, Ascension and Tristan da Cunha",2021-06-25,-444,4,0,,,,,,,,,
United Kingdom,"Saint Helena, Ascension and Tristan da Cunha",2021-06-26,-443,4,0,,,,,,,,,
United Kingdom,"Saint Helena, Ascension and Tristan da Cunha",2021-06-27,-442,4,0,,,,,,,,,
United Kingdom,"Saint Helena, Ascension and Tristan da Cunha",2021-06-28,-441,4,0,,,,,,,,,
United Kingdom,"Saint Helena, Ascension and Tristan da Cunha",2021-06-29,-440,4,0,,,,,,,,,
United Kingdom,"Saint Helena, Ascension and Tristan da Cunha",2021-06-30,-439,4,0,,,,,,,,,
United Kingdom,"Saint Helena, Ascension and Tristan da Cunha",2021-07-01,-438,4,0,,,,,,,,,
United Kingdom,"Saint Helena, Ascension and Tristan da Cunha",2021-07-02,-437,4,0,,,,,,,,,
United Kingdom,"Saint Helena, Ascension and Tristan da Cunha",2021-07-03,-436,4,0,,,,,,,,,
United Kingdom,"Saint Helena, Ascension and Tristan da Cunha",2021-07-04,-435,4,0,,,,,,,,,
United Kingdom,"Saint Helena, Ascension and Tristan da Cunha",2021-07-05,-434,4,0,,,,,,,,,
United Kingdom,"Saint Helena, Ascension and Tristan da Cunha",2021-07-06,-433,4,0,,,,,,,,,
United Kingdom,"Saint Helena, Ascension and Tristan da Cunha",2021-07-07,-432,4,0,,,,,,,,,
United Kingdom,"Saint Helena, Ascension and Tristan da Cunha",2021-07-08,-431,4,0,,,,,,,,,
United Kingdom,"Saint Helena, Ascension and Tristan da Cunha",2021-07-09,-430,4,0,,,,,,,,,
United Kingdom,"Saint Helena, Ascension and Tristan da Cunha",2021-07-10,-429,4,0,,,,,,,,,
United Kingdom,"Saint Helena, Ascension and Tristan da Cunha",2021-07-11,-428,4,0,,,,,,,,,
United Kingdom,"Saint Helena, Ascension and Tristan da Cunha",2021-07-12,-427,4,0,,,,,,,,,
United Kingdom,"Saint Helena, Ascension and Tristan da Cunha",2021-07-13,-426,4,0,,,,,,,,,
United Kingdom,"Saint Helena, Ascension and Tristan da Cunha",2021-07-14,-425,4,0,,,,,,,,,
United Kingdom,"Saint Helena, Ascension and Tristan da Cunha",2021-07-15,-424,4,0,,,,,,,,,
United Kingdom,"Saint Helena, Ascension and Tristan da Cunha",2021-07-16,-423,4,0,,,,,,,,,
United Kingdom,"Saint Helena, Ascension and Tristan da Cunha",2021-07-17,-422,4,0,,,,,,,,,
United Kingdom,"Saint Helena, Ascension and Tristan da Cunha",2021-07-18,-421,4,0,,,,,,,,,
United Kingdom,"Saint Helena, Ascension and Tristan da Cunha",2021-07-19,-420,4,0,,,,,,,,,
United Kingdom,"Saint Helena, Ascension and Tristan da Cunha",2021-07-20,-419,4,0,,,,,,,,,
United Kingdom,"Saint Helena, Ascension and Tristan da Cunha",2021-07-21,-418,4,0,,,,,,,,,
United Kingdom,"Saint Helena, Ascension and Tristan da Cunha",2021-07-22,-417,4,0,,,,,,,,,
United Kingdom,"Saint Helena, Ascension and Tristan da Cunha",2021-07-23,-416,4,0,,,,,,,,,
United Kingdom,"Saint Helena, Ascension and Tristan da Cunha",2021-07-24,-415,4,0,,,,,,,,,
United Kingdom,"Saint Helena, Ascension and Tristan da Cunha",2021-07-25,-414,4,0,,,,,,,,,
United Kingdom,"Saint Helena, Ascension and Tristan da Cunha",2021-07-26,-413,4,0,,,,,,,,,
United Kingdom,"Saint Helena, Ascension and Tristan da Cunha",2021-07-27,-412,4,0,,,,,,,,,
United Kingdom,"Saint Helena, Ascension and Tristan da Cunha",2021-07-28,-411,4,0,,,,,,,,,
United Kingdom,"Saint Helena, Ascension and Tristan da Cunha",2021-07-29,-410,4,0,,,,,,,,,
United Kingdom,"Saint Helena, Ascension and Tristan da Cunha",2021-07-30,-409,4,0,,,,,,,,,
United Kingdom,"Saint Helena, Ascension and Tristan da Cunha",2021-07-31,-408,4,0,,,,,,,,,
United Kingdom,"Saint Helena, Ascension and Tristan da Cunha",2021-08-01,-407,4,0,,,,,,,,,
United Kingdom,"Saint Helena, Ascension and Tristan da Cunha",2021-08-02,-406,4,0,,,,,,,,,
United Kingdom,"Saint Helena, Ascension and Tristan da Cunha",2021-08-03,-405,4,0,,,,,,,,,
United Kingdom,"Saint Helena, Ascension and Tristan da Cunha",2021-08-04,-404,4,0,,,,,,,,,
United Kingdom,"Saint Helena, Ascension and Tristan da Cunha",2021-08-05,-403,4,0,,,,,,,,,
United Kingdom,"Saint Helena, Ascension and Tristan da Cunha",2021-08-06,-402,4,0,,,,,,,,,
United Kingdom,"Saint Helena, Ascension and Tristan da Cunha",2021-08-07,-401,4,0,,,,,,,,,
United Kingdom,"Saint Helena, Ascension and Tristan da Cunha",2021-08-08,-400,4,0,,,,,,,,,
United Kingdom,"Saint Helena, Ascension and Tristan da Cunha",2021-08-09,-399,4,0,,,,,,,,,
United Kingdom,"Saint Helena, Ascension and Tristan da Cunha",2021-08-10,-398,4,0,,,,,,,,,
United Kingdom,"Saint Helena, Ascension and Tristan da Cunha",2021-08-11,-397,4,0,,,,,,,,,
United Kingdom,"Saint Helena, Ascension and Tristan da Cunha",2021-08-12,-396,4,0,,,,,,,,,
United Kingdom,"Saint Helena, Ascension and Tristan da Cunha",2021-08-13,-395,4,0,,,,,,,,,
United Kingdom,"Saint Helena, Ascension and Tristan da Cunha",2021-08-14,-394,4,0,,,,,,,,,
United Kingdom,"Saint Helena, Ascension and Tristan da Cunha",2021-08-15,-393,4,0,,,,,,,,,
United Kingdom,"Saint Helena, Ascension and Tristan da Cunha",2021-08-16,-392,4,0,,,,,,,,,
United Kingdom,"Saint Helena, Ascension and Tristan da Cunha",2021-08-17,-391,4,0,,,,,,,,,
United Kingdom,"Saint Helena, Ascension and Tristan da Cunha",2021-08-18,-390,4,0,,,,,,,,,
United Kingdom,"Saint Helena, Ascension and Tristan da Cunha",2021-08-19,-389,4,0,,,,,,,,,
United Kingdom,"Saint Helena, Ascension and Tristan da Cunha",2021-08-20,-388,4,0,,,,,,,,,
United Kingdom,"Saint Helena, Ascension and Tristan da Cunha",2021-08-21,-387,4,0,,,,,,,,,
United Kingdom,"Saint Helena, Ascension and Tristan da Cunha",2021-08-22,-386,4,0,,,,,,,,,
United Kingdom,"Saint Helena, Ascension and Tristan da Cunha",2021-08-23,-385,4,0,,,,,,,,,
United Kingdom,"Saint Helena, Ascension and Tristan da Cunha",2021-08-24,-384,4,0,,,,,,,,,
United Kingdom,"Saint Helena, Ascension and Tristan da Cunha",2021-08-25,-383,4,0,,,,,,,,,
United Kingdom,"Saint Helena, Ascension and Tristan da Cunha",2021-08-26,-382,4,0,,,,,,,,,
United Kingdom,"Saint Helena, Ascension and Tristan da Cunha",2021-08-27,-381,4,0,,,,,,,,,
United Kingdom,"Saint Helena, Ascension and Tristan da Cunha",2021-08-28,-380,4,0,,,,,,,,,
United Kingdom,"Saint Helena, Ascension and Tristan da Cunha",2021-08-29,-379,4,0,,,,,,,,,
United Kingdom,"Saint Helena, Ascension and Tristan da Cunha",2021-08-30,-378,4,0,,,,,,,,,
United Kingdom,"Saint Helena, Ascension and Tristan da Cunha",2021-08-31,-377,4,0,,,,,,,,,
United Kingdom,"Saint Helena, Ascension and Tristan da Cunha",2021-09-01,-376,4,0,,,,,,,,,
United Kingdom,"Saint Helena, Ascension and Tristan da Cunha",2021-09-02,-375,4,0,,,,,,,,,
United Kingdom,"Saint Helena, Ascension and Tristan da Cunha",2021-09-03,-374,4,0,,,,,,,,,
United Kingdom,"Saint Helena, Ascension and Tristan da Cunha",2021-09-04,-373,4,0,,,,,,,,,
United Kingdom,"Saint Helena, Ascension and Tristan da Cunha",2021-09-05,-372,4,0,,,,,,,,,
United Kingdom,"Saint Helena, Ascension and Tristan da Cunha",2021-09-06,-371,4,0,,,,,,,,,
United Kingdom,"Saint Helena, Ascension and Tristan da Cunha",2021-09-07,-370,4,0,,,,,,,,,
United Kingdom,"Saint Helena, Ascension and Tristan da Cunha",2021-09-08,-369,4,0,,,,,,,,,
United Kingdom,"Saint Helena, Ascension and Tristan da Cunha",2021-09-09,-368,4,0,,,,,,,,,
United Kingdom,"Saint Helena, Ascension and Tristan da Cunha",2021-09-10,-367,4,0,,,,,,,,,
United Kingdom,"Saint Helena, Ascension and Tristan da Cunha",2021-09-11,-366,4,0,,,,,,,,,
United Kingdom,"Saint Helena, Ascension and Tristan da Cunha",2021-09-12,-365,4,0,,,,,,,,,
United Kingdom,"Saint Helena, Ascension and Tristan da Cunha",2021-09-13,-364,4,0,,,,,,,,,
United Kingdom,"Saint Helena, Ascension and Tristan da Cunha",2021-09-14,-363,4,0,,,,,,,,,
United Kingdom,"Saint Helena, Ascension and Tristan da Cunha",2021-09-15,-362,4,0,,,,,,,,,
United Kingdom,"Saint Helena, Ascension and Tristan da Cunha",2021-09-16,-361,4,0,,,,,,,,,
United Kingdom,"Saint Helena, Ascension and Tristan da Cunha",2021-09-17,-360,4,0,,,,,,,,,
United Kingdom,"Saint Helena, Ascension and Tristan da Cunha",2021-09-18,-359,4,0,,,,,,,,,
United Kingdom,"Saint Helena, Ascension and Tristan da Cunha",2021-09-19,-358,4,0,,,,,,,,,
United Kingdom,"Saint Helena, Ascension and Tristan da Cunha",2021-09-20,-357,4,0,,,,,,,,,
United Kingdom,"Saint Helena, Ascension and Tristan da Cunha",2021-09-21,-356,4,0,,,,,,,,,
United Kingdom,"Saint Helena, Ascension and Tristan da Cunha",2021-09-22,-355,4,0,,,,,,,,,
United Kingdom,"Saint Helena, Ascension and Tristan da Cunha",2021-09-23,-354,4,0,,,,,,,,,
United Kingdom,"Saint Helena, Ascension and Tristan da Cunha",2021-09-24,-353,4,0,,,,,,,,,
United Kingdom,"Saint Helena, Ascension and Tristan da Cunha",2021-09-25,-352,4,0,,,,,,,,,
United Kingdom,"Saint Helena, Ascension and Tristan da Cunha",2021-09-26,-351,4,0,,,,,,,,,
United Kingdom,"Saint Helena, Ascension and Tristan da Cunha",2021-09-27,-350,4,0,,,,,,,,,
United Kingdom,"Saint Helena, Ascension and Tristan da Cunha",2021-09-28,-349,4,0,,,,,,,,,
United Kingdom,"Saint Helena, Ascension and Tristan da Cunha",2021-09-29,-348,4,0,,,,,,,,,
United Kingdom,"Saint Helena, Ascension and Tristan da Cunha",2021-09-30,-347,4,0,,,,,,,,,
United Kingdom,"Saint Helena, Ascension and Tristan da Cunha",2021-10-01,-346,4,0,,,,,,,,,
United Kingdom,"Saint Helena, Ascension and Tristan da Cunha",2021-10-02,-345,4,0,,,,,,,,,
United Kingdom,"Saint Helena, Ascension and Tristan da Cunha",2021-10-03,-344,4,0,,,,,,,,,
United Kingdom,"Saint Helena, Ascension and Tristan da Cunha",2021-10-04,-343,4,0,,,,,,,,,
United Kingdom,"Saint Helena, Ascension and Tristan da Cunha",2021-10-05,-342,4,0,,,,,,,,,
United Kingdom,"Saint Helena, Ascension and Tristan da Cunha",2021-10-06,-341,4,0,,,,,,,,,
United Kingdom,"Saint Helena, Ascension and Tristan da Cunha",2021-10-07,-340,4,0,,,,,,,,,
United Kingdom,"Saint Helena, Ascension and Tristan da Cunha",2021-10-08,-339,4,0,,,,,,,,,
United Kingdom,"Saint Helena, Ascension and Tristan da Cunha",2021-10-09,-338,4,0,,,,,,,,,
United Kingdom,"Saint Helena, Ascension and Tristan da Cunha",2021-10-10,-337,4,0,,,,,,,,,
United Kingdom,"Saint Helena, Ascension and Tristan da Cunha",2021-10-11,-336,4,0,,,,,,,,,
United Kingdom,"Saint Helena, Ascension and Tristan da Cunha",2021-10-12,-335,4,0,,,,,,,,,
United Kingdom,"Saint Helena, Ascension and Tristan da Cunha",2021-10-13,-334,4,0,,,,,,,,,
United Kingdom,"Saint Helena, Ascension and Tristan da Cunha",2021-10-14,-333,4,0,,,,,,,,,
United Kingdom,"Saint Helena, Ascension and Tristan da Cunha",2021-10-15,-332,4,0,,,,,,,,,
United Kingdom,"Saint Helena, Ascension and Tristan da Cunha",2021-10-16,-331,4,0,,,,,,,,,
United Kingdom,"Saint Helena, Ascension and Tristan da Cunha",2021-10-17,-330,4,0,,,,,,,,,
United Kingdom,"Saint Helena, Ascension and Tristan da Cunha",2021-10-18,-329,4,0,,,,,,,,,
United Kingdom,"Saint Helena, Ascension and Tristan da Cunha",2021-10-19,-328,4,0,,,,,,,,,
United Kingdom,"Saint Helena, Ascension and Tristan da Cunha",2021-10-20,-327,4,0,,,,,,,,,
United Kingdom,"Saint Helena, Ascension and Tristan da Cunha",2021-10-21,-326,4,0,,,,,,,,,
United Kingdom,"Saint Helena, Ascension and Tristan da Cunha",2021-10-22,-325,4,0,,,,,,,,,
United Kingdom,"Saint Helena, Ascension and Tristan da Cunha",2021-10-23,-324,4,0,,,,,,,,,
United Kingdom,"Saint Helena, Ascension and Tristan da Cunha",2021-10-24,-323,4,0,,,,,,,,,
United Kingdom,"Saint Helena, Ascension and Tristan da Cunha",2021-10-25,-322,4,0,,,,,,,,,
United Kingdom,"Saint Helena, Ascension and Tristan da Cunha",2021-10-26,-321,4,0,,,,,,,,,
United Kingdom,"Saint Helena, Ascension and Tristan da Cunha",2021-10-27,-320,4,0,,,,,,,,,
United Kingdom,"Saint Helena, Ascension and Tristan da Cunha",2021-10-28,-319,4,0,,,,,,,,,
United Kingdom,"Saint Helena, Ascension and Tristan da Cunha",2021-10-29,-318,4,0,,,,,,,,,
United Kingdom,"Saint Helena, Ascension and Tristan da Cunha",2021-10-30,-317,4,0,,,,,,,,,
United Kingdom,"Saint Helena, Ascension and Tristan da Cunha",2021-10-31,-316,4,0,,,,,,,,,
United Kingdom,"Saint Helena, Ascension and Tristan da Cunha",2021-11-01,-315,4,0,,,,,,,,,
United Kingdom,"Saint Helena, Ascension and Tristan da Cunha",2021-11-02,-314,4,0,,,,,,,,,
United Kingdom,"Saint Helena, Ascension and Tristan da Cunha",2021-11-03,-313,4,0,,,,,,,,,
United Kingdom,"Saint Helena, Ascension and Tristan da Cunha",2021-11-04,-312,4,0,,,,,,,,,
United Kingdom,"Saint Helena, Ascension and Tristan da Cunha",2021-11-05,-311,4,0,,,,,,,,,
United Kingdom,"Saint Helena, Ascension and Tristan da Cunha",2021-11-06,-310,4,0,,,,,,,,,
United Kingdom,"Saint Helena, Ascension and Tristan da Cunha",2021-11-07,-309,4,0,,,,,,,,,
United Kingdom,"Saint Helena, Ascension and Tristan da Cunha",2021-11-08,-308,4,0,,,,,,,,,
United Kingdom,"Saint Helena, Ascension and Tristan da Cunha",2021-11-09,-307,4,0,,,,,,,,,
United Kingdom,"Saint Helena, Ascension and Tristan da Cunha",2021-11-10,-306,4,0,,,,,,,,,
United Kingdom,"Saint Helena, Ascension and Tristan da Cunha",2021-11-11,-305,4,0,,,,,,,,,
United Kingdom,"Saint Helena, Ascension and Tristan da Cunha",2021-11-12,-304,4,0,,,,,,,,,
United Kingdom,"Saint Helena, Ascension and Tristan da Cunha",2021-11-13,-303,4,0,,,,,,,,,
United Kingdom,"Saint Helena, Ascension and Tristan da Cunha",2021-11-14,-302,4,0,,,,,,,,,
United Kingdom,"Saint Helena, Ascension and Tristan da Cunha",2021-11-15,-301,4,0,,,,,,,,,
United Kingdom,"Saint Helena, Ascension and Tristan da Cunha",2021-11-16,-300,4,0,,,,,,,,,
United Kingdom,"Saint Helena, Ascension and Tristan da Cunha",2021-11-17,-299,4,0,,,,,,,,,
United Kingdom,"Saint Helena, Ascension and Tristan da Cunha",2021-11-18,-298,4,0,,,,,,,,,
United Kingdom,"Saint Helena, Ascension and Tristan da Cunha",2021-11-19,-297,4,0,,,,,,,,,
United Kingdom,"Saint Helena, Ascension and Tristan da Cunha",2021-11-20,-296,4,0,,,,,,,,,
United Kingdom,"Saint Helena, Ascension and Tristan da Cunha",2021-11-21,-295,4,0,,,,,,,,,
United Kingdom,"Saint Helena, Ascension and Tristan da Cunha",2021-11-22,-294,4,0,,,,,,,,,
United Kingdom,"Saint Helena, Ascension and Tristan da Cunha",2021-11-23,-293,4,0,,,,,,,,,
United Kingdom,"Saint Helena, Ascension and Tristan da Cunha",2021-11-24,-292,4,0,,,,,,,,,
United Kingdom,"Saint Helena, Ascension and Tristan da Cunha",2021-11-25,-291,4,0,,,,,,,,,
United Kingdom,"Saint Helena, Ascension and Tristan da Cunha",2021-11-26,-290,4,0,,,,,,,,,
United Kingdom,"Saint Helena, Ascension and Tristan da Cunha",2021-11-27,-289,4,0,,,,,,,,,
United Kingdom,"Saint Helena, Ascension and Tristan da Cunha",2021-11-28,-288,4,0,,,,,,,,,
United Kingdom,"Saint Helena, Ascension and Tristan da Cunha",2021-11-29,-287,4,0,,,,,,,,,
United Kingdom,"Saint Helena, Ascension and Tristan da Cunha",2021-11-30,-286,4,0,,,,,,,,,
United Kingdom,"Saint Helena, Ascension and Tristan da Cunha",2021-12-01,-285,4,0,,,,,,,,,
United Kingdom,"Saint Helena, Ascension and Tristan da Cunha",2021-12-02,-284,4,0,,,,,,,,,
United Kingdom,"Saint Helena, Ascension and Tristan da Cunha",2021-12-03,-283,4,0,,,,,,,,,
United Kingdom,"Saint Helena, Ascension and Tristan da Cunha",2021-12-04,-282,4,0,,,,,,,,,
United Kingdom,"Saint Helena, Ascension and Tristan da Cunha",2021-12-05,-281,4,0,,,,,,,,,
United Kingdom,"Saint Helena, Ascension and Tristan da Cunha",2021-12-06,-280,4,0,,,,,,,,,
United Kingdom,"Saint Helena, Ascension and Tristan da Cunha",2021-12-07,-279,4,0,,,,,,,,,
United Kingdom,"Saint Helena, Ascension and Tristan da Cunha",2021-12-08,-278,4,0,,,,,,,,,
United Kingdom,"Saint Helena, Ascension and Tristan da Cunha",2021-12-09,-277,4,0,,,,,,,,,
United Kingdom,"Saint Helena, Ascension and Tristan da Cunha",2021-12-10,-276,4,0,,,,,,,,,
United Kingdom,"Saint Helena, Ascension and Tristan da Cunha",2021-12-11,-275,4,0,,,,,,,,,
United Kingdom,"Saint Helena, Ascension and Tristan da Cunha",2021-12-12,-274,4,0,,,,,,,,,
United Kingdom,"Saint Helena, Ascension and Tristan da Cunha",2021-12-13,-273,4,0,,,,,,,,,
United Kingdom,"Saint Helena, Ascension and Tristan da Cunha",2021-12-14,-272,4,0,,,,,,,,,
United Kingdom,"Saint Helena, Ascension and Tristan da Cunha",2021-12-15,-271,4,0,,,,,,,,,
United Kingdom,"Saint Helena, Ascension and Tristan da Cunha",2021-12-16,-270,4,0,,,,,,,,,
United Kingdom,"Saint Helena, Ascension and Tristan da Cunha",2021-12-17,-269,4,0,,,,,,,,,
United Kingdom,"Saint Helena, Ascension and Tristan da Cunha",2021-12-18,-268,4,0,,,,,,,,,
United Kingdom,"Saint Helena, Ascension and Tristan da Cunha",2021-12-19,-267,4,0,,,,,,,,,
United Kingdom,"Saint Helena, Ascension and Tristan da Cunha",2021-12-20,-266,4,0,,,,,,,,,
United Kingdom,"Saint Helena, Ascension and Tristan da Cunha",2021-12-21,-265,4,0,,,,,,,,,
United Kingdom,"Saint Helena, Ascension and Tristan da Cunha",2021-12-22,-264,4,0,,,,,,,,,
United Kingdom,"Saint Helena, Ascension and Tristan da Cunha",2021-12-23,-263,4,0,,,,,,,,,
United Kingdom,"Saint Helena, Ascension and Tristan da Cunha",2021-12-24,-262,4,0,,,,,,,,,
United Kingdom,"Saint Helena, Ascension and Tristan da Cunha",2021-12-25,-261,4,0,,,,,,,,,
United Kingdom,"Saint Helena, Ascension and Tristan da Cunha",2021-12-26,-260,4,0,,,,,,,,,
United Kingdom,"Saint Helena, Ascension and Tristan da Cunha",2021-12-27,-259,4,0,,,,,,,,,
United Kingdom,"Saint Helena, Ascension and Tristan da Cunha",2021-12-28,-258,4,0,,,,,,,,,
United Kingdom,"Saint Helena, Ascension and Tristan da Cunha",2021-12-29,-257,4,0,,,,,,,,,
United Kingdom,"Saint Helena, Ascension and Tristan da Cunha",2021-12-30,-256,4,0,,,,,,,,,
United Kingdom,"Saint Helena, Ascension and Tristan da Cunha",2021-12-31,-255,4,0,,,,,,,,,
United Kingdom,"Saint Helena, Ascension and Tristan da Cunha",2022-01-01,-254,4,0,,,,,,,,,
United Kingdom,"Saint Helena, Ascension and Tristan da Cunha",2022-01-02,-253,4,0,,,,,,,,,
United Kingdom,"Saint Helena, Ascension and Tristan da Cunha",2022-01-03,-252,4,0,,,,,,,,,
United Kingdom,"Saint Helena, Ascension and Tristan da Cunha",2022-01-04,-251,4,0,,,,,,,,,
United Kingdom,"Saint Helena, Ascension and Tristan da Cunha",2022-01-05,-250,4,0,,,,,,,,,
United Kingdom,"Saint Helena, Ascension and Tristan da Cunha",2022-01-06,-249,4,0,,,,,,,,,
United Kingdom,"Saint Helena, Ascension and Tristan da Cunha",2022-01-07,-248,4,0,,,,,,,,,
United Kingdom,"Saint Helena, Ascension and Tristan da Cunha",2022-01-08,-247,4,0,,,,,,,,,
United Kingdom,"Saint Helena, Ascension and Tristan da Cunha",2022-01-09,-246,4,0,,,,,,,,,
United Kingdom,"Saint Helena, Ascension and Tristan da Cunha",2022-01-10,-245,4,0,,,,,,,,,
United Kingdom,"Saint Helena, Ascension and Tristan da Cunha",2022-01-11,-244,4,0,,,,,,,,,
United Kingdom,"Saint Helena, Ascension and Tristan da Cunha",2022-01-12,-243,4,0,,,,,,,,,
United Kingdom,"Saint Helena, Ascension and Tristan da Cunha",2022-01-13,-242,4,0,,,,,,,,,
United Kingdom,"Saint Helena, Ascension and Tristan da Cunha",2022-01-14,-241,4,0,,,,,,,,,
United Kingdom,"Saint Helena, Ascension and Tristan da Cunha",2022-01-15,-240,4,0,,,,,,,,,
United Kingdom,"Saint Helena, Ascension and Tristan da Cunha",2022-01-16,-239,4,0,,,,,,,,,
United Kingdom,"Saint Helena, Ascension and Tristan da Cunha",2022-01-17,-238,4,0,,,,,,,,,
United Kingdom,"Saint Helena, Ascension and Tristan da Cunha",2022-01-18,-237,4,0,,,,,,,,,
United Kingdom,"Saint Helena, Ascension and Tristan da Cunha",2022-01-19,-236,4,0,,,,,,,,,
United Kingdom,"Saint Helena, Ascension and Tristan da Cunha",2022-01-20,-235,4,0,,,,,,,,,
United Kingdom,"Saint Helena, Ascension and Tristan da Cunha",2022-01-21,-234,4,0,,,,,,,,,
United Kingdom,"Saint Helena, Ascension and Tristan da Cunha",2022-01-22,-233,4,0,,,,,,,,,
United Kingdom,"Saint Helena, Ascension and Tristan da Cunha",2022-01-23,-232,4,0,,,,,,,,,
United Kingdom,"Saint Helena, Ascension and Tristan da Cunha",2022-01-24,-231,4,0,,,,,,,,,
United Kingdom,"Saint Helena, Ascension and Tristan da Cunha",2022-01-25,-230,4,0,,,,,,,,,
United Kingdom,"Saint Helena, Ascension and Tristan da Cunha",2022-01-26,-229,4,0,,,,,,,,,
United Kingdom,"Saint Helena, Ascension and Tristan da Cunha",2022-01-27,-228,4,0,,,,,,,,,
United Kingdom,"Saint Helena, Ascension and Tristan da Cunha",2022-01-28,-227,4,0,,,,,,,,,
United Kingdom,"Saint Helena, Ascension and Tristan da Cunha",2022-01-29,-226,4,0,,,,,,,,,
United Kingdom,"Saint Helena, Ascension and Tristan da Cunha",2022-01-30,-225,4,0,,,,,,,,,
United Kingdom,"Saint Helena, Ascension and Tristan da Cunha",2022-01-31,-224,4,0,,,,,,,,,
United Kingdom,"Saint Helena, Ascension and Tristan da Cunha",2022-02-01,-223,4,0,,,,,,,,,
United Kingdom,"Saint Helena, Ascension and Tristan da Cunha",2022-02-02,-222,4,0,,,,,,,,,
United Kingdom,"Saint Helena, Ascension and Tristan da Cunha",2022-02-03,-221,4,0,,,,,,,,,
United Kingdom,"Saint Helena, Ascension and Tristan da Cunha",2022-02-04,-220,4,0,,,,,,,,,
United Kingdom,"Saint Helena, Ascension and Tristan da Cunha",2022-02-05,-219,4,0,,,,,,,,,
United Kingdom,"Saint Helena, Ascension and Tristan da Cunha",2022-02-06,-218,4,0,,,,,,,,,
United Kingdom,"Saint Helena, Ascension and Tristan da Cunha",2022-02-07,-217,4,0,,,,,,,,,
United Kingdom,"Saint Helena, Ascension and Tristan da Cunha",2022-02-08,-216,4,0,,,,,,,,,
United Kingdom,"Saint Helena, Ascension and Tristan da Cunha",2022-02-09,-215,4,0,,,,,,,,,
United Kingdom,"Saint Helena, Ascension and Tristan da Cunha",2022-02-10,-214,4,0,,,,,,,,,
United Kingdom,"Saint Helena, Ascension and Tristan da Cunha",2022-02-11,-213,4,0,,,,,,,,,
United Kingdom,"Saint Helena, Ascension and Tristan da Cunha",2022-02-12,-212,4,0,,,,,,,,,
United Kingdom,"Saint Helena, Ascension and Tristan da Cunha",2022-02-13,-211,4,0,,,,,,,,,
United Kingdom,"Saint Helena, Ascension and Tristan da Cunha",2022-02-14,-210,4,0,,,,,,,,,
United Kingdom,"Saint Helena, Ascension and Tristan da Cunha",2022-02-15,-209,4,0,,,,,,,,,
United Kingdom,"Saint Helena, Ascension and Tristan da Cunha",2022-02-16,-208,4,0,,,,,,,,,
United Kingdom,"Saint Helena, Ascension and Tristan da Cunha",2022-02-17,-207,4,0,,,,,,,,,
United Kingdom,"Saint Helena, Ascension and Tristan da Cunha",2022-02-18,-206,4,0,,,,,,,,,
United Kingdom,"Saint Helena, Ascension and Tristan da Cunha",2022-02-19,-205,4,0,,,,,,,,,
United Kingdom,"Saint Helena, Ascension and Tristan da Cunha",2022-02-20,-204,4,0,,,,,,,,,
United Kingdom,"Saint Helena, Ascension and Tristan da Cunha",2022-02-21,-203,4,0,,,,,,,,,
United Kingdom,"Saint Helena, Ascension and Tristan da Cunha",2022-02-22,-202,4,0,,,,,,,,,
United Kingdom,"Saint Helena, Ascension and Tristan da Cunha",2022-02-23,-201,4,0,,,,,,,,,
United Kingdom,"Saint Helena, Ascension and Tristan da Cunha",2022-02-24,-200,4,0,,,,,,,,,
United Kingdom,"Saint Helena, Ascension and Tristan da Cunha",2022-02-25,-199,4,0,,,,,,,,,
United Kingdom,"Saint Helena, Ascension and Tristan da Cunha",2022-02-26,-198,4,0,,,,,,,,,
United Kingdom,"Saint Helena, Ascension and Tristan da Cunha",2022-02-27,-197,4,0,,,,,,,,,
United Kingdom,"Saint Helena, Ascension and Tristan da Cunha",2022-02-28,-196,4,0,,,,,,,,,
United Kingdom,"Saint Helena, Ascension and Tristan da Cunha",2022-03-01,-195,4,0,,,,,,,,,
United Kingdom,"Saint Helena, Ascension and Tristan da Cunha",2022-03-02,-194,4,0,,,,,,,,,
United Kingdom,"Saint Helena, Ascension and Tristan da Cunha",2022-03-03,-193,4,0,,,,,,,,,
United Kingdom,"Saint Helena, Ascension and Tristan da Cunha",2022-03-04,-192,4,0,,,,,,,,,
United Kingdom,"Saint Helena, Ascension and Tristan da Cunha",2022-03-05,-191,4,0,,,,,,,,,
United Kingdom,"Saint Helena, Ascension and Tristan da Cunha",2022-03-06,-190,4,0,,,,,,,,,
United Kingdom,"Saint Helena, Ascension and Tristan da Cunha",2022-03-07,-189,4,0,,,,,,,,,
United Kingdom,"Saint Helena, Ascension and Tristan da Cunha",2022-03-08,-188,4,0,,,,,,,,,
United Kingdom,"Saint Helena, Ascension and Tristan da Cunha",2022-03-09,-187,4,0,,,,,,,,,
United Kingdom,"Saint Helena, Ascension and Tristan da Cunha",2022-03-10,-186,4,0,,,,,,,,,
United Kingdom,"Saint Helena, Ascension and Tristan da Cunha",2022-03-11,-185,4,0,,,,,,,,,
United Kingdom,"Saint Helena, Ascension and Tristan da Cunha",2022-03-12,-184,4,0,,,,,,,,,
United Kingdom,"Saint Helena, Ascension and Tristan da Cunha",2022-03-13,-183,4,0,,,,,,,,,
United Kingdom,"Saint Helena, Ascension and Tristan da Cunha",2022-03-14,-182,4,0,,,,,,,,,
United Kingdom,"Saint Helena, Ascension and Tristan da Cunha",2022-03-15,-181,4,0,,,,,,,,,
United Kingdom,"Saint Helena, Ascension and Tristan da Cunha",2022-03-16,-180,4,0,,,,,,,,,
United Kingdom,"Saint Helena, Ascension and Tristan da Cunha",2022-03-17,-179,4,0,,,,,,,,,
United Kingdom,"Saint Helena, Ascension and Tristan da Cunha",2022-03-18,-178,4,0,,,,,,,,,
United Kingdom,"Saint Helena, Ascension and Tristan da Cunha",2022-03-19,-177,4,0,,,,,,,,,
United Kingdom,"Saint Helena, Ascension and Tristan da Cunha",2022-03-20,-176,4,0,,,,,,,,,
United Kingdom,"Saint Helena, Ascension and Tristan da Cunha",2022-03-21,-175,4,0,,,,,,,,,
United Kingdom,"Saint Helena, Ascension and Tristan da Cunha",2022-03-22,-174,4,0,,,,,,,,,
United Kingdom,"Saint Helena, Ascension and Tristan da Cunha",2022-03-23,-173,4,0,,,,,,,,,
United Kingdom,"Saint Helena, Ascension and Tristan da Cunha",2022-03-24,-172,4,0,,,,,,,,,
United Kingdom,"Saint Helena, Ascension and Tristan da Cunha",2022-03-25,-171,4,0,,,,,,,,,
United Kingdom,"Saint Helena, Ascension and Tristan da Cunha",2022-03-26,-170,4,0,,,,,,,,,
United Kingdom,"Saint Helena, Ascension and Tristan da Cunha",2022-03-27,-169,4,0,,,,,,,,,
United Kingdom,"Saint Helena, Ascension and Tristan da Cunha",2022-03-28,-168,4,0,,,,,,,,,
United Kingdom,"Saint Helena, Ascension and Tristan da Cunha",2022-03-29,-167,4,0,,,,,,,,,
United Kingdom,"Saint Helena, Ascension and Tristan da Cunha",2022-03-30,-166,4,0,,,,,,,,,
United Kingdom,"Saint Helena, Ascension and Tristan da Cunha",2022-03-31,-165,4,0,,,,,,,,,
United Kingdom,"Saint Helena, Ascension and Tristan da Cunha",2022-04-01,-164,4,0,,,,,,,,,
United Kingdom,"Saint Helena, Ascension and Tristan da Cunha",2022-04-02,-163,4,0,,,,,,,,,
United Kingdom,"Saint Helena, Ascension and Tristan da Cunha",2022-04-03,-162,4,0,,,,,,,,,
United Kingdom,"Saint Helena, Ascension and Tristan da Cunha",2022-04-04,-161,4,0,,,,,,,,,
United Kingdom,"Saint Helena, Ascension and Tristan da Cunha",2022-04-05,-160,4,0,,,,,,,,,
United Kingdom,"Saint Helena, Ascension and Tristan da Cunha",2022-04-06,-159,4,0,,,,,,,,,
United Kingdom,"Saint Helena, Ascension and Tristan da Cunha",2022-04-07,-158,4,0,,,,,,,,,
United Kingdom,"Saint Helena, Ascension and Tristan da Cunha",2022-04-08,-157,4,0,,,,,,,,,
United Kingdom,"Saint Helena, Ascension and Tristan da Cunha",2022-04-09,-156,4,0,,,,,,,,,
United Kingdom,"Saint Helena, Ascension and Tristan da Cunha",2022-04-10,-155,4,0,,,,,,,,,
United Kingdom,"Saint Helena, Ascension and Tristan da Cunha",2022-04-11,-154,4,0,,,,,,,,,
United Kingdom,"Saint Helena, Ascension and Tristan da Cunha",2022-04-12,-153,4,0,,,,,,,,,
United Kingdom,"Saint Helena, Ascension and Tristan da Cunha",2022-04-13,-152,4,0,,,,,,,,,
United Kingdom,"Saint Helena, Ascension and Tristan da Cunha",2022-04-14,-151,4,0,,,,,,,,,
United Kingdom,"Saint Helena, Ascension and Tristan da Cunha",2022-04-15,-150,4,0,,,,,,,,,
United Kingdom,"Saint Helena, Ascension and Tristan da Cunha",2022-04-16,-149,4,0,,,,,,,,,
United Kingdom,"Saint Helena, Ascension and Tristan da Cunha",2022-04-17,-148,4,0,,,,,,,,,
United Kingdom,"Saint Helena, Ascension and Tristan da Cunha",2022-04-18,-147,4,0,,,,,,,,,
United Kingdom,"Saint Helena, Ascension and Tristan da Cunha",2022-04-19,-146,4,0,,,,,,,,,
United Kingdom,"Saint Helena, Ascension and Tristan da Cunha",2022-04-20,-145,4,0,,,,,,,,,
United Kingdom,"Saint Helena, Ascension and Tristan da Cunha",2022-04-21,-144,4,0,,,,,,,,,
United Kingdom,"Saint Helena, Ascension and Tristan da Cunha",2022-04-22,-143,4,0,,,,,,,,,
United Kingdom,"Saint Helena, Ascension and Tristan da Cunha",2022-04-23,-142,4,0,,,,,,,,,
United Kingdom,"Saint Helena, Ascension and Tristan da Cunha",2022-04-24,-141,4,0,,,,,,,,,
United Kingdom,"Saint Helena, Ascension and Tristan da Cunha",2022-04-25,-140,4,0,,,,,,,,,
United Kingdom,"Saint Helena, Ascension and Tristan da Cunha",2022-04-26,-139,4,0,,,,,,,,,
United Kingdom,"Saint Helena, Ascension and Tristan da Cunha",2022-04-27,-138,4,0,,,,,,,,,
United Kingdom,"Saint Helena, Ascension and Tristan da Cunha",2022-04-28,-137,4,0,,,,,,,,,
United Kingdom,"Saint Helena, Ascension and Tristan da Cunha",2022-04-29,-136,4,0,,,,,,,,,
United Kingdom,"Saint Helena, Ascension and Tristan da Cunha",2022-04-30,-135,4,0,,,,,,,,,
United Kingdom,"Saint Helena, Ascension and Tristan da Cunha",2022-05-01,-134,4,0,,,,,,,,,
United Kingdom,"Saint Helena, Ascension and Tristan da Cunha",2022-05-02,-133,4,0,,,,,,,,,
United Kingdom,"Saint Helena, Ascension and Tristan da Cunha",2022-05-03,-132,4,0,,,,,,,,,
United Kingdom,"Saint Helena, Ascension and Tristan da Cunha",2022-05-04,-131,4,0,,,,,,,,,
United Kingdom,"Saint Helena, Ascension and Tristan da Cunha",2022-05-05,-130,4,0,,,,,,,,,
United Kingdom,"Saint Helena, Ascension and Tristan da Cunha",2022-05-06,-129,4,0,,,,,,,,,
United Kingdom,"Saint Helena, Ascension and Tristan da Cunha",2022-05-07,-128,4,0,,,,,,,,,
United Kingdom,"Saint Helena, Ascension and Tristan da Cunha",2022-05-08,-127,4,0,,,,,,,,,
United Kingdom,"Saint Helena, Ascension and Tristan da Cunha",2022-05-09,-126,4,0,,,,,,,,,
United Kingdom,"Saint Helena, Ascension and Tristan da Cunha",2022-05-10,-125,4,0,,,,,,,,,
United Kingdom,"Saint Helena, Ascension and Tristan da Cunha",2022-05-11,-124,4,0,,,,,,,,,
United Kingdom,"Saint Helena, Ascension and Tristan da Cunha",2022-05-12,-123,4,0,,,,,,,,,
United Kingdom,"Saint Helena, Ascension and Tristan da Cunha",2022-05-13,-122,4,0,,,,,,,,,
United Kingdom,"Saint Helena, Ascension and Tristan da Cunha",2022-05-14,-121,4,0,,,,,,,,,
United Kingdom,"Saint Helena, Ascension and Tristan da Cunha",2022-05-15,-120,4,0,,,,,,,,,
United Kingdom,"Saint Helena, Ascension and Tristan da Cunha",2022-05-16,-119,4,0,,,,,,,,,
United Kingdom,"Saint Helena, Ascension and Tristan da Cunha",2022-05-17,-118,4,0,,,,,,,,,
United Kingdom,"Saint Helena, Ascension and Tristan da Cunha",2022-05-18,-117,4,0,,,,,,,,,
United Kingdom,"Saint Helena, Ascension and Tristan da Cunha",2022-05-19,-116,4,0,,,,,,,,,
United Kingdom,"Saint Helena, Ascension and Tristan da Cunha",2022-05-20,-115,4,0,,,,,,,,,
United Kingdom,"Saint Helena, Ascension and Tristan da Cunha",2022-05-21,-114,4,0,,,,,,,,,
United Kingdom,"Saint Helena, Ascension and Tristan da Cunha",2022-05-22,-113,4,0,,,,,,,,,
United Kingdom,"Saint Helena, Ascension and Tristan da Cunha",2022-05-23,-112,4,0,,,,,,,,,
United Kingdom,"Saint Helena, Ascension and Tristan da Cunha",2022-05-24,-111,4,0,,,,,,,,,
United Kingdom,"Saint Helena, Ascension and Tristan da Cunha",2022-05-25,-110,4,0,,,,,,,,,
United Kingdom,"Saint Helena, Ascension and Tristan da Cunha",2022-05-26,-109,4,0,,,,,,,,,
United Kingdom,"Saint Helena, Ascension and Tristan da Cunha",2022-05-27,-108,4,0,,,,,,,,,
United Kingdom,"Saint Helena, Ascension and Tristan da Cunha",2022-05-28,-107,4,0,,,,,,,,,
United Kingdom,"Saint Helena, Ascension and Tristan da Cunha",2022-05-29,-106,4,0,,,,,,,,,
United Kingdom,"Saint Helena, Ascension and Tristan da Cunha",2022-05-30,-105,4,0,,,,,,,,,
United Kingdom,"Saint Helena, Ascension and Tristan da Cunha",2022-05-31,-104,4,0,,,,,,,,,
United Kingdom,"Saint Helena, Ascension and Tristan da Cunha",2022-06-01,-103,4,0,,,,,,,,,
United Kingdom,"Saint Helena, Ascension and Tristan da Cunha",2022-06-02,-102,4,0,,,,,,,,,
United Kingdom,"Saint Helena, Ascension and Tristan da Cunha",2022-06-03,-101,4,0,,,,,,,,,
United Kingdom,"Saint Helena, Ascension and Tristan da Cunha",2022-06-04,-100,4,0,,,,,,,,,
United Kingdom,"Saint Helena, Ascension and Tristan da Cunha",2022-06-05,-99,4,0,,,,,,,,,
United Kingdom,"Saint Helena, Ascension and Tristan da Cunha",2022-06-06,-98,4,0,,,,,,,,,
United Kingdom,"Saint Helena, Ascension and Tristan da Cunha",2022-06-07,-97,4,0,,,,,,,,,
United Kingdom,"Saint Helena, Ascension and Tristan da Cunha",2022-06-08,-96,4,0,,,,,,,,,
United Kingdom,"Saint Helena, Ascension and Tristan da Cunha",2022-06-09,-95,4,0,,,,,,,,,
United Kingdom,"Saint Helena, Ascension and Tristan da Cunha",2022-06-10,-94,4,0,,,,,,,,,
United Kingdom,"Saint Helena, Ascension and Tristan da Cunha",2022-06-11,-93,4,0,,,,,,,,,
United Kingdom,"Saint Helena, Ascension and Tristan da Cunha",2022-06-12,-92,4,0,,,,,,,,,
United Kingdom,"Saint Helena, Ascension and Tristan da Cunha",2022-06-13,-91,4,0,,,,,,,,,
United Kingdom,"Saint Helena, Ascension and Tristan da Cunha",2022-06-14,-90,4,0,,,,,,,,,
United Kingdom,"Saint Helena, Ascension and Tristan da Cunha",2022-06-15,-89,4,0,,,,,,,,,
United Kingdom,"Saint Helena, Ascension and Tristan da Cunha",2022-06-16,-88,4,0,,,,,,,,,
United Kingdom,"Saint Helena, Ascension and Tristan da Cunha",2022-06-17,-87,4,0,,,,,,,,,
United Kingdom,"Saint Helena, Ascension and Tristan da Cunha",2022-06-18,-86,4,0,,,,,,,,,
United Kingdom,"Saint Helena, Ascension and Tristan da Cunha",2022-06-19,-85,4,0,,,,,,,,,
United Kingdom,"Saint Helena, Ascension and Tristan da Cunha",2022-06-20,-84,4,0,,,,,,,,,
United Kingdom,"Saint Helena, Ascension and Tristan da Cunha",2022-06-21,-83,4,0,,,,,,,,,
United Kingdom,"Saint Helena, Ascension and Tristan da Cunha",2022-06-22,-82,4,0,,,,,,,,,
United Kingdom,"Saint Helena, Ascension and Tristan da Cunha",2022-06-23,-81,4,0,,,,,,,,,
United Kingdom,"Saint Helena, Ascension and Tristan da Cunha",2022-06-24,-80,4,0,,,,,,,,,
United Kingdom,"Saint Helena, Ascension and Tristan da Cunha",2022-06-25,-79,4,0,,,,,,,,,
United Kingdom,"Saint Helena, Ascension and Tristan da Cunha",2022-06-26,-78,4,0,,,,,,,,,
United Kingdom,"Saint Helena, Ascension and Tristan da Cunha",2022-06-27,-77,4,0,,,,,,,,,
United Kingdom,"Saint Helena, Ascension and Tristan da Cunha",2022-06-28,-76,4,0,,,,,,,,,
United Kingdom,"Saint Helena, Ascension and Tristan da Cunha",2022-06-29,-75,4,0,,,,,,,,,
United Kingdom,"Saint Helena, Ascension and Tristan da Cunha",2022-06-30,-74,4,0,,,,,,,,,
United Kingdom,"Saint Helena, Ascension and Tristan da Cunha",2022-07-01,-73,4,0,,,,,,,,,
United Kingdom,"Saint Helena, Ascension and Tristan da Cunha",2022-07-02,-72,4,0,,,,,,,,,
United Kingdom,"Saint Helena, Ascension and Tristan da Cunha",2022-07-03,-71,4,0,,,,,,,,,
United Kingdom,"Saint Helena, Ascension and Tristan da Cunha",2022-07-04,-70,4,0,,,,,,,,,
United Kingdom,"Saint Helena, Ascension and Tristan da Cunha",2022-07-05,-69,4,0,,,,,,,,,
United Kingdom,"Saint Helena, Ascension and Tristan da Cunha",2022-07-06,-68,4,0,,,,,,,,,
United Kingdom,"Saint Helena, Ascension and Tristan da Cunha",2022-07-07,-67,4,0,,,,,,,,,
United Kingdom,"Saint Helena, Ascension and Tristan da Cunha",2022-07-08,-66,4,0,,,,,,,,,
United Kingdom,"Saint Helena, Ascension and Tristan da Cunha",2022-07-09,-65,4,0,,,,,,,,,
United Kingdom,"Saint Helena, Ascension and Tristan da Cunha",2022-07-10,-64,4,0,,,,,,,,,
United Kingdom,"Saint Helena, Ascension and Tristan da Cunha",2022-07-11,-63,4,0,,,,,,,,,
United Kingdom,"Saint Helena, Ascension and Tristan da Cunha",2022-07-12,-62,4,0,,,,,,,,,
United Kingdom,"Saint Helena, Ascension and Tristan da Cunha",2022-07-13,-61,4,0,,,,,,,,,
United Kingdom,"Saint Helena, Ascension and Tristan da Cunha",2022-07-14,-60,4,0,,,,,,,,,
United Kingdom,"Saint Helena, Ascension and Tristan da Cunha",2022-07-15,-59,4,0,,,,,,,,,
United Kingdom,"Saint Helena, Ascension and Tristan da Cunha",2022-07-16,-58,4,0,,,,,,,,,
United Kingdom,"Saint Helena, Ascension and Tristan da Cunha",2022-07-17,-57,4,0,,,,,,,,,
United Kingdom,"Saint Helena, Ascension and Tristan da Cunha",2022-07-18,-56,4,0,,,,,,,,,
United Kingdom,"Saint Helena, Ascension and Tristan da Cunha",2022-07-19,-55,4,0,,,,,,,,,
United Kingdom,"Saint Helena, Ascension and Tristan da Cunha",2022-07-20,-54,4,0,,,,,,,,,
United Kingdom,"Saint Helena, Ascension and Tristan da Cunha",2022-07-21,-53,4,0,,,,,,,,,
United Kingdom,"Saint Helena, Ascension and Tristan da Cunha",2022-07-22,-52,4,0,,,,,,,,,
United Kingdom,"Saint Helena, Ascension and Tristan da Cunha",2022-07-23,-51,4,0,,,,,,,,,
United Kingdom,"Saint Helena, Ascension and Tristan da Cunha",2022-07-24,-50,4,0,,,,,,,,,
United Kingdom,"Saint Helena, Ascension and Tristan da Cunha",2022-07-25,-49,4,0,,,,,,,,,
United Kingdom,"Saint Helena, Ascension and Tristan da Cunha",2022-07-26,-48,4,0,,,,,,,,,
United Kingdom,"Saint Helena, Ascension and Tristan da Cunha",2022-07-27,-47,4,0,,,,,,,,,
United Kingdom,"Saint Helena, Ascension and Tristan da Cunha",2022-07-28,-46,4,0,,,,,,,,,
United Kingdom,"Saint Helena, Ascension and Tristan da Cunha",2022-07-29,-45,4,0,,,,,,,,,
United Kingdom,"Saint Helena, Ascension and Tristan da Cunha",2022-07-30,-44,4,0,,,,,,,,,
United Kingdom,"Saint Helena, Ascension and Tristan da Cunha",2022-07-31,-43,4,0,,,,,,,,,
United Kingdom,"Saint Helena, Ascension and Tristan da Cunha",2022-08-01,-42,4,0,,,,,,,,,
United Kingdom,"Saint Helena, Ascension and Tristan da Cunha",2022-08-02,-41,4,0,,,,,,,,,
United Kingdom,"Saint Helena, Ascension and Tristan da Cunha",2022-08-03,-40,4,0,,,,,,,,,
United Kingdom,"Saint Helena, Ascension and Tristan da Cunha",2022-08-04,-39,4,0,,,,,,,,,
United Kingdom,"Saint Helena, Ascension and Tristan da Cunha",2022-08-05,-38,4,0,,,,,,,,,
United Kingdom,"Saint Helena, Ascension and Tristan da Cunha",2022-08-06,-37,4,0,,,,,,,,,
United Kingdom,"Saint Helena, Ascension and Tristan da Cunha",2022-08-07,-36,4,0,,,,,,,,,
United Kingdom,"Saint Helena, Ascension and Tristan da Cunha",2022-08-08,-35,4,0,,,,,,,,,
United Kingdom,"Saint Helena, Ascension and Tristan da Cunha",2022-08-09,-34,4,0,,,,,,,,,
United Kingdom,"Saint Helena, Ascension and Tristan da Cunha",2022-08-10,-33,4,0,,,,,,,,,
United Kingdom,"Saint Helena, Ascension and Tristan da Cunha",2022-08-11,-32,4,0,,,,,,,,,
United Kingdom,"Saint Helena, Ascension and Tristan da Cunha",2022-08-12,-31,4,0,,,,,,,,,
United Kingdom,"Saint Helena, Ascension and Tristan da Cunha",2022-08-13,-30,4,0,,,,,,,,,
United Kingdom,"Saint Helena, Ascension and Tristan da Cunha",2022-08-14,-29,4,0,,,,,,,,,
United Kingdom,"Saint Helena, Ascension and Tristan da Cunha",2022-08-15,-28,4,0,,,,,,,,,
United Kingdom,"Saint Helena, Ascension and Tristan da Cunha",2022-08-16,-27,4,0,,,,,,,,,
United Kingdom,"Saint Helena, Ascension and Tristan da Cunha",2022-08-17,-26,4,0,,,,,,,,,
United Kingdom,"Saint Helena, Ascension and Tristan da Cunha",2022-08-18,-25,4,0,,,,,,,,,
United Kingdom,"Saint Helena, Ascension and Tristan da Cunha",2022-08-19,-24,4,0,,,,,,,,,
United Kingdom,"Saint Helena, Ascension and Tristan da Cunha",2022-08-20,-23,4,0,,,,,,,,,
United Kingdom,"Saint Helena, Ascension and Tristan da Cunha",2022-08-21,-22,4,0,,,,,,,,,
United Kingdom,"Saint Helena, Ascension and Tristan da Cunha",2022-08-22,-21,4,0,,,,,,,,,
United Kingdom,"Saint Helena, Ascension and Tristan da Cunha",2022-08-23,-20,4,0,,,,,,,,,
United Kingdom,"Saint Helena, Ascension and Tristan da Cunha",2022-08-24,-19,7,0,,,,,,,,,
United Kingdom,"Saint Helena, Ascension and Tristan da Cunha",2022-08-25,-18,7,0,,,,,,,,,
United Kingdom,"Saint Helena, Ascension and Tristan da Cunha",2022-08-26,-17,7,0,,,,,,,,,
United Kingdom,"Saint Helena, Ascension and Tristan da Cunha",2022-08-27,-16,7,0,,,,,,,,,
United Kingdom,"Saint Helena, Ascension and Tristan da Cunha",2022-08-28,-15,7,0,,,,,,,,,
United Kingdom,"Saint Helena, Ascension and Tristan da Cunha",2022-08-29,-14,7,0,,,,,,,,,
United Kingdom,"Saint Helena, Ascension and Tristan da Cunha",2022-08-30,-13,7,0,,,,,,,,,
United Kingdom,"Saint Helena, Ascension and Tristan da Cunha",2022-08-31,-12,7,0,,,,,,,,,
United Kingdom,"Saint Helena, Ascension and Tristan da Cunha",2022-09-01,-11,7,0,,,,,,,,,
United Kingdom,"Saint Helena, Ascension and Tristan da Cunha",2022-09-02,-10,7,0,,,,,,,,,
United Kingdom,"Saint Helena, Ascension and Tristan da Cunha",2022-09-03,-9,7,0,,,,,,,,,
United Kingdom,"Saint Helena, Ascension and Tristan da Cunha",2022-09-04,-8,7,0,,,,,,,,,
United Kingdom,"Saint Helena, Ascension and Tristan da Cunha",2022-09-05,-7,7,0,,,,,,,,,
United Kingdom,"Saint Helena, Ascension and Tristan da Cunha",2022-09-06,-6,7,0,,,,,,,,,
United Kingdom,"Saint Helena, Ascension and Tristan da Cunha",2022-09-07,-5,7,0,,,,,,,,,
United Kingdom,"Saint Helena, Ascension and Tristan da Cunha",2022-09-08,-4,31,0,,,,,,,,,
United Kingdom,"Saint Helena, Ascension and Tristan da Cunha",2022-09-09,-3,33,0,,,,,,,,,
United Kingdom,"Saint Helena, Ascension and Tristan da Cunha",2022-09-10,-2,92,0,,,,,,,,,
United Kingdom,"Saint Helena, Ascension and Tristan da Cunha",2022-09-11,-1,95,0,,,,,,,,,
United Kingdom,"Saint Helena, Ascension and Tristan da Cunha",2022-09-12,0,101,0,,,,,,,,,
United Kingdom,"Saint Helena, Ascension and Tristan da Cunha",2022-09-13,1,107,0,,,,,,,,,
United Kingdom,"Saint Helena, Ascension and Tristan da Cunha",2022-09-14,2,111,0,,,,,,,,,
United Kingdom,"Saint Helena, Ascension and Tristan da Cunha",2022-09-15,3,117,0,,,,,,,,,
United Kingdom,"Saint Helena, Ascension and Tristan da Cunha",2022-09-16,4,126,0,,,,,,,,,
United Kingdom,"Saint Helena, Ascension and Tristan da Cunha",2022-09-17,5,144,0,,,,,,,,,
United Kingdom,"Saint Helena, Ascension and Tristan da Cunha",2022-09-18,6,164,0,,,,,,,,,
United Kingdom,"Saint Helena, Ascension and Tristan da Cunha",2022-09-19,7,175,0,,,,,,,,,
United Kingdom,"Saint Helena, Ascension and Tristan da Cunha",2022-09-20,8,188,0,,,,,,,,,
United Kingdom,"Saint Helena, Ascension and Tristan da Cunha",2022-09-21,9,663,0,,,,,,,,,
United Kingdom,"Saint Helena, Ascension and Tristan da Cunha",2022-09-22,10,672,0,,,,,,,,,
United Kingdom,"Saint Helena, Ascension and Tristan da Cunha",2022-09-23,11,672,0,,,,,,,,,
United Kingdom,"Saint Helena, Ascension and Tristan da Cunha",2022-09-24,12,1521,0,,,,,,,,,
United Kingdom,"Saint Helena, Ascension and Tristan da Cunha",2022-09-25,13,1521,0,,,,,,,,,
United Kingdom,"Saint Helena, Ascension and Tristan da Cunha",2022-09-26,14,1521,0,,,,,,,,,
United Kingdom,"Saint Helena, Ascension and Tristan da Cunha",2022-09-27,15,1521,0,,,,,,,,,
United Kingdom,"Saint Helena, Ascension and Tristan da Cunha",2022-09-28,16,1521,0,,,,,,,,,
United Kingdom,"Saint Helena, Ascension and Tristan da Cunha",2022-09-29,17,1521,0,,,,,,,,,
United Kingdom,"Saint Helena, Ascension and Tristan da Cunha",2022-09-30,18,1521,0,,,,,,,,,
United Kingdom,"Saint Helena, Ascension and Tristan da Cunha",2022-10-01,19,1656,0,,,,,,,,,
United Kingdom,"Saint Helena, Ascension and Tristan da Cunha",2022-10-02,20,1656,0,,,,,,,,,
United Kingdom,"Saint Helena, Ascension and Tristan da Cunha",2022-10-03,21,1656,0,,,,,,,,,
United Kingdom,"Saint Helena, Ascension and Tristan da Cunha",2022-10-04,22,1783,0,,,,,,,,,
United Kingdom,"Saint Helena, Ascension and Tristan da Cunha",2022-10-05,23,1826,0,,,,,,,,,
United Kingdom,"Saint Helena, Ascension and Tristan da Cunha",2022-10-06,24,1826,0,,,,,,,,,
United Kingdom,"Saint Helena, Ascension and Tristan da Cunha",2022-10-07,25,1826,0,,,,,,,,,
United Kingdom,"Saint Helena, Ascension and Tristan da Cunha",2022-10-08,26,1826,0,,,,,,,,,
United Kingdom,"Saint Helena, Ascension and Tristan da Cunha",2022-10-09,27,1826,0,,,,,,,,,
United Kingdom,"Saint Helena, Ascension and Tristan da Cunha",2022-10-10,28,1826,0,,,,,,,,,
United Kingdom,"Saint Helena, Ascension and Tristan da Cunha",2022-10-11,29,1973,0,,,,,,,,,
United Kingdom,"Saint Helena, Ascension and Tristan da Cunha",2022-10-12,30,1973,0,,,,,,,,,
United Kingdom,"Saint Helena, Ascension and Tristan da Cunha",2022-10-13,31,1973,0,,,,,,,,,
United Kingdom,"Saint Helena, Ascension and Tristan da Cunha",2022-10-14,32,1973,0,,,,,,,,,
United Kingdom,"Saint Helena, Ascension and Tristan da Cunha",2022-10-15,33,1973,0,,,,,,,,,
United Kingdom,"Saint Helena, Ascension and Tristan da Cunha",2022-10-16,34,1973,0,,,,,,,,,
United Kingdom,"Saint Helena, Ascension and Tristan da Cunha",2022-10-17,35,2007,0,,,,,,,,,
United Kingdom,"Saint Helena, Ascension and Tristan da Cunha",2022-10-18,36,2013,0,,,,,,,,,
United Kingdom,"Saint Helena, Ascension and Tristan da Cunha",2022-10-19,37,2013,0,,,,,,,,,
United Kingdom,"Saint Helena, Ascension and Tristan da Cunha",2022-10-20,38,2013,0,,,,,,,,,
United Kingdom,"Saint Helena, Ascension and Tristan da Cunha",2022-10-21,39,2013,0,,,,,,,,,
United Kingdom,"Saint Helena, Ascension and Tristan da Cunha",2022-10-22,40,2013,0,,,,,,,,,
United Kingdom,"Saint Helena, Ascension and Tristan da Cunha",2022-10-23,41,2013,0,,,,,,,,,
United Kingdom,"Saint Helena, Ascension and Tristan da Cunha",2022-10-24,42,2032,0,,,,,,,,,
United Kingdom,"Saint Helena, Ascension and Tristan da Cunha",2022-10-25,43,2032,0,,,,,,,,,
United Kingdom,"Saint Helena, Ascension and Tristan da Cunha",2022-10-26,44,2032,0,,,,,,,,,
United Kingdom,"Saint Helena, Ascension and Tristan da Cunha",2022-10-27,45,2032,0,,,,,,,,,
United Kingdom,"Saint Helena, Ascension and Tristan da Cunha",2022-10-28,46,2032,0,,,,,,,,,
United Kingdom,"Saint Helena, Ascension and Tristan da Cunha",2022-10-29,47,2032,0,,,,,,,,,
United Kingdom,"Saint Helena, Ascension and Tristan da Cunha",2022-10-30,48,2032,0,,,,,,,,,
United Kingdom,"Saint Helena, Ascension and Tristan da Cunha",2022-10-31,49,2045,0,,,,,,,,,
United Kingdom,"Saint Helena, Ascension and Tristan da Cunha",2022-11-01,50,2045,0,,,,,,,,,
United Kingdom,"Saint Helena, Ascension and Tristan da Cunha",2022-11-02,51,2045,0,,,,,,,,,
United Kingdom,"Saint Helena, Ascension and Tristan da Cunha",2022-11-03,52,2045,0,,,,,,,,,
United Kingdom,"Saint Helena, Ascension and Tristan da Cunha",2022-11-04,53,2045,0,,,,,,,,,
United Kingdom,"Saint Helena, Ascension and Tristan da Cunha",2022-11-05,54,2045,0,,,,,,,,,
United Kingdom,"Saint Helena, Ascension and Tristan da Cunha",2022-11-06,55,2045,0,,,,,,,,,
United Kingdom,"Saint Helena, Ascension and Tristan da Cunha",2022-11-07,56,2045,0,,,,,,,,,
United Kingdom,"Saint Helena, Ascension and Tristan da Cunha",2022-11-08,57,2115,0,,,,,,,,,
United Kingdom,"Saint Helena, Ascension and Tristan da Cunha",2022-11-09,58,2115,0,,,,,,,,,
United Kingdom,"Saint Helena, Ascension and Tristan da Cunha",2022-11-10,59,2115,0,,,,,,,,,
United Kingdom,"Saint Helena, Ascension and Tristan da Cunha",2022-11-11,60,2115,0,,,,,,,,,
United Kingdom,"Saint Helena, Ascension and Tristan da Cunha",2022-11-12,61,2115,0,,,,,,,,,
United Kingdom,"Saint Helena, Ascension and Tristan da Cunha",2022-11-13,62,2115,0,,,,,,,,,
United Kingdom,"Saint Helena, Ascension and Tristan da Cunha",2022-11-14,63,2115,0,,,,,,,,,
United Kingdom,"Saint Helena, Ascension and Tristan da Cunha",2022-11-15,64,2159,0,,,,,,,,,
United Kingdom,"Saint Helena, Ascension and Tristan da Cunha",2022-11-16,65,2159,0,,,,,,,,,
United Kingdom,"Saint Helena, Ascension and Tristan da Cunha",2022-11-17,66,2159,0,,,,,,,,,
United Kingdom,"Saint Helena, Ascension and Tristan da Cunha",2022-11-18,67,2159,0,,,,,,,,,
United Kingdom,"Saint Helena, Ascension and Tristan da Cunha",2022-11-19,68,2159,0,,,,,,,,,
United Kingdom,"Saint Helena, Ascension and Tristan da Cunha",2022-11-20,69,2159,0,,,,,,,,,
United Kingdom,"Saint Helena, Ascension and Tristan da Cunha",2022-11-21,70,2159,0,,,,,,,,,
United Kingdom,"Saint Helena, Ascension and Tristan da Cunha",2022-11-22,71,2159,0,,,,,,,,,
United Kingdom,"Saint Helena, Ascension and Tristan da Cunha",2022-11-23,72,2159,0,,,,,,,,,
United Kingdom,"Saint Helena, Ascension and Tristan da Cunha",2022-11-24,73,2162,0,,,,,,,,,
United Kingdom,"Saint Helena, Ascension and Tristan da Cunha",2022-11-25,74,2162,0,,,,,,,,,
United Kingdom,"Saint Helena, Ascension and Tristan da Cunha",2022-11-26,75,2162,0,,,,,,,,,
United Kingdom,"Saint Helena, Ascension and Tristan da Cunha",2022-11-27,76,2162,0,,,,,,,,,
United Kingdom,"Saint Helena, Ascension and Tristan da Cunha",2022-11-28,77,2162,0,,,,,,,,,
United Kingdom,"Saint Helena, Ascension and Tristan da Cunha",2022-11-29,78,2162,0,,,,,,,,,
United Kingdom,"Saint Helena, Ascension and Tristan da Cunha",2022-11-30,79,2162,0,,,,,,,,,
United Kingdom,"Saint Helena, Ascension and Tristan da Cunha",2022-12-01,80,2162,0,,,,,,,,,
United Kingdom,"Saint Helena, Ascension and Tristan da Cunha",2022-12-02,81,1806,0,,,,,,,,,
United Kingdom,"Saint Helena, Ascension and Tristan da Cunha",2022-12-03,82,1806,0,,,,,,,,,
United Kingdom,"Saint Helena, Ascension and Tristan da Cunha",2022-12-04,83,1806,0,,,,,,,,,
United Kingdom,"Saint Helena, Ascension and Tristan da Cunha",2022-12-05,84,2162,0,,,,,,,,,
United Kingdom,"Saint Helena, Ascension and Tristan da Cunha",2022-12-06,85,2162,0,,,,,,,,,
United Kingdom,"Saint Helena, Ascension and Tristan da Cunha",2022-12-07,86,2166,0,,,,,,,,,
United Kingdom,"Saint Helena, Ascension and Tristan da Cunha",2022-12-08,87,2166,0,,,,,,,,,
United Kingdom,"Saint Helena, Ascension and Tristan da Cunha",2022-12-09,88,2166,0,,,,,,,,,
United Kingdom,"Saint Helena, Ascension and Tristan da Cunha",2022-12-10,89,2166,0,,,,,,,,,
United Kingdom,"Saint Helena, Ascension and Tristan da Cunha",2022-12-11,90,2166,0,,,,,,,,,
United Kingdom,"Saint Helena, Ascension and Tristan da Cunha",2022-12-12,91,2166,0,,,,,,,,,
United Kingdom,"Saint Helena, Ascension and Tristan da Cunha",2022-12-13,92,2166,0,,,,,,,,,
United Kingdom,"Saint Helena, Ascension and Tristan da Cunha",2022-12-14,93,2166,0,,,,,,,,,
United Kingdom,"Saint Helena, Ascension and Tristan da Cunha",2022-12-15,94,2166,0,,,,,,,,,
United Kingdom,"Saint Helena, Ascension and Tristan da Cunha",2022-12-16,95,2166,0,,,,,,,,,
United Kingdom,"Saint Helena, Ascension and Tristan da Cunha",2022-12-17,96,2166,0,,,,,,,,,
United Kingdom,"Saint Helena, Ascension and Tristan da Cunha",2022-12-18,97,2166,0,,,,,,,,,
United Kingdom,"Saint Helena, Ascension and Tristan da Cunha",2022-12-19,98,2166,0,,,,,,,,,
United Kingdom,"Saint Helena, Ascension and Tristan da Cunha",2022-12-20,99,2166,0,,,,,,,,,
United Kingdom,"Saint Helena, Ascension and Tristan da Cunha",2022-12-21,100,2166,0,,,,,,,,,
United Kingdom,"Saint Helena, Ascension and Tristan da Cunha",2022-12-22,101,2166,0,,,,,,,,,
United Kingdom,"Saint Helena, Ascension and Tristan da Cunha",2022-12-23,102,2166,0,,,,,,,,,
United Kingdom,"Saint Helena, Ascension and Tristan da Cunha",2022-12-24,103,2166,0,,,,,,,,,
United Kingdom,"Saint Helena, Ascension and Tristan da Cunha",2022-12-25,104,2166,0,,,,,,,,,
United Kingdom,"Saint Helena, Ascension and Tristan da Cunha",2022-12-26,105,2166,0,,,,,,,,,
United Kingdom,"Saint Helena, Ascension and Tristan da Cunha",2022-12-27,106,2166,0,,,,,,,,,
United Kingdom,"Saint Helena, Ascension and Tristan da Cunha",2022-12-28,107,2166,0,,,,,,,,,
United Kingdom,"Saint Helena, Ascension and Tristan da Cunha",2022-12-29,108,2166,0,,,,,,,,,
United Kingdom,"Saint Helena, Ascension and Tristan da Cunha",2022-12-30,109,2166,0,,,,,,,,,
United Kingdom,"Saint Helena, Ascension and Tristan da Cunha",2022-12-31,110,2166,0,,,,,,,,,
United Kingdom,"Saint Helena, Ascension and Tristan da Cunha",2023-01-01,111,2166,0,,,,,,,,,
United Kingdom,"Saint Helena, Ascension and Tristan da Cunha",2023-01-02,112,2166,0,,,,,,,,,
United Kingdom,"Saint Helena, Ascension and Tristan da Cunha",2023-01-03,113,2166,0,,,,,,,,,
United Kingdom,"Saint Helena, Ascension and Tristan da Cunha",2023-01-04,114,2166,0,,,,,,,,,
United Kingdom,"Saint Helena, Ascension and Tristan da Cunha",2023-01-05,115,2166,0,,,,,,,,,
United Kingdom,"Saint Helena, Ascension and Tristan da Cunha",2023-01-06,116,2166,0,,,,,,,,,
United Kingdom,"Saint Helena, Ascension and Tristan da Cunha",2023-01-07,117,2166,0,,,,,,,,,
United Kingdom,"Saint Helena, Ascension and Tristan da Cunha",2023-01-08,118,2166,0,,,,,,,,,
United Kingdom,"Saint Helena, Ascension and Tristan da Cunha",2023-01-09,119,2166,0,,,,,,,,,
United Kingdom,"Saint Helena, Ascension and Tristan da Cunha",2023-01-10,120,2166,0,,,,,,,,,
United Kingdom,"Saint Helena, Ascension and Tristan da Cunha",2023-01-11,121,2166,0,,,,,,,,,
United Kingdom,"Saint Helena, Ascension and Tristan da Cunha",2023-01-12,122,2166,0,,,,,,,,,
United Kingdom,"Saint Helena, Ascension and Tristan da Cunha",2023-01-13,123,2166,0,,,,,,,,,
United Kingdom,"Saint Helena, Ascension and Tristan da Cunha",2023-01-14,124,2166,0,,,,,,,,,
United Kingdom,"Saint Helena, Ascension and Tristan da Cunha",2023-01-15,125,2166,0,,,,,,,,,
United Kingdom,"Saint Helena, Ascension and Tristan da Cunha",2023-01-16,126,2166,0,,,,,,,,,
United Kingdom,"Saint Helena, Ascension and Tristan da Cunha",2023-01-17,127,2166,0,,,,,,,,,
United Kingdom,"Saint Helena, Ascension and Tristan da Cunha",2023-01-18,128,2166,0,,,,,,,,,
United Kingdom,"Saint Helena, Ascension and Tristan da Cunha",2023-01-19,129,2166,0,,,,,,,,,
United Kingdom,"Saint Helena, Ascension and Tristan da Cunha",2023-01-20,130,2166,0,,,,,,,,,
United Kingdom,"Saint Helena, Ascension and Tristan da Cunha",2023-01-21,131,2166,0,,,,,,,,,
United Kingdom,"Saint Helena, Ascension and Tristan da Cunha",2023-01-22,132,2166,0,,,,,,,,,
United Kingdom,"Saint Helena, Ascension and Tristan da Cunha",2023-01-23,133,2166,0,,,,,,,,,
United Kingdom,"Saint Helena, Ascension and Tristan da Cunha",2023-01-24,134,2166,0,,,,,,,,,
United Kingdom,"Saint Helena, Ascension and Tristan da Cunha",2023-01-25,135,2166,0,,,,,,,,,
United Kingdom,"Saint Helena, Ascension and Tristan da Cunha",2023-01-26,136,2166,0,,,,,,,,,
United Kingdom,"Saint Helena, Ascension and Tristan da Cunha",2023-01-27,137,2166,0,,,,,,,,,
United Kingdom,"Saint Helena, Ascension and Tristan da Cunha",2023-01-28,138,2166,0,,,,,,,,,
United Kingdom,"Saint Helena, Ascension and Tristan da Cunha",2023-01-29,139,2166,0,,,,,,,,,
United Kingdom,"Saint Helena, Ascension and Tristan da Cunha",2023-01-30,140,2166,0,,,,,,,,,
United Kingdom,"Saint Helena, Ascension and Tristan da Cunha",2023-01-31,141,2166,0,,,,,,,,,
United Kingdom,"Saint Helena, Ascension and Tristan da Cunha",2023-02-01,142,2166,0,,,,,,,,,
United Kingdom,"Saint Helena, Ascension and Tristan da Cunha",2023-02-02,143,2166,0,,,,,,,,,
United Kingdom,"Saint Helena, Ascension and Tristan da Cunha",2023-02-03,144,2166,0,,,,,,,,,
United Kingdom,"Saint Helena, Ascension and Tristan da Cunha",2023-02-04,145,2166,0,,,,,,,,,
United Kingdom,"Saint Helena, Ascension and Tristan da Cunha",2023-02-05,146,2166,0,,,,,,,,,
United Kingdom,"Saint Helena, Ascension and Tristan da Cunha",2023-02-06,147,2166,0,,,,,,,,,
United Kingdom,"Saint Helena, Ascension and Tristan da Cunha",2023-02-07,148,2166,0,,,,,,,,,
United Kingdom,"Saint Helena, Ascension and Tristan da Cunha",2023-02-08,149,2166,0,,,,,,,,,
United Kingdom,"Saint Helena, Ascension and Tristan da Cunha",2023-02-09,150,2166,0,,,,,,,,,
United Kingdom,"Saint Helena, Ascension and Tristan da Cunha",2023-02-10,151,2166,0,,,,,,,,,
United Kingdom,"Saint Helena, Ascension and Tristan da Cunha",2023-02-11,152,2166,0,,,,,,,,,
United Kingdom,"Saint Helena, Ascension and Tristan da Cunha",2023-02-12,153,2166,0,,,,,,,,,
United Kingdom,"Saint Helena, Ascension and Tristan da Cunha",2023-02-13,154,2166,0,,,,,,,,,
United Kingdom,"Saint Helena, Ascension and Tristan da Cunha",2023-02-14,155,2166,0,,,,,,,,,
United Kingdom,"Saint Helena, Ascension and Tristan da Cunha",2023-02-15,156,2166,0,,,,,,,,,
United Kingdom,"Saint Helena, Ascension and Tristan da Cunha",2023-02-16,157,2166,0,,,,,,,,,
United Kingdom,"Saint Helena, Ascension and Tristan da Cunha",2023-02-17,158,2166,0,,,,,,,,,
United Kingdom,"Saint Helena, Ascension and Tristan da Cunha",2023-02-18,159,2166,0,,,,,,,,,
United Kingdom,"Saint Helena, Ascension and Tristan da Cunha",2023-02-19,160,2166,0,,,,,,,,,
United Kingdom,"Saint Helena, Ascension and Tristan da Cunha",2023-02-20,161,2166,0,,,,,,,,,
United Kingdom,"Saint Helena, Ascension and Tristan da Cunha",2023-02-21,162,2166,0,,,,,,,,,
United Kingdom,"Saint Helena, Ascension and Tristan da Cunha",2023-02-22,163,2166,0,,,,,,,,,
United Kingdom,"Saint Helena, Ascension and Tristan da Cunha",2023-02-23,164,2166,0,,,,,,,,,
United Kingdom,"Saint Helena, Ascension and Tristan da Cunha",2023-02-24,165,2166,0,,,,,,,,,
United Kingdom,"Saint Helena, Ascension and Tristan da Cunha",2023-02-25,166,2166,0,,,,,,,,,
United Kingdom,"Saint Helena, Ascension and Tristan da Cunha",2023-02-26,167,2166,0,,,,,,,,,
United Kingdom,"Saint Helena, Ascension and Tristan da Cunha",2023-02-27,168,2166,0,,,,,,,,,
United Kingdom,"Saint Helena, Ascension and Tristan da Cunha",2023-02-28,169,2166,0,,,,,,,,,
United Kingdom,"Saint Helena, Ascension and Tristan da Cunha",2023-03-01,170,2166,0,,,,,,,,,
United Kingdom,"Saint Helena, Ascension and Tristan da Cunha",2023-03-02,171,2166,0,,,,,,,,,
United Kingdom,"Saint Helena, Ascension and Tristan da Cunha",2023-03-03,172,2166,0,,,,,,,,,
United Kingdom,"Saint Helena, Ascension and Tristan da Cunha",2023-03-04,173,2166,0,,,,,,,,,
United Kingdom,"Saint Helena, Ascension and Tristan da Cunha",2023-03-05,174,2166,0,,,,,,,,,
United Kingdom,"Saint Helena, Ascension and Tristan da Cunha",2023-03-06,175,2166,0,,,,,,,,,
United Kingdom,"Saint Helena, Ascension and Tristan da Cunha",2023-03-07,176,2166,0,,,,,,,,,
United Kingdom,"Saint Helena, Ascension and Tristan da Cunha",2023-03-08,177,2166,0,,,,,,,,,
United Kingdom,"Saint Helena, Ascension and Tristan da Cunha",2023-03-09,178,2166,0,,,,,,,,,
