date,case_cnt,death_cnt,pred_cases,pred_deaths,ape_cases_pct,ape_deaths_pct,region,country,province,model
2020-06-15,888271,43959,669275.0,42260.0,24.654187742254337,3.8649650810982963,BR,Brazil,None,delphi
2020-06-16,923189,45241,673820.0,42938.0,27.01169532999202,5.09051524060034,BR,Brazil,None,delphi
2020-06-17,955377,46510,678143.0,43601.0,29.018282834943694,6.254568909911846,BR,Brazil,None,delphi
2020-06-18,978142,47748,682246.0,44249.0,30.25082247771796,7.328055625366507,BR,Brazil,None,delphi
2020-06-19,1032913,48954,686140.0,44882.0,33.57233377835306,8.31801282836949,BR,Brazil,None,delphi
2020-06-20,1067579,49976,689840.0,45499.0,35.38276792630803,8.958299983992317,BR,Brazil,None,delphi
2020-06-21,1083341,50591,693357.0,46101.0,35.99826831994727,8.875096361012828,BR,Brazil,None,delphi
2020-06-22,1106470,51271,696699.0,46687.0,37.03408135783166,8.940726726609585,BR,Brazil,None,delphi
2020-06-23,1145906,52645,699869.0,47258.0,38.92439694006315,10.23269066388071,BR,Brazil,None,delphi
2020-06-24,1188631,53830,702865.0,47813.0,40.8676872805774,11.177781906000371,BR,Brazil,None,delphi
2020-06-25,1228114,54971,705686.0,48354.0,42.53904767798429,12.037256007713157,BR,Brazil,None,delphi
2020-06-26,1274974,55961,708343.0,48879.0,44.442553338342584,12.655242043566057,BR,Brazil,None,delphi
2020-06-27,1313667,57070,710854.0,49390.0,45.88780870646823,13.457157876292273,BR,Brazil,None,delphi
2020-06-28,1344143,57622,713233.0,49885.0,46.93771421641893,13.427163236263928,BR,Brazil,None,delphi
2020-06-29,1368195,58314,715488.0,50366.0,47.705699845416774,13.629660115924136,BR,Brazil,None,delphi
2020-06-30,1402041,59594,717623.0,50832.0,48.815833488464314,14.702822431788434,BR,Brazil,None,delphi
2020-07-01,1448753,60632,719636.0,51284.0,50.32721243717874,15.41760126665787,BR,Brazil,None,delphi
2020-07-02,1496858,61884,721522.0,51721.0,51.79756530011531,16.422661754249887,BR,Brazil,None,delphi
2020-07-03,1539081,63174,723278.0,52145.0,53.005852193614245,17.458131509798335,BR,Brazil,None,delphi
2020-07-04,1577004,64265,724927.0,52555.0,54.03137848730884,18.221426904224693,BR,Brazil,None,delphi
2020-07-05,1603055,64867,726482.0,52952.0,54.681405191961595,18.3683537083571,BR,Brazil,None,delphi
2020-07-06,1623284,65487,727950.0,53335.0,55.15572136483819,18.55635469635195,BR,Brazil,None,delphi
2020-07-07,1668589,66741,729336.0,53706.0,56.29025482009051,19.530723243583402,BR,Brazil,None,delphi
2020-07-08,1713160,67964,730639.0,54064.0,57.351385743304775,20.452004002118766,BR,Brazil,None,delphi
2020-07-09,1755779,69184,731856.0,54409.0,58.31730531006465,21.35609389454209,BR,Brazil,None,delphi
2020-07-10,1800827,70398,732985.0,54743.0,59.29731173510837,22.23784766612688,BR,Brazil,None,delphi
2020-07-11,1839850,71469,734042.0,55065.0,60.10316058374324,22.952608823405953,BR,Brazil,None,delphi
2020-07-12,1864681,72100,735035.0,55375.0,60.58119324431364,23.196948682385575,BR,Brazil,None,delphi
2020-07-13,1884967,72833,735967.0,55674.0,60.955974295571224,23.559375557782875,BR,Brazil,None,delphi
2020-07-14,1926824,74133,736841.0,55962.0,61.75878025185486,24.51135122010441,BR,Brazil,None,delphi
2020-07-15,1966748,75366,737658.0,56240.0,62.493517217254066,25.377491176392535,BR,Brazil,None,delphi
2020-07-16,2012151,76688,738418.0,56507.0,63.30205834452782,26.31572084289589,BR,Brazil,None,delphi
2020-07-17,2046328,77851,739125.0,56764.0,63.88042386166831,27.086357272225147,BR,Brazil,None,delphi
2020-07-18,2074860,78772,739786.0,57011.0,64.34525702938994,27.62529832935561,BR,Brazil,None,delphi
2020-07-19,2098389,79488,740404.0,57249.0,64.71559849007977,27.97780797101449,BR,Brazil,None,delphi
2020-07-20,2118646,80120,740982.0,57478.0,65.02568149657849,28.26010983524713,BR,Brazil,None,delphi
2020-07-21,2159654,81487,741521.0,57698.0,65.66482408756218,29.193613705253597,BR,Brazil,None,delphi
2020-07-22,2227514,82771,742022.0,57909.0,66.68833506770328,30.037090285244833,BR,Brazil,None,delphi
2020-07-23,2287475,84082,742487.0,58112.0,67.54119717155379,30.886515544349564,BR,Brazil,None,delphi
2020-07-24,2343366,85238,742919.0,58307.0,68.29692843542152,31.595063234707528,BR,Brazil,None,delphi
2020-07-25,2394513,86449,743322.0,58494.0,68.9572785781493,32.336984811854386,BR,Brazil,None,delphi
2020-07-26,2419091,87004,743697.0,58674.0,69.25717139206421,32.561721300170106,BR,Brazil,None,delphi
2020-07-27,2442375,87618,744047.0,58846.0,69.53592302574339,32.83800132392887,BR,Brazil,None,delphi
2020-07-28,2483191,88539,744372.0,59011.0,70.02357047846903,33.35027502004767,BR,Brazil,None,delphi
2020-07-29,2552265,90134,744674.0,59170.0,70.82301406789655,34.35329620343045,BR,Brazil,None,delphi
2020-07-30,2610102,91263,744952.0,59322.0,71.45889317735475,34.998849478978336,BR,Brazil,None,delphi
2020-07-31,2662485,92475,745210.0,59467.0,72.01073433277558,35.69397134360638,BR,Brazil,None,delphi
2020-08-01,2707877,93563,745449.0,59607.0,72.47109082133346,36.29212402338531,BR,Brazil,None,delphi
2020-08-02,2733677,94104,745672.0,59741.0,72.72274668880047,36.51598231743603,BR,Brazil,None,delphi
2020-08-03,2750318,94665,745879.0,59869.0,72.88026330046198,36.7569851581894,BR,Brazil,None,delphi
2020-08-04,2801921,95819,746072.0,59991.0,73.37283956257153,37.391331573070055,BR,Brazil,None,delphi
2020-08-05,2859073,97256,746250.0,60109.0,73.8988826098529,38.19507279756519,BR,Brazil,None,delphi
2020-08-06,2912212,98493,746414.0,60221.0,74.36951705439027,38.85758378768035,BR,Brazil,None,delphi
2020-08-07,2962442,99572,746565.0,60328.0,74.79900028422497,39.412686297352664,BR,Brazil,None,delphi
2020-08-08,3012412,100477,746704.0,60431.0,75.21242114292467,39.85588741702081,BR,Brazil,None,delphi
2020-08-09,3035422,101049,746833.0,60530.0,75.39607342899933,40.09836811843759,BR,Brazil,None,delphi
2020-08-10,3057470,101752,746954.0,60624.0,75.56953952123816,40.41984432738423,BR,Brazil,None,delphi
2020-08-11,3109630,103026,747065.0,60714.0,75.975759173921,41.0692446566886,BR,Brazil,None,delphi
2020-08-12,3164785,104201,747168.0,60800.0,76.39119245067201,41.65123175401388,BR,Brazil,None,delphi
2020-08-13,3224876,105463,747263.0,60882.0,76.8281633154267,42.271697182898265,BR,Brazil,None,delphi
2020-08-14,3275520,106523,747350.0,60960.0,77.18377540054708,42.772922279695464,BR,Brazil,None,delphi
2020-08-15,3317096,107232,747430.0,61036.0,77.4673389012558,43.08042375410325,BR,Brazil,None,delphi
2020-08-16,3340197,107852,747504.0,61107.0,77.6209606798641,43.34180172829433,BR,Brazil,None,delphi
2020-08-17,3359570,108536,747572.0,61176.0,77.74798560530067,43.63529151617897,BR,Brazil,None,delphi
2020-08-18,3407354,109888,747636.0,61241.0,78.05816478123494,44.26961997670355,BR,Brazil,None,delphi
2020-08-19,3456652,111100,747694.0,61304.0,78.36941641796744,44.82088208820882,BR,Brazil,None,delphi
2020-08-20,3501975,112304,747748.0,61363.0,78.64782015862477,45.359915942441944,BR,Brazil,None,delphi
2020-08-21,3532330,113358,747797.0,61420.0,78.82992245911339,45.81767497662273,BR,Brazil,None,delphi
2020-08-22,3582362,114250,747842.0,61475.0,79.1243319351869,46.1925601750547,BR,Brazil,None,delphi
2020-08-23,3605783,114744,747884.0,61527.0,79.25876293720393,46.3788956285296,BR,Brazil,None,delphi
2020-08-24,3622861,115309,747923.0,61576.0,79.35545967675823,46.5991379684153,BR,Brazil,None,delphi
2020-08-25,3669995,116580,747958.0,61624.0,79.61964525837229,47.140161262652256,BR,Brazil,None,delphi
2020-08-26,3717156,117665,747991.0,61669.0,79.87733094871456,47.58934262524965,BR,Brazil,None,delphi
2020-08-27,3761391,118649,748021.0,61712.0,80.11318153310837,47.98776222302759,BR,Brazil,None,delphi
2020-08-28,3804803,119504,748048.0,61753.0,80.33937630936478,48.325579060115146,BR,Brazil,None,delphi
2020-08-29,3846153,120262,748073.0,61792.0,80.5500977210215,48.618848846684735,BR,Brazil,None,delphi
2020-08-30,3862311,120828,748096.0,61829.0,80.63087099925409,48.82891382792068,BR,Brazil,None,delphi
2020-08-31,3908272,121381,748118.0,61865.0,80.85808766636508,49.03238562872278,BR,Brazil,None,delphi
2020-09-01,3950931,122596,748137.0,61899.0,81.06428586072498,49.509771933831445,BR,Brazil,None,delphi
2020-09-02,3997865,123780,748155.0,61932.0,81.28613647534372,49.96606883179835,BR,Brazil,None,delphi
2020-09-03,4041638,124614,748172.0,61962.0,81.48839653625585,50.27685492801772,BR,Brazil,None,delphi
2020-09-04,4091801,125502,748187.0,61992.0,81.71497098710323,50.60477123870536,BR,Brazil,None,delphi
2020-09-05,4123000,126203,748201.0,62020.0,81.85299539170508,50.85695268733706,BR,Brazil,None,delphi
2020-09-06,4137521,126650,748213.0,62047.0,81.9163938986654,51.00908014212396,BR,Brazil,None,delphi
2020-09-07,4147794,126960,748225.0,62072.0,81.96089294694963,51.109010712035285,BR,Brazil,None,delphi
2020-09-08,4162073,127464,748236.0,62096.0,82.02251618364215,51.2834996548045,BR,Brazil,None,delphi
2020-09-09,4197889,128539,748246.0,62120.0,82.17566019492179,51.67225511323411,BR,Brazil,None,delphi
2020-09-10,4238446,129522,748254.0,62142.0,82.34602965332105,52.02205030805578,BR,Brazil,None,delphi
2020-09-11,4282164,130396,748263.0,62163.0,82.52605458361707,52.32752538421423,BR,Brazil,None,delphi
2020-09-12,4315687,131210,748270.0,62183.0,82.66162490467914,52.608032924319794,BR,Brazil,None,delphi
2020-09-13,4330455,131625,748277.0,62202.0,82.72059171611296,52.743019943019945,BR,Brazil,None,delphi
2020-09-14,4345610,132006,748283.0,62220.0,82.78071433009406,52.86577882823508,BR,Brazil,None,delphi
2020-09-15,4382263,133119,748289.0,62237.0,82.92459854645877,53.24709470473786,BR,Brazil,None,delphi
2020-06-15,888271,43959,2658049.0,73789.0,199.23852067668537,67.85868650333265,BR,Brazil,None,delphi_lookahead
2020-06-16,923189,45241,2674251.0,74915.0,189.67535358415233,65.59094626555559,BR,Brazil,None,delphi_lookahead
2020-06-17,955377,46510,2689553.0,76014.0,181.51745331947492,63.435820253708876,BR,Brazil,None,delphi_lookahead
2020-06-18,978142,47748,2703949.0,77087.0,176.43726575486994,61.44550557091396,BR,Brazil,None,delphi_lookahead
2020-06-19,1032913,48954,2717579.0,78132.0,163.0985378245796,59.60289251133717,BR,Brazil,None,delphi_lookahead
2020-06-20,1067579,49976,2730507.0,79150.0,155.76627116119744,58.37602048983512,BR,Brazil,None,delphi_lookahead
2020-06-21,1083341,50591,2742771.0,80140.0,153.17706982381355,58.4076219090352,BR,Brazil,None,delphi_lookahead
2020-06-22,1106470,51271,2754388.0,81103.0,148.93472032680506,58.18493885432311,BR,Brazil,None,delphi_lookahead
2020-06-23,1145906,52645,2765350.0,82039.0,141.3243320132716,55.834362237629406,BR,Brazil,None,delphi_lookahead
2020-06-24,1188631,53830,2775640.0,82948.0,133.51569999436325,54.09251346832621,BR,Brazil,None,delphi_lookahead
2020-06-25,1228114,54971,2785320.0,83831.0,126.79653517507332,52.50040930672536,BR,Brazil,None,delphi_lookahead
2020-06-26,1274974,55961,2794450.0,84687.0,119.17701851175005,51.33217776665893,BR,Brazil,None,delphi_lookahead
2020-06-27,1313667,57070,2803067.0,85517.0,113.3772866335228,49.84580339933415,BR,Brazil,None,delphi_lookahead
2020-06-28,1344143,57622,2811195.0,86322.0,109.14404196577298,49.807365242442124,BR,Brazil,None,delphi_lookahead
2020-06-29,1368195,58314,2818848.0,87101.0,106.02677249953405,49.36550399560997,BR,Brazil,None,delphi_lookahead
2020-06-30,1402041,59594,2826024.0,87855.0,101.56500416178984,47.42255931805215,BR,Brazil,None,delphi_lookahead
2020-07-01,1448753,60632,2832731.0,88585.0,95.52891348628786,46.1027180366803,BR,Brazil,None,delphi_lookahead
2020-07-02,1496858,61884,2839020.0,89291.0,89.66528555146847,44.28769956693168,BR,Brazil,None,delphi_lookahead
2020-07-03,1539081,63174,2844928.0,89973.0,84.84589180166606,42.42093266217115,BR,Brazil,None,delphi_lookahead
2020-07-04,1577004,64265,2850482.0,90632.0,80.75299745593543,41.02855364506341,BR,Brazil,None,delphi_lookahead
2020-07-05,1603055,64867,2855701.0,91269.0,78.14117419552042,40.701743567607565,BR,Brazil,None,delphi_lookahead
2020-07-06,1623284,65487,2860595.0,91883.0,76.22270656274564,40.3072365507658,BR,Brazil,None,delphi_lookahead
2020-07-07,1668589,66741,2865162.0,92476.0,71.71166776240284,38.55950615064204,BR,Brazil,None,delphi_lookahead
2020-07-08,1713160,67964,2869407.0,93048.0,67.49206145368792,36.90777470425519,BR,Brazil,None,delphi_lookahead
2020-07-09,1755779,69184,2873369.0,93599.0,63.6520883323015,35.28995143385754,BR,Brazil,None,delphi_lookahead
2020-07-10,1800827,70398,2877077.0,94130.0,59.764208333171375,33.71118497684593,BR,Brazil,None,delphi_lookahead
2020-07-11,1839850,71469,2880552.0,94641.0,56.56450254096801,32.42244889392604,BR,Brazil,None,delphi_lookahead
2020-07-12,1864681,72100,2883808.0,95134.0,54.65422772045192,31.94729542302358,BR,Brazil,None,delphi_lookahead
2020-07-13,1884967,72833,2886852.0,95608.0,53.151328378693094,31.270165996183046,BR,Brazil,None,delphi_lookahead
2020-07-14,1926824,74133,2889684.0,96064.0,49.97135182040498,29.583316471746723,BR,Brazil,None,delphi_lookahead
2020-07-15,1966748,75366,2892303.0,96502.0,47.06017242676743,28.0444762890428,BR,Brazil,None,delphi_lookahead
2020-07-16,2012151,76688,2894736.0,96924.0,43.86276179074036,26.387440016691006,BR,Brazil,None,delphi_lookahead
2020-07-17,2046328,77851,2897004.0,97330.0,41.57085276651642,25.02087320650987,BR,Brazil,None,delphi_lookahead
2020-07-18,2074860,78772,2899122.0,97719.0,39.726150198085655,24.052962981770172,BR,Brazil,None,delphi_lookahead
2020-07-19,2098389,79488,2901101.0,98093.0,38.253727025827914,23.406048711755233,BR,Brazil,None,delphi_lookahead
2020-07-20,2118646,80120,2902945.0,98453.0,37.018879038782316,22.881927109335994,BR,Brazil,None,delphi_lookahead
2020-07-21,2159654,81487,2904656.0,98797.0,34.49635913901023,21.24265220219176,BR,Brazil,None,delphi_lookahead
2020-07-22,2227514,82771,2906233.0,99128.0,30.469797271756764,19.761752304551113,BR,Brazil,None,delphi_lookahead
2020-07-23,2287475,84082,2907694.0,99446.0,27.113695231641877,18.27263861468566,BR,Brazil,None,delphi_lookahead
2020-07-24,2343366,85238,2909051.0,99751.0,24.13984840609619,17.02644360496492,BR,Brazil,None,delphi_lookahead
2020-07-25,2394513,86449,2910314.0,100043.0,21.54095634477658,15.724878251917316,BR,Brazil,None,delphi_lookahead
2020-07-26,2419091,87004,2911490.0,100322.0,20.354711749165286,15.307342191163626,BR,Brazil,None,delphi_lookahead
2020-07-27,2442375,87618,2912582.0,100591.0,19.252039510722145,14.806318336414892,BR,Brazil,None,delphi_lookahead
2020-07-28,2483191,88539,2913592.0,100848.0,17.332577316847555,13.902348117778606,BR,Brazil,None,delphi_lookahead
2020-07-29,2552265,90134,2914521.0,101094.0,14.193510470111843,12.15967337519693,BR,Brazil,None,delphi_lookahead
2020-07-30,2610102,91263,2915379.0,101330.0,11.695979697345162,11.030757261979115,BR,Brazil,None,delphi_lookahead
2020-07-31,2662485,92475,2916175.0,101556.0,9.528316591454976,9.819951338199512,BR,Brazil,None,delphi_lookahead
2020-08-01,2707877,93563,2916914.0,101772.0,7.719589922289676,8.773767408056605,BR,Brazil,None,delphi_lookahead
2020-08-02,2733677,94104,2917599.0,101979.0,6.728007734637267,8.368400918133128,BR,Brazil,None,delphi_lookahead
2020-08-03,2750318,94665,2918233.0,102177.0,6.1052940060022145,7.935350974488988,BR,Brazil,None,delphi_lookahead
2020-08-04,2801921,95819,2918817.0,102366.0,4.171994856386029,6.832674104300818,BR,Brazil,None,delphi_lookahead
2020-08-05,2859073,97256,2919354.0,102547.0,2.1084106631764907,5.440281319404458,BR,Brazil,None,delphi_lookahead
2020-08-06,2912212,98493,2919849.0,102720.0,0.2622405236981374,4.291675550546739,BR,Brazil,None,delphi_lookahead
2020-08-07,2962442,99572,2920306.0,102886.0,1.4223400829450839,3.328244888121159,BR,Brazil,None,delphi_lookahead
2020-08-08,3012412,100477,2920729.0,103044.0,3.043507992930582,2.554813539416981,BR,Brazil,None,delphi_lookahead
2020-08-09,3035422,101049,2921121.0,103195.0,3.7655719698941366,2.1237221545982643,BR,Brazil,None,delphi_lookahead
2020-08-10,3057470,101752,2921483.0,103340.0,4.447696952055131,1.5606572843777027,BR,Brazil,None,delphi_lookahead
2020-08-11,3109630,103026,2921816.0,103478.0,6.039753925708203,0.438724205540349,BR,Brazil,None,delphi_lookahead
2020-08-12,3164785,104201,2922121.0,103610.0,7.667629870591525,0.5671730597595033,BR,Brazil,None,delphi_lookahead
2020-08-13,3224876,105463,2922401.0,103736.0,9.379430402905415,1.6375411281681727,BR,Brazil,None,delphi_lookahead
2020-08-14,3275520,106523,2922659.0,103857.0,10.772671209456819,2.5027458858650244,BR,Brazil,None,delphi_lookahead
2020-08-15,3317096,107232,2922897.0,103971.0,11.883858652266923,3.041069829901522,BR,Brazil,None,delphi_lookahead
2020-08-16,3340197,107852,2923117.0,104081.0,12.486688659381468,3.4964581092608387,BR,Brazil,None,delphi_lookahead
2020-08-17,3359570,108536,2923320.0,104186.0,12.985292760680684,4.007886784108498,BR,Brazil,None,delphi_lookahead
2020-08-18,3407354,109888,2923507.0,104286.0,14.200080179517597,5.097917880023297,BR,Brazil,None,delphi_lookahead
2020-08-19,3456652,111100,2923677.0,104381.0,15.418821449194192,6.047704770477048,BR,Brazil,None,delphi_lookahead
2020-08-20,3501975,112304,2923833.0,104473.0,16.509027049022336,6.973037469725033,BR,Brazil,None,delphi_lookahead
2020-08-21,3532330,113358,2923976.0,104559.0,17.222456565496426,7.7621341237495365,BR,Brazil,None,delphi_lookahead
2020-08-22,3582362,114250,2924108.0,104642.0,18.374859938777824,8.409628008752735,BR,Brazil,None,delphi_lookahead
2020-08-23,3605783,114744,2924230.0,104721.0,18.90166435417772,8.735097259987452,BR,Brazil,None,delphi_lookahead
2020-08-24,3622861,115309,2924342.0,104797.0,19.28086669623814,9.116374263934299,BR,Brazil,None,delphi_lookahead
2020-08-25,3669995,116580,2924445.0,104869.0,20.3147415732174,10.045462343455139,BR,Brazil,None,delphi_lookahead
2020-08-26,3717156,117665,2924539.0,104937.0,21.323210540531527,10.817150384566354,BR,Brazil,None,delphi_lookahead
2020-08-27,3761391,118649,2924624.0,105003.0,22.246211574388305,11.501150452174059,BR,Brazil,None,delphi_lookahead
2020-08-28,3804803,119504,2924703.0,105065.0,23.13128958319261,12.082440755121167,BR,Brazil,None,delphi_lookahead
2020-08-29,3846153,120262,2924775.0,105125.0,23.955833270283318,12.586685736142755,BR,Brazil,None,delphi_lookahead
2020-08-30,3862311,120828,2924841.0,105181.0,24.27225565212123,12.94981295726156,BR,Brazil,None,delphi_lookahead
2020-08-31,3908272,121381,2924902.0,105235.0,25.161247733013465,13.301917103994858,BR,Brazil,None,delphi_lookahead
2020-09-01,3950931,122596,2924958.0,105287.0,25.967879469421256,14.118731443113969,BR,Brazil,None,delphi_lookahead
2020-09-02,3997865,123780,2925009.0,105336.0,26.835723567454128,14.900630150266602,BR,Brazil,None,delphi_lookahead
2020-09-03,4041638,124614,2925055.0,105383.0,27.626991828560598,15.4324554223442,BR,Brazil,None,delphi_lookahead
2020-09-04,4091801,125502,2925098.0,105427.0,28.513190157585868,15.995761023728704,BR,Brazil,None,delphi_lookahead
2020-09-05,4123000,126203,2925137.0,105470.0,29.05318942517584,16.428294097604653,BR,Brazil,None,delphi_lookahead
2020-09-06,4137521,126650,2925172.0,105510.0,29.30133768505344,16.691669956573232,BR,Brazil,None,delphi_lookahead
2020-09-07,4147794,126960,2925205.0,105549.0,29.475644161691733,16.86436672967864,BR,Brazil,None,delphi_lookahead
2020-09-08,4162073,127464,2925235.0,105586.0,29.71687425953365,17.164062009665475,BR,Brazil,None,delphi_lookahead
2020-09-09,4197889,128539,2925262.0,105621.0,30.315880195974692,17.829608134496144,BR,Brazil,None,delphi_lookahead
2020-09-10,4238446,129522,2925287.0,105654.0,30.98208635900988,18.427757446611388,BR,Brazil,None,delphi_lookahead
2020-09-11,4282164,130396,2925310.0,105686.0,31.686175494446267,18.94996779042302,BR,Brazil,None,delphi_lookahead
2020-09-12,4315687,131210,2925330.0,105716.0,32.21635396635576,19.42992149988568,BR,Brazil,None,delphi_lookahead
2020-09-13,4330455,131625,2925349.0,105745.0,32.44707542279045,19.661918328584996,BR,Brazil,None,delphi_lookahead
2020-09-14,4345610,132006,2925367.0,105772.0,32.68224714136795,19.873339090647395,BR,Brazil,None,delphi_lookahead
2020-09-15,4382263,133119,2925383.0,105798.0,33.244923912599496,20.523741915128568,BR,Brazil,None,delphi_lookahead
2020-06-15,888271,43959,504988.3281545434,31851.297309197704,43.14929473611731,27.543171343302387,BR,Brazil,None,delphi_constant
2020-06-16,923189,45241,508447.37127319403,32364.61368367199,44.92488848186081,28.461763259715767,BR,Brazil,None,delphi_constant
2020-06-17,955377,46510,511740.56746088323,32866.659712897395,46.43574552654259,29.33420831456161,BR,Brazil,None,delphi_constant
2020-06-18,978142,47748,514874.38387157593,33357.32175860204,47.36200021350929,30.138808413751278,BR,Brazil,None,delphi_constant
2020-06-19,1032913,48954,517855.584216796,33836.518752198725,49.86454965550865,30.880992866366945,BR,Brazil,None,delphi_constant
2020-06-20,1067579,49976,520690.9597244303,34304.20152751573,51.226938734798054,31.358649096534876,BR,Brazil,None,delphi_constant
2020-06-21,1083341,50591,523387.2463691764,34760.35070080923,51.68767300700551,31.29143385027134,BR,Brazil,None,delphi_constant
2020-06-22,1106470,51271,525950.9904661502,35204.97506656646,52.46586075843446,31.335501420751573,BR,Brazil,None,delphi_constant
2020-06-23,1145906,52645,528388.5476470017,35638.10934038246,53.88901466202274,32.3048545153719,BR,Brazil,None,delphi_constant
2020-06-24,1188631,53830,530705.9980266554,36059.81164050198,55.35149276548774,33.011681886490834,BR,Brazil,None,delphi_constant
2020-06-25,1228114,54971,532909.1936281568,36470.162070464066,56.60751415355929,33.65563284192744,BR,Brazil,None,delphi_constant
2020-06-26,1274974,55961,535003.7184584216,36869.25979098231,58.038068348184225,34.11615269387197,BR,Brazil,None,delphi_constant
2020-06-27,1313667,57070,536994.8908361259,37257.22098801422,59.12244953735415,34.71662697036233,BR,Brazil,None,delphi_constant
2020-06-28,1344143,57622,538887.7925251388,37634.17841437814,59.90844779721065,34.68783031762497,BR,Brazil,None,delphi_constant
2020-06-29,1368195,58314,540687.2591921757,38000.27802637764,60.48171063392457,34.83506872041425,BR,Brazil,None,delphi_constant
2020-06-30,1402041,59594,542397.8888061849,38355.677137117054,61.31369276603289,35.63835765829269,BR,Brazil,None,delphi_constant
2020-07-01,1448753,60632,544024.0606062115,38700.544360547516,62.44880524104444,36.1714204371495,BR,Brazil,None,delphi_constant
2020-07-02,1496858,61884,545569.9353447352,39035.058596285795,63.552325247636375,36.922211563108725,BR,Brazil,None,delphi_constant
2020-07-03,1539081,63174,547039.4752553653,39359.40522774003,64.4567455997855,37.696829031341956,BR,Brazil,None,delphi_constant
2020-07-04,1577004,64265,548436.4480700205,39673.7757395503,65.22288795272425,38.2653454609036,BR,Brazil,None,delphi_constant
2020-07-05,1603055,64867,549764.4368813401,39978.36790242865,65.70520432041694,38.368711513668515,BR,Brazil,None,delphi_constant
2020-07-06,1623284,65487,551026.8384501109,40273.38557072173,66.05480997471108,38.5017093916018,BR,Brazil,None,delphi_constant
2020-07-07,1668589,66741,552226.8897900766,40559.035055607106,66.90455889436663,39.22920685095053,BR,Brazil,None,delphi_constant
2020-07-08,1713160,67964,553367.6731421524,40835.5246514754,67.69900808201497,39.91594866182773,BR,Brazil,None,delphi_constant
2020-07-09,1755779,69184,554452.118441438,41103.06467009525,68.42130368107617,40.58877100182809,BR,Brazil,None,delphi_constant
2020-07-10,1800827,70398,555483.0031414496,41361.86820329139,69.15400517976187,41.245677145243626,BR,Brazil,None,delphi_constant
2020-07-11,1839850,71469,556462.9655724944,41612.14909389112,69.75498189675818,41.77594608306941,BR,Brazil,None,delphi_constant
2020-07-12,1864681,72100,557394.5220609938,41854.1203706897,70.10778132769123,41.949902398488625,BR,Brazil,None,delphi_constant
2020-07-13,1884967,72833,558280.0672694875,42087.99422856216,70.38250180138498,42.21301576406003,BR,Brazil,None,delphi_constant
2020-07-14,1926824,74133,559121.8765312241,42313.98223690924,70.98220301744091,42.92152990313458,BR,Brazil,None,delphi_constant
2020-07-15,1966748,75366,559922.1029354248,42532.29577804743,71.53056197665258,43.56567181746752,BR,Brazil,None,delphi_constant
2020-07-16,2012151,76688,560682.79655417,42743.14415933005,72.1351530499366,44.26358209976783,BR,Brazil,None,delphi_constant
2020-07-17,2046328,77851,561405.9122916957,42946.734095809705,72.56520399996013,44.834704633454024,BR,Brazil,None,delphi_constant
2020-07-18,2074860,78772,562093.3099952758,43143.26971039183,72.90933797965762,45.23019637638776,BR,Brazil,None,delphi_constant
2020-07-19,2098389,79488,562746.7559290031,43332.95284200768,73.18196216578514,45.4849123867657,BR,Brazil,None,delphi_constant
2020-07-20,2118646,80120,563367.9205115297,43515.983191428655,73.40905840279454,45.686491273803476,BR,Brazil,None,delphi_constant
2020-07-21,2159654,81487,563958.3957502248,43692.55707996407,73.88663203688068,46.38094778312606,BR,Brazil,None,delphi_constant
2020-07-22,2227514,82771,564519.699772797,43862.86725484169,74.65696288450725,47.006962275625895,BR,Brazil,None,delphi_constant
2020-07-23,2287475,84082,565053.2768910123,44027.10289066503,75.29794743588401,47.63789765863677,BR,Brazil,None,delphi_constant
2020-07-24,2343366,85238,565560.4987617224,44185.44986813562,75.86546451720635,48.16226346449281,BR,Brazil,None,delphi_constant
2020-07-25,2394513,86449,566042.6617921472,44338.090899624185,76.36084407175291,48.71185219074346,BR,Brazil,None,delphi_constant
2020-07-26,2419091,87004,566501.0013368186,44485.20478935499,76.58207147491274,48.869931509637496,BR,Brazil,None,delphi_constant
2020-07-27,2442375,87618,566936.6958583345,44626.96634348123,76.7874836641247,49.06644029368254,BR,Brazil,None,delphi_constant
2020-07-28,2483191,88539,567350.8669273598,44763.5463700851,77.15234684213338,49.442001411711104,BR,Brazil,None,delphi_constant
2020-07-29,2552265,90134,567744.5801533925,44895.11185364037,77.75526521919187,50.190702893868725,BR,Brazil,None,delphi_constant
2020-07-30,2610102,91263,568118.8425270331,45021.82617839965,78.2338451705323,50.668040522008205,BR,Brazil,None,delphi_constant
2020-07-31,2662485,92475,568474.6118043984,45143.84870455294,78.64872058229818,51.18264535868836,BR,Brazil,None,delphi_constant
2020-08-01,2707877,93563,568812.8022646848,45261.334753755735,78.99414182163056,51.62475043152129,BR,Brazil,None,delphi_constant
2020-08-02,2733677,94104,569134.2847143157,45374.435609271546,79.18063162859711,51.782670652393584,BR,Brazil,None,delphi_constant
2020-08-03,2750318,94665,569439.8869083326,45483.29857734598,79.29548921585312,51.95341617562354,BR,Brazil,None,delphi_constant
2020-08-04,2801921,95819,569730.3923540433,45588.06726762352,79.66643626447558,52.42272694598825,BR,Brazil,None,delphi_constant
2020-08-05,2859073,97256,570006.543190973,45688.88136382751,80.0632392670291,53.02204351008935,BR,Brazil,None,delphi_constant
2020-08-06,2912212,98493,570269.0481655234,45785.87670090292,80.41801049629892,53.51357284182336,BR,Brazil,None,delphi_constant
2020-08-07,2962442,99572,570518.5830250739,45879.18528139333,80.74161171678386,53.923607759818694,BR,Brazil,None,delphi_constant
2020-08-08,3012412,100477,570755.7905496566,45968.93527888322,81.05319622449862,54.24929558119448,BR,Brazil,None,delphi_constant
2020-08-09,3035422,101049,570981.2809181159,46055.25124526059,81.18939373444233,54.42285302649152,BR,Brazil,None,delphi_constant
2020-08-10,3057470,101752,571195.6300202421,46138.25405112204,81.31802993912476,54.656169853052475,BR,Brazil,None,delphi_constant
2020-08-11,3109630,103026,571399.3867225226,46218.06097484676,81.62484325393945,55.13942017078528,BR,Brazil,None,delphi_constant
2020-08-12,3164785,104201,571593.0749641471,46294.78580895325,81.93896030965304,55.57164920782598,BR,Brazil,None,delphi_constant
2020-08-13,3224876,105463,571777.1937570072,46368.53886009937,82.26979289259471,56.03335875131623,BR,Brazil,None,delphi_constant
2020-08-14,3275520,106523,571952.2173993568,46439.426997857816,82.53858265559798,56.404319257007586,BR,Brazil,None,delphi_constant
2020-08-15,3317096,107232,572118.5946345433,46507.55380166696,82.75242577741064,56.629034428466355,BR,Brazil,None,delphi_constant
2020-08-16,3340197,107852,572276.7503317308,46573.01947684992,82.86697609956147,56.817658015753146,BR,Brazil,None,delphi_constant
2020-08-17,3359570,108536,572427.0903273945,46635.921128471586,82.96129890648521,57.031840929763774,BR,Brazil,None,delphi_constant
2020-08-18,3407354,109888,572570.0016785706,46696.35278517691,83.19605178450578,57.50550307114798,BR,Brazil,None,delphi_constant
2020-08-19,3456652,111100,572705.8526628887,46754.40539919587,83.43177581478007,57.916826823406055,BR,Brazil,None,delphi_constant
2020-08-20,3501975,112304,572834.9929933975,46810.166958214955,83.64251620889934,58.31834399646054,BR,Brazil,None,delphi_constant
2020-08-21,3532330,113358,572957.7526853873,46863.72244730502,83.77960856756341,58.658654486401474,BR,Brazil,None,delphi_constant
2020-08-22,3582362,114250,573074.4458117178,46915.15401964049,84.00288843473335,58.936407860270904,BR,Brazil,None,delphi_constant
2020-08-23,3605783,114744,573185.3723062992,46964.54117169892,84.1037197106343,59.07015515260151,BR,Brazil,None,delphi_constant
2020-08-24,3622861,115309,573290.8179640908,47011.96074326105,84.17574348107502,59.22958247555607,BR,Brazil,None,delphi_constant
2020-08-25,3669995,116580,573391.0545040169,47057.48693311364,84.37624425907892,59.63502579077574,BR,Brazil,None,delphi_constant
2020-08-26,3717156,117665,573486.3393320509,47101.191390771135,84.57190552852636,59.97009187883302,BR,Brazil,None,delphi_constant
2020-08-27,3761391,118649,573576.9157023473,47143.14315894627,84.750936137659,60.26671682108886,BR,Brazil,None,delphi_constant
2020-08-28,3804803,119504,573663.0158549035,47183.40897310225,84.92266180785435,60.517297351467526,BR,Brazil,None,delphi_constant
2020-08-29,3846153,120262,573744.8613749247,47222.05331026189,85.08263032243062,60.734019631918734,BR,Brazil,None,delphi_constant
2020-08-30,3862311,120828,573822.6631928235,47259.13838900769,85.14302283806707,60.8872625641344,BR,Brazil,None,delphi_constant
2020-08-31,3908272,121381,573896.6216824938,47294.724216047405,85.31584747216944,61.03613892120892,BR,Brazil,None,delphi_constant
2020-09-01,3950931,122596,573966.9261079315,47328.86858024404,85.47261579339322,61.39444306482753,BR,Brazil,None,delphi_constant
2020-09-02,3997865,123780,574033.7562119794,47361.62716674318,85.64149224118425,61.73725386432123,BR,Brazil,None,delphi_constant
2020-09-03,4041638,124614,574097.2836782262,47393.053759853894,85.79543037555005,61.968114529784856,BR,Brazil,None,delphi_constant
2020-09-04,4091801,125502,574157.6721465352,47423.200245960485,85.9680939482019,62.213191625662944,BR,Brazil,None,delphi_constant
2020-09-05,4123000,126203,574215.0772326612,47452.11661891307,86.0728819492442,62.4001674929177,BR,Brazil,None,delphi_constant
2020-09-06,4137521,126650,574269.6464798886,47479.85103284496,86.12044152815444,62.51097431279513,BR,Brazil,None,delphi_constant
2020-09-07,4147794,126960,574321.5192392633,47506.44975922037,86.15356695054616,62.5815613112631,BR,Brazil,None,delphi_constant
2020-09-08,4162073,127464,574370.828469523,47531.95743350025,86.19988576679162,62.709504304352414,BR,Brazil,None,delphi_constant
2020-09-09,4197889,128539,574417.7010435109,47556.417109831644,86.31651048792594,63.002343950216165,BR,Brazil,None,delphi_constant
2020-09-10,4238446,129522,574462.2577481756,47579.870261047676,86.44639432121643,63.2650281334077,BR,Brazil,None,delphi_constant
2020-09-11,4282164,130396,574504.6132621403,47602.356792804625,86.58377835920949,63.494005343105144,BR,Brazil,None,delphi_constant
2020-09-12,4315687,131210,574544.876008412,47623.91505418296,86.68705872301648,63.704050717031514,BR,Brazil,None,delphi_constant
2020-09-13,4330455,131625,574583.1491230282,47644.58195541295,86.73157557062646,63.80278673852767,BR,Brazil,None,delphi_constant
2020-09-14,4345610,132006,574619.530998972,47664.39307528791,86.77701102954539,63.89225256784699,BR,Brazil,None,delphi_constant
2020-09-15,4382263,133119,574654.1152913693,47683.38266289773,86.88681817382094,64.17988216340437,BR,Brazil,None,delphi_constant
2020-06-15,888271,43959,504988.3586441211,31851.297201566882,43.14929130365383,27.54317158814604,BR,Brazil,None,themis
2020-06-16,923189,45241,508475.2124660119,32364.643436126385,44.921872718802774,28.461697495355132,BR,Brazil,None,themis
2020-06-17,955377,46510,511937.8137467823,32867.083895949145,46.41509961546256,29.333296289079456,BR,Brazil,None,themis
2020-06-18,978142,47748,515471.21078012453,33359.26236777245,47.30098382646645,30.134744140545262,BR,Brazil,None,themis
2020-06-19,1032913,48954,519135.6410791505,33842.10072707236,49.74062277470121,30.86959037653234,BR,Brazil,None,themis
2020-06-20,1067579,49976,522971.39432322746,34316.67675915209,51.013330692789246,31.333686651288435,BR,Brazil,None,themis
2020-06-21,1083341,50591,527007.4715716913,34784.15460540191,51.35350073783865,31.244382191690395,BR,Brazil,None,themis
2020-06-22,1106470,51271,531266.6385932867,35245.745800790406,51.98544573343275,31.25598135244016,BR,Brazil,None,themis
2020-06-23,1145906,52645,535768.3897252842,35702.6880642544,53.24499655946612,32.18218622043043,BR,Brazil,None,themis
2020-06-24,1188631,53830,540530.6587260233,36156.23470930892,54.52494014323845,32.83255673544693,BR,Brazil,None,themis
2020-06-25,1228114,54971,545570.8542743041,36607.64977299431,55.57653000663586,33.40552332503628,BR,Brazil,None,themis
2020-06-26,1274974,55961,550906.5248763246,37058.206541647174,56.79076397822037,33.778512639789895,BR,Brazil,None,themis
2020-06-27,1313667,57070,556555.6467743774,37509.18883856884,57.633430178699975,34.275120310900924,BR,Brazil,None,themis
2020-06-28,1344143,57622,562536.9896492424,37961.89251984513,58.14902211675079,34.11909944145442,BR,Brazil,None,themis
2020-06-29,1368195,58314,568870.1520261567,38417.62853304104,58.42185126928862,34.119373507149156,BR,Brazil,None,themis
2020-06-30,1402041,59594,575575.8205864631,38877.72618516799,58.94729037264509,34.7623482478639,BR,Brazil,None,themis
2020-07-01,1448753,60632,582675.7499493097,39343.53607096705,59.78087707502178,35.11093800143975,BR,Brazil,None,themis
2020-07-02,1496858,61884,590192.9040660532,39816.43441624681,60.571216236539925,35.659565612683714,BR,Brazil,None,themis
2020-07-03,1539081,63174,598151.5919695785,40297.82712929087,61.13579519404252,36.21137314513745,BR,Brazil,None,themis
2020-07-04,1577004,64265,606577.4057293216,40789.15224229177,61.53608958954311,36.52975610006727,BR,Brazil,None,themis
2020-07-05,1603055,64867,615497.3756325084,41291.88528443938,61.604725001169115,36.34377220398758,BR,Brazil,None,themis
2020-07-06,1623284,65487,624940.135874759,41807.54444581165,61.501491059188716,36.15901713956717,BR,Brazil,None,themis
2020-07-07,1668589,66741,634935.9239646525,42337.69340818106,61.947734045672576,36.56419081496971,BR,Brazil,None,themis
2020-07-08,1713160,67964,645516.5004660848,42883.94409496424,62.32012768999482,36.90197149231323,BR,Brazil,None,themis
2020-07-09,1755779,69184,656715.4967501308,43447.96541756842,62.59691585614529,37.19940243760346,BR,Brazil,None,themis
2020-07-10,1800827,70398,668568.5195124106,44031.486282039936,62.874361639823775,37.45349827830346,BR,Brazil,None,themis
2020-07-11,1839850,71469,681113.1019276737,44636.29943181533,62.979965653304696,37.54453059114395,BR,Brazil,None,themis
2020-07-12,1864681,72100,694388.6158548865,45264.26575365609,62.76099687534295,37.22015845540071,BR,Brazil,None,themis
2020-07-13,1884967,72833,708436.7411206679,45917.32297313893,62.416491051532056,36.95533209789665,BR,Brazil,None,themis
2020-07-14,1926824,74133,723301.5793936611,46597.48888114122,62.46146096407035,37.14339244177193,BR,Brazil,None,themis
2020-07-15,1966748,75366,739029.5253793328,47306.86642356582,62.42378152262859,37.23049329463442,BR,Brazil,None,themis
2020-07-16,2012151,76688,755669.2167284975,48047.64917636844,62.44470635014482,37.34658724133054,BR,Brazil,None,themis
2020-07-17,2046328,77851,773272.1184847088,48822.13017429863,62.2117217530763,37.28772889969476,BR,Brazil,None,themis
2020-07-18,2074860,78772,791892.6062839633,49632.70502854741,61.83392584155253,36.991945071158014,BR,Brazil,None,themis
2020-07-19,2098389,79488,811587.6723656806,50481.8791932446,61.323297426469516,36.491194654231336,BR,Brazil,None,themis
2020-07-20,2118646,80120,832417.1388994448,51372.27450377335,60.70994687647465,35.88083561685803,BR,Brazil,None,themis
2020-07-21,2159654,81487,854444.2578781887,52306.63738323021,60.436057911212224,35.809837908831824,BR,Brazil,None,themis
2020-07-22,2227514,82771,877735.6412185187,53287.84283758961,60.595729534426326,35.620153389967975,BR,Brazil,None,themis
2020-07-23,2287475,84082,902360.8135116553,54318.90396505078,60.552101618087406,35.3977022846141,BR,Brazil,None,themis
2020-07-24,2343366,85238,928392.9832142083,55402.979426363425,60.382075048703086,35.00201855233179,BR,Brazil,None,themis
2020-07-25,2394513,86449,955909.3907276525,56543.379224893084,60.07917306242846,34.593368084196364,BR,Brazil,None,themis
2020-07-26,2419091,87004,984990.7825104896,57743.573701647896,59.2826072888333,33.631127647409436,BR,Brazil,None,themis
2020-07-27,2442375,87618,1015721.5314215383,59007.20201132743,58.41254797393772,32.65401856772875,BR,Brazil,None,themis
2020-07-28,2483191,88539,1048190.5913502108,60338.07950736565,57.78856353175367,31.85141066946131,BR,Brazil,None,themis
2020-07-29,2552265,90134,1082491.2229437034,61740.204576427815,57.587036497240554,31.501758962846633,BR,Brazil,None,themis
2020-07-30,2610102,91263,1118720.309405094,63217.77074801513,57.138827930667304,30.730119820721292,BR,Brazil,None,themis
2020-07-31,2662485,92475,1156979.6505539825,64775.17297175402,56.545120421186134,29.95385458582966,BR,Brazil,None,themis
2020-08-01,2707877,93563,1197376.0893512843,66417.01360369583,55.781740110378564,29.01359126610324,BR,Brazil,None,themis
2020-08-02,2733677,94104,1240020.3198277652,68148.11721871143,54.63910623574895,27.582124863224276,BR,Brazil,None,themis
2020-08-03,2750318,94665,1285028.0379748994,69973.53594215414,53.277110575035344,26.082991663070686,BR,Brazil,None,themis
2020-08-04,2801921,95819,1332520.5936666592,71898.55457664278,52.44260656647138,24.96419856537557,BR,Brazil,None,themis
2020-08-05,2859073,97256,1382623.4841331076,73928.70645962156,51.6408470810956,23.98545440937159,BR,Brazil,None,themis
2020-08-06,2912212,98493,1435467.1432316087,76069.77920601267,50.708700354520595,22.76630907169782,BR,Brazil,None,themis
2020-08-07,2962442,99572,1491188.1095331148,78327.81724988596,49.663550897093856,21.335498684483625,BR,Brazil,None,themis
2020-08-08,3012412,100477,1549927.2064251404,80709.13889116303,48.54863124880858,19.67401605226765,BR,Brazil,None,themis
2020-08-09,3035422,101049,1611830.0451349965,83220.3417036434,46.899309383176494,17.64357717182417,BR,Brazil,None,themis
2020-08-10,3057470,101752,1677048.5910184844,85868.30130444413,45.14913994189691,15.610207853954583,BR,Brazil,None,themis
2020-08-11,3109630,103026,1745738.8661319702,88660.19038931085,43.86023848072053,13.943868160162626,BR,Brazil,None,themis
2020-08-12,3164785,104201,1818061.467485756,91603.4811599058,42.553397229645746,12.089633343340465,BR,Brazil,None,themis
2020-08-13,3224876,105463,1894183.1779538547,94705.94075569381,41.26337949261135,10.199841882277378,BR,Brazil,None,themis
2020-08-14,3275520,106523,1974274.3736321523,97975.65048675057,39.7263831809254,8.0239474228565,BR,Brazil,None,themis
2020-08-15,3317096,107232,2058510.011019283,101421.00143487597,37.94240471125095,5.4190899779207955,BR,Brazil,None,themis
2020-08-16,3340197,107852,2147557.3601496974,105051.21533121818,35.70566765524018,2.5968778221839406,BR,Brazil,None,themis
2020-08-17,3359570,108536,2243675.374876319,108881.29151547891,33.21540033765277,0.31813547162131267,BR,Brazil,None,themis
2020-08-18,3407354,109888,2348924.4729717737,112934.74170502035,31.063092564735754,2.7725881852616765,BR,Brazil,None,themis
2020-08-19,3456652,111100,2464970.041993681,117241.42627286306,28.68908869062663,5.527836429219673,BR,Brazil,None,themis
2020-08-20,3501975,112304,2593300.0471744696,121836.12209307714,25.9474997058954,8.487785023754398,BR,Brazil,None,themis
2020-08-21,3532330,113358,2735344.678277685,126757.82994534366,22.56259527627133,11.820806599749169,BR,Brazil,None,themis
2020-08-22,3582362,114250,2892541.1968229855,132049.48194324403,19.256032840260545,15.579415267609653,BR,Brazil,None,themis
2020-08-23,3605783,114744,3066368.085475033,137757.8554051765,14.95971650332166,20.05669612805593,BR,Brazil,None,themis
2020-08-24,3622861,115309,3258361.5620841845,143933.5857568791,10.061093647142838,24.824242476197952,BR,Brazil,None,themis
2020-08-25,3669995,116580,3470115.850910217,150631.2336681356,5.446305760356158,29.208469435697026,BR,Brazil,None,themis
2020-08-26,3717156,117665,3703282.6447521127,157909.31444922608,0.3732249937287355,34.202451408002446,BR,Brazil,None,themis
2020-08-27,3761391,118649,3959556.29333882,165830.3182214039,5.268404516808274,39.76545796543072,BR,Brazil,None,themis
2020-08-28,3804803,119504,4240657.037193228,174460.6700615233,11.455364106715317,45.98730591572106,BR,Brazil,None,themis
2020-08-29,3846153,120262,4548311.070488348,183870.5655127335,18.256113849042084,52.89165780773104,BR,Brazil,None,themis
2020-08-30,3862311,120828,4884214.062577772,194133.80623943554,26.458331878965,60.66955195768823,BR,Brazil,None,themis
2020-08-31,3908272,121381,5250009.089571784,205327.36163172245,34.33069882474363,69.15939202323466,BR,Brazil,None,themis
2020-09-01,3950931,122596,5647231.837170799,217530.9965138827,42.934205562456015,77.43727080319319,BR,Brazil,None,themis
2020-09-02,3997865,123780,6077282.078376973,230826.54345609082,52.01318899905257,86.48129217651544,BR,Brazil,None,themis
2020-09-03,4041638,124614,6541363.520748847,245297.18009373834,61.8493175477083,96.84560329797482,BR,Brazil,None,themis
2020-09-04,4091801,125502,7040438.2048750855,261026.48345962938,72.06208720500057,107.98591533173128,BR,Brazil,None,themis
2020-09-05,4123000,126203,7575179.964443096,278097.23634944553,83.72980752954392,120.3570726127315,BR,Brazil,None,themis
2020-09-06,4137521,126650,8145909.829050183,296590.31264822045,96.8789966032845,134.1810601249273,BR,Brazil,None,themis
2020-09-07,4147794,126960,8752569.149135077,316583.1029954229,111.01745046005365,149.35657135745345,BR,Brazil,None,themis
2020-09-08,4162073,127464,9394661.550804755,338148.140700111,125.7207298095145,165.28913316709895,BR,Brazil,None,themis
2020-09-09,4197889,128539,10071230.321725208,361351.478452313,139.91178236788082,181.12205513681684,BR,Brazil,None,themis
2020-09-10,4238446,129522,10780843.946082482,386250.992106903,154.35841216527194,198.21265275930187,BR,Brazil,None,themis
2020-09-11,4282164,130396,11521571.53159579,412894.98339219793,169.05955800842264,216.64697029985422,BR,Brazil,None,themis
2020-09-12,4315687,131210,12291016.40263785,441320.456004156,184.7986057060637,236.34666260510326,BR,Brazil,None,themis
2020-09-13,4330455,131625,13086320.009995358,471551.9312382478,202.1927259374675,258.2540788134836,BR,Brazil,None,themis
2020-09-14,4345610,132006,13904211.876168344,503600.2207099108,219.9599567418232,281.497977902452,BR,Brazil,None,themis
2020-09-15,4382263,133119,14741069.862363955,537461.4713099237,236.38030995318982,303.7451237689013,BR,Brazil,None,themis
2020-06-15,888271,43959,1631360.9883084095,83324.8999397392,83.65577490522706,89.55140003125459,BR,Brazil,None,seir
2020-06-16,923189,45241,1746688.3491014796,89232.44411813964,89.2015989251908,97.23800118949546,BR,Brazil,None,seir
2020-06-17,955377,46510,1870058.1797727093,95554.84294325202,95.74033913028148,105.4501030815997,BR,Brazil,None,seir
2020-06-18,978142,47748,2002020.5080693692,102320.59215452883,104.67585565995216,114.29293824773568,BR,Brazil,None,seir
2020-06-19,1032913,48954,2143160.3038384635,109559.96869955986,107.48701041021495,123.80187257335429,BR,Brazil,None,seir
2020-06-20,1067579,49976,2294099.6834767833,117305.51466373721,114.88804889163082,134.72369670189133,BR,Brazil,None,seir
2020-06-21,1083341,50591,2455498.0049751736,125592.04518404897,126.65975025178346,148.24977799222978,BR,Brazil,None,seir
2020-06-22,1106470,51271,2628051.891108055,134456.64991972127,137.51677778051416,162.2469815679844,BR,Brazil,None,seir
2020-06-23,1145906,52645,2812503.4325554734,143938.80210298786,145.43927971015717,173.4140034248036,BR,Brazil,None,seir
2020-06-24,1188631,53830,3009648.902177363,154080.00276202607,153.20296224626173,186.23444689211604,BR,Brazil,None,seir
2020-06-25,1228114,54971,3220331.385558835,164924.5496484702,162.2176268293363,200.0210104390864,BR,Brazil,None,seir
2020-06-26,1274974,55961,3445441.4453407526,176519.8926005123,170.23621229458425,215.43377102001804,BR,Brazil,None,seir
2020-06-27,1313667,57070,3685917.12121973,188916.63354290207,180.5823029138838,231.02616706308402,BR,Brazil,None,seir
2020-06-28,1344143,57622,3942746.429716964,202168.55733615338,193.32789961462166,250.85307232680813,BR,Brazil,None,seir
2020-06-29,1368195,58314,4216989.234944599,216332.2482562812,208.2155127700802,270.97823551168017,BR,Brazil,None,seir
2020-06-30,1402041,59594,4509769.796330044,231467.35539947494,221.65748336389908,288.4071473629475,BR,Brazil,None,seir
2020-07-01,1448753,60632,4822267.662250752,247637.64984590828,232.85644014202225,308.42731535477685,BR,Brazil,None,seir
2020-07-02,1496858,61884,5155717.796455821,264911.076199889,244.43599836830353,328.0768473270781,BR,Brazil,None,seir
2020-07-03,1539081,63174,5511411.722665882,283359.7551140885,258.0975739851172,348.53856826239985,BR,Brazil,None,seir
2020-07-04,1577004,64265,5890724.99579939,303059.3310086438,273.5390015370532,371.5775787888334,BR,Brazil,None,seir
2020-07-05,1603055,64867,6295118.0834976155,324088.9180128881,292.6950780539417,399.6206360905978,BR,Brazil,None,seir
2020-07-06,1623284,65487,6726109.003417002,346532.7098532118,314.35195587568177,429.16259693253903,BR,Brazil,None,seir
2020-07-07,1668589,66741,7185272.149079503,370480.12331869174,330.619652237879,455.10124708753506,BR,Brazil,None,seir
2020-07-08,1713160,67964,7674240.56055579,396025.7392178102,347.95819191177645,482.69928082192075,BR,Brazil,None,seir
2020-07-09,1755779,69184,8194748.109500634,423267.8466456147,366.73004458423486,511.80019461958653,BR,Brazil,None,seir
2020-07-10,1800827,70398,8748618.748137916,452308.82447255484,385.81117165268597,542.502378579725,BR,Brazil,None,seir
2020-07-11,1839850,71469,9337721.827081282,483257.05786912545,407.52625632966175,576.1771647415319,BR,Brazil,None,seir
2020-07-12,1864681,72100,9963970.389978599,516227.0305253789,434.35254555490184,615.9875596745893,BR,Brazil,None,seir
2020-07-13,1884967,72833,10629334.448722031,551338.7164152081,463.9002936773976,656.9902604797386,BR,Brazil,None,seir
2020-07-14,1926824,74133,11335905.889531149,588714.8490684496,488.32077499196333,694.1333131917629,BR,Brazil,None,seir
2020-07-15,1966748,75366,12085825.392005049,628483.4101276062,514.508080954197,733.9084071432825,BR,Brazil,None,seir
2020-07-16,2012151,76688,12881243.089320892,670778.8853738855,540.1727847125237,774.6855901495481,BR,Brazil,None,seir
2020-07-17,2046328,77851,13724320.462080572,715742.1115960496,570.6803827187318,819.3743325018941,BR,Brazil,None,seir
2020-07-18,2074860,78772,14617302.495597951,763516.706593095,604.4958452906678,869.2742428694143,BR,Brazil,None,seir
2020-07-19,2098389,79488,15562506.248073235,814248.8688638437,641.6406704416214,924.3670351044733,BR,Brazil,None,seir
2020-07-20,2118646,80120,16562202.25784945,868090.739132955,681.735233627961,983.4881916287505,BR,Brazil,None,seir
2020-07-21,2159654,81487,17618606.97035816,925200.5016113737,715.8069288116596,1035.3964455819626,BR,Brazil,None,seir
2020-07-22,2227514,82771,18733947.97204085,985738.6424529756,741.0249260853512,1090.9227174408618,BR,Brazil,None,seir
2020-07-23,2287475,84082,19910518.65357712,1049864.5654135158,770.4146997705819,1148.6198775166097,BR,Brazil,None,seir
2020-07-24,2343366,85238,21150489.696741924,1117741.6336256189,802.5687705950297,1211.3184655032014,BR,Brazil,None,seir
2020-07-25,2394513,86449,22455880.40532273,1189537.647780572,837.8057419326072,1275.9993149493598,BR,Brazil,None,seir
2020-07-26,2419091,87004,23828635.527051143,1265420.2161364357,885.0243553074747,1354.439124794763,BR,Brazil,None,seir
2020-07-27,2442375,87618,25270715.704690073,1345551.1000076246,934.677955051541,1435.7016823114252,BR,Brazil,None,seir
2020-07-28,2483191,88539,26783847.63905056,1430092.7032134112,978.6060210048506,1515.212170019326,BR,Brazil,None,seir
2020-07-29,2552265,90134,28369479.54073518,1519208.741728898,1011.5412992277518,1585.5001905262143,BR,Brazil,None,seir
2020-07-30,2610102,91263,30028905.28501169,1613057.0898957332,1050.4878079481832,1667.4819914924265,BR,Brazil,None,seir
2020-07-31,2662485,92475,31763338.71729119,1711783.9194453247,1092.9959687018404,1751.0775014277638,BR,Brazil,None,seir
2020-08-01,2707877,93563,33573608.90841707,1815531.712374443,1139.8498494731139,1840.4376862375543,BR,Brazil,None,seir
2020-08-02,2733677,94104,35460128.86247351,1924439.3441399713,1197.158693674253,1945.0133300815814,BR,Brazil,None,seir
2020-08-03,2750318,94665,37423117.392761104,2038630.241764489,1260.6832879965555,2053.520563845655,BR,Brazil,None,seir
2020-08-04,2801921,95819,39462557.681719705,2158210.53977328,1308.4107896589414,2152.38265873499,BR,Brazil,None,seir
2020-08-05,2859073,97256,41577889.1235141,2283277.6816432616,1354.243704988089,2247.698529286894,BR,Brazil,None,seir
2020-08-06,2912212,98493,43768038.479533084,2413918.1059810827,1402.9138840006526,2350.852452439344,BR,Brazil,None,seir
2020-08-07,2962442,99572,46031753.351233855,2550190.4279371584,1453.8448803802355,2461.152159178442,BR,Brazil,None,seir
2020-08-08,3012412,100477,48367339.89712691,2692132.88332396,1505.6017535824087,2579.3523725071013,BR,Brazil,None,seir
2020-08-09,3035422,101049,50772450.617474735,2839769.8408073755,1572.6653037855933,2710.2898997589045,BR,Brazil,None,seir
2020-08-10,3057470,101752,53244269.81161509,2993103.1676414004,1641.448642557902,2841.5669152855967,BR,Brazil,None,seir
2020-08-11,3109630,103026,55779800.575252034,3152098.02740173,1693.7761269106622,2959.517041719304,BR,Brazil,None,seir
2020-08-12,3164785,104201,58375445.596078895,3316698.88432382,1744.531163920421,3082.981818143607,BR,Brazil,None,seir
2020-08-13,3224876,105463,61026957.85610503,3486831.2572852336,1792.381532068366,3206.2128493265254,BR,Brazil,None,seir
2020-08-14,3275520,106523,63729859.46951753,3662383.997123461,1845.6409812645788,3338.1157093993424,BR,Brazil,None,seir
2020-08-15,3317096,107232,66479400.88313455,3843211.0637511965,1904.14461574626,3484.015092277675,BR,Brazil,None,seir
2020-08-16,3340197,107852,69270241.28328277,4029146.644865157,1973.8370007302794,3635.810782243405,BR,Brazil,None,seir
2020-08-17,3359570,108536,72096590.83326809,4220000.135853733,2046.0065077753432,3788.1109823963784,BR,Brazil,None,seir
2020-08-18,3407354,109888,74952699.10181992,4415537.088228173,2099.733256415973,3918.215900032918,BR,Brazil,None,seir
2020-08-19,3456652,111100,77832493.58564495,4615498.844913477,2151.6728205687164,4054.3643968618157,BR,Brazil,None,seir
2020-08-20,3501975,112304,80729480.96462795,4819609.587027791,2205.2557760871496,4191.574286782119,BR,Brazil,None,seir
2020-08-21,3532330,113358,83637136.70216127,5027562.576381845,2267.761129400743,4335.119335540364,BR,Brazil,None,seir
2020-08-22,3582362,114250,86549081.28864247,5239016.662829626,2315.9780973738125,4485.5725714044875,BR,Brazil,None,seir
2020-08-23,3605783,114744,89458745.96560016,5453618.328050095,2380.9797474113157,4652.857080152422,BR,Brazil,None,seir
2020-08-24,3622861,115309,92359430.91427262,5671001.434197901,2449.3506627572137,4818.090898540358,BR,Brazil,None,seir
2020-08-25,3669995,116580,95244803.74121201,5890770.349605903,2495.2297957139454,4952.98537451184,BR,Brazil,None,seir
2020-08-26,3717156,117665,98108725.04760328,6112514.494280201,2539.3491434742928,5094.845106259467,BR,Brazil,None,seir
2020-08-27,3761391,118649,100945092.77079949,6335821.865204422,2583.7170815477434,5239.970724746456,BR,Brazil,None,seir
2020-08-28,3804803,119504,103748000.29752356,6560274.541107599,2626.764047902705,5389.585738642722,BR,Brazil,None,seir
2020-08-29,3846153,120262,106512108.92430133,6785437.384252862,2669.3154412812314,5542.212323304836,BR,Brazil,None,seir
2020-08-30,3862311,120828,109232360.5177849,7010878.520934883,2728.160666445164,5702.362466427387,BR,Brazil,None,seir
2020-08-31,3908272,121381,111903937.0549678,7236175.174189858,2763.258674293084,5861.538605045154,BR,Brazil,None,seir
2020-09-01,3950931,122596,114522429.1065192,7460908.472940036,2798.6188092507614,5985.768273793628,BR,Brazil,None,seir
2020-09-02,3997865,123780,117084029.33232339,7684658.9346457245,2828.663907668803,6108.3203543752825,BR,Brazil,None,seir
2020-09-03,4041638,124614,119585299.92867483,7907022.5950371595,2858.8325309855763,6245.212090966633,BR,Brazil,None,seir
2020-09-04,4091801,125502,122023164.81843314,8127613.409491825,2882.138300920136,6376.082779152383,BR,Brazil,None,seir
2020-09-05,4123000,126203,124394988.66158389,8346060.44704063,2917.0989246079043,6513.2028929903645,BR,Brazil,None,seir
2020-09-06,4137521,126650,126698682.33012977,8562006.399077475,2962.188260316498,6660.36825825304,BR,Brazil,None,seir
2020-09-07,4147794,126960,128932538.96474461,8775116.616035728,3008.46052057418,6811.717561464813,BR,Brazil,None,seir
2020-09-08,4162073,127464,131095247.20683803,8985078.89760566,3049.7584786917005,6949.111041239613,BR,Brazil,None,seir
2020-09-09,4197889,128539,133185894.69019894,9191603.252968796,3072.6873838302763,7050.828350126261,BR,Brazil,None,seir
2020-09-10,4238446,129522,135203983.85781717,9394421.244367186,3089.942348158197,7153.147144398006,BR,Brazil,None,seir
2020-09-11,4282164,130396,137149287.88129425,9593294.976645548,3102.803252778134,7257.046977396199,BR,Brazil,None,seir
2020-09-12,4315687,131210,139021913.42950082,9788009.587309971,3121.3159441243265,7359.804578393394,BR,Brazil,None,seir
2020-09-13,4330455,131625,140822328.61475235,9978370.957279665,3151.906061020201,7480.908609519214,BR,Brazil,None,seir
2020-09-14,4345610,132006,142551326.60378757,10164207.528117903,3180.352507560218,7599.807227033545,BR,Brazil,None,seir
2020-09-15,4382263,133119,144209810.23809817,10345379.662713476,3190.761194344068,7671.527477455116,BR,Brazil,None,seir
2020-06-15,187682,8807,184420.0,8844.0,1.7380462697541585,0.4201203588054956,DE,Germany,None,delphi
2020-06-16,188252,8820,184458.0,8855.0,2.0153836347024203,0.3968253968253968,DE,Germany,None,delphi
2020-06-17,188604,8851,184493.0,8865.0,2.17969926406651,0.1581742176025308,DE,Germany,None,delphi
2020-06-18,189817,8875,184525.0,8875.0,2.7879483923989947,0.0,DE,Germany,None,delphi
2020-06-19,190299,8887,184554.0,8884.0,3.0189333627607082,0.03375717339934736,DE,Germany,None,delphi
2020-06-20,190670,8895,184580.0,8892.0,3.194000104893271,0.03372681281618887,DE,Germany,None,delphi
2020-06-21,191272,8895,184604.0,8900.0,3.4861349282696894,0.056211354693648116,DE,Germany,None,delphi
2020-06-22,191768,8899,184626.0,8908.0,3.7242918526552917,0.10113495898415553,DE,Germany,None,delphi
2020-06-23,192480,8914,184646.0,8915.0,4.070033250207813,0.01121830827911151,DE,Germany,None,delphi
2020-06-24,192871,8928,184664.0,8921.0,4.255175739224663,0.07840501792114696,DE,Germany,None,delphi
2020-06-25,193371,8940,184681.0,8927.0,4.49395204037834,0.14541387024608501,DE,Germany,None,delphi
2020-06-26,194036,8965,184696.0,8933.0,4.813539755509287,0.35694366982710546,DE,Germany,None,delphi
2020-06-27,194458,8968,184710.0,8939.0,5.012907671579467,0.32337198929527206,DE,Germany,None,delphi
2020-06-28,194693,8968,184722.0,8944.0,5.12139624947995,0.2676181980374665,DE,Germany,None,delphi
2020-06-29,195042,8976,184733.0,8948.0,5.285528245198471,0.31194295900178254,DE,Germany,None,delphi
2020-06-30,195418,8990,184744.0,8953.0,5.462137571769233,0.41156840934371525,DE,Germany,None,delphi
2020-07-01,195893,8995,184753.0,8957.0,5.686777985941305,0.4224569205113952,DE,Germany,None,delphi
2020-07-02,196370,9006,184762.0,8961.0,5.911289911901004,0.4996668887408394,DE,Germany,None,delphi
2020-07-03,196780,9010,184769.0,8964.0,6.103770708405325,0.5105438401775805,DE,Germany,None,delphi
2020-07-04,197198,9020,184776.0,8967.0,6.299252527916105,0.5875831485587583,DE,Germany,None,delphi
2020-07-05,197523,9023,184783.0,8971.0,6.449881785918602,0.5763049983375818,DE,Germany,None,delphi
2020-07-06,198064,9022,184789.0,8973.0,6.702379029000727,0.5431168255375749,DE,Germany,None,delphi
2020-07-07,198343,9032,184794.0,8976.0,6.831095627271948,0.6200177147918512,DE,Germany,None,delphi
2020-07-08,198699,9046,184799.0,8979.0,6.995505765001334,0.7406588547424275,DE,Germany,None,delphi
2020-07-09,199001,9057,184803.0,8981.0,7.13463751438435,0.8391299547311472,DE,Germany,None,delphi
2020-07-10,199332,9063,184807.0,8983.0,7.286838039050428,0.8827099194527198,DE,Germany,None,delphi
2020-07-11,199709,9070,184810.0,8985.0,7.460354816257656,0.9371554575523704,DE,Germany,None,delphi
2020-07-12,199919,9071,184814.0,8987.0,7.555560001800729,0.9260280013228971,DE,Germany,None,delphi
2020-07-13,200180,9074,184817.0,8989.0,7.674592866420221,0.936742340753802,DE,Germany,None,delphi
2020-07-14,200456,9078,184819.0,8991.0,7.800714371233587,0.9583608724388631,DE,Germany,None,delphi
2020-07-15,200890,9080,184822.0,8992.0,7.998407088456369,0.9691629955947136,DE,Germany,None,delphi
2020-07-16,201450,9087,184824.0,8993.0,8.253164556962025,1.0344448112688456,DE,Germany,None,delphi
2020-07-17,202045,9088,184826.0,8995.0,8.522358880447426,1.0233274647887325,DE,Germany,None,delphi
2020-07-18,202426,9091,184827.0,8996.0,8.694041279282306,1.044989550104499,DE,Germany,None,delphi
2020-07-19,202735,9092,184829.0,8997.0,8.832219399708979,1.0448746150461945,DE,Germany,None,delphi
2020-07-20,203325,9094,184830.0,8998.0,9.096274437476946,1.0556410820321092,DE,Germany,None,delphi
2020-07-21,203717,9099,184832.0,8999.0,9.270213089727417,1.0990218705352237,DE,Germany,None,delphi
2020-07-22,204276,9102,184833.0,9000.0,9.518005051988485,1.1206328279499012,DE,Germany,None,delphi
2020-07-23,204881,9110,184834.0,9001.0,9.784704291759606,1.1964873765093305,DE,Germany,None,delphi
2020-07-24,205623,9120,184835.0,9002.0,10.109763985546364,1.2938596491228072,DE,Germany,None,delphi
2020-07-25,206278,9124,184836.0,9003.0,10.39471005148392,1.32617273125822,DE,Germany,None,delphi
2020-07-26,206667,9124,184837.0,9003.0,10.562886188893243,1.32617273125822,DE,Germany,None,delphi
2020-07-27,207112,9125,184837.0,9004.0,10.75505040750898,1.3260273972602739,DE,Germany,None,delphi
2020-07-28,207707,9131,184838.0,9005.0,11.01022112880163,1.3799145767166794,DE,Germany,None,delphi
2020-07-29,208546,9135,184839.0,9005.0,11.367755794884582,1.4230979748221126,DE,Germany,None,delphi
2020-07-30,209535,9144,184839.0,9006.0,11.786097787959052,1.5091863517060367,DE,Germany,None,delphi
2020-07-31,210399,9147,184840.0,9006.0,12.147871425244416,1.541489012791079,DE,Germany,None,delphi
2020-08-01,211005,9154,184840.0,9007.0,12.400180090519182,1.6058553637753987,DE,Germany,None,delphi
2020-08-02,211220,9154,184840.0,9007.0,12.489347599659123,1.6058553637753987,DE,Germany,None,delphi
2020-08-03,212111,9154,184841.0,9007.0,12.85647609034892,1.6058553637753987,DE,Germany,None,delphi
2020-08-04,212828,9163,184841.0,9008.0,13.150055443832578,1.6915857251991704,DE,Germany,None,delphi
2020-08-05,214113,9179,184841.0,9008.0,13.671285722959373,1.8629480335548534,DE,Germany,None,delphi
2020-08-06,215039,9181,184842.0,9008.0,14.042569022363386,1.8843263261082672,DE,Germany,None,delphi
2020-08-07,216196,9195,184842.0,9009.0,14.502580991322688,2.0228384991843393,DE,Germany,None,delphi
2020-08-08,216903,9201,184842.0,9009.0,14.781261669963072,2.0867297032931202,DE,Germany,None,delphi
2020-08-09,217288,9202,184842.0,9009.0,14.932255807959944,2.097370136926755,DE,Germany,None,delphi
2020-08-10,218508,9203,184842.0,9009.0,15.407216211763414,2.1080082581766817,DE,Germany,None,delphi
2020-08-11,219540,9208,184842.0,9010.0,15.80486471713583,2.150304083405734,DE,Germany,None,delphi
2020-08-12,220859,9213,184843.0,9010.0,16.30723674380487,2.203408227504613,DE,Germany,None,delphi
2020-08-13,222281,9217,184843.0,9010.0,16.842645120365663,2.2458500596723443,DE,Germany,None,delphi
2020-08-14,223791,9230,184843.0,9010.0,17.403738309404755,2.38353196099675,DE,Germany,None,delphi
2020-08-15,224488,9235,184843.0,9010.0,17.660186736039343,2.4363833243096917,DE,Germany,None,delphi
2020-08-16,225007,9235,184843.0,9010.0,17.850111329869737,2.4363833243096917,DE,Germany,None,delphi
2020-08-17,226700,9236,184843.0,9011.0,18.463608292898105,2.43611953226505,DE,Germany,None,delphi
2020-08-18,228120,9241,184843.0,9011.0,18.97115553217605,2.488908126826101,DE,Germany,None,delphi
2020-08-19,229706,9249,184843.0,9011.0,19.530617397891216,2.5732511622878147,DE,Germany,None,delphi
2020-08-20,231292,9263,184843.0,9011.0,20.082406654791345,2.720500917629278,DE,Germany,None,delphi
2020-08-21,233029,9266,184843.0,9011.0,20.678113024559174,2.7519965465141376,DE,Germany,None,delphi
2020-08-22,233861,9272,184843.0,9011.0,20.960314032694637,2.8149266609145815,DE,Germany,None,delphi
2020-08-23,234494,9275,184843.0,9011.0,21.173676085528843,2.8463611859838274,DE,Germany,None,delphi
2020-08-24,236122,9276,184843.0,9011.0,21.717163161416554,2.856834842604571,DE,Germany,None,delphi
2020-08-25,237583,9281,184843.0,9011.0,22.19855797763308,2.909169270552742,DE,Germany,None,delphi
2020-08-26,239010,9285,184844.0,9011.0,22.662650098322246,2.9509962304792676,DE,Germany,None,delphi
2020-08-27,240571,9290,184844.0,9012.0,23.16447119561377,2.992465016146394,DE,Germany,None,delphi
2020-08-28,242126,9290,184844.0,9012.0,23.657930168589907,2.992465016146394,DE,Germany,None,delphi
2020-08-29,242835,9299,184844.0,9012.0,23.88082442810962,3.0863533713302505,DE,Germany,None,delphi
2020-08-30,243305,9300,184844.0,9012.0,24.027866258399953,3.096774193548387,DE,Germany,None,delphi
2020-08-31,244802,9303,184844.0,9012.0,24.492446957132703,3.128023218316672,DE,Germany,None,delphi
2020-09-01,246015,9307,184844.0,9012.0,24.864744019673594,3.169657247233265,DE,Germany,None,delphi
2020-09-02,247411,9322,184844.0,9012.0,25.28868967022485,3.3254666380605022,DE,Germany,None,delphi
2020-09-03,248840,9322,184844.0,9012.0,25.71773026844559,3.3254666380605022,DE,Germany,None,delphi
2020-09-04,250283,9327,184844.0,9012.0,26.146002724915395,3.377291733676423,DE,Germany,None,delphi
2020-09-05,251058,9329,184844.0,9012.0,26.373985294234796,3.3980062171722585,DE,Germany,None,delphi
2020-09-06,251728,9330,184844.0,9012.0,26.56994851585839,3.408360128617363,DE,Germany,None,delphi
2020-09-07,253626,9331,184844.0,9012.0,27.11945936142194,3.4187118208123457,DE,Germany,None,delphi
2020-09-08,254957,9336,184844.0,9012.0,27.499931360974593,3.470437017994859,DE,Germany,None,delphi
2020-09-09,256433,9342,184844.0,9012.0,27.91723374136714,3.5324341682723186,DE,Germany,None,delphi
2020-09-10,258149,9345,184844.0,9012.0,28.396391231420615,3.5634028892455856,DE,Germany,None,delphi
2020-09-11,259735,9348,184844.0,9012.0,28.833618880782335,3.594351732991014,DE,Germany,None,delphi
2020-09-12,260817,9352,184844.0,9012.0,29.128852797171962,3.6355859709153124,DE,Germany,None,delphi
2020-09-13,261737,9354,184844.0,9012.0,29.3779633754494,3.6561898652982685,DE,Germany,None,delphi
2020-09-14,263222,9356,184844.0,9012.0,29.776386472255357,3.67678495083369,DE,Germany,None,delphi
2020-09-15,265014,9367,184844.0,9012.0,30.251232010384356,3.7899007152770365,DE,Germany,None,delphi
2020-06-15,187682,8807,217660.0,9022.0,15.97276243859294,2.4412399227886907,DE,Germany,None,delphi_lookahead
2020-06-16,188252,8820,218099.0,9035.0,15.854811635467353,2.437641723356009,DE,Germany,None,delphi_lookahead
2020-06-17,188604,8851,218510.0,9047.0,15.856503573625162,2.214439046435431,DE,Germany,None,delphi_lookahead
2020-06-18,189817,8875,218896.0,9058.0,15.31949193170264,2.0619718309859154,DE,Germany,None,delphi_lookahead
2020-06-19,190299,8887,219258.0,9068.0,15.217631201425124,2.036682795093957,DE,Germany,None,delphi_lookahead
2020-06-20,190670,8895,219598.0,9078.0,15.17176273142078,2.057335581787521,DE,Germany,None,delphi_lookahead
2020-06-21,191272,8895,219916.0,9087.0,14.975532226358276,2.1585160202360876,DE,Germany,None,delphi_lookahead
2020-06-22,191768,8899,220214.0,9095.0,14.833548871553127,2.2024946623216093,DE,Germany,None,delphi_lookahead
2020-06-23,192480,8914,220492.0,9103.0,14.553200332502078,2.1202602647520754,DE,Germany,None,delphi_lookahead
2020-06-24,192871,8928,220753.0,9110.0,14.456294621793841,2.038530465949821,DE,Germany,None,delphi_lookahead
2020-06-25,193371,8940,220997.0,9117.0,14.286526935269508,1.9798657718120807,DE,Germany,None,delphi_lookahead
2020-06-26,194036,8965,221224.0,9124.0,14.011832855758724,1.7735638594534302,DE,Germany,None,delphi_lookahead
2020-06-27,194458,8968,221437.0,9129.0,13.873947073404025,1.7952720785013383,DE,Germany,None,delphi_lookahead
2020-06-28,194693,8968,221635.0,9135.0,13.838196545330343,1.8621766280107046,DE,Germany,None,delphi_lookahead
2020-06-29,195042,8976,221821.0,9140.0,13.729863311491883,1.8270944741532977,DE,Germany,None,delphi_lookahead
2020-06-30,195418,8990,221993.0,9145.0,13.599054334810509,1.7241379310344827,DE,Germany,None,delphi_lookahead
2020-07-01,195893,8995,222154.0,9149.0,13.405787853573123,1.7120622568093387,DE,Germany,None,delphi_lookahead
2020-07-02,196370,9006,222304.0,9153.0,13.206701634669246,1.632245169886742,DE,Germany,None,delphi_lookahead
2020-07-03,196780,9010,222444.0,9157.0,13.041975810549852,1.6315205327413984,DE,Germany,None,delphi_lookahead
2020-07-04,197198,9020,222574.0,9160.0,12.868284668201502,1.5521064301552108,DE,Germany,None,delphi_lookahead
2020-07-05,197523,9023,222695.0,9164.0,12.743832363825986,1.562673168569212,DE,Germany,None,delphi_lookahead
2020-07-06,198064,9022,222808.0,9167.0,12.492931577671863,1.6071824429173134,DE,Germany,None,delphi_lookahead
2020-07-07,198343,9032,222912.0,9169.0,12.387127350095541,1.5168290522586358,DE,Germany,None,delphi_lookahead
2020-07-08,198699,9046,223010.0,9172.0,12.235089255607729,1.392880831306655,DE,Germany,None,delphi_lookahead
2020-07-09,199001,9057,223100.0,9174.0,12.109989397038206,1.2918184829413715,DE,Germany,None,delphi_lookahead
2020-07-10,199332,9063,223184.0,9176.0,11.965966327533964,1.2468277612269667,DE,Germany,None,delphi_lookahead
2020-07-11,199709,9070,223262.0,9179.0,11.793659774972586,1.2017640573318633,DE,Germany,None,delphi_lookahead
2020-07-12,199919,9071,223334.0,9180.0,11.712243458600733,1.2016315731451879,DE,Germany,None,delphi_lookahead
2020-07-13,200180,9074,223401.0,9182.0,11.600059946048557,1.1902137976636544,DE,Germany,None,delphi_lookahead
2020-07-14,200456,9078,223463.0,9184.0,11.477331683761024,1.1676580744657412,DE,Germany,None,delphi_lookahead
2020-07-15,200890,9080,223520.0,9185.0,11.264871322614365,1.1563876651982379,DE,Germany,None,delphi_lookahead
2020-07-16,201450,9087,223574.0,9187.0,10.982377761231074,1.1004732034774953,DE,Germany,None,delphi_lookahead
2020-07-17,202045,9088,223623.0,9188.0,10.67979905466604,1.1003521126760563,DE,Germany,None,delphi_lookahead
2020-07-18,202426,9091,223669.0,9189.0,10.49420528983431,1.077989220107799,DE,Germany,None,delphi_lookahead
2020-07-19,202735,9092,223711.0,9190.0,10.34651145584137,1.0778706555213375,DE,Germany,None,delphi_lookahead
2020-07-20,203325,9094,223750.0,9191.0,10.04549366777327,1.066637343303277,DE,Germany,None,delphi_lookahead
2020-07-21,203717,9099,223786.0,9192.0,9.851411516957349,1.022090339597758,DE,Germany,None,delphi_lookahead
2020-07-22,204276,9102,223819.0,9193.0,9.566958428792418,0.999780268072951,DE,Germany,None,delphi_lookahead
2020-07-23,204881,9110,223850.0,9194.0,9.25854520428932,0.9220636663007684,DE,Germany,None,delphi_lookahead
2020-07-24,205623,9120,223879.0,9194.0,8.878384227445373,0.8114035087719298,DE,Germany,None,delphi_lookahead
2020-07-25,206278,9124,223905.0,9195.0,8.545264158077934,0.7781674704077159,DE,Germany,None,delphi_lookahead
2020-07-26,206667,9124,223929.0,9196.0,8.352567173278752,0.789127575624726,DE,Germany,None,delphi_lookahead
2020-07-27,207112,9125,223952.0,9196.0,8.130866391131368,0.7780821917808219,DE,Germany,None,delphi_lookahead
2020-07-28,207707,9131,223972.0,9197.0,7.830742343782347,0.7228123973277845,DE,Germany,None,delphi_lookahead
2020-07-29,208546,9135,223991.0,9197.0,7.406039914455325,0.6787082649151615,DE,Germany,None,delphi_lookahead
2020-07-30,209535,9144,224009.0,9198.0,6.90767652182213,0.5905511811023622,DE,Germany,None,delphi_lookahead
2020-07-31,210399,9147,224025.0,9198.0,6.476266522179287,0.5575598556903902,DE,Germany,None,delphi_lookahead
2020-08-01,211005,9154,224040.0,9198.0,6.17757873036184,0.4806641905178064,DE,Germany,None,delphi_lookahead
2020-08-02,211220,9154,224054.0,9199.0,6.076129154436133,0.49158837666593835,DE,Germany,None,delphi_lookahead
2020-08-03,212111,9154,224066.0,9199.0,5.636199914195869,0.49158837666593835,DE,Germany,None,delphi_lookahead
2020-08-04,212828,9163,224078.0,9199.0,5.285958614468021,0.39288442649787186,DE,Germany,None,delphi_lookahead
2020-08-05,214113,9179,224089.0,9200.0,4.659221999598343,0.22878309184006973,DE,Germany,None,delphi_lookahead
2020-08-06,215039,9181,224098.0,9200.0,4.212724203516571,0.20694913408125476,DE,Germany,None,delphi_lookahead
2020-08-07,216196,9195,224107.0,9200.0,3.659179633295713,0.0543773790103317,DE,Germany,None,delphi_lookahead
2020-08-08,216903,9201,224116.0,9200.0,3.3254496249475576,0.010868383871318336,DE,Germany,None,delphi_lookahead
2020-08-09,217288,9202,224123.0,9200.0,3.1455947866426124,0.021734405564007825,DE,Germany,None,delphi_lookahead
2020-08-10,218508,9203,224130.0,9201.0,2.5729035092536656,0.021732043898728674,DE,Germany,None,delphi_lookahead
2020-08-11,219540,9208,224137.0,9201.0,2.0939236585588046,0.07602085143353605,DE,Germany,None,delphi_lookahead
2020-08-12,220859,9213,224143.0,9201.0,1.4869215200648378,0.1302507326603712,DE,Germany,None,delphi_lookahead
2020-08-13,222281,9217,224148.0,9201.0,0.8399278390865615,0.1735922751437561,DE,Germany,None,delphi_lookahead
2020-08-14,223791,9230,224153.0,9201.0,0.16175806891251213,0.314192849404117,DE,Germany,None,delphi_lookahead
2020-08-15,224488,9235,224158.0,9201.0,0.14700117600940807,0.36816459122902,DE,Germany,None,delphi_lookahead
2020-08-16,225007,9235,224162.0,9201.0,0.37554387196842764,0.36816459122902,DE,Germany,None,delphi_lookahead
2020-08-17,226700,9236,224166.0,9201.0,1.117776797529775,0.37895192724122995,DE,Germany,None,delphi_lookahead
2020-08-18,228120,9241,224169.0,9202.0,1.73198316675434,0.42203224759225194,DE,Germany,None,delphi_lookahead
2020-08-19,229706,9249,224173.0,9202.0,2.40873116070107,0.5081630446534761,DE,Germany,None,delphi_lookahead
2020-08-20,231292,9263,224175.0,9202.0,3.0770627604932295,0.6585339522832775,DE,Germany,None,delphi_lookahead
2020-08-21,233029,9266,224178.0,9202.0,3.7982397040711673,0.6906971724584502,DE,Germany,None,delphi_lookahead
2020-08-22,233861,9272,224181.0,9202.0,4.139210898781755,0.7549611734253667,DE,Germany,None,delphi_lookahead
2020-08-23,234494,9275,224183.0,9202.0,4.397127431831945,0.7870619946091645,DE,Germany,None,delphi_lookahead
2020-08-24,236122,9276,224185.0,9202.0,5.055437443355554,0.7977576541612763,DE,Germany,None,delphi_lookahead
2020-08-25,237583,9281,224187.0,9202.0,5.638450562540249,0.8512013791617282,DE,Germany,None,delphi_lookahead
2020-08-26,239010,9285,224189.0,9202.0,6.200995774235388,0.8939149165320409,DE,Germany,None,delphi_lookahead
2020-08-27,240571,9290,224190.0,9202.0,6.80921640596747,0.9472551130247577,DE,Germany,None,delphi_lookahead
2020-08-28,242126,9290,224192.0,9202.0,7.40688732312928,0.9472551130247577,DE,Germany,None,delphi_lookahead
2020-08-29,242835,9299,224193.0,9202.0,7.676817592192229,1.0431229164426281,DE,Germany,None,delphi_lookahead
2020-08-30,243305,9300,224194.0,9202.0,7.854750210640965,1.053763440860215,DE,Germany,None,delphi_lookahead
2020-08-31,244802,9303,224195.0,9202.0,8.417823383795884,1.0856712888315598,DE,Germany,None,delphi_lookahead
2020-09-01,246015,9307,224196.0,9202.0,8.868971404182671,1.1281830879982808,DE,Germany,None,delphi_lookahead
2020-09-02,247411,9322,224197.0,9202.0,9.38276794483673,1.2872774082814846,DE,Germany,None,delphi_lookahead
2020-09-03,248840,9322,224198.0,9202.0,9.902748754219578,1.2872774082814846,DE,Germany,None,delphi_lookahead
2020-09-04,250283,9327,224199.0,9202.0,10.421802519547873,1.340195132411279,DE,Germany,None,delphi_lookahead
2020-09-05,251058,9329,224200.0,9202.0,10.697926375578552,1.3613463393718512,DE,Germany,None,delphi_lookahead
2020-09-06,251728,9330,224200.0,9202.0,10.935613042649209,1.3719185423365488,DE,Germany,None,delphi_lookahead
2020-09-07,253626,9331,224201.0,9202.0,11.601728529409446,1.3824884792626728,DE,Germany,None,delphi_lookahead
2020-09-08,254957,9336,224201.0,9202.0,12.063210659052311,1.4353041988003428,DE,Germany,None,delphi_lookahead
2020-09-09,256433,9342,224202.0,9202.0,12.568975131905798,1.49860843502462,DE,Germany,None,delphi_lookahead
2020-09-10,258149,9345,224202.0,9202.0,13.150157467199175,1.5302300695559121,DE,Germany,None,delphi_lookahead
2020-09-11,259735,9348,224203.0,9202.0,13.680097021964697,1.561831407787762,DE,Germany,None,delphi_lookahead
2020-09-12,260817,9352,224203.0,9202.0,14.038195363032319,1.60393498716852,DE,Germany,None,delphi_lookahead
2020-09-13,261737,9354,224203.0,9202.0,14.34034928191276,1.6249732734658968,DE,Germany,None,delphi_lookahead
2020-09-14,263222,9356,224204.0,9202.0,14.823229061400642,1.6460025651988028,DE,Germany,None,delphi_lookahead
2020-09-15,265014,9367,224204.0,9202.0,15.399186458073913,1.7615031493541156,DE,Germany,None,delphi_lookahead
2020-06-15,187682,8807,131648.17695767558,6316.750139061441,29.855725664860998,28.275801759266027,DE,Germany,None,delphi_constant
2020-06-16,188252,8820,131675.04719148725,6324.52205413276,30.053838901319907,28.293400746794106,DE,Germany,None,delphi_constant
2020-06-17,188604,8851,131699.59149579372,6331.810767106237,30.171368849126363,28.46219899326362,DE,Germany,None,delphi_constant
2020-06-18,189817,8875,131722.00577658985,6338.644044511589,30.60579095834943,28.578658653390548,DE,Germany,None,delphi_constant
2020-06-19,190299,8887,131742.4707289572,6345.048285568909,30.770802406235866,28.603034932272887,DE,Germany,None,delphi_constant
2020-06-20,190670,8895,131761.15343153616,6351.048548881398,30.895708065486883,28.59979146844971,DE,Germany,None,delphi_constant
2020-06-21,191272,8895,131778.2073422372,6356.668623909203,31.104287432432763,28.53660906229114,DE,Germany,None,delphi_constant
2020-06-22,191768,8899,131793.7732451483,6361.931060039832,31.274366294090616,28.509595909205167,DE,Germany,None,delphi_constant
2020-06-23,192480,8914,131807.9801816885,6366.857224997152,31.521207303777793,28.574632880893514,DE,Germany,None,delphi_constant
2020-06-24,192871,8928,131820.94634325063,6371.467356396909,31.653309028702797,28.634998248242503,DE,Germany,None,delphi_constant
2020-06-25,193371,8940,131832.77959739277,6375.7805840278115,31.823913825034378,28.6825438028209,DE,Germany,None,delphi_constant
2020-06-26,194036,8965,131843.578696339,6379.815003594881,32.05200133153692,28.836419368712985,DE,Germany,None,delphi_constant
2020-06-27,194458,8968,131853.4340171279,6383.587717150006,32.19438952517875,28.81815658842545,DE,Germany,None,delphi_constant
2020-06-28,194693,8968,131862.42777931583,6387.114853137829,32.27161337114543,28.778826347704843,DE,Germany,None,delphi_constant
2020-06-29,195042,8976,131870.63517168324,6390.4116367327515,32.38859570160107,28.80557445707719,DE,Germany,None,delphi_constant
2020-06-30,195418,8990,131878.1250799957,6393.4924355338935,32.514852736188224,28.88217535557404,DE,Germany,None,delphi_constant
2020-07-01,195893,8995,131884.96012355053,6396.370774783659,32.6750010855158,28.889707895679166,DE,Germany,None,delphi_constant
2020-07-02,196370,9006,131891.19742913352,6399.059392689453,32.835363126173284,28.94670894193368,DE,Germany,None,delphi_constant
2020-07-03,196780,9010,131896.88938606458,6401.5702958304255,32.97241112609789,28.950385173913144,DE,Germany,None,delphi_constant
2020-07-04,197198,9020,131902.08366395402,6403.914771365603,33.111855260218654,29.00316217998223,DE,Germany,None,delphi_constant
2020-07-05,197523,9023,131906.82365959632,6406.103427313971,33.21951182414386,29.002511057143177,DE,Germany,None,delphi_constant
2020-07-06,198064,9022,131911.1491836315,6408.146251081821,33.39973484144949,28.971998990447563,DE,Germany,None,delphi_constant
2020-07-07,198343,9032,131915.09650429458,6410.052621398215,33.49142823074443,29.02953253544935,DE,Germany,None,delphi_constant
2020-07-08,198699,9046,131918.69859168702,6411.8313365934655,33.608775790674834,29.11970664831455,DE,Germany,None,delphi_constant
2020-07-09,199001,9057,131921.98568978513,6413.490671237048,33.70787800574614,29.18747188652922,DE,Germany,None,delphi_constant
2020-07-10,199332,9063,131924.98538276888,6415.038388712174,33.81645426586354,29.217274757672136,DE,Germany,None,delphi_constant
2020-07-11,199709,9070,131927.7227224192,6416.4817604797745,33.94002136988359,29.255989410366322,DE,Germany,None,delphi_constant
2020-07-12,199919,9071,131930.2206819844,6417.827617867963,34.00816296500862,29.248951407033807,DE,Germany,None,delphi_constant
2020-07-13,200180,9074,131932.50023608204,6419.08236552162,34.093066122448775,29.258514816821467,DE,Germany,None,delphi_constant
2020-07-14,200456,9078,131934.58042319713,6420.251994295564,34.18277306581139,29.27680112033968,DE,Germany,None,delphi_constant
2020-07-15,200890,9080,131936.47869225786,6421.342126361884,34.32401877034304,29.280373057688504,DE,Germany,None,delphi_constant
2020-07-16,201450,9087,131938.21098910822,6422.3580295943775,34.50572797760823,29.323670852928608,DE,Germany,None,delphi_constant
2020-07-17,202045,9088,131939.79178515033,6423.304626208766,34.697818909079494,29.321031841892975,DE,Germany,None,delphi_constant
2020-07-18,202426,9091,131941.2343323655,6424.186530292862,34.820016039261006,29.334654820230316,DE,Germany,None,delphi_constant
2020-07-19,202735,9092,131942.55075206532,6425.0080631987785,34.91871124765565,29.33339129785769,DE,Germany,None,delphi_constant
2020-07-20,203325,9094,131943.7520457067,6425.773259122776,35.10697059107011,29.340518373402507,DE,Germany,None,delphi_constant
2020-07-21,203717,9099,131944.8482773685,6426.485895374356,35.231302111572184,29.37151450297444,DE,Germany,None,delphi_constant
2020-07-22,204276,9102,131945.84866011504,6427.149508359705,35.40805152826811,29.387502654804386,DE,Germany,None,delphi_constant
2020-07-23,204881,9110,131946.76155858664,6427.76739715211,35.59834169172025,29.442728900635455,DE,Germany,None,delphi_constant
2020-07-24,205623,9120,131947.59461564064,6428.342647103994,35.830332883169376,29.513786764210593,DE,Germany,None,delphi_constant
2020-07-25,206278,9124,131948.35483308017,6428.878145966832,36.03372398749252,29.53881909286682,DE,Germany,None,delphi_constant
2020-07-26,206667,9124,131949.04857151865,6429.376586291096,36.15378915283105,29.53335613446848,DE,Germany,None,delphi_constant
2020-07-27,207112,9125,131949.6816350359,6429.840483140892,36.2906631991213,29.535994705305296,DE,Germany,None,delphi_constant
2020-07-28,207707,9131,131950.25934426658,6430.2721899170865,36.47288760404484,29.577568832361333,DE,Germany,None,delphi_constant
2020-07-29,208546,9135,131950.78653649488,6430.673900217412,36.728210305402705,29.604007660455263,DE,Germany,None,delphi_constant
2020-07-30,209535,9144,131951.26761947415,6431.04766049525,37.02662198703121,29.669207562387907,DE,Germany,None,delphi_constant
2020-07-31,210399,9147,131951.70663578343,6431.395385190144,37.28501245928763,29.68847288520669,DE,Germany,None,delphi_constant
2020-08-01,211005,9154,131952.10726457863,6431.718858498689,37.4649381462152,29.738705937309497,DE,Germany,None,delphi_constant
2020-08-02,211220,9154,131952.47285339166,6432.019742851448,37.528419253199665,29.73541902063089,DE,Germany,None,delphi_constant
2020-08-03,212111,9154,131952.806473267,6432.29959298816,37.79068201400823,29.732361885643872,DE,Germany,None,delphi_constant
2020-08-04,212828,9163,131953.11092269147,6432.559857941368,38.00011703220842,29.798539147207592,DE,Germany,None,delphi_constant
2020-08-05,214113,9179,131953.38874431857,6432.80188622062,38.37207981564942,29.918271203610196,DE,Germany,None,delphi_constant
2020-08-06,215039,9181,131953.64227071984,6433.026938479476,38.637343797766995,29.931086608436164,DE,Germany,None,delphi_constant
2020-08-07,216196,9195,131953.8736304779,6433.236189887647,38.965626732003415,30.035495487899432,DE,Germany,None,delphi_constant
2020-08-08,216903,9201,131954.08475540142,6433.430732947693,39.164472250083485,30.079005184787594,DE,Germany,None,delphi_constant
2020-08-09,217288,9202,131954.27741678336,6433.611588360026,39.272174525614226,30.084638248641316,DE,Germany,None,delphi_constant
2020-08-10,218508,9203,131954.45323338392,6433.7797078771555,39.611156921767666,30.090408476831954,DE,Germany,None,delphi_constant
2020-08-11,219540,9208,131954.61367362845,6433.935975702575,39.8949559653692,30.126672722604532,DE,Germany,None,delphi_constant
2020-08-12,220859,9213,131954.76008216708,6434.081217080902,40.25384517625857,30.16301728990663,DE,Germany,None,delphi_constant
2020-08-13,222281,9217,131954.89368978585,6434.216201840739,40.635999617697486,30.19186067222807,DE,Germany,None,delphi_constant
2020-08-14,223791,9230,131955.01561330506,6434.341644970049,41.03649583168891,30.28882291473403,DE,Germany,None,delphi_constant
2020-08-15,224488,9235,131955.12687318414,6434.458212803456,41.21951869445844,30.325303597147197,DE,Germany,None,delphi_constant
2020-08-16,225007,9235,131955.22840489694,6434.566527237341,41.35505632940444,30.324130728344983,DE,Germany,None,delphi_constant
2020-08-17,226700,9236,131955.32105840943,6434.667166008666,41.79297703643166,30.330585036718645,DE,Germany,None,delphi_constant
2020-08-18,228120,9241,131955.40560800285,6434.7606665060985,42.15526669822775,30.367269056313184,DE,Germany,None,delphi_constant
2020-08-19,229706,9249,131955.4827643048,6434.847530470223,42.55462079166204,30.42655929862446,DE,Germany,None,delphi_constant
2020-08-20,231292,9263,131955.55317456776,6434.928224422692,42.948500953527244,30.530840716585423,DE,Germany,None,delphi_constant
2020-08-21,233029,9266,131955.61742641515,6435.003181379357,43.37373570396167,30.55252340406479,DE,Germany,None,delphi_constant
2020-08-22,233861,9272,131955.67605928602,6435.072805603387,43.5751681300918,30.59671262291429,DE,Germany,None,delphi_constant
2020-08-23,234494,9275,131955.7295659978,6435.137473436657,43.72746016273431,30.618463898257065,DE,Germany,None,delphi_constant
2020-08-24,236122,9276,131955.77839312248,6435.197533741909,44.11542406335602,30.625296100238153,DE,Germany,None,delphi_constant
2020-08-25,237583,9281,131955.82294972977,6435.253311756843,44.45906359052215,30.66206969338603,DE,Germany,None,delphi_constant
2020-08-26,239010,9285,131955.8636106762,6435.305110673517,44.79065160006853,30.691382760651404,DE,Germany,None,delphi_constant
2020-08-27,240571,9290,131955.90071612573,6435.353211670004,45.14887467062707,30.728167796878314,DE,Germany,None,delphi_constant
2020-08-28,242126,9290,131955.93457600506,6435.397876044857,45.501129752275645,30.72768701781639,DE,Germany,None,delphi_constant
2020-08-29,242835,9299,131955.96547499727,6435.439347673408,45.66023617888803,30.79428596974505,DE,Germany,None,delphi_constant
2020-08-30,243305,9300,131955.99367263418,6435.477853203878,45.76519443799585,30.801313406409914,DE,Germany,None,delphi_constant
2020-08-31,244802,9303,131956.0194039619,6435.513602515861,46.09683768761616,30.823244087758134,DE,Germany,None,delphi_constant
2020-09-01,246015,9307,131956.04288477034,6435.546791417545,46.362602733666506,30.852618551439292,DE,Germany,None,delphi_constant
2020-09-02,247411,9322,131956.0643127288,6435.5776023011995,46.66523949511995,30.963552860961173,DE,Germany,None,delphi_constant
2020-09-03,248840,9322,131956.0838669969,6435.60620410537,46.97151427945793,30.963246040491633,DE,Germany,None,delphi_constant
2020-09-04,250283,9327,131956.10171078486,6435.632753718689,47.277241478332584,30.999970475836935,DE,Germany,None,delphi_constant
2020-09-05,251058,9329,131956.11799414965,6435.657397580154,47.4399867782944,31.014498900416402,DE,Germany,None,delphi_constant
2020-09-06,251728,9330,131956.13285406155,6435.680271796236,47.57987476400657,31.021647676353307,DE,Germany,None,delphi_constant
2020-09-07,253626,9331,131956.14641431815,6435.70150219596,47.97215332248344,31.028812536748905,DE,Germany,None,delphi_constant
2020-09-08,254957,9336,131956.1587884199,6435.721206025721,48.24375922668532,31.065539781215502,DE,Germany,None,delphi_constant
2020-09-09,256433,9342,131956.17008058878,6435.7394926023935,48.54165802350369,31.10961793403561,DE,Germany,None,delphi_constant
2020-09-10,258149,9345,131956.18038560645,6435.756463309944,48.8837142946103,31.131552024505687,DE,Germany,None,delphi_constant
2020-09-11,259735,9348,131956.18978921432,6435.772211883348,49.19583814687496,31.153485110362126,DE,Germany,None,delphi_constant
2020-09-12,260817,9352,131956.19837028795,6435.78682581707,49.4065960538278,31.182775600758443,DE,Germany,None,delphi_constant
2020-09-13,261737,9354,131956.20620112744,6435.800386577582,49.58442780305137,31.197344595065406,DE,Germany,None,delphi_constant
2020-09-14,263222,9356,131956.2133472313,6435.812969543518,49.868850875978715,31.21191781163405,DE,Germany,None,delphi_constant
2020-09-15,265014,9367,131956.21986839833,6435.824644758748,50.20783057936625,31.292573451918994,DE,Germany,None,delphi_constant
2020-06-15,187682,8807,131648.1769274879,6316.750138723799,29.85572568094549,28.275801763099818,DE,Germany,None,themis
2020-06-16,188252,8820,131675.05443771486,6324.522060329998,30.053835052103107,28.293400676530638,DE,Germany,None,themis
2020-06-17,188604,8851,131699.64404564438,6331.810864843038,30.171340986593933,28.46219788901776,DE,Germany,None,themis
2020-06-18,189817,8875,131722.16201251495,6338.644497572976,30.605708649638892,28.578653548473504,DE,Germany,None,themis
2020-06-19,190299,8887,131742.79755963528,6345.049559389484,30.770630660363285,28.603020598745537,DE,Germany,None,themis
2020-06-20,190670,8895,131761.71782564477,6351.051323868294,30.895412059765686,28.59976027129517,DE,Germany,None,themis
2020-06-21,191272,8895,131779.07185692244,6356.673759877442,31.1038354506031,28.53655132234467,DE,Germany,None,themis
2020-06-22,191768,8899,131794.9938375883,6361.939571639488,31.273729799764144,28.509500262507153,DE,Germany,None,themis
2020-06-23,192480,8914,131809.60479399827,6366.870238472175,31.520363261638472,28.57448689171893,DE,Germany,None,themis
2020-06-24,192871,8928,131823.01472852426,6371.48606756376,31.65223660969028,28.634788669760752,DE,Germany,None,themis
2020-06-25,193371,8940,131835.32369232964,6375.806236863523,31.822598170185994,28.68225685834986,DE,Germany,None,themis
2020-06-26,194036,8965,131846.62289326868,6379.84884868122,32.050432448994684,28.836041844046623,DE,Germany,None,themis
2020-06-27,194458,8968,131856.99591937292,6383.630983487678,32.19255781743466,28.81767413595363,DE,Germany,None,themis
2020-06-28,194693,8968,131866.5189171973,6387.168733518736,32.269512043474954,28.778225540602854,DE,Germany,None,themis
2020-06-29,195042,8976,131875.2619102417,6390.477274052338,32.38622352609094,28.80484320351674,DE,Germany,None,themis
2020-06-30,195418,8990,131883.28900120483,6393.570893150018,32.5122102359021,28.881302634593798,DE,Germany,None,themis
2020-07-01,195893,8995,131890.65879877654,6396.463032826989,32.67209201003786,28.88868223649818,DE,Germany,None,themis
2020-07-02,196370,9006,131897.42531865736,6399.1663580290715,32.83219161854796,28.94552122996811,DE,Germany,None,themis
2020-07-03,196780,9010,131903.6380102367,6401.692773621858,32.96898159861942,28.949025819957185,DE,Germany,None,themis
2020-07-04,197198,9020,131909.34212518597,6404.0534636964885,33.10817446161423,29.00162457099237,DE,Germany,None,themis
2020-07-05,197523,9023,131914.5794039224,6406.258957984362,33.215585322254924,29.000787343628932,DE,Germany,None,themis
2020-07-06,198064,9022,131919.38811196727,6408.319145252945,33.39557511109173,28.97008262854195,DE,Germany,None,themis
2020-07-07,198343,9032,131923.8032214249,6410.2432988937735,33.48703850328729,29.027421402859016,DE,Germany,None,themis
2020-07-08,198699,9046,131927.8569983266,6412.040143494398,33.60416660459962,29.117398369506986,DE,Germany,None,themis
2020-07-09,199001,9057,131931.57908540164,6413.71786976625,33.70305722815381,29.184963345851273,DE,Germany,None,themis
2020-07-10,199332,9063,131934.99654342746,6415.284146832236,33.81143191086856,29.214563093542584,DE,Germany,None,themis
2020-07-11,199709,9070,131938.1343073629,6416.746180557272,33.93480799194683,29.253074084263815,DE,Germany,None,themis
2020-07-12,199919,9071,131941.0153337109,6418.11073602185,34.00276345234274,29.24583027205545,DE,Germany,None,themis
2020-07-13,200180,9074,131943.66059276432,6419.38414281191,34.08749096175226,29.255189080759198,DE,Germany,None,themis
2020-07-14,200456,9078,131946.0893486618,6420.572335701372,34.177031693408125,29.273272354027625,DE,Germany,None,themis
2020-07-15,200890,9080,131948.3193681569,6421.680887246494,34.318124661179304,29.276642210941688,DE,Germany,None,themis
2020-07-16,201450,9087,131950.36691560873,6422.715011377229,34.499693762418104,29.319742364067036,DE,Germany,None,themis
2020-07-17,202045,9088,131952.24687870545,6423.679585131356,34.691654394463875,29.31690597346659,DE,Germany,None,themis
2020-07-18,202426,9091,131953.97299818005,6424.579187083596,34.813723040429565,29.33033563872406,DE,Germany,None,themis
2020-07-19,202735,9092,131955.55788752087,6425.418103182184,34.91229541642002,29.328881399228074,DE,Germany,None,themis
2020-07-20,203325,9094,131957.01306461878,6426.200334964464,35.10044851119204,29.335822135864703,DE,Germany,None,themis
2020-07-21,203717,9099,131958.34915052625,6426.92963551704,35.224674842783735,29.366637701758,DE,Germany,None,themis
2020-07-22,204276,9102,131959.57591822717,6427.609519806412,35.40133157187963,29.38244869472191,DE,Germany,None,themis
2020-07-23,204881,9110,131960.70229269093,6428.243267522788,35.59153738380283,29.43750529612746,DE,Germany,None,themis
2020-07-24,205623,9120,131961.73647970697,6428.8339484585895,35.823455313993584,29.50839968795406,DE,Germany,None,themis
2020-07-25,206278,9124,131962.6860448768,6429.384439188732,36.02677646434578,29.533270065884125,DE,Germany,None,themis
2020-07-26,206667,9124,131963.55791033202,6429.897424459783,36.14676851634174,29.527647693338633,DE,Germany,None,themis
2020-07-27,207112,9125,131964.35841683912,6430.375411037376,36.28357680055278,29.530132481782186,DE,Germany,None,themis
2020-07-28,207707,9131,131965.09341651972,6430.820748285916,36.46574577817805,29.571561184033335,DE,Germany,None,themis
2020-07-29,208546,9135,131965.76827865164,6431.235630707641,36.721026402495546,29.597858448739565,DE,Germany,None,themis
2020-07-30,209535,9144,131966.38790734098,6431.622103110075,37.01940587141004,29.66292538156086,DE,Germany,None,themis
2020-07-31,210399,9147,131966.95682647175,6431.982080691864,37.27776423534724,29.682058809534666,DE,Germany,None,themis
2020-08-01,211005,9154,131967.47919715504,6432.317353869689,37.457653042745406,29.73216786246789,DE,Germany,None,themis
2020-08-02,211220,9154,131967.95881864234,6432.629589804438,37.52108757757677,29.72875693899456,DE,Germany,None,themis
2020-08-03,212111,9154,131968.39918595186,6432.9203469655395,37.783330809834546,29.725580653642787,DE,Germany,None,themis
2020-08-04,212828,9163,131968.80352084464,6433.191083504659,37.99274366115143,29.79165029461247,DE,Germany,None,themis
2020-08-05,214113,9179,131969.17477008692,6433.443157784381,38.36470706118409,29.91128491355942,DE,Germany,None,themis
2020-08-06,215039,9181,131969.51563383036,6433.677836304937,38.629962177172345,29.92399699047013,DE,Germany,None,themis
2020-08-07,216196,9195,131969.828604265,6433.896304559493,38.958246866609464,30.02831642675919,DE,Germany,None,themis
2020-08-08,216903,9201,131970.1159676272,6434.099668194954,39.15708129088708,30.071734939735318,DE,Germany,None,themis
2020-08-09,217288,9202,131970.37981187674,6434.288955731731,39.26476390234309,30.077277160055083,DE,Germany,None,themis
2020-08-10,218508,9203,131970.62206336748,6434.465129423454,39.603757270503834,30.082960671265308,DE,Germany,None,themis
2020-08-11,219540,9208,131970.84449419327,6434.629087753261,39.887562861349515,30.11914544142853,DE,Germany,None,themis
2020-08-12,220859,9213,131971.0487221185,6434.781666033455,40.24647004554105,30.1554144574682,DE,Germany,None,themis
2020-08-13,222281,9217,131971.23623495974,6434.923644050594,40.628647417026315,30.18418526580673,DE,Germany,None,themis
2020-08-14,223791,9230,131971.40840469833,6435.055750747413,41.029170786716925,30.28108612408003,DE,Germany,None,themis
2020-08-15,224488,9235,131971.56648668833,6435.178664422078,41.212195535312205,30.31750228021572,DE,Germany,None,themis
2020-08-16,225007,9235,131971.711630059,6435.293016332443,41.34773067946375,30.316264035382325,DE,Germany,None,themis
2020-08-17,226700,9236,131971.8448957819,6435.399396900385,41.78568818006974,30.32265702793,DE,Germany,None,themis
2020-08-18,228120,9241,131971.9672581139,6435.498356451453,42.148006637684595,30.359286262834615,DE,Germany,None,themis
2020-08-19,229706,9249,131972.07960600173,6435.59040600955,42.54739553777362,30.418527343393343,DE,Germany,None,themis
2020-08-20,231292,9263,131972.18275899047,6435.676023009285,42.94131108772008,30.52276775332738,DE,Germany,None,themis
2020-08-21,233029,9266,131972.2774720288,6435.755653170239,43.36658635962528,30.544402620653578,DE,Germany,None,themis
2020-08-22,233861,9272,131972.36443477726,6435.829710543996,43.568032106774,30.588549282312382,DE,Germany,None,themis
2020-08-23,234494,9275,131972.44427973081,6435.898580623874,43.72033217066074,30.610257890847713,DE,Germany,None,themis
2020-08-24,236122,9276,131972.51759089745,6435.962623760229,44.10833484770693,30.617048040532246,DE,Germany,None,themis
2020-08-25,237583,9281,131972.58490404164,6436.022175428368,44.452008391155246,30.653785417214003,DE,Germany,None,themis
2020-08-26,239010,9285,131972.64670791838,6436.077546869668,44.783629677453504,30.683063577063347,DE,Germany,None,themis
2020-08-27,240571,9290,131972.7034535577,6436.129028880778,45.14189014737532,30.719816696654707,DE,Germany,None,themis
2020-08-28,242126,9290,131972.7555563932,6436.176892764048,45.494182551071255,30.71930147724383,DE,Germany,None,themis
2020-08-29,242835,9299,131972.80339574776,6436.221390303763,45.65330228519458,30.785876004906303,DE,Germany,None,themis
2020-08-30,243305,9300,131972.84731940698,6436.262755732904,45.7582674752237,30.79287359426985,DE,Germany,None,themis
2020-08-31,244802,9303,131972.88764866279,6436.301207973185,46.0899471210763,30.8147779428874,DE,Germany,None,themis
2020-09-01,246015,9307,131972.92467849262,6436.336950806895,46.35574063431391,30.844128604202265,DE,Germany,None,themis
2020-09-02,247411,9322,131972.9586776841,6436.370173044505,46.65841103359022,30.95505070752516,DE,Germany,None,themis
2020-09-03,248840,9322,131972.98989408807,6436.401050921253,46.96472034476448,30.954719470915542,DE,Germany,None,themis
2020-09-04,250283,9327,131973.01855632168,6436.4297489293795,47.27048239140426,30.99142544302156,DE,Germany,None,themis
2020-09-05,251058,9329,131973.04487349198,6436.4564197995915,47.43324455962687,31.00593397149114,DE,Germany,None,themis
2020-09-06,251728,9330,131973.0690365465,6436.481205174037,47.573146794736175,31.013063181414392,DE,Germany,None,themis
2020-09-07,253626,9331,131973.09122201763,6436.504237451517,47.965472300940114,31.020209651146537,DE,Germany,None,themis
2020-09-08,254957,9336,131973.1115924454,6436.525640028061,48.23710994699286,31.056923307325825,DE,Germany,None,themis
2020-09-09,256433,9342,131973.1302960364,6436.545527224489,48.535044126131815,31.100989860581365,DE,Germany,None,themis
2020-09-10,258149,9345,131973.14746862615,6436.564005278895,48.87714170164279,31.122910590916053,DE,Germany,None,themis
2020-09-11,259735,9348,131973.16323584586,6436.581173496675,49.189303237589904,31.14483126340742,DE,Germany,None,themis
2020-09-12,260817,9352,131973.17771318444,6436.5971243134245,49.40008599394041,31.174111160036095,DE,Germany,None,themis
2020-09-13,261737,9354,131973.1910057762,6436.611943255553,49.57793853915335,31.188668556173262,DE,Germany,None,themis
2020-09-14,263222,9356,131973.2032103059,6436.62570995616,49.862396300345,31.20323097524412,DE,Germany,None,themis
2020-09-15,265014,9367,131973.2144161236,6436.638498793488,50.20141788127284,31.28388492800803,DE,Germany,None,themis
2020-06-15,187682,8807,376521.15331767034,27922.104364304756,100.61654997158509,217.0444460577354,DE,Germany,None,seir
2020-06-16,188252,8820,392344.54905782256,29118.351031271468,108.41454489610871,230.14003436815722,DE,Germany,None,seir
2020-06-17,188604,8851,408823.6796712717,30364.36280717767,116.76299530830296,243.06138071605096,DE,Germany,None,seir
2020-06-18,189817,8875,425985.0141387613,31662.194923509407,124.4187897494752,256.75712589869755,DE,Germany,None,seir
2020-06-19,190299,8887,443856.6409299654,33013.96370604215,133.2417095885766,271.4860324748751,DE,Germany,None,seir
2020-06-20,190670,8895,462467.696268017,34421.84989586163,142.54874719044264,286.97976274155855,DE,Germany,None,seir
2020-06-21,191272,8895,481848.38054502435,35888.13730786981,151.91788685485818,303.46416310140313,DE,Germany,None,seir
2020-06-22,191768,8899,502029.97735221445,37415.21431805863,161.79027645499482,320.44290727113867,DE,Germany,None,seir
2020-06-23,192480,8914,523044.85347993276,39005.57386351003,171.739844908527,337.5765522045101,DE,Germany,None,seir
2020-06-24,192871,8928,544926.4589176432,40661.813442395935,182.53415957694168,355.44145880819815,DE,Germany,None,seir
2020-06-25,193371,8940,567709.3268539284,42386.63511397823,193.58555670391547,374.1234352793985,DE,Germany,None,seir
2020-06-26,194036,8965,591429.4581082559,44182.8443109192,204.80398385261287,392.8370809918483,DE,Germany,None,seir
2020-06-27,194458,8968,616125.0668929423,46053.311935407015,216.8422316865042,413.5293480754574,DE,Germany,None,seir
2020-06-28,194693,8968,641835.6674031679,48001.01223902959,229.66550795517452,435.2476833076448,DE,Germany,None,seir
2020-06-29,195042,8976,668602.120683775,50029.05838173482,242.7990487606644,457.3647324168318,DE,Germany,None,seir
2020-06-30,195418,8990,696466.6386987462,52140.70261920652,256.3984068503138,479.9855686229869,DE,Germany,None,seir
2020-07-01,195893,8995,725472.7843312037,54339.33630286433,270.3413518253351,504.1060178195034,DE,Germany,None,seir
2020-07-02,196370,9006,755665.4713834097,56628.489879863795,284.81716727779684,528.7862522747479,DE,Germany,None,seir
2020-07-03,196780,9010,787091.0521160223,59011.83288089252,299.9852892143624,554.959299454967,DE,Germany,None,seir
2020-07-04,197198,9020,819798.6248065409,61493.1366221111,315.72360003982845,581.7420911542251,DE,Germany,None,seir
2020-07-05,197523,9023,853839.5453699725,64076.26455064345,332.2734797314604,610.1436833718658,DE,Germany,None,seir
2020-07-06,198064,9022,889266.7309701388,66765.25321035711,348.9794869184399,640.0271914249292,DE,Germany,None,seir
2020-07-07,198343,9032,926134.7089332562,69564.3195593924,366.93591855183,670.1984007904385,DE,Germany,None,seir
2020-07-08,198699,9046,964499.6167479364,72477.86097016247,385.40738340300476,701.2144701543497,DE,Germany,None,seir
2020-07-09,199001,9057,1004419.2020651852,75510.45522935326,404.730731034108,733.7248010307305,DE,Germany,None,seir
2020-07-10,199332,9063,1045952.8700093171,78666.86026296788,424.7290299647408,768.0002235790342,DE,Germany,None,seir
2020-07-11,199709,9070,1089163.2648939802,81951.96361325303,445.3751532950344,803.5497642034512,DE,Germany,None,seir
2020-07-12,199919,9071,1134116.2935689974,85370.75063662254,467.28789838334393,841.1393521841312,DE,Germany,None,seir
2020-07-13,200180,9074,1180879.6588523586,88928.42037346128,489.908911405914,880.0354901196968,DE,Germany,None,seir
2020-07-14,200456,9078,1229522.869915559,92630.3997663758,513.3629673921254,920.383341775455,DE,Germany,None,seir
2020-07-15,200890,9080,1280117.2422836004,96482.34366019428,537.2229788857585,962.5808773149149,DE,Germany,None,seir
2020-07-16,201450,9087,1332735.8978349906,100490.13480196662,561.5715551427106,1005.8670056340554,DE,Germany,None,seir
2020-07-17,202045,9088,1387453.9435600261,104659.8794263808,586.7054089732615,1051.6271943923944,DE,Germany,None,seir
2020-07-18,202426,9091,1444351.0045087843,108997.80083552445,613.5204986062978,1098.9638195525736,DE,Germany,None,seir
2020-07-19,202735,9092,1503510.33005176,113510.26035543793,641.6135990587516,1148.463048344016,DE,Germany,None,seir
2020-07-20,203325,9094,1565017.0222096015,118203.89218380245,669.7120483017835,1199.8008817220414,DE,Germany,None,seir
2020-07-21,203717,9099,1628958.0434469432,123085.61007373438,699.6181189821876,1252.7377741920473,DE,Germany,None,seir
2020-07-22,204276,9102,1695422.216672406,128162.60733378516,729.9664261452183,1308.070834253847,DE,Germany,None,seir
2020-07-23,204881,9110,1764500.2252385975,133442.35682794137,761.2317517186062,1364.7898663879405,DE,Germany,None,seir
2020-07-24,205623,9120,1836285.9396123062,138932.5559425913,793.0352828294044,1423.383288844203,DE,Germany,None,seir
2020-07-25,206278,9124,1910879.5334951195,144640.9623818926,826.3612859806278,1485.2801663951404,DE,Germany,None,seir
2020-07-26,206667,9124,1988383.6502720984,150575.59867848977,862.1195692936456,1550.3244046305322,DE,Germany,None,seir
2020-07-27,207112,9125,2068902.5943614768,156744.81907112035,898.9293688253105,1617.7514418752914,DE,Germany,None,seir
2020-07-28,207707,9131,2152542.3329492756,163157.30948711906,936.3359602465374,1686.8503941202396,DE,Germany,None,seir
2020-07-29,208546,9135,2239410.4959893003,169822.08754241784,973.8208817188056,1759.0266835513721,DE,Germany,None,seir
2020-07-30,209535,9144,2329617.066377157,176748.46974000154,1011.8033103668394,1832.9447696850561,DE,Germany,None,seir
2020-07-31,210399,9147,2423279.3977474445,183945.8131312905,1051.7542373050464,1910.9960985163498,DE,Germany,None,seir
2020-08-01,211005,9154,2520518.7345632743,191423.68953435603,1094.5303355670596,1991.1480176355258,DE,Germany,None,seir
2020-08-02,211220,9154,2621457.3928132933,199192.04860202988,1141.102827768816,2076.0110181563236,DE,Germany,None,seir
2020-08-03,212111,9154,2726218.7616041615,207261.21872433895,1185.2792932022203,2164.1601346333728,DE,Germany,None,seir
2020-08-04,212828,9163,2834927.303160551,215641.90702850532,1232.0274132917432,2253.398526994492,DE,Germany,None,seir
2020-08-05,214113,9179,2947709.348163986,224345.1557878828,1276.7073219113208,2344.1132562139974,DE,Germany,None,seir
2020-08-06,215039,9181,3064699.743391571,233381.98448960774,1325.1832195050997,2442.0105052783765,DE,Germany,None,seir
2020-08-07,216196,9195,3186037.5561089437,242763.6099856606,1373.6801587952336,2540.169766021322,DE,Germany,None,seir
2020-08-08,216903,9201,3311861.805125817,252501.6616796031,1426.886121965034,2644.284987279677,DE,Germany,None,seir
2020-08-09,217288,9202,3442311.4386998536,262608.18212844746,1484.2160812837587,2753.8163674032544,DE,Germany,None,seir
2020-08-10,218508,9203,3577525.334536665,273095.62704265624,1537.2514207885592,2867.4630777209195,DE,Germany,None,seir
2020-08-11,219540,9208,3717644.4147758638,283976.73969857226,1593.3790720487673,2984.0219341721577,DE,Germany,None,seir
2020-08-12,220859,9213,3862820.080253234,295264.08536911977,1648.9982659765885,3104.863620635187,DE,Germany,None,seir
2020-08-13,222281,9217,4013205.461447645,306970.4965314652,1705.4649121821678,3230.4816809315957,DE,Germany,None,seir
2020-08-14,223791,9230,4168951.7491003377,319109.23218485405,1762.8773047621835,3357.3047907351465,DE,Germany,None,seir
2020-08-15,224488,9235,4330208.199770241,331693.97704935784,1828.9263567630524,3491.705219808964,DE,Germany,None,seir
2020-08-16,225007,9235,4497122.23344267,344738.83427077136,1898.6588121448087,3632.959764707865,DE,Germany,None,seir
2020-08-17,226700,9236,4669846.939281808,358257.8752336485,1959.9236609094874,3778.928921975406,DE,Germany,None,seir
2020-08-18,228120,9241,4848544.660906807,372264.9463364285,2025.4360252966887,3928.4054359531274,DE,Germany,None,seir
2020-08-19,229706,9249,5033374.276856119,386774.26321845065,2091.224555238487,4081.7954721424007,DE,Germany,None,seir
2020-08-20,231292,9263,5224490.007970941,401800.4479621477,2158.828670239758,4237.692410257451,DE,Germany,None,seir
2020-08-21,233029,9266,5422041.417395217,417358.52909304586,2226.766804730406,4404.193061656009,DE,Germany,None,seir
2020-08-22,233861,9272,5626176.607908285,433463.7334395499,2305.7780510253037,4574.975554783757,DE,Germany,None,seir
2020-08-23,234494,9275,5837056.171772471,450130.6817956905,2389.2134433173005,4753.160989710949,DE,Germany,None,seir
2020-08-24,236122,9276,6054839.016473688,467374.0920656206,2464.284148225785,4938.530531108458,DE,Germany,None,seir
2020-08-25,237583,9281,6279675.7327711815,485209.0302390132,2543.15028127904,5127.982224318643,DE,Germany,None,seir
2020-08-26,239010,9285,6511708.598310789,503650.90841783345,2624.450273340358,5324.350117585713,DE,Germany,None,seir
2020-08-27,240571,9290,6751072.996976772,522715.3861411006,2706.2704968498997,5526.645706578047,DE,Germany,None,seir
2020-08-28,242126,9290,6997914.520785308,542417.3458379803,2790.1954027181337,5738.72277543574,DE,Germany,None,seir
2020-08-29,242835,9299,7252380.443441055,562771.3143396481,2886.546603018945,5951.955203136338,DE,Germany,None,seir
2020-08-30,243305,9300,7514605.443675741,583792.0582685666,2988.553644058174,6177.333959877061,DE,Germany,None,seir
2020-08-31,244802,9303,7784711.3451864915,605494.5828112096,3080.0031638575224,6408.594892090827,DE,Germany,None,seir
2020-09-01,246015,9307,8062808.05029131,627894.0648373372,3177.3644087926796,6646.471095275999,DE,Germany,None,seir
2020-09-02,247411,9322,8349012.654628148,651004.6884181508,3274.5519215508393,6883.530234050105,DE,Germany,None,seir
2020-09-03,248840,9322,8643445.31053667,674839.8246541375,3373.4951416720255,7139.217170715913,DE,Germany,None,seir
2020-09-04,250283,9327,8946208.845358567,699412.9178819621,3474.4372751479596,7398.798304727802,DE,Germany,None,seir
2020-09-05,251058,9329,9257388.013416028,724737.4958482499,3587.3503387328933,7668.651472271947,DE,Germany,None,seir
2020-09-06,251728,9330,9577050.648735514,750827.0894494789,3704.5233937962857,7947.45004769002,DE,Germany,None,seir
2020-09-07,253626,9331,9905270.695458014,777693.8352758542,3805.4634365002066,8234.517578778848,DE,Germany,None,seir
2020-09-08,254957,9336,10242123.187039206,805348.6852175844,3917.1963064513648,8526.271264112942,DE,Germany,None,seir
2020-09-09,256433,9342,10587660.41694769,833802.467479716,4028.8213361570824,8825.3100779246,DE,Germany,None,seir
2020-09-10,258149,9345,10941911.1181905,863065.8990206323,4138.602945659484,9135.590144683063,DE,Germany,None,seir
2020-09-11,259735,9348,11304883.405715367,893149.4016047971,4252.468248682451,9454.443748446696,DE,Germany,None,seir
2020-09-12,260817,9352,11676594.12190028,924061.347551134,4376.929848092831,9780.895504182357,DE,Germany,None,seir
2020-09-13,261737,9354,12057051.167319616,955808.9223197511,4506.552060778422,10118.183903354193,DE,Germany,None,seir
2020-09-14,263222,9356,12446235.178166492,988398.9374405988,4628.41752519413,10464.332379655823,DE,Germany,None,seir
2020-09-15,265014,9367,12844099.717912983,1021837.8029748002,4746.574036810502,10808.91217011637,DE,Germany,None,seir
2020-06-15,244109,27136,239886.0,27552.0,1.7299648927323452,1.5330188679245282,ES,Spain,None,delphi
2020-06-16,244328,27136,239924.0,27556.0,1.8024950067122885,1.5477594339622642,ES,Spain,None,delphi
2020-06-17,244683,27136,239957.0,27560.0,1.9314786887523856,1.5625,ES,Spain,None,delphi
2020-06-18,245268,27136,239988.0,27564.0,2.1527471989823375,1.577240566037736,ES,Spain,None,delphi
2020-06-19,245575,28315,240017.0,27568.0,2.2632596966303575,2.638177644358114,ES,Spain,None,delphi
2020-06-20,245938,28322,240042.0,27571.0,2.3973521781912517,2.6516488948520585,ES,Spain,None,delphi
2020-06-21,246272,28323,240065.0,27573.0,2.5203839656964657,2.6480245736680437,ES,Spain,None,delphi
2020-06-22,246504,28324,240086.0,27576.0,2.603608866387564,2.640869933625194,ES,Spain,None,delphi
2020-06-23,246752,28325,240105.0,27578.0,2.693797821294255,2.637246248896734,ES,Spain,None,delphi
2020-06-24,247086,28327,240123.0,27580.0,2.8180471576697994,2.637060048716772,ES,Spain,None,delphi
2020-06-25,247486,28330,240138.0,27582.0,2.9690568355381717,2.640310624779386,ES,Spain,None,delphi
2020-06-26,247905,28338,240153.0,27584.0,3.1270042960004836,2.660738231350131,ES,Spain,None,delphi
2020-06-27,248469,28341,240166.0,27585.0,3.3416643524946776,2.6675134963480467,ES,Spain,None,delphi
2020-06-28,248770,28343,240177.0,27587.0,3.454194637617076,2.6673252654976536,ES,Spain,None,delphi
2020-06-29,248970,28346,240188.0,27588.0,3.527332610354661,2.6740986382558387,ES,Spain,None,delphi
2020-06-30,249271,28355,240198.0,27589.0,3.6398136967396932,2.7014635866690178,ES,Spain,None,delphi
2020-07-01,249659,28364,240206.0,27590.0,3.7863646013161953,2.728811169087576,ES,Spain,None,delphi
2020-07-02,250103,28368,240214.0,27591.0,3.9539709639628473,2.739001692047377,ES,Spain,None,delphi
2020-07-03,250545,28385,240222.0,27592.0,4.120217924923667,2.7937290822617578,ES,Spain,None,delphi
2020-07-04,250545,28385,240228.0,27593.0,4.117823145542717,2.790206094768364,ES,Spain,None,delphi
2020-07-05,250545,28385,240234.0,27593.0,4.115428366161767,2.790206094768364,ES,Spain,None,delphi
2020-07-06,251789,28388,240239.0,27594.0,4.5871741815567795,2.796956460476258,ES,Spain,None,delphi
2020-07-07,252130,28392,240244.0,27595.0,4.714234720184033,2.8071287686672304,ES,Spain,None,delphi
2020-07-08,252513,28396,240248.0,27595.0,4.857175670163516,2.8208198337794057,ES,Spain,None,delphi
2020-07-09,253056,28401,240252.0,27596.0,5.059749620637329,2.834407239181719,ES,Spain,None,delphi
2020-07-10,253908,28403,240256.0,27596.0,5.376750634087937,2.841249163820723,ES,Spain,None,delphi
2020-07-11,253908,28403,240259.0,27596.0,5.37556910376987,2.841249163820723,ES,Spain,None,delphi
2020-07-12,253908,28403,240262.0,27597.0,5.374387573451801,2.837728408970883,ES,Spain,None,delphi
2020-07-13,255953,28406,240265.0,27597.0,6.129250292045805,2.847989861296909,ES,Spain,None,delphi
2020-07-14,256619,28409,240267.0,27597.0,6.372092479512428,2.8582491463972683,ES,Spain,None,delphi
2020-07-15,257494,28413,240269.0,27597.0,6.689476259641001,2.8719248231443353,ES,Spain,None,delphi
2020-07-16,258855,28416,240271.0,27598.0,7.1793088794885165,2.87865990990991,ES,Spain,None,delphi
2020-07-17,260255,28420,240273.0,27598.0,7.677854412018982,2.892329345531316,ES,Spain,None,delphi
2020-07-18,260255,28420,240274.0,27598.0,7.677470173483698,2.892329345531316,ES,Spain,None,delphi
2020-07-19,260255,28420,240276.0,27598.0,7.676701696413134,2.892329345531316,ES,Spain,None,delphi
2020-07-20,264836,28422,240277.0,27598.0,9.27328610913924,2.8991626205052423,ES,Spain,None,delphi
2020-07-21,266194,28424,240278.0,27598.0,9.735756628624237,2.905994933858711,ES,Spain,None,delphi
2020-07-22,267551,28426,240279.0,27599.0,10.193196811075271,2.9093083796524306,ES,Spain,None,delphi
2020-07-23,270166,28429,240280.0,27599.0,11.062087753455282,2.9195539765732175,ES,Spain,None,delphi
2020-07-24,272421,28432,240281.0,27599.0,11.797915726026995,2.929797411367473,ES,Spain,None,delphi
2020-07-25,272421,28432,240282.0,27599.0,11.797548647130727,2.929797411367473,ES,Spain,None,delphi
2020-07-26,272421,28432,240282.0,27599.0,11.797548647130727,2.929797411367473,ES,Spain,None,delphi
2020-07-27,278782,28434,240283.0,27599.0,13.809715117905746,2.9366251670535277,ES,Spain,None,delphi
2020-07-28,280610,28436,240283.0,27599.0,14.37119133316703,2.943451962301308,ES,Spain,None,delphi
2020-07-29,282641,28441,240284.0,27599.0,14.986148506409192,2.9605147498329876,ES,Spain,None,delphi
2020-07-30,285430,28443,240284.0,27599.0,15.816837753564798,2.9673381851422143,ES,Spain,None,delphi
2020-07-31,288522,28445,240285.0,27599.0,16.718655769750658,2.9741606609245914,ES,Spain,None,delphi
2020-08-01,288522,28445,240285.0,27599.0,16.718655769750658,2.9741606609245914,ES,Spain,None,delphi
2020-08-02,288522,28445,240285.0,27599.0,16.718655769750658,2.9741606609245914,ES,Spain,None,delphi
2020-08-03,297054,28472,240286.0,27599.0,19.110330108330473,3.0661702725484687,ES,Spain,None,delphi
2020-08-04,302814,28498,240286.0,27599.0,20.6489792413825,3.154607340866026,ES,Spain,None,delphi
2020-08-05,305767,28499,240286.0,27599.0,21.415326048919603,3.1580055440541774,ES,Spain,None,delphi
2020-08-06,309855,28500,240286.0,27599.0,22.452114698810735,3.1614035087719294,ES,Spain,None,delphi
2020-08-07,314362,28503,240287.0,27599.0,23.56359865378131,3.171595972353787,ES,Spain,None,delphi
2020-08-08,314362,28503,240287.0,27599.0,23.56359865378131,3.171595972353787,ES,Spain,None,delphi
2020-08-09,314362,28503,240287.0,27599.0,23.56359865378131,3.171595972353787,ES,Spain,None,delphi
2020-08-10,322980,28576,240287.0,27599.0,25.60313332094867,3.418952967525196,ES,Spain,None,delphi
2020-08-11,326612,28581,240287.0,27599.0,26.43044346196711,3.435848990588153,ES,Spain,None,delphi
2020-08-12,329784,28579,240287.0,27599.0,27.138066128132355,3.429091290807936,ES,Spain,None,delphi
2020-08-13,337334,28605,240287.0,27599.0,28.768816662417663,3.5168676804754413,ES,Spain,None,delphi
2020-08-14,342813,28617,240288.0,27600.0,29.906975523098602,3.5538316385365345,ES,Spain,None,delphi
2020-08-15,342813,28617,240288.0,27600.0,29.906975523098602,3.5538316385365345,ES,Spain,None,delphi
2020-08-16,342813,28617,240288.0,27600.0,29.906975523098602,3.5538316385365345,ES,Spain,None,delphi
2020-08-17,359082,28646,240288.0,27600.0,33.08269420355239,3.6514696641764997,ES,Spain,None,delphi
2020-08-18,364196,28670,240288.0,27600.0,34.02233961932586,3.7321241716079525,ES,Spain,None,delphi
2020-08-19,370867,28797,240288.0,27600.0,35.209118093548355,4.15668298781123,ES,Spain,None,delphi
2020-08-20,377906,28813,240288.0,27600.0,36.415934121183575,4.209905251101933,ES,Spain,None,delphi
2020-08-21,386054,28838,240288.0,27600.0,37.75793023773876,4.2929468062972465,ES,Spain,None,delphi
2020-08-22,386054,28838,240288.0,27600.0,37.75793023773876,4.2929468062972465,ES,Spain,None,delphi
2020-08-23,386054,28838,240288.0,27600.0,37.75793023773876,4.2929468062972465,ES,Spain,None,delphi
2020-08-24,405436,28872,240288.0,27600.0,40.73343265028266,4.405652535328346,ES,Spain,None,delphi
2020-08-25,412553,28924,240288.0,27600.0,41.75584712752058,4.577513483612225,ES,Spain,None,delphi
2020-08-26,419849,28971,240288.0,27600.0,42.76799516016472,4.732318525421974,ES,Spain,None,delphi
2020-08-27,429507,28996,240288.0,27600.0,44.05492809197522,4.814457166505725,ES,Spain,None,delphi
2020-08-28,439286,29011,240288.0,27600.0,45.300328259949104,4.8636724001240905,ES,Spain,None,delphi
2020-08-29,439286,29011,240288.0,27600.0,45.300328259949104,4.8636724001240905,ES,Spain,None,delphi
2020-08-30,439286,29011,240288.0,27600.0,45.300328259949104,4.8636724001240905,ES,Spain,None,delphi
2020-08-31,462858,29094,240288.0,27600.0,48.086022062922105,5.135079397813983,ES,Spain,None,delphi
2020-09-01,470973,29152,240288.0,27600.0,48.98051480658127,5.323819978046103,ES,Spain,None,delphi
2020-09-02,479554,29194,240288.0,27600.0,49.89344265713559,5.4600260327464545,ES,Spain,None,delphi
2020-09-03,488513,29234,240288.0,27600.0,50.812363232912936,5.589382226175002,ES,Spain,None,delphi
2020-09-04,498989,29418,240288.0,27600.0,51.8450306519783,6.17988986334897,ES,Spain,None,delphi
2020-09-05,498989,29418,240288.0,27600.0,51.8450306519783,6.17988986334897,ES,Spain,None,delphi
2020-09-06,498989,29418,240288.0,27600.0,51.8450306519783,6.17988986334897,ES,Spain,None,delphi
2020-09-07,525549,29516,240288.0,27600.0,54.27866859227208,6.491394497899444,ES,Spain,None,delphi
2020-09-08,534513,29594,240288.0,27600.0,55.04543388093461,6.7378522673514905,ES,Spain,None,delphi
2020-09-09,543379,29628,240288.0,27600.0,55.77893146404259,6.844876468205752,ES,Spain,None,delphi
2020-09-10,554143,29699,240288.0,27600.0,56.637907543720665,7.0675780329304025,ES,Spain,None,delphi
2020-09-11,566326,29747,240288.0,27600.0,57.57072781401526,7.217534541298281,ES,Spain,None,delphi
2020-09-12,566326,29747,240288.0,27600.0,57.57072781401526,7.217534541298281,ES,Spain,None,delphi
2020-09-13,566326,29747,240288.0,27600.0,57.57072781401526,7.217534541298281,ES,Spain,None,delphi
2020-09-14,593730,29848,240288.0,27600.0,59.529078874235765,7.531492897346556,ES,Spain,None,delphi
2020-09-15,603167,30004,240288.0,27600.0,60.16227678238365,8.012265031329155,ES,Spain,None,delphi
2020-06-15,244109,27136,347053.0,28050.0,42.17132510476877,3.368219339622641,ES,Spain,None,delphi_lookahead
2020-06-16,244328,27136,348402.0,28126.0,42.59601846697881,3.6482900943396226,ES,Spain,None,delphi_lookahead
2020-06-17,244683,27136,349676.0,28197.0,42.909805748662556,3.909935141509434,ES,Spain,None,delphi_lookahead
2020-06-18,245268,27136,350878.0,28264.0,43.059021152372104,4.15683962264151,ES,Spain,None,delphi_lookahead
2020-06-19,245575,28315,352011.0,28326.0,43.34154535274356,0.0388486667843899,ES,Spain,None,delphi_lookahead
2020-06-20,245938,28322,353080.0,28385.0,43.564638242158594,0.22244191794364804,ES,Spain,None,delphi_lookahead
2020-06-21,246272,28323,354087.0,28439.0,43.77882991164241,0.4095611340606574,ES,Spain,None,delphi_lookahead
2020-06-22,246504,28324,355034.0,28491.0,44.02768312076072,0.5896059878548228,ES,Spain,None,delphi_lookahead
2020-06-23,246752,28325,355925.0,28539.0,44.24401828556607,0.7555163283318623,ES,Spain,None,delphi_lookahead
2020-06-24,247086,28327,356763.0,28584.0,44.38818872781137,0.9072616231863593,ES,Spain,None,delphi_lookahead
2020-06-25,247486,28330,357550.0,28625.0,44.47281866449011,1.0412989763501588,ES,Spain,None,delphi_lookahead
2020-06-26,247905,28338,358289.0,28664.0,44.5267340311813,1.150398757851648,ES,Spain,None,delphi_lookahead
2020-06-27,248469,28341,358983.0,28701.0,44.47798316892651,1.2702445220704985,ES,Spain,None,delphi_lookahead
2020-06-28,248770,28343,359634.0,28735.0,44.564859106805486,1.3830575450728575,ES,Spain,None,delphi_lookahead
2020-06-29,248970,28346,360243.0,28767.0,44.69333654657188,1.4852183729626756,ES,Spain,None,delphi_lookahead
2020-06-30,249271,28355,360815.0,28796.0,44.7480854170762,1.555281255510492,ES,Spain,None,delphi_lookahead
2020-07-01,249659,28364,361350.0,28824.0,44.737421843394394,1.6217740798194893,ES,Spain,None,delphi_lookahead
2020-07-02,250103,28368,361851.0,28849.0,44.680791513896274,1.695572476029329,ES,Spain,None,delphi_lookahead
2020-07-03,250545,28385,362319.0,28873.0,44.612345087708796,1.7192178967764666,ES,Spain,None,delphi_lookahead
2020-07-04,250545,28385,362756.0,28895.0,44.78676485262129,1.796723621631143,ES,Spain,None,delphi_lookahead
2020-07-05,250545,28385,363165.0,28916.0,44.95000898042268,1.8707063589924255,ES,Spain,None,delphi_lookahead
2020-07-06,251789,28388,363547.0,28935.0,44.38557681233096,1.9268705086656333,ES,Spain,None,delphi_lookahead
2020-07-07,252130,28392,363904.0,28953.0,44.3318922777932,1.9759087066779375,ES,Spain,None,delphi_lookahead
2020-07-08,252513,28396,364236.0,28969.0,44.24445474094403,2.0178898436399493,ES,Spain,None,delphi_lookahead
2020-07-09,253056,28401,364547.0,28985.0,44.05783700050582,2.0562656244498436,ES,Spain,None,delphi_lookahead
2020-07-10,253908,28403,364836.0,28999.0,43.68826504088095,2.0983698905045243,ES,Spain,None,delphi_lookahead
2020-07-11,253908,28403,365105.0,29012.0,43.794208926067704,2.1441397035524417,ES,Spain,None,delphi_lookahead
2020-07-12,253908,28403,365356.0,29024.0,43.89306362934606,2.1863887617505195,ES,Spain,None,delphi_lookahead
2020-07-13,255953,28406,365589.0,29035.0,42.83442663301466,2.214320918115891,ES,Spain,None,delphi_lookahead
2020-07-14,256619,28409,365806.0,29046.0,42.548291435942,2.2422471751909607,ES,Spain,None,delphi_lookahead
2020-07-15,257494,28413,366008.0,29056.0,42.14234118076538,2.263048604512019,ES,Spain,None,delphi_lookahead
2020-07-16,258855,28416,366196.0,29064.0,41.46761700565954,2.2804054054054053,ES,Spain,None,delphi_lookahead
2020-07-17,260255,28420,366370.0,29073.0,40.773472171524084,2.2976776917663617,ES,Spain,None,delphi_lookahead
2020-07-18,260255,28420,366532.0,29080.0,40.83571881423988,2.322308233638283,ES,Spain,None,delphi_lookahead
2020-07-19,260255,28420,366682.0,29087.0,40.89335459453228,2.3469387755102042,ES,Spain,None,delphi_lookahead
2020-07-20,264836,28422,366821.0,29094.0,38.508737482819555,2.3643656322567024,ES,Spain,None,delphi_lookahead
2020-07-21,266194,28424,366951.0,29100.0,37.85096583694599,2.378271882915846,ES,Spain,None,delphi_lookahead
2020-07-22,267551,28426,367070.0,29106.0,37.1962728601276,2.3921761767396044,ES,Spain,None,delphi_lookahead
2020-07-23,270166,28429,367182.0,29111.0,35.909773990805654,2.398958809666186,ES,Spain,None,delphi_lookahead
2020-07-24,272421,28432,367284.0,29115.0,34.822205336592994,2.4022228474957794,ES,Spain,None,delphi_lookahead
2020-07-25,272421,28432,367380.0,29120.0,34.85744491063464,2.4198086662915026,ES,Spain,None,delphi_lookahead
2020-07-26,272421,28432,367468.0,29124.0,34.88974785350615,2.433877321328081,ES,Spain,None,delphi_lookahead
2020-07-27,278782,28434,367550.0,29127.0,31.841367089697325,2.4372230428360413,ES,Spain,None,delphi_lookahead
2020-07-28,280610,28436,367625.0,29131.0,31.009229892020958,2.4440849627233083,ES,Spain,None,delphi_lookahead
2020-07-29,282641,28441,367695.0,29134.0,30.09259095460319,2.436623184838789,ES,Spain,None,delphi_lookahead
2020-07-30,285430,28443,367759.0,29137.0,28.84384963038223,2.4399676546074605,ES,Spain,None,delphi_lookahead
2020-07-31,288522,28445,367819.0,29140.0,27.483866048342936,2.4433116540692565,ES,Spain,None,delphi_lookahead
2020-08-01,288522,28445,367874.0,29142.0,27.50292871947373,2.4503427667428372,ES,Spain,None,delphi_lookahead
2020-08-02,288522,28445,367925.0,29144.0,27.520605014522285,2.4573738794164175,ES,Spain,None,delphi_lookahead
2020-08-03,297054,28472,367972.0,29146.0,23.873773791970486,2.3672379881989323,ES,Spain,None,delphi_lookahead
2020-08-04,302814,28498,368015.0,29148.0,21.5316993269796,2.2808618148642013,ES,Spain,None,delphi_lookahead
2020-08-05,305767,28499,368055.0,29150.0,20.371066858097834,2.284290676865855,ES,Spain,None,delphi_lookahead
2020-08-06,309855,28500,368092.0,29152.0,18.794920204611834,2.287719298245614,ES,Spain,None,delphi_lookahead
2020-08-07,314362,28503,368126.0,29153.0,17.10257601109549,2.280461705785356,ES,Spain,None,delphi_lookahead
2020-08-08,314362,28503,368157.0,29154.0,17.11243725386656,2.283970108409641,ES,Spain,None,delphi_lookahead
2020-08-09,314362,28503,368186.0,29156.0,17.1216622874266,2.2909869136582115,ES,Spain,None,delphi_lookahead
2020-08-10,322980,28576,368212.0,29157.0,14.004582327079076,2.033174692049272,ES,Spain,None,delphi_lookahead
2020-08-11,326612,28581,368237.0,29158.0,12.744479688437657,2.018823694062489,ES,Spain,None,delphi_lookahead
2020-08-12,329784,28579,368259.0,29159.0,11.666727312422678,2.0294621925189826,ES,Spain,None,delphi_lookahead
2020-08-13,337334,28605,368280.0,29160.0,9.17369728518323,1.9402202412165706,ES,Spain,None,delphi_lookahead
2020-08-14,342813,28617,368299.0,29160.0,7.4343738422988626,1.8974735297200964,ES,Spain,None,delphi_lookahead
2020-08-15,342813,28617,368316.0,29161.0,7.439332814099815,1.9009679561100046,ES,Spain,None,delphi_lookahead
2020-08-16,342813,28617,368332.0,29162.0,7.444000081677182,1.9044623824999125,ES,Spain,None,delphi_lookahead
2020-08-17,359082,28646,368347.0,29162.0,2.5801905971338024,1.8012986106262654,ES,Spain,None,delphi_lookahead
2020-08-18,364196,28670,368361.0,29163.0,1.143614976551088,1.7195674921520754,ES,Spain,None,delphi_lookahead
2020-08-19,370867,28797,368373.0,29163.0,0.6724782738825509,1.2709657255964162,ES,Spain,None,delphi_lookahead
2020-08-20,377906,28813,368385.0,29164.0,2.51940958862786,1.2182001180022906,ES,Spain,None,delphi_lookahead
2020-08-21,386054,28838,368395.0,29164.0,4.574230548058043,1.1304528746792426,ES,Spain,None,delphi_lookahead
2020-08-22,386054,28838,368405.0,29165.0,4.571640236858056,1.133920521534087,ES,Spain,None,delphi_lookahead
2020-08-23,386054,28838,368413.0,29165.0,4.569567987898067,1.133920521534087,ES,Spain,None,delphi_lookahead
2020-08-24,405436,28872,368422.0,29165.0,9.129431032271432,1.014824050983652,ES,Spain,None,delphi_lookahead
2020-08-25,412553,28924,368429.0,29166.0,10.695353081907053,0.8366754252523855,ES,Spain,None,delphi_lookahead
2020-08-26,419849,28971,368436.0,29166.0,12.24559305845673,0.6730868799834316,ES,Spain,None,delphi_lookahead
2020-08-27,429507,28996,368442.0,29166.0,14.217463277664857,0.5862877638294938,ES,Spain,None,delphi_lookahead
2020-08-28,439286,29011,368448.0,29167.0,16.125713088967096,0.5377270690427769,ES,Spain,None,delphi_lookahead
2020-08-29,439286,29011,368453.0,29167.0,16.124574878325284,0.5377270690427769,ES,Spain,None,delphi_lookahead
2020-08-30,439286,29011,368458.0,29167.0,16.123436667683468,0.5377270690427769,ES,Spain,None,delphi_lookahead
2020-08-31,462858,29094,368462.0,29167.0,20.394159763901673,0.25091084072317316,ES,Spain,None,delphi_lookahead
2020-09-01,470973,29152,368466.0,29167.0,21.76494193934684,0.051454445664105376,ES,Spain,None,delphi_lookahead
2020-09-02,479554,29194,368470.0,29167.0,23.16402323825888,0.09248475714187847,ES,Spain,None,delphi_lookahead
2020-09-03,488513,29234,368473.0,29168.0,24.57252928785928,0.22576452076349457,ES,Spain,None,delphi_lookahead
2020-09-04,498989,29418,368476.0,29168.0,26.15548639348763,0.8498198381943027,ES,Spain,None,delphi_lookahead
2020-09-05,498989,29418,368479.0,29168.0,26.154885177829573,0.8498198381943027,ES,Spain,None,delphi_lookahead
2020-09-06,498989,29418,368481.0,29168.0,26.15448436739086,0.8498198381943027,ES,Spain,None,delphi_lookahead
2020-09-07,525549,29516,368484.0,29168.0,29.885890754239853,1.1790215476351809,ES,Spain,None,delphi_lookahead
2020-09-08,534513,29594,368486.0,29168.0,31.061358657319843,1.439480975873488,ES,Spain,None,delphi_lookahead
2020-09-09,543379,29628,368488.0,29168.0,32.185822418606534,1.5525853921965709,ES,Spain,None,delphi_lookahead
2020-09-10,554143,29699,368490.0,29168.0,33.50272402610878,1.7879389878447085,ES,Spain,None,delphi_lookahead
2020-09-11,566326,29747,368491.0,29168.0,34.933059757101034,1.9464147645140686,ES,Spain,None,delphi_lookahead
2020-09-12,566326,29747,368493.0,29168.0,34.932706603617,1.9464147645140686,ES,Spain,None,delphi_lookahead
2020-09-13,566326,29747,368494.0,29168.0,34.93253002687498,1.9464147645140686,ES,Spain,None,delphi_lookahead
2020-09-14,593730,29848,368495.0,29168.0,37.93559361999562,2.278209595282766,ES,Spain,None,delphi_lookahead
2020-09-15,603167,30004,368497.0,29168.0,38.90630621370201,2.7862951606452473,ES,Spain,None,delphi_lookahead
2020-06-15,244109,27136,183181.2516222085,21087.750992276375,24.95923885550778,22.288653477755105,ES,Spain,None,delphi_constant
2020-06-16,244328,27136,183210.03316016519,21091.262006620003,25.01472071962068,22.27571489305718,ES,Spain,None,delphi_constant
2020-06-17,244683,27136,183236.23406788902,21094.44887992089,25.112805520657744,22.263970813970783,ES,Spain,None,delphi_constant
2020-06-18,245268,27136,183260.0798723516,21097.340507534558,25.281700069984016,22.253314757021823,ES,Spain,None,delphi_constant
2020-06-19,245575,28315,183281.77847275,21099.963321003863,25.366271618548303,25.481323252679278,ES,Spain,None,delphi_constant
2020-06-20,245938,28322,183301.52048045403,21102.341583336794,25.468402410178975,25.491343890485158,ES,Spain,None,delphi_constant
2020-06-21,246272,28323,183319.48055409064,21104.49742249271,25.56219117313757,25.486362947100556,ES,Spain,None,delphi_constant
2020-06-22,246504,28324,183335.81836666763,21106.451132620652,25.62562134218202,25.48209598707579,ES,Spain,None,delphi_constant
2020-06-23,246752,28325,183350.6795627959,21108.221196526305,25.694349159157408,25.478477682166616,ES,Spain,None,delphi_constant
2020-06-24,247086,28327,183364.1970868163,21109.824514033455,25.789321496638294,25.478079168166573,ES,Spain,None,delphi_constant
2020-06-25,247486,28330,183376.49207680864,21111.276501675035,25.90429677767282,25.48084538766313,ES,Spain,None,delphi_constant
2020-06-26,247905,28338,183387.6747555527,21112.591167700124,26.02501976339618,25.497243391558598,ES,Spain,None,delphi_constant
2020-06-27,248469,28341,183397.84569387595,21113.781322195282,26.188842192033633,25.50093037579732,ES,Spain,None,delphi_constant
2020-06-28,248770,28343,183407.0962247229,21114.85857364234,26.274431714144438,25.502386572902157,ES,Spain,None,delphi_constant
2020-06-29,248970,28346,183415.50958218062,21115.83349952556,26.330276907988665,25.50683165340591,ES,Spain,None,delphi_constant
2020-06-30,249271,28355,183423.16152725279,21116.715723399273,26.416164926023168,25.527364756130233,ES,Spain,None,delphi_constant
2020-07-01,249659,28364,183430.12084373465,21117.5139531167,26.52773549371957,25.548180957845506,ES,Spain,None,delphi_constant
2020-07-02,250103,28368,183436.45028353864,21118.236131935046,26.65563776382585,25.55613320665875,ES,Spain,None,delphi_constant
2020-07-03,250545,28385,183442.2067936038,21118.889441572763,26.78273092913297,25.598416622960148,ES,Spain,None,delphi_constant
2020-07-04,250545,28385,183447.44221915046,21119.480403019625,26.7806413142747,25.59633467317377,ES,Spain,None,delphi_constant
2020-07-05,250545,28385,183452.2037686788,21120.01494240746,26.778740837502724,25.594451497595706,ES,Spain,None,delphi_constant
2020-07-06,251789,28388,183456.5342667622,21120.49840670129,27.138781175205352,25.60061150239084,ES,Spain,None,delphi_constant
2020-07-07,252130,28392,183460.47277985903,21120.935664522833,27.235762194162128,25.609553168065535,ES,Spain,None,delphi_constant
2020-07-08,252513,28396,183464.05476910147,21121.331113403874,27.34470907672022,25.618639549922968,ES,Spain,None,delphi_constant
2020-07-09,253056,28401,183467.31249204243,21121.688735343803,27.49932327546376,25.630475210929887,ES,Spain,None,delphi_constant
2020-07-10,253908,28403,183470.2753394214,21122.012148127193,27.741435740732307,25.634573291105895,ES,Spain,None,delphi_constant
2020-07-11,253908,28403,183472.96996117113,21122.304609905008,27.74037448163464,25.633543604883258,ES,Spain,None,delphi_constant
2020-07-12,253908,28403,183475.42066357934,21122.56908305161,27.739409288569348,25.632612459769703,ES,Spain,None,delphi_constant
2020-07-13,255953,28406,183477.6495251887,21122.80824394713,28.31588239825722,25.639624572459592,ES,Spain,None,delphi_constant
2020-07-14,256619,28409,183479.6766084123,21123.024509640993,28.50113335005892,25.646715795554254,ES,Spain,None,delphi_constant
2020-07-15,257494,28413,183481.5202074844,21123.220077167014,28.74338034770348,25.656494994660843,ES,Spain,None,delphi_constant
2020-07-16,258855,28416,183483.19690785778,21123.3969234069,29.11738351283236,25.663721412560175,ES,Spain,None,delphi_constant
2020-07-17,260255,28420,183484.7218258532,21123.556842328144,29.49809923887987,25.673621244447066,ES,Spain,None,delphi_constant
2020-07-18,260255,28420,183486.10871152318,21123.701457667055,29.497566343961427,25.673112393852726,ES,Spain,None,delphi_constant
2020-07-19,260255,28420,183487.3700398458,21123.832231402517,29.497081693014245,25.672652247000293,ES,Spain,None,delphi_constant
2020-07-20,264836,28422,183488.51719507392,21123.950493218308,30.716172576585542,25.677466423128887,ES,Spain,None,delphi_constant
2020-07-21,266194,28424,183489.56050459482,21124.05744069227,31.069235029867382,25.682319727370277,ES,Spain,None,delphi_constant
2020-07-22,267551,28426,183490.50936391525,21124.154156751047,31.41849241306695,25.68720834183126,ES,Spain,None,delphi_constant
2020-07-23,270166,28429,183491.3723371446,21124.241624689534,32.081989466792784,25.694742605474925,ES,Spain,None,delphi_constant
2020-07-24,272421,28432,183492.15718483628,21124.320727994374,32.643901466907366,25.702304698950567,ES,Spain,None,delphi_constant
2020-07-25,272421,28432,183492.87098481815,21124.39226898142,32.64363944599787,25.702053077583635,ES,Spain,None,delphi_constant
2020-07-26,272421,28432,183493.520173993,21124.456973358516,32.6434011423521,25.70182550169346,ES,Spain,None,delphi_constant
2020-07-27,278782,28434,183494.11058986705,21124.515493859795,34.18007238994374,25.70684569930437,ES,Spain,None,delphi_constant
2020-07-28,280610,28436,183494.6475620999,21124.568424432902,34.6086570107623,25.711884848667527,ES,Spain,None,delphi_constant
2020-07-29,282641,28441,183495.13592672045,21124.61630017887,35.078372944222366,25.724776554344537,ES,Spain,None,delphi_constant
2020-07-30,285430,28443,183495.5800783424,21124.65960395608,35.71258099066587,25.72984704863735,ES,Spain,None,delphi_constant
2020-07-31,288522,28445,183495.9840277435,21124.698775005745,36.40138913921867,25.734931358742326,ES,Spain,None,delphi_constant
2020-08-01,288522,28445,183496.35140889086,21124.73420797035,36.401261807109734,25.73480679215908,ES,Spain,None,delphi_constant
2020-08-02,288522,28445,183496.68553077857,21124.766260185002,36.40114600246131,25.73469411079275,ES,Spain,None,delphi_constant
2020-08-03,297054,28472,183496.98941049745,21124.795256268437,38.22773320322317,25.805018065929907,ES,Spain,None,delphi_constant
2020-08-04,302814,28498,183497.26577971253,21124.821487469973,39.40264790276786,25.872617420626103,ES,Spain,None,delphi_constant
2020-08-05,305767,28499,183497.51712966213,21124.845218217633,39.98779556666935,25.875135203980378,ES,Spain,None,delphi_constant
2020-08-06,309855,28500,183497.7457296111,21124.866688369577,40.779478875728614,25.877660742562885,ES,Spain,None,delphi_constant
2020-08-07,314362,28503,183497.95363355483,21124.886113018176,41.628455845949944,25.885394123361838,ES,Spain,None,delphi_constant
2020-08-08,314362,28503,183498.14271662905,21124.903687798036,41.62839569775321,25.885332463958054,ES,Spain,None,delphi_constant
2020-08-09,314362,28503,183498.31468570192,21124.919589974943,41.628340993599124,25.88527667271886,ES,Spain,None,delphi_constant
2020-08-10,322980,28576,183498.47108546767,21124.93397848002,43.185809930810684,26.07455914585659,ES,Spain,None,delphi_constant
2020-08-11,326612,28581,183498.61332695463,21124.94699801672,43.817553143499126,26.087446212460307,ES,Spain,None,delphi_constant
2020-08-12,329784,28579,183498.74269425392,21124.958779662702,44.357900112117655,26.08223247957346,ES,Spain,None,delphi_constant
2020-08-13,337334,28605,183498.86034910395,21124.969440891837,45.603212143127,26.14938143369398,ES,Spain,None,delphi_constant
2020-08-14,342813,28617,183498.96735299082,21124.97908870942,46.47257619956337,26.18031558615711,ES,Spain,None,delphi_constant
2020-08-15,342813,28617,183499.06467221168,21124.98782010937,46.47254781113561,26.1802850749227,ES,Spain,None,delphi_constant
2020-08-16,342813,28617,183499.15318052625,21124.995721952768,46.47252199288643,26.180257462512607,ES,Spain,None,delphi_constant
2020-08-17,359082,28646,183499.2336761914,21125.00287334338,48.897679728810864,26.25496448598974,ES,Spain,None,delphi_constant
2020-08-18,364196,28670,183499.30688652702,21125.00934610128,49.61523276298284,26.316674760721032,ES,Spain,None,delphi_constant
2020-08-19,370867,28797,183499.37346886436,21125.015204497144,50.521514864125315,26.641611263335957,ES,Spain,None,delphi_constant
2020-08-20,377906,28813,183499.43402320388,21125.02050697984,51.44310118833681,26.682329132753136,ES,Spain,None,delphi_constant
2020-08-21,386054,28838,183499.4890970354,21125.025306746655,52.46792181999529,26.745872436553665,ES,Spain,None,delphi_constant
2020-08-22,386054,28838,183499.53918518397,21125.02965141913,52.46790884560606,26.745857370763826,ES,Spain,None,delphi_constant
2020-08-23,386054,28838,183499.58473833365,21125.033584155244,52.46789704592268,26.7458437334238,ES,Spain,None,delphi_constant
2020-08-24,405436,28872,183499.62616848413,21125.037144343987,54.740174486605994,26.832096341285723,ES,Spain,None,delphi_constant
2020-08-25,412553,28924,183499.66384856348,21125.04036735017,55.52094789067987,26.963627550303652,ES,Spain,None,delphi_constant
2020-08-26,419849,28971,183499.69811689117,21125.043285024225,56.29388229651823,27.082105260349227,ES,Spain,None,delphi_constant
2020-08-27,429507,28996,183499.729283233,21125.04592649335,57.27666154841877,27.144965076240346,ES,Spain,None,delphi_constant
2020-08-28,439286,29011,183499.75762899025,21125.048318080164,58.22772461927076,27.182626182895582,ES,Spain,None,delphi_constant
2020-08-29,439286,29011,183499.78340822912,21125.05048331327,58.22771875082996,27.182618719405504,ES,Spain,None,delphi_constant
2020-08-30,439286,29011,183499.80685352316,21125.052443690944,58.227713413693316,27.182611962045627,ES,Spain,None,delphi_constant
2020-08-31,462858,29094,183499.82817706544,21125.054218788304,60.35504881042015,27.390340899194666,ES,Spain,None,delphi_constant
2020-09-01,470973,29152,183499.84757030618,21125.05582608441,61.03813858325081,27.53479752303647,ES,Spain,None,delphi_constant
2020-09-02,479554,29194,183499.86520748897,21125.057281407728,61.73530713798884,27.63904473039759,ES,Spain,None,delphi_constant
2020-09-03,488513,29234,183499.88124822284,21125.058599250086,62.437052596712306,27.738049533932802,ES,Spain,None,delphi_constant
2020-09-04,498989,29418,183499.89583736364,21125.059792689797,63.22566312336271,28.190020420525535,ES,Spain,None,delphi_constant
2020-09-05,498989,29418,183499.90910549427,21125.060873392238,63.225660464360075,28.190016746916047,ES,Spain,None,delphi_constant
2020-09-06,498989,29418,183499.92117227564,21125.061852033905,63.225658046114106,28.190013420239634,ES,Spain,None,delphi_constant
2020-09-07,525549,29516,183499.9321470564,21125.062738363893,65.08414398142583,28.4284363112756,ES,Spain,None,delphi_constant
2020-09-08,534513,29594,183499.94212853909,21125.06354109697,65.66969519384203,28.61707257857346,ES,Spain,None,delphi_constant
2020-09-09,543379,29628,183499.95120611475,21125.064268066893,66.22984119627098,28.698986539533912,ES,Spain,None,delphi_constant
2020-09-10,554143,29699,183499.95946184755,21125.064926465835,66.88581116032368,28.869440296084598,ES,Spain,None,delphi_constant
2020-09-11,566326,29747,183499.96697057522,21125.065522842913,67.59817367195305,28.98421513818902,ES,Spain,None,delphi_constant
2020-09-12,566326,29747,183499.97379961287,21125.066063017483,67.59817246610382,28.984213322293062,ES,Spain,None,delphi_constant
2020-09-13,566326,29747,183499.98001018548,21125.066552257227,67.59817136946114,28.984211677623872,ES,Spain,None,delphi_constant
2020-09-14,593730,29848,183499.98565851382,21125.06699540196,69.09369820313714,29.224514220711733,ES,Spain,None,delphi_constant
2020-09-15,603167,30004,183499.9907956948,21125.06739683714,69.57724961814974,29.592496344363617,ES,Spain,None,delphi_constant
2020-06-15,244109,27136,183181.25165417467,21087.75098006709,24.959238842412745,22.288653522748053,ES,Spain,None,themis
2020-06-16,244328,27136,183210.24970994992,21091.262565193756,25.014632088851908,22.27571283463386,ES,Spain,None,themis
2020-06-17,244683,27136,183237.749273052,21094.456627431005,25.11218626833413,22.263942263299654,ES,Spain,None,themis
2020-06-18,245268,27136,183264.59501096833,21097.374491098955,25.27985916998209,22.253189522778026,ES,Spain,None,themis
2020-06-19,245575,28315,183291.30054742855,21100.056965474676,25.36239415761843,25.480992528784473,ES,Spain,None,themis
2020-06-20,245938,28322,183318.1806789222,21102.54189124839,25.461628264472267,25.490636638484602,ES,Spain,None,themis
2020-06-21,246272,28323,183345.43083858208,21104.863121038452,25.55165392794062,25.485071775452983,ES,Spain,None,themis
2020-06-22,246504,28324,183373.3185499295,21107.050635391668,25.61040853295301,25.479979397713358,ES,Spain,None,themis
2020-06-23,246752,28325,183402.53587220394,21109.133970524963,25.673333601266073,25.47525517908221,ES,Spain,None,themis
2020-06-24,247086,28327,183433.6703805695,21111.1437293248,25.761204446804147,25.473422073199426,ES,Spain,None,themis
2020-06-25,247486,28330,183467.15587389242,21113.109748380866,25.867662868246118,25.47437434387269,ES,Spain,None,themis
2020-06-26,247905,28338,183503.34776016188,21115.060139504792,25.978359548955492,25.488530808438163,ES,Spain,None,themis
2020-06-27,248469,28341,183542.56655967497,21117.02103119942,26.130597153095568,25.489499201865073,ES,Spain,None,themis
2020-06-28,248770,28343,183585.1234563796,21119.016664266073,26.20286873160767,25.487715964202547,ES,Spain,None,themis
2020-06-29,248970,28346,183631.33543821322,21121.069652894726,26.243589413096668,25.488359370300124,ES,Spain,None,themis
2020-06-30,249271,28355,183681.5349078711,21123.20130129431,26.31251332570933,25.50449197215902,ES,Spain,None,themis
2020-07-01,249659,28364,183736.0767435379,21125.431955990596,26.40518597625645,25.520265279965464,ES,Spain,None,themis
2020-07-02,250103,28368,183795.34210534193,21127.7813035457,26.512140156118907,25.522485534596374,ES,Spain,None,themis
2020-07-03,250545,28385,183859.74383020218,21130.26872277492,26.616079414794875,25.558327557601128,ES,Spain,None,themis
2020-07-04,250545,28385,183929.72833052318,21132.913491804593,26.58814650840241,25.549010069386675,ES,Spain,None,themis
2020-07-05,250545,28385,184005.78093206504,21135.7351389319,26.55779164139574,25.539069441846397,ES,Spain,None,themis
2020-07-06,251789,28388,184088.4282784515,21138.753618019517,26.88781945261648,25.53630541771341,ES,Spain,None,themis
2020-07-07,252130,28392,184178.24159932492,21141.98950995102,26.95108015732959,25.53539902102345,ES,Spain,None,themis
2020-07-08,252513,28396,184275.84297917527,21145.464342608208,27.023225347140432,25.533651420593717,ES,Spain,None,themis
2020-07-09,253056,28401,184381.90771637202,21149.20069196042,27.137903184918745,25.53360553515573,ES,Spain,None,themis
2020-07-10,253908,28403,184497.1683539798,21153.222394770666,27.337000664027993,25.524689663871193,ES,Spain,None,themis
2020-07-11,253908,28403,184622.42265249003,21157.554809466772,27.2876700803086,25.509436293818354,ES,Spain,None,themis
2020-07-12,253908,28403,184758.5369864618,21162.22492832037,27.234062342871507,25.49299395021522,ES,Spain,None,themis
2020-07-13,255953,28406,184906.4512159398,21167.26163367997,27.75765425060859,25.483131614166126,ES,Spain,None,themis
2020-07-14,256619,28409,185067.1882833293,21172.69591913003,27.88250742021078,25.47187187465229,ES,Spain,None,themis
2020-07-15,257494,28413,185241.85963675482,21178.561016539443,28.059737455336897,25.46172168887677,ES,Spain,None,themis
2020-07-16,258855,28416,185431.6711915157,21184.892711993492,28.36465542812938,25.447308868266145,ES,Spain,None,themis
2020-07-17,260255,28420,185637.9344951314,21191.729576801714,28.670751956684253,25.43374533145069,ES,Spain,None,themis
2020-07-18,260255,28420,185862.07507049458,21199.113126754168,28.58462851030928,25.40776521198393,ES,Spain,None,themis
2020-07-19,260255,28420,186105.63952079092,21207.088189963943,28.491041662680477,25.37970376508113,ES,Spain,None,themis
2020-07-20,264836,28422,186370.30973112246,21215.70318525332,29.628030278692304,25.354643637839285,ES,Spain,None,themis
2020-07-21,266194,28424,186657.91345596488,21225.010319664885,29.87899296905081,25.327151985417657,ES,Spain,None,themis
2020-07-22,267551,28426,186970.43357504357,21235.066048240522,30.11783414188563,25.2970307175103,ES,Spain,None,themis
2020-07-23,270166,28429,187310.02660590713,21245.931395198444,30.668542079348576,25.266694589333273,ES,Spain,None,themis
2020-07-24,272421,28432,187679.0352987792,21257.672217558327,31.106986870036014,25.23328567262828,ES,Spain,None,themis
2020-07-25,272421,28432,188080.00109146495,21270.359785970664,30.959800789416036,25.188661416816743,ES,Spain,None,themis
2020-07-26,272421,28432,188515.68824396422,21284.07114868416,30.799869230358812,25.140436308792342,ES,Spain,None,themis
2020-07-27,278782,28434,188989.0985078758,21298.8895066215,32.20900255114182,25.093586879716185,ES,Spain,None,themis
2020-07-28,280610,28436,189503.48807978438,21314.90492494056,32.467307622756,25.042534375648607,ES,Spain,None,themis
2020-07-29,282641,28441,190062.39879772541,21332.214755858113,32.75483783395706,24.994849844034622,ES,Spain,None,themis
2020-07-30,285430,28443,190669.67465578543,21350.92417609782,33.199147021761746,24.93434526562663,ES,Spain,None,themis
2020-07-31,288522,28445,191329.486207953,21371.147043389763,33.686344123514665,24.8685285871339,ES,Spain,None,themis
2020-08-01,288522,28445,192046.3689437135,21393.006386954105,33.437876853857425,24.791680833348202,ES,Spain,None,themis
2020-08-02,288522,28445,192825.24218217982,21416.63518352776,33.16792404663082,24.708612467822956,ES,Spain,None,themis
2020-08-03,297054,28472,193671.44501667382,21442.17736378949,34.80261332394991,24.69030147587282,ES,Spain,None,themis
2020-08-04,302814,28498,194590.78089078734,21469.788385545573,35.73917292767595,24.662122304914124,ES,Spain,None,themis
2020-08-05,305767,28499,195589.5405347887,21499.636350731176,36.03314270840584,24.560032454713582,ES,Spain,None,themis
2020-08-06,309855,28500,196674.5540743381,21531.903140876304,36.5269064322544,24.449462663591916,ES,Spain,None,themis
2020-08-07,314362,28503,197853.2402280708,21566.785125045462,37.06197306669674,24.335034469896282,ES,Spain,None,themis
2020-08-08,314362,28503,199133.63621195225,21604.49472327193,36.654673207336685,24.202734016517798,ES,Spain,None,themis
2020-08-09,314362,28503,200524.47074137468,21645.26162367821,36.21224233801328,24.059707316148447,ES,Spain,None,themis
2020-08-10,322980,28576,202035.21604964774,21689.333755221483,37.44652422761541,24.099475940574315,ES,Spain,None,themis
2020-08-11,326612,28581,203676.12912444698,21736.979345068845,37.63972875324637,23.94605036538664,ES,Spain,None,themis
2020-08-12,329784,28579,205458.35009472453,21788.48818013836,37.69911514969661,23.76049483838357,ES,Spain,None,themis
2020-08-13,337334,28605,207393.95428066805,21844.173079122254,38.51970027312158,23.635122953601627,ES,Spain,None,themis
2020-08-14,342813,28617,209496.01339508782,21904.372363914077,38.88912806833819,23.456783157165052,ES,Spain,None,themis
2020-08-15,342813,28617,211778.72056301852,21969.451209937302,38.223252746244015,23.229369920196728,ES,Spain,None,themis
2020-08-16,342813,28617,214257.4373198758,22039.803877323557,37.5002005991967,22.983527702681776,ES,Spain,None,themis
2020-08-17,359082,28646,216948.79473680013,22115.85648937507,39.58238097793815,22.796004714881416,ES,Spain,None,themis
2020-08-18,364196,28670,219870.8330466969,22198.06850684032,39.62843275414972,22.573880338889705,ES,Spain,None,themis
2020-08-19,370867,28797,223043.04637078114,22286.936091489933,39.85902051927479,22.606743440323875,ES,Spain,None,themis
2020-08-20,377906,28813,226486.54459810889,22382.99485867902,40.06802098984698,22.31633339576226,ES,Spain,None,themis
2020-08-21,386054,28838,230224.18790478984,22486.821831099256,40.364770756218086,22.023643001944464,ES,Spain,None,themis
2020-08-22,386054,28838,234280.64236289661,22599.0400660261,39.31402281471074,21.63450979254421,ES,Spain,None,themis
2020-08-23,386054,28838,238682.6174066664,22720.32096229071,38.173774288916476,21.213950474059544,ES,Spain,None,themis
2020-08-24,405436,28872,243458.96384572846,22851.387602967705,39.95132059172632,20.85277222579764,ES,Spain,None,themis
2020-08-25,412553,28924,248640.7840286438,22993.01993849071,39.7311899250172,20.505393657548368,ES,Spain,None,themis
2020-08-26,419849,28971,254261.72560207706,23146.05678529749,39.43972104207059,20.106117202383455,ES,Spain,None,themis
2020-08-27,429507,28996,260358.01144092903,23311.40147594281,39.38212614906648,19.604767981987827,ES,Spain,None,themis
2020-08-28,439286,29011,266968.69234345836,23490.026270146325,39.22667866869002,19.030621936002465,ES,Spain,None,themis
2020-08-29,439286,29011,274135.8979999543,23682.97508360678,37.59512071863107,18.365533474865465,ES,Spain,None,themis
2020-08-30,439286,29011,281904.8427369266,23891.371462942578,35.82658160357338,17.647197742433637,ES,Spain,None,themis
2020-08-31,462858,29094,290324.262011803,24116.42070061318,37.27573856089708,17.108611051717947,ES,Spain,None,themis
2020-09-01,470973,29152,299446.4678100249,24359.41618820923,36.41961050632947,16.439982888963947,ES,Spain,None,themis
2020-09-02,479554,29194,309327.53592189174,24621.746171035273,35.496829153360885,15.661621665289879,ES,Spain,None,themis
2020-09-03,488513,29234,320027.7416155692,24904.895449163076,34.489411414728124,14.808457791738814,ES,Spain,None,themis
2020-09-04,498989,29418,331611.4149689998,25210.456112208896,33.54334164300219,14.302617063672255,ES,Spain,None,themis
2020-09-05,498989,29418,344147.51036553015,25540.12862389544,31.031042695223714,13.181968101517977,ES,Spain,None,themis
2020-09-06,498989,29418,357709.6002550774,25895.72957538392,28.313129096016667,11.97318112929526,ES,Spain,None,themis
2020-09-07,525549,29516,372376.0226913951,26279.198679623973,29.145327516293424,10.966260063613047,ES,Spain,None,themis
2020-09-08,534513,29594,388230.38847481494,26692.59908642009,27.367456268638,9.80401741427286,ES,Spain,None,themis
2020-09-09,543379,29628,405361.180398225,27138.130548178557,25.399917847722303,8.403771607335775,ES,Spain,None,themis
2020-09-10,554143,29699,423862.53615901206,27618.125146259037,23.51026068018326,7.0065485495840365,ES,Spain,None,themis
2020-09-11,566326,29747,443833.759943746,28135.05966795313,21.62928067160152,5.418833267377786,ES,Spain,None,themis
2020-09-12,566326,29747,465379.7511487342,28691.554019400995,17.82475974107949,3.548075370958431,ES,Spain,None,themis
2020-09-13,566326,29747,488610.9419093798,29290.375202402767,13.722671763369545,1.535028061980142,ES,Spain,None,themis
2020-09-14,593730,29848,513642.94401018036,29934.442819578206,13.488800631569845,0.28961008971524277,ES,Spain,None,themis
2020-09-15,603167,30004,540597.0083681633,30626.82181213622,10.373576742732402,2.075795934329485,ES,Spain,None,themis
2020-06-15,244109,27136,335011.78132705676,101876.46668790397,37.23860297123693,275.4291962260612,ES,Spain,None,seir
2020-06-16,244328,27136,346382.46644826775,105424.62797203436,41.76945190410749,288.5046726563766,ES,Spain,None,seir
2020-06-17,244683,27136,358123.9201361468,109088.9241452311,46.3624036554018,302.0081225870839,ES,Spain,None,seir
2020-06-18,245268,27136,370247.7051483687,112873.0875678463,50.95638450526311,315.95330029424497,ES,Spain,None,seir
2020-06-19,245575,28315,382765.62645676197,116780.98303618503,55.86506218335008,312.43504515693104,ES,Spain,None,seir
2020-06-20,245938,28322,395689.8462056176,120816.58543105217,60.89008051037968,326.58211083628333,ES,Spain,None,seir
2020-06-21,246272,28323,409033.33098151593,124983.8656103905,66.090067478851,341.28046326445116,ES,Spain,None,seir
2020-06-22,246504,28324,422809.39219500497,129286.902412931,71.52232507180612,356.457076729738,ES,Spain,None,seir
2020-06-23,246752,28325,437031.60293711675,133729.93779073167,77.11370239638048,372.1268765780465,ES,Spain,None,seir
2020-06-24,247086,28327,451713.8044489514,138317.37641029272,82.81643008869437,388.28812232249345,ES,Spain,None,seir
2020-06-25,247486,28330,466870.1061216766,143053.78565255672,88.6450571433037,404.9551205526181,ES,Spain,None,seir
2020-06-26,247905,28338,482514.8854965282,147943.89561290847,94.63701236220656,422.06893786755757,ES,Spain,None,seir
2020-06-27,248469,28341,498662.879377903,152992.58018731908,100.69420305064334,439.82774138992653,ES,Spain,None,seir
2020-06-28,248770,28343,515329.78707242146,158204.70430150031,107.15109823227135,458.17910701584276,ES,Spain,None,seir
2020-06-29,248970,28346,532531.8005239739,163585.23541734187,113.89396333854435,477.1016560267476,ES,Spain,None,seir
2020-06-30,249271,28355,550285.3823901915,169139.33741009384,120.75788294273764,496.5062155178764,ES,Spain,None,seir
2020-07-01,249659,28364,568607.2773865197,174872.37022260207,127.75356681975003,516.5292984861164,ES,Spain,None,seir
2020-07-02,250103,28368,587514.5122862171,180789.88986530813,134.90902239725915,537.3022062369857,ES,Spain,None,seir
2020-07-03,250545,28385,607024.3959203557,186897.64841624943,142.28158451390195,558.4380779152701,ES,Spain,None,seir
2020-07-04,250545,28385,627154.6794145277,193201.55723178686,150.31618248798728,580.6466698319073,ES,Spain,None,seir
2020-07-05,250545,28385,647924.3104991475,199707.48618758342,158.60596319988326,603.566976176091,ES,Spain,None,seir
2020-07-06,251789,28388,669352.744870038,206421.44290885242,165.83875581142863,627.1433102326773,ES,Spain,None,seir
2020-07-07,252130,28392,691459.7006946874,213349.66887745488,174.24729333862985,651.4429024987844,ES,Spain,None,seir
2020-07-08,252513,28396,714265.165669412,220498.63876016974,182.86273010475182,676.5130256380114,ES,Spain,None,seir
2020-07-09,253056,28401,737789.3970193561,227875.06040869406,191.5518292470268,702.3487215545017,ES,Spain,None,seir
2020-07-10,253908,28403,762052.9215046455,235485.87485834348,200.12954357666771,729.0880359762823,ES,Spain,None,seir
2020-07-11,253908,28403,787077.0124539705,243338.1353212982,209.98511762290693,756.7339200834356,ES,Spain,None,seir
2020-07-12,253908,28403,812884.346994282,251438.81805109567,220.14916701887378,785.2544380913836,ES,Spain,None,seir
2020-07-13,255953,28406,839497.9308000669,259795.1263067813,227.98909596686377,814.5783507244291,ES,Spain,None,seir
2020-07-14,256619,28409,866940.9891615156,268414.53550458257,237.83195677697898,844.8221884071336,ES,Spain,None,seir
2020-07-15,257494,28413,895236.9669845217,277304.79321790906,247.6729426644977,875.9785774747794,ES,Spain,None,seir
2020-07-16,258855,28416,924409.5287906824,286473.9191773523,257.11480511895945,908.1430151230021,ES,Spain,None,seir
2020-07-17,260255,28420,954482.650945041,295930.18107407563,266.7490157518745,941.2743880157482,ES,Spain,None,seir
2020-07-18,260255,28420,985481.8558164194,305681.7572365732,278.66010482658135,975.5867601568374,ES,Spain,None,seir
2020-07-19,260255,28420,1017433.6643056618,315736.8778492777,290.9372209201214,1010.9671986251853,ES,Spain,None,seir
2020-07-20,264836,28422,1050364.7106434042,326104.082748154,296.60949064455144,1047.365008613588,ES,Spain,None,seir
2020-07-21,266194,28424,1084301.747244185,336792.2220768645,307.3351567819654,1084.886793121533,ES,Spain,None,seir
2020-07-22,267551,28426,1119271.6447064467,347810.4562867689,318.339548238073,1123.5645405149119,ES,Spain,None,seir
2020-07-23,270166,28429,1155301.3985604215,359168.2542429408,327.6264957694238,1163.386873414263,ES,Spain,None,seir
2020-07-24,272421,28432,1192419.1558203478,370875.1054664842,337.7119076063695,1204.428480115659,ES,Spain,None,seir
2020-07-25,272421,28432,1230654.8664794823,382940.3328094909,351.7474300731156,1246.8638604723233,ES,Spain,None,seir
2020-07-26,272421,28432,1270038.553673452,395373.56948708685,366.2043504992097,1290.5935899236313,ES,Spain,None,seir
2020-07-27,278782,28434,1310600.1868627446,408184.79363115353,370.11650209222427,1335.5517817793964,ES,Spain,None,seir
2020-07-28,280610,28436,1352369.6818327077,421384.32829032815,381.93923303970195,1381.8692090671266,ES,Spain,None,seir
2020-07-29,282641,28441,1395376.9006935493,434982.8414300038,393.69231664675306,1429.4217553180401,ES,Spain,None,seir
2020-07-30,285430,28443,1439652.5320915014,448991.0900801627,404.380244575378,1478.564462539685,ES,Spain,None,seir
2020-07-31,288522,28445,1485229.6173629207,463419.4871032673,414.7717045365416,1529.1773144780007,ES,Spain,None,seir
2020-08-01,288522,28445,1532141.2455083837,478278.7301671348,431.03099434649135,1581.4158205910874,ES,Spain,None,seir
2020-08-02,288522,28445,1580420.189765182,493579.88945080247,447.7641877448451,1635.207908071023,ES,Spain,None,seir
2020-08-03,297054,28472,1630098.9076719298,509334.407624251,448.7550774175503,1688.8957840132446,ES,Spain,None,seir
2020-08-04,302814,28498,1681209.5410685637,525554.099848404,455.19544706273945,1744.1788892146956,ES,Spain,None,seir
2020-08-05,305767,28499,1733785.0143279117,542250.8254090155,467.02816665235673,1802.7012365662497,ES,Spain,None,seir
2020-08-06,309855,28500,1787860.930999701,559435.9465736942,476.9992193121625,1862.9331458726115,ES,Spain,None,seir
2020-08-07,314362,28503,1843472.6820825418,577121.1102350913,486.41715031795883,1924.7732176791612,ES,Spain,None,seir
2020-08-08,314362,28503,1900654.9724624972,595318.3521569988,504.60710024191764,1988.6164689927334,ES,Spain,None,seir
2020-08-09,314362,28503,1959441.8209412263,614040.0969647506,523.3074674869184,2054.2998876074466,ES,Spain,None,seir
2020-08-10,322980,28576,2019866.5727244294,633299.1539148409,525.3844116429591,2116.1924479102777,ES,Spain,None,seir
2020-08-11,326612,28581,2081963.833919518,653108.1316435945,537.4425415843625,2185.112947915029,ES,Spain,None,seir
2020-08-12,329784,28579,2145770.8098778473,673479.0603840643,550.6594649461003,2256.552225004599,ES,Spain,None,seir
2020-08-13,337334,28605,2211323.843006395,694424.3013386807,555.5294879870974,2327.6325863963666,ES,Spain,None,seir
2020-08-14,342813,28617,2278658.096492151,715956.6054936462,564.6941908539497,2401.857656266018,ES,Spain,None,seir
2020-08-15,342813,28617,2347807.5543021224,738089.1136189365,584.8653797557625,2479.1980767338873,ES,Spain,None,seir
2020-08-16,342813,28617,2418805.225642231,760835.289882077,605.5757003504041,2558.682915337307,ES,Spain,None,seir
2020-08-17,359082,28646,2491686.659933974,784207.866908467,593.9046401473686,2637.5824440007923,ES,Spain,None,seir
2020-08-18,364196,28670,2566488.8307283195,808219.1596959688,604.6998953114036,2719.0413662224237,ES,Spain,None,seir
2020-08-19,370867,28797,2643246.965264396,832881.8548356057,612.7209930418171,2792.252161112636,ES,Spain,None,seir
2020-08-20,377906,28813,2721994.488969194,858209.0104434129,620.2834802753049,2878.547913939586,ES,Spain,None,seir
2020-08-21,386054,28838,2802763.0254575685,884214.0561604383,626.0028455753776,2966.1420908538676,ES,Spain,None,seir
2020-08-22,386054,28838,2885583.7759312554,910910.3597111863,647.4559973297144,3058.715443897587,ES,Spain,None,seir
2020-08-23,386054,28838,2970491.702250112,938309.9923435659,669.4497925808596,3153.727693819148,ES,Spain,None,seir
2020-08-24,405436,28872,3057520.6132882987,966425.0601077868,654.1315061534493,3247.274383859057,ES,Spain,None,seir
2020-08-25,412553,28924,3146701.763367528,995268.003333457,662.7387907414388,3340.976363343442,ES,Spain,None,seir
2020-08-26,419849,28971,3238063.858434763,1024851.5939697655,671.2448662339943,3437.508522211058,ES,Spain,None,seir
2020-08-27,429507,28996,3331633.290459627,1055188.8581851907,675.6877746950869,3539.0842122540716,ES,Spain,None,seir
2020-08-28,439286,29011,3427438.961752994,1086291.6086659615,680.2295000871856,3644.4128388058375,ES,Spain,None,seir
2020-08-29,439286,29011,3525511.211195477,1118170.7374291962,702.5548756836041,3754.299187994886,ES,Spain,None,seir
2020-08-30,439286,29011,3625877.093691911,1150837.4004041194,725.4023787901074,3866.9001427186904,ES,Spain,None,seir
2020-08-31,462858,29094,3728560.267244848,1184303.0233072406,705.5516523955183,3970.6091403974724,ES,Spain,None,seir
2020-09-01,470973,29152,3833580.9952853164,1218579.3007967696,713.9704389180093,4080.08816135006,ES,Spain,None,seir
2020-09-02,479554,29194,3940959.2570670494,1253677.2276558133,721.796764716184,4194.297553113014,ES,Spain,None,seir
2020-09-03,488513,29234,4050718.8272895585,1289605.8926890302,729.193660616925,4311.322065707841,ES,Spain,None,seir
2020-09-04,498989,29418,4162880.1634141584,1326374.3760765714,734.262912291485,4408.717030649845,ES,Spain,None,seir
2020-09-05,498989,29418,4277459.417409602,1363991.9468386595,757.225192821806,4536.589662243047,ES,Spain,None,seir
2020-09-06,498989,29418,4394468.435752075,1402468.0628355867,780.674410809071,4667.380728926462,ES,Spain,None,seir
2020-09-07,525549,29516,4513916.343989308,1441811.8744805339,758.895430110096,4784.8484702552305,ES,Spain,None,seir
2020-09-08,534513,29594,4635816.703896816,1482030.0765755326,767.2972788120804,4907.87347629767,ES,Spain,None,seir
2020-09-09,543379,29628,4760180.757286557,1523128.7729287173,776.0332580549776,5040.842354963944,ES,Spain,None,seir
2020-09-10,554143,29699,4887014.512259274,1565114.1729973145,781.904943716563,5169.922128682159,ES,Spain,None,seir
2020-09-11,566326,29747,5016318.765891292,1607992.5816085888,785.7652246040782,5305.562179744475,ES,Spain,None,seir
2020-09-12,566326,29747,5148090.465934048,1651769.9939313342,809.0330420877813,5452.727985784564,ES,Spain,None,seir
2020-09-13,566326,29747,5282330.594159772,1696449.7083359985,832.7367265779378,5602.927045873528,ES,Spain,None,seir
2020-09-14,593730,29848,5419035.619930876,1742034.7049821098,812.7104272869614,5736.353206185037,ES,Spain,None,seir
2020-09-15,603167,30004,5558197.274673265,1788527.6501923932,821.5022165790347,5860.964038769474,ES,Spain,None,seir
2020-06-15,40818,26,5636.0,47.0,86.19236611298938,80.76923076923077,SG,Singapore,None,delphi
2020-06-16,40969,26,5653.0,48.0,86.2017623080866,84.61538461538461,SG,Singapore,None,delphi
2020-06-17,41216,26,5670.0,48.0,86.24320652173914,84.61538461538461,SG,Singapore,None,delphi
2020-06-18,41473,26,5685.0,49.0,86.29228654787453,88.46153846153845,SG,Singapore,None,delphi
2020-06-19,41615,26,5700.0,49.0,86.303015739517,88.46153846153845,SG,Singapore,None,delphi
2020-06-20,41833,26,5714.0,49.0,86.34092701933879,88.46153846153845,SG,Singapore,None,delphi
2020-06-21,42095,26,5727.0,50.0,86.39505879558142,92.3076923076923,SG,Singapore,None,delphi
2020-06-22,42313,26,5739.0,50.0,86.43679247512584,92.3076923076923,SG,Singapore,None,delphi
2020-06-23,42432,26,5751.0,51.0,86.44654977375565,96.15384615384616,SG,Singapore,None,delphi
2020-06-24,42623,26,5762.0,51.0,86.48147713675715,96.15384615384616,SG,Singapore,None,delphi
2020-06-25,42736,26,5772.0,51.0,86.49382253837514,96.15384615384616,SG,Singapore,None,delphi
2020-06-26,42955,26,5781.0,52.0,86.54172971714586,100.0,SG,Singapore,None,delphi
2020-06-27,43246,26,5790.0,52.0,86.61147851824447,100.0,SG,Singapore,None,delphi
2020-06-28,43459,26,5799.0,52.0,86.65638878022965,100.0,SG,Singapore,None,delphi
2020-06-29,43661,26,5807.0,52.0,86.69980073750028,100.0,SG,Singapore,None,delphi
2020-06-30,43907,26,5814.0,53.0,86.75837565764,103.84615384615385,SG,Singapore,None,delphi
2020-07-01,44122,26,5821.0,53.0,86.80703503920947,103.84615384615385,SG,Singapore,None,delphi
2020-07-02,44310,26,5827.0,53.0,86.84946964567818,103.84615384615385,SG,Singapore,None,delphi
2020-07-03,44479,26,5834.0,53.0,86.88369792486343,103.84615384615385,SG,Singapore,None,delphi
2020-07-04,44664,26,5839.0,54.0,86.92683145262404,107.6923076923077,SG,Singapore,None,delphi
2020-07-05,44800,26,5844.0,54.0,86.95535714285715,107.6923076923077,SG,Singapore,None,delphi
2020-07-06,44983,26,5849.0,54.0,86.99731009492476,107.6923076923077,SG,Singapore,None,delphi
2020-07-07,45140,26,5854.0,54.0,87.03145768719538,107.6923076923077,SG,Singapore,None,delphi
2020-07-08,45298,26,5858.0,55.0,87.06786171574905,111.53846153846155,SG,Singapore,None,delphi
2020-07-09,45423,26,5862.0,55.0,87.0946436827158,111.53846153846155,SG,Singapore,None,delphi
2020-07-10,45614,26,5866.0,55.0,87.1399131845486,111.53846153846155,SG,Singapore,None,delphi
2020-07-11,45783,26,5869.0,55.0,87.18083131293275,111.53846153846155,SG,Singapore,None,delphi
2020-07-12,45961,26,5873.0,55.0,87.22177498313788,111.53846153846155,SG,Singapore,None,delphi
2020-07-13,46283,26,5876.0,55.0,87.30419376444914,111.53846153846155,SG,Singapore,None,delphi
2020-07-14,46630,27,5878.0,56.0,87.39438129959254,107.40740740740742,SG,Singapore,None,delphi
2020-07-15,46878,27,5881.0,56.0,87.45466956781432,107.40740740740742,SG,Singapore,None,delphi
2020-07-16,47126,27,5883.0,56.0,87.51644527437084,107.40740740740742,SG,Singapore,None,delphi
2020-07-17,47453,27,5886.0,56.0,87.59614776726445,107.40740740740742,SG,Singapore,None,delphi
2020-07-18,47655,27,5888.0,56.0,87.64452838107229,107.40740740740742,SG,Singapore,None,delphi
2020-07-19,47912,27,5890.0,56.0,87.70662881950241,107.40740740740742,SG,Singapore,None,delphi
2020-07-20,48035,27,5891.0,56.0,87.73602581451026,107.40740740740742,SG,Singapore,None,delphi
2020-07-21,48434,27,5893.0,57.0,87.8329272824875,111.11111111111111,SG,Singapore,None,delphi
2020-07-22,48744,27,5895.0,57.0,87.90620384047267,111.11111111111111,SG,Singapore,None,delphi
2020-07-23,49098,27,5896.0,57.0,87.9913642103548,111.11111111111111,SG,Singapore,None,delphi
2020-07-24,49375,27,5897.0,57.0,88.05670886075949,111.11111111111111,SG,Singapore,None,delphi
2020-07-25,49888,27,5899.0,57.0,88.17551314945477,111.11111111111111,SG,Singapore,None,delphi
2020-07-26,50369,27,5900.0,57.0,88.28644602831106,111.11111111111111,SG,Singapore,None,delphi
2020-07-27,50838,27,5901.0,57.0,88.39254101262834,111.11111111111111,SG,Singapore,None,delphi
2020-07-28,51197,27,5902.0,57.0,88.47198078012384,111.11111111111111,SG,Singapore,None,delphi
2020-07-29,51531,27,5903.0,57.0,88.5447594651763,111.11111111111111,SG,Singapore,None,delphi
2020-07-30,51809,27,5903.0,57.0,88.60622671736571,111.11111111111111,SG,Singapore,None,delphi
2020-07-31,52205,27,5904.0,58.0,88.6907384350158,114.81481481481481,SG,Singapore,None,delphi
2020-08-01,52512,27,5905.0,58.0,88.75495124923827,114.81481481481481,SG,Singapore,None,delphi
2020-08-02,52825,27,5906.0,58.0,88.81968764789399,114.81481481481481,SG,Singapore,None,delphi
2020-08-03,53051,27,5906.0,58.0,88.86731635595936,114.81481481481481,SG,Singapore,None,delphi
2020-08-04,53346,27,5907.0,58.0,88.92700483635136,114.81481481481481,SG,Singapore,None,delphi
2020-08-05,54254,27,5907.0,58.0,89.11232351531683,114.81481481481481,SG,Singapore,None,delphi
2020-08-06,54555,27,5908.0,58.0,89.17056181834846,114.81481481481481,SG,Singapore,None,delphi
2020-08-07,54797,27,5908.0,58.0,89.21838786794898,114.81481481481481,SG,Singapore,None,delphi
2020-08-08,54929,27,5909.0,58.0,89.24247665167762,114.81481481481481,SG,Singapore,None,delphi
2020-08-09,55104,27,5909.0,58.0,89.27664053426248,114.81481481481481,SG,Singapore,None,delphi
2020-08-10,55292,27,5909.0,58.0,89.31310135281777,114.81481481481481,SG,Singapore,None,delphi
2020-08-11,55353,27,5910.0,58.0,89.32307192022112,114.81481481481481,SG,Singapore,None,delphi
2020-08-12,55395,27,5910.0,58.0,89.33116707284051,114.81481481481481,SG,Singapore,None,delphi
2020-08-13,55497,27,5910.0,58.0,89.35077571760635,114.81481481481481,SG,Singapore,None,delphi
2020-08-14,55580,27,5910.0,58.0,89.36667866138899,114.81481481481481,SG,Singapore,None,delphi
2020-08-15,55661,27,5911.0,58.0,89.38035608415228,114.81481481481481,SG,Singapore,None,delphi
2020-08-16,55747,27,5911.0,58.0,89.39673883796438,114.81481481481481,SG,Singapore,None,delphi
2020-08-17,55838,27,5911.0,58.0,89.41401912675956,114.81481481481481,SG,Singapore,None,delphi
2020-08-18,55938,27,5911.0,58.0,89.43294361614645,114.81481481481481,SG,Singapore,None,delphi
2020-08-19,56031,27,5911.0,58.0,89.45048276846745,114.81481481481481,SG,Singapore,None,delphi
2020-08-20,56099,27,5911.0,59.0,89.463270290023,118.5185185185185,SG,Singapore,None,delphi
2020-08-21,56216,27,5912.0,59.0,89.48342109008112,118.5185185185185,SG,Singapore,None,delphi
2020-08-22,56266,27,5912.0,59.0,89.49276650197278,118.5185185185185,SG,Singapore,None,delphi
2020-08-23,56353,27,5912.0,59.0,89.5089879864426,118.5185185185185,SG,Singapore,None,delphi
2020-08-24,56404,27,5912.0,59.0,89.51847386710162,118.5185185185185,SG,Singapore,None,delphi
2020-08-25,56435,27,5912.0,59.0,89.52423141667406,118.5185185185185,SG,Singapore,None,delphi
2020-08-26,56495,27,5912.0,59.0,89.53535711124879,118.5185185185185,SG,Singapore,None,delphi
2020-08-27,56572,27,5912.0,59.0,89.54960050908576,118.5185185185185,SG,Singapore,None,delphi
2020-08-28,56666,27,5912.0,59.0,89.56693608160096,118.5185185185185,SG,Singapore,None,delphi
2020-08-29,56717,27,5912.0,59.0,89.57631750621506,118.5185185185185,SG,Singapore,None,delphi
2020-08-30,56771,27,5912.0,59.0,89.5862324073911,118.5185185185185,SG,Singapore,None,delphi
2020-08-31,56812,27,5912.0,59.0,89.59374779976062,118.5185185185185,SG,Singapore,None,delphi
2020-09-01,56852,27,5912.0,59.0,89.60106944346725,118.5185185185185,SG,Singapore,None,delphi
2020-09-02,56860,27,5913.0,59.0,89.60077383046078,118.5185185185185,SG,Singapore,None,delphi
2020-09-03,56908,27,5913.0,59.0,89.60954523089899,118.5185185185185,SG,Singapore,None,delphi
2020-09-04,56948,27,5913.0,59.0,89.61684343611715,118.5185185185185,SG,Singapore,None,delphi
2020-09-05,56982,27,5913.0,59.0,89.62303885437507,118.5185185185185,SG,Singapore,None,delphi
2020-09-06,57022,27,5913.0,59.0,89.63031812282979,118.5185185185185,SG,Singapore,None,delphi
2020-09-07,57044,27,5913.0,59.0,89.63431736904846,118.5185185185185,SG,Singapore,None,delphi
2020-09-08,57091,27,5913.0,59.0,89.64285088718012,118.5185185185185,SG,Singapore,None,delphi
2020-09-09,57166,27,5913.0,59.0,89.65643914214742,118.5185185185185,SG,Singapore,None,delphi
2020-09-10,57229,27,5913.0,59.0,89.66782575267784,118.5185185185185,SG,Singapore,None,delphi
2020-09-11,57315,27,5913.0,59.0,89.68332897147344,118.5185185185185,SG,Singapore,None,delphi
2020-09-12,57357,27,5913.0,59.0,89.69088341440452,118.5185185185185,SG,Singapore,None,delphi
2020-09-13,57406,27,5913.0,59.0,89.69968295996934,118.5185185185185,SG,Singapore,None,delphi
2020-09-14,57454,27,5913.0,59.0,89.70828836982629,118.5185185185185,SG,Singapore,None,delphi
2020-09-15,57488,27,5913.0,59.0,89.71437517394935,118.5185185185185,SG,Singapore,None,delphi
2020-06-15,40818,26,3690.0,32.0,90.95987064530354,23.076923076923077,SG,Singapore,None,delphi_lookahead
2020-06-16,40969,26,3700.0,32.0,90.96878127364593,23.076923076923077,SG,Singapore,None,delphi_lookahead
2020-06-17,41216,26,3709.0,32.0,91.00106754658384,23.076923076923077,SG,Singapore,None,delphi_lookahead
2020-06-18,41473,26,3717.0,32.0,91.0375424975285,23.076923076923077,SG,Singapore,None,delphi_lookahead
2020-06-19,41615,26,3725.0,33.0,91.04890063678963,26.923076923076923,SG,Singapore,None,delphi_lookahead
2020-06-20,41833,26,3733.0,33.0,91.07642291970454,26.923076923076923,SG,Singapore,None,delphi_lookahead
2020-06-21,42095,26,3740.0,33.0,91.11533436275093,26.923076923076923,SG,Singapore,None,delphi_lookahead
2020-06-22,42313,26,3746.0,33.0,91.14692883983646,26.923076923076923,SG,Singapore,None,delphi_lookahead
2020-06-23,42432,26,3753.0,33.0,91.15526018099548,26.923076923076923,SG,Singapore,None,delphi_lookahead
2020-06-24,42623,26,3758.0,34.0,91.18316401942613,30.76923076923077,SG,Singapore,None,delphi_lookahead
2020-06-25,42736,26,3764.0,34.0,91.19243728940472,30.76923076923077,SG,Singapore,None,delphi_lookahead
2020-06-26,42955,26,3769.0,34.0,91.22570131533,30.76923076923077,SG,Singapore,None,delphi_lookahead
2020-06-27,43246,26,3774.0,34.0,91.27318133468991,30.76923076923077,SG,Singapore,None,delphi_lookahead
2020-06-28,43459,26,3778.0,34.0,91.30674888975815,30.76923076923077,SG,Singapore,None,delphi_lookahead
2020-06-29,43661,26,3782.0,35.0,91.33780719635372,34.61538461538461,SG,Singapore,None,delphi_lookahead
2020-06-30,43907,26,3786.0,35.0,91.37722914341677,34.61538461538461,SG,Singapore,None,delphi_lookahead
2020-07-01,44122,26,3790.0,35.0,91.41018086215493,34.61538461538461,SG,Singapore,None,delphi_lookahead
2020-07-02,44310,26,3793.0,35.0,91.43985556307831,34.61538461538461,SG,Singapore,None,delphi_lookahead
2020-07-03,44479,26,3797.0,35.0,91.46338721643922,34.61538461538461,SG,Singapore,None,delphi_lookahead
2020-07-04,44664,26,3800.0,35.0,91.49202937488805,34.61538461538461,SG,Singapore,None,delphi_lookahead
2020-07-05,44800,26,3802.0,35.0,91.51339285714286,34.61538461538461,SG,Singapore,None,delphi_lookahead
2020-07-06,44983,26,3805.0,36.0,91.54124891625726,38.46153846153847,SG,Singapore,None,delphi_lookahead
2020-07-07,45140,26,3808.0,36.0,91.56402303943287,38.46153846153847,SG,Singapore,None,delphi_lookahead
2020-07-08,45298,26,3810.0,36.0,91.58903262837211,38.46153846153847,SG,Singapore,None,delphi_lookahead
2020-07-09,45423,26,3812.0,36.0,91.6077757964027,38.46153846153847,SG,Singapore,None,delphi_lookahead
2020-07-10,45614,26,3814.0,36.0,91.63853202964002,38.46153846153847,SG,Singapore,None,delphi_lookahead
2020-07-11,45783,26,3816.0,36.0,91.66502850402988,38.46153846153847,SG,Singapore,None,delphi_lookahead
2020-07-12,45961,26,3817.0,36.0,91.69513283000805,38.46153846153847,SG,Singapore,None,delphi_lookahead
2020-07-13,46283,26,3819.0,36.0,91.74859019510403,38.46153846153847,SG,Singapore,None,delphi_lookahead
2020-07-14,46630,27,3820.0,36.0,91.80784902423332,33.33333333333333,SG,Singapore,None,delphi_lookahead
2020-07-15,46878,27,3822.0,37.0,91.84692179700498,37.03703703703704,SG,Singapore,None,delphi_lookahead
2020-07-16,47126,27,3823.0,37.0,91.88770530068328,37.03703703703704,SG,Singapore,None,delphi_lookahead
2020-07-17,47453,27,3824.0,37.0,91.94150001053674,37.03703703703704,SG,Singapore,None,delphi_lookahead
2020-07-18,47655,27,3825.0,37.0,91.9735599622285,37.03703703703704,SG,Singapore,None,delphi_lookahead
2020-07-19,47912,27,3826.0,37.0,92.01452663215896,37.03703703703704,SG,Singapore,None,delphi_lookahead
2020-07-20,48035,27,3827.0,37.0,92.03289268241906,37.03703703703704,SG,Singapore,None,delphi_lookahead
2020-07-21,48434,27,3828.0,37.0,92.09646116364537,37.03703703703704,SG,Singapore,None,delphi_lookahead
2020-07-22,48744,27,3829.0,37.0,92.1446742163138,37.03703703703704,SG,Singapore,None,delphi_lookahead
2020-07-23,49098,27,3830.0,37.0,92.19927491954866,37.03703703703704,SG,Singapore,None,delphi_lookahead
2020-07-24,49375,27,3830.0,37.0,92.24303797468355,37.03703703703704,SG,Singapore,None,delphi_lookahead
2020-07-25,49888,27,3831.0,37.0,92.320798588839,37.03703703703704,SG,Singapore,None,delphi_lookahead
2020-07-26,50369,27,3831.0,37.0,92.39413131092537,37.03703703703704,SG,Singapore,None,delphi_lookahead
2020-07-27,50838,27,3832.0,37.0,92.46233132696014,37.03703703703704,SG,Singapore,None,delphi_lookahead
2020-07-28,51197,27,3832.0,37.0,92.51518643670528,37.03703703703704,SG,Singapore,None,delphi_lookahead
2020-07-29,51531,27,3833.0,37.0,92.56175894121985,37.03703703703704,SG,Singapore,None,delphi_lookahead
2020-07-30,51809,27,3833.0,37.0,92.60167152425254,37.03703703703704,SG,Singapore,None,delphi_lookahead
2020-07-31,52205,27,3834.0,37.0,92.65587587395844,37.03703703703704,SG,Singapore,None,delphi_lookahead
2020-08-01,52512,27,3834.0,38.0,92.69881170018282,40.74074074074074,SG,Singapore,None,delphi_lookahead
2020-08-02,52825,27,3834.0,38.0,92.74207288215807,40.74074074074074,SG,Singapore,None,delphi_lookahead
2020-08-03,53051,27,3835.0,38.0,92.771107047935,40.74074074074074,SG,Singapore,None,delphi_lookahead
2020-08-04,53346,27,3835.0,38.0,92.81108236793762,40.74074074074074,SG,Singapore,None,delphi_lookahead
2020-08-05,54254,27,3835.0,38.0,92.93139676337229,40.74074074074074,SG,Singapore,None,delphi_lookahead
2020-08-06,54555,27,3836.0,38.0,92.96856383466226,40.74074074074074,SG,Singapore,None,delphi_lookahead
2020-08-07,54797,27,3836.0,38.0,92.99961676734128,40.74074074074074,SG,Singapore,None,delphi_lookahead
2020-08-08,54929,27,3836.0,38.0,93.01643940359374,40.74074074074074,SG,Singapore,None,delphi_lookahead
2020-08-09,55104,27,3836.0,38.0,93.03861788617887,40.74074074074074,SG,Singapore,None,delphi_lookahead
2020-08-10,55292,27,3836.0,38.0,93.0622874918614,40.74074074074074,SG,Singapore,None,delphi_lookahead
2020-08-11,55353,27,3837.0,38.0,93.06812638881361,40.74074074074074,SG,Singapore,None,delphi_lookahead
2020-08-12,55395,27,3837.0,38.0,93.07338207419443,40.74074074074074,SG,Singapore,None,delphi_lookahead
2020-08-13,55497,27,3837.0,38.0,93.08611276285205,40.74074074074074,SG,Singapore,None,delphi_lookahead
2020-08-14,55580,27,3837.0,38.0,93.09643756747032,40.74074074074074,SG,Singapore,None,delphi_lookahead
2020-08-15,55661,27,3837.0,38.0,93.10648389357,40.74074074074074,SG,Singapore,None,delphi_lookahead
2020-08-16,55747,27,3837.0,38.0,93.11711840995928,40.74074074074074,SG,Singapore,None,delphi_lookahead
2020-08-17,55838,27,3837.0,38.0,93.12833554210394,40.74074074074074,SG,Singapore,None,delphi_lookahead
2020-08-18,55938,27,3837.0,38.0,93.14061997211198,40.74074074074074,SG,Singapore,None,delphi_lookahead
2020-08-19,56031,27,3837.0,38.0,93.15200514001178,40.74074074074074,SG,Singapore,None,delphi_lookahead
2020-08-20,56099,27,3837.0,38.0,93.16030588780548,40.74074074074074,SG,Singapore,None,delphi_lookahead
2020-08-21,56216,27,3838.0,38.0,93.17276220293155,40.74074074074074,SG,Singapore,None,delphi_lookahead
2020-08-22,56266,27,3838.0,38.0,93.1788291330466,40.74074074074074,SG,Singapore,None,delphi_lookahead
2020-08-23,56353,27,3838.0,38.0,93.18935992759924,40.74074074074074,SG,Singapore,None,delphi_lookahead
2020-08-24,56404,27,3838.0,38.0,93.19551804836537,40.74074074074074,SG,Singapore,None,delphi_lookahead
2020-08-25,56435,27,3838.0,38.0,93.19925578098697,40.74074074074074,SG,Singapore,None,delphi_lookahead
2020-08-26,56495,27,3838.0,38.0,93.2064784494203,40.74074074074074,SG,Singapore,None,delphi_lookahead
2020-08-27,56572,27,3838.0,38.0,93.21572509368592,40.74074074074074,SG,Singapore,None,delphi_lookahead
2020-08-28,56666,27,3838.0,38.0,93.22697914093106,40.74074074074074,SG,Singapore,None,delphi_lookahead
2020-08-29,56717,27,3838.0,38.0,93.2330694500767,40.74074074074074,SG,Singapore,None,delphi_lookahead
2020-08-30,56771,27,3838.0,38.0,93.23950608585369,40.74074074074074,SG,Singapore,None,delphi_lookahead
2020-08-31,56812,27,3838.0,38.0,93.24438498908681,40.74074074074074,SG,Singapore,None,delphi_lookahead
2020-09-01,56852,27,3838.0,38.0,93.24913811299514,40.74074074074074,SG,Singapore,None,delphi_lookahead
2020-09-02,56860,27,3838.0,38.0,93.25008793527964,40.74074074074074,SG,Singapore,None,delphi_lookahead
2020-09-03,56908,27,3838.0,38.0,93.25578126098264,40.74074074074074,SG,Singapore,None,delphi_lookahead
2020-09-04,56948,27,3838.0,38.0,93.26051836763362,40.74074074074074,SG,Singapore,None,delphi_lookahead
2020-09-05,56982,27,3838.0,38.0,93.26453967919693,40.74074074074074,SG,Singapore,None,delphi_lookahead
2020-09-06,57022,27,3838.0,38.0,93.26926449440566,40.74074074074074,SG,Singapore,None,delphi_lookahead
2020-09-07,57044,27,3838.0,38.0,93.27186031835075,40.74074074074074,SG,Singapore,None,delphi_lookahead
2020-09-08,57091,27,3838.0,38.0,93.27739923981014,40.74074074074074,SG,Singapore,None,delphi_lookahead
2020-09-09,57166,27,3838.0,38.0,93.28621908127208,40.74074074074074,SG,Singapore,None,delphi_lookahead
2020-09-10,57229,27,3838.0,38.0,93.29360988310123,40.74074074074074,SG,Singapore,None,delphi_lookahead
2020-09-11,57315,27,3838.0,38.0,93.30367268603332,40.74074074074074,SG,Singapore,None,delphi_lookahead
2020-09-12,57357,27,3838.0,38.0,93.30857611102394,40.74074074074074,SG,Singapore,None,delphi_lookahead
2020-09-13,57406,27,3838.0,38.0,93.31428770511792,40.74074074074074,SG,Singapore,None,delphi_lookahead
2020-09-14,57454,27,3838.0,38.0,93.3198732899363,40.74074074074074,SG,Singapore,None,delphi_lookahead
2020-09-15,57488,27,3838.0,38.0,93.32382410242137,40.74074074074074,SG,Singapore,None,delphi_lookahead
2020-06-15,40818,26,4292.173871296496,36.141487922967684,89.48460514651259,39.005722780644945,SG,Singapore,None,delphi_constant
2020-06-16,40969,26,4305.469354067353,36.4754650063437,89.49090933616306,40.29025002439883,SG,Singapore,None,delphi_constant
2020-06-17,41216,26,4318.014602872867,36.79945219291064,89.52345059473781,41.53635458811786,SG,Singapore,None,delphi_constant
2020-06-18,41473,26,4329.8475206910725,37.11358002669729,89.5598400870661,42.74453856422035,SG,Singapore,None,delphi_constant
2020-06-19,41615,26,4341.005554593939,37.41799114091238,89.56865179720307,43.91535054197068,SG,Singapore,None,delphi_constant
2020-06-20,41833,26,4351.525123420555,37.71283938741067,89.59786502660447,45.049382259271795,SG,Singapore,None,delphi_constant
2020-06-21,42095,26,4361.441575884778,37.99828847280105,89.63905077590029,46.14726335692711,SG,Singapore,None,delphi_constant
2020-06-22,42313,26,4370.788597876948,38.27451095839837,89.67034103496101,47.209657532301435,SG,Singapore,None,delphi_constant
2020-06-23,42432,26,4379.598395274788,38.5416872161095,89.67854827659598,48.237258523498085,SG,Singapore,None,delphi_constant
2020-06-24,42623,26,4387.9014489163865,38.80000384478882,89.70532001755768,49.23078401841853,SG,Singapore,None,delphi_constant
2020-06-25,42736,26,4395.726674736778,39.04965302103657,89.71422998236433,50.190973157832964,SG,Singapore,None,delphi_constant
2020-06-26,42955,26,4403.101436633407,39.290831361653794,89.74950195173227,51.118582160206905,SG,Singapore,None,delphi_constant
2020-06-27,43246,26,4410.05155043728,39.52373844284566,89.80240588623853,52.014378626329474,SG,Singapore,None,delphi_constant
2020-06-28,43459,26,4416.6014043644345,39.74857663432968,89.83731470037407,52.879140901267995,SG,Singapore,None,delphi_constant
2020-06-29,43661,26,4422.7739972034105,39.965550330742694,89.8701953752699,53.713655118241135,SG,Singapore,None,delphi_constant
2020-06-30,43907,26,4428.5910405937275,40.17486426356455,89.91370159520412,54.518708706017506,SG,Singapore,None,delphi_constant
2020-07-01,44122,26,4434.073011809699,40.37672327601697,89.95042606452633,55.29508952314218,SG,Singapore,None,delphi_constant
2020-07-02,44310,26,4439.23917847431,40.571332699839076,89.98140560037393,56.04358730707337,SG,Singapore,None,delphi_constant
2020-07-03,44479,26,4444.107698481356,40.75889694739821,90.00852604941353,56.76498825922389,SG,Singapore,None,delphi_constant
2020-07-04,44664,26,4448.695738013101,40.93961846496522,90.03963877392732,57.460071019097,SG,Singapore,None,delphi_constant
2020-07-05,44800,26,4453.019482794643,41.11369773627082,90.06022436876196,58.129606677964695,SG,Singapore,None,delphi_constant
2020-07-06,44983,26,4457.0941485279745,41.281333732050996,90.09160316446663,58.774360507888446,SG,Singapore,None,delphi_constant
2020-07-07,45140,26,4460.93403302977,41.44272322542788,90.11755863307539,59.39508932856879,SG,Singapore,None,delphi_constant
2020-07-08,45298,26,4464.552670128262,41.59805970287121,90.1440402001672,59.99253731873543,SG,Singapore,None,delphi_constant
2020-07-09,45423,26,4467.962839365267,41.7475333196899,90.16365533019557,60.56743584496116,SG,Singapore,None,delphi_constant
2020-07-10,45614,26,4471.176574431761,41.89133110369804,90.19779766205164,61.12050424499247,SG,Singapore,None,delphi_constant
2020-07-11,45783,26,4474.205148617896,42.02963719575949,90.22736572828802,61.65245075292112,SG,Singapore,None,delphi_constant
2020-07-12,45961,26,4477.059209166205,42.16263192924972,90.25900391817801,62.163968958652774,SG,Singapore,None,delphi_constant
2020-07-13,46283,26,4479.748829973849,42.29049164076577,90.32096270774616,62.65573707986836,SG,Singapore,None,delphi_constant
2020-07-14,46630,27,4482.28351362801,42.4133886896654,90.3875541204632,57.08662477653853,SG,Singapore,None,delphi_constant
2020-07-15,46878,27,4484.672185471426,42.53149178455428,90.43331160571819,57.524043646497326,SG,Singapore,None,delphi_constant
2020-07-16,47126,27,4486.923219349595,42.64496577779371,90.47887955831263,57.944317695532256,SG,Singapore,None,delphi_constant
2020-07-17,47453,27,4489.044543844332,42.75397132052033,90.54001950594413,58.34804192785307,SG,Singapore,None,delphi_constant
2020-07-18,47655,27,4491.0436527586135,42.85866485908114,90.57592350695916,58.73579577437459,SG,Singapore,None,delphi_constant
2020-07-19,47912,27,4492.927607931647,42.959198711420875,90.62254214407321,59.10814337563287,SG,Singapore,None,delphi_constant
2020-07-20,48035,27,4494.703026344223,43.05572130826733,90.64285827762211,59.46563447506419,SG,Singapore,None,delphi_constant
2020-07-21,48434,27,4496.3761382773955,43.148376953733134,90.71648813173103,59.808803532344946,SG,Singapore,None,delphi_constant
2020-07-22,48744,27,4497.952844369034,43.237305831379366,90.7722943452137,60.1381697458495,SG,Singapore,None,delphi_constant
2020-07-23,49098,27,4499.4387166878605,43.32264400846636,90.83580040594758,60.45423706839394,SG,Singapore,None,delphi_constant
2020-07-24,49375,27,4500.839000654308,43.404523573490536,90.88437670753558,60.75749471663161,SG,Singapore,None,delphi_constant
2020-07-25,49888,27,4502.158605355743,43.48307270498415,90.97546783724395,61.04841742586723,SG,Singapore,None,delphi_constant
2020-07-26,50369,27,4503.402167946071,43.55841564816595,91.0591789236513,61.32746536357758,SG,Singapore,None,delphi_constant
2020-07-27,50838,27,4504.574077981161,43.63067279972913,91.13935623356316,61.59508444344124,SG,Singapore,None,delphi_constant
2020-07-28,51197,27,4505.678477794772,43.699960714154045,91.1993310588613,61.85170634871868,SG,Singapore,None,delphi_constant
2020-07-29,51531,27,4506.7192613292555,43.766392253840266,91.25435318288166,62.097749088297284,SG,Singapore,None,delphi_constant
2020-07-30,51809,27,4507.700074773055,43.83007656775474,91.29938799287179,62.33361691761014,SG,Singapore,None,delphi_constant
2020-07-31,52205,27,4508.624368851595,43.89111925601101,91.3636158052838,62.559700948188926,SG,Singapore,None,delphi_constant
2020-08-01,52512,27,4509.495408091827,43.94962243357702,91.41244780604086,62.77637938361858,SG,Singapore,None,delphi_constant
2020-08-02,52825,27,4510.316271475036,44.005684747742826,91.46177705352572,62.98401758423269,SG,Singapore,None,delphi_constant
2020-08-03,53051,27,4511.089848904544,44.059401495282366,91.49669214735906,63.1829685010458,SG,Singapore,None,delphi_constant
2020-08-04,53346,27,4511.818850755667,44.11086461567274,91.54234834710068,63.37357265063977,SG,Singapore,None,delphi_constant
2020-08-05,54254,27,4512.505844256701,44.16016292963439,91.68263013924005,63.556158998645884,SG,Singapore,None,delphi_constant
2020-08-06,54555,27,4513.153256786882,44.20738217420152,91.72733341254352,63.731045089635266,SG,Singapore,None,delphi_constant
2020-08-07,54797,27,4513.763376562418,44.2526050309775,91.76275457312914,63.89853715176851,SG,Singapore,None,delphi_constant
2020-08-08,54929,27,4514.338348393619,44.295911196864715,91.78150276103038,64.0589303587582,SG,Singapore,None,delphi_constant
2020-08-09,55104,27,4514.880187871321,44.33737743767134,91.8066198681197,64.21250902841238,SG,Singapore,None,delphi_constant
2020-08-10,55292,27,4515.390804618768,44.377077823127806,91.83355493630404,64.35954749306595,SG,Singapore,None,delphi_constant
2020-08-11,55353,27,4515.872003299783,44.41508374182956,91.84168517822019,64.5003101549243,SG,Singapore,None,delphi_constant
2020-08-12,55395,27,4516.32548418668,44.4514639376576,91.84705210905916,64.63505162095407,SG,Singapore,None,delphi_constant
2020-08-13,55497,27,4516.7528393334205,44.48628453838903,91.86126666426398,64.76401680884825,SG,Singapore,None,delphi_constant
2020-08-14,55580,27,4517.155567985563,44.519609175936885,91.87269599138976,64.88744139235884,SG,Singapore,None,delphi_constant
2020-08-15,55661,27,4517.535090437217,44.55149917842106,91.88384130641344,65.00555251267059,SG,Singapore,None,delphi_constant
2020-08-16,55747,27,4517.8927482473855,44.58201357439852,91.89572040065404,65.11856879406861,SG,Singapore,None,delphi_constant
2020-08-17,55838,27,4518.229804631646,44.611209134343085,91.9083244302596,65.22670049756698,SG,Singapore,None,delphi_constant
2020-08-18,55938,27,4518.54744159068,44.63914036825629,91.92222202869127,65.33014951206034,SG,Singapore,None,delphi_constant
2020-08-19,56031,27,4518.846774417148,44.665859698929665,91.93509526080715,65.42910999603579,SG,Singapore,None,delphi_constant
2020-08-20,56099,27,4519.128859355941,44.69141759806422,91.94436824300621,65.52376888171933,SG,Singapore,None,delphi_constant
2020-08-21,56216,27,4519.3946936278635,44.71586258692967,91.96066121099355,65.61430587751728,SG,Singapore,None,delphi_constant
2020-08-22,56266,27,4519.645215594339,44.73924127837551,91.96736001209551,65.700893623613,SG,Singapore,None,delphi_constant
2020-08-23,56353,27,4519.881303067403,44.76159835867078,91.97934217687185,65.78369762470659,SG,Singapore,None,delphi_constant
2020-08-24,56404,27,4520.103785717099,44.78297678971051,91.98619994022216,65.86287699892782,SG,Singapore,None,delphi_constant
2020-08-25,56435,27,4520.313448978181,44.803417893577475,91.99023044391214,65.9385847910277,SG,Singapore,None,delphi_constant
2020-08-26,56495,27,4520.511034100843,44.82296135450757,91.9983874075567,66.01096797965766,SG,Singapore,None,delphi_constant
2020-08-27,56572,27,4520.697237975678,44.84164525253359,92.00894923641434,66.08016760197626,SG,Singapore,None,delphi_constant
2020-08-28,56666,27,4520.872712782338,44.85950605235917,92.02189547033082,66.14631871244137,SG,Singapore,None,delphi_constant
2020-08-29,56717,27,4521.038075641207,44.87657880105622,92.02877783443904,66.20955111502303,SG,Singapore,None,delphi_constant
2020-08-30,56771,27,4521.193910557665,44.89289717810033,92.03608548280341,66.26998954851973,SG,Singapore,None,delphi_constant
2020-08-31,56812,27,4521.340768501164,44.90849349910937,92.04157437072948,66.32775370040507,SG,Singapore,None,delphi_constant
2020-09-01,56852,27,4521.479166994293,44.923398738441456,92.04693033315576,66.3829582905239,SG,Singapore,None,delphi_constant
2020-09-02,56860,27,4521.609590719599,44.93764253334245,92.0478199248688,66.4357130864535,SG,Singapore,None,delphi_constant
2020-09-03,56908,27,4521.732498632188,44.95125335931049,92.05431134702997,66.48612355300182,SG,Singapore,None,delphi_constant
2020-09-04,56948,27,4521.848324929725,44.964258559286925,92.05968897076328,66.53429096032194,SG,Singapore,None,delphi_constant
2020-09-05,56982,27,4521.957479138813,44.97668434854593,92.0642352336899,66.58031240202197,SG,Singapore,None,delphi_constant
2020-09-06,57022,27,4522.060345615673,44.98855582773516,92.06962164495164,66.62428084346357,SG,Singapore,None,delphi_constant
2020-09-07,57044,27,4522.157284609778,44.99989700011804,92.07251019456949,66.66628518562237,SG,Singapore,None,delphi_constant
2020-09-08,57091,27,4522.248637391195,45.01073091968845,92.07887646495736,66.70641081366092,SG,Singapore,None,delphi_constant
2020-09-09,57166,27,4522.3347267538475,45.02107970862207,92.08911813533595,66.74473966156322,SG,Singapore,None,delphi_constant
2020-09-10,57229,27,4522.415857094152,45.03096456245067,92.09768498996287,66.78135023129877,SG,Singapore,None,delphi_constant
2020-09-11,57315,27,4522.492313931633,45.04040575658599,92.10940885643963,66.81631761698515,SG,Singapore,None,delphi_constant
2020-09-12,57357,27,4522.5643650250295,45.049422669930614,92.1150611694736,66.8497135923356,SG,Singapore,None,delphi_constant
2020-09-13,57406,27,4522.632264087795,45.05803390811749,92.12167323261019,66.8816070671018,SG,Singapore,None,delphi_constant
2020-09-14,57454,27,4522.696251076502,45.066257314868636,92.12814381752968,66.9120641291431,SG,Singapore,None,delphi_constant
2020-09-15,57488,27,4522.756552057631,45.07410996959607,92.1326945587642,66.941148035541,SG,Singapore,None,delphi_constant
2020-06-15,40818,26,4292.173988498696,36.14148791256316,89.48460485937896,39.00572274062753,SG,Singapore,None,themis
2020-06-16,40969,26,4305.501042697737,36.47546909360472,89.49083198833816,40.290265744633544,SG,Singapore,None,themis
2020-06-17,41216,26,4318.236188627917,36.79950948448743,89.52291297402,41.536574940336266,SG,Singapore,None,themis
2020-06-18,41473,26,4330.509502072625,37.11383951370548,89.55824391273208,42.74553659117492,SG,Singapore,None,themis
2020-06-19,41615,26,4342.404577450463,37.41872952427307,89.56528997368626,43.91819047797334,SG,Singapore,None,themis
2020-06-20,41833,26,4354.095058329274,37.71448487366589,89.59172170695558,45.05571105256111,SG,Singapore,None,themis
2020-06-21,42095,26,4366.11546328674,38.001576930265244,89.6279475869183,46.159911270250944,SG,Singapore,None,themis
2020-06-22,42313,26,4378.905061037422,38.28070436476268,89.65115907395499,47.2334783260103,SG,Singapore,None,themis
2020-06-23,42432,26,4392.770419638168,38.552709936984286,89.64750560982709,48.27965360378572,SG,Singapore,None,themis
2020-06-24,42623,26,4407.950900254712,38.81852631571862,89.65828097446283,49.302024291225464,SG,Singapore,None,themis
2020-06-25,42736,26,4424.655728908417,39.07914889868716,89.64653751191403,50.30441884110446,SG,Singapore,None,themis
2020-06-26,42955,26,4443.085424935472,39.33562377931159,89.65641851953097,51.29086068965996,SG,Singapore,None,themis
2020-06-27,43246,26,4463.444626133329,39.58904440864064,89.678942269497,52.26555541784861,SG,Singapore,None,themis
2020-06-28,43459,26,4485.9500340828135,39.84055347298699,89.67774216138702,53.23289797302688,SG,Singapore,None,themis
2020-06-29,43661,26,4510.835940791201,40.0913476812616,89.66850062804058,54.1974910817754,SG,Singapore,None,themis
2020-06-30,43907,26,4538.358723613681,40.342685040868425,89.66370117836864,55.16417323410933,SG,Singapore,None,themis
2020-07-01,44122,26,4568.799890330502,40.59589300758453,89.64507526782442,56.13805002917126,SG,Singapore,None,themis
2020-07-02,44310,26,4602.470337548507,40.85237928388443,89.6130211294324,57.124535707247816,SG,Singapore,None,themis
2020-07-03,44479,26,4639.7127289835025,41.11364105609242,89.56875665149057,58.129388677278534,SG,Singapore,None,themis
2020-07-04,44664,26,4680.906289183172,41.38127988843138,89.51973336650731,59.15876880165916,SG,Singapore,None,themis
2020-07-05,44800,26,4726.470016282943,41.65701316841782,89.44984371365415,60.21928141699161,SG,Singapore,None,themis
2020-07-06,44983,26,4776.866553165897,41.94268809976143,89.38072926846608,61.31803115292859,SG,Singapore,None,themis
2020-07-07,45140,26,4832.608449005777,42.2403024786373,89.29417711784276,62.46270184091268,SG,Singapore,None,themis
2020-07-08,45298,26,4894.261480160273,42.55201694347136,89.19541374859756,63.661603628735996,SG,Singapore,None,themis
2020-07-09,45423,26,4962.451027220289,42.880177060035386,89.07502580802613,64.92375792321302,SG,Singapore,None,themis
2020-07-10,45614,26,5037.86949502084,43.22733819569927,88.95543145740159,66.2589930603818,SG,Singapore,None,themis
2020-07-11,45783,26,5121.280896828438,43.596282227118834,88.81401197643571,67.67800856584168,SG,Singapore,None,themis
2020-07-12,45961,26,5213.530178070677,43.99004930085184,88.6566215311445,69.1924973109686,SG,Singapore,None,themis
2020-07-13,46283,26,5315.5520578214555,44.41196718748638,88.51510909443758,70.81525841340917,SG,Singapore,None,themis
2020-07-14,46630,27,5428.3775650325815,44.86567552067929,88.35861555858335,66.16916859510847,SG,Singapore,None,themis
2020-07-15,46878,27,5553.147413193411,45.35517027115337,88.15404365972651,67.98211211538285,SG,Singapore,None,themis
2020-07-16,47126,27,5691.122175503241,45.88483776352082,87.92360443172933,69.94384356859563,SG,Singapore,None,themis
2020-07-17,47453,27,5843.691972673508,46.45949108257333,87.68530551772594,72.07218919471603,SG,Singapore,None,themis
2020-07-18,47655,27,6012.395034884989,47.084429930591284,87.38349588734657,74.38677752070846,SG,Singapore,None,themis
2020-07-19,47912,27,6198.929024123361,47.76548063516367,87.0618445814757,76.90918753764322,SG,Singapore,None,themis
2020-07-20,48035,27,6405.166206453993,48.50905186825091,86.66562671707298,79.66315506759595,SG,Singapore,None,themis
2020-07-21,48434,27,6633.177433501464,49.32221003761176,86.30470860655436,82.67485199115467,SG,Singapore,None,themis
2020-07-22,48744,27,6885.244497194808,50.2127287864221,85.8746830436673,85.9730695793411,SG,Singapore,None,themis
2020-07-23,49098,27,7163.885667755472,51.18917665101849,85.4090071535389,89.58954315192034,SG,Singapore,None,themis
2020-07-24,49375,27,7471.881986593733,52.26100013292227,84.86707445753167,93.55925975156396,SG,Singapore,None,themis
2020-07-25,49888,27,7812.2938771715535,53.43859768296806,84.34033459515003,97.92073215914095,SG,Singapore,None,themis
2020-07-26,50369,27,8188.500375863289,54.733443105188016,83.74297608476783,102.71645594514081,SG,Singapore,None,themis
2020-07-27,50838,27,8604.224389279363,56.15817637703213,83.0752106902723,107.99324584085974,SG,Singapore,None,themis
2020-07-28,51197,27,9063.560198951653,57.726719911814975,82.29669668349385,113.80266634005547,SG,Singapore,None,themis
2020-07-29,51531,27,9571.025562228739,59.45443210104259,81.42666441126946,120.20160037423182,SG,Singapore,None,themis
2020-07-30,51809,27,10131.582633596352,61.35821623850368,80.44435786524281,127.25265273519881,SG,Singapore,None,themis
2020-07-31,52205,27,10750.691085575383,63.45670309973472,79.40677888023104,135.02482629531377,SG,Singapore,None,themis
2020-08-01,52512,27,11434.358597725774,65.77041070107482,78.2252464241968,143.59411370768453,SG,Singapore,None,themis
2020-08-02,52825,27,12189.167685843062,68.32191191201055,76.92538062310827,153.04411819263166,SG,Singapore,None,themis
2020-08-03,53051,27,13022.359634076402,71.13607051328454,75.45313069673257,163.46692782697977,SG,Singapore,None,themis
2020-08-04,53346,27,13941.864348477497,74.24021645684309,73.86521135890696,174.9637646549744,SG,Singapore,None,themis
2020-08-05,54254,27,14956.365734532235,77.66440780913618,72.43269485285465,187.6459548486525,SG,Singapore,None,themis
2020-08-06,54555,27,16075.385315272059,81.4416766788174,70.5336168723819,201.63583955117556,SG,Singapore,None,themis
2020-08-07,54797,27,17309.301279816318,85.6082821838128,68.41195452339304,217.06771179189928,SG,Singapore,None,themis
2020-08-08,54929,27,18669.473610265508,90.20403694465341,66.01162662661707,234.08902572093857,SG,Singapore,None,themis
2020-08-09,55104,27,20168.265644500072,95.2725732428961,63.39963406558494,252.86138238109666,SG,Singapore,None,themis
2020-08-10,55292,27,21819.13478665127,100.86170980803146,60.538351322702624,273.56188817789433,SG,Singapore,None,themis
2020-08-11,55353,27,23636.724717628367,107.02377410365516,57.29820476283424,296.38434853205615,SG,Singapore,None,themis
2020-08-12,55395,27,25636.87002402647,113.81597662388538,53.719884422734054,321.54065416253843,SG,Singapore,None,themis
2020-08-13,55497,27,27836.762391468324,121.30079245535437,49.840960067267915,349.26219427909024,SG,Singapore,None,themis
2020-08-14,55580,27,30254.896697167318,129.5463491357349,45.56513728469356,379.8012930953145,SG,Singapore,None,themis
2020-08-15,55661,27,32911.23804699734,138.62683686316842,40.8719964661121,413.432729122846,SG,Singapore,None,themis
2020-08-16,55747,27,35827.17614366095,148.6229052525711,35.73254857900703,450.4552046391522,SG,Singapore,None,themis
2020-08-17,55838,27,39025.609395100815,159.62208311759125,30.10922777481139,491.19290043552314,SG,Singapore,None,themis
2020-08-18,55938,27,42530.94981125472,171.7191559874513,23.967696715551643,535.9968740275974,SG,Singapore,None,themis
2020-08-19,56031,27,46369.07267075731,185.0165726204062,17.24389593125714,585.2465652607638,SG,Singapore,None,themis
2020-08-20,56099,27,50567.36921255781,199.6247529396082,9.860480200078774,639.3509368133637,SG,Singapore,None,themis
2020-08-21,56216,27,55154.54251077384,215.66245248968715,1.888176834399742,698.7498240358783,SG,Singapore,None,themis
2020-08-22,56266,27,60160.67295233647,233.2569313791324,6.921894132045055,763.9145606634532,SG,Singapore,None,themis
2020-08-23,56353,27,65616.85565120305,252.54422747888347,16.438975123246408,835.3489906625314,SG,Singapore,None,themis
2020-08-24,56404,27,71555.2312902269,273.6691083504005,26.861980161383777,913.5892901866684,SG,Singapore,None,themis
2020-08-25,56435,27,78008.46355474106,296.7851730455933,38.22709941479766,999.2043446133085,SG,Singapore,None,themis
2020-08-26,56495,27,85009.6855269167,322.0545084551497,50.4729365907013,1092.7944757598136,SG,Singapore,None,themis
2020-08-27,56572,27,92591.82514277419,349.6475038079474,63.67076494162164,1194.9907548442495,SG,Singapore,None,themis
2020-08-28,56666,27,100787.41129437037,379.74214693528637,77.86223007512505,1306.4523960566162,SG,Singapore,None,themis
2020-08-29,56717,27,109627.78719176701,412.52339528807306,93.28911471299084,1427.8644269928632,SG,Singapore,None,themis
2020-08-30,56771,27,119142.70540294552,448.1820855282128,109.86543376538289,1559.9336501044918,SG,Singapore,None,themis
2020-08-31,56812,27,129359.52469688313,486.91367284712385,127.69753695853541,1703.3839735078661,SG,Singapore,None,themis
2020-09-01,56852,27,140302.51272190147,528.9167777120743,146.7855356397338,1858.9510285632382,SG,Singapore,None,themis
2020-09-02,56860,27,151992.17627848644,574.391123892192,167.30949046515377,2027.3745329340447,SG,Singapore,None,themis
2020-09-03,56908,27,164444.22344249365,623.5357695259924,188.96503732778106,2209.3917389851567,SG,Singapore,None,themis
2020-09-04,56948,27,177669.17213162815,676.5462002611221,211.98491980689073,2405.7266676337854,SG,Singapore,None,themis
2020-09-05,56982,27,191671.0587396279,733.6122476954185,236.37123782883697,2617.0823988719208,SG,Singapore,None,themis
2020-09-06,57022,27,206447.33643471624,794.9145531612061,262.0485714894536,2844.1279746711334,SG,Singapore,None,themis
2020-09-07,57044,27,221987.66930885994,860.6220700247211,289.1516536513217,3087.489148239708,SG,Singapore,None,themis
2020-09-08,57091,27,238273.93625535362,930.8884191968876,317.3581409597898,3347.7348859143985,SG,Singapore,None,themis
2020-09-09,57166,27,255279.5973028451,1005.848852482833,346.5584391121385,3625.3661203067886,SG,Singapore,None,themis
2020-09-10,57229,27,272969.5987355038,1085.617111261107,376.9777538232431,3920.8041157818784,SG,Singapore,None,themis
2020-09-11,57315,27,291300.6542914778,1170.2820105955986,408.2450567765468,4234.377817020736,SG,Singapore,None,themis
2020-09-12,57357,27,310221.0391954989,1259.9051835522955,440.85994594469537,4566.315494638132,SG,Singapore,None,themis
2020-09-13,57406,27,329671.7823325431,1354.517814185336,474.28105482448365,4916.732645130874,SG,Singapore,None,themis
2020-09-14,57454,27,349586.5613459767,1454.1193898039749,508.46339914710325,5285.627369644351,SG,Singapore,None,themis
2020-09-15,57488,27,369893.452900904,1558.6752903359038,543.4272420346924,5672.871445688533,SG,Singapore,None,themis
2020-06-15,40818,26,86241.02853319896,133.68413995640583,111.2818573501861,414.1697690630993,SG,Singapore,None,seir
2020-06-16,40969,26,91933.79091641982,142.58662403526696,124.39842543488935,448.41009244333446,SG,Singapore,None,seir
2020-06-17,41216,26,97993.93611758658,152.07120713233923,137.75702668280906,484.8892582013047,SG,Singapore,None,seir
2020-06-18,41473,26,104444.0195616739,162.17472913185847,151.836181519721,523.7489581994556,SG,Singapore,None,seir
2020-06-19,41615,26,111308.11086292083,172.93569418581387,167.47113027254795,565.1372853300534,SG,Singapore,None,seir
2020-06-20,41833,26,118611.45654547722,184.39507950469687,183.53562150808506,609.2118442488342,SG,Singapore,None,seir
2020-06-21,42095,26,126380.47150734246,196.59650019777973,200.22680011246575,656.140385376076,SG,Singapore,None,seir
2020-06-22,42313,26,134642.73902036564,209.58620927311551,218.2065535895957,706.1008048965982,SG,Singapore,None,seir
2020-06-23,42432,26,143427.17368564062,223.41305346682066,238.01652923652105,759.2809748723871,SG,Singapore,None,seir
2020-06-24,42623,26,152764.75154069683,238.1278572763815,258.40919583487045,815.8763741399288,SG,Singapore,None,seir
2020-06-25,42736,26,162687.93962775086,253.78412980400554,280.6812514689041,876.0928069384828,SG,Singapore,None,seir
2020-06-26,42955,26,173230.42179750378,270.4387026282613,303.2834868990892,940.1488562625435,SG,Singapore,None,seir
2020-06-27,43246,26,184427.09935503095,288.15173542363016,326.4604804028834,1008.2759054755005,SG,Singapore,None,seir
2020-06-28,43459,26,196314.20939350774,306.98663282257024,351.7227948031656,1080.7178185483472,SG,Singapore,None,seir
2020-06-29,43661,26,208930.38342983183,327.0090154591688,378.52862607322743,1157.7269825352646,SG,Singapore,None,seir
2020-06-30,43907,26,222316.01232491853,348.2874127593809,406.3338700547032,1239.566972151465,SG,Singapore,None,seir
2020-07-01,44122,26,236512.50159532682,370.89427248568165,436.0421141274802,1326.5164326372371,SG,Singapore,None,seir
2020-07-02,44310,26,251562.26230183692,394.90598200627886,467.73248093395824,1418.869161562611,SG,Singapore,None,seir
2020-07-03,44479,26,267508.9555039286,420.4025727509883,501.42753997151146,1516.932972119186,SG,Singapore,None,seir
2020-07-04,44664,26,284398.9970333439,447.465982684686,536.7521875186815,1621.0230103257154,SG,Singapore,None,seir
2020-07-05,44800,26,302280.15530282666,476.18147419383894,574.7324895152381,1731.4672084378421,SG,Singapore,None,seir
2020-07-06,44983,26,321200.573651876,506.63860629432565,614.0488043302493,1848.6100242089449,SG,Singapore,None,seir
2020-07-07,45140,26,341208.766278059,538.9312319289289,655.8900449225941,1972.8124304958803,SG,Singapore,None,seir
2020-07-08,45298,26,362354.6056643572,573.1560799008757,699.9351089769024,2104.4464611572143,SG,Singapore,None,seir
2020-07-09,45423,26,384690.58188194886,609.4110939107233,746.9070336216209,2243.888822733551,SG,Singapore,None,seir
2020-07-10,45614,26,408268.8647252308,647.7980389903762,795.0516611681298,2391.5309191937545,SG,Singapore,None,seir
2020-07-11,45783,26,433140.7685483012,688.4228716168889,846.0733646731345,2547.780275449573,SG,Singapore,None,seir
2020-07-12,45961,26,459357.07307504653,731.3951460376737,899.4496922935674,2713.058253991053,SG,Singapore,None,seir
2020-07-13,46283,26,486970.78493522893,776.8240925263567,952.1590755465916,2887.784971255218,SG,Singapore,None,seir
2020-07-14,46630,27,516034.5856529586,824.8206402769522,1006.6579147607948,2954.8912602850082,SG,Singapore,None,seir
2020-07-15,46878,27,546598.4051698195,875.499100498848,1066.0019735693063,3142.5892611068443,SG,Singapore,None,seir
2020-07-16,47126,27,578709.5068126617,928.9768918318644,1128.0047252316378,3340.6551549328306,SG,Singapore,None,seir
2020-07-17,47453,27,612415.6032247265,985.3697631173039,1190.57299480481,3549.5176411752,SG,Singapore,None,seir
2020-07-18,47655,27,647763.8696701588,1044.791760177361,1259.2778715143402,3769.5991117680037,SG,Singapore,None,seir
2020-07-19,47912,27,684796.3286764784,1107.3585472013242,1329.2793635758858,4001.327952597497,SG,Singapore,None,seir
2020-07-20,48035,27,723549.6851878212,1173.1872706125228,1406.2968360316877,4245.13803930564,SG,Singapore,None,seir
2020-07-21,48434,27,764058.9546989517,1242.390872795512,1477.5260244847664,4501.447677020415,SG,Singapore,None,seir
2020-07-22,48744,27,806357.4629425869,1315.0764895808072,1554.2701931367694,4770.6536651141005,SG,Singapore,None,seir
2020-07-23,49098,27,850470.5293336961,1391.3501496080983,1632.189761973392,5053.148702252216,SG,Singapore,None,seir
2020-07-24,49375,27,896415.1335016062,1471.3166375953053,1715.5243210159115,5349.3208799826125,SG,Singapore,None,seir
2020-07-25,49888,27,944204.8139518546,1555.0720696840272,1792.6491620266488,5659.526184014916,SG,Singapore,None,seir
2020-07-26,50369,27,993849.2585564492,1642.7023524887766,1873.1367677667795,5984.082786995468,SG,Singapore,None,seir
2020-07-27,50838,27,1045347.0205805838,1734.288925916805,1956.2315995526649,6323.292318210389,SG,Singapore,None,seir
2020-07-28,51197,27,1098685.5191702198,1829.908187998594,2045.9958965764006,6677.437733328126,SG,Singapore,None,seir
2020-07-29,51531,27,1153848.1030992053,1929.6213896212678,2139.1339254025834,7046.745887486178,SG,Singapore,None,seir
2020-07-30,51809,27,1210811.253836219,2033.4757706823805,2237.0674088212836,7431.3917432680755,SG,Singapore,None,seir
2020-07-31,52205,27,1269537.605583766,2141.5106116557195,2331.8314444665566,7831.520783910072,SG,Singapore,None,seir
2020-08-01,52512,27,1329977.225918441,2253.7552601966686,2432.711048747793,8247.241704432106,SG,Singapore,None,seir
2020-08-02,52825,27,1392076.92211437,2370.2165518074435,2535.261565763123,8678.579821509049,SG,Singapore,None,seir
2020-08-03,53051,27,1455773.363332275,2490.8853755432774,2644.1016443276753,9125.501390901027,SG,Singapore,None,seir
2020-08-04,53346,27,1520988.0852459194,2615.74165923438,2751.175505653506,9587.932071238445,SG,Singapore,None,seir
2020-08-05,54254,27,1587631.6292055172,2744.749287469252,2826.294151962099,10065.73810173797,SG,Singapore,None,seir
2020-08-06,54555,27,1655612.5969059784,2877.84450610165,2934.758678225604,10558.683355932037,SG,Singapore,None,seir
2020-08-07,54797,27,1724827.5168968872,3014.948064264924,3047.667786369486,11066.474312092312,SG,Singapore,None,seir
2020-08-08,54929,27,1795158.7815433335,3155.967882667903,3168.1439340664015,11588.769935807048,SG,Singapore,None,seir
2020-08-09,55104,27,1866483.2991186408,3300.7892809835475,3287.201109027731,12125.14548512425,SG,Singapore,None,seir
2020-08-10,55292,27,1938676.4801398602,3449.27071138428,3406.2513205162772,12675.076708830666,SG,Singapore,None,seir
2020-08-11,55353,27,2011602.8352447804,3601.2573829085277,3534.1351602348213,13237.99030706862,SG,Singapore,None,seir
2020-08-12,55395,27,2085116.6054863601,3756.581262501472,3664.088104497446,13813.263935190636,SG,Singapore,None,seir
2020-08-13,55497,27,2159074.0217571454,3915.0479812076414,3790.4337563420463,14400.177708176449,SG,Singapore,None,seir
2020-08-14,55580,27,2233330.291476565,4076.4430626987855,3918.2265049956186,14997.93726925476,SG,Singapore,None,seir
2020-08-15,55661,27,2307733.668821045,4240.542703238738,4046.0513983238625,15605.713715699028,SG,Singapore,None,seir
2020-08-16,55747,27,2382128.6341597172,4407.111117707038,4173.106416775283,16222.633769285327,SG,Singapore,None,seir
2020-08-17,55838,27,2456368.0268944153,4575.88846618523,4299.097437040036,16847.735059945295,SG,Singapore,None,seir
2020-08-18,55938,27,2530305.4471928687,4746.604707322015,4423.410646059689,17480.01743452598,SG,Singapore,None,seir
2020-08-19,56031,27,2603792.7926816475,4918.985938639317,4547.057508667787,18118.466439404878,SG,Singapore,None,seir
2020-08-20,56099,27,2676685.3978015203,5092.749885414306,4671.3602698827435,18762.036612645577,SG,Singapore,None,seir
2020-08-21,56216,27,2748850.4760877835,5267.598444831778,4789.800903813476,19409.623869747324,SG,Singapore,None,seir
2020-08-22,56266,27,2820159.216780118,5443.23298022703,4912.19069558902,20060.122148988998,SG,Singapore,None,seir
2020-08-23,56353,27,2890486.0185837457,5619.357558119625,5029.249584908959,20712.435400443053,SG,Singapore,None,seir
2020-08-24,56404,27,2959713.5555386366,5795.67449660517,5147.346917840289,21365.461098537668,SG,Singapore,None,seir
2020-08-25,56435,27,3027737.938976016,5971.880606120778,5265.000334856058,22018.076318965846,SG,Singapore,None,seir
2020-08-26,56495,27,3094462.2622566405,6147.679935536324,5377.409084444004,22669.18494643083,SG,Singapore,None,seir
2020-08-27,56572,27,3159796.338053539,6322.785657016236,5485.442158759703,23317.72465561569,SG,Singapore,None,seir
2020-08-28,56666,27,3223659.405166871,6496.91760884691,5588.87764297263,23962.65781054411,SG,Singapore,None,seir
2020-08-29,56717,27,3285984.1857257904,6669.799443366447,5693.649497903258,24602.96090135721,SG,Singapore,None,seir
2020-08-30,56771,27,3346711.874598083,6841.167295741095,5795.1081971395315,25237.656650892943,SG,Singapore,None,seir
2020-08-31,56812,27,3405792.101448355,7010.770978625863,5894.846337830661,25865.818439355047,SG,Singapore,None,seir
2020-09-01,56852,27,3463183.3220004784,7178.3734197424255,5991.576940126079,26486.568221268244,SG,Singapore,None,seir
2020-09-02,56860,27,3518855.1154871713,7343.74868777696,6088.630171451234,27099.06921398874,SG,Singapore,None,seir
2020-09-03,56908,27,3572784.275815543,7506.688926499355,6178.175785154183,27702.551579627245,SG,Singapore,None,seir
2020-09-04,56948,27,3624955.778786512,7667.0013900396825,6265.378553744666,28296.301444591416,SG,Singapore,None,seir
2020-09-05,56982,27,3675363.1966659036,7824.507699212911,6350.042463700648,28879.658145233003,SG,Singapore,None,seir
2020-09-06,57022,27,3724008.692996365,7979.043843214196,6430.827913781286,29452.014234126655,SG,Singapore,None,seir
2020-09-07,57044,27,3770900.81097743,8130.462887435735,6510.512606018915,30012.82550902124,SG,Singapore,None,seir
2020-09-08,57091,27,3816051.242155482,8278.639850291987,6584.155544929116,30561.62907515551,SG,Singapore,None,seir
2020-09-09,57166,27,3859478.107104924,8423.464081083743,6651.352389715783,31098.015115124974,SG,Singapore,None,seir
2020-09-10,57229,27,3901206.3640546487,8564.83759545884,6716.834758696899,31621.620723921627,SG,Singapore,None,seir
2020-09-11,57315,27,3941267.2152862614,8702.67563869912,6776.502163981962,32132.131995181924,SG,Singapore,None,seir
2020-09-12,57357,27,3979692.285684228,8836.914345459887,6838.459622512035,32629.312390592175,SG,Singapore,None,seir
2020-09-13,57406,27,4016515.1963911094,8967.506925124282,6896.6818736562545,33112.98861157142,SG,Singapore,None,seir
2020-09-14,57454,27,4051774.4399730223,9094.41624341778,6952.206008237934,33583.023123769555,SG,Singapore,None,seir
2020-09-15,57488,27,4085513.342906791,9217.614689027707,7006.7237387051055,34039.31366306558,SG,Singapore,None,seir
2020-06-15,77326,2938,66499.0,2846.0,14.001758787471225,3.1313818924438395,US-FL,US,Florida,delphi
2020-06-16,80109,2993,66769.0,2860.0,16.652311225954637,4.443701971266288,US-FL,US,Florida,delphi
2020-06-17,82719,3018,67025.0,2874.0,18.97266649741897,4.7713717693836974,US-FL,US,Florida,delphi
2020-06-18,85926,3061,67268.0,2886.0,21.71403300514396,5.717085919634107,US-FL,US,Florida,delphi
2020-06-19,89748,3104,67498.0,2898.0,24.79163881089272,6.63659793814433,US-FL,US,Florida,delphi
2020-06-20,93797,3144,67713.0,2909.0,27.808991758798257,7.474554707379134,US-FL,US,Florida,delphi
2020-06-21,97291,3161,67916.0,2920.0,30.192926375512634,7.62416956659285,US-FL,US,Florida,delphi
2020-06-22,100217,3173,68107.0,2930.0,32.04047217537943,7.658367475575166,US-FL,US,Florida,delphi
2020-06-23,103503,3238,68287.0,2940.0,34.02413456614784,9.20321185917233,US-FL,US,Florida,delphi
2020-06-24,109014,3281,68458.0,2949.0,37.20256113893628,10.118866199329473,US-FL,US,Florida,delphi
2020-06-25,114018,3327,68618.0,2957.0,39.818274307565474,11.121130147279832,US-FL,US,Florida,delphi
2020-06-26,122960,3366,68769.0,2965.0,44.0720559531555,11.913250148544266,US-FL,US,Florida,delphi
2020-06-27,132545,3390,68910.0,2973.0,48.01010977403901,12.300884955752213,US-FL,US,Florida,delphi
2020-06-28,141075,3419,69041.0,2980.0,51.06078327130958,12.840011699327288,US-FL,US,Florida,delphi
2020-06-29,146341,3447,69165.0,2987.0,52.73710033415105,13.34493762692196,US-FL,US,Florida,delphi
2020-06-30,152434,3505,69282.0,2993.0,54.54950995184801,14.607703281027105,US-FL,US,Florida,delphi
2020-07-01,158997,3550,69391.0,2999.0,56.357038183110376,15.52112676056338,US-FL,US,Florida,delphi
2020-07-02,169106,3617,69494.0,3005.0,58.90506546189964,16.920099529997234,US-FL,US,Florida,delphi
2020-07-03,178594,3684,69590.0,3010.0,61.034525236010175,18.295331161780673,US-FL,US,Florida,delphi
2020-07-04,190052,3702,69680.0,3015.0,63.336350051564835,18.557536466774714,US-FL,US,Florida,delphi
2020-07-05,200111,3731,69764.0,3019.0,65.13734877143186,19.08335566872152,US-FL,US,Florida,delphi
2020-07-06,206447,3778,69842.0,3024.0,66.16952535033205,19.957649550026467,US-FL,US,Florida,delphi
2020-07-07,213794,3841,69915.0,3028.0,67.29795971823343,21.16636292632127,US-FL,US,Florida,delphi
2020-07-08,223783,3889,69983.0,3032.0,68.72729385163305,22.036513242478787,US-FL,US,Florida,delphi
2020-07-09,232718,4009,70047.0,3035.0,69.90048040976633,24.295335495135944,US-FL,US,Florida,delphi
2020-07-10,244151,4102,70107.0,3039.0,71.2853930559367,25.914188200877618,US-FL,US,Florida,delphi
2020-07-11,254511,4197,70163.0,3042.0,72.43223279151,27.519656897784134,US-FL,US,Florida,delphi
2020-07-12,269811,4242,70214.0,3045.0,73.97659843371842,28.217821782178216,US-FL,US,Florida,delphi
2020-07-13,282435,4277,70262.0,3047.0,75.12277161116717,28.758475566986206,US-FL,US,Florida,delphi
2020-07-14,291629,4409,70307.0,3050.0,75.89162943328681,30.823315944658653,US-FL,US,Florida,delphi
2020-07-15,301810,4521,70349.0,3052.0,76.69096451409827,32.49281132492811,US-FL,US,Florida,delphi
2020-07-16,315775,4677,70388.0,3055.0,77.7094450162299,34.68035065212744,US-FL,US,Florida,delphi
2020-07-17,327241,4805,70424.0,3057.0,78.47946925965879,36.37877211238293,US-FL,US,Florida,delphi
2020-07-18,337569,4895,70458.0,3059.0,79.1278227562365,37.507660878447396,US-FL,US,Florida,delphi
2020-07-19,350047,4982,70489.0,3060.0,79.86298982708037,38.57888398233641,US-FL,US,Florida,delphi
2020-07-20,360394,5072,70518.0,3062.0,80.43308157183527,39.62933753943217,US-FL,US,Florida,delphi
2020-07-21,369834,5206,70545.0,3064.0,80.925225912166,41.14483288513254,US-FL,US,Florida,delphi
2020-07-22,379619,5345,70570.0,3065.0,81.41030875693788,42.65668849391955,US-FL,US,Florida,delphi
2020-07-23,389868,5518,70593.0,3067.0,81.89310228077196,44.41826748822037,US-FL,US,Florida,delphi
2020-07-24,402312,5653,70615.0,3068.0,82.44770228081688,45.727932071466476,US-FL,US,Florida,delphi
2020-07-25,414511,5777,70635.0,3069.0,82.95943895336914,46.87554093820322,US-FL,US,Florida,delphi
2020-07-26,423855,5854,70653.0,3070.0,83.33085607106204,47.55722582849334,US-FL,US,Florida,delphi
2020-07-27,432747,5931,70670.0,3071.0,83.66944196031399,48.22121058843366,US-FL,US,Florida,delphi
2020-07-28,441977,6117,70686.0,3072.0,84.00686008547956,49.779303580186365,US-FL,US,Florida,delphi
2020-07-29,451423,6333,70701.0,3073.0,84.33819278149319,51.47639349439444,US-FL,US,Florida,delphi
2020-07-30,461379,6586,70714.0,3074.0,84.67333797160252,53.325235347707256,US-FL,US,Florida,delphi
2020-07-31,470386,6843,70727.0,3075.0,84.96405080083166,55.06356861025866,US-FL,US,Florida,delphi
2020-08-01,480028,7022,70739.0,3075.0,85.26356795853576,56.20905724864711,US-FL,US,Florida,delphi
2020-08-02,487132,7084,70749.0,3076.0,85.4764211753693,56.57820440429136,US-FL,US,Florida,delphi
2020-08-03,491884,7157,70759.0,3077.0,85.61469777427199,57.00712589073634,US-FL,US,Florida,delphi
2020-08-04,497330,7402,70768.0,3077.0,85.77041401081776,58.43015401242907,US-FL,US,Florida,delphi
2020-08-05,502739,7627,70777.0,3078.0,85.92172081338428,59.64337223023469,US-FL,US,Florida,delphi
2020-08-06,510389,7747,70784.0,3078.0,86.13136254895775,60.268491028785334,US-FL,US,Florida,delphi
2020-08-07,518075,7927,70792.0,3079.0,86.33556917434734,61.158067364702916,US-FL,US,Florida,delphi
2020-08-08,526577,8109,70798.0,3079.0,86.55505272733143,62.02984338389443,US-FL,US,Florida,delphi
2020-08-09,532806,8186,70804.0,3079.0,86.71111061061625,62.38700219887613,US-FL,US,Florida,delphi
2020-08-10,536961,8277,70810.0,3080.0,86.81282253273515,62.78844992146914,US-FL,US,Florida,delphi
2020-08-11,542792,8553,70815.0,3080.0,86.95356600686819,63.98924354027826,US-FL,US,Florida,delphi
2020-08-12,550901,8765,70820.0,3080.0,87.14469568942515,64.86023958927552,US-FL,US,Florida,delphi
2020-08-13,557137,8913,70824.0,3081.0,87.28786635962071,65.43251430494783,US-FL,US,Florida,delphi
2020-08-14,563285,9141,70828.0,3081.0,87.42590340591353,66.2947161142107,US-FL,US,Florida,delphi
2020-08-15,569637,9345,70832.0,3081.0,87.5654144657036,67.03049759229535,US-FL,US,Florida,delphi
2020-08-16,573416,9452,70836.0,3081.0,87.6466648994796,67.40372407955988,US-FL,US,Florida,delphi
2020-08-17,576094,9539,70839.0,3082.0,87.70356920919156,67.69053359890974,US-FL,US,Florida,delphi
2020-08-18,579932,9758,70842.0,3082.0,87.78442989867777,68.41565894650543,US-FL,US,Florida,delphi
2020-08-19,584047,9932,70844.0,3082.0,87.87015428552839,68.9689891260572,US-FL,US,Florida,delphi
2020-08-20,588602,10049,70847.0,3082.0,87.96351354565563,69.3302816200617,US-FL,US,Florida,delphi
2020-08-21,593286,10168,70849.0,3082.0,88.05820464329177,69.68922108575924,US-FL,US,Florida,delphi
2020-08-22,597597,10274,70851.0,3082.0,88.14401678723287,70.00194666147557,US-FL,US,Florida,delphi
2020-08-23,600571,10325,70853.0,3083.0,88.20239405499099,70.14043583535108,US-FL,US,Florida,delphi
2020-08-24,602829,10397,70855.0,3083.0,88.24625225395593,70.34721554294508,US-FL,US,Florida,delphi
2020-08-25,605502,10580,70856.0,3083.0,88.29797424285964,70.8601134215501,US-FL,US,Florida,delphi
2020-08-26,608722,10733,70858.0,3083.0,88.35954672247759,71.27550545047983,US-FL,US,Florida,delphi
2020-08-27,611991,10868,70859.0,3083.0,88.42156175499312,71.63231505336769,US-FL,US,Florida,delphi
2020-08-28,615806,10957,70860.0,3083.0,88.49312932969148,71.86273615040614,US-FL,US,Florida,delphi
2020-08-29,619003,11105,70861.0,3083.0,88.55239796899207,72.23773075191356,US-FL,US,Florida,delphi
2020-08-30,621586,11119,70862.0,3083.0,88.59980758897402,72.27268639266121,US-FL,US,Florida,delphi
2020-08-31,623471,11187,70863.0,3083.0,88.6341144977072,72.44122642352731,US-FL,US,Florida,delphi
2020-09-01,631040,11374,70864.0,3083.0,88.77028397565923,72.89432037981362,US-FL,US,Florida,delphi
2020-09-02,633442,11501,70865.0,3083.0,88.8127089773018,73.19363533605774,US-FL,US,Florida,delphi
2020-09-03,637013,11650,70866.0,3083.0,88.87526628184982,73.53648068669528,US-FL,US,Florida,delphi
2020-09-04,640211,11750,70866.0,3084.0,88.93083686472116,73.7531914893617,US-FL,US,Florida,delphi
2020-09-05,643867,11811,70867.0,3084.0,88.99353437899443,73.88874777749555,US-FL,US,Florida,delphi
2020-09-06,646431,11849,70868.0,3084.0,89.03703566196548,73.97248712971559,US-FL,US,Florida,delphi
2020-09-07,648269,11871,70868.0,3084.0,89.06811832742272,74.02072276977508,US-FL,US,Florida,delphi
2020-09-08,650092,11915,70869.0,3084.0,89.09861988764666,74.1166596726815,US-FL,US,Florida,delphi
2020-09-09,652259,12110,70869.0,3084.0,89.13483754152874,74.53344343517753,US-FL,US,Florida,delphi
2020-09-10,654731,12326,70869.0,3084.0,89.17586000968336,74.97971766996592,US-FL,US,Florida,delphi
2020-09-11,658381,12502,70870.0,3084.0,89.23571609751801,75.33194688849784,US-FL,US,Florida,delphi
2020-09-12,661571,12600,70870.0,3084.0,89.28761992288054,75.52380952380953,US-FL,US,Florida,delphi
2020-09-13,663994,12608,70870.0,3084.0,89.32671078353117,75.53934010152284,US-FL,US,Florida,delphi
2020-09-14,665730,12642,70871.0,3084.0,89.3543929220555,75.60512577123872,US-FL,US,Florida,delphi
2020-09-15,668846,12787,70871.0,3084.0,89.40398836204447,75.88175490732776,US-FL,US,Florida,delphi
2020-06-15,77326,2938,425480.0,6292.0,450.2418332772935,114.15929203539822,US-FL,US,Florida,delphi_lookahead
2020-06-16,80109,2993,427839.0,6384.0,434.07107815601245,113.29769462078183,US-FL,US,Florida,delphi_lookahead
2020-06-17,82719,3018,430061.0,6473.0,419.9059466386199,114.47978793903246,US-FL,US,Florida,delphi_lookahead
2020-06-18,85926,3061,432146.0,6560.0,402.9281009240509,114.30904933028422,US-FL,US,Florida,delphi_lookahead
2020-06-19,89748,3104,434115.0,6645.0,383.7043722422784,114.0786082474227,US-FL,US,Florida,delphi_lookahead
2020-06-20,93797,3144,435979.0,6727.0,364.8112412976961,113.96310432569973,US-FL,US,Florida,delphi_lookahead
2020-06-21,97291,3161,437743.0,6807.0,349.93164835390735,115.34324580828851,US-FL,US,Florida,delphi_lookahead
2020-06-22,100217,3173,439411.0,6885.0,338.459542792141,116.98707847462968,US-FL,US,Florida,delphi_lookahead
2020-06-23,103503,3238,440982.0,6961.0,326.0572157328773,114.97838171710933,US-FL,US,Florida,delphi_lookahead
2020-06-24,109014,3281,442452.0,7034.0,305.86713633111344,114.38585797013106,US-FL,US,Florida,delphi_lookahead
2020-06-25,114018,3327,443829.0,7105.0,289.2622217544598,113.55575593627893,US-FL,US,Florida,delphi_lookahead
2020-06-26,122960,3366,445125.0,7174.0,262.00797007156797,113.13131313131312,US-FL,US,Florida,delphi_lookahead
2020-06-27,132545,3390,446344.0,7240.0,236.74902863178545,113.5693215339233,US-FL,US,Florida,delphi_lookahead
2020-06-28,141075,3419,447493.0,7305.0,217.2021974127237,113.65896460953495,US-FL,US,Florida,delphi_lookahead
2020-06-29,146341,3447,448573.0,7367.0,206.52585399853766,113.72207716855236,US-FL,US,Florida,delphi_lookahead
2020-06-30,152434,3505,449583.0,7427.0,194.9361690961334,111.89728958630528,US-FL,US,Florida,delphi_lookahead
2020-07-01,158997,3550,450525.0,7485.0,183.3544029132625,110.84507042253522,US-FL,US,Florida,delphi_lookahead
2020-07-02,169106,3617,451405.0,7542.0,166.93612290516006,108.51534420790712,US-FL,US,Florida,delphi_lookahead
2020-07-03,178594,3684,452230.0,7596.0,153.21679339731458,106.18892508143323,US-FL,US,Florida,delphi_lookahead
2020-07-04,190052,3702,453004.0,7648.0,138.35792309473197,106.59103187466235,US-FL,US,Florida,delphi_lookahead
2020-07-05,200111,3731,453729.0,7699.0,126.73866004367575,106.3521844009649,US-FL,US,Florida,delphi_lookahead
2020-07-06,206447,3778,454408.0,7748.0,120.10879305584483,105.0820539968237,US-FL,US,Florida,delphi_lookahead
2020-07-07,213794,3841,455040.0,7795.0,112.84039776607389,102.94194220255142,US-FL,US,Florida,delphi_lookahead
2020-07-08,223783,3889,455626.0,7840.0,103.60170343591784,101.59424016456673,US-FL,US,Florida,delphi_lookahead
2020-07-09,232718,4009,456172.0,7883.0,96.01921639065306,96.63257670241956,US-FL,US,Florida,delphi_lookahead
2020-07-10,244151,4102,456682.0,7925.0,87.04899836576546,93.1984397854705,US-FL,US,Florida,delphi_lookahead
2020-07-11,254511,4197,457159.0,7966.0,79.62249175870592,89.80223969502025,US-FL,US,Florida,delphi_lookahead
2020-07-12,269811,4242,457604.0,8004.0,69.60168414186226,88.68458274398868,US-FL,US,Florida,delphi_lookahead
2020-07-13,282435,4277,458019.0,8042.0,62.16793244463328,88.02899228431144,US-FL,US,Florida,delphi_lookahead
2020-07-14,291629,4409,458405.0,8078.0,57.18772824376177,83.21614878657292,US-FL,US,Florida,delphi_lookahead
2020-07-15,301810,4521,458761.0,8112.0,52.003247075974954,79.4293297942933,US-FL,US,Florida,delphi_lookahead
2020-07-16,315775,4677,459091.0,8145.0,45.385480167841024,74.15009621552278,US-FL,US,Florida,delphi_lookahead
2020-07-17,327241,4805,459399.0,8177.0,40.38552626351832,70.17689906347555,US-FL,US,Florida,delphi_lookahead
2020-07-18,337569,4895,459685.0,8208.0,36.17512271565221,67.68130745658836,US-FL,US,Florida,delphi_lookahead
2020-07-19,350047,4982,459951.0,8237.0,31.396926698414784,65.3352067442794,US-FL,US,Florida,delphi_lookahead
2020-07-20,360394,5072,460199.0,8265.0,27.69330233022747,62.95347003154574,US-FL,US,Florida,delphi_lookahead
2020-07-21,369834,5206,460429.0,8292.0,24.496125288643015,59.277756434882825,US-FL,US,Florida,delphi_lookahead
2020-07-22,379619,5345,460640.0,8318.0,21.34271466918147,55.62207670720299,US-FL,US,Florida,delphi_lookahead
2020-07-23,389868,5518,460836.0,8343.0,18.20308412077934,51.19608553823849,US-FL,US,Florida,delphi_lookahead
2020-07-24,402312,5653,461017.0,8366.0,14.591908767324863,47.99221652220061,US-FL,US,Florida,delphi_lookahead
2020-07-25,414511,5777,461185.0,8389.0,11.260014812634648,45.21377877791241,US-FL,US,Florida,delphi_lookahead
2020-07-26,423855,5854,461341.0,8411.0,8.844062238265444,43.67953536043731,US-FL,US,Florida,delphi_lookahead
2020-07-27,432747,5931,461486.0,8432.0,6.641062791885329,42.168268420165234,US-FL,US,Florida,delphi_lookahead
2020-07-28,441977,6117,461619.0,8452.0,4.444122657966365,38.172306686284124,US-FL,US,Florida,delphi_lookahead
2020-07-29,451423,6333,461742.0,8471.0,2.285882642222483,33.75967156166114,US-FL,US,Florida,delphi_lookahead
2020-07-30,461379,6586,461855.0,8489.0,0.10316897821530673,28.894624962040695,US-FL,US,Florida,delphi_lookahead
2020-07-31,470386,6843,461960.0,8507.0,1.7912948089441438,24.316820108139705,US-FL,US,Florida,delphi_lookahead
2020-08-01,480028,7022,462057.0,8523.0,3.743739948503004,21.375676445457135,US-FL,US,Florida,delphi_lookahead
2020-08-02,487132,7084,462146.0,8539.0,5.129205225688314,20.53924336533032,US-FL,US,Florida,delphi_lookahead
2020-08-03,491884,7157,462229.0,8555.0,6.0288604630360005,19.533324018443484,US-FL,US,Florida,delphi_lookahead
2020-08-04,497330,7402,462306.0,8569.0,7.042406450445378,15.766009186706295,US-FL,US,Florida,delphi_lookahead
2020-08-05,502739,7627,462376.0,8583.0,8.028619223891523,12.534417202045365,US-FL,US,Florida,delphi_lookahead
2020-08-06,510389,7747,462440.0,8597.0,9.394599021530636,10.971989157093068,US-FL,US,Florida,delphi_lookahead
2020-08-07,518075,7927,462499.0,8609.0,10.72740433334942,8.603507001387662,US-FL,US,Florida,delphi_lookahead
2020-08-08,526577,8109,462554.0,8622.0,12.158335817933558,6.326304106548279,US-FL,US,Florida,delphi_lookahead
2020-08-09,532806,8186,462604.0,8633.0,13.175902673768688,5.460542389445395,US-FL,US,Florida,delphi_lookahead
2020-08-10,536961,8277,462651.0,8645.0,13.838993893411253,4.446055334058234,US-FL,US,Florida,delphi_lookahead
2020-08-11,542792,8553,462694.0,8655.0,14.756665536706508,1.1925640126271484,US-FL,US,Florida,delphi_lookahead
2020-08-12,550901,8765,462733.0,8665.0,16.004327456294327,1.1409013120365088,US-FL,US,Florida,delphi_lookahead
2020-08-13,557137,8913,462769.0,8675.0,16.938024220254626,2.6702569280825763,US-FL,US,Florida,delphi_lookahead
2020-08-14,563285,9141,462802.0,8684.0,17.83874947850555,4.999453013893447,US-FL,US,Florida,delphi_lookahead
2020-08-15,569637,9345,462833.0,8693.0,18.749484320716526,6.976993044408775,US-FL,US,Florida,delphi_lookahead
2020-08-16,573416,9452,462861.0,8702.0,19.280068920295214,7.934828607702074,US-FL,US,Florida,delphi_lookahead
2020-08-17,576094,9539,462886.0,8710.0,19.650959739209224,8.690638431701437,US-FL,US,Florida,delphi_lookahead
2020-08-18,579932,9758,462910.0,8717.0,20.178572660242924,10.668169706907154,US-FL,US,Florida,delphi_lookahead
2020-08-19,584047,9932,462932.0,8725.0,20.737200944444538,12.152637937978252,US-FL,US,Florida,delphi_lookahead
2020-08-20,588602,10049,462952.0,8732.0,21.347192160407204,13.105781669817892,US-FL,US,Florida,delphi_lookahead
2020-08-21,593286,10168,462970.0,8738.0,21.965123060378975,14.063729346970888,US-FL,US,Florida,delphi_lookahead
2020-08-22,597597,10274,462986.0,8745.0,22.5253808168381,14.882226980728053,US-FL,US,Florida,delphi_lookahead
2020-08-23,600571,10325,463002.0,8751.0,22.906367440319297,15.24455205811138,US-FL,US,Florida,delphi_lookahead
2020-08-24,602829,10397,463016.0,8756.0,23.192812555467636,15.78339905742041,US-FL,US,Florida,delphi_lookahead
2020-08-25,605502,10580,463029.0,8762.0,23.529732354310966,17.18336483931947,US-FL,US,Florida,delphi_lookahead
2020-08-26,608722,10733,463040.0,8767.0,23.932435496006388,18.317339047796516,US-FL,US,Florida,delphi_lookahead
2020-08-27,611991,10868,463051.0,8772.0,24.33695920364842,19.285977180714024,US-FL,US,Florida,delphi_lookahead
2020-08-28,615806,10957,463061.0,8777.0,24.804077907652736,19.895956922515285,US-FL,US,Florida,delphi_lookahead
2020-08-29,619003,11105,463070.0,8782.0,25.19099261231367,20.918505177847816,US-FL,US,Florida,delphi_lookahead
2020-08-30,621586,11119,463078.0,8786.0,25.500574337259845,20.982102707077974,US-FL,US,Florida,delphi_lookahead
2020-08-31,623471,11187,463086.0,8790.0,25.724532496298945,21.426655939930274,US-FL,US,Florida,delphi_lookahead
2020-09-01,631040,11374,463093.0,8794.0,26.61431921906694,22.683312818709336,US-FL,US,Florida,delphi_lookahead
2020-09-02,633442,11501,463099.0,8798.0,26.891649117046235,23.502304147465438,US-FL,US,Florida,delphi_lookahead
2020-09-03,637013,11650,463105.0,8801.0,27.30054174718569,24.4549356223176,US-FL,US,Florida,delphi_lookahead
2020-09-04,640211,11750,463110.0,8805.0,27.662911133985514,25.06382978723404,US-FL,US,Florida,delphi_lookahead
2020-09-05,643867,11811,463115.0,8808.0,28.072878405012215,25.425450850901704,US-FL,US,Florida,delphi_lookahead
2020-09-06,646431,11849,463119.0,8811.0,28.357550921908135,25.63929445522829,US-FL,US,Florida,delphi_lookahead
2020-09-07,648269,11871,463123.0,8814.0,28.560057630397257,25.751832196108165,US-FL,US,Florida,delphi_lookahead
2020-09-08,650092,11915,463127.0,8817.0,28.759775539462108,26.000839278220727,US-FL,US,Florida,delphi_lookahead
2020-09-09,652259,12110,463130.0,8819.0,28.995996988926176,27.17588769611891,US-FL,US,Florida,delphi_lookahead
2020-09-10,654731,12326,463133.0,8822.0,29.263621242922667,28.427713775758562,US-FL,US,Florida,delphi_lookahead
2020-09-11,658381,12502,463136.0,8824.0,29.65532115902494,29.419292913133898,US-FL,US,Florida,delphi_lookahead
2020-09-12,661571,12600,463138.0,8827.0,29.994210749866607,29.944444444444446,US-FL,US,Florida,delphi_lookahead
2020-09-13,663994,12608,463141.0,8829.0,30.249219119449876,29.97303299492386,US-FL,US,Florida,delphi_lookahead
2020-09-14,665730,12642,463143.0,8831.0,30.430805281420398,30.145546590729317,US-FL,US,Florida,delphi_lookahead
2020-09-15,668846,12787,463145.0,8833.0,30.754613169548744,30.92203018690858,US-FL,US,Florida,delphi_lookahead
2020-06-15,77326,2938,50200.220478663134,2147.5588906904936,35.07976556570476,26.904054094945757,US-FL,US,Florida,delphi_constant
2020-06-16,80109,2993,50407.00039749273,2158.1665198278693,37.076982115002394,27.892866026466113,US-FL,US,Florida,delphi_constant
2020-06-17,82719,3018,50602.57258747542,2168.235948043053,38.825937707811484,28.15652922322554,US-FL,US,Florida,delphi_constant
2020-06-18,85926,3061,50787.465428668766,2177.7880560025046,40.89394894598984,28.853706109032846,US-FL,US,Florida,delphi_constant
2020-06-19,89748,3104,50962.21467120361,2186.843578991687,43.21632273565582,29.547565109803898,US-FL,US,Florida,delphi_constant
2020-06-20,93797,3144,51127.342651458486,2195.42314798186,45.49149476906672,30.17101946622583,US-FL,US,Florida,delphi_constant
2020-06-21,97291,3161,51283.35924397682,2203.5471570703457,47.288691406217616,30.289555296730597,US-FL,US,Florida,delphi_constant
2020-06-22,100217,3173,51430.75244368986,2211.235729684445,48.68061063124035,30.31088151010259,US-FL,US,Florida,delphi_constant
2020-06-23,103503,3238,51569.99027976438,2218.5086211574608,50.17536662728194,31.485218617743644,US-FL,US,Florida,delphi_constant
2020-06-24,109014,3281,51701.51814110897,2225.3851579375264,52.57350602573159,32.173570315832784,US-FL,US,Florida,delphi_constant
2020-06-25,114018,3327,51825.758529494786,2231.884195438888,54.54598525715695,32.91601456450592,US-FL,US,Florida,delphi_constant
2020-06-26,122960,3366,51943.11304817076,2238.0240419254674,57.75608893284747,33.510872194727646,US-FL,US,Florida,delphi_constant
2020-06-27,132545,3390,52053.96158732601,2243.8224442996484,60.72732914306385,33.81054736579208,US-FL,US,Florida,delphi_constant
2020-06-28,141075,3419,52158.66355768363,2249.296569425291,63.02770614376493,34.211858162465894,US-FL,US,Florida,delphi_constant
2020-06-29,146341,3447,52257.55897079511,2254.4629379200846,64.29055495671405,34.596375459237464,US-FL,US,Florida,delphi_constant
2020-06-30,152434,3505,52350.96937086809,2259.337448548037,65.65663213530571,35.539587773237166,US-FL,US,Florida,delphi_constant
2020-07-01,158997,3550,52439.198727107374,2263.935392796676,67.01874958200005,36.22717203389645,US-FL,US,Florida,delphi_constant
2020-07-02,169106,3617,52522.53434823331,2268.271421266071,68.94105806521749,37.2885976979245,US-FL,US,Florida,delphi_constant
2020-07-03,178594,3684,52601.24690708812,2272.3594975507035,70.54702458812271,38.318146103401105,US-FL,US,Florida,delphi_constant
2020-07-04,190052,3702,52675.592782692795,2276.2129939960682,72.28358934255213,38.513965586275845,US-FL,US,Florida,delphi_constant
2020-07-05,200111,3731,52745.81449976261,2279.84470521515,73.64172159463367,38.89454019793219,US-FL,US,Florida,delphi_constant
2020-07-06,206447,3778,52812.14105683153,2283.2668268959183,74.41854759001994,39.56413904457602,US-FL,US,Florida,delphi_constant
2020-07-07,213794,3841,52874.78791131951,2286.4908937940577,75.26834807743926,40.47146852918361,US-FL,US,Florida,delphi_constant
2020-07-08,223783,3889,52933.95895843392,2289.527897260003,76.34585336757755,41.1281075530984,US-FL,US,Florida,delphi_constant
2020-07-09,232718,4009,52989.84732994801,2292.3883210199865,77.23001773393206,42.818949338488736,US-FL,US,Florida,delphi_constant
2020-07-10,244151,4102,53042.63544940433,2295.0821338340543,78.27465975998282,44.04967981877001,US-FL,US,Florida,delphi_constant
2020-07-11,254511,4197,53092.495002866664,2297.6187297431093,79.13941047622042,45.255689069737684,US-FL,US,Florida,delphi_constant
2020-07-12,269811,4242,53139.58812399356,2300.0070075545814,80.3048844843266,45.780127120354045,US-FL,US,Florida,delphi_constant
2020-07-13,282435,4277,53184.06846545618,2302.25543596088,81.1694483808819,46.17125471216087,US-FL,US,Florida,delphi_constant
2020-07-14,291629,4409,53226.081250855954,2304.372052109122,81.74870083192826,47.734813968947115,US-FL,US,Florida,delphi_constant
2020-07-15,301810,4521,53265.76324777638,2306.3644195023244,82.35122651741945,48.98552489488333,US-FL,US,Florida,delphi_constant
2020-07-16,315775,4677,53303.24346955348,2308.239672596995,83.1198658951616,50.647002937844874,US-FL,US,Florida,delphi_constant
2020-07-17,327241,4805,53338.64417750256,2310.004588269787,83.70050079986842,51.9249825542188,US-FL,US,Florida,delphi_constant
2020-07-18,337569,4895,53372.080953689045,2311.6655874078956,84.18928250115115,52.77496246357721,US-FL,US,Florida,delphi_constant
2020-07-19,350047,4982,53403.66268889968,2313.228704655741,84.74385934205988,53.56827168495101,US-FL,US,Florida,delphi_constant
2020-07-20,360394,5072,53433.492068362895,2314.699619204204,85.17358999640314,54.36317785480671,US-FL,US,Florida,delphi_constant
2020-07-21,369834,5206,53461.666393402455,2316.0837179282894,85.54441549630309,55.51126166100098,US-FL,US,Florida,delphi_constant
2020-07-22,379619,5345,53488.277652181976,2317.3860977336785,85.91001039142351,56.64385224071696,US-FL,US,Florida,delphi_constant
2020-07-23,389868,5518,53513.41251255305,2318.611542329989,86.27396644183338,57.98094341554931,US-FL,US,Florida,delphi_constant
2020-07-24,402312,5653,53537.15271009975,2319.7645486221654,86.6926284301488,58.96400939992632,US-FL,US,Florida,delphi_constant
2020-07-25,414511,5777,53559.57568993282,2320.8493778001516,87.07885298823606,59.826045044137935,US-FL,US,Florida,delphi_constant
2020-07-26,423855,5854,53580.754662477244,2321.8700570981605,87.35870647686656,60.33703353095046,US-FL,US,Florida,delphi_constant
2020-07-27,432747,5931,53600.75859692815,2322.8303613131393,87.61383473555492,60.83577202304604,US-FL,US,Florida,delphi_constant
2020-07-28,441977,6117,53619.65255447437,2323.7338374768556,87.86822559669974,62.01187121993043,US-FL,US,Florida,delphi_constant
2020-07-29,451423,6333,53637.498178585556,2324.583844355944,88.1181290765899,63.29411267399425,US-FL,US,Florida,delphi_constant
2020-07-30,461379,6586,53654.35373495068,2325.383553337009,88.37087216042545,64.69202014368342,US-FL,US,Florida,delphi_constant
2020-07-31,470386,6843,53670.27410479694,2326.1359336148225,88.59016337544125,66.00707389135142,US-FL,US,Florida,delphi_constant
2020-08-01,480028,7022,53685.311076272665,2326.8437751883725,88.81621258004269,66.86351786971842,US-FL,US,Florida,delphi_constant
2020-08-02,487132,7084,53699.51371537821,2327.5097186608928,88.9763937258529,67.14413158299135,US-FL,US,Florida,delphi_constant
2020-08-03,491884,7157,53712.92839377639,2328.1362554629372,89.08016353575712,67.47050083187177,US-FL,US,Florida,delphi_constant
2020-08-04,497330,7402,53725.59878220203,2328.725716058083,89.19719325554419,68.53923647584324,US-FL,US,Florida,delphi_constant
2020-08-05,502739,7627,53737.56610233652,2329.2802905715557,89.31104089749621,69.46007223585215,US-FL,US,Florida,delphi_constant
2020-08-06,510389,7747,53748.86940814032,2329.802051128807,89.46903843771314,69.9263966551077,US-FL,US,Florida,delphi_constant
2020-08-07,518075,7927,53759.54560551911,2330.2929517317666,89.62321177329169,70.603091311571,US-FL,US,Florida,delphi_constant
2020-08-08,526577,8109,53769.62944596929,2330.7548189369063,89.78883820486476,71.25718560936113,US-FL,US,Florida,delphi_constant
2020-08-09,532806,8186,53779.15373872065,2331.189369493168,89.90642865532283,71.52224078312769,US-FL,US,Florida,delphi_constant
2020-08-10,536961,8277,53788.14956763425,2331.598227292711,89.98285730851323,71.83039474093621,US-FL,US,Florida,delphi_constant
2020-08-11,542792,8553,53796.64630564635,2331.982923156969,90.0889021382691,72.73491262531311,US-FL,US,Florida,delphi_constant
2020-08-12,550901,8765,53804.67160860835,2332.3448874880028,90.23333201271947,73.39024657743293,US-FL,US,Florida,delphi_constant
2020-08-13,557137,8913,53812.25158789203,2332.685464597026,90.34128920034175,73.82827931563979,US-FL,US,Florida,delphi_constant
2020-08-14,563285,9141,53819.41098272297,2333.0059259554337,90.44543863537588,74.47756343993618,US-FL,US,Florida,delphi_constant
2020-08-15,569637,9345,53826.17317130358,2333.3074700528737,90.55079407213654,75.03148774689274,US-FL,US,Florida,delphi_constant
2020-08-16,573416,9452,53832.560164904564,2333.59121660909,90.61195359653296,75.31113820769055,US-FL,US,Florida,delphi_constant
2020-08-17,576094,9539,53838.592742141715,2333.858217548991,90.65454721935279,75.53351276287881,US-FL,US,Florida,delphi_constant
2020-08-18,579932,9758,53844.29059152156,2334.109467813923,90.71541308437514,76.08004234664969,US-FL,US,Florida,delphi_constant
2020-08-19,584047,9932,53849.672320529964,2334.3459053713873,90.77990772651347,76.49671863299046,US-FL,US,Florida,delphi_constant
2020-08-20,588602,10049,53854.75545041858,2334.5684067068028,90.85039543691347,76.76815198818984,US-FL,US,Florida,delphi_constant
2020-08-21,593286,10168,53859.556514143806,2334.7777945703115,90.92182244075474,77.03798392436751,US-FL,US,Florida,delphi_constant
2020-08-22,597597,10274,53864.09117940413,2334.9748472210044,90.98655261331562,77.27297209245664,US-FL,US,Florida,delphi_constant
2020-08-23,600571,10325,53868.37425676917,2335.1602986134526,91.03047362314045,77.38343536451862,US-FL,US,Florida,delphi_constant
2020-08-24,602829,10397,53872.41969605922,2335.3348350260817,91.06339945555717,77.53837804149195,US-FL,US,Florida,delphi_constant
2020-08-25,605502,10580,53876.24065055519,2335.499099801906,91.1022192081025,77.92533932134305,US-FL,US,Florida,delphi_constant
2020-08-26,608722,10733,53879.849586835466,2335.6537015630515,91.1486935601415,78.2385754070339,US-FL,US,Florida,delphi_constant
2020-08-27,611991,10868,53883.25829317403,2335.7992145823646,91.19541655135876,78.50755231337537,US-FL,US,Florida,delphi_constant
2020-08-28,615806,10957,53886.47787856425,2335.936176492359,91.24943929117867,78.68087819209309,US-FL,US,Florida,delphi_constant
2020-08-29,619003,11105,53889.51880685671,2336.065090347006,91.29414254747445,78.96384430124263,US-FL,US,Florida,delphi_constant
2020-08-30,621586,11119,53892.39099582956,2336.1864320285395,91.32985765512261,78.98923975151956,US-FL,US,Florida,delphi_constant
2020-08-31,623471,11187,53895.103827669016,2336.3006508438843,91.35563581503085,79.11593232462782,US-FL,US,Florida,delphi_constant
2020-09-01,631040,11374,53897.66615100766,2336.4081682423175,91.45891446643515,79.45834211146196,US-FL,US,Florida,delphi_constant
2020-09-02,633442,11501,53900.08629106364,2336.509377727974,91.49092003828864,79.68429373334514,US-FL,US,Florida,delphi_constant
2020-09-03,637013,11650,53902.37213592353,2336.6046513361616,91.5382618351708,79.94330771385269,US-FL,US,Florida,delphi_constant
2020-09-04,640211,11750,53904.53115214776,2336.6943405872366,91.58019291262602,80.1132396545767,US-FL,US,Florida,delphi_constant
2020-09-05,643867,11811,53906.57038795197,2336.7787759773673,91.62768547107524,80.21523346052521,US-FL,US,Florida,delphi_constant
2020-09-06,646431,11849,53908.49647040239,2336.858265650747,91.66059541228648,80.2780127803971,US-FL,US,Florida,delphi_constant
2020-09-07,648269,11871,53910.31567101412,2336.933100399102,91.6839590245694,80.31393226856117,US-FL,US,Florida,delphi_constant
2020-09-08,650092,11915,53912.03393091549,2337.003555234418,91.7070147100848,80.38603814322771,US-FL,US,Florida,delphi_constant
2020-09-09,652259,12110,53913.65686275986,2337.0698892648843,91.7343176770639,80.70132213654101,US-FL,US,Florida,delphi_constant
2020-09-10,654731,12326,53915.18974659873,2337.1323442644584,91.7652914331842,81.03900418412738,US-FL,US,Florida,delphi_constant
2020-09-11,658381,12502,53916.63756702942,2337.191147494113,91.81072394752744,81.30546194613572,US-FL,US,Florida,delphi_constant
2020-09-12,661571,12600,53918.005049717045,2337.2465140794584,91.85000475387872,81.45042449143286,US-FL,US,Florida,delphi_constant
2020-09-13,663994,12608,53919.29666165774,2337.298646956948,91.87955061918365,81.46178103619171,US-FL,US,Florida,delphi_constant
2020-09-14,665730,12642,53920.51660870685,2337.3477358762184,91.90054277128762,81.51125030947462,US-FL,US,Florida,delphi_constant
2020-09-15,668846,12787,53921.66886514301,2337.3939594313956,91.93810400822566,81.72054462007198,US-FL,US,Florida,delphi_constant
2020-06-15,77326,2938,50200.22033483925,2147.5588920447835,35.079765751701565,26.904054048850117,US-FL,US,Florida,themis
2020-06-16,80109,2993,50409.05633115208,2158.168343626069,37.0744156946759,27.892805091010054,US-FL,US,Florida,themis
2020-06-17,82719,3018,50617.1864434458,2168.261789708284,38.808270840501216,28.15567297189251,US-FL,US,Florida,themis
2020-06-18,85926,3061,50831.75832486733,2177.9043829067577,40.842401223299895,28.84990581813924,US-FL,US,Florida,themis
2020-06-19,89748,3104,51057.38388965197,2187.1727069849753,43.110282246231705,29.53696175950466,US-FL,US,Florida,themis
2020-06-20,93797,3144,51297.265490358994,2196.146869196481,45.31033456255638,30.148000343623377,US-FL,US,Florida,themis
2020-06-21,97291,3161,51553.84345578548,2204.906453949416,47.01067575028988,30.24655318097387,US-FL,US,Florida,themis
2020-06-22,100217,3173,51829.169182706595,2213.5286336407635,48.28305658450503,30.23861854268,US-FL,US,Florida,themis
2020-06-23,103503,3238,52125.12173801824,2222.0874636115727,49.63902327660238,31.374692291180583,US-FL,US,Florida,themis
2020-06-24,109014,3281,52443.5364652881,2230.653813381292,51.89284269425202,32.01298953424895,US-FL,US,Florida,themis
2020-06-25,114018,3327,52786.28153650591,2239.295646802002,53.703554231344256,32.693247766696665,US-FL,US,Florida,themis
2020-06-26,122960,3366,53155.304019399395,2248.0784457926793,56.770247219096134,33.212167385838406,US-FL,US,Florida,themis
2020-06-27,132545,3390,53552.66782154286,2257.065739322892,59.596614114796594,33.41988969548991,US-FL,US,Florida,themis
2020-06-28,141075,3419,53980.56911909085,2266.3195939379534,61.73626147858171,33.71396332442371,US-FL,US,Florida,themis
2020-06-29,146341,3447,54441.36485410368,2275.9012261917424,62.798282877591596,33.974434981382586,US-FL,US,Florida,themis
2020-06-30,152434,3505,54937.578149933885,2285.871380754805,63.95976084736089,34.782556897152496,US-FL,US,Florida,themis
2020-07-01,158997,3550,55471.92409761147,2296.2909972191333,65.11133914626599,35.31574655720751,US-FL,US,Florida,themis
2020-07-02,169106,3617,56047.32180974695,2307.2216197472912,66.85669236470206,36.211732934827445,US-FL,US,Florida,themis
2020-07-03,178594,3684,56666.900836829824,2318.7256948953536,68.27054613434392,37.059563113589746,US-FL,US,Florida,themis
2020-07-04,190052,3702,57334.03546950425,2330.8673588004426,69.83244824074241,37.037618616951846,US-FL,US,Florida,themis
2020-07-05,200111,3731,58052.3551841435,2343.7126900846188,70.98992300066288,37.18272071603809,US-FL,US,Florida,themis
2020-07-06,206447,3778,58825.74773068387,2357.3299897679813,71.50564177213334,37.60375887326678,US-FL,US,Florida,themis
2020-07-07,213794,3841,59658.39845894512,2371.790478612064,72.09538225630975,38.2507034987747,US-FL,US,Florida,themis
2020-07-08,223783,3889,60554.81546835198,2387.168677561611,72.94038623650948,38.617416365091,US-FL,US,Florida,themis
2020-07-09,232718,4009,61519.835664257866,2403.542692105664,73.564642329232,40.04632845832716,US-FL,US,Florida,themis
2020-07-10,244151,4102,62558.639983174246,2420.9947030613894,74.37706993492787,40.9801388819749,US-FL,US,Florida,themis
2020-07-11,254511,4197,63676.811679834886,2439.611563931517,74.98072315937823,41.872490733106574,US-FL,US,Florida,themis
2020-07-12,269811,4242,64880.34999745568,2459.4850321921967,75.95340812737223,42.02062630381432,US-FL,US,Florida,themis
2020-07-13,282435,4277,66175.67431211592,2480.712350033858,76.56959147693595,41.998776010431186,US-FL,US,Florida,themis
2020-07-14,291629,4409,67569.68002664886,2503.396772751025,76.83026035591493,43.22075815942334,US-FL,US,Florida,themis
2020-07-15,301810,4521,69069.7832744588,2527.6479532092008,77.11481287085955,44.090954363875234,US-FL,US,Florida,themis
2020-07-16,315775,4677,70683.92060205323,2553.5824947273854,77.61573253042413,45.401272295758275,US-FL,US,Florida,themis
2020-07-17,327241,4805,72420.59096754344,2581.3245757169448,77.86934064877464,46.27836470932477,US-FL,US,Florida,themis
2020-07-18,337569,4895,74288.93243813462,2611.0064019221277,77.99296367908943,46.65972621200965,US-FL,US,Florida,themis
2020-07-19,350047,4982,76298.72301223665,2642.7687742895782,78.20329184017099,46.95365768186314,US-FL,US,Florida,themis
2020-07-20,360394,5072,78460.40829023941,2676.7618556666025,78.22926899719768,47.22472682045342,US-FL,US,Florida,themis
2020-07-21,369834,5206,80785.20744401107,2713.145649078734,78.15636003071349,47.884255684234844,US-FL,US,Florida,themis
2020-07-22,379619,5345,83285.11577526905,2752.0906291426145,78.06086740250907,48.51093303755633,US-FL,US,Florida,themis
2020-07-23,389868,5518,85972.92067729202,2793.7786654395613,77.94819767785711,49.36972335194706,US-FL,US,Florida,themis
2020-07-24,402312,5653,88862.3363921998,2838.403487498111,77.91208405610575,49.7894306120978,US-FL,US,Florida,themis
2020-07-25,414511,5777,91968.00138833869,2886.171439595004,77.81289244716336,50.04030743301014,US-FL,US,Florida,themis
2020-07-26,423855,5854,95305.48929302604,2937.3025425077503,77.51460067876373,49.824008498330194,US-FL,US,Florida,themis
2020-07-27,432747,5931,98891.47365569159,2992.0308944580256,77.14797014059216,49.552674178755254,US-FL,US,Florida,themis
2020-07-28,441977,6117,102743.70137501782,3050.60564396123,76.75360903960663,50.1290560084808,US-FL,US,Florida,themis
2020-07-29,451423,6333,106881.01744054817,3113.2921000546553,76.3235330409509,50.840168955397836,US-FL,US,Florida,themis
2020-07-30,461379,6586,111323.55384500587,3180.3720200204116,75.87156029099593,51.710112055566185,US-FL,US,Florida,themis
2020-07-31,470386,6843,116092.64789818268,3252.1449497148715,75.31970596527475,52.474865560209395,US-FL,US,Florida,themis
2020-08-01,480028,7022,121210.92338492509,3328.929133926539,74.74919725830054,52.592863373304766,US-FL,US,Florida,themis
2020-08-02,487132,7084,126702.4690498236,3411.061750147375,73.99011581053522,51.84836603405738,US-FL,US,Florida,themis
2020-08-03,491884,7157,132592.67685650213,3498.9007275374593,73.04391343152,51.1121876828635,US-FL,US,Florida,themis
2020-08-04,497330,7402,138908.4436224005,3592.8249978251815,72.06916059308698,51.46142937280219,US-FL,US,Florida,themis
2020-08-05,502739,7627,145678.2393399854,3693.2351049209246,71.0230876578134,51.57683093062902,US-FL,US,Florida,themis
2020-08-06,510389,7747,152931.91980158872,3800.555093411427,70.03620379718434,50.941589087241155,US-FL,US,Florida,themis
2020-08-07,518075,7927,160701.0609758617,3915.231847900981,68.98112030577393,50.60890818845741,US-FL,US,Florida,themis
2020-08-08,526577,8109,169018.75627339413,4037.7367967479877,67.90236636362886,50.206723433863765,US-FL,US,Florida,themis
2020-08-09,532806,8186,177919.63570072423,4168.566467017585,66.60705102781796,49.076881663601455,US-FL,US,Florida,themis
2020-08-10,536961,8277,187440.09828254711,4308.241853703837,65.0924185774112,47.94923458132371,US-FL,US,Florida,themis
2020-08-11,542792,8553,197617.87865401065,4457.310820616148,63.5923376442522,47.885995316074506,US-FL,US,Florida,themis
2020-08-12,550901,8765,208492.43822583414,4616.346132358926,62.15428212585671,47.33204640777038,US-FL,US,Florida,themis
2020-08-13,557137,8913,220104.63937815523,4785.94698198862,60.49362376252964,46.30374753743274,US-FL,US,Florida,themis
2020-08-14,563285,9141,232496.66187430895,4966.738623692361,58.724861859572165,45.665259559212764,US-FL,US,Florida,themis
2020-08-15,569637,9345,245712.20383781736,5159.37060050551,56.865125713776074,44.790041728137936,US-FL,US,Florida,themis
2020-08-16,573416,9452,259795.79462101992,5364.518781299532,54.69331260009837,43.244617210119216,US-FL,US,Florida,themis
2020-08-17,576094,9539,274793.2968149835,5582.8808324089405,52.30061468875158,41.47310166255435,US-FL,US,Florida,themis
2020-08-18,579932,9758,290751.087309436,5815.178349498911,49.8646242474228,40.406042739301995,US-FL,US,Florida,themis
2020-08-19,584047,9932,307716.2562071838,6062.152348426676,47.31310045130206,38.96342782494285,US-FL,US,Florida,themis
2020-08-20,588602,10049,325736.1834728775,6324.562458285451,44.65934817196043,37.06276785465767,US-FL,US,Florida,themis
2020-08-21,593286,10168,344858.04329754086,6603.184576377523,41.87322079106184,35.05916034247126,US-FL,US,Florida,themis
2020-08-22,597597,10274,365128.95286530646,6898.805524403008,38.900470908437214,32.85180529099661,US-FL,US,Florida,themis
2020-08-23,600571,10325,386594.7834628726,7212.223192088793,35.62879601864349,30.147959398655754,US-FL,US,Florida,themis
2020-08-24,602829,10397,409300.71042276383,7544.237003558428,32.10334764539134,27.438328329725614,US-FL,US,Florida,themis
2020-08-25,605502,10580,433289.6216207766,7895.649111727313,28.44125673890811,25.371936562123697,US-FL,US,Florida,themis
2020-08-26,608722,10733,458602.7068456446,8267.252433703243,24.661387818142828,22.973516875959724,US-FL,US,Florida,themis
2020-08-27,611991,10868,485277.8588480441,8659.830803293173,20.70506611240294,20.318082413570366,US-FL,US,Florida,themis
2020-08-28,615806,10957,513349.9642948833,9074.146469137679,16.637713128017054,17.184024193322273,US-FL,US,Florida,themis
2020-08-29,619003,11105,542849.5921763963,9510.937607319016,12.302591073646447,14.354456485195714,US-FL,US,Florida,themis
2020-08-30,621586,11119,573802.8166159772,9970.906638151431,7.687300451429535,10.325509145144068,US-FL,US,Florida,themis
2020-08-31,623471,11187,606230.3514807646,10454.714276521066,2.7652687164656307,6.545863265209024,US-FL,US,Florida,themis
2020-09-01,631040,11374,640146.8687861607,10962.969557753517,1.443152381174049,3.6137721315850477,US-FL,US,Florida,themis
2020-09-02,633442,11501,675560.6585194248,11496.220268899046,6.649173644852227,0.041559265289578734,US-FL,US,Florida,themis
2020-09-03,637013,11650,712472.4853016911,12054.945284070138,11.845831294132319,3.4759251851513984,US-FL,US,Florida,themis
2020-09-04,640211,11750,750875.8167502205,12639.541742247291,17.285678745010706,7.570568019125881,US-FL,US,Florida,themis
2020-09-05,643867,11811,790755.3002123694,13250.320156949778,22.81345374314407,12.186268368044855,US-FL,US,Florida,themis
2020-09-06,646431,11849,832087.5898397401,13887.489096132142,28.720248540020528,17.20389143499149,US-FL,US,Florida,themis
2020-09-07,648269,11871,874839.5410130781,14551.153473973996,34.95008106404565,22.577318456524274,US-FL,US,Florida,themis
2020-09-08,650092,11915,918969.653732459,15241.297794064305,41.35993885980122,27.91689294220986,US-FL,US,Florida,themis
2020-09-09,652259,12110,964426.0933319728,15957.787932123809,47.85937692419313,31.773641058000074,US-FL,US,Florida,themis
2020-09-10,654731,12326,1011148.7300322744,16700.354305538513,54.43727729896315,35.488839084362425,US-FL,US,Florida,themis
2020-09-11,658381,12502,1059067.128418047,17468.597161170397,60.8593091869369,39.72642106199326,US-FL,US,Florida,themis
2020-09-12,661571,12600,1108103.0654391465,18261.97145163178,67.49571330048423,44.93628136215698,US-FL,US,Florida,themis
2020-09-13,663994,12608,1158168.7209206442,19079.79499343652,74.42457626434037,51.330861305809975,US-FL,US,Florida,themis
2020-09-14,665730,12642,1209169.322026491,19921.237647250728,81.63058928191474,57.579794710099094,US-FL,US,Florida,themis
2020-09-15,668846,12787,1261002.2286173494,20785.32952234157,88.53401659236198,62.55047722172182,US-FL,US,Florida,themis
2020-06-15,77326,2938,121483.14680253812,3930.00284579873,57.105173942190355,33.76456248464023,US-FL,US,Florida,seir
2020-06-16,80109,2993,125382.75770213314,4056.22863667787,56.51519517424152,35.523843524152014,US-FL,US,Florida,seir
2020-06-17,82719,3018,129398.15173131328,4186.214719401964,56.430991345777,38.70824119953494,US-FL,US,Florida,seir
2020-06-18,85926,3061,133532.68814623705,4320.070895093448,55.404287580286585,41.1326656351992,US-FL,US,Florida,seir
2020-06-19,89748,3104,137789.7959903259,4457.910572723773,53.52965636039342,43.61825298723495,US-FL,US,Florida,seir
2020-06-20,93797,3144,142172.97409426392,4599.850769113403,51.57518267563346,46.30568604050263,US-FL,US,Florida,seir
2020-06-21,97291,3161,146685.79107599825,4746.012108931819,50.77015456311298,50.142743085473555,US-FL,US,Florida,seir
2020-06-22,100217,3173,151331.89957187156,4896.518694653496,51.00422041357411,54.31826960773702,US-FL,US,Florida,seir
2020-06-23,103503,3238,156115.1831202869,5051.495845208198,50.83155379098858,56.00666600395918,US-FL,US,Florida,seir
2020-06-24,109014,3281,161039.6590836153,5211.070923709784,47.723832795434795,58.82569106095046,US-FL,US,Florida,seir
2020-06-25,114018,3327,166109.41881901427,5375.375709030138,45.68701329528169,61.56825094770477,US-FL,US,Florida,seir
2020-06-26,122960,3366,171328.63426023498,5544.546470444849,39.33688537754959,64.72211736318624,US-FL,US,Florida,seir
2020-06-27,132545,3390,176701.55791762235,5718.723967633211,33.3143897677184,68.69392234906228,US-FL,US,Florida,seir
2020-06-28,141075,3419,182232.52287811498,5898.053450678225,29.174214338553945,72.50814421404577,US-FL,US,Florida,seir
2020-06-29,146341,3447,187925.94280524517,6082.684660066599,28.416467569064835,76.46314650613863,US-FL,US,Florida,seir
2020-06-30,152434,3505,193786.3158866196,6272.771794474315,27.128013360942827,78.96638500639986,US-FL,US,Florida,seir
2020-07-01,158997,3550,199818.37894191986,6468.471239588033,25.674307654811006,82.21045745318403,US-FL,US,Florida,seir
2020-07-02,169106,3617,206027.10062221065,6669.940635465762,21.83311096129685,84.40532583538187,US-FL,US,Florida,seir
2020-07-03,178594,3684,212417.53270376762,6877.342788897931,18.938784451755165,86.68140035010671,US-FL,US,Florida,seir
2020-07-04,190052,3702,218994.81450912362,7090.84603744201,15.228892360576907,91.54095184878472,US-FL,US,Florida,seir
2020-07-05,200111,3731,225764.1729070689,7310.624249422503,12.819471646770486,95.94275661813197,US-FL,US,Florida,seir
2020-07-06,206447,3778,232730.92231265083,7536.856823930954,12.73155934096927,99.49329867472086,US-FL,US,Florida,seir
2020-07-07,213794,3841,239900.46468717424,7769.728690825943,12.211037113845217,102.28400653022503,US-FL,US,Florida,seir
2020-07-08,223783,3889,247278.29420030964,8009.43026001035,10.499141668629717,105.95089380330035,US-FL,US,Florida,seir
2020-07-09,232718,4009,254870.198678913,8256.154164984375,9.518902138602515,105.94048802654963,US-FL,US,Florida,seir
2020-07-10,244151,4102,262682.2656702023,8510.094134423429,7.5900838703107185,107.46207056127326,US-FL,US,Florida,seir
2020-07-11,254511,4197,270720.6695939599,8771.450186187421,6.368946565751528,108.99333300422734,US-FL,US,Florida,seir
2020-07-12,269811,4242,278991.67347153206,9040.429043004346,3.40263127579382,113.1171391561609,US-FL,US,Florida,seir
2020-07-13,282435,4277,287501.6289258295,9317.244132470276,1.7939097228847294,117.84531523194472,US-FL,US,Florida,seir
2020-07-14,291629,4409,296256.97618132696,9602.115587049377,1.5869396326589462,117.78443155022403,US-FL,US,Florida,seir
2020-07-15,301810,4521,305264.2440640636,9895.270244073892,1.144509480820248,118.87348471740526,US-FL,US,Florida,seir
2020-07-16,315775,4677,314530.0775519632,10196.94122952278,0.3942435113725864,118.02311801417105,US-FL,US,Florida,seir
2020-07-17,327241,4805,324061.5653713701,10507.361928371067,0.9715881043725825,118.67558643852377,US-FL,US,Florida,seir
2020-07-18,337569,4895,333866.071316581,10826.768483825674,1.096939791100194,121.18015288714348,US-FL,US,Florida,seir
2020-07-19,350047,4982,343951.0346298326,11155.4049279946,1.741470536861449,123.91418964260536,US-FL,US,Florida,seir
2020-07-20,360394,5072,354323.9752224864,11493.523255123668,1.68427464872156,126.60731969881047,US-FL,US,Florida,seir
2020-07-21,369834,5206,364992.4936750281,11841.38342159651,1.3091025500554059,127.456462189714,US-FL,US,Florida,seir
2020-07-22,379619,5345,375964.27123706776,12199.253345934587,0.9627359965998115,128.23673238418309,US-FL,US,Florida,seir
2020-07-23,389868,5518,387247.06982733996,12567.408908797164,0.6722609120676842,127.7529704385133,US-FL,US,Florida,seir
2020-07-24,402312,5653,398848.92898971756,12946.130385727978,0.860792372656654,129.01345101234705,US-FL,US,Florida,seir
2020-07-25,414511,5777,410778.4730203379,13335.69593441028,0.9004651214713552,130.84119671819766,US-FL,US,Florida,seir
2020-07-26,423855,5854,423044.43639951834,13736.391295162171,0.19123605961511894,134.64966339532236,US-FL,US,Florida,seir
2020-07-27,432747,5931,435655.61225297267,14148.511459370715,0.6721276526406124,138.55187083747623,US-FL,US,Florida,seir
2020-07-28,441977,6117,448620.8523829748,14572.360669052761,1.5032122447491194,138.22724651058954,US-FL,US,Florida,seir
2020-07-29,451423,6333,461949.0672683591,15008.252416854943,2.3317525399368497,136.98487947031333,US-FL,US,Florida,seir
2020-07-30,461379,6586,475649.2260645205,15456.50944605368,3.092950928525243,134.68735873145582,US-FL,US,Florida,seir
2020-07-31,470386,6843,489730.4640958418,15917.46169226933,4.112465952609517,132.609406579999,US-FL,US,Florida,seir
2020-08-01,480028,7022,504202.64620330563,16391.434903998972,5.036090853722206,133.42971951009645,US-FL,US,Florida,seir
2020-08-02,487132,7084,519075.87529974576,16878.760306133063,6.557539906995591,138.2659557613363,US-FL,US,Florida,seir
2020-08-03,491884,7157,534360.2670016977,17379.779670824093,8.635423596152279,142.83609991370815,US-FL,US,Florida,seir
2020-08-04,497330,7402,550065.9535503434,17894.845262520565,10.603815082609817,141.75689357633834,US-FL,US,Florida,seir
2020-08-05,502739,7627,566203.0838115119,18424.31983796701,12.623664329107523,141.5670622520914,US-FL,US,Florida,seir
2020-08-06,510389,7747,582781.8232756781,18968.57664620399,14.183852566508701,144.8506085736929,US-FL,US,Florida,seir
2020-08-07,518075,7927,599812.4659371653,19527.997143108558,15.777149242323082,146.34788877391898,US-FL,US,Florida,seir
2020-08-08,526577,8109,617306.1622797148,20102.956039117624,17.22998958931264,147.90918780512544,US-FL,US,Florida,seir
2020-08-09,532806,8186,635274.3570578031,20693.832585512322,19.231832422645965,152.79541394468998,US-FL,US,Florida,seir
2020-08-10,536961,8277,653728.4386066765,21301.017699181546,21.745981292249628,157.35191131063846,US-FL,US,Florida,seir
2020-08-11,542792,8553,672679.743250231,21924.91387289676,23.9295610934264,156.34179671339598,US-FL,US,Florida,seir
2020-08-12,550901,8765,692139.555301012,22565.935175312003,25.63773805112207,157.4550504884427,US-FL,US,Florida,seir
2020-08-13,557137,8913,712119.1070602143,23224.507250963885,27.8175937085877,160.5689133957577,US-FL,US,Florida,seir
2020-08-14,563285,9141,732629.8220113032,23901.062113639506,30.06379044556542,161.47097816037092,US-FL,US,Florida,seir
2020-08-15,569637,9345,753684.1792691264,24596.020175420792,32.30955490411023,163.1997878589705,US-FL,US,Florida,seir
2020-08-16,573416,9452,775294.7921788094,25309.808936247086,35.20634097737235,167.7719946704093,US-FL,US,Florida,seir
2020-08-17,576094,9539,797474.1173587876,26042.868326334647,38.42777695285623,173.0146590453365,US-FL,US,Florida,seir
2020-08-18,579932,9758,820234.4573023379,26795.65064180601,41.43631620644108,174.60187171352746,US-FL,US,Florida,seir
2020-08-19,584047,9932,843587.9603775792,27568.62054468996,44.43836889455458,177.5737066521341,US-FL,US,Florida,seir
2020-08-20,588602,10049,867546.6278050455,28362.25489627476,47.39104315055767,182.23957504502698,US-FL,US,Florida,seir
2020-08-21,593286,10168,892123.0588626368,29177.02652278995,50.36981470363986,186.94951340273357,US-FL,US,Florida,seir
2020-08-22,597597,10274,917330.856171812,30013.3961976667,53.503256571203,192.12961064499416,US-FL,US,Florida,seir
2020-08-23,600571,10325,943183.4176830841,30871.836149695413,57.047779144028624,199.0008343796166,US-FL,US,Florida,seir
2020-08-24,602829,10397,969693.8451405482,31752.83131807128,60.857199162705875,205.40378299578032,US-FL,US,Florida,seir
2020-08-25,605502,10580,996874.9440818817,32656.879352394255,64.63611087690572,208.66615644985117,US-FL,US,Florida,seir
2020-08-26,608722,10733,1024739.2238383435,33584.49061266907,68.34272850962238,212.9086985248213,US-FL,US,Florida,seir
2020-08-27,611991,10868,1053299.1469789282,34536.18245105325,72.11023478759137,217.77863867365892,US-FL,US,Florida,seir
2020-08-28,615806,10957,1082568.544664526,35512.448980970796,75.79701150435784,224.10741061395268,US-FL,US,Florida,seir
2020-08-29,619003,11105,1112561.428391994,36513.78557047112,79.73441621316762,228.80491283630002,US-FL,US,Florida,seir
2020-08-30,621586,11119,1143291.3215682963,37540.70024746412,83.93131788172454,237.62658735015845,US-FL,US,Florida,seir
2020-08-31,623471,11187,1174771.2644069656,38593.71349376257,88.42436366839284,244.98715914688987,US-FL,US,Florida,seir
2020-09-01,631040,11374,1207013.8139281033,39673.35824508207,91.27374079743016,248.807440171286,US-FL,US,Florida,seir
2020-09-02,633442,11501,1240031.117012488,40780.17811621919,95.76079846497201,254.5794114965585,US-FL,US,Florida,seir
2020-09-03,637013,11650,1273836.432675706,41914.69381227415,99.9702412157532,259.7827795044991,US-FL,US,Florida,seir
2020-09-04,640211,11750,1308443.814312907,43077.410484771164,104.37696545559308,266.616259444861,US-FL,US,Florida,seir
2020-09-05,643867,11811,1343866.632470148,44268.84470189094,108.71804774435527,274.81030142994615,US-FL,US,Florida,seir
2020-09-06,646431,11849,1380117.5405909703,45489.52449078975,113.49804396617277,283.9102412928496,US-FL,US,Florida,seir
2020-09-07,648269,11871,1417208.4750163986,46739.98933759942,118.61425966942714,293.7325359076693,US-FL,US,Florida,seir
2020-09-08,650092,11915,1455150.6821364602,48020.78949518311,123.83765407610925,303.0280276557542,US-FL,US,Florida,seir
2020-09-09,652259,12110,1493956.224422343,49332.452059308554,129.04340521515886,307.36954631964124,US-FL,US,Florida,seir
2020-09-10,654731,12326,1533638.3925847844,50675.47323137697,134.2394651520677,311.12666908467446,US-FL,US,Florida,seir
2020-09-11,658381,12502,1574209.6063507325,52050.357673130355,139.10313425671953,316.3362475854292,US-FL,US,Florida,seir
2020-09-12,661571,12600,1615681.2899545983,53457.61968088552,144.21888050633996,324.26682286417076,US-FL,US,Florida,seir
2020-09-13,663994,12608,1658063.8721382548,54897.78318553407,149.71067090037783,335.42023465683747,US-FL,US,Florida,seir
2020-09-14,665730,12642,1701366.8612837482,56371.380149090946,155.56409674849385,345.90555409817233,US-FL,US,Florida,seir
2020-09-15,668846,12787,1745601.2271791701,57878.89859807075,160.98701751661372,352.6386063820345,US-FL,US,Florida,seir
2020-06-15,386464,31628,380051.0,31399.0,1.659404239463443,0.7240419881117997,US-NY,US,New York,delphi
2020-06-16,386973,31678,380245.0,31419.0,1.7386225912402158,0.8176021213460446,US-NY,US,New York,delphi
2020-06-17,387384,31696,380424.0,31436.0,1.7966668731801003,0.8202927814235236,US-NY,US,New York,delphi
2020-06-18,388083,31728,380588.0,31453.0,1.9312878945998666,0.8667423096318708,US-NY,US,New York,delphi
2020-06-19,388907,31747,380738.0,31468.0,2.1005021766129177,0.8788231958925252,US-NY,US,New York,delphi
2020-06-20,389602,31817,380876.0,31482.0,2.239721562004302,1.0528962504321588,US-NY,US,New York,delphi
2020-06-21,390268,31854,381003.0,31494.0,2.37400965490381,1.1301563382934638,US-NY,US,New York,delphi
2020-06-22,390910,31890,381120.0,31506.0,2.5044127804353944,1.2041392285983066,US-NY,US,New York,delphi
2020-06-23,391411,31952,381229.0,31517.0,2.6013576521865764,1.3614171256885328,US-NY,US,New York,delphi
2020-06-24,391884,31974,381328.0,31527.0,2.693654244623409,1.3980108838431224,US-NY,US,New York,delphi
2020-06-25,392698,32007,381418.0,31536.0,2.872436325114974,1.471553097759865,US-NY,US,New York,delphi
2020-06-26,393527,32030,381501.0,31544.0,3.0559529587550536,1.5173275054636277,US-NY,US,New York,delphi
2020-06-27,394261,32051,381577.0,31552.0,3.2171581769436997,1.5568937006645658,US-NY,US,New York,delphi
2020-06-28,394872,32078,381647.0,31559.0,3.3491865718511313,1.617931292474593,US-NY,US,New York,delphi
2020-06-29,395406,32109,381711.0,31565.0,3.4635286262727423,1.694229032358529,US-NY,US,New York,delphi
2020-06-30,395909,32070,381770.0,31571.0,3.57127521728478,1.555971312753352,US-NY,US,New York,delphi
2020-07-01,396456,32088,381824.0,31577.0,3.690699598442198,1.5924956369982548,US-NY,US,New York,delphi
2020-07-02,397363,32112,381873.0,31581.0,3.898198876090628,1.6535874439461882,US-NY,US,New York,delphi
2020-07-03,398277,32192,381918.0,31586.0,4.10744280990366,1.882455268389662,US-NY,US,New York,delphi
2020-07-04,399054,32206,381959.0,31590.0,4.283881379462429,1.9126870769421846,US-NY,US,New York,delphi
2020-07-05,399776,32244,381997.0,31594.0,4.447240454654606,2.01587892321052,US-NY,US,New York,delphi
2020-07-06,400298,32261,382031.0,31597.0,4.563350304023502,2.0582127026440595,US-NY,US,New York,delphi
2020-07-07,400746,32283,382063.0,31601.0,4.66205526692718,2.112566985720038,US-NY,US,New York,delphi
2020-07-08,401314,32304,382092.0,31604.0,4.7897656199385015,2.16691431401684,US-NY,US,New York,delphi
2020-07-09,402079,32327,382118.0,31606.0,4.964447285234991,2.230333776719151,US-NY,US,New York,delphi
2020-07-10,402999,32369,382142.0,31609.0,5.175447085476638,2.347925484259631,US-NY,US,New York,delphi
2020-07-11,403877,32380,382164.0,31611.0,5.376141746125676,2.374922791846819,US-NY,US,New York,delphi
2020-07-12,404624,32395,382184.0,31613.0,5.545889517181384,2.4139527704892734,US-NY,US,New York,delphi
2020-07-13,405259,32418,382202.0,31615.0,5.689447982648134,2.477018940095009,US-NY,US,New York,delphi
2020-07-14,406132,32429,382219.0,31616.0,5.887987156884954,2.507015325788646,US-NY,US,New York,delphi
2020-07-15,406834,32448,382234.0,31618.0,6.046692262691908,2.557938856015779,US-NY,US,New York,delphi
2020-07-16,407724,32457,382248.0,31619.0,6.248344468316803,2.5818775610808147,US-NY,US,New York,delphi
2020-07-17,408551,32484,382260.0,31621.0,6.435181898955087,2.6566925255510405,US-NY,US,New York,delphi
2020-07-18,409380,32497,382271.0,31622.0,6.621964922565832,2.6925562359602426,US-NY,US,New York,delphi
2020-07-19,410024,32516,382282.0,31623.0,6.765945408073673,2.746340263255013,US-NY,US,New York,delphi
2020-07-20,410698,32527,382291.0,31624.0,6.916761221140595,2.7761551941464013,US-NY,US,New York,delphi
2020-07-21,411398,32539,382300.0,31625.0,7.072956115489138,2.808936967946157,US-NY,US,New York,delphi
2020-07-22,411954,32582,382308.0,31626.0,7.196434553372463,2.9341354121907806,US-NY,US,New York,delphi
2020-07-23,412807,32591,382315.0,31626.0,7.386502651360079,2.960940136847596,US-NY,US,New York,delphi
2020-07-24,413557,32602,382322.0,31627.0,7.552767816770118,2.9906140727562724,US-NY,US,New York,delphi
2020-07-25,414317,32612,382327.0,31628.0,7.721141058657984,3.0172942475162516,US-NY,US,New York,delphi
2020-07-26,414945,32629,382333.0,31628.0,7.859354854257792,3.0678231021483957,US-NY,US,New York,delphi
2020-07-27,415580,32639,382338.0,31629.0,7.998941238750662,3.094457550782806,US-NY,US,New York,delphi
2020-07-28,416085,32653,382342.0,31629.0,8.10964105891825,3.1360058800110253,US-NY,US,New York,delphi
2020-07-29,416657,32654,382346.0,31630.0,8.234831048080316,3.1359098425920253,US-NY,US,New York,delphi
2020-07-30,417454,32672,382350.0,31630.0,8.409070220910568,3.189275220372184,US-NY,US,New York,delphi
2020-07-31,418144,32675,382353.0,31630.0,8.55949146705441,3.198163733741392,US-NY,US,New York,delphi
2020-08-01,418899,32684,382356.0,31631.0,8.72358253421469,3.2217598825113205,US-NY,US,New York,delphi
2020-08-02,419452,32697,382359.0,31631.0,8.843204943593069,3.2602379423188674,US-NY,US,New York,delphi
2020-08-03,420042,32697,382361.0,31631.0,8.970769589707697,3.2602379423188674,US-NY,US,New York,delphi
2020-08-04,420675,32703,382363.0,31631.0,9.1072680810602,3.277986729046265,US-NY,US,New York,delphi
2020-08-05,421159,32736,382365.0,31632.0,9.21124800847186,3.3724340175953076,US-NY,US,New York,delphi
2020-08-06,421901,32741,382367.0,31632.0,9.370444725184344,3.387190372926911,US-NY,US,New York,delphi
2020-08-07,422479,32744,382369.0,31632.0,9.493963013546235,3.3960420229660393,US-NY,US,New York,delphi
2020-08-08,423177,32753,382371.0,31632.0,9.642773591192338,3.4225872439165874,US-NY,US,New York,delphi
2020-08-09,423751,32755,382372.0,31632.0,9.764932708123403,3.428484200885361,US-NY,US,New York,delphi
2020-08-10,424272,32764,382373.0,31632.0,9.875504393408002,3.4550115980954708,US-NY,US,New York,delphi
2020-08-11,424854,32770,382374.0,31632.0,9.99872897513028,3.47268843454379,US-NY,US,New York,delphi
2020-08-12,425318,32778,382375.0,31633.0,10.096680601338292,3.493196656293856,US-NY,US,New York,delphi
2020-08-13,425960,32780,382376.0,31633.0,10.231946661658371,3.4990848078096404,US-NY,US,New York,delphi
2020-08-14,426610,32798,382377.0,31633.0,10.36848643960526,3.5520458564546615,US-NY,US,New York,delphi
2020-08-15,427302,32809,382378.0,31633.0,10.513407379324224,3.5843823341156393,US-NY,US,New York,delphi
2020-08-16,427912,32816,382378.0,31633.0,10.640972910318009,3.6049488054607512,US-NY,US,New York,delphi
2020-08-17,428385,32823,382379.0,31633.0,10.739404974497239,3.625506504585199,US-NY,US,New York,delphi
2020-08-18,428923,32835,382380.0,31633.0,10.85113178822306,3.6607278818334095,US-NY,US,New York,delphi
2020-08-19,429440,32840,382380.0,31633.0,10.958457526080476,3.6753958587088915,US-NY,US,New York,delphi
2020-08-20,430123,32837,382381.0,31633.0,11.099615691325504,3.6665956086122358,US-NY,US,New York,delphi
2020-08-21,430860,32833,382381.0,31633.0,11.25168268114933,3.6548594401973626,US-NY,US,New York,delphi
2020-08-22,431543,32839,382381.0,31633.0,11.392144004189616,3.672462620664454,US-NY,US,New York,delphi
2020-08-23,432085,32851,382382.0,31633.0,11.503060740363585,3.7076496910291925,US-NY,US,New York,delphi
2020-08-24,432558,32852,382382.0,31633.0,11.59983169887044,3.710580786557896,US-NY,US,New York,delphi
2020-08-25,433113,32881,382382.0,31633.0,11.713109511836404,3.7955050028892066,US-NY,US,New York,delphi
2020-08-26,433595,32887,382382.0,31633.0,11.811252436029013,3.8130568309666435,US-NY,US,New York,delphi
2020-08-27,434393,32887,382383.0,31633.0,11.97302903131496,3.8130568309666435,US-NY,US,New York,delphi
2020-08-28,435062,32890,382383.0,31633.0,12.108389149132767,3.821830343569474,US-NY,US,New York,delphi
2020-08-29,435756,32891,382383.0,31633.0,12.248368352931458,3.8247544921103036,US-NY,US,New York,delphi
2020-08-30,436469,32909,382383.0,31633.0,12.391716250180425,3.877358777234191,US-NY,US,New York,delphi
2020-08-31,437154,32957,382383.0,31633.0,12.52899435896732,4.017355948660375,US-NY,US,New York,delphi
2020-09-01,437757,32966,382384.0,31633.0,12.649255180385467,4.0435600315476545,US-NY,US,New York,delphi
2020-09-02,438405,32972,382384.0,31633.0,12.778367035047502,4.06102147276477,US-NY,US,New York,delphi
2020-09-03,439322,32976,382384.0,31633.0,12.960425382748872,4.07265890344493,US-NY,US,New York,delphi
2020-09-04,440192,32982,382384.0,31633.0,13.13245129398081,4.090109756837062,US-NY,US,New York,delphi
2020-09-05,441012,32987,382384.0,31633.0,13.293969325097729,4.104647285294207,US-NY,US,New York,delphi
2020-09-06,441748,32987,382384.0,31633.0,13.438430960638193,4.104647285294207,US-NY,US,New York,delphi
2020-09-07,442315,33002,382384.0,31633.0,13.54939353175904,4.148233440397552,US-NY,US,New York,delphi
2020-09-08,442817,33016,382384.0,31633.0,13.647398360948202,4.18887811969954,US-NY,US,New York,delphi
2020-09-09,443409,33019,382384.0,31633.0,13.762688623821347,4.197583209667162,US-NY,US,New York,delphi
2020-09-10,444071,33019,382384.0,31633.0,13.89124712039291,4.197583209667162,US-NY,US,New York,delphi
2020-09-11,445102,33019,382384.0,31634.0,14.090702805199706,4.194554650352828,US-NY,US,New York,delphi
2020-09-12,446028,33023,382384.0,31634.0,14.269059341566,4.2061593434878715,US-NY,US,New York,delphi
2020-09-13,446862,33023,382384.0,31634.0,14.429063111206592,4.2061593434878715,US-NY,US,New York,delphi
2020-09-14,447524,33030,382384.0,31634.0,14.555643943118135,4.226460793218286,US-NY,US,New York,delphi
2020-09-15,448213,33038,382384.0,31634.0,14.686990337183436,4.2496519159755435,US-NY,US,New York,delphi
2020-06-15,386464,31628,414880.0,32299.0,7.352819408793574,2.121537877829771,US-NY,US,New York,delphi_lookahead
2020-06-16,386973,31678,415425.0,32328.0,7.352450946190044,2.0518972157333164,US-NY,US,New York,delphi_lookahead
2020-06-17,387384,31696,415934.0,32354.0,7.369948165128141,2.075971731448763,US-NY,US,New York,delphi_lookahead
2020-06-18,388083,31728,416408.0,32378.0,7.29869641288075,2.0486636409480585,US-NY,US,New York,delphi_lookahead
2020-06-19,388907,31747,416849.0,32401.0,7.184751110162583,2.0600371688663497,US-NY,US,New York,delphi_lookahead
2020-06-20,389602,31817,417259.0,32422.0,7.098782860457595,1.90149919854166,US-NY,US,New York,delphi_lookahead
2020-06-21,390268,31854,417640.0,32441.0,7.013641907612205,1.8427826960507314,US-NY,US,New York,delphi_lookahead
2020-06-22,390910,31890,417995.0,32459.0,6.928704816965542,1.7842583882094702,US-NY,US,New York,delphi_lookahead
2020-06-23,391411,31952,418325.0,32475.0,6.876148089859509,1.636830245368052,US-NY,US,New York,delphi_lookahead
2020-06-24,391884,31974,418631.0,32490.0,6.82523399781568,1.6138112216175644,US-NY,US,New York,delphi_lookahead
2020-06-25,392698,32007,418915.0,32504.0,6.676122618398872,1.5527853282094541,US-NY,US,New York,delphi_lookahead
2020-06-26,393527,32030,419179.0,32517.0,6.518485389820775,1.5204495785201375,US-NY,US,New York,delphi_lookahead
2020-06-27,394261,32051,419423.0,32529.0,6.382066702007045,1.491373124083492,US-NY,US,New York,delphi_lookahead
2020-06-28,394872,32078,419650.0,32540.0,6.274944792236472,1.4402394164224703,US-NY,US,New York,delphi_lookahead
2020-06-29,395406,32109,419860.0,32550.0,6.184529319231372,1.3734466971877044,US-NY,US,New York,delphi_lookahead
2020-06-30,395909,32070,420054.0,32560.0,6.098623673621969,1.527907701902089,US-NY,US,New York,delphi_lookahead
2020-07-01,396456,32088,420234.0,32568.0,5.997639082268902,1.4958863126402393,US-NY,US,New York,delphi_lookahead
2020-07-02,397363,32112,420401.0,32576.0,5.797721478849314,1.4449427005480817,US-NY,US,New York,delphi_lookahead
2020-07-03,398277,32192,420555.0,32584.0,5.593594407912081,1.2176938369781312,US-NY,US,New York,delphi_lookahead
2020-07-04,399054,32206,420698.0,32590.0,5.4238273516867395,1.1923244116003229,US-NY,US,New York,delphi_lookahead
2020-07-05,399776,32244,420829.0,32597.0,5.266199071480028,1.09477732291279,US-NY,US,New York,delphi_lookahead
2020-07-06,400298,32261,420951.0,32602.0,5.15940624234945,1.0570038126530485,US-NY,US,New York,delphi_lookahead
2020-07-07,400746,32283,421063.0,32608.0,5.069794832637132,1.0067218040454728,US-NY,US,New York,delphi_lookahead
2020-07-08,401314,32304,421167.0,32612.0,4.9469991079304485,0.9534422981674097,US-NY,US,New York,delphi_lookahead
2020-07-09,402079,32327,421263.0,32617.0,4.771201679271984,0.8970829337705324,US-NY,US,New York,delphi_lookahead
2020-07-10,402999,32369,421351.0,32621.0,4.55385745374058,0.7785226605702987,US-NY,US,New York,delphi_lookahead
2020-07-11,403877,32380,421432.0,32625.0,4.34662038194797,0.756639901173564,US-NY,US,New York,delphi_lookahead
2020-07-12,404624,32395,421507.0,32628.0,4.172515718296492,0.7192467973452693,US-NY,US,New York,delphi_lookahead
2020-07-13,405259,32418,421577.0,32631.0,4.026560791987347,0.657042383860818,US-NY,US,New York,delphi_lookahead
2020-07-14,406132,32429,421640.0,32634.0,3.8184629627805737,0.632150235899966,US-NY,US,New York,delphi_lookahead
2020-07-15,406834,32448,421699.0,32637.0,3.653824409955903,0.5824704142011835,US-NY,US,New York,delphi_lookahead
2020-07-16,407724,32457,421753.0,32639.0,3.440807997566982,0.5607419046738762,US-NY,US,New York,delphi_lookahead
2020-07-17,408551,32484,421802.0,32641.0,3.2434139189476956,0.4833148627016377,US-NY,US,New York,delphi_lookahead
2020-07-18,409380,32497,421848.0,32643.0,3.045581122673311,0.44927224051450904,US-NY,US,New York,delphi_lookahead
2020-07-19,410024,32516,421890.0,32645.0,2.8939769379353404,0.39672776479271743,US-NY,US,New York,delphi_lookahead
2020-07-20,410698,32527,421929.0,32647.0,2.734612781167671,0.36892427829188057,US-NY,US,New York,delphi_lookahead
2020-07-21,411398,32539,421964.0,32648.0,2.5683158401353436,0.33498263622115,US-NY,US,New York,delphi_lookahead
2020-07-22,411954,32582,421997.0,32650.0,2.4378935512217383,0.2087041924989258,US-NY,US,New York,delphi_lookahead
2020-07-23,412807,32591,422027.0,32651.0,2.233489257691851,0.1840999048817158,US-NY,US,New York,delphi_lookahead
2020-07-24,413557,32602,422054.0,32652.0,2.0546139951687437,0.15336482424391143,US-NY,US,New York,delphi_lookahead
2020-07-25,414317,32612,422079.0,32653.0,1.8734447295187018,0.12572059364651048,US-NY,US,New York,delphi_lookahead
2020-07-26,414945,32629,422102.0,32654.0,1.7248069021195582,0.07661895859511478,US-NY,US,New York,delphi_lookahead
2020-07-27,415580,32639,422124.0,32655.0,1.5746667308340152,0.04902110971537118,US-NY,US,New York,delphi_lookahead
2020-07-28,416085,32653,422143.0,32656.0,1.4559525097035462,0.009187517226594801,US-NY,US,New York,delphi_lookahead
2020-07-29,416657,32654,422161.0,32657.0,1.3209906469830102,0.009187235866968825,US-NY,US,New York,delphi_lookahead
2020-07-30,417454,32672,422177.0,32658.0,1.1313821403076745,0.04285014691478942,US-NY,US,New York,delphi_lookahead
2020-07-31,418144,32675,422192.0,32658.0,0.9680875487870209,0.052027543993879106,US-NY,US,New York,delphi_lookahead
2020-08-01,418899,32684,422206.0,32659.0,0.7894504403209366,0.07649002570064864,US-NY,US,New York,delphi_lookahead
2020-08-02,419452,32697,422218.0,32659.0,0.6594318301021332,0.11621861332843991,US-NY,US,New York,delphi_lookahead
2020-08-03,420042,32697,422230.0,32660.0,0.5209002909232886,0.1131602287671652,US-NY,US,New York,delphi_lookahead
2020-08-04,420675,32703,422240.0,32660.0,0.37202115647471323,0.13148640797480354,US-NY,US,New York,delphi_lookahead
2020-08-05,421159,32736,422250.0,32661.0,0.25904705823691293,0.22910557184750735,US-NY,US,New York,delphi_lookahead
2020-08-06,421901,32741,422259.0,32661.0,0.084854029736834,0.24434195656821722,US-NY,US,New York,delphi_lookahead
2020-08-07,422479,32744,422267.0,32661.0,0.05018000894719027,0.2534815538724652,US-NY,US,New York,delphi_lookahead
2020-08-08,423177,32753,422274.0,32662.0,0.21338588817445184,0.2778371446890361,US-NY,US,New York,delphi_lookahead
2020-08-09,423751,32755,422281.0,32662.0,0.34690183621985554,0.28392611814990076,US-NY,US,New York,delphi_lookahead
2020-08-10,424272,32764,422287.0,32662.0,0.46786024060036957,0.3113172994750336,US-NY,US,New York,delphi_lookahead
2020-08-11,424854,32770,422292.0,32662.0,0.6030306881893545,0.3295697284101312,US-NY,US,New York,delphi_lookahead
2020-08-12,425318,32778,422298.0,32663.0,0.7100569456265665,0.35084507901641343,US-NY,US,New York,delphi_lookahead
2020-08-13,425960,32780,422302.0,32663.0,0.8587660813221898,0.3569249542403905,US-NY,US,New York,delphi_lookahead
2020-08-14,426610,32798,422306.0,32663.0,1.0088839924052413,0.41161046405268614,US-NY,US,New York,delphi_lookahead
2020-08-15,427302,32809,422310.0,32663.0,1.168260387267085,0.44499984760279193,US-NY,US,New York,delphi_lookahead
2020-08-16,427912,32816,422314.0,32663.0,1.3082129035876535,0.46623598244758657,US-NY,US,New York,delphi_lookahead
2020-08-17,428385,32823,422317.0,32663.0,1.4164828367006315,0.4874630594400268,US-NY,US,New York,delphi_lookahead
2020-08-18,428923,32835,422320.0,32663.0,1.539437148392602,0.5238312776001218,US-NY,US,New York,delphi_lookahead
2020-08-19,429440,32840,422323.0,32664.0,1.6572745901639343,0.535931790499391,US-NY,US,New York,delphi_lookahead
2020-08-20,430123,32837,422325.0,32664.0,1.8129697784122216,0.5268447178487682,US-NY,US,New York,delphi_lookahead
2020-08-21,430860,32833,422327.0,32664.0,1.9804576892726176,0.5147260378277952,US-NY,US,New York,delphi_lookahead
2020-08-22,431543,32839,422329.0,32664.0,2.135129060140009,0.5329029507597673,US-NY,US,New York,delphi_lookahead
2020-08-23,432085,32851,422331.0,32664.0,2.257426200863256,0.5692368573255,US-NY,US,New York,delphi_lookahead
2020-08-24,432558,32852,422333.0,32664.0,2.3638448485521013,0.5722634847193474,US-NY,US,New York,delphi_lookahead
2020-08-25,433113,32881,422334.0,32664.0,2.4887269604006343,0.6599555974574982,US-NY,US,New York,delphi_lookahead
2020-08-26,433595,32887,422336.0,32664.0,2.5966627843955767,0.6780794842947061,US-NY,US,New York,delphi_lookahead
2020-08-27,434393,32887,422337.0,32664.0,2.7753670063744122,0.6780794842947061,US-NY,US,New York,delphi_lookahead
2020-08-28,435062,32890,422338.0,32664.0,2.9246406259337747,0.6871389480085133,US-NY,US,New York,delphi_lookahead
2020-08-29,435756,32891,422339.0,32664.0,3.079016697417821,0.6901584019944665,US-NY,US,New York,delphi_lookahead
2020-08-30,436469,32909,422340.0,32664.0,3.2371142051325528,0.7444771946883831,US-NY,US,New York,delphi_lookahead
2020-08-31,437154,32957,422341.0,32664.0,3.3885083974983647,0.8890372303304306,US-NY,US,New York,delphi_lookahead
2020-09-01,437757,32966,422342.0,32664.0,3.5213600239402223,0.9160953709882909,US-NY,US,New York,delphi_lookahead
2020-09-02,438405,32972,422343.0,32664.0,3.6637355869572654,0.934125925027296,US-NY,US,New York,delphi_lookahead
2020-09-03,439322,32976,422343.0,32664.0,3.8648189710508465,0.9461426491994178,US-NY,US,New York,delphi_lookahead
2020-09-04,440192,32982,422344.0,32664.0,4.0545943588252396,0.9641622703292705,US-NY,US,New York,delphi_lookahead
2020-09-05,441012,32987,422344.0,32664.0,4.232991392524466,0.9791736138478795,US-NY,US,New York,delphi_lookahead
2020-09-06,441748,32987,422345.0,32664.0,4.392323225006113,0.9791736138478795,US-NY,US,New York,delphi_lookahead
2020-09-07,442315,33002,422345.0,32664.0,4.514881928037711,1.0241803527058966,US-NY,US,New York,delphi_lookahead
2020-09-08,442817,33016,422346.0,32664.0,4.622902914748079,1.0661497455779017,US-NY,US,New York,delphi_lookahead
2020-09-09,443409,33019,422346.0,32664.0,4.7502418760106355,1.0751385565886307,US-NY,US,New York,delphi_lookahead
2020-09-10,444071,33019,422346.0,32664.0,4.892235701047806,1.0751385565886307,US-NY,US,New York,delphi_lookahead
2020-09-11,445102,33019,422347.0,32664.0,5.112311335379307,1.0751385565886307,US-NY,US,New York,delphi_lookahead
2020-09-12,446028,33023,422347.0,32664.0,5.309307935824656,1.0871210974169518,US-NY,US,New York,delphi_lookahead
2020-09-13,446862,33023,422347.0,32664.0,5.486033719582331,1.0871210974169518,US-NY,US,New York,delphi_lookahead
2020-09-14,447524,33030,422348.0,32664.0,5.625620078476238,1.1080835603996368,US-NY,US,New York,delphi_lookahead
2020-09-15,448213,33038,422348.0,32664.0,5.770693844221386,1.1320297838852231,US-NY,US,New York,delphi_lookahead
2020-06-15,386464,31628,250953.944717546,20619.767820731857,35.064082367944756,34.805337609928365,US-NY,US,New York,delphi_constant
2020-06-16,386973,31678,251097.49534676885,20633.660888233997,35.11239922507026,34.86438257391882,US-NY,US,New York,delphi_constant
2020-06-17,387384,31696,251229.9275394374,20646.485264593444,35.14705626989308,34.8609122141802,US-NY,US,New York,delphi_constant
2020-06-18,388083,31728,251352.0683930033,20658.31786282197,35.232393999993995,34.88931586352128,US-NY,US,New York,delphi_constant
2020-06-19,388907,31747,251464.6922981419,20669.23081882818,35.340661829655446,34.893908656477215,US-NY,US,New York,delphi_constant
2020-06-20,389602,31817,251568.52590059114,20679.29149526959,35.42935459761728,35.005526934438855,US-NY,US,New York,delphi_constant
2020-06-21,390268,31854,251664.24424225042,20688.56296339054,35.515019360477815,35.0519151020577,US-NY,US,New York,delphi_constant
2020-06-22,390910,31890,251752.47465022045,20697.104012259628,35.598353930515856,35.09845088661139,US-NY,US,New York,delphi_constant
2020-06-23,391411,31952,251833.79819435853,20704.96955074471,35.66001001648944,35.199769808635736,US-NY,US,New York,delphi_constant
2020-06-24,391884,31974,251908.75233434615,20712.210741037048,35.71854111565,35.22170907288094,US-NY,US,New York,delphi_constant
2020-06-25,392698,32007,251977.83360475846,20718.875096643485,35.8341948253471,35.267675518969334,US-NY,US,New York,delphi_constant
2020-06-26,393527,32030,252041.5010503132,20725.006937030626,35.953187189109464,35.29501424592374,US-NY,US,New York,delphi_constant
2020-06-27,394261,32051,252100.17794415812,20730.647359219773,36.05754108467281,35.319811053571584,US-NY,US,New York,delphi_constant
2020-06-28,394872,32078,252154.2544036922,20735.83442726194,36.142786927487336,35.35808208971276,US-NY,US,New York,delphi_constant
2020-06-29,395406,32109,252204.09116861934,20740.60357891752,36.216422823978554,35.40563836021826,US-NY,US,New York,delphi_constant
2020-06-30,395909,32070,252250.0203659967,20744.987582008496,36.285858526581436,35.31341570935923,US-NY,US,New York,delphi_constant
2020-07-01,396456,32088,252292.3476784233,20749.016689645785,36.36309005831081,35.33714569419788,US-NY,US,New York,delphi_constant
2020-07-02,397363,32112,252331.35585890664,20752.719015893595,36.49852757833351,35.37394427038617,US-NY,US,New York,delphi_constant
2020-07-03,398277,32192,252367.30519828945,20756.12051695331,36.63522995345213,35.52397950747605,US-NY,US,New York,delphi_constant
2020-07-04,399054,32206,252400.43503513176,20759.245090602315,36.75030571423122,35.54230550021016,US-NY,US,New York,delphi_constant
2020-07-05,399776,32244,252430.9667600019,20762.114906206007,36.85689817297639,35.60936947585285,US-NY,US,New York,delphi_constant
2020-07-06,400298,32261,252459.10422669587,20764.750407578744,36.9322094472878,35.63513093959039,US-NY,US,New York,delphi_constant
2020-07-07,400746,32283,252485.0347970313,20767.17037924247,36.99624330697467,35.671497756582504,US-NY,US,New York,delphi_constant
2020-07-08,401314,32304,252508.93176566705,20769.39222131946,37.07946102910263,35.706438145989786,US-NY,US,New York,delphi_constant
2020-07-09,402079,32327,252530.95472727835,20771.431961866525,37.19369707761949,35.74587198977163,US-NY,US,New York,delphi_constant
2020-07-10,402999,32369,252551.2503440184,20773.30430647719,37.33204044079058,35.82345977176561,US-NY,US,New York,delphi_constant
2020-07-11,403877,32380,252569.95425556056,20775.022861124,37.46364505640069,35.839954104002466,US-NY,US,New York,delphi_constant
2020-07-12,404624,32395,252587.1913847495,20776.60014587099,37.57483703765731,35.864793499395,US-NY,US,New York,delphi_constant
2020-07-13,405259,32418,252603.0765302449,20778.047635286945,37.6687312236755,35.90583121942457,US-NY,US,New York,delphi_constant
2020-07-14,406132,32429,252617.7158587724,20779.375936496876,37.799110668754885,35.92347609702157,US-NY,US,New York,delphi_constant
2020-07-15,406834,32448,252631.2071461204,20780.59480083949,37.90312335101776,35.95723988893155,US-NY,US,New York,delphi_constant
2020-07-16,407724,32457,252643.6402477063,20781.713158025057,38.035622075789924,35.971552644960845,US-NY,US,New York,delphi_constant
2020-07-17,408551,32484,252655.0982619983,20782.7392571331,38.158247498599124,36.021612925954,US-NY,US,New York,delphi_constant
2020-07-18,409380,32497,252665.65771494323,20783.680675469433,38.28089850140622,36.044309704066734,US-NY,US,New York,delphi_constant
2020-07-19,410024,32516,252675.38893691276,20784.54434744791,38.37546364678342,36.079024641875044,US-NY,US,New York,delphi_constant
2020-07-20,410698,32527,252684.35697044927,20785.33667563665,38.47441259259863,36.09820556572494,US-NY,US,New York,delphi_constant
2020-07-21,411398,32539,252692.62171013126,20786.06353723685,38.5770903820312,36.11953797831264,US-NY,US,New York,delphi_constant
2020-07-22,411954,32582,252700.23820279058,20786.73030794531,38.65814187924123,36.20179759393128,US-NY,US,New York,delphi_constant
2020-07-23,412807,32591,252707.25735781124,20787.34194920391,38.78319472348792,36.21753874013099,US-NY,US,New York,delphi_constant
2020-07-24,413557,32602,252713.7260541221,20787.90301305337,38.89264936777226,36.23733816007187,US-NY,US,New York,delphi_constant
2020-07-25,414317,32612,252719.68737518325,20788.41766108464,39.00330245314982,36.25531196772771,US-NY,US,New York,delphi_constant
2020-07-26,414945,32629,252725.1811674676,20788.88973302808,39.094294143207506,36.287076732268595,US-NY,US,New York,delphi_constant
2020-07-27,415580,32639,252730.24412433335,20789.322750696305,39.18613886030768,36.30527053311589,US-NY,US,New York,delphi_constant
2020-07-28,416085,32653,252734.90996485736,20789.719932225493,39.25882693082967,36.33136332886567,US-NY,US,New York,delphi_constant
2020-07-29,416657,32654,252739.20987570842,20790.08424614744,39.34118234526039,36.33219744549691,US-NY,US,New York,delphi_constant
2020-07-30,417454,32672,252743.17257949375,20790.418414981137,39.45604244312098,36.36625117843678,US-NY,US,New York,delphi_constant
2020-07-31,418144,32675,252746.82446548258,20790.72492513079,39.55507565205226,36.371155546654045,US-NY,US,New York,delphi_constant
2020-08-01,418899,32684,252750.18994149953,20791.00606967047,39.66321477456391,36.387816455542556,US-NY,US,New York,delphi_constant
2020-08-02,419452,32697,252753.29149249697,20791.263951983983,39.74202256932928,36.41231931986426,US-NY,US,New York,delphi_constant
2020-08-03,420042,32697,252756.1497708307,20791.500491852625,39.8259817421042,36.41159588998188,US-NY,US,New York,delphi_constant
2020-08-04,420675,32703,252758.7838777487,20791.717459376247,39.91590090265675,36.422598968363005,US-NY,US,New York,delphi_constant
2020-08-05,421159,32736,252761.21141648368,20791.91647892679,39.98437373617003,36.48608113719823,US-NY,US,New York,delphi_constant
2020-08-06,421901,32741,252763.4485497719,20792.09903210898,40.08939335299705,36.495223016679454,US-NY,US,New York,delphi_constant
2020-08-07,422479,32744,252765.51022467844,20792.266484549466,40.17086997822887,36.50052991525328,US-NY,US,New York,delphi_constant
2020-08-08,423177,32753,252767.41022329603,20792.42009031423,40.26910483714946,36.5175095706829,US-NY,US,New York,delphi_constant
2020-08-09,423751,32755,252769.1611956655,20792.560992574625,40.34960125270135,36.520955601970314,US-NY,US,New York,delphi_constant
2020-08-10,424272,32764,252770.77483661447,20792.69024439412,40.42247076483613,36.53799827739555,US-NY,US,New York,delphi_constant
2020-08-11,424854,32770,252772.26193669066,20792.80881370611,40.50373494501861,36.54925598502866,US-NY,US,New York,delphi_constant
2020-08-12,425318,32778,252773.63239828878,20792.917582568698,40.56832008090681,36.56441032836446,US-NY,US,New York,delphi_constant
2020-08-13,425960,32780,252774.8953699402,20793.017362659004,40.65759804443135,36.56797631891701,US-NY,US,New York,delphi_constant
2020-08-14,426610,32798,252776.05929984697,20793.10890089081,40.74774166103772,36.60250960152812,US-NY,US,New York,delphi_constant
2020-08-15,427302,32809,252777.13194143906,20793.19287801696,40.843447505174545,36.62350916511641,US-NY,US,New York,delphi_constant
2020-08-16,427912,32816,252778.1204498713,20793.269919419155,40.927545745416985,36.63679327334485,US-NY,US,New York,delphi_constant
2020-08-17,428385,32823,252779.031438733,20793.340601290824,40.99255776025467,36.650091090726555,US-NY,US,New York,delphi_constant
2020-08-18,428923,32835,252779.87098100098,20793.40544927309,41.066375321211275,36.67304568517408,US-NY,US,New York,delphi_constant
2020-08-19,429440,32840,252780.64467172298,20793.464945077903,41.13714496280668,36.682506257375444,US-NY,US,New York,delphi_constant
2020-08-20,430123,32837,252781.35768703395,20793.519533017912,41.23044857237721,36.676555309504785,US-NY,US,New York,delphi_constant
2020-08-21,430860,32833,252782.01478561258,20793.569619208054,41.330823287004456,36.66868815153031,US-NY,US,New York,delphi_constant
2020-08-22,431543,32839,252782.6203423327,20793.615574691234,41.42353824709642,36.680119447330206,US-NY,US,New York,delphi_constant
2020-08-23,432085,32851,252783.17840677017,20793.65774190426,41.496886398099875,36.703120934205174,US-NY,US,New York,delphi_constant
2020-08-24,432558,32852,252783.6927086451,20793.696434738977,41.56074036114346,36.70492988329789,US-NY,US,New York,delphi_constant
2020-08-25,433113,32881,252784.16666993714,20793.73193916087,41.63551621171908,36.76064615078353,US-NY,US,New York,delphi_constant
2020-08-26,433595,32887,252784.60345734982,20793.764518941272,41.70029556213752,36.772084656729795,US-NY,US,New York,delphi_constant
2020-08-27,434393,32887,252785.00599316668,20793.79441659435,41.807302145023826,36.771993746482345,US-NY,US,New York,delphi_constant
2020-08-28,435062,32890,252785.37695699368,20793.82185288292,41.8967004801629,36.77767755280353,US-NY,US,New York,delphi_constant
2020-08-29,435756,32891,252785.71882346904,20793.847030843895,41.98915934067023,36.77952318006781,US-NY,US,New York,delphi_constant
2020-08-30,436469,32909,252786.0338808068,20793.870137664297,42.08385157232088,36.81403221713119,US-NY,US,New York,delphi_constant
2020-08-31,437154,32957,252786.32422994103,20793.89134411853,42.1745370670425,36.90599464721143,US-NY,US,New York,delphi_constant
2020-09-01,437757,32966,252786.59180401,20793.91080645556,42.25412916206708,36.92316081279027,US-NY,US,New York,delphi_constant
2020-09-02,438405,32972,252786.83839309445,20793.92866897604,42.33942623987079,36.93458489331542,US-NY,US,New York,delphi_constant
2020-09-03,439322,32976,252787.06564557523,20793.94506393945,42.459729846086645,36.942185031721706,US-NY,US,New York,delphi_constant
2020-09-04,440192,32982,252787.27507271105,20793.960111741624,42.57340545200479,36.95361072178272,US-NY,US,New York,delphi_constant
2020-09-05,441012,32987,252787.46807346834,20793.973923492795,42.68013839227315,36.963125099303376,US-NY,US,New York,delphi_constant
2020-09-06,441748,32987,252787.64593988488,20793.98660148804,42.775599224018016,36.963086665995576,US-NY,US,New York,delphi_constant
2020-09-07,442315,33002,252787.80985647775,20793.99823885253,42.84891765902631,36.991702809367524,US-NY,US,New York,delphi_constant
2020-09-08,442817,33016,252787.96091527335,20794.00892104207,42.91367293593667,37.018388293427215,US-NY,US,New York,delphi_constant
2020-09-09,443409,33019,252788.10012740674,20794.018726988106,42.98985809322618,37.024080901940984,US-NY,US,New York,delphi_constant
2020-09-10,444071,33019,252788.22842310494,20794.0277289449,43.07481721997047,37.02405363898089,US-NY,US,New York,delphi_constant
2020-09-11,445102,33019,252788.34665521962,20794.035992702982,43.20664776720401,37.02402861169938,US-NY,US,New York,delphi_constant
2020-09-12,446028,33023,252788.45561376633,20794.043579042573,43.32453217874969,37.03163377330172,US-NY,US,New York,delphi_constant
2020-09-13,446862,33023,252788.55602799356,20794.050543893612,43.4302858537997,37.031612682392236,US-NY,US,New York,delphi_constant
2020-09-14,447524,33030,252788.64856678413,20794.056938211263,43.51394594104805,37.04493812227895,US-NY,US,New York,delphi_constant
2020-09-15,448213,33038,252788.733847696,20794.062808864717,43.60075815567687,37.06016463204577,US-NY,US,New York,delphi_constant
2020-06-15,386464,31628,250953.9447285458,20619.76780964312,35.064082365098486,34.80533764498824,US-NY,US,New York,themis
2020-06-16,386973,31678,251098.4680951415,20633.662250066413,35.11214785136392,34.86437827493398,US-NY,US,New York,themis
2020-06-17,387384,31696,251236.77453423088,20646.50425863997,35.14528877438643,34.86085228849076,US-NY,US,New York,themis
2020-06-18,388083,31728,251372.55341349426,20658.402305667085,35.2271154847045,34.88904971738816,US-NY,US,New York,themis
2020-06-19,388907,31747,251508.05158675843,20669.466180754494,35.32951281752233,34.89316728902103,US-NY,US,New York,themis
2020-06-20,389602,31817,251644.6491879318,20679.80075685488,35.409815866465834,35.003926338577244,US-NY,US,New York,themis
2020-06-21,390268,31854,251783.2057851338,20689.503005641476,35.484537347378264,35.04896400564615,US-NY,US,New York,themis
2020-06-22,390910,31890,251924.26848526008,20698.66085687625,35.55440677259213,35.09356896558091,US-NY,US,New York,themis
2020-06-23,391411,31952,252068.1972356934,20707.35307271379,35.6001243614274,35.19231011293881,US-NY,US,New York,themis
2020-06-24,391884,31974,252215.24066154554,20715.649665148838,35.64033217443286,35.210953696288115,US-NY,US,New York,themis
2020-06-25,392698,32007,252365.58017708498,20723.61256939748,35.735455699523555,35.2528741544116,US-NY,US,New York,themis
2020-06-26,393527,32030,252519.35780516473,20731.29639468698,35.8317579720922,35.275378099634786,US-NY,US,New York,themis
2020-06-27,394261,32051,252676.69379656966,20738.74925110081,35.911314130342674,35.29453292845525,US-NY,US,New York,themis
2020-06-28,394872,32078,252837.69372691866,20746.013414498007,35.96970822775009,35.32635010132176,US-NY,US,New York,themis
2020-06-29,395406,32109,253002.4579917585,20753.126145772378,36.014512174383164,35.366638183149966,US-NY,US,New York,themis
2020-06-30,395909,32070,253171.081906862,20760.120137264836,36.053213767087385,35.266229693592656,US-NY,US,New York,themis
2020-07-01,396456,32088,253343.6606513893,20767.024271823,36.09791234048941,35.28102632815071,US-NY,US,New York,themis
2020-07-02,397363,32112,253520.28923765096,20773.863979938968,36.1993217190199,35.30809672415618,US-NY,US,New York,themis
2020-07-03,398277,32192,253701.06310941852,20780.66165776617,36.30034797153275,35.447745844414236,US-NY,US,New York,themis
2020-07-04,399054,32206,253886.0799144732,20787.437252386953,36.378014024549756,35.45476851398201,US-NY,US,New York,themis
2020-07-05,399776,32244,254075.43845714192,20794.20831512754,36.44554989365496,35.509836511823785,US-NY,US,New York,themis
2020-07-06,400298,32261,254269.23965308935,20800.99048150261,36.48001247743198,35.522796932821024,US-NY,US,New York,themis
2020-07-07,400746,32283,254467.5867234966,20807.797762230606,36.5015279694628,35.545650149519545,US-NY,US,New York,themis
2020-07-08,401314,32304,254670.58485419242,20814.642558849813,36.54081720194351,35.56636156869176,US-NY,US,New York,themis
2020-07-09,402079,32327,254878.3416426642,20821.536055418936,36.60988471353535,35.59088051653746,US-NY,US,New York,themis
2020-07-10,402999,32369,255090.96714832066,20828.488378164864,36.70183619604002,35.65297544513311,US-NY,US,New York,themis
2020-07-11,403877,32380,255308.57372182707,20835.508585084834,36.78556250496387,35.65315446236926,US-NY,US,New York,themis
2020-07-12,404624,32395,255531.2762637298,20842.604941611236,36.84722699006243,35.66104355113062,US-NY,US,New York,themis
2020-07-13,405259,32418,255759.19233246075,20849.78505402685,36.889941412168334,35.68454237143918,US-NY,US,New York,themis
2020-07-14,406132,32429,255992.4419940381,20857.055844539125,36.96816749381037,35.6839376960772,US-NY,US,New York,themis
2020-07-15,406834,32448,256231.14792581543,20864.42368246636,37.01825611285797,35.69889151113671,US-NY,US,New York,themis
2020-07-16,407724,32457,256475.43567284822,20871.894542357706,37.09582078247829,35.69370384706625,US-NY,US,New York,themis
2020-07-17,408551,32484,256725.43362131048,20879.474008508754,37.16196175720767,35.72382093181642,US-NY,US,New York,themis
2020-07-18,409380,32497,256981.27273498886,20887.167269662572,37.22671534149473,35.72586001888614,US-NY,US,New York,themis
2020-07-19,410024,32516,257243.08693487666,20894.97925520939,37.261456174546694,35.739392129384335,US-NY,US,New York,themis
2020-07-20,410698,32527,257511.01330501225,20902.914686592863,37.29918010192106,35.736727375433134,US-NY,US,New York,themis
2020-07-21,411398,32539,257785.19205665207,20910.978077057152,37.339220886671285,35.73564621820845,US-NY,US,New York,themis
2020-07-22,411954,32582,258065.76600031974,20919.173739632828,37.35568388695832,35.79530495478231,US-NY,US,New York,themis
2020-07-23,412807,32591,258352.8810719172,20927.50586296834,37.41557651107728,35.78746935359965,US-NY,US,New York,themis
2020-07-24,413557,32602,258646.68676860078,20935.97853950786,37.45803195965713,35.78314661828151,US-NY,US,New York,themis
2020-07-25,414317,32612,258947.3361613757,20944.595765236892,37.50019039494501,35.77641430995679,US-NY,US,New York,themis
2020-07-26,414945,32629,259254.9855917411,20953.36144781347,37.520638737244425,35.78301067206022,US-NY,US,New York,themis
2020-07-27,415580,32639,259569.79360853866,20962.27947017861,37.540354779214915,35.775362388006336,US-NY,US,New York,themis
2020-07-28,416085,32653,259891.92257231454,20971.353685827944,37.538742667408215,35.77510891548114,US-NY,US,New York,themis
2020-07-29,416657,32654,260221.53903387117,20980.587911470717,37.545381684726,35.74879674321456,US-NY,US,New York,themis
2020-07-30,417454,32672,260558.81373426723,20989.985927029786,37.58382630558882,35.7554299491008,US-NY,US,New York,themis
2020-07-31,418144,32675,260903.9212136694,20999.55149006383,37.60428914114051,35.73205358817496,US-NY,US,New York,themis
2020-08-01,418899,32684,261257.0378328382,21009.28843469994,37.632451299039104,35.71995950709845,US-NY,US,New York,themis
2020-08-02,419452,32697,261618.34372188104,21019.200631085696,37.6285382542267,35.715201299551346,US-NY,US,New York,themis
2020-08-03,420042,32697,261988.02381666147,21029.29194303432,37.628136277643314,35.684338186884666,US-NY,US,New York,themis
2020-08-04,420675,32703,262366.26785770524,21039.566227851028,37.63207515119623,35.664721194229806,US-NY,US,New York,themis
2020-08-05,421159,32736,262753.270227062,21050.02734261074,37.61185912516128,35.69761931020668,US-NY,US,New York,themis
2020-08-06,421901,32741,263149.2274380568,21060.679257280262,37.627730809347035,35.67490529525591,US-NY,US,New York,themis
2020-08-07,422479,32744,263554.33942701604,21071.52603667864,37.61717400698827,35.64767274407941,US-NY,US,New York,themis
2020-08-08,423177,32753,263968.81142539956,21082.571759578772,37.62212704721675,35.63163142436183,US-NY,US,New York,themis
2020-08-09,423751,32755,264392.85390900844,21093.820518978016,37.60655339833807,35.60121960318114,US-NY,US,New York,themis
2020-08-10,424272,32764,264826.6824392892,21105.276428193774,37.580919212371036,35.5839444872611,US-NY,US,New York,themis
2020-08-11,424854,32770,265270.51522869297,21116.943730596882,37.56195887794561,35.5601350912515,US-NY,US,New York,themis
2020-08-12,425318,32778,265724.57420378784,21128.82678507513,37.5233180340856,35.53960953970612,US-NY,US,New York,themis
2020-08-13,425960,32780,266189.08700704796,21140.929977768563,37.508431071685614,35.50661995799707,US-NY,US,New York,themis
2020-08-14,426610,32798,266664.28699897893,21153.257720398607,37.492255924854334,35.504427951708614,US-NY,US,New York,themis
2020-08-15,427302,32809,267150.41295399645,21165.814462306833,37.47971857047324,35.487779382770476,US-NY,US,New York,themis
2020-08-16,427912,32816,267647.706278042,21178.60481531856,37.45262898024781,35.46256455595271,US-NY,US,New York,themis
2020-08-17,428385,32823,268156.4128160708,21191.63350279607,37.40294062208743,35.43663436372035,US-NY,US,New York,themis
2020-08-18,428923,32835,268676.7847008483,21204.905280598,37.360135805063315,35.419810322527795,US-NY,US,New York,themis
2020-08-19,429440,32840,269209.0803551439,21218.424936430078,37.31159641506523,35.388474615011944,US-NY,US,New York,themis
2020-08-20,430123,32837,269753.5637922663,21232.197316011014,37.28455260651807,35.34063003316072,US-NY,US,New York,themis
2020-08-21,430860,32833,270310.5013632207,21246.227460897833,37.262567571085576,35.29002082996426,US-NY,US,New York,themis
2020-08-22,431543,32839,270880.16490872507,21260.520506682642,37.22985544691373,35.25831935600158,US-NY,US,New York,themis
2020-08-23,432085,32851,271462.8331981169,21275.08162478097,37.17374285195808,35.23764383190475,US-NY,US,New York,themis
2020-08-24,432558,32852,272058.791920869,21289.916022596222,37.10466760044457,35.19445993365329,US-NY,US,New York,themis
2020-08-25,433113,32881,272668.33207805303,21305.028998458467,37.044528315231126,35.205653725682104,US-NY,US,New York,themis
2020-08-26,433595,32887,273291.7469408878,21320.42606557308,36.97073376286908,35.17065689916052,US-NY,US,New York,themis
2020-08-27,434393,32887,273929.3365396462,21336.11280832043,36.939744300749275,35.12295798242335,US-NY,US,New York,themis
2020-08-28,435062,32890,274581.40849652473,21352.09484987065,36.88683256719163,35.0802832171765,US-NY,US,New York,themis
2020-08-29,435756,32891,275248.27797534014,21368.377853576683,36.83431140928865,35.03275104564567,US-NY,US,New York,themis
2020-08-30,436469,32909,275930.2643608122,21384.967626984864,36.78124577901015,35.01787466351192,US-NY,US,New York,themis
2020-08-31,437154,32957,276627.69010262017,21401.87018153009,36.72076885888722,35.061230750583825,US-NY,US,New York,themis
2020-09-01,437757,32966,277340.8856262375,21419.09158172929,36.64501410000583,35.026719705971935,US-NY,US,New York,themis
2020-09-02,438405,32972,278070.18965742615,21436.63793256077,36.57230422613197,34.98532714860861,US-NY,US,New York,themis
2020-09-03,439322,32976,278815.9487816557,21454.515391038727,36.53494503310654,34.938999905874795,US-NY,US,New York,themis
2020-09-04,440192,32982,279578.5120367418,21472.730323727672,36.48714378345317,34.89560874498917,US-NY,US,New York,themis
2020-09-05,441012,32987,280358.2334379174,21491.28925856928,36.428434274369536,34.849215574107134,US-NY,US,New York,themis
2020-09-06,441748,32987,281155.4760136546,21510.198766349044,36.35387686788517,34.79189145315111,US-NY,US,New York,themis
2020-09-07,442315,33002,281970.6118324707,21529.46545885152,36.25117578366759,34.763149327763415,US-NY,US,New York,themis
2020-09-08,442817,33016,282804.0201272661,21549.096034892733,36.135238681607504,34.73135438910609,US-NY,US,New York,themis
2020-09-09,443409,33019,283656.08110926166,21569.09745244127,36.02834378434771,34.67670900862755,US-NY,US,New York,themis
2020-09-10,444071,33019,284527.1827422686,21589.476769329165,35.92754700435998,34.61498903864694,US-NY,US,New York,themis
2020-09-11,445102,33019,285417.7228050956,21610.241083468394,35.87588399847774,34.55210308165482,US-NY,US,New York,themis
2020-09-12,446028,33023,286328.10871405684,21631.39753665822,35.80490267112001,34.49596482252303,US-NY,US,New York,themis
2020-09-13,446862,33023,287258.7509817003,21652.953466917406,35.71645139177188,34.43068931678707,US-NY,US,New York,themis
2020-09-14,447524,33030,288210.0655719526,21674.916376779624,35.5989699832964,34.37809150233235,US-NY,US,New York,themis
2020-09-15,448213,33038,289182.47812987346,21697.293824989596,35.481015024135075,34.32624909198621,US-NY,US,New York,themis
2020-06-15,386464,31628,389700.7046315392,34092.91941346396,0.8375177588440782,7.793472282357285,US-NY,US,New York,seir
2020-06-16,386973,31678,389700.73094094393,34095.9561874617,0.7048892147369282,7.632919336642778,US-NY,US,New York,seir
2020-06-17,387384,31696,389700.75264938676,34098.7037034768,0.5980506808197454,7.580463476390712,US-NY,US,New York,seir
2020-06-18,388083,31728,389700.7705591994,34101.1894796664,0.4168620009635535,7.47979538472768,US-NY,US,New York,seir
2020-06-19,388907,31747,389700.78533576423,34103.43844544021,0.20410672365481483,7.422554715217847,US-NY,US,New York,seir
2020-06-20,389602,31817,389700.79752781504,34105.47315216604,0.02535857819391088,7.192611346657583,US-NY,US,New York,seir
2020-06-21,390268,31854,389700.80758598493,34107.313992516116,0.14533408171181492,7.073880807798442,US-NY,US,New York,seir
2020-06-22,390910,31890,389700.8158855738,34108.97944772029,0.3093254494451919,6.958229688680742,US-NY,US,New York,seir
2020-06-23,391411,31952,389700.8227322861,34110.48620226959,0.4369262150818142,6.755402485821197,US-NY,US,New York,seir
2020-06-24,391884,31974,389700.8283818122,34111.84939058363,0.5570963903062641,6.68621189273669,US-NY,US,New York,seir
2020-06-25,392698,32007,389700.83304269984,34113.0826760644,0.7632244007609299,6.580068972613484,US-NY,US,New York,seir
2020-06-26,393527,32030,389700.83688810875,34114.19843816951,0.972274611879553,6.507019788228247,US-NY,US,New York,seir
2020-06-27,394261,32051,389700.8400611086,34115.2078778694,1.1566348025524762,6.440385254342759,US-NY,US,New York,seir
2020-06-28,394872,32078,389700.84267857386,34116.12111327594,1.3095781218790252,6.353641477884973,US-NY,US,New York,seir
2020-06-29,395406,32109,389700.84483851434,34116.947324978115,1.442860037906774,6.253534289383397,US-NY,US,New York,seir
2020-06-30,395909,32070,389700.846620381,34117.69479253095,1.5680758405641209,6.385078866638448,US-NY,US,New York,seir
2020-07-01,396456,32088,389700.84809046204,34118.37102344414,1.7038843931074223,6.3275087990655035,US-NY,US,New York,seir
2020-07-02,397363,32112,389700.8493036005,34118.982811677706,1.928249659983316,6.249946473834411,US-NY,US,New York,seir
2020-07-03,398277,32192,389700.8503042426,34119.536285441056,2.153312818906798,5.987625141156362,US-NY,US,New York,seir
2020-07-04,399054,32206,389700.8511299555,34120.03701310658,2.3438303763511965,5.943106915191515,US-NY,US,New York,seir
2020-07-05,399776,32244,389700.8518112835,34120.490018475284,2.52019835825975,5.819656427475761,US-NY,US,New York,seir
2020-07-06,400298,32261,389700.852373221,34120.899841524006,2.647314657275076,5.765164878720454,US-NY,US,New York,seir
2020-07-07,400746,32283,389700.8528369942,34121.2706095479,2.7561465773846225,5.694237244208718,US-NY,US,New York,seir
2020-07-08,401314,32304,389700.85321966733,34121.60603967738,2.893780625727651,5.62656649231483,US-NY,US,New York,seir
2020-07-09,402079,32327,389700.85353523627,34121.90949240336,3.078535925717019,5.552354045854436,US-NY,US,New York,seir
2020-07-10,402999,32369,389700.8537956841,34122.184026451774,3.2997963281089735,5.4162440188197785,US-NY,US,New York,seir
2020-07-11,403877,32380,389700.85401065164,34122.43239740039,3.51001567045124,5.3811994978393844,US-NY,US,New York,seir
2020-07-12,404624,32395,389700.8541878863,34122.6570874628,3.6881514225833643,5.333097970250969,US-NY,US,New York,seir
2020-07-13,405259,32418,389700.8543340941,34122.86036075034,3.83906234430473,5.258993030878954,US-NY,US,New York,seir
2020-07-14,406132,32429,389700.85445485543,34123.0442673832,4.045764811722436,5.22385601585988,US-NY,US,New York,seir
2020-07-15,406834,32448,389700.85455444903,34123.21064079656,4.2113356911052096,5.1627546868730345,US-NY,US,New York,seir
2020-07-16,407724,32457,389700.8546365316,34123.361149811135,4.420427878532631,5.134057829778276,US-NY,US,New York,seir
2020-07-17,408551,32484,389700.85470429086,34123.49731608454,4.613902620654248,5.047091848554796,US-NY,US,New York,seir
2020-07-18,409380,32497,389700.8547602738,34123.620510335066,4.807060735679851,5.005448227021158,US-NY,US,New York,seir
2020-07-19,410024,32516,389700.8548064211,34123.73195678539,4.956574540412002,4.944433376754189,US-NY,US,New York,seir
2020-07-20,410698,32527,389700.8548444395,34123.83277506957,5.1125511094674225,4.90925315912801,US-NY,US,New York,seir
2020-07-21,411398,32539,389700.8548758306,34123.9239864813,5.274003549888287,4.8708441761618335,US-NY,US,New York,seir
2020-07-22,411954,32582,389700.85490178154,34124.006510131614,5.4018519296374015,4.732694463604488,US-NY,US,New York,seir
2020-07-23,412807,32591,389700.8549231741,34124.08116428673,5.597323949648607,4.7040016086856085,US-NY,US,New York,seir
2020-07-24,413557,32602,389700.8549407908,34124.14869771399,5.768526481043533,4.668881349960084,US-NY,US,New York,seir
2020-07-25,414317,32612,389700.85495532746,34124.209794744645,5.941379437646183,4.6369734905698685,US-NY,US,New York,seir
2020-07-26,414945,32629,389700.854967354,34124.2650735083,6.083732791730475,4.582626110234149,US-NY,US,New York,seir
2020-07-27,415580,32639,389700.8549772741,34124.31508219862,6.227235435469926,4.550737100397133,US-NY,US,New York,seir
2020-07-28,416085,32653,389700.85498544225,34124.36032037205,6.3410469049732034,4.50604942998208,US-NY,US,New York,seir
2020-07-29,416657,32654,389700.8549921756,34124.401245693356,6.469624897175473,4.502974354423213,US-NY,US,New York,seir
2020-07-30,417454,32672,389700.85499774636,34124.43827352916,6.648192376226756,4.445513814670538,US-NY,US,New York,seir
2020-07-31,418144,32675,389700.8550023462,34124.47177279729,6.802236788678968,4.43602684865276,US-NY,US,New York,seir
2020-08-01,418899,32684,389700.85500613466,34124.50207650563,6.970211195029193,4.407361634150142,US-NY,US,New York,seir
2020-08-02,419452,32697,389700.85500925535,34124.52949030918,7.092860444280788,4.3659341539259815,US-NY,US,New York,seir
2020-08-03,420042,32697,389700.8550118347,34124.55429265359,7.22335980405895,4.366010009033222,US-NY,US,New York,seir
2020-08-04,420675,32703,389700.85501396714,34124.576732502734,7.3629630917056765,4.346930656217269,US-NY,US,New York,seir
2020-08-05,421159,32736,389700.8550157244,34124.59703212724,7.469422470913746,4.241804228150171,US-NY,US,New York,seir
2020-08-06,421901,32741,389700.8550171713,34124.61539546523,7.632156591908694,4.225941160823532,US-NY,US,New York,seir
2020-08-07,422479,32744,389700.8550183656,34124.632008817935,7.758526454956198,4.2164427339907595,US-NY,US,New York,seir
2020-08-08,423177,32753,389700.85501935385,34124.64704012736,7.910672125528123,4.187851617034659,US-NY,US,New York,seir
2020-08-09,423751,32755,389700.8550201689,34124.66063827206,8.03541348099028,4.181531486100005,US-NY,US,New York,seir
2020-08-10,424272,32764,389700.8550208399,34124.67293921016,8.148344689057987,4.1529512245457285,US-NY,US,New York,seir
2020-08-11,424854,32770,389700.8550213931,34124.684067461014,8.274170651237107,4.133915372172761,US-NY,US,New York,seir
2020-08-12,425318,32778,389700.8550218509,34124.69413596006,8.374238799709651,4.108530526450853,US-NY,US,New York,seir
2020-08-13,425960,32780,389700.85502222885,34124.70324491884,8.512335660102158,4.102206360338136,US-NY,US,New York,seir
2020-08-14,426610,32798,389700.8550225401,34124.71148493407,8.6517299119711,4.045098740575866,US-NY,US,New York,seir
2020-08-15,427302,32809,389700.8550227965,34124.71893915577,8.79966510271506,4.010237858989209,US-NY,US,New York,seir
2020-08-16,427912,32816,389700.8550230084,34124.72568330871,8.929673619106634,3.988071926221077,US-NY,US,New York,seir
2020-08-17,428385,32823,389700.8550231836,34124.73178503856,9.030228644050649,3.965913490657645,US-NY,US,New York,seir
2020-08-18,428923,32835,389700.855023328,34124.737304790826,9.144332427189033,3.927934535680907,US-NY,US,New York,seir
2020-08-19,429440,32840,389700.8550234469,34124.74229804025,9.25371296957738,3.91212636431257,US-NY,US,New York,seir
2020-08-20,430123,32837,389700.85502354504,34124.74681545621,9.397810620788697,3.92163357022934,US-NY,US,New York,seir
2020-08-21,430860,32833,389700.85502362624,34124.75090269178,9.552788603345347,3.9343066509054405,US-NY,US,New York,seir
2020-08-22,431543,32839,389700.8550236932,34124.754600217646,9.695938753799,3.9153281166224483,US-NY,US,New York,seir
2020-08-23,432085,32851,389700.8550237483,34124.757945010286,9.809214616626752,3.8773795166365885,US-NY,US,New York,seir
2020-08-24,432558,32852,389700.85502379376,34124.76097093448,9.907837787350191,3.8742267470305713,US-NY,US,New York,seir
2020-08-25,433113,32881,389700.8550238314,34124.76370870274,10.023283756472,3.7826212971100017,US-NY,US,New York,seir
2020-08-26,433595,32887,389700.85502386244,34124.76618555864,10.123305152535789,3.763694425027035,US-NY,US,New York,seir
2020-08-27,434393,32887,389700.85502388806,34124.76842613221,10.288412791207948,3.763701237973079,US-NY,US,New York,seir
2020-08-28,435062,32890,389700.85502390907,34124.770453032834,10.426363363403592,3.7542427881813127,US-NY,US,New York,seir
2020-08-29,435756,32891,389700.8550239265,34124.77228685557,10.569021419343287,3.751093876305287,US-NY,US,New York,seir
2020-08-30,436469,32909,389700.8550239409,34124.77394600399,10.71511263710804,3.6943509252909186,US-NY,US,New York,seir
2020-08-31,437154,32957,389700.8550239528,34124.77544690479,10.855017905828888,3.543330542539633,US-NY,US,New York,seir
2020-09-01,437757,32966,389700.8550239625,34124.776804635054,10.977813027784249,3.5150664461416423,US-NY,US,New York,seir
2020-09-02,438405,32972,389700.8550239706,34124.778032972674,11.10939541657358,3.496233267538135,US-NY,US,New York,seir
2020-09-03,439322,32976,389700.85502397723,34124.7791443471,11.29493742084912,3.4836825095436064,US-NY,US,New York,seir
2020-09-04,440192,32982,389700.85502398276,34124.780149762664,11.470255019631717,3.464860074472938,US-NY,US,New York,seir
2020-09-05,441012,32987,389700.8550239873,34124.78105925947,11.634863671739703,3.4491801596370353,US-NY,US,New York,seir
2020-09-06,441748,32987,389700.855023991,34124.78188204116,11.782089556944,3.449182653897484,US-NY,US,New York,seir
2020-09-07,442315,33002,389700.8550239941,34124.78262646884,11.895175378634207,3.4021654035174866,US-NY,US,New York,seir
2020-09-08,442817,33016,389700.8550239966,34124.78329996753,11.995055514129627,3.3583211169358194,US-NY,US,New York,seir
2020-09-09,443409,33019,389700.85502399877,34124.783909216996,12.112551837243094,3.348932157899985,US-NY,US,New York,seir
2020-09-10,444071,33019,389700.85502400046,34124.78446035481,12.24357027952727,3.3489338270535374,US-NY,US,New York,seir
2020-09-11,445102,33019,389700.8550240019,34124.784958982025,12.446842516097005,3.3489353371756425,US-NY,US,New York,seir
2020-09-12,446028,33023,389700.8550240031,34124.78541012135,12.628611875486948,3.3364182845936243,US-NY,US,New York,seir
2020-09-13,446862,33023,389700.85502400406,34124.785818240525,12.791677290974828,3.3364195204570306,US-NY,US,New York,seir
2020-09-14,447524,33030,389700.8550240049,34124.786187432364,12.920680226310793,3.3145207006732194,US-NY,US,New York,seir
2020-09-15,448213,33038,389700.8550240055,34124.786521436894,13.054539912049512,3.2895045748437974,US-NY,US,New York,seir
