country,start_date,policy_length,policy,st_economic_costs,st_economic_costs_lb,st_economic_costs_ub,lt_economic_costs,d_costs,d_costs_lb,d_costs_ub,h_costs,h_costs_lb,h_costs_ub,mh_costs,mh_costs_lb,mh_costs_ub,num_cases,num_cases_lb,num_cases_ub,num_deaths,num_deaths_lb,num_deaths_ub,hospitalization_days,hospitalization_days_lb,hospitalization_days_ub,icu_days,icu_days_lb,icu_days_ub,ventilated_days,ventilated_days_lb,ventilated_days_ub
BR,2020-03-15,3,actual,27094568747.88475,27094568747.88475,27094568747.88475,0,194451963302.48077,,,1057496062.2439024,,,47972086564.51032,,,893160,,,44190,,,1432788.4705882352,,,52488.529411764706,,,297435,,
BR,2020-03-15,3,No_Measure-No_Measure-No_Measure,66258509363.554695,49356084789.26728,83160933937.8421,0,4932585254579.213,4556054446686.958,5309116062471.468,24363155411.34147,24363155411.34147,24363155411.34147,100861695514.5369,86854429420.31897,114868961608.75482,24282138,18087809.0,30476467.0,1117811,1040864.0,1194758.0,32693121.470588237,32693121.470588237,32693121.470588237,1256691.5294117648,1256691.5294117648,1256691.5294117648,7121252,7121252.0,7121252.0
BR,2020-03-15,3,No_Measure-No_Measure-Restrict_Mass_Gatherings,62512151595.37472,47837320425.157486,77186982765.59195,0,4288488111827.85,3961170220873.9043,4615806002781.797,21545931189.95122,21545931189.95122,21545931189.95122,93625119803.49603,81463890260.0344,105786349346.95769,21081961,15703991.0,26459931.0,971904,905001.0,1038807.0,28942429.17647059,28942429.17647059,28942429.17647059,1106909.8235294118,1106909.8235294118,1106909.8235294118,6272489,6272489.0,6272489.0
BR,2020-03-15,3,No_Measure-No_Measure-Restrict_Mass_Gatherings_and_Schools,52504295607.150665,44279961895.9498,60728629318.35155,0,2433069086590.3394,2247586322515.166,2618551850665.512,14029056922.609758,14029056922.609758,14029056922.609758,72670001399.09465,65854385672.83461,79485617125.3547,11815135,8801116.0,14829154.0,551690,513713.0,589667.0,18945709.352941178,18945709.352941178,18945709.352941178,705641.6470588236,705641.6470588236,705641.6470588236,3998636,3998636.0,3998636.0
BR,2020-03-15,3,No_Measure-No_Measure-Authorize_Schools_but_Restrict_Mass_Gatherings_and_Others,51084089759.06508,40159716670.90621,62008462847.22394,0,3208849784206.2334,2964056337246.2163,3453643231166.25,17127200557.902443,17127200557.902443,17127200557.902443,81441358618.69556,72388184023.19196,90494533214.19914,15694027,11690509.0,19697545.0,727380,677309.0,777451.0,23065603.411764707,23065603.411764707,23065603.411764707,871078.5882352942,871078.5882352942,871078.5882352942,4936112,4936112.0,4936112.0
BR,2020-03-15,3,No_Measure-No_Measure-Restrict_Mass_Gatherings_and_Schools_and_Others,51164605896.824554,43838811816.84779,58490399976.80132,0,2174722930285.6667,2008991861053.4482,2340453999517.8857,12981702124.170732,12981702124.170732,12981702124.170732,69751000580.25067,63680016705.79625,75821984454.70508,10524287,7839561.0,13209013.0,493181,459232.0,527130.0,17552216.88235294,17552216.88235294,17552216.88235294,649823.1176470589,649823.1176470589,649823.1176470589,3682331,3682331.0,3682331.0
BR,2020-03-15,3,No_Measure-No_Measure-Lockdown,57215832350.54932,50175072124.30892,64256592576.78972,0,2092712014493.5554,1933247582509.1409,2252176446477.9697,12645173040.365854,12645173040.365854,12645173040.365854,68825032432.72012,62990259938.33122,74659804927.10902,10114803,7534535.0,12695071.0,474607,441936.0,507278.0,17104324.411764707,17104324.411764707,17104324.411764707,631909.5882352942,631909.5882352942,631909.5882352942,3580821,3580821.0,3580821.0
BR,2020-03-15,3,No_Measure-Restrict_Mass_Gatherings-No_Measure,57333689132.20627,43979875732.81274,70687502531.5998,0,3872351696156.4263,3576567308604.204,4168136083708.6484,17441152042.170734,17441152042.170734,17441152042.170734,89333658459.49074,78267174072.25165,100400142846.72983,19184180,14290331.0,24078029.0,877309,816917.0,937701.0,23353305.470588237,23353305.470588237,23353305.470588237,907311.5294117648,907311.5294117648,907311.5294117648,5141432,5141432.0,5141432.0
BR,2020-03-15,3,No_Measure-Restrict_Mass_Gatherings-Restrict_Mass_Gatherings,52922894524.485,41966172776.23264,63879616272.737335,0,3184323342941.2456,2941148158566.898,3427498527315.5938,14793629674.463415,14793629674.463415,14793629674.463415,81546455022.03397,72466472657.75558,90626437386.31235,15740503,11725130.0,19755876.0,721499,671833.0,771165.0,19838624.76470588,19838624.76470588,19838624.76470588,765040.2352941177,765040.2352941177,765040.2352941177,4335228,4335228.0,4335228.0
BR,2020-03-15,3,No_Measure-Restrict_Mass_Gatherings-Restrict_Mass_Gatherings_and_Schools,45744172397.32037,40516238723.06,50972106071.58075,0,1545075340101.871,1427274794604.8252,1662875885598.9175,8726609705.268293,8726609705.268293,8726609705.268293,62935877818.44385,58603419017.847496,67268336619.04019,7510486,5594575.0,9426397.0,350326,326210.0,374442.0,11786078.352941176,11786078.352941176,11786078.352941176,438767.64705882355,438767.64705882355,438767.64705882355,2486350,2486350.0,2486350.0
BR,2020-03-15,3,No_Measure-Restrict_Mass_Gatherings-Authorize_Schools_but_Restrict_Mass_Gatherings_and_Others,42301666392.075836,34889580112.45368,49713752671.69799,0,2170027785291.095,2004427737736.9795,2335627832845.2104,11051508669.219513,11051508669.219513,11051508669.219513,70031327756.26956,63888832377.83084,76173823134.70827,10648254,7931904.0,13364604.0,491833,457976.0,525690.0,14872956.823529411,14872956.823529411,14872956.823529411,563628.1764705883,563628.1764705883,563628.1764705883,3193893,3193893.0,3193893.0
BR,2020-03-15,3,No_Measure-Restrict_Mass_Gatherings-Restrict_Mass_Gatherings_and_Schools_and_Others,45330110057.46324,40764588532.251595,49895631582.67488,0,1355180762986.7666,1251901207177.954,1458460318795.579,7994097963.365854,7994097963.365854,7994097963.365854,60783956824.465576,57000447862.10032,64567465786.830826,6558858,4885705.0,8232011.0,307325,286169.0,328481.0,10812548.588235294,10812548.588235294,10812548.588235294,399568.4117647059,399568.4117647059,399568.4117647059,2264221,2264221.0,2264221.0
BR,2020-03-15,3,No_Measure-Restrict_Mass_Gatherings-Lockdown,51700424458.384224,47338539863.1984,56062309053.570045,0,1296741430414.455,1197930302752.631,1395552558076.2793,7764252649.463415,7764252649.463415,7764252649.463415,60122421141.294876,56507668835.87814,63737173446.71161,6266312,4667787.0,7864837.0,294091,273846.0,314336.0,10506928.0,10506928.0,10506928.0,387291.0,387291.0,387291.0,2194649,2194649.0,2194649.0
BR,2020-03-15,3,No_Measure-Restrict_Mass_Gatherings_and_Schools-No_Measure,33713170432.58637,30282416982.429512,37143923882.743225,0,986141148076.0157,910749558983.8746,1061532737168.1569,3821540340.9512196,3821540340.9512196,3821540340.9512196,57097543768.94568,54254432340.23935,59940655197.652016,4928643,3671355.0,6185931.0,223334,207960.0,238708.0,5114651.94117647,5114651.94117647,5114651.94117647,199147.05882352943,199147.05882352943,199147.05882352943,1128500,1128500.0,1128500.0
BR,2020-03-15,3,No_Measure-Restrict_Mass_Gatherings_and_Schools-Restrict_Mass_Gatherings,34680237557.23058,32274692413.978935,37085782700.48224,0,696851931688.392,643620248453.5773,750083614923.2065,2991703075.3902445,2991703075.3902445,2991703075.3902445,53767046526.039764,51773538980.71176,55760554071.367775,3455822,2574248.0,4337396.0,157870,147003.0,168737.0,4019212.1764705884,4019212.1764705884,4019212.1764705884,153623.82352941178,153623.82352941178,153623.82352941178,870535,870535.0,870535.0
BR,2020-03-15,3,No_Measure-Restrict_Mass_Gatherings_and_Schools-Restrict_Mass_Gatherings_and_Schools,44143005970.604,43221035049.27253,45064976891.93547,0,276540030284.1985,255485707189.91824,297594353378.47876,1678829988.0,1678829988.0,1678829988.0,48947495880.8719,48183446204.4801,49711545557.2637,1324508,986628.0,1662388.0,62740,58421.0,67059.0,2282500.9411764704,2282500.9411764704,2282500.9411764704,82147.05882352941,82147.05882352941,82147.05882352941,465500,465500.0,465500.0
BR,2020-03-15,3,No_Measure-Restrict_Mass_Gatherings_and_Schools-Authorize_Schools_but_Restrict_Mass_Gatherings_and_Others,33903283809.91816,32531119410.263405,35275448209.572914,0,404536036705.69147,373687799681.46405,435384273729.9189,2106141060.0731707,2106141060.0731707,2106141060.0731707,50410001564.41466,49272870510.43466,51547132618.39467,1971261,1468396.0,2474126.0,91714,85401.0,98027.0,2848619.470588235,2848619.470588235,2848619.470588235,105282.52941176471,105282.52941176471,105282.52941176471,596601,596601.0,596601.0
BR,2020-03-15,3,No_Measure-Restrict_Mass_Gatherings_and_Schools-Restrict_Mass_Gatherings_and_Schools_and_Others,45870681426.11345,45064772749.27089,46676590102.95601,0,243400772199.71347,224883807137.08792,261917737262.339,1559217530.4146345,1559217530.4146345,1559217530.4146345,48570461742.43863,47902594405.74036,49238329079.1369,1157775,862429.0,1453121.0,55237,51435.0,59039.0,2123754.0588235296,2123754.0588235296,2123754.0588235296,75712.94117647059,75712.94117647059,75712.94117647059,429040,429040.0,429040.0
BR,2020-03-15,3,No_Measure-Restrict_Mass_Gatherings_and_Schools-Lockdown,52905986591.33313,52134077434.0827,53677895748.58356,0,233675714246.22433,215900137880.87448,251451290611.5742,1522994070.2926831,1522994070.2926831,1522994070.2926831,48460012830.564575,47820321352.06401,49099704309.06514,1108932,826046.0,1391818.0,53035,49384.0,56686.0,2075642.0,2075642.0,2075642.0,73770.0,73770.0,73770.0,418030,418030.0,418030.0
BR,2020-03-15,3,No_Measure-Authorize_Schools_but_Restrict_Mass_Gatherings_and_Others-No_Measure,36519926206.51222,29310846528.74368,43729005884.28078,0,2074776085260.55,1916179389132.1104,2233372781388.9897,8291978012.195122,8291978012.195122,8291978012.195122,69371840815.276,63397579732.36978,75346101898.1822,10356614,7714661.0,12998567.0,469905,437558.0,502252.0,11083076.470588235,11083076.470588235,11083076.470588235,434313.52941176476,434313.52941176476,434313.52941176476,2461110,2461110.0,2461110.0
BR,2020-03-15,3,No_Measure-Authorize_Schools_but_Restrict_Mass_Gatherings_and_Others-Restrict_Mass_Gatherings,34242860679.069023,28886561081.84134,39599160276.296715,0,1548832189860.3901,1430494486906.9036,1667169892813.8765,6625696473.804878,6625696473.804878,6625696473.804878,63352887303.68443,58914049939.910324,67791724667.45853,7694897,5731943.0,9657851.0,350857,326705.0,375009.0,8879594.235294119,8879594.235294119,8879594.235294119,343486.76470588235,343486.76470588235,343486.76470588235,1946425,1946425.0,1946425.0
BR,2020-03-15,3,No_Measure-Authorize_Schools_but_Restrict_Mass_Gatherings_and_Others-Restrict_Mass_Gatherings_and_Schools,36866129104.288475,34738149380.97514,38994108827.601814,0,631369369726.6321,583251175817.7579,679487563635.5061,3609352073.0487804,3609352073.0487804,3609352073.0487804,52865351224.568146,51101865867.982445,54628836581.15385,3057072,2277219.0,3836925.0,143178,133322.0,153034.0,4885775.0,4885775.0,4885775.0,179823.0,179823.0,179823.0,1018997,1018997.0,1018997.0
BR,2020-03-15,3,No_Measure-Authorize_Schools_but_Restrict_Mass_Gatherings_and_Others-Authorize_Schools_but_Restrict_Mass_Gatherings_and_Others,29029987427.61622,25838663178.63205,32221311676.60038,0,934201463265.5249,862911237881.323,1005491688649.727,4648915846.756098,4648915846.756098,4648915846.756098,56319736313.96039,53675043077.67444,58964429550.24634,4584679,3415136.0,5754222.0,211734,197159.0,226309.0,6263727.588235294,6263727.588235294,6263727.588235294,236002.4117647059,236002.4117647059,236002.4117647059,1337347,1337347.0,1337347.0
BR,2020-03-15,3,No_Measure-Authorize_Schools_but_Restrict_Mass_Gatherings_and_Others-Restrict_Mass_Gatherings_and_Schools_and_Others,37917257779.00865,36077921970.78163,39756593587.23567,0,548879824058.2926,507072966874.7832,590686681241.802,3307279321.0975614,3307279321.0975614,3307279321.0975614,51927653688.87776,50403371418.64936,53451935959.10618,2642401,1968329.0,3316473.0,124501,115931.0,133071.0,4484767.352941177,4484767.352941177,4484767.352941177,163589.64705882355,163589.64705882355,163589.64705882355,927008,927008.0,927008.0
BR,2020-03-15,3,No_Measure-Authorize_Schools_but_Restrict_Mass_Gatherings_and_Others-Lockdown,44749430822.47896,42995912421.24813,46502949223.70978,0,524311907400.36584,484384268147.2768,564239546653.4548,3214799015.1951222,3214799015.1951222,3214799015.1951222,51648866461.448975,50195702228.16422,53102030694.733734,2519115,1876493.0,3161737.0,118938,110751.0,127125.0,4361918.294117647,4361918.294117647,4361918.294117647,158631.70588235295,158631.70588235295,158631.70588235295,898913,898913.0,898913.0
BR,2020-03-15,3,No_Measure-Restrict_Mass_Gatherings_and_Schools_and_Others-No_Measure,32008075933.526558,29569077009.360016,34447074857.6931,0,702102586549.8158,648436075803.2745,755769097296.3569,2753964114.0,2753964114.0,2753964114.0,53875727097.53576,51854495954.9763,55896958240.095215,3503883,2610049.0,4397717.0,159017,148071.0,169963.0,3691565.7647058824,3691565.7647058824,3691565.7647058824,142654.23529411765,142654.23529411765,142654.23529411765,808374,808374.0,808374.0
BR,2020-03-15,3,No_Measure-Restrict_Mass_Gatherings_and_Schools_and_Others-Restrict_Mass_Gatherings,34078711253.047676,32383401339.131413,35774021166.96394,0,492572253789.6415,454953536969.6994,530190970609.5836,2167422268.536586,2167422268.536586,2167422268.536586,51459771628.847946,50054845550.22399,52864697707.47191,2435493,1814203.0,3056783.0,111605,103922.0,119288.0,2917622.9411764704,2917622.9411764704,2917622.9411764704,110428.05882352941,110428.05882352941,110428.05882352941,625759,625759.0,625759.0
BR,2020-03-15,3,No_Measure-Restrict_Mass_Gatherings_and_Schools_and_Others-Restrict_Mass_Gatherings_and_Schools,45329502395.52049,44661646503.16628,45997358287.8747,0,201698147704.95563,186351943806.71295,217044351603.1983,1269565097.9268293,1269565097.9268293,1269565097.9268293,48121979416.556335,47568518275.186844,48675440557.92583,959446,714693.0,1204199.0,45773,42622.0,48924.0,1730155.0,1730155.0,1730155.0,61509.00000000001,61509.00000000001,61509.00000000001,348551,348551.0,348551.0
BR,2020-03-15,3,No_Measure-Restrict_Mass_Gatherings_and_Schools_and_Others-Authorize_Schools_but_Restrict_Mass_Gatherings_and_Others,34523557256.34309,33549948541.371048,35497165971.31513,0,288594089072.6143,266597290091.99026,310590888053.23834,1557930297.0000002,1557930297.0000002,1557930297.0000002,49115248518.47534,48308405909.45646,49922091127.494225,1398692,1041888.0,1755496.0,65443,60938.0,69948.0,2112152.294117647,2112152.294117647,2112152.294117647,77127.70588235295,77127.70588235295,77127.70588235295,437057,437057.0,437057.0
BR,2020-03-15,3,No_Measure-Restrict_Mass_Gatherings_and_Schools_and_Others-Restrict_Mass_Gatherings_and_Schools_and_Others,47206582000.00492,46616673962.92109,47796490037.08876,0,179446102420.09653,165803069670.96368,193089135169.22937,1189490874.8048782,1189490874.8048782,1189490874.8048782,47868758501.54996,47379893793.99072,48357623209.10919,847466,631279.0,1063653.0,40735,37931.0,43539.0,1623887.0,1623887.0,1623887.0,57201.00000000001,57201.00000000001,57201.00000000001,324139,324139.0,324139.0
BR,2020-03-15,3,No_Measure-Restrict_Mass_Gatherings_and_Schools_and_Others-Lockdown,54285931005.171364,53718785728.31526,54853076282.027466,0,172931940047.10635,159784867061.16528,186079013033.04742,1165295632.1707318,1165295632.1707318,1165295632.1707318,47794809310.95755,47324808408.30082,48264810213.61427,814764,606919.0,1022609.0,39260,36557.0,41963.0,1591753.1176470588,1591753.1176470588,1591753.1176470588,55902.88235294118,55902.88235294118,55902.88235294118,316783,316783.0,316783.0
BR,2020-03-15,3,No_Measure-Lockdown-No_Measure,38035292614.146095,35887453460.36795,40183131767.92424,0,618795779032.0807,571498965622.6045,666092592441.5568,2445653322.146342,2445653322.146342,2445653322.146342,52929861728.794815,51149918595.64708,54709804861.94254,3085600,2298469.0,3872731.0,140154,130506.0,149802.0,3280571.529411765,3280571.529411765,3280571.529411765,126341.4705882353,126341.4705882353,126341.4705882353,715935,715935.0,715935.0
BR,2020-03-15,3,No_Measure-Lockdown-Restrict_Mass_Gatherings,40445721206.27797,38954891388.64386,41936551023.91207,0,433771506700.6058,400649155351.94434,466893858049.26715,1931247562.682927,1931247562.682927,1931247562.682927,50795497505.52657,49560026827.04401,52030968184.00914,2141736,1595383.0,2688089.0,98288,91522.0,105054.0,2601887.6470588236,2601887.6470588236,2601887.6470588236,98067.35294117648,98067.35294117648,98067.35294117648,555715,555715.0,555715.0
BR,2020-03-15,3,No_Measure-Lockdown-Restrict_Mass_Gatherings_and_Schools,52215010479.91759,51619366729.335945,52810654230.49923,0,180394381523.55402,166670633463.81335,194118129583.2947,1151607654.7317073,1151607654.7317073,1151607654.7317073,47887391653.35968,47393773683.045105,48381009623.67426,855706,637417.0,1073995.0,40943,38124.0,43762.0,1570825.1764705882,1570825.1764705882,1570825.1764705882,55580.82352941177,55580.82352941177,55580.82352941177,314958,314958.0,314958.0
BR,2020-03-15,3,No_Measure-Lockdown-Authorize_Schools_but_Restrict_Mass_Gatherings_and_Others,41248618169.63124,40388151997.22487,42109084342.03761,0,255650052288.2321,236169156166.48282,275130948409.9813,1400989849.9756098,1400989849.9756098,1400989849.9756098,48747696031.199615,48034616165.70479,49460775896.694435,1236152,920812.0,1551492.0,57978,53987.0,61969.0,1901171.3529411764,1901171.3529411764,1901171.3529411764,69089.64705882354,69089.64705882354,69089.64705882354,391508,391508.0,391508.0
BR,2020-03-15,3,No_Measure-Lockdown-Restrict_Mass_Gatherings_and_Schools_and_Others,54133904581.85225,53605542224.09431,54662266939.6102,0,161185617793.6951,148934026285.43506,173437209301.95514,1082531269.1707318,1082531269.1707318,1082531269.1707318,47668822973.58779,47230961996.498,48106683950.67758,759050,565418.0,952682.0,36594,34075.0,39113.0,1479151.294117647,1479151.294117647,1479151.294117647,51864.705882352944,51864.705882352944,51864.705882352944,293900,293900.0,293900.0
BR,2020-03-15,3,No_Measure-Lockdown-Lockdown,61225540893.33678,60716806027.10581,61734275759.56774,0,155572234852.60822,143747916043.13785,167396553662.07855,1061675121.8780489,1061675121.8780489,1061675121.8780489,47605056438.65062,47183461027.212204,48026651850.089035,730851,544412.0,917290.0,35323,32891.0,37755.0,1451455.8235294118,1451455.8235294118,1451455.8235294118,50745.17647058824,50745.17647058824,50745.17647058824,287556,287556.0,287556.0
BR,2020-03-15,3,Restrict_Mass_Gatherings-No_Measure-No_Measure,57274806657.62531,43936014715.32285,70613598599.92778,0,3861651062503.084,3566635890643.0986,4156666234363.0693,17090421273.95122,17090421273.95122,17090421273.95122,89284861762.53662,78230825858.3937,100338897666.67953,19162601,14274257.0,24050945.0,874824,814603.0,935045.0,22858716.70588235,22858716.70588235,22858716.70588235,892811.2941176471,892811.2941176471,892811.2941176471,5059264,5059264.0,5059264.0
BR,2020-03-15,3,Restrict_Mass_Gatherings-No_Measure-Restrict_Mass_Gatherings,52753625487.65845,41840082583.54942,63667168391.767456,0,3165482410727.522,2923698680798.742,3407266140656.3027,14409616507.536587,14409616507.536587,14409616507.536587,81406179499.43538,72361980022.80711,90450378976.06363,15678470,11678921.0,19678019.0,717170,667802.0,766538.0,19299905.470588237,19299905.470588237,19299905.470588237,748743.5294117647,748743.5294117647,748743.5294117647,4242880,4242880.0,4242880.0
BR,2020-03-15,3,Restrict_Mass_Gatherings-No_Measure-Restrict_Mass_Gatherings_and_Schools,45263976935.215744,40158539764.44896,50369414105.98253,0,1503729113020.1277,1389044238543.654,1618413987496.6013,8275019750.048781,8275019750.048781,8275019750.048781,62537933394.235756,58306989090.125084,66768877698.34643,7334506,5463487.0,9205525.0,340903,317436.0,364370.0,11158416.705882354,11158416.705882354,11158416.705882354,418724.2941176471,418724.2941176471,418724.2941176471,2372771,2372771.0,2372771.0
BR,2020-03-15,3,Restrict_Mass_Gatherings-No_Measure-Authorize_Schools_but_Restrict_Mass_Gatherings_and_Others,41916994299.34214,34603037291.27474,49230951307.40954,0,2135485614795.4673,1972479294728.0178,2298491934862.9165,10613457206.268295,10613457206.268295,10613457206.268295,69712544830.28998,63651370496.19364,75773719164.3863,10507281,7826893.0,13187669.0,483949,450635.0,517263.0,14262761.705882354,14262761.705882354,14262761.705882354,544388.2941176471,544388.2941176471,544388.2941176471,3084867,3084867.0,3084867.0
BR,2020-03-15,3,Restrict_Mass_Gatherings-No_Measure-Restrict_Mass_Gatherings_and_Schools_and_Others,44800391539.09235,40370000367.752426,49230782710.432274,0,1310247238174.2556,1210358379678.9724,1410136096669.5386,7531457969.414635,7531457969.414635,7531457969.414635,60344971978.87465,56673447354.36388,64016496603.38541,6364729,4741098.0,7988360.0,297090,276639.0,317541.0,10170309.529411765,10170309.529411765,10170309.529411765,378917.4705882353,378917.4705882353,378917.4705882353,2147199,2147199.0,2147199.0
BR,2020-03-15,3,Restrict_Mass_Gatherings-No_Measure-Lockdown,51155149659.01857,46932365666.5814,55377933651.45575,0,1250681340486.9492,1155349039836.9434,1346013641136.9556,7298086703.707318,7298086703.707318,7298086703.707318,59670544596.86083,56171066827.8281,63170022365.89357,6066482,4518934.0,7614030.0,283601,264079.0,303123.0,9860040.235294119,9860040.235294119,9860040.235294119,366445.76470588235,366445.76470588235,366445.76470588235,2076526,2076526.0,2076526.0
BR,2020-03-15,3,Restrict_Mass_Gatherings-Restrict_Mass_Gatherings-No_Measure,47858526917.87399,38193715968.09469,57523337867.65332,0,2783470211997.3623,2570716412420.0293,2996224011574.6943,11356203343.609756,11356203343.609756,11356203343.609756,77349545616.93884,69340187070.24779,85358904163.62991,13884535,10342616.0,17426454.0,630432,587035.0,673829.0,15164562.11764706,15164562.11764706,15164562.11764706,596934.8823529412,596934.8823529412,596934.8823529412,3382631,3382631.0,3382631.0
BR,2020-03-15,3,Restrict_Mass_Gatherings-Restrict_Mass_Gatherings-Restrict_Mass_Gatherings,44107148353.8634,36671210565.35242,51543086142.37439,0,2148031464291.1147,1983897270774.2117,2312165657808.0176,9187200210.07317,9187200210.07317,9187200210.07317,70108809105.00842,63946547661.03953,76271070548.97733,10682518,7957427.0,13407609.0,486573,453079.0,520067.0,12292224.764705881,12292224.764705881,12292224.764705881,479314.23529411765,479314.23529411765,479314.23529411765,2716114,2716114.0,2716114.0
BR,2020-03-15,3,Restrict_Mass_Gatherings-Restrict_Mass_Gatherings-Restrict_Mass_Gatherings_and_Schools,42115639609.55679,39085242781.717545,45146036437.39604,0,892954316104.7523,824852583006.1091,961056049203.3956,4885498077.658537,4885498077.658537,4885498077.658537,55796945250.01751,53285614727.46094,58308275772.57408,4353489,3242922.0,5464056.0,202441,188505.0,216377.0,6591873.411764706,6591873.411764706,6591873.411764706,246604.58823529413,246604.58823529413,246604.58823529413,1397426,1397426.0,1397426.0
BR,2020-03-15,3,Restrict_Mass_Gatherings-Restrict_Mass_Gatherings-Authorize_Schools_but_Restrict_Mass_Gatherings_and_Others,36128962650.96115,31563427482.282578,40694497819.639725,0,1330799593448.8743,1229201323090.693,1432397863807.0552,6427559218.756098,6427559218.756098,6427559218.756098,60784006573.17186,57000486304.28245,64567526842.06128,6558880,4885722.0,8232038.0,301568,280809.0,322327.0,8636954.88235294,8636954.88235294,8636954.88235294,329780.11764705885,329780.11764705885,329780.11764705885,1868754,1868754.0,1868754.0
BR,2020-03-15,3,Restrict_Mass_Gatherings-Restrict_Mass_Gatherings-Restrict_Mass_Gatherings_and_Schools_and_Others,42601868722.07771,40004223564.437126,45199513879.71831,0,769161152607.113,710530017740.8997,827792287473.3263,4425236796.146342,4425236796.146342,4425236796.146342,54391107865.54655,52238404460.09666,56543811270.996445,3731796,2779822.0,4683770.0,174411,162405.0,186417.0,5980664.352941177,5980664.352941177,5980664.352941177,221900.64705882355,221900.64705882355,221900.64705882355,1257437,1257437.0,1257437.0
BR,2020-03-15,3,Restrict_Mass_Gatherings-Restrict_Mass_Gatherings-Lockdown,49260660587.78846,46793062228.24108,51728258947.33583,0,731910490239.4359,676129668196.9078,787691312281.9641,4283239527.4390244,4283239527.4390244,4283239527.4390244,53968637329.13843,51923705450.64236,56013569207.63451,3544970,2640655.0,4449285.0,165976,154551.0,177401.0,5791986.176470588,5791986.176470588,5791986.176470588,214295.82352941178,214295.82352941178,214295.82352941178,1214343,1214343.0,1214343.0
BR,2020-03-15,3,Restrict_Mass_Gatherings-Restrict_Mass_Gatherings_and_Schools-No_Measure,32826696171.234974,30893987204.025352,34759405138.444595,0,554364321594.9958,511972712504.74255,596755930685.249,2084986535.6341467,2084986535.6341467,2084986535.6341467,52230991902.859726,50629330042.60986,53832653763.109604,2776544,2068253.0,3484835.0,125537,116895.0,134179.0,2788778.6470588236,2788778.6470588236,2788778.6470588236,108909.35294117648,108909.35294117648,108909.35294117648,617153,617153.0,617153.0
BR,2020-03-15,3,Restrict_Mass_Gatherings-Restrict_Mass_Gatherings_and_Schools-Restrict_Mass_Gatherings,35407831821.607925,34088584972.791878,36727078670.42398,0,381659034382.4773,352498247310.96124,410819821453.9933,1607616320.4146342,1607616320.4146342,1607616320.4146342,50238094909.83617,49144817340.44911,51331372479.22322,1895240,1411768.0,2378712.0,86459,80507.0,92411.0,2159031.117647059,2159031.117647059,2159031.117647059,82659.88235294117,82659.88235294117,82659.88235294117,468406,468406.0,468406.0
BR,2020-03-15,3,Restrict_Mass_Gatherings-Restrict_Mass_Gatherings_and_Schools-Restrict_Mass_Gatherings_and_Schools,47426578244.614555,46938881604.39124,47914274884.83787,0,146346734967.8686,135203786287.29898,157489683648.4382,886638071.2682927,886638071.2682927,886638071.2682927,47536717545.344604,47132556794.155334,47940878296.533875,700630,521901.0,879359.0,33203,30917.0,35489.0,1205646.705882353,1205646.705882353,1205646.705882353,43355.29411764706,43355.29411764706,43355.29411764706,245680,245680.0,245680.0
BR,2020-03-15,3,Restrict_Mass_Gatherings-Restrict_Mass_Gatherings_and_Schools-Authorize_Schools_but_Restrict_Mass_Gatherings_and_Others,36384685717.02526,35651425772.897064,37117945661.15346,0,216120409240.0169,199638011074.46967,232602807405.56415,1116994126.1707318,1116994126.1707318,1116994126.1707318,48334453879.80794,47726791522.93758,48942116236.6783,1053407,784685.0,1322129.0,48997,45624.0,52370.0,1510758.8823529412,1510758.8823529412,1510758.8823529412,55838.117647058825,55838.117647058825,55838.117647058825,316416,316416.0,316416.0
BR,2020-03-15,3,Restrict_Mass_Gatherings-Restrict_Mass_Gatherings_and_Schools-Restrict_Mass_Gatherings_and_Schools_and_Others,49364794224.41695,48939448228.06845,49790140220.765434,0,128551101448.08606,118772360821.35057,138329842074.82153,822860104.5365855,822860104.5365855,822860104.5365855,47334161165.082985,46981671229.28839,47686651100.87758,611055,455176.0,766934.0,29174,27166.0,31182.0,1121013.0588235294,1121013.0588235294,1121013.0588235294,39922.94117647059,39922.94117647059,39922.94117647059,226230,226230.0,226230.0
BR,2020-03-15,3,Restrict_Mass_Gatherings-Restrict_Mass_Gatherings_and_Schools-Lockdown,56462076202.51753,56054919676.281494,56869232728.75357,0,123348500116.89279,113967312167.42035,132729688066.36525,803606177.2682927,803606177.2682927,803606177.2682927,47275073269.84172,46937657192.052414,47612489347.63103,584925,435712.0,734138.0,27996,26069.0,29923.0,1095442.1176470588,1095442.1176470588,1095442.1176470588,38889.88235294118,38889.88235294118,38889.88235294118,220376,220376.0,220376.0
BR,2020-03-15,3,Restrict_Mass_Gatherings-Authorize_Schools_but_Restrict_Mass_Gatherings_and_Others-No_Measure,30815610871.220055,26333595549.70649,35297626192.73362,0,1284376001527.2622,1186153516658.6792,1382598486395.8452,4824512280.365854,4824512280.365854,4824512280.365854,60512679390.381454,56798373139.76776,64226985640.99515,6438893,4796343.0,8081443.0,290838,270817.0,310859.0,6438567.94117647,6438567.94117647,6438567.94117647,254179.05882352943,254179.05882352943,254179.05882352943,1440348,1440348.0,1440348.0
BR,2020-03-15,3,Restrict_Mass_Gatherings-Authorize_Schools_but_Restrict_Mass_Gatherings_and_Others-Restrict_Mass_Gatherings,30638823371.83342,27473811913.172447,33803834830.494392,0,912145206679.0541,842428819891.1261,981861593466.9822,3728832841.3170733,3728832841.3170733,3728832841.3170733,56234254468.72846,53611366994.93052,58857141942.52641,4546877,3386977.0,5706777.0,206599,192377.0,220821.0,4991586.94117647,4991586.94117647,4991586.94117647,194164.05882352943,194164.05882352943,194164.05882352943,1100263,1100263.0,1100263.0
BR,2020-03-15,3,Restrict_Mass_Gatherings-Authorize_Schools_but_Restrict_Mass_Gatherings_and_Others-Restrict_Mass_Gatherings_and_Schools,38014706184.289764,36865631569.8111,39163780798.76843,0,340599745411.2088,314638215714.2286,366561275108.18896,1923735932.8536587,1923735932.8536587,1923735932.8536587,49685273717.73393,48733020162.84463,50637527272.62324,1650770,1229662.0,2071878.0,77236,71919.0,82553.0,2603351.705882353,2603351.705882353,2603351.705882353,95948.29411764706,95948.29411764706,95948.29411764706,543707,543707.0,543707.0
BR,2020-03-15,3,Restrict_Mass_Gatherings-Authorize_Schools_but_Restrict_Mass_Gatherings_and_Others-Authorize_Schools_but_Restrict_Mass_Gatherings_and_Others,28467935709.031082,26691894672.590508,30243976745.47165,0,518901509500.8016,479296000340.3579,558507018661.2451,2521336714.9756103,2521336714.9756103,2521336714.9756103,51722037763.17943,50250208719.81732,53193866806.54154,2551473,1900597.0,3202349.0,117598,109503.0,125693.0,3395099.882352941,3395099.882352941,3395099.882352941,128300.11764705883,128300.11764705883,128300.11764705883,727034,727034.0,727034.0
BR,2020-03-15,3,Restrict_Mass_Gatherings-Authorize_Schools_but_Restrict_Mass_Gatherings_and_Others-Restrict_Mass_Gatherings_and_Schools_and_Others,39554123625.69806,38569133530.61215,40539113720.783966,0,293746384438.65576,271368200589.90497,316124568287.40656,1754629053.878049,1754629053.878049,1754629053.878049,49152227636.38121,48335953124.91107,49968502147.85135,1415045,1054070.0,1776020.0,66628,62041.0,71215.0,2378927.8235294116,2378927.8235294116,2378927.8235294116,86850.17647058824,86850.17647058824,86850.17647058824,492151,492151.0,492151.0
BR,2020-03-15,3,Restrict_Mass_Gatherings-Authorize_Schools_but_Restrict_Mass_Gatherings_and_Others-Lockdown,46533460560.87325,45596746509.17611,47470174612.5704,0,279936149555.25256,258617419268.34216,301254879842.16296,1703255390.3414636,1703255390.3414636,1703255390.3414636,48995397101.11284,48219129594.71765,49771664607.508026,1345691,1002408.0,1688974.0,63501,59130.0,67872.0,2310701.6470588236,2310701.6470588236,2310701.6470588236,84093.35294117648,84093.35294117648,84093.35294117648,476529,476529.0,476529.0
BR,2020-03-15,3,Restrict_Mass_Gatherings-Restrict_Mass_Gatherings_and_Schools_and_Others-No_Measure,32630910201.420662,31304931666.02084,33956888736.820488,0,381183307388.2736,352040462109.4082,410326152667.139,1465408467.4390244,1465408467.4390244,1465408467.4390244,50259959466.24979,49161103257.84397,51358815674.655594,1904909,1418970.0,2390848.0,86328,80385.0,92271.0,1963723.8235294118,1963723.8235294118,1963723.8235294118,75996.17647058824,75996.17647058824,75996.17647058824,430645,430645.0,430645.0
BR,2020-03-15,3,Restrict_Mass_Gatherings-Restrict_Mass_Gatherings_and_Schools_and_Others-Restrict_Mass_Gatherings,35961604281.517624,35057877404.166336,36865331158.86892,0,262413479785.91873,242370959365.04218,282456000206.7952,1141662738.512195,1141662738.512195,1141662738.512195,48888231603.853806,48139301011.56392,49637162196.143684,1298300,967106.0,1629494.0,59455,55362.0,63548.0,1536735.4705882352,1536735.4705882352,1536735.4705882352,58179.529411764706,58179.529411764706,58179.529411764706,329684,329684.0,329684.0
BR,2020-03-15,3,Restrict_Mass_Gatherings-Restrict_Mass_Gatherings_and_Schools_and_Others-Restrict_Mass_Gatherings_and_Schools,49060877812.44803,48713059452.58844,49408696172.307625,0,105164742790.21321,97164145396.88382,113165340183.54259,662806569.5121951,662806569.5121951,662806569.5121951,47082301555.58504,46794059812.65668,47370543298.5134,499677,372210.0,627144.0,23867,22224.0,25510.0,903578.2352941176,903578.2352941176,903578.2352941176,32065.764705882357,32065.764705882357,32065.764705882357,181706,181706.0,181706.0
BR,2020-03-15,3,Restrict_Mass_Gatherings-Restrict_Mass_Gatherings_and_Schools_and_Others-Authorize_Schools_but_Restrict_Mass_Gatherings_and_Others,37691986855.5359,37182024077.28114,38201949633.79065,0,151228780109.03464,139701472024.51346,162756088193.55585,814505544.4390244,814505544.4390244,814505544.4390244,47609049902.98265,47186436904.37016,48031662901.59514,732617,545728.0,919506.0,34294,31933.0,36655.0,1104502.0,1104502.0,1104502.0,40287.0,40287.0,40287.0,228293,228293.0,228293.0
BR,2020-03-15,3,Restrict_Mass_Gatherings-Restrict_Mass_Gatherings_and_Schools_and_Others-Restrict_Mass_Gatherings_and_Schools_and_Others,51083279440.60167,50776336907.66745,51390221973.53588,0,93499691381.8969,86392377458.73529,100607005305.05847,621020718.7317073,621020718.7317073,621020718.7317073,46949510951.97797,46695143555.422134,47203878348.533806,440954,328467.0,553441.0,21226,19765.0,22687.0,848133.8823529412,848133.8823529412,848133.8823529412,29816.117647058825,29816.117647058825,29816.117647058825,168958,168958.0,168958.0
BR,2020-03-15,3,Restrict_Mass_Gatherings-Restrict_Mass_Gatherings_and_Schools_and_Others-Lockdown,58205215163.44663,57910172462.36966,58500257864.5236,0,90098886062.30745,83251693445.03296,96946078679.58192,608427186.2926829,608427186.2926829,608427186.2926829,46910853945.88729,46666348099.70066,47155359792.07393,423859,315733.0,531985.0,20456,19048.0,21864.0,831406.2352941176,831406.2352941176,831406.2352941176,29140.764705882353,29140.764705882353,29140.764705882353,165131,165131.0,165131.0
BR,2020-03-15,3,Restrict_Mass_Gatherings-Lockdown-No_Measure,39143662397.10163,37984985510.5969,40302339283.60635,0,333453612511.2327,307963045470.30634,358944179552.1591,1296012109.2439027,1296012109.2439027,1296012109.2439027,49716463895.27173,48756252808.68117,50676674981.862305,1664563,1239936.0,2089190.0,75522,70323.0,80721.0,1738124.8823529412,1738124.8823529412,1738124.8823529412,67001.11764705883,67001.11764705883,67001.11764705883,379673,379673.0,379673.0
BR,2020-03-15,3,Restrict_Mass_Gatherings-Lockdown-Restrict_Mass_Gatherings,42686940792.83778,41896285512.024124,43477596073.65145,0,229965773165.7578,212405062356.9897,247526483974.52594,1014960412.8292685,1014960412.8292685,1014960412.8292685,48520907508.36603,47865680865.67459,49176134151.05747,1135861,846105.0,1425617.0,52107,48520.0,55694.0,1367470.705882353,1367470.705882353,1367470.705882353,51530.29411764706,51530.29411764706,51530.29411764706,292005,292005.0,292005.0
BR,2020-03-15,3,Restrict_Mass_Gatherings-Lockdown-Restrict_Mass_Gatherings_and_Schools,56081513522.02347,55771438449.08189,56391588594.96504,0,94040497281.62395,86889914945.19545,101191079618.05244,601686116.9268293,601686116.9268293,601686116.9268293,46959695868.93804,46702732494.435905,47216659243.44018,445458,331823.0,559093.0,21345,19876.0,22814.0,821043.4117647059,821043.4117647059,821043.4117647059,28990.58823529412,28990.58823529412,28990.58823529412,164280,164280.0,164280.0
BR,2020-03-15,3,Restrict_Mass_Gatherings-Lockdown-Authorize_Schools_but_Restrict_Mass_Gatherings_and_Others,44624578544.31199,44174816199.543724,45074340889.08025,0,133720989990.04886,123530270686.59735,143911709293.50037,732295818.8780489,732295818.8780489,732295818.8780489,47413480954.64968,47040756863.22482,47786205046.07454,646132,481305.0,810959.0,30327,28239.0,32415.0,994031.6470588235,994031.6470588235,994031.6470588235,36069.352941176476,36069.352941176476,36069.352941176476,204393,204393.0,204393.0
BR,2020-03-15,3,Restrict_Mass_Gatherings-Lockdown-Restrict_Mass_Gatherings_and_Schools_and_Others,58126394126.29266,57851459166.77865,58401329085.80667,0,84009791409.61766,77625191364.43678,90394391454.79852,565766965.9024391,565766965.9024391,565766965.9024391,46845533894.53103,46617691603.64607,47073376185.415985,394973,294216.0,495730.0,19074,17761.0,20387.0,773378.4705882353,773378.4705882353,773378.4705882353,27057.529411764706,27057.529411764706,27057.529411764706,153326,153326.0,153326.0
BR,2020-03-15,3,Restrict_Mass_Gatherings-Lockdown-Lockdown,65254897814.11822,64990187268.72232,65519608359.514114,0,81086057882.44865,74922677520.3615,87249438244.53583,554946493.6829268,554946493.6829268,554946493.6829268,46812319849.169235,46592950667.487076,47031689030.8514,380285,283275.0,477295.0,18412,17144.0,19680.0,759009.2352941176,759009.2352941176,759009.2352941176,26476.764705882353,26476.764705882353,26476.764705882353,150035,150035.0,150035.0
BR,2020-03-15,3,Restrict_Mass_Gatherings_and_Schools-No_Measure-No_Measure,32432062531.229324,29328119230.55165,35536005831.907,0,884674808234.2207,816983693463.4949,952365923004.9465,3087375957.4390244,3087375957.4390244,3087375957.4390244,56035872457.18539,53463592985.511406,58608151928.85936,4459148,3321628.0,5596668.0,200282,186495.0,214069.0,4105873.8235294116,4105873.8235294116,4105873.8235294116,164817.17647058825,164817.17647058825,164817.17647058825,933964,933964.0,933964.0
BR,2020-03-15,3,Restrict_Mass_Gatherings_and_Schools-No_Measure-Restrict_Mass_Gatherings,33552678690.102158,31434773302.770695,35670584077.43362,0,606598622125.6667,560208886238.5682,652988358012.7651,2298728974.756098,2298728974.756098,2298728974.756098,52832623359.74508,51077486740.59645,54587759978.89371,3042599,2266438.0,3818760.0,137357,127902.0,146812.0,3065092.0588235296,3065092.0588235296,3065092.0588235296,121510.9411764706,121510.9411764706,121510.9411764706,688562,688562.0,688562.0
BR,2020-03-15,3,Restrict_Mass_Gatherings_and_Schools-No_Measure-Restrict_Mass_Gatherings_and_Schools,43228255171.972435,42539636651.64258,43916873692.30229,0,201878540296.6303,186474348801.8329,217282731791.42773,1048013245.0243905,1048013245.0243905,1048013245.0243905,48189429617.06366,47618762207.23299,48760097026.89433,989274,736912.0,1241636.0,45758,42608.0,48908.0,1411076.5882352942,1411076.5882352942,1411076.5882352942,53347.41176470589,53347.41176470589,53347.41176470589,302302,302302.0,302302.0
BR,2020-03-15,3,Restrict_Mass_Gatherings_and_Schools-No_Measure-Authorize_Schools_but_Restrict_Mass_Gatherings_and_Others,32928559059.35116,31805044115.82109,34052074002.881233,0,325455499203.91315,300591222269.3792,350319776138.447,1456070389.8292682,1456070389.8292682,1456070389.8292682,49602234081.71979,48671162169.18505,50533305994.254524,1614048,1202307.0,2025789.0,73731,68655.0,78807.0,1951519.4705882352,1951519.4705882352,1951519.4705882352,75465.52941176471,75465.52941176471,75465.52941176471,427638,427638.0,427638.0
BR,2020-03-15,3,Restrict_Mass_Gatherings_and_Schools-No_Measure-Restrict_Mass_Gatherings_and_Schools_and_Others,44939113690.14269,44370846920.30486,45507380459.98052,0,167494591956.10294,154721080038.88553,180268103873.32034,922527562.5365855,922527562.5365855,922527562.5365855,47798459056.95523,47327528758.01285,48269389355.897606,816378,608122.0,1024634.0,37973,35359.0,40587.0,1244467.5294117648,1244467.5294117648,1244467.5294117648,46607.470588235294,46607.470588235294,46607.470588235294,264109,264109.0,264109.0
BR,2020-03-15,3,Restrict_Mass_Gatherings_and_Schools-No_Measure-Lockdown,51978992145.47765,51443557014.46266,52514427276.492645,0,158105105509.04187,146048306920.02573,170161904098.05804,887860053.2195122,887860053.2195122,887860053.2195122,47691800091.97839,47248077812.76594,48135522371.19085,769211,572987.0,965435.0,35847,33379.0,38315.0,1198434.9411764706,1198434.9411764706,1198434.9411764706,44746.05882352941,44746.05882352941,44746.05882352941,253561,253561.0,253561.0
BR,2020-03-15,3,Restrict_Mass_Gatherings_and_Schools-Restrict_Mass_Gatherings-No_Measure,32073142934.393562,30332662230.16203,33813623638.62509,0,495690542015.5896,457758581375.5945,533622502655.5847,1706873880.585366,1706873880.585366,1706873880.585366,51606512221.95917,50164152503.15825,53048871940.76008,2500385,1862541.0,3138229.0,112216,104491.0,119941.0,2270649.882352941,2270649.882352941,2270649.882352941,91016.11764705883,91016.11764705883,91016.11764705883,515758,515758.0,515758.0
BR,2020-03-15,3,Restrict_Mass_Gatherings_and_Schools-Restrict_Mass_Gatherings-Restrict_Mass_Gatherings,34772892157.571526,33615617819.46731,35930166495.67574,0,331552541055.91736,306197464702.3216,356907617409.5132,1255852206.2926831,1255852206.2926831,1255852206.2926831,49711911888.64638,48752863112.73908,50670960664.553665,1662550,1238437.0,2086663.0,75077,69909.0,80245.0,1675738.0,1675738.0,1675738.0,66204.0,66204.0,66204.0,375156,375156.0,375156.0
BR,2020-03-15,3,Restrict_Mass_Gatherings_and_Schools-Restrict_Mass_Gatherings-Restrict_Mass_Gatherings_and_Schools,46956615382.7082,46588803886.407875,47324426879.00853,0,108203247673.74097,99947920031.68538,116458575315.79654,575086654.4634147,575086654.4634147,575086654.4634147,47147253014.2538,46842442690.826675,47452063337.68092,528400,393606.0,663194.0,24529,22840.0,26218.0,775649.4705882353,775649.4705882353,775649.4705882353,29073.529411764706,29073.529411764706,29073.529411764706,164750,164750.0,164750.0
BR,2020-03-15,3,Restrict_Mass_Gatherings_and_Schools-Restrict_Mass_Gatherings-Authorize_Schools_but_Restrict_Mass_Gatherings_and_Others,35866299462.287285,35265277457.041435,36467321467.53314,0,174447975777.93994,161123147581.37033,187772803974.50955,792670625.195122,792670625.195122,792670625.195122,47904860233.1813,47406785231.044266,48402935235.31832,863431,643171.0,1083691.0,39524,36803.0,42245.0,1063802.4117647058,1063802.4117647058,1063802.4117647058,40870.58823529412,40870.58823529412,40870.58823529412,231600,231600.0,231600.0
BR,2020-03-15,3,Restrict_Mass_Gatherings_and_Schools-Restrict_Mass_Gatherings-Restrict_Mass_Gatherings_and_Schools_and_Others,48906856714.2636,48598328810.472,49215384618.05521,0,91290668229.12775,84331066014.26047,98250270443.99501,514790743.097561,514790743.097561,514790743.097561,46954662204.38362,46698980989.72081,47210343419.046425,443232,330164.0,556300.0,20700,19275.0,22125.0,695648.1764705882,695648.1764705882,695648.1764705882,25826.823529411766,25826.823529411766,25826.823529411766,146352,146352.0,146352.0
BR,2020-03-15,3,Restrict_Mass_Gatherings_and_Schools-Restrict_Mass_Gatherings-Lockdown,56007609590.35145,55716387060.01517,56298832120.68773,0,86344103269.34679,79762463902.67159,92925742636.02199,496581432.43902445,496581432.43902445,496581432.43902445,46898450688.88774,46657110669.46489,47139790708.310585,418374,311648.0,525100.0,19580,18232.0,20928.0,671466.4705882353,671466.4705882353,671466.4705882353,24849.529411764706,24849.529411764706,24849.529411764706,140814,140814.0,140814.0
BR,2020-03-15,3,Restrict_Mass_Gatherings_and_Schools-Restrict_Mass_Gatherings_and_Schools-No_Measure,41411106369.668655,41186038281.78757,41636174457.54974,0,64611733934.98636,59672512044.49553,69550955825.47719,241455922.02439025,241455922.02439025,241455922.02439025,46683534016.418365,46497017071.32499,46870050961.511734,323333,240851.0,405815.0,14632,13625.0,15639.0,323395.9411764706,323395.9411764706,323395.9411764706,12547.058823529413,12547.058823529413,12547.058823529413,71100,71100.0,71100.0
BR,2020-03-15,3,Restrict_Mass_Gatherings_and_Schools-Restrict_Mass_Gatherings_and_Schools-Restrict_Mass_Gatherings,46102779935.23031,45952780931.09715,46252778939.36347,0,43532755244.21576,40207610729.70872,46857899758.7228,185477284.75609756,185477284.75609756,185477284.75609756,46439668119.49898,46315361931.618866,46563974307.3791,215490,160519.0,270461.0,9863,9184.0,10542.0,249595.0,249595.0,249595.0,9462.0,9462.0,9462.0,53618,53618.0,53618.0
BR,2020-03-15,3,Restrict_Mass_Gatherings_and_Schools-Restrict_Mass_Gatherings_and_Schools-Restrict_Mass_Gatherings_and_Schools,61010901583.183655,60955378130.161125,61066425036.206184,0,16830288823.805317,15550067084.678997,18110510562.931637,105257728.8292683,105257728.8292683,105257728.8292683,46132754782.578766,46086741751.87195,46178767813.28559,79766,59418.0,100114.0,3820,3557.0,4083.0,143559.64705882352,143559.64705882352,143559.64705882352,5082.352941176471,5082.352941176471,5082.352941176471,28800,28800.0,28800.0
BR,2020-03-15,3,Restrict_Mass_Gatherings_and_Schools-Restrict_Mass_Gatherings_and_Schools-Authorize_Schools_but_Restrict_Mass_Gatherings_and_Others,49112499488.597984,49029907397.18428,49195091580.01168,0,24517325016.12603,22647772902.821163,26386877129.430904,130364712.36585367,130364712.36585367,130364712.36585367,46220690143.55263,46152244968.91954,46289135318.185715,118653,88385.0,148921.0,5560,5177.0,5943.0,176808.17647058822,176808.17647058822,176808.17647058822,6443.823529411765,6443.823529411765,6443.823529411765,36515,36515.0,36515.0
BR,2020-03-15,3,Restrict_Mass_Gatherings_and_Schools-Restrict_Mass_Gatherings_and_Schools-Restrict_Mass_Gatherings_and_Schools_and_Others,63167036474.19526,63118274723.38375,63215798225.00677,0,14900131171.06485,13767225670.462667,16033036671.667034,98389122.51219514,98389122.51219514,98389122.51219514,46110790728.75258,46070381211.41766,46151200246.087494,70053,52183.0,87923.0,3383,3150.0,3616.0,134445.35294117648,134445.35294117648,134445.35294117648,4712.64705882353,4712.64705882353,4712.64705882353,26705,26705.0,26705.0
BR,2020-03-15,3,Restrict_Mass_Gatherings_and_Schools-Restrict_Mass_Gatherings_and_Schools-Lockdown,70327921566.43494,70281121746.1681,70374721386.70177,0,14339207389.588636,13250297229.293594,15428117549.883678,96323023.90243903,96323023.90243903,96323023.90243903,46104411587.82355,46065627948.662315,46143195226.98477,67232,50081.0,84383.0,3256,3032.0,3480.0,131701.17647058822,131701.17647058822,131701.17647058822,4601.823529411765,4601.823529411765,4601.823529411765,26077,26077.0,26077.0
BR,2020-03-15,3,Restrict_Mass_Gatherings_and_Schools-Authorize_Schools_but_Restrict_Mass_Gatherings_and_Others-No_Measure,30859778339.05158,30264006339.880783,31455550338.22237,0,169981827078.15726,156977658094.80777,182985996061.5067,595849670.1219513,595849670.1219513,595849670.1219513,47887807733.44864,47394083481.806984,48381531985.09029,855890,637554.0,1074226.0,38484,35835.0,41133.0,794407.9411764706,794407.9411764706,794407.9411764706,31510.058823529413,31510.058823529413,31510.058823529413,178557,178557.0,178557.0
BR,2020-03-15,3,Restrict_Mass_Gatherings_and_Schools-Authorize_Schools_but_Restrict_Mass_Gatherings_and_Others-Restrict_Mass_Gatherings,35045213792.83065,34653649020.60339,35436778565.0579,0,112611490820.05241,104001227662.45891,121221753977.64594,442297553.63414645,442297553.63414645,442297553.63414645,47224415519.01146,46899920537.02807,47548910500.99484,562523,419024.0,706022.0,25504,23748.0,27260.0,591957.8235294118,591957.8235294118,591957.8235294118,23049.176470588238,23049.176470588238,23049.176470588238,130612,130612.0,130612.0
BR,2020-03-15,3,Restrict_Mass_Gatherings_and_Schools-Authorize_Schools_but_Restrict_Mass_Gatherings_and_Others-Restrict_Mass_Gatherings_and_Schools,49297270232.551575,49167542691.58454,49426997773.5186,0,38589428913.655945,35646901122.045235,41531956705.266655,219322032.43902442,219322032.43902442,219322032.43902442,46373812138.897705,46266305184.609146,46481319093.186264,186367,138825.0,233909.0,8752,8149.0,9355.0,297202.9411764706,297202.9411764706,297202.9411764706,10879.058823529413,10879.058823529413,10879.058823529413,61648,61648.0,61648.0
BR,2020-03-15,3,Restrict_Mass_Gatherings_and_Schools-Authorize_Schools_but_Restrict_Mass_Gatherings_and_Others-Authorize_Schools_but_Restrict_Mass_Gatherings_and_Others,37589363680.64375,37383972200.7706,37794755160.51691,0,60073504973.3244,55489706634.87048,64657303311.77832,289537945.82926834,289537945.82926834,289537945.82926834,46619613712.75266,46449403036.79762,46789824388.707695,295066,219795.0,370337.0,13615,12678.0,14552.0,390182.5294117647,390182.5294117647,390182.5294117647,14687.470588235296,14687.470588235296,14687.470588235296,83229,83229.0,83229.0
BR,2020-03-15,3,Restrict_Mass_Gatherings_and_Schools-Authorize_Schools_but_Restrict_Mass_Gatherings_and_Others-Restrict_Mass_Gatherings_and_Schools_and_Others,51405421050.366745,51294696130.14126,51516145970.59223,0,33169757382.553776,30644159482.010536,35695355283.097015,200034886.24390247,200034886.24390247,200034886.24390247,46312083039.61351,46220323812.16996,46403842267.05706,159069,118491.0,199647.0,7525,7007.0,8043.0,271612.4705882353,271612.4705882353,271612.4705882353,9840.529411764706,9840.529411764706,9840.529411764706,55763,55763.0,55763.0
BR,2020-03-15,3,Restrict_Mass_Gatherings_and_Schools-Authorize_Schools_but_Restrict_Mass_Gatherings_and_Others-Lockdown,58552335232.46905,58447138645.044014,58657531819.89408,0,31588661514.037853,29185508222.698315,33991814805.377396,194223946.82926828,194223946.82926828,194223946.82926828,46294126017.94834,46206948194.09296,46381303841.80373,151128,112576.0,189680.0,7167,6674.0,7660.0,263894.1176470588,263894.1176470588,263894.1176470588,9528.882352941177,9528.882352941177,9528.882352941177,53997,53997.0,53997.0
BR,2020-03-15,3,Restrict_Mass_Gatherings_and_Schools-Restrict_Mass_Gatherings_and_Schools_and_Others-No_Measure,43299826580.13863,43149737529.123726,43449915631.153534,0,43292410643.6012,39983936587.00586,46600884700.19654,169318056.4390244,169318056.4390244,169318056.4390244,46439959827.82221,46315579016.88267,46564340638.761765,215619,160615.0,270623.0,9806,9131.0,10481.0,227451.64705882352,227451.64705882352,227451.64705882352,8697.35294117647,8697.35294117647,8697.35294117647,49285,49285.0,49285.0
BR,2020-03-15,3,Restrict_Mass_Gatherings_and_Schools-Restrict_Mass_Gatherings_and_Schools_and_Others-Restrict_Mass_Gatherings,48094914896.34414,47993513921.41932,48196315871.26896,0,29621343713.025093,27360852785.50543,31881834640.544758,133066716.14634147,133066716.14634147,133066716.14634147,46281795122.70339,46197762773.86832,46365827471.53847,145675,108514.0,182836.0,6713,6251.0,7175.0,179663.17647058822,179663.17647058822,179663.17647058822,6698.823529411765,6698.823529411765,6698.823529411765,37960,37960.0,37960.0
BR,2020-03-15,3,Restrict_Mass_Gatherings_and_Schools-Restrict_Mass_Gatherings_and_Schools_and_Others-Restrict_Mass_Gatherings_and_Schools,63134196649.29226,63093811987.17641,63174581311.40812,0,12379249682.963017,11436617217.390362,13321882148.535671,81279595.6097561,81279595.6097561,81279595.6097561,46083575925.10816,46050108613.60526,46117043236.61105,58018,43218.0,72818.0,2811,2617.0,3005.0,111204.70588235294,111204.70588235294,111204.70588235294,3872.294117647059,3872.294117647059,3872.294117647059,21943,21943.0,21943.0
BR,2020-03-15,3,Restrict_Mass_Gatherings_and_Schools-Restrict_Mass_Gatherings_and_Schools_and_Others-Authorize_Schools_but_Restrict_Mass_Gatherings_and_Others,51198084012.10922,51140249355.788574,51255918668.42987,0,17331758821.32371,16010730099.51574,18652787543.131687,97465517.70731708,97465517.70731708,97465517.70731708,46140260053.313774,46092331697.41486,46188188409.212685,83085,61890.0,104280.0,3932,3661.0,4203.0,132638.9411764706,132638.9411764706,132638.9411764706,4750.058823529412,4750.058823529412,4750.058823529412,26917,26917.0,26917.0
BR,2020-03-15,3,Restrict_Mass_Gatherings_and_Schools-Restrict_Mass_Gatherings_and_Schools_and_Others-Restrict_Mass_Gatherings_and_Schools_and_Others,65299770090.72676,65263737694.561905,65335802486.89162,0,11133815273.487925,10288927515.513779,11978703031.46207,76851987.2195122,76851987.2195122,76851987.2195122,46069433724.69336,46039573194.39635,46099294254.990364,51764,38559.0,64969.0,2529,2355.0,2703.0,105328.94117647059,105328.94117647059,105328.94117647059,3634.058823529412,3634.058823529412,3634.058823529412,20593,20593.0,20593.0
BR,2020-03-15,3,Restrict_Mass_Gatherings_and_Schools-Restrict_Mass_Gatherings_and_Schools_and_Others-Lockdown,72463400248.51297,72428631237.38593,72498169259.64001,0,10775931698.447655,9956005522.406698,11595857874.488611,75520857.36585367,75520857.36585367,75520857.36585367,46065329456.42459,46036515910.26446,46094143002.58472,49949,37207.0,62691.0,2448,2279.0,2617.0,103562.58823529411,103562.58823529411,103562.58823529411,3562.4117647058824,3562.4117647058824,3562.4117647058824,20187,20187.0,20187.0
BR,2020-03-15,3,Restrict_Mass_Gatherings_and_Schools-Lockdown-No_Measure,50391080874.54909,50260717548.02307,50521444201.07511,0,37682117930.01681,34801210962.58016,40563024897.453445,150224291.85365856,150224291.85365856,150224291.85365856,46375876710.208664,46267842871.89441,46483910548.52291,187280,139505.0,235055.0,8536,7948.0,9124.0,202048.35294117648,202048.35294117648,202048.35294117648,7679.64705882353,7679.64705882353,7679.64705882353,43518,43518.0,43518.0
BR,2020-03-15,3,Restrict_Mass_Gatherings_and_Schools-Lockdown-Restrict_Mass_Gatherings,55213311503.867195,55124710829.617065,55301912178.117325,0,25955827426.392128,23975096698.89202,27936558153.89223,119138494.68292683,119138494.68292683,119138494.68292683,46240205204.24655,46166780636.37499,46313629772.1181,127283,94813.0,159753.0,5883,5478.0,6288.0,161067.88235294117,161067.88235294117,161067.88235294117,5966.117647058824,5966.117647058824,5966.117647058824,33808,33808.0,33808.0
BR,2020-03-15,3,Restrict_Mass_Gatherings_and_Schools-Lockdown-Restrict_Mass_Gatherings_and_Schools,70286920219.6138,70250579481.0963,70323260958.1313,0,11184015601.330793,10333968705.760908,12034062496.900677,74776397.48780489,74776397.48780489,74776397.48780489,46070433221.42878,46040317163.68584,46100549279.17172,52206,38888.0,65524.0,2540,2365.0,2715.0,102425.23529411765,102425.23529411765,102425.23529411765,3544.764705882353,3544.764705882353,3544.764705882353,20087,20087.0,20087.0
BR,2020-03-15,3,Restrict_Mass_Gatherings_and_Schools-Lockdown-Authorize_Schools_but_Restrict_Mass_Gatherings_and_Others,58340932441.06607,58289663021.03264,58392201861.09951,0,15425082621.161188,14250781357.13935,16599383885.183023,88629876.36585367,88629876.36585367,88629876.36585367,46118933687.450005,46076446030.97514,46161421343.924866,73654,54865.0,92443.0,3500,3259.0,3741.0,120772.17647058824,120772.17647058824,120772.17647058824,4295.823529411765,4295.823529411765,4295.823529411765,24343,24343.0,24343.0
BR,2020-03-15,3,Restrict_Mass_Gatherings_and_Schools-Lockdown-Restrict_Mass_Gatherings_and_Schools_and_Others,72454963128.56282,72422347056.51749,72487579200.60814,0,10123855154.006445,9356966901.865105,10890743406.147783,70991219.41463415,70991219.41463415,70991219.41463415,46058337501.88628,46031308125.23803,46085366878.53453,46857,34904.0,58810.0,2300,2142.0,2458.0,97403.05882352941,97403.05882352941,97403.05882352941,3340.9411764705883,3340.9411764705883,3340.9411764705883,18932,18932.0,18932.0
BR,2020-03-15,3,Restrict_Mass_Gatherings_and_Schools-Lockdown-Lockdown,79619310932.7096,79587775423.24521,79650846442.17398,0,9814708132.474289,9067998490.141903,10561417774.806679,69850505.19512196,69850505.19512196,69850505.19512196,46054827956.78814,46028694056.85307,46080961856.723206,45305,33748.0,56862.0,2230,2076.0,2384.0,95889.4705882353,95889.4705882353,95889.4705882353,3279.5294117647063,3279.5294117647063,3279.5294117647063,18584,18584.0,18584.0
BR,2020-03-15,3,Authorize_Schools_but_Restrict_Mass_Gatherings_and_Others-No_Measure-No_Measure,35783053472.34069,28761948024.561142,42804158920.12024,0,2011641935732.8774,1857801300078.6528,2165482571387.1023,7611354827.195124,7611354827.195124,7611354827.195124,68761184490.80902,62942700175.11981,74579668806.49825,10086568,7513503.0,12659633.0,455519,424162.0,486876.0,10139876.176470589,10139876.176470589,10139876.176470589,403685.8235294118,403685.8235294118,403685.8235294118,2287553,2287553.0,2287553.0
BR,2020-03-15,3,Authorize_Schools_but_Restrict_Mass_Gatherings_and_Others-No_Measure-Restrict_Mass_Gatherings,33411146748.873108,28267016705.889908,38555276791.85631,0,1478938378913.539,1365873929706.0908,1592002828120.9875,5931662926.682927,5931662926.682927,5931662926.682927,62663634807.19677,58400625200.5786,66926644413.81494,7390094,5504895.0,9275293.0,334942,311885.0,357999.0,7918938.705882353,7918938.705882353,7918938.705882353,312086.2941176471,312086.2941176471,312086.2941176471,1768489,1768489.0,1768489.0
BR,2020-03-15,3,Authorize_Schools_but_Restrict_Mass_Gatherings_and_Others-No_Measure-Restrict_Mass_Gatherings_and_Schools,35874366392.218,33999382933.593582,37749349850.84243,0,550128702539.9838,508155723257.4435,592101681822.5239,2895122604.804878,2895122604.804878,2895122604.804878,52043464154.506775,50489640197.96257,53597288111.05099,2693615,2006479.0,3380751.0,124697,116113.0,133281.0,3898958.1764705884,3898958.1764705884,3898958.1764705884,147239.82352941178,147239.82352941178,147239.82352941178,834359,834359.0,834359.0
BR,2020-03-15,3,Authorize_Schools_but_Restrict_Mass_Gatherings_and_Others-No_Measure-Authorize_Schools_but_Restrict_Mass_Gatherings_and_Others,28087783244.826027,25136813224.07248,31038753265.579575,0,856467733617.4651,791051907113.0468,921883560121.8833,3940545366.7317076,3940545366.7317076,3940545366.7317076,55538919062.244675,53093410600.7169,57984427523.77244,4239384,3157925.0,5320843.0,194046,180688.0,207404.0,5284468.94117647,5284468.94117647,5284468.94117647,203767.05882352943,203767.05882352943,203767.05882352943,1154680,1154680.0,1154680.0
BR,2020-03-15,3,Authorize_Schools_but_Restrict_Mass_Gatherings_and_Others-No_Measure-Restrict_Mass_Gatherings_and_Schools_and_Others,36913387854.383575,35330137191.75865,38496638517.0085,0,466781267944.79236,431183938355.4072,502378597534.17755,2591737705.243902,2591737705.243902,2591737705.243902,51095733209.28003,49783672136.16211,52407794282.397934,2274507,1694284.0,2854730.0,105826,98541.0,113111.0,3496273.8235294116,3496273.8235294116,3496273.8235294116,130926.17647058824,130926.17647058824,130926.17647058824,741915,741915.0,741915.0
BR,2020-03-15,3,Authorize_Schools_but_Restrict_Mass_Gatherings_and_Others-No_Measure-Lockdown,43742128201.574036,42245570856.52228,45238685546.62579,0,441974369716.34674,408275823353.9221,475672916078.77136,2498900889.073171,2498900889.073171,2498900889.073171,50814101260.37349,49573884103.05007,52054318417.69691,2149963,1601511.0,2698415.0,100209,93311.0,107107.0,3372975.529411765,3372975.529411765,3372975.529411765,125945.4705882353,125945.4705882353,125945.4705882353,713691,713691.0,713691.0
BR,2020-03-15,3,Authorize_Schools_but_Restrict_Mass_Gatherings_and_Others-Restrict_Mass_Gatherings-No_Measure,30243343836.878044,25907313611.52653,34579374062.22956,0,1238904162140.4866,1144134550273.77,1333673774007.2031,4483710412.097561,4483710412.097561,4483710412.097561,60038434018.55643,56445107576.41604,63631760460.69681,6229171,4640121.0,7818221.0,280506,261197.0,299815.0,5970348.94117647,5970348.94117647,5970348.94117647,238234.05882352943,238234.05882352943,238234.05882352943,1349993,1349993.0,1349993.0
BR,2020-03-15,3,Authorize_Schools_but_Restrict_Mass_Gatherings_and_Others-Restrict_Mass_Gatherings-Restrict_Mass_Gatherings,30104479718.17291,27075777408.9265,33133182027.419323,0,869480528533.9752,803001673823.3177,935959383244.6329,3400508239.2439027,3400508239.2439027,3400508239.2439027,55791436711.44852,53281510459.19217,58301362963.70487,4351053,3241107.0,5460999.0,196903,183349.0,210457.0,4539967.823529412,4539967.823529412,4539967.823529412,178884.17647058825,178884.17647058825,178884.17647058825,1013677,1013677.0,1013677.0
BR,2020-03-15,3,Authorize_Schools_but_Restrict_Mass_Gatherings_and_Others-Restrict_Mass_Gatherings-Restrict_Mass_Gatherings_and_Schools,37560285959.91125,36527131697.8654,38593440221.957085,0,303815711686.08636,280640984447.5397,326990438924.63306,1620039012.658537,1620039012.658537,1620039012.658537,49308689578.96208,48452500775.91508,50164878382.009094,1484236,1105610.0,1862862.0,68872,64131.0,73613.0,2184508.411764706,2184508.411764706,2184508.411764706,81979.58823529413,81979.58823529413,81979.58823529413,464551,464551.0,464551.0
BR,2020-03-15,3,Authorize_Schools_but_Restrict_Mass_Gatherings_and_Others-Restrict_Mass_Gatherings-Authorize_Schools_but_Restrict_Mass_Gatherings_and_Others,27985674626.033092,26332656730.909645,29638692521.156544,0,480068964011.604,443402830815.8368,516735097207.3712,2208897285.073171,2208897285.073171,2208897285.073171,51322381531.214066,49952503416.17007,52692259646.258064,2374736,1768945.0,2980527.0,108770,101282.0,116258.0,2964611.529411765,2964611.529411765,2964611.529411765,113867.4705882353,113867.4705882353,113867.4705882353,645249,645249.0,645249.0
BR,2020-03-15,3,Authorize_Schools_but_Restrict_Mass_Gatherings_and_Others-Restrict_Mass_Gatherings-Restrict_Mass_Gatherings_and_Schools_and_Others,39107461076.61652,38236413031.25844,39978509121.9746,0,257536159637.04755,237900733841.36166,277171585432.73346,1453517871.2195122,1453517871.2195122,1453517871.2195122,48782072387.24468,48060223181.61417,49503921592.8752,1251354,932136.0,1570572.0,58394,54374.0,62414.0,1963532.9411764706,1963532.9411764706,1963532.9411764706,73018.05882352941,73018.05882352941,73018.05882352941,413769,413769.0,413769.0
BR,2020-03-15,3,Authorize_Schools_but_Restrict_Mass_Gatherings_and_Others-Restrict_Mass_Gatherings-Lockdown,46089122858.55676,45265758730.12264,46912486986.99089,0,243898060070.9394,225307608080.55716,262488512061.3216,1402942055.1219513,1402942055.1219513,1402942055.1219513,48627168483.69256,47944835579.9886,49309501387.396515,1182852,881109.0,1484595.0,55306,51499.0,59113.0,1896370.5882352942,1896370.5882352942,1896370.5882352942,70303.41176470589,70303.41176470589,70303.41176470589,398386,398386.0,398386.0
BR,2020-03-15,3,Authorize_Schools_but_Restrict_Mass_Gatherings_and_Others-Restrict_Mass_Gatherings_and_Schools-No_Measure,31008811385.72602,30375020501.605213,31642602269.84683,0,181642947181.9495,167749821502.7265,195536072861.17252,671616110.2682927,671616110.2682927,671616110.2682927,48011313419.41848,47486082407.56265,48536544431.27431,910507,678238.0,1142776.0,41132,38300.0,43964.0,898421.0,898421.0,898421.0,35067.0,35067.0,35067.0,198713,198713.0,198713.0
BR,2020-03-15,3,Authorize_Schools_but_Restrict_Mass_Gatherings_and_Others-Restrict_Mass_Gatherings_and_Schools-Restrict_Mass_Gatherings,35169178333.36601,34745990733.48601,35592365933.24601,0,122469571930.68285,113112337450.42894,131826806410.93674,512953024.6097561,512953024.6097561,512953024.6097561,47327146597.49636,46976445353.82331,47677847841.16942,607953,452865.0,763041.0,27744,25834.0,29654.0,689223.1176470588,689223.1176470588,689223.1176470588,26325.88235294118,26325.88235294118,26325.88235294118,149180,149180.0,149180.0
BR,2020-03-15,3,Authorize_Schools_but_Restrict_Mass_Gatherings_and_Others-Restrict_Mass_Gatherings_and_Schools-Restrict_Mass_Gatherings_and_Schools,49390676135.854805,49237121644.23942,49544230627.47019,0,46238390618.252655,42720482413.57789,49756298822.92743,282832468.1707317,282832468.1707317,282832468.1707317,46451218864.57714,46323966196.50187,46578471532.65241,220598,164324.0,276872.0,10492,9770.0,11214.0,385005.5882352941,385005.5882352941,385005.5882352941,13768.411764705883,13768.411764705883,13768.411764705883,78021,78021.0,78021.0
BR,2020-03-15,3,Authorize_Schools_but_Restrict_Mass_Gatherings_and_Others-Restrict_Mass_Gatherings_and_Schools-Authorize_Schools_but_Restrict_Mass_Gatherings_and_Others,37691062083.147675,37459728915.251854,37922395251.04349,0,68327523946.00671,63115421755.732605,73539626136.2808,355193375.1219512,355193375.1219512,355193375.1219512,46703892543.81435,46512183642.82836,46895601444.80033,332336,247558.0,417114.0,15492,14425.0,16559.0,480832.9411764706,480832.9411764706,480832.9411764706,17692.058823529413,17692.058823529413,17692.058823529413,100255,100255.0,100255.0
BR,2020-03-15,3,Authorize_Schools_but_Restrict_Mass_Gatherings_and_Others-Restrict_Mass_Gatherings_and_Schools-Restrict_Mass_Gatherings_and_Schools_and_Others,51496886852.672386,51362828875.301445,51630944830.043335,0,40677382351.36312,37582119246.04856,43772645456.67769,262982379.80487806,262982379.80487806,262982379.80487806,46387881977.55791,46276786332.50211,46498977622.61371,192589,143460.0,241718.0,9233,8597.0,9869.0,358667.29411764705,358667.29411764705,358667.29411764705,12699.705882352942,12699.705882352942,12699.705882352942,71965,71965.0,71965.0
BR,2020-03-15,3,Authorize_Schools_but_Restrict_Mass_Gatherings_and_Others-Restrict_Mass_Gatherings_and_Schools-Lockdown,58643255296.09745,58514864814.889656,58771645777.30524,0,39056535270.35982,36088368906.20919,42024701634.51044,257008311.73170733,257008311.73170733,257008311.73170733,46369472694.92648,46263073780.00525,46475871609.84772,184448,137396.0,231500.0,8866,8256.0,9476.0,350733.9411764706,350733.9411764706,350733.9411764706,12379.058823529413,12379.058823529413,12379.058823529413,70148,70148.0,70148.0
BR,2020-03-15,3,Authorize_Schools_but_Restrict_Mass_Gatherings_and_Others-Authorize_Schools_but_Restrict_Mass_Gatherings_and_Others-No_Measure,22908202017.369232,21278533551.55155,24537870483.186913,0,465247169635.01733,429654725102.644,500839614167.3907,1652248914.5853658,1652248914.5853658,1652248914.5853658,51246530583.258545,49896002453.655785,52597058712.86131,2341193,1743959.0,2938427.0,105335,98084.0,112586.0,2202540.3529411764,2202540.3529411764,2202540.3529411764,87419.64705882354,87419.64705882354,87419.64705882354,495378,495378.0,495378.0
BR,2020-03-15,3,Authorize_Schools_but_Restrict_Mass_Gatherings_and_Others-Authorize_Schools_but_Restrict_Mass_Gatherings_and_Others-Restrict_Mass_Gatherings,25783166100.2623,24692005274.21248,26874326926.31212,0,313716943172.171,289733116580.1067,337700769764.2354,1236859878.073171,1236859878.073171,1236859878.073171,49497133155.771706,48592873534.621414,50401392776.92199,1567570,1167686.0,1967454.0,71049,66158.0,75940.0,1654643.3529411764,1654643.3529411764,1654643.3529411764,64565.64705882353,64565.64705882353,64565.64705882353,365872,365872.0,365872.0
BR,2020-03-15,3,Authorize_Schools_but_Restrict_Mass_Gatherings_and_Others-Authorize_Schools_but_Restrict_Mass_Gatherings_and_Others-Restrict_Mass_Gatherings_and_Schools,38223904955.44577,37856644655.20946,38591165255.68208,0,108929456096.82887,100624959364.59392,117233952829.0638,612927757.6829269,612927757.6829269,612927757.6829269,47145466583.43709,46841113043.585884,47449820123.2883,527610,393018.0,662202.0,24702,23001.0,26403.0,829699.1176470588,829699.1176470588,829699.1176470588,30534.88235294118,30534.88235294118,30534.88235294118,173031,173031.0,173031.0
BR,2020-03-15,3,Authorize_Schools_but_Restrict_Mass_Gatherings_and_Others-Authorize_Schools_but_Restrict_Mass_Gatherings_and_Others-Authorize_Schools_but_Restrict_Mass_Gatherings_and_Others,27055117270.624325,26474664156.123695,27635570385.124954,0,169488468768.7114,156551383722.59283,182425553814.82996,811942348.3170732,811942348.3170732,811942348.3170732,47838043198.026726,47357013911.70787,48319072484.34559,833883,621161.0,1046605.0,38410,35766.0,41054.0,1093266.8823529412,1093266.8823529412,1093266.8823529412,41324.117647058825,41324.117647058825,41324.117647058825,234170,234170.0,234170.0
BR,2020-03-15,3,Authorize_Schools_but_Restrict_Mass_Gatherings_and_Others-Authorize_Schools_but_Restrict_Mass_Gatherings_and_Others-Restrict_Mass_Gatherings_and_Schools_and_Others,40194496882.27548,39881327471.03394,40507666293.51702,0,93496615967.71861,86374876045.104,100618355890.3332,557849590.6097561,557849590.6097561,557849590.6097561,46969740584.99857,46710212890.817764,47229268279.179375,449900,335131.0,564669.0,21208,19748.0,22668.0,756619.7058823529,756619.7058823529,756619.7058823529,27569.29411764706,27569.29411764706,27569.29411764706,156226,156226.0,156226.0
BR,2020-03-15,3,Authorize_Schools_but_Restrict_Mass_Gatherings_and_Others-Authorize_Schools_but_Restrict_Mass_Gatherings_and_Others-Lockdown,47301222868.185745,47003833490.79664,47598612245.57485,0,88982989313.74872,82204995458.53401,95760983168.9634,541222331.3414634,541222331.3414634,541222331.3414634,46918479065.77836,46672028497.43683,47164929634.11989,427231,318245.0,536217.0,20186,18796.0,21576.0,734542.6470588235,734542.6470588235,734542.6470588235,26676.352941176472,26676.352941176472,26676.352941176472,151166,151166.0,151166.0
BR,2020-03-15,3,Authorize_Schools_but_Restrict_Mass_Gatherings_and_Others-Restrict_Mass_Gatherings_and_Schools_and_Others-No_Measure,32359108545.923103,31937648208.956573,32780568882.889637,0,121216891911.96411,111949535374.44821,130484248449.48001,464594571.87804884,464594571.87804884,464594571.87804884,47321540822.819626,46972270985.10477,47670810660.534485,605474,451019.0,759929.0,27453,25563.0,29343.0,623009.3529411765,623009.3529411765,623009.3529411765,24029.64705882353,24029.64705882353,24029.64705882353,136168,136168.0,136168.0
BR,2020-03-15,3,Authorize_Schools_but_Restrict_Mass_Gatherings_and_Others-Restrict_Mass_Gatherings_and_Schools_and_Others-Restrict_Mass_Gatherings,36806504022.16478,36522425211.11359,37090582833.21597,0,82630698477.2034,76320337489.67448,88941059464.73232,361652676.80487806,361652676.80487806,361652676.80487806,46875238394.794685,46639818471.42012,47110658318.16925,408109,304001.0,512217.0,18723,17434.0,20012.0,487296.0588235294,487296.0588235294,487296.0588235294,18355.94117647059,18355.94117647059,18355.94117647059,104017,104017.0,104017.0
BR,2020-03-15,3,Authorize_Schools_but_Restrict_Mass_Gatherings_and_Others-Restrict_Mass_Gatherings_and_Schools_and_Others-Restrict_Mass_Gatherings_and_Schools,51401606337.01283,51291852831.63283,51511359842.39283,0,33348903775.411232,30813511831.70453,35884295719.117935,213253053.1463415,213253053.1463415,213253053.1463415,46308921735.45939,46217967532.535774,46399875938.383,157671,117449.0,197893.0,7570,7049.0,8091.0,291115.4705882353,291115.4705882353,291115.4705882353,10257.529411764706,10257.529411764706,10257.529411764706,58126,58126.0,58126.0
BR,2020-03-15,3,Authorize_Schools_but_Restrict_Mass_Gatherings_and_Others-Restrict_Mass_Gatherings_and_Schools_and_Others-Authorize_Schools_but_Restrict_Mass_Gatherings_and_Others,39593537636.977516,39433671677.55983,39753403596.395195,0,47583043429.91528,43957283986.34501,51208802873.48555,259810565.4878049,259810565.4878049,259810565.4878049,46471717592.872665,46339234526.72266,46604200659.022675,229663,171076.0,288250.0,10792,10049.0,11535.0,352775.5882352941,352775.5882352941,352775.5882352941,12781.411764705883,12781.411764705883,12781.411764705883,72428,72428.0,72428.0
BR,2020-03-15,3,Authorize_Schools_but_Restrict_Mass_Gatherings_and_Others-Restrict_Mass_Gatherings_and_Schools_and_Others-Restrict_Mass_Gatherings_and_Schools_and_Others,53535087615.53214,53437875184.95515,53632300046.10914,0,29771171988.892273,27510528302.793896,32031815674.990654,200495798.85365856,200495798.85365856,200495798.85365856,46268184328.923935,46187623083.00487,46348745574.843,139656,104030.0,175282.0,6760,6295.0,7225.0,274191.82352941175,274191.82352941175,274191.82352941175,9570.176470588236,9570.176470588236,9570.176470588236,54231,54231.0,54231.0
BR,2020-03-15,3,Authorize_Schools_but_Restrict_Mass_Gatherings_and_Others-Restrict_Mass_Gatherings_and_Schools_and_Others-Lockdown,60689388370.630905,60595818745.724495,60782957995.537315,0,28728892270.996628,26546926824.081806,30910857717.91145,196656640.02439028,196656640.02439028,196656640.02439028,46256348659.437035,46178806255.46772,46333891063.40634,134422,100131.0,168713.0,6524,6075.0,6973.0,269093.9411764706,269093.9411764706,269093.9411764706,9364.058823529413,9364.058823529413,9364.058823529413,53063,53063.0,53063.0
BR,2020-03-15,3,Authorize_Schools_but_Restrict_Mass_Gatherings_and_Others-Lockdown-No_Measure,39313739891.17959,38946856150.63057,39680623631.7286,0,105680937065.13713,97602028013.00354,113759846117.2707,411097863.00000006,411097863.00000006,411097863.00000006,47144236433.60888,46840194953.82439,47448277913.393364,527066,392612.0,661520.0,23936,22288.0,25584.0,551808.8823529412,551808.8823529412,551808.8823529412,21182.117647058825,21182.117647058825,21182.117647058825,120032,120032.0,120032.0
BR,2020-03-15,3,Authorize_Schools_but_Restrict_Mass_Gatherings_and_Others-Lockdown-Restrict_Mass_Gatherings,43834187946.75678,43586051484.98871,44082324408.524864,0,72328005396.7751,66807206283.19474,77848804510.35547,322186812.1463415,322186812.1463415,322186812.1463415,46758473658.52688,46552839642.38989,46964107674.663864,356473,265537.0,447409.0,16390,15262.0,17518.0,434590.9411764706,434590.9411764706,434590.9411764706,16282.058823529413,16282.058823529413,16282.058823529413,92265,92265.0,92265.0
BR,2020-03-15,3,Authorize_Schools_but_Restrict_Mass_Gatherings_and_Others-Lockdown-Restrict_Mass_Gatherings_and_Schools,58524396140.88767,58426326900.5874,58622465381.187935,0,29908307227.155163,27632390566.025818,32184223888.284504,194427412.75609758,194427412.75609758,194427412.75609758,46270972517.7809,46189701222.14481,46352243813.416985,140889,104949.0,176829.0,6790,6322.0,7258.0,265699.4705882353,265699.4705882353,265699.4705882353,9309.529411764706,9309.529411764706,9309.529411764706,52754,52754.0,52754.0
BR,2020-03-15,3,Authorize_Schools_but_Restrict_Mass_Gatherings_and_Others-Lockdown-Authorize_Schools_but_Restrict_Mass_Gatherings_and_Others,46688636660.36915,46547516824.5147,46829756496.22359,0,42132500591.08521,38922902352.61892,45342098829.551506,234447321.6585366,234447321.6585366,234447321.6585366,46410820653.76638,46293872751.807236,46527768555.725525,202733,151016.0,254450.0,9557,8899.0,10215.0,318700.9411764706,318700.9411764706,318700.9411764706,11479.058823529413,11479.058823529413,11479.058823529413,65048,65048.0,65048.0
BR,2020-03-15,3,Authorize_Schools_but_Restrict_Mass_Gatherings_and_Others-Lockdown-Restrict_Mass_Gatherings_and_Schools_and_Others,60664871060.55584,60577555600.89062,60752186520.22106,0,26838568477.218063,24798163172.98339,28878973781.452736,183471098.85365856,183471098.85365856,183471098.85365856,46236030835.52801,46163671342.23199,46308390328.824036,125437,93438.0,157436.0,6095,5675.0,6515.0,251162.41176470587,251162.41176470587,251162.41176470587,8719.588235294119,8719.588235294119,8719.588235294119,49411,49411.0,49411.0
BR,2020-03-15,3,Authorize_Schools_but_Restrict_Mass_Gatherings_and_Others-Lockdown-Lockdown,67821210149.61408,67737019043.87606,67905401255.3521,0,25946390043.353756,23974639093.480167,27918140993.22735,180178865.92682928,180178865.92682928,180178865.92682928,46225884360.75007,46156114061.485855,46295654660.01428,120950,90096.0,151804.0,5893,5487.0,6299.0,246791.23529411765,246791.23529411765,246791.23529411765,8542.764705882353,8542.764705882353,8542.764705882353,48409,48409.0,48409.0
BR,2020-03-15,3,Restrict_Mass_Gatherings_and_Schools_and_Others-No_Measure-No_Measure,30756929085.550064,28637094511.994556,32876763659.105576,0,603470366922.0579,557290838561.0247,649649895283.0912,2067662272.0975611,2067662272.0975611,2067662272.0975611,52838884912.82288,51082149551.15855,54595620274.48722,3045368,2268500.0,3822236.0,136613,127209.0,146017.0,2748839.529411765,2748839.529411765,2748839.529411765,110519.4705882353,110519.4705882353,110519.4705882353,626277,626277.0,626277.0
BR,2020-03-15,3,Restrict_Mass_Gatherings_and_Schools_and_Others-No_Measure-Restrict_Mass_Gatherings,32985561209.519314,31569112844.89981,34402009574.13882,0,405395088045.2853,374388727733.5857,436401448356.98486,1518688066.9024394,1518688066.9024394,1518688066.9024394,50553863516.47566,49380033746.38887,51727693286.562454,2034880,1515786.0,2553974.0,91794,85475.0,98113.0,2024627.705882353,2024627.705882353,2024627.705882353,80333.29411764706,80333.29411764706,80333.29411764706,455222,455222.0,455222.0
BR,2020-03-15,3,Restrict_Mass_Gatherings_and_Schools_and_Others-No_Measure-Restrict_Mass_Gatherings_and_Schools,44458307000.71955,44012692269.89832,44903921731.54079,0,130673832496.23792,120703061876.30331,140644603116.17252,678415312.7560977,678415312.7560977,678415312.7560977,47400008100.464935,47030721192.38361,47769295008.54625,640174,476867.0,803481.0,29619,27580.0,31658.0,913580.6470588235,913580.6470588235,913580.6470588235,34512.352941176476,34512.352941176476,34512.352941176476,195570,195570.0,195570.0
BR,2020-03-15,3,Restrict_Mass_Gatherings_and_Schools_and_Others-No_Measure-Authorize_Schools_but_Restrict_Mass_Gatherings_and_Others,33587478990.204933,32852663690.8466,34322294289.563267,0,212826854246.31012,196568489162.54474,229085219330.07547,948537982.2439024,948537982.2439024,948537982.2439024,48339507896.105835,47730556595.48165,48948459196.73003,1055642,786350.0,1324934.0,48215,44896.0,51534.0,1271320.2352941176,1271320.2352941176,1271320.2352941176,49156.76470588236,49156.76470588236,49156.76470588236,278555,278555.0,278555.0
BR,2020-03-15,3,Restrict_Mass_Gatherings_and_Schools_and_Others-No_Measure-Restrict_Mass_Gatherings_and_Schools_and_Others,46351303073.72573,45979575902.4162,46723030245.03526,0,109591782547.10138,101235783520.1498,117947781574.05295,603286557.3658537,603286557.3658537,603286557.3658537,47159977376.5394,46851922080.67939,47468032672.3994,534027,397798.0,670256.0,24846,23136.0,26556.0,813906.1176470588,813906.1176470588,813906.1176470588,30465.88235294118,30465.88235294118,30465.88235294118,172640,172640.0,172640.0
BR,2020-03-15,3,Restrict_Mass_Gatherings_and_Schools_and_Others-No_Measure-Lockdown,53435219911.620674,53085090348.46297,53785349474.77838,0,103417410404.45627,95532703949.1323,111302116859.78026,580568963.7804879,580568963.7804879,580568963.7804879,47089813610.234535,46799656542.11409,47379970678.35499,502999,374685.0,631313.0,23448,21834.0,25062.0,783743.2352941176,783743.2352941176,783743.2352941176,29245.764705882353,29245.764705882353,29245.764705882353,165726,165726.0,165726.0
BR,2020-03-15,3,Restrict_Mass_Gatherings_and_Schools_and_Others-Restrict_Mass_Gatherings-No_Measure,31963845630.148453,30808033871.69924,33119657388.597664,0,328981582975.04614,303804528003.38135,354158637946.71094,1122132382.3170733,1122132382.3170733,1122132382.3170733,49707154103.281364,48749317386.76364,50664990819.799095,1660446,1236869.0,2084023.0,74474,69347.0,79601.0,1492626.7647058824,1492626.7647058824,1492626.7647058824,59857.23529411765,59857.23529411765,59857.23529411765,339191,339191.0,339191.0
BR,2020-03-15,3,Restrict_Mass_Gatherings_and_Schools_and_Others-Restrict_Mass_Gatherings-Restrict_Mass_Gatherings,35401567250.932594,34640703844.50954,36162430657.35566,0,217931184761.0184,201264421007.2825,234597948514.75433,821356948.0975611,821356948.0975611,821356948.0975611,48424121400.282555,47793583683.739,49054659116.82611,1093060,814222.0,1371898.0,49348,45951.0,52745.0,1095990.8235294118,1095990.8235294118,1095990.8235294118,43296.17647058824,43296.17647058824,43296.17647058824,245345,245345.0,245345.0
BR,2020-03-15,3,Restrict_Mass_Gatherings_and_Schools_and_Others-Restrict_Mass_Gatherings-Restrict_Mass_Gatherings_and_Schools,48635610948.20774,48396277251.303566,48874944645.111916,0,70450094527.34616,65074258272.08196,75825930782.61038,375028040.41463417,375028040.41463417,375028040.41463417,46729877197.63055,46531538150.87926,46928216244.381836,343827,256117.0,431537.0,15971,14871.0,17071.0,505947.5882352941,505947.5882352941,505947.5882352941,18940.411764705885,18940.411764705885,18940.411764705885,107329,107329.0,107329.0
BR,2020-03-15,3,Restrict_Mass_Gatherings_and_Schools_and_Others-Restrict_Mass_Gatherings-Authorize_Schools_but_Restrict_Mass_Gatherings_and_Others,37229336891.90457,36837395559.99003,37621278223.81912,0,113789056251.31258,105097198097.49228,122480914405.13286,516824215.9756098,516824215.9756098,516824215.9756098,47225645668.839676,46900838626.789566,47550452710.88978,563067,419430.0,706704.0,25781,24006.0,27556.0,693719.7058823529,693719.7058823529,693719.7058823529,26630.29411764706,26630.29411764706,26630.29411764706,150905,150905.0,150905.0
BR,2020-03-15,3,Restrict_Mass_Gatherings_and_Schools_and_Others-Restrict_Mass_Gatherings-Restrict_Mass_Gatherings_and_Schools_and_Others,50666929946.347496,50466199074.777985,50867660817.91701,0,59438558905.275055,54906843464.765526,63970274345.784584,335868264.43902445,335868264.43902445,335868264.43902445,46604476538.2121,46438128170.90888,46770824905.51531,288372,214809.0,361935.0,13478,12550.0,14406.0,453992.5882352941,453992.5882352941,453992.5882352941,16831.411764705885,16831.411764705885,16831.411764705885,95378,95378.0,95378.0
BR,2020-03-15,3,Restrict_Mass_Gatherings_and_Schools_and_Others-Restrict_Mass_Gatherings-Lockdown,57791400625.34825,57601922885.30345,57980878365.39304,0,56223223808.08235,51936986366.71822,60509461249.446495,324053004.0,324053004.0,324053004.0,46567920284.30968,46410897538.130646,46724943030.4887,272206,202767.0,341645.0,12750,11872.0,13628.0,438307.5294117647,438307.5294117647,438307.5294117647,16196.470588235296,16196.470588235296,16196.470588235296,91780,91780.0,91780.0
BR,2020-03-15,3,Restrict_Mass_Gatherings_and_Schools_and_Others-Restrict_Mass_Gatherings_and_Schools-No_Measure,43272198559.603294,43129157723.60496,43415239395.60162,0,41134424672.950874,37991065809.20588,44277783536.69588,155726769.80487806,155726769.80487806,155726769.80487806,46417064116.40553,46298524255.84518,46535603976.9659,205494,153073.0,257915.0,9316,8675.0,9957.0,208787.88235294117,208787.88235294117,208787.88235294117,8060.117647058824,8060.117647058824,8060.117647058824,45674,45674.0,45674.0
BR,2020-03-15,3,Restrict_Mass_Gatherings_and_Schools_and_Others-Restrict_Mass_Gatherings_and_Schools-Restrict_Mass_Gatherings,48073109907.494965,47977270009.69123,48168949805.2987,0,27878905969.37213,25749427939.05414,30008383999.690125,120655887.80487806,120655887.80487806,120655887.80487806,46263725035.79666,46184301226.207726,46343148845.38559,137684,102561.0,172807.0,6317,5882.0,6752.0,162551.76470588235,162551.76470588235,162551.76470588235,6127.235294117648,6127.235294117648,6127.235294117648,34721,34721.0,34721.0
BR,2020-03-15,3,Restrict_Mass_Gatherings_and_Schools_and_Others-Restrict_Mass_Gatherings_and_Schools-Restrict_Mass_Gatherings_and_Schools,63118463003.227394,63082092249.08265,63154833757.37215,0,11074279714.427607,10232613024.11995,11915946404.735266,70300147.09756097,70300147.09756097,70300147.09756097,46070537241.45102,46040396309.354935,46100678173.547104,52252,38923.0,65581.0,2514,2341.0,2687.0,95995.70588235294,95995.70588235294,95995.70588235294,3377.294117647059,3377.294117647059,3377.294117647059,19138,19138.0,19138.0
BR,2020-03-15,3,Restrict_Mass_Gatherings_and_Schools_and_Others-Restrict_Mass_Gatherings_and_Schools-Authorize_Schools_but_Restrict_Mass_Gatherings_and_Others,51180846855.988556,51127410853.40647,51234282858.57063,0,15920641150.140844,14705966311.480604,17135315988.801085,86086848.87804879,86086848.87804879,86086848.87804879,46125975390.6946,46081692258.18371,46170258523.20549,76768,57185.0,96351.0,3611,3362.0,3860.0,116899.29411764706,116899.29411764706,116899.29411764706,4233.705882352941,4233.705882352941,4233.705882352941,23991,23991.0,23991.0
BR,2020-03-15,3,Restrict_Mass_Gatherings_and_Schools_and_Others-Restrict_Mass_Gatherings_and_Schools-Restrict_Mass_Gatherings_and_Schools_and_Others,65284358430.48147,65252258081.48613,65316458779.4768,0,9855220724.786943,9106818337.832806,10603623111.741083,65970415.90243903,65970415.90243903,65970415.90243903,46056661875.0063,46030059884.97116,46083263865.04144,46116,34352.0,57880.0,2238,2084.0,2392.0,90250.82352941176,90250.82352941176,90250.82352941176,3144.1764705882356,3144.1764705882356,3144.1764705882356,17817,17817.0,17817.0
BR,2020-03-15,3,Restrict_Mass_Gatherings_and_Schools_and_Others-Restrict_Mass_Gatherings_and_Schools-Lockdown,72448073177.76265,72417214384.25804,72478931971.26726,0,9501825731.501911,8778319506.398962,10225331956.604858,64668945.804878056,64668945.804878056,64668945.804878056,46052627707.18731,46027054610.850395,46078200803.524216,44332,33023.0,55641.0,2158,2009.0,2307.0,88525.05882352941,88525.05882352941,88525.05882352941,3073.9411764705883,3073.9411764705883,3073.9411764705883,17419,17419.0,17419.0
BR,2020-03-15,3,Restrict_Mass_Gatherings_and_Schools_and_Others-Authorize_Schools_but_Restrict_Mass_Gatherings_and_Others-No_Measure,32220507294.06413,31834402637.302673,32606611950.825584,0,110196885796.85588,101763918836.89714,118629852756.8146,386700934.0243902,386700934.0243902,386700934.0243902,47206680105.21976,46886709994.20375,47526650216.235756,554680,413182.0,696178.0,24949,23231.0,26667.0,515729.1176470588,515729.1176470588,515729.1176470588,20424.88235294118,20424.88235294118,20424.88235294118,115741,115741.0,115741.0
BR,2020-03-15,3,Restrict_Mass_Gatherings_and_Schools_and_Others-Authorize_Schools_but_Restrict_Mass_Gatherings_and_Others-Restrict_Mass_Gatherings,36685068980.39843,36431969025.36084,36938168935.43602,0,72839489023.69955,67269934387.47454,78409043659.92458,287210841.36585367,287210841.36585367,287210841.36585367,46774603545.888374,46564856216.26329,46984350875.51345,363606,270851.0,456361.0,16497,15361.0,17633.0,384563.0588235294,384563.0588235294,384563.0588235294,14941.94117647059,14941.94117647059,14941.94117647059,84671,84671.0,84671.0
BR,2020-03-15,3,Restrict_Mass_Gatherings_and_Schools_and_Others-Authorize_Schools_but_Restrict_Mass_Gatherings_and_Others-Restrict_Mass_Gatherings_and_Schools,51301004869.25017,51216914725.16744,51385095013.33289,0,25068526609.28701,23156369332.417496,26980683886.15652,143622030.14634147,143622030.14634147,143622030.14634147,46225551948.93987,46155865317.954414,46295238579.92533,120803,89986.0,151620.0,5686,5294.0,6078.0,194759.5294117647,194759.5294117647,194759.5294117647,7103.470588235295,7103.470588235295,7103.470588235295,40253,40253.0,40253.0
BR,2020-03-15,3,Restrict_Mass_Gatherings_and_Schools_and_Others-Authorize_Schools_but_Restrict_Mass_Gatherings_and_Others-Authorize_Schools_but_Restrict_Mass_Gatherings_and_Others,39487181354.86334,39354446793.78471,39619915915.94197,0,38878852316.67497,35910372593.0188,41847332040.33113,188706045.80487806,188706045.80487806,188706045.80487806,46383578714.46399,46273579802.25136,46493577626.67662,190686,142042.0,239330.0,8812,8205.0,9419.0,254460.35294117648,254460.35294117648,254460.35294117648,9548.64705882353,9548.64705882353,9548.64705882353,54109,54109.0,54109.0
BR,2020-03-15,3,Restrict_Mass_Gatherings_and_Schools_and_Others-Authorize_Schools_but_Restrict_Mass_Gatherings_and_Others-Restrict_Mass_Gatherings_and_Schools_and_Others,53435850494.462585,53363952152.42943,53507748836.49574,0,21588055314.517784,19945364495.00711,23230746134.02846,131249759.48780489,131249759.48780489,131249759.48780489,46185945194.82006,46126362073.82075,46245528315.819374,103288,76939.0,129637.0,4898,4561.0,5235.0,178347.23529411765,178347.23529411765,178347.23529411765,6436.764705882353,6436.764705882353,6436.764705882353,36475,36475.0,36475.0
BR,2020-03-15,3,Restrict_Mass_Gatherings_and_Schools_and_Others-Authorize_Schools_but_Restrict_Mass_Gatherings_and_Others-Lockdown,60590535995.328804,60522184954.697716,60658887035.959885,0,20576574178.129803,19008040306.006447,22145108050.253162,127528053.29268293,127528053.29268293,127528053.29268293,46174428369.31437,46117784944.59572,46231071794.03302,98195,73146.0,123244.0,4669,4347.0,4991.0,173400.29411764705,173400.29411764705,173400.29411764705,6237.705882352941,6237.705882352941,6237.705882352941,35347,35347.0,35347.0
BR,2020-03-15,3,Restrict_Mass_Gatherings_and_Schools_and_Others-Restrict_Mass_Gatherings_and_Schools_and_Others-No_Measure,45268366529.54194,45172895005.345345,45363838053.73853,0,27607786448.40864,25496352697.724354,29719220199.092934,110025831.21951221,110025831.21951221,110025831.21951221,46262533328.15057,46183414794.71386,46341651861.58729,137157,102169.0,172145.0,6254,5823.0,6685.0,148003.5294117647,148003.5294117647,148003.5294117647,5621.470588235295,5621.470588235295,5621.470588235295,31855,31855.0,31855.0
BR,2020-03-15,3,Restrict_Mass_Gatherings_and_Schools_and_Others-Restrict_Mass_Gatherings_and_Schools_and_Others-Restrict_Mass_Gatherings,50134706487.44806,50069744484.00264,50199668490.89348,0,19041766838.27907,17589266407.323414,20494267269.234734,87361032.00000001,87361032.00000001,87361032.00000001,46163415814.78605,46109580930.66785,46217250698.90426,93325,69518.0,117132.0,4316,4019.0,4613.0,118127.29411764706,118127.29411764706,118127.29411764706,4371.705882352941,4371.705882352941,4371.705882352941,24773,24773.0,24773.0
BR,2020-03-15,3,Restrict_Mass_Gatherings_and_Schools_and_Others-Restrict_Mass_Gatherings_and_Schools_and_Others-Restrict_Mass_Gatherings_and_Schools,65263074622.06905,65236404372.91227,65289744871.22584,0,8220221859.028929,7593969690.909489,8846474027.148369,54931054.68292683,54931054.68292683,54931054.68292683,46039023697.32234,46016921703.90144,46061125690.74324,38316,28542.0,48090.0,1867,1738.0,1996.0,75260.82352941176,75260.82352941176,75260.82352941176,2601.1764705882356,2601.1764705882356,2601.1764705882356,14740,14740.0,14740.0
BR,2020-03-15,3,Restrict_Mass_Gatherings_and_Schools_and_Others-Restrict_Mass_Gatherings_and_Schools_and_Others-Authorize_Schools_but_Restrict_Mass_Gatherings_and_Others,53301549663.38027,53263912795.504326,53339186531.25622,0,11334781006.436407,10472379635.622797,12197182377.250017,65084182.3902439,65084182.3902439,65084182.3902439,46074648293.63428,46043458116.09648,46105838471.17208,54070,40277.0,67863.0,2572,2395.0,2749.0,88701.5294117647,88701.5294117647,88701.5294117647,3152.470588235294,3152.470588235294,3152.470588235294,17864,17864.0,17864.0
BR,2020-03-15,3,Restrict_Mass_Gatherings_and_Schools_and_Others-Restrict_Mass_Gatherings_and_Schools_and_Others-Restrict_Mass_Gatherings_and_Schools_and_Others,67434970446.07939,67411039805.08236,67458901087.07642,0,7438418029.239319,6875432107.598221,8001403950.880417,52150749.14634147,52150749.14634147,52150749.14634147,46030120940.20161,46010289296.831314,46049952583.57191,34379,25609.0,43149.0,1690,1574.0,1806.0,71571.4705882353,71571.4705882353,71571.4705882353,2451.529411764706,2451.529411764706,2451.529411764706,13892,13892.0,13892.0
BR,2020-03-15,3,Restrict_Mass_Gatherings_and_Schools_and_Others-Restrict_Mass_Gatherings_and_Schools_and_Others-Lockdown,74600434285.82112,74577300423.29286,74623568148.34938,0,7213082109.211685,6665189257.376051,7760974961.047318,51314937.2195122,51314937.2195122,51314937.2195122,46027536268.77946,46008364926.41989,46046707611.13902,33236,24758.0,41714.0,1639,1526.0,1752.0,70461.29411764706,70461.29411764706,70461.29411764706,2406.7058823529414,2406.7058823529414,2406.7058823529414,13638,13638.0,13638.0
BR,2020-03-15,3,Restrict_Mass_Gatherings_and_Schools_and_Others-Lockdown-No_Measure,52386304716.57611,52303750826.86981,52468858606.2824,0,23932426182.178703,22105339343.392212,25759513020.965195,97566360.87804878,97566360.87804878,97566360.87804878,46220563510.48208,46152149994.11663,46288977026.84753,118597,88343.0,148851.0,5422,5049.0,5795.0,131425.41176470587,131425.41176470587,131425.41176470587,4957.588235294118,4957.588235294118,4957.588235294118,28093,28093.0,28093.0
BR,2020-03-15,3,Restrict_Mass_Gatherings_and_Schools_and_Others-Lockdown-Restrict_Mass_Gatherings,57270613120.430405,57213987275.27985,57327238965.58096,0,16656898526.79185,15386078310.336992,17927718743.246708,78321924.73170732,78321924.73170732,78321924.73170732,46136336689.43151,46089410091.57285,46183263287.29017,81350,60598.0,102102.0,3776,3516.0,4036.0,106059.88235294117,106059.88235294117,106059.88235294117,3896.117647058824,3896.117647058824,3896.117647058824,22078,22078.0,22078.0
BR,2020-03-15,3,Restrict_Mass_Gatherings_and_Schools_and_Others-Lockdown-Restrict_Mass_Gatherings_and_Schools,72421482060.71405,72397406798.96754,72445557322.46056,0,7457059267.121271,6889404858.499435,8024713675.743106,50763858.951219514,50763858.951219514,50763858.951219514,46030591291.606514,46010639799.080154,46050542784.132866,34587,25764.0,43410.0,1694,1577.0,1811.0,69632.29411764706,69632.29411764706,69632.29411764706,2391.7058823529414,2391.7058823529414,2391.7058823529414,13553,13553.0,13553.0
BR,2020-03-15,3,Restrict_Mass_Gatherings_and_Schools_and_Others-Lockdown-Authorize_Schools_but_Restrict_Mass_Gatherings_and_Others,60453525571.71398,60420123635.97343,60486927507.45454,0,10103425655.495779,9334182280.40244,10872669030.589119,59394254.780487806,59394254.780487806,59394254.780487806,46060885992.43113,46033205359.99147,46088566624.87079,47984,35743.0,60225.0,2293,2135.0,2451.0,81058.94117647059,81058.94117647059,81058.94117647059,2860.058823529412,2860.058823529412,2860.058823529412,16207,16207.0,16207.0
BR,2020-03-15,3,Restrict_Mass_Gatherings_and_Schools_and_Others-Lockdown-Restrict_Mass_Gatherings_and_Schools_and_Others,74594979627.7421,74573237398.8408,74616721856.64339,0,6790167688.223096,6276090919.177377,7304244457.268814,48401755.97560976,48401755.97560976,48401755.97560976,46023015920.42174,46004997843.52612,46041033997.31735,31237,23269.0,39205.0,1543,1437.0,1649.0,66500.88235294117,66500.88235294117,66500.88235294117,2264.117647058824,2264.117647058824,2264.117647058824,12830,12830.0,12830.0
BR,2020-03-15,3,Restrict_Mass_Gatherings_and_Schools_and_Others-Lockdown-Lockdown,81760907345.35948,81739841832.41797,81781972858.301,0,6595867497.500379,6096523987.809123,7095211007.191633,47689921.82926831,47689921.82926831,47689921.82926831,46020815670.82091,46003358397.523445,46038272944.11836,30264,22544.0,37984.0,1499,1396.0,1602.0,65551.4705882353,65551.4705882353,65551.4705882353,2226.529411764706,2226.529411764706,2226.529411764706,12617,12617.0,12617.0
BR,2020-03-15,3,Lockdown-No_Measure-No_Measure,36833813443.185326,34992469316.62606,38675157569.7446,0,524026570674.0701,483924666733.76184,564128474614.3784,1786564899.658537,1786564899.658537,1786564899.658537,51934179814.620834,50408233224.036606,53460126405.20506,2645287,1970479.0,3320095.0,118627,110461.0,126793.0,2374947.1764705884,2374947.1764705884,2374947.1764705884,95522.82352941178,95522.82352941178,95522.82352941178,541296,541296.0,541296.0
BR,2020-03-15,3,Lockdown-No_Measure-Restrict_Mass_Gatherings,39397253516.94874,38173887496.33721,40620619537.560265,0,350073960047.2087,323296878404.9137,376851041689.5037,1307588905.2439024,1307588905.2439024,1307588905.2439024,49926618259.76644,48912798419.540794,50940438099.992096,1757498,1309164.0,2205832.0,79267,73810.0,84724.0,1743144.4117647058,1743144.4117647058,1743144.4117647058,69175.58823529413,69175.58823529413,69175.58823529413,391995,391995.0,391995.0
BR,2020-03-15,3,Lockdown-No_Measure-Restrict_Mass_Gatherings_and_Schools,51376523932.73711,50994776999.31343,51758270866.16079,0,111962551624.38344,103419826859.10681,120505276389.66008,581434435.4634147,581434435.4634147,581434435.4634147,47192526598.28079,46876167791.08034,47508885405.48125,548421,408520.0,688322.0,25378,23631.0,27125.0,783042.2352941176,783042.2352941176,783042.2352941176,29569.764705882353,29569.764705882353,29569.764705882353,167562,167562.0,167562.0
BR,2020-03-15,3,Lockdown-No_Measure-Authorize_Schools_but_Restrict_Mass_Gatherings_and_Others,40349284488.631744,39718235941.364075,40980333035.899414,0,182775382676.8839,168814243974.58737,196736521379.18048,813968109.6585367,813968109.6585367,813968109.6585367,48002406139.68808,47479447739.18768,48525364540.18848,906568,675304.0,1137832.0,41407,38557.0,44257.0,1090993.6470588236,1090993.6470588236,1090993.6470588236,42177.352941176476,42177.352941176476,42177.352941176476,239005,239005.0,239005.0
BR,2020-03-15,3,Lockdown-No_Measure-Restrict_Mass_Gatherings_and_Schools_and_Others,53310283956.23982,52992025531.83301,53628542380.64664,0,93848638546.86353,86690472172.94524,101006804920.78181,516911415.6585367,516911415.6585367,516911415.6585367,46986277507.2297,46722532479.53856,47250022534.92084,457213,340579.0,573847.0,21277,19812.0,22742.0,697433.7647058824,697433.7647058824,697433.7647058824,26095.23529411765,26095.23529411765,26095.23529411765,147873,147873.0,147873.0
BR,2020-03-15,3,Lockdown-No_Measure-Lockdown,60406185215.48699,60106468262.63945,60705902168.33453,0,88544492579.92154,81793403939.9635,95295581219.87958,497417837.5609757,497417837.5609757,497417837.5609757,46926045391.74381,46677665930.3812,47174424853.10642,430577,320738.0,540416.0,20076,18694.0,21458.0,671552.9411764706,671552.9411764706,671552.9411764706,25048.058823529413,25048.058823529413,25048.058823529413,141939,141939.0,141939.0
BR,2020-03-15,3,Lockdown-Restrict_Mass_Gatherings-No_Measure,38504528731.33063,37508894003.34513,39500163459.31613,0,283359960825.0435,261674075007.1179,305045846642.9691,964343073.0731707,964343073.0731707,964343073.0731707,49186805248.55627,48361709386.939316,50011901110.17322,1430336,1065460.0,1795212.0,64146,59730.0,68562.0,1282738.3529411764,1282738.3529411764,1282738.3529411764,51440.64705882353,51440.64705882353,51440.64705882353,291497,291497.0,291497.0
BR,2020-03-15,3,Lockdown-Restrict_Mass_Gatherings-Restrict_Mass_Gatherings,42151221877.710625,41497227747.75835,42805216007.66291,0,187318148950.20047,172991790038.58752,201644507861.81342,705314338.7560976,705314338.7560976,705314338.7560976,48076950053.45112,47534976340.62452,48618923766.277725,939533,699860.0,1179206.0,42416,39496.0,45336.0,941185.4705882353,941185.4705882353,941185.4705882353,37173.529411764706,37173.529411764706,37173.529411764706,210650,210650.0,210650.0
BR,2020-03-15,3,Lockdown-Restrict_Mass_Gatherings-Restrict_Mass_Gatherings_and_Schools,55671581914.613655,55466078558.31167,55877085270.91564,0,60511042860.54616,55897263691.609566,65124822029.48274,322386718.90243906,322386718.90243906,322386718.90243906,46619980044.13533,46449676654.68221,46790283433.58845,295228,219916.0,370540.0,13718,12774.0,14662.0,434976.17647058825,434976.17647058825,434976.17647058825,16274.823529411766,16274.823529411766,16274.823529411766,92224,92224.0,92224.0
BR,2020-03-15,3,Lockdown-Restrict_Mass_Gatherings-Authorize_Schools_but_Restrict_Mass_Gatherings_and_Others,44180287229.783066,43843863893.50427,44516710566.06186,0,97687274602.34743,90224800885.3831,105149748319.31175,443845792.902439,443845792.902439,443845792.902439,47045290779.41153,46766492245.45858,47324089313.36448,483310,360019.0,606601.0,22133,20609.0,23657.0,595810.1764705882,595810.1764705882,595810.1764705882,22862.823529411766,22862.823529411766,22862.823529411766,129556,129556.0,129556.0
BR,2020-03-15,3,Lockdown-Restrict_Mass_Gatherings-Restrict_Mass_Gatherings_and_Schools_and_Others,57724503978.292,57552091486.68454,57896916469.89946,0,51067701609.9325,47175647711.60838,54959755508.256615,288859330.6097561,288859330.6097561,288859330.6097561,46512482135.06609,46369601589.301865,46655362680.830315,247690,184505.0,310875.0,11580,10783.0,12377.0,390499.70588235295,390499.70588235295,390499.70588235295,14468.29411764706,14468.29411764706,14468.29411764706,81987,81987.0,81987.0
BR,2020-03-15,3,Lockdown-Restrict_Mass_Gatherings-Lockdown,64855277939.014885,64692508649.834274,65018047228.19549,0,48311704770.916046,44630658588.12741,51992750953.70468,278744760.5853659,278744760.5853659,278744760.5853659,46481149495.32392,46346260400.83343,46616038589.814415,233834,174183.0,293485.0,10956,10202.0,11710.0,377068.70588235295,377068.70588235295,377068.70588235295,13925.29411764706,13925.29411764706,13925.29411764706,78910,78910.0,78910.0
BR,2020-03-15,3,Lockdown-Restrict_Mass_Gatherings_and_Schools-No_Measure,50360243910.59157,50237747407.097984,50482740414.08515,0,35247705234.25074,32551307028.489388,37944103440.01209,134100655.24390244,134100655.24390244,134100655.24390244,46350321704.3104,46248807207.82472,46451836200.79608,175979,131087.0,220871.0,7983,7433.0,8533.0,179860.29411764705,179860.29411764705,179860.29411764705,6930.705882352941,6930.705882352941,6930.705882352941,39274,39274.0,39274.0
BR,2020-03-15,3,Lockdown-Restrict_Mass_Gatherings_and_Schools-Restrict_Mass_Gatherings,55187890996.281296,55105776426.21018,55270005566.35241,0,23910334034.97125,22084563775.335007,25736104294.60749,104094473.19512196,104094473.19512196,104094473.19512196,46219138888.43837,46151089442.15076,46287188334.72598,117967,87874.0,148060.0,5418,5045.0,5791.0,140304.5294117647,140304.5294117647,140304.5294117647,5276.470588235295,5276.470588235295,5276.470588235295,29900,29900.0,29900.0
BR,2020-03-15,3,Lockdown-Restrict_Mass_Gatherings_and_Schools-Restrict_Mass_Gatherings_and_Schools,70267450992.3032,70236079204.442,70298822780.16443,0,9571395095.63898,8842116419.671543,10300673771.606417,61134689.26829268,61134689.26829268,61134689.26829268,46054298811.45762,46028300589.81243,46080297033.10281,45071,33574.0,56568.0,2173,2023.0,2323.0,83517.64705882352,83517.64705882352,83517.64705882352,2931.3529411764707,2931.3529411764707,2931.3529411764707,16611,16611.0,16611.0
BR,2020-03-15,3,Lockdown-Restrict_Mass_Gatherings_and_Schools-Authorize_Schools_but_Restrict_Mass_Gatherings_and_Others,58319935145.45921,58274022150.5429,58365848140.37553,0,13697770657.354689,12653868977.265776,14741672337.4436,74581829.48780489,74581829.48780489,74581829.48780489,46101532946.77333,46063484231.68227,46139581661.864395,65959,49133.0,82785.0,3107,2893.0,3321.0,101329.0,101329.0,101329.0,3660.0000000000005,3660.0000000000005,3660.0000000000005,20740,20740.0,20740.0
BR,2020-03-15,3,Lockdown-Restrict_Mass_Gatherings_and_Schools-Restrict_Mass_Gatherings_and_Schools_and_Others,72435706739.33636,72408002315.3862,72463411163.28651,0,8524577730.926595,7878285970.672453,9170869491.180737,57401119.170731716,57401119.170731716,57401119.170731716,46042379473.69196,46019420445.740005,46065338501.64391,39800,29647.0,49953.0,1936,1803.0,2069.0,78567.17647058824,78567.17647058824,78567.17647058824,2729.823529411765,2729.823529411765,2729.823529411765,15469,15469.0,15469.0
BR,2020-03-15,3,Lockdown-Restrict_Mass_Gatherings_and_Schools-Lockdown,79600111846.04424,79573474341.2081,79626749350.88039,0,8219837516.047178,7593683478.050738,8845991554.04362,56280573.58536586,56280573.58536586,56280573.58536586,46038917415.99528,46016842558.23235,46060992273.7582,38269,28507.0,48031.0,1867,1738.0,1996.0,77078.17647058824,77078.17647058824,77078.17647058824,2669.823529411765,2669.823529411765,2669.823529411765,15129,15129.0,15129.0
BR,2020-03-15,3,Lockdown-Authorize_Schools_but_Restrict_Mass_Gatherings_and_Others-No_Measure,39172044301.02065,38841307561.75871,39502781040.28259,0,94410258153.9686,87189285552.05212,101631230755.88506,331696916.34146345,331696916.34146345,331696916.34146345,47026811396.33034,46752725421.64577,47300897371.0149,475138,353931.0,596345.0,21375,19904.0,22846.0,442444.1176470588,442444.1176470588,442444.1176470588,17508.88235294118,17508.88235294118,17508.88235294118,99217,99217.0,99217.0
BR,2020-03-15,3,Lockdown-Authorize_Schools_but_Restrict_Mass_Gatherings_and_Others-Restrict_Mass_Gatherings,43710826447.45977,43494160006.51482,43927492888.40473,0,62374324700.34771,57604274047.79122,67144375352.904205,246476725.5365854,246476725.5365854,246476725.5365854,46656242328.40968,46476687940.891815,46835796715.92755,311264,231861.0,390667.0,14127,13154.0,15100.0,330092.8823529412,330092.8823529412,330092.8823529412,12812.117647058825,12812.117647058825,12812.117647058825,72602,72602.0,72602.0
BR,2020-03-15,3,Lockdown-Authorize_Schools_but_Restrict_Mass_Gatherings_and_Others-Restrict_Mass_Gatherings_and_Schools,58422664994.06312,58350545627.86568,58494784360.26056,0,21518667598.35024,19879549479.446804,23157785717.253677,123735163.68292685,123735163.68292685,123735163.68292685,46186666551.06124,46126900264.37059,46246432837.751884,103607,77177.0,130037.0,4881,4545.0,5217.0,167849.82352941178,167849.82352941178,167849.82352941178,6111.176470588236,6111.176470588236,6111.176470588236,34630,34630.0,34630.0
BR,2020-03-15,3,Lockdown-Authorize_Schools_but_Restrict_Mass_Gatherings_and_Others-Authorize_Schools_but_Restrict_Mass_Gatherings_and_Others,46581096125.325356,46467410572.77583,46694781677.874886,0,33323118543.896687,30780177886.857224,35866059200.93615,162258441.29268295,162258441.29268295,162258441.29268295,46321700369.06093,46227487625.87544,46415913112.246414,163322,121659.0,204985.0,7553,7033.0,8073.0,218860.0588235294,218860.0588235294,218860.0588235294,8200.94117647059,8200.94117647059,8200.94117647059,46472,46472.0,46472.0
BR,2020-03-15,3,Lockdown-Authorize_Schools_but_Restrict_Mass_Gatherings_and_Others-Restrict_Mass_Gatherings_and_Schools_and_Others,60564490616.95746,60502783944.72179,60626197289.19313,0,18550383531.549114,17137284422.88412,19963482640.21411,113173917.73170732,113173917.73170732,113173917.73170732,46152844214.69983,46101707067.24534,46203981362.15433,88650,66036.0,111264.0,4209,3919.0,4499.0,153834.0588235294,153834.0588235294,153834.0588235294,5542.941176470588,5542.941176470588,5542.941176470588,31410,31410.0,31410.0
BR,2020-03-15,3,Lockdown-Authorize_Schools_but_Restrict_Mass_Gatherings_and_Others-Lockdown,67721211723.08977,67662531171.8194,67779892274.36014,0,17684760422.744736,16340021278.071821,19029499567.41765,109994391.87804879,109994391.87804879,109994391.87804879,46143014322.598274,46094384962.20166,46191643682.99488,84303,62798.0,105808.0,4013,3737.0,4289.0,149611.70588235295,149611.70588235295,149611.70588235295,5372.2941176470595,5372.2941176470595,5372.2941176470595,30443,30443.0,30443.0
BR,2020-03-15,3,Lockdown-Restrict_Mass_Gatherings_and_Schools_and_Others-No_Measure,52382077970.520874,52300601914.70213,52463554026.339615,0,23585187982.739906,21782506655.1896,25387869310.290207,94738599.73170733,94738599.73170733,94738599.73170733,46217060749.29843,46149540448.34134,46284581050.25552,117048,87189.0,146907.0,5343,4975.0,5711.0,127509.0,127509.0,127509.0,4830.0,4830.0,4830.0,27370,27370.0,27370.0
BR,2020-03-15,3,Lockdown-Restrict_Mass_Gatherings_and_Schools_and_Others-Restrict_Mass_Gatherings,57266550095.97834,57210961154.314545,57322139037.64214,0,16318621135.84303,15072083767.970615,17565158503.715446,75527382.51219513,75527382.51219513,75527382.51219513,46132969606.53774,46086902304.51497,46179036908.56051,79861,59489.0,100233.0,3699,3444.0,3954.0,102186.5294117647,102186.5294117647,102186.5294117647,3770.470588235294,3770.470588235294,3770.470588235294,21366,21366.0,21366.0
BR,2020-03-15,3,Lockdown-Restrict_Mass_Gatherings_and_Schools_and_Others-Restrict_Mass_Gatherings_and_Schools,72417637331.73288,72394541670.91203,72440732992.55374,0,7136376392.742403,6592833104.987757,7679919680.497048,48017365.53658537,48017365.53658537,48017365.53658537,46027405113.09924,46008265429.00732,46046544797.19117,33178,24714.0,41642.0,1621,1509.0,1733.0,65822.29411764706,65822.29411764706,65822.29411764706,2268.7058823529414,2268.7058823529414,2268.7058823529414,12856,12856.0,12856.0
BR,2020-03-15,3,Lockdown-Restrict_Mass_Gatherings_and_Schools_and_Others-Authorize_Schools_but_Restrict_Mass_Gatherings_and_Others,60449618082.784935,60417214848.82373,60482021316.74614,0,9778319619.443672,9033244607.789272,10523394631.098072,56629372.317073174,56629372.317073174,56629372.317073174,46057647803.91274,46030794809.04133,46084500798.78415,46552,34677.0,58427.0,2219,2066.0,2372.0,77227.35294117648,77227.35294117648,77227.35294117648,2735.6470588235297,2735.6470588235297,2735.6470588235297,15502,15502.0,15502.0
BR,2020-03-15,3,Lockdown-Restrict_Mass_Gatherings_and_Schools_and_Others-Restrict_Mass_Gatherings_and_Schools_and_Others,74591151270.92125,74570383185.55884,74611919356.28366,0,6469533878.905728,5979551875.7067,6959515882.104757,45658821.73170733,45658821.73170733,45658821.73170733,46019843309.743454,46002632518.67261,46037054100.8143,29834,22223.0,37445.0,1470,1369.0,1571.0,62695.705882352944,62695.705882352944,62695.705882352944,2141.294117647059,2141.294117647059,2141.294117647059,12134,12134.0,12134.0
BR,2020-03-15,3,Lockdown-Restrict_Mass_Gatherings_and_Schools_and_Others-Lockdown,81757084445.92542,81736993076.52277,81777175815.32805,0,6279485122.140998,5804236378.296433,6754733865.985563,44948173.97560976,44948173.97560976,44948173.97560976,46017647582.75229,46000997595.279594,46034297570.224976,28863,21500.0,36226.0,1427,1329.0,1525.0,61750.64705882353,61750.64705882353,61750.64705882353,2103.3529411764707,2103.3529411764707,2103.3529411764707,11919,11919.0,11919.0
BR,2020-03-15,3,Lockdown-Lockdown-No_Measure,59509850368.518936,59438787006.66196,59580913730.37591,0,20625382251.324005,19048719934.01215,22202044568.635864,84649537.09756097,84649537.09756097,84649537.09756097,46183240674.24185,46124349512.52091,46242131835.9628,102092,76049.0,128135.0,4673,4351.0,4995.0,114085.70588235294,114085.70588235294,114085.70588235294,4292.2941176470595,4292.2941176470595,4292.2941176470595,24323,24323.0,24323.0
BR,2020-03-15,3,Lockdown-Lockdown-Restrict_Mass_Gatherings,64408484412.65082,64359692646.21206,64457276179.08958,0,14371089759.309362,13276210016.53182,15465969502.086905,68114816.2682927,68114816.2682927,68114816.2682927,46110885703.55549,46070451311.86743,46151320095.24355,70095,52214.0,87976.0,3258,3034.0,3482.0,92287.0,92287.0,92287.0,3381.0,3381.0,3381.0,19159,19159.0,19159.0
BR,2020-03-15,3,Lockdown-Lockdown-Restrict_Mass_Gatherings_and_Schools,79577605582.99481,79556709249.04324,79598501916.94638,0,6488003389.07243,5993401963.954163,6982604814.190697,44481329.41463415,44481329.41463415,44481329.41463415,46020266173.7469,46002949101.34898,46037583246.14482,30021,22363.0,37679.0,1474,1372.0,1576.0,61050.705882352944,61050.705882352944,61050.705882352944,2090.294117647059,2090.294117647059,2090.294117647059,11845,11845.0,11845.0
BR,2020-03-15,3,Lockdown-Lockdown-Authorize_Schools_but_Restrict_Mass_Gatherings_and_Others,67604374529.67919,67575496767.57297,67633252291.785416,0,8754345861.509727,8087597456.098134,9421094266.921322,51872540.63414635,51872540.63414635,51872540.63414635,46046189772.332664,46022258383.30326,46070121161.36206,41485,30902.0,52068.0,1987,1850.0,2124.0,70837.76470588235,70837.76470588235,70837.76470588235,2491.2352941176473,2491.2352941176473,2491.2352941176473,14117,14117.0,14117.0
BR,2020-03-15,3,Lockdown-Lockdown-Restrict_Mass_Gatherings_and_Schools_and_Others,81752434752.39531,81733530364.61568,81771339140.17496,0,5918274171.80099,5467758039.602614,6368790303.999366,42461500.02439025,42461500.02439025,42461500.02439025,46013794319.31979,45998127999.44871,46029460639.19087,27159,20231.0,34087.0,1345,1252.0,1438.0,58368.05882352941,58368.05882352941,58368.05882352941,1981.9411764705883,1981.9411764705883,1981.9411764705883,11231,11231.0,11231.0
BR,2020-03-15,3,Lockdown-Lockdown-Lockdown,88918749944.47354,88900424039.69177,88937075849.25531,0,5754780740.096188,5318703476.883275,6190858003.309099,41852288.63414635,41852288.63414635,41852288.63414635,46011915175.005,45996728251.75815,46027102098.251854,26328,19612.0,33044.0,1308,1218.0,1398.0,57559.882352941175,57559.882352941175,57559.882352941175,1949.1176470588236,1949.1176470588236,1949.1176470588236,11045,11045.0,11045.0
DE,2020-03-15,3,actual,58780916230.00001,58780916230.00001,58780916230.00001,0,10903205479.36306,,,280895168.95,,,19521002093.5425,,,181623,,,8779,,,574883.0,,,27954.0,,,107321,,
DE,2020-03-15,3,No_Measure-No_Measure-No_Measure,53685790060.389984,52920884306.670364,54450695814.109604,0,768108534041.2522,761676466948.7046,774540601133.7999,6076624777.123529,6076624777.123529,6076624777.123529,55565472361.3425,55045752551.74249,56085192170.94249,15312372,15094204.0,15530540.0,677483,671816.0,683150.0,38895118.47058824,38895118.47058824,38895118.47058824,1327788.5294117648,1327788.5294117648,1327788.5294117648,7524135,7524135.0,7524135.0
DE,2020-03-15,3,No_Measure-No_Measure-Restrict_Mass_Gatherings,58497525215.349335,57736220164.799164,59258830265.89952,0,765813098228.4788,759405675518.6427,772220520938.3151,6020240135.794117,6020240135.794117,6020240135.794117,55393670479.542496,54876397189.3425,55910943769.74249,15240253,15023112.0,15457394.0,675416,669766.0,681066.0,38789875.88235294,38789875.88235294,38789875.88235294,1323662.1176470588,1323662.1176470588,1323662.1176470588,7500752,7500752.0,7500752.0
DE,2020-03-15,3,No_Measure-No_Measure-Restrict_Mass_Gatherings_and_Schools,72932867415.79083,72182367980.78906,73683366850.7926,0,758847619214.6073,752515268671.192,765179969758.0227,5852350487.767648,5852350487.767648,5852350487.767648,54878357739.94249,54368426390.14249,55388289089.74249,15023935,14809876.0,15237994.0,669270,663672.0,674868.0,38476903.35294118,38476903.35294118,38476903.35294118,1311368.6470588236,1311368.6470588236,1311368.6470588236,7431089,7431089.0,7431089.0
DE,2020-03-15,3,No_Measure-No_Measure-Authorize_Schools_but_Restrict_Mass_Gatherings_and_Others,61245430493.79295,60485640052.560394,62005220935.02551,0,764816947041.0073,758420853481.8795,771213040600.135,5996662411.755882,5996662411.755882,5996662411.755882,55321554138.942505,54805309959.14249,55837798318.74249,15209980,14993271.0,15426689.0,674552,668910.0,680194.0,38745911.11764706,38745911.11764706,38745911.11764706,1321935.8823529412,1321935.8823529412,1321935.8823529412,7490970,7490970.0,7490970.0
DE,2020-03-15,3,No_Measure-No_Measure-Restrict_Mass_Gatherings_and_Schools_and_Others,74528276312.51141,73786541977.72736,75270010647.29546,0,753136628442.696,746864969018.3882,759408287867.0042,5716440689.567648,5716440689.567648,5716440689.567648,54460400749.942505,53956424900.1425,54964376599.74249,14848485,14636926.0,15060044.0,664292,658736.0,669848.0,38223675.35294118,38223675.35294118,38223675.35294118,1301414.6470588236,1301414.6470588236,1301414.6470588236,7374683,7374683.0,7374683.0
DE,2020-03-15,3,No_Measure-No_Measure-Lockdown,81916921561.203,81168985041.5049,82664858080.90112,0,757215438603.3788,750900515775.098,763530361431.6595,5812659020.317648,5812659020.317648,5812659020.317648,54756143733.3425,54247953771.74249,55264333694.942505,14972632,14759304.0,15185960.0,667817,662231.0,673403.0,38402950.35294118,38402950.35294118,38402950.35294118,1308461.6470588236,1308461.6470588236,1308461.6470588236,7414616,7414616.0,7414616.0
DE,2020-03-15,3,No_Measure-Restrict_Mass_Gatherings-No_Measure,57123665877.023834,56381935048.279854,57865396705.76779,0,733159936292.9701,727054949154.3217,739264923431.6185,5195995594.77647,5195995594.77647,5195995594.77647,54460193498.542496,53956220030.942505,54964166966.14249,14848398,14636840.0,15059956.0,646673,641264.0,652082.0,36983207.52941176,36983207.52941176,36983207.52941176,1267925.4705882354,1267925.4705882354,1267925.4705882354,7184911,7184911.0,7184911.0
DE,2020-03-15,3,No_Measure-Restrict_Mass_Gatherings-Restrict_Mass_Gatherings,61631571104.07631,60897774444.04943,62365367764.1032,0,727714124759.8081,721666321939.4539,733761927580.1622,5064379228.179413,5064379228.179413,5064379228.179413,54081952546.94249,53583369997.94249,54580535095.94249,14689620,14480325.0,14898915.0,641852,636483.0,647221.0,36735551.5882353,36735551.5882353,36735551.5882353,1258327.411764706,1258327.411764706,1258327.411764706,7130522,7130522.0,7130522.0
DE,2020-03-15,3,No_Measure-Restrict_Mass_Gatherings-Restrict_Mass_Gatherings_and_Schools,75079791224.03851,74370862906.34933,75788719541.7277,0,710752759688.7976,704883768321.1748,716763484977.1885,8951575289.282352,8951575289.282352,8951575289.282352,52895933779.542496,52414248175.1425,53377619383.94249,14191753,13989551.0,14393955.0,626938,621694.0,632182.0,35969353.64705882,35969353.64705882,35969353.64705882,1228572.3529411766,1228572.3529411766,1228572.3529411766,6961910,6961910.0,6961910.0
DE,2020-03-15,3,No_Measure-Restrict_Mass_Gatherings-Authorize_Schools_but_Restrict_Mass_Gatherings_and_Others,64247239068.55526,63516836255.332664,64977641881.77786,0,725459553017.7142,719294352161.0474,731483019953.613,5008302422.035295,5008302422.035295,5008302422.035295,53919986768.94249,53423710189.542496,54416263348.3425,14621630,14413303.0,14829957.0,639802,634450.0,645154.0,36630136.705882356,36630136.705882356,36630136.705882356,1254236.2941176472,1254236.2941176472,1254236.2941176472,7107339,7107339.0,7107339.0
DE,2020-03-15,3,No_Measure-Restrict_Mass_Gatherings-Restrict_Mass_Gatherings_and_Schools_and_Others,75845891916.67978,75157544054.30179,76534239779.05775,0,696832264924.6509,690970146706.6057,702552649221.9279,8613240999.555883,8613240999.555883,8613240999.555883,51914498348.1425,51446796257.74249,52382200438.542496,13779766,13583434.0,13976098.0,614560,609420.0,619700.0,35333523.11764706,35333523.11764706,35333523.11764706,1203885.8823529412,1203885.8823529412,1203885.8823529412,6822020,6822020.0,6822020.0
DE,2020-03-15,3,No_Measure-Restrict_Mass_Gatherings-Lockdown,83820796152.49355,83117894717.71408,84523697587.27304,0,706742257047.6399,700774533724.0219,712568246450.4902,8852979923.444118,8852979923.444118,8852979923.444118,52608578522.3425,52130987919.74249,53086169124.942505,14071127,13870644.0,14271610.0,623332,618118.0,628546.0,35784136.88235294,35784136.88235294,35784136.88235294,1221377.1176470588,1221377.1176470588,1221377.1176470588,6921137,6921137.0,6921137.0
DE,2020-03-15,3,No_Measure-Restrict_Mass_Gatherings_and_Schools-No_Measure,63212564106.546646,62600560267.06499,63824567946.028305,0,552490019717.1101,547806376380.6155,557173663053.6046,5006326193.467648,5006326193.467648,5006326193.467648,48273839260.9425,47858009575.542496,48689668946.3425,12251490,12076933.0,12426047.0,487298,483222.0,491374.0,27560321.352941178,27560321.352941178,27560321.352941178,957710.6470588236,957710.6470588236,957710.6470588236,5427027,5427027.0,5427027.0
DE,2020-03-15,3,No_Measure-Restrict_Mass_Gatherings_and_Schools-Restrict_Mass_Gatherings,66366980088.179596,65782190131.85391,66951770044.505295,0,536577939942.4107,532067535799.1231,541088344085.69824,4622860949.205883,4622860949.205883,4622860949.205883,46975961910.3425,46578622861.3425,47373300959.3425,11706667,11539872.0,11873462.0,473276,469317.0,477235.0,26851104.11764706,26851104.11764706,26851104.11764706,929535.8823529412,929535.8823529412,929535.8823529412,5267370,5267370.0,5267370.0
DE,2020-03-15,3,No_Measure-Restrict_Mass_Gatherings_and_Schools-Restrict_Mass_Gatherings_and_Schools,76637584920.17252,76122940307.86917,77152229532.47586,0,497588783779.6067,493367789373.77496,501809778185.4384,3680448295.047059,3680448295.047059,3680448295.047059,43630893345.74249,43281214972.1425,43980571719.3425,10302474,10155686.0,10449262.0,438863,435192.0,442534.0,25114428.94117647,25114428.94117647,25114428.94117647,860185.0588235295,860185.0588235295,860185.0588235295,4874382,4874382.0,4874382.0
DE,2020-03-15,3,No_Measure-Restrict_Mass_Gatherings_and_Schools-Authorize_Schools_but_Restrict_Mass_Gatherings_and_Others,68517207206.93739,67942444525.26076,69091969888.61401,0,531156482468.8512,526707518017.4084,535463712999.52606,4489897147.494118,4489897147.494118,4489897147.494118,46497749553.542496,46107223596.542496,46888275510.542496,11505923,11341988.0,11669858.0,468420,464502.0,472338.0,26606613.88235294,26606613.88235294,26606613.88235294,919742.1176470589,919742.1176470589,919742.1176470589,5211872,5211872.0,5211872.0
DE,2020-03-15,3,No_Measure-Restrict_Mass_Gatherings_and_Schools-Restrict_Mass_Gatherings_and_Schools_and_Others,75270884294.95677,74807206987.39941,75734561602.51413,0,466563660919.00244,462536581221.49585,470449006695.741,2929971206.4794116,2929971206.4794116,2929971206.4794116,41200313245.9425,40885264913.7425,41515361578.1425,9282165,9149914.0,9414416.0,411454,408012.0,414896.0,23718293.588235293,23718293.588235293,23718293.588235293,805183.4117647059,805183.4117647059,805183.4117647059,4562706,4562706.0,4562706.0
DE,2020-03-15,3,No_Measure-Restrict_Mass_Gatherings_and_Schools-Lockdown,85011745862.23544,84508355638.61166,85515136085.85925,0,491700144833.80725,487686421693.9934,495855601894.3891,3539109729.920589,3539109729.920589,3539109729.920589,43094283738.1425,42752252226.542496,43436315249.74249,10077216,9933638.0,10220794.0,433708,430080.0,437336.0,24856402.411764707,24856402.411764707,24856402.411764707,849742.5882352942,849742.5882352942,849742.5882352942,4815208,4815208.0,4815208.0
DE,2020-03-15,3,No_Measure-Authorize_Schools_but_Restrict_Mass_Gatherings_and_Others-No_Measure,59095877316.39986,58366712135.32801,59825042497.47171,0,715254153304.5072,709317566342.052,721332474187.7303,4749399632.150001,4749399632.150001,4749399632.150001,53861027318.94249,53365591656.1425,54356462981.74249,14596880,14388906.0,14804854.0,630915,625638.0,636192.0,36030871.0,36030871.0,36030871.0,1237272.0,1237272.0,1237272.0,7011208,7011208.0,7011208.0
DE,2020-03-15,3,No_Measure-Authorize_Schools_but_Restrict_Mass_Gatherings_and_Others-Restrict_Mass_Gatherings,63543454111.673836,62823078573.10031,64263829650.24736,0,709519967155.0586,703645241702.7013,715394692607.4159,8904664579.182352,8904664579.182352,8904664579.182352,53441795851.94249,52952332364.542496,53931259339.3425,14420895,14215428.0,14626362.0,625794,620560.0,631028.0,35769399.64705882,35769399.64705882,35769399.64705882,1227060.3529411766,1227060.3529411766,1227060.3529411766,6953342,6953342.0,6953342.0
DE,2020-03-15,3,No_Measure-Authorize_Schools_but_Restrict_Mass_Gatherings_and_Others-Restrict_Mass_Gatherings_and_Schools,76836440800.74017,76143149421.8394,77529732179.64095,0,691853188897.4934,686024514516.1002,697681863278.8865,8478534639.935295,8478534639.935295,8478534639.935295,52150302797.3425,51679241804.94249,52621363789.74249,13878752,13681010.0,14076494.0,610212,605108.0,615316.0,34972822.705882356,34972822.705882356,34972822.705882356,1195895.2941176472,1195895.2941176472,1195895.2941176472,6776740,6776740.0,6776740.0
DE,2020-03-15,3,No_Measure-Authorize_Schools_but_Restrict_Mass_Gatherings_and_Others-Authorize_Schools_but_Restrict_Mass_Gatherings_and_Others,66134586807.623344,65417959225.902916,66851214389.34377,0,707096151010.7338,701105689418.7505,712944878681.949,8845323786.311764,8845323786.311764,8845323786.311764,53263159438.3425,52776242522.74249,53750076353.94249,14345907,14141509.0,14550305.0,623627,618411.0,628843.0,35658454.23529412,35658454.23529412,35658454.23529412,1222720.7647058824,1222720.7647058824,1222720.7647058824,6928751,6928751.0,6928751.0
DE,2020-03-15,3,No_Measure-Authorize_Schools_but_Restrict_Mass_Gatherings_and_Others-Restrict_Mass_Gatherings_and_Schools_and_Others,77520181105.69566,76848641199.49518,78191721011.89615,0,677541156656.2969,671863969548.6082,683218343763.9858,8133803973.27353,8133803973.27353,8133803973.27353,51112907105.74249,50656625282.1425,51569188929.3425,13443274,13251736.0,13634812.0,597597,592598.0,602596.0,34327989.47058824,34327989.47058824,34327989.47058824,1170690.5294117648,1170690.5294117648,1170690.5294117648,6633913,6633913.0,6633913.0
DE,2020-03-15,3,No_Measure-Authorize_Schools_but_Restrict_Mass_Gatherings_and_Others-Lockdown,85548787357.52336,84861929562.1824,86235645152.86432,0,687686567225.6642,681902635137.4902,693470499313.8381,8377250248.02647,8377250248.02647,8377250248.02647,51843475437.3425,51376785781.94249,52310165092.74249,13749952,13554045.0,13945859.0,606506,601433.0,611579.0,34783452.52941176,34783452.52941176,34783452.52941176,1188488.4705882354,1188488.4705882354,1188488.4705882354,6734768,6734768.0,6734768.0
DE,2020-03-15,3,No_Measure-Restrict_Mass_Gatherings_and_Schools_and_Others-No_Measure,50597442082.00957,50196670145.694725,50998214018.3244,0,332321722810.8639,329510909563.41486,335132536058.3129,3910619238.182353,3910619238.182353,3910619238.182353,38200451665.542496,37928144765.74249,38472758565.3425,8022883,7908574.0,8137192.0,293110,290658.0,295562.0,16697219.647058824,16697219.647058824,16697219.647058824,576900.3529411765,576900.3529411765,576900.3529411765,3269102,3269102.0,3269102.0
DE,2020-03-15,3,No_Measure-Restrict_Mass_Gatherings_and_Schools_and_Others-Restrict_Mass_Gatherings,52882111193.19873,52520946991.74771,53243275394.64975,0,314784960290.7997,312180609251.53076,317389311330.0686,3484089114.8058825,3484089114.8058825,3484089114.8058825,36311619578.7425,36066224392.3425,36557014765.1425,7229989,7126977.0,7333001.0,277674,275352.0,279996.0,15924768.11764706,15924768.11764706,15924768.11764706,545280.8823529412,545280.8823529412,545280.8823529412,3089925,3089925.0,3089925.0
DE,2020-03-15,3,No_Measure-Restrict_Mass_Gatherings_and_Schools_and_Others-Restrict_Mass_Gatherings_and_Schools,62492605809.67506,62210993657.80005,62774217961.550064,0,278617542124.76135,276292820070.8667,280942264178.65607,2602122498.226471,2602122498.226471,2602122498.226471,32518035162.5425,32326692094.1425,32709378230.9425,5637518,5557196.0,5717840.0,245743,243688.0,247798.0,14321640.529411765,14321640.529411765,14321640.529411765,479999.4705882353,479999.4705882353,479999.4705882353,2719997,2719997.0,2719997.0
DE,2020-03-15,3,No_Measure-Restrict_Mass_Gatherings_and_Schools_and_Others-Authorize_Schools_but_Restrict_Mass_Gatherings_and_Others,54706820020.070915,54360321584.304184,55053318455.83765,0,308355390104.92816,305826199175.75134,310884581034.105,3326673397.7735295,3326673397.7735295,3326673397.7735295,35612231862.942505,35376801419.1425,35847662306.7425,6936400,6837571.0,7035229.0,271982,269707.0,274257.0,15639559.470588235,15639559.470588235,15639559.470588235,533613.5294117647,533613.5294117647,533613.5294117647,3023810,3023810.0,3023810.0
DE,2020-03-15,3,No_Measure-Restrict_Mass_Gatherings_and_Schools_and_Others-Restrict_Mass_Gatherings_and_Schools_and_Others,62743216934.351974,62489530391.770615,62996903476.933334,0,264056433856.41037,261752940623.0811,266218193168.97168,2248121903.4941177,2248121903.4941177,2248121903.4941177,31186347247.3425,31013978401.942497,31358716092.7425,5078502,5006145.0,5150859.0,232853,230905.0,234801.0,13671333.88235294,13671333.88235294,13671333.88235294,453914.11764705885,453914.11764705885,453914.11764705885,2572180,2572180.0,2572180.0
DE,2020-03-15,3,No_Measure-Restrict_Mass_Gatherings_and_Schools_and_Others-Lockdown,70896364742.15318,70625582748.10718,71167146736.19919,0,273203884584.46085,270940665824.44437,275467103344.47736,2470731350.4735293,2470731350.4735293,2470731350.4735293,32001536087.3425,31817551634.7425,32185520539.942497,5420702,5343469.0,5497935.0,240968,238953.0,242983.0,14081037.470588235,14081037.470588235,14081037.470588235,470304.52941176476,470304.52941176476,470304.52941176476,2665059,2665059.0,2665059.0
DE,2020-03-15,3,No_Measure-Lockdown-No_Measure,69559883274.26456,68988009569.61969,70131756978.90941,0,503273762839.4496,499062667543.5491,507484858135.35,3797454077.532353,3797454077.532353,3797454077.532353,46360079833.3425,45971516809.1425,46748642857.542496,11448132,11285021.0,11611243.0,443844,440132.0,447556.0,25090698.647058822,25090698.647058822,25090698.647058822,872886.3529411765,872886.3529411765,872886.3529411765,4946356,4946356.0,4946356.0
DE,2020-03-15,3,No_Measure-Lockdown-Restrict_Mass_Gatherings,72310073870.09688,71771174472.47107,72848973267.72269,0,484848441262.24335,480839584262.7078,488857298261.7789,3353631084.611765,3353631084.611765,3353631084.611765,44787549115.942505,44421390682.7425,45153707549.1425,10788015,10634309.0,10941721.0,427637,424060.0,431214.0,24272956.23529412,24272956.23529412,24272956.23529412,840223.7647058824,840223.7647058824,840223.7647058824,4761268,4761268.0,4761268.0
DE,2020-03-15,3,No_Measure-Lockdown-Restrict_Mass_Gatherings_and_Schools,81554877987.36975,81100740614.88937,82009015359.85014,0,439035891622.9404,435254332505.21906,442675716819.89374,2244110184.764706,2244110184.764706,2244110184.764706,40745494093.1425,40436927727.1425,41054060459.1425,9091241,8961711.0,9220771.0,387180,383942.0,390418.0,22231375.29411765,22231375.29411765,22231375.29411765,758523.705882353,758523.705882353,758523.705882353,4298301,4298301.0,4298301.0
DE,2020-03-15,3,No_Measure-Lockdown-Authorize_Schools_but_Restrict_Mass_Gatherings_and_Others,74217714569.18903,73692299401.73814,74743129736.6399,0,477479047946.7626,473552659273.13153,481405436620.3935,3175369191.8764706,3175369191.8764706,3175369191.8764706,44144509958.9425,43787513466.9425,44501506450.942505,10518080,10368220.0,10667940.0,421132,417610.0,424654.0,23944821.529411763,23944821.529411763,23944821.529411763,827099.4705882353,827099.4705882353,827099.4705882353,4686897,4686897.0,4686897.0
DE,2020-03-15,3,No_Measure-Lockdown-Restrict_Mass_Gatherings_and_Schools_and_Others,80824544674.20084,80412307986.80122,81236781361.60045,0,415772693921.25336,412247502006.053,419156151915.6858,5976919142.726471,5976919142.726471,5976919142.726471,38747297586.542496,38467200892.7425,39027394280.3425,8252438,8134859.0,8370017.0,366655,363588.0,369722.0,21195770.529411763,21195770.529411763,21195770.529411763,717149.4705882353,717149.4705882353,717149.4705882353,4063847,4063847.0,4063847.0
DE,2020-03-15,3,No_Measure-Lockdown-Lockdown,89668652344.2449,89229475244.81612,90107829443.67369,0,430830376102.0286,427139155575.7885,434379862707.5007,2046087949.485294,2046087949.485294,2046087949.485294,40031963255.9425,39733561737.3425,40330364774.542496,8791715,8666452.0,8916978.0,379949,376771.0,383127.0,21866649.70588235,21866649.70588235,21866649.70588235,743948.2941176471,743948.2941176471,743948.2941176471,4215707,4215707.0,4215707.0
DE,2020-03-15,3,Restrict_Mass_Gatherings-No_Measure-No_Measure,58241500144.02989,57483844881.210365,58999155406.84941,0,734775891401.4758,728633549651.8687,740918233151.0829,5180607405.188235,5180607405.188235,5180607405.188235,55219712706.74249,54704919286.74249,55734506126.74249,15167229,14951129.0,15383329.0,648128,642707.0,653549.0,36646455.76470588,36646455.76470588,36646455.76470588,1272064.2352941178,1272064.2352941178,1272064.2352941178,7208364,7208364.0,7208364.0
DE,2020-03-15,3,Restrict_Mass_Gatherings-No_Measure-Restrict_Mass_Gatherings,62811809378.59244,62061194244.26779,63562424512.9171,0,729993443114.5149,723902417185.2717,736084469043.758,5062577983.714705,5062577983.714705,5062577983.714705,54883872532.94249,54373862570.542496,55393882495.3425,15026250,14812158.0,15240342.0,643810,638425.0,649195.0,36424558.294117644,36424558.294117644,36424558.294117644,1263453.705882353,1263453.705882353,1263453.705882353,7159571,7159571.0,7159571.0
DE,2020-03-15,3,Restrict_Mass_Gatherings-No_Measure-Restrict_Mass_Gatherings_and_Schools,76636469516.6651,75905361989.38501,77367577043.9452,0,717279396093.8126,711322905542.4832,723235886645.1421,4757727525.341177,4757727525.341177,4757727525.341177,53953628197.3425,53456872795.74249,54450383598.942505,14635752,14427224.0,14844280.0,632647,627355.0,637939.0,35855994.823529415,35855994.823529415,35855994.823529415,1241136.1764705884,1241136.1764705884,1241136.1764705884,7033105,7033105.0,7033105.0
DE,2020-03-15,3,Restrict_Mass_Gatherings-No_Measure-Authorize_Schools_but_Restrict_Mass_Gatherings_and_Others,65449011441.28628,64701488634.318436,66196534248.25413,0,727818595489.9078,721750321980.1935,733886868999.622,5011174439.532352,5011174439.532352,5011174439.532352,54736538227.3425,54228629365.3425,55244447089.3425,14964402,14751192.0,15177612.0,641927,636558.0,647296.0,36327938.64705882,36327938.64705882,36327938.64705882,1259703.3529411766,1259703.3529411766,1259703.3529411766,7138319,7138319.0,7138319.0
DE,2020-03-15,3,Restrict_Mass_Gatherings-No_Measure-Restrict_Mass_Gatherings_and_Schools_and_Others,77687786570.3909,76973195997.96106,78402377142.82071,0,706686723102.8124,700843300934.1061,712671879192.2865,8798312268.02353,8798312268.02353,8798312268.02353,53165984735.94249,52680451878.542496,53651517593.3425,14305115,14101298.0,14508932.0,623329,618115.0,628543.0,35382304.47058824,35382304.47058824,35382304.47058824,1222500.5294117648,1222500.5294117648,1222500.5294117648,6927503,6927503.0,6927503.0
DE,2020-03-15,3,Restrict_Mass_Gatherings-No_Measure-Lockdown,85426292547.29274,84700514200.945,86152070893.64047,0,713777063977.1035,707857999704.5204,719696128249.6866,4673152771.029412,4673152771.029412,4673152771.029412,53699442692.942505,53206308235.3425,54192577150.542496,14529050,14322042.0,14736058.0,629550,624284.0,634816.0,35697860.5882353,35697860.5882353,35697860.5882353,1234951.411764706,1234951.411764706,1234951.411764706,6998058,6998058.0,6998058.0
DE,2020-03-15,3,Restrict_Mass_Gatherings-Restrict_Mass_Gatherings-No_Measure,61437592424.17804,60706558523.73977,62168626324.616325,0,690255831031.0741,684526208184.7196,695985453877.4286,8354663300.735294,8354663300.735294,8354663300.735294,53950152567.542496,53453447192.14249,54446857942.942505,14634293,14425786.0,14842800.0,608819,603727.0,613911.0,34217734.705882356,34217734.705882356,34217734.705882356,1195784.2941176472,1195784.2941176472,1195784.2941176472,6776111,6776111.0,6776111.0
DE,2020-03-15,3,Restrict_Mass_Gatherings-Restrict_Mass_Gatherings-Restrict_Mass_Gatherings,65696169116.47742,64976617497.324356,66415720735.63048,0,682552718508.6328,676763112010.756,688200591085.7416,8167880051.008823,8167880051.008823,8167880051.008823,53402503845.1425,52913600174.74249,53891407515.542496,14404401,14199169.0,14609633.0,601960,596925.0,606995.0,33867584.176470585,33867584.176470585,33867584.176470585,1182140.8235294118,1182140.8235294118,1182140.8235294118,6698798,6698798.0,6698798.0
DE,2020-03-15,3,Restrict_Mass_Gatherings-Restrict_Mass_Gatherings-Restrict_Mass_Gatherings_and_Schools,78207091491.63794,77525766227.55438,78888416755.72148,0,657448689359.4163,651925843351.4642,662971535367.3684,7563597974.932352,7563597974.932352,7563597974.932352,51579632494.1425,51116701950.3425,52042563037.94249,13639196,13444867.0,13833525.0,579847,574997.0,584697.0,32738054.647058822,32738054.647058822,32738054.647058822,1137945.3529411766,1137945.3529411766,1137945.3529411766,6448357,6448357.0,6448357.0
DE,2020-03-15,3,Restrict_Mass_Gatherings-Restrict_Mass_Gatherings-Authorize_Schools_but_Restrict_Mass_Gatherings_and_Others,68195958950.03805,67481456028.610405,68910461871.4657,0,679084511463.2092,673472513072.6244,684838243774.5623,8086668403.558823,8086668403.558823,8086668403.558823,53161803974.942505,52676330672.542496,53647277277.3425,14303360,14099568.0,14507152.0,598992,593982.0,604002.0,33715631.176470585,33715631.176470585,33715631.176470585,1176203.8235294118,1176203.8235294118,1176203.8235294118,6665155,6665155.0,6665155.0
DE,2020-03-15,3,Restrict_Mass_Gatherings-Restrict_Mass_Gatherings-Restrict_Mass_Gatherings_and_Schools_and_Others,78097502575.88779,77449232257.7453,78745772894.03027,0,635902561307.0723,630608151016.0759,641196971598.0688,7045845557.75,7045845557.75,7045845557.75,50003204497.542496,49562733335.3425,50443675659.7425,12977443,12792542.0,13162344.0,560895,556203.0,565587.0,31770935.0,31770935.0,31770935.0,1100067.0,1100067.0,1100067.0,6233713,6233713.0,6233713.0
DE,2020-03-15,3,Restrict_Mass_Gatherings-Restrict_Mass_Gatherings-Lockdown,86696601152.56604,86024885944.36119,87368316360.77089,0,651209390213.5903,645753030619.6997,656665749807.481,7413558710.57647,7413558710.57647,7413558710.57647,51121397266.542496,50664996332.9425,51577798200.1425,13446838,13255250.0,13638426.0,574356,569552.0,579160.0,32457859.529411763,32457859.529411763,32457859.529411763,1126967.4705882354,1126967.4705882354,1126967.4705882354,6386149,6386149.0,6386149.0
DE,2020-03-15,3,Restrict_Mass_Gatherings-Restrict_Mass_Gatherings_and_Schools-No_Measure,65950602767.43713,65371745030.9388,66529460503.93547,0,465707423141.0009,461799971799.5802,469473140561.6536,2806773749.9911766,2806773749.9911766,2806773749.9911766,46693051838.3425,46299743471.74249,47086360204.9425,11587907,11422804.0,11753010.0,410691,407256.0,414126.0,22638675.82352941,22638675.82352941,22638675.82352941,810690.1764705883,810690.1764705883,810690.1764705883,4593911,4593911.0,4593911.0
DE,2020-03-15,3,Restrict_Mass_Gatherings-Restrict_Mass_Gatherings_and_Schools-Restrict_Mass_Gatherings,69446875187.76152,68890364950.77826,70003385424.74477,0,456951409082.40497,453149848538.36383,460752969626.4462,2596533282.9294114,2596533282.9294114,2596533282.9294114,45627450898.74249,45249326674.9425,46005575122.542496,11140589,10981860.0,11299318.0,403031,399660.0,406402.0,22271866.588235293,22271866.588235293,22271866.588235293,794866.4117647059,794866.4117647059,794866.4117647059,4504243,4504243.0,4504243.0
DE,2020-03-15,3,Restrict_Mass_Gatherings-Restrict_Mass_Gatherings_and_Schools-Restrict_Mass_Gatherings_and_Schools,75300363861.67697,74876932388.27928,75723795335.07465,0,381033852175.9048,377923948786.8144,384285489485.76306,5058659908.288235,5058659908.288235,5058659908.288235,39281146224.3425,38993443165.942505,39568849282.7425,8476537,8355765.0,8597309.0,336107,333296.0,338918.0,18885069.76470588,18885069.76470588,18885069.76470588,660148.2352941177,660148.2352941177,660148.2352941177,3740840,3740840.0,3740840.0
DE,2020-03-15,3,Restrict_Mass_Gatherings-Restrict_Mass_Gatherings_and_Schools-Authorize_Schools_but_Restrict_Mass_Gatherings_and_Others,70829595071.05507,70294047447.75252,71365142694.35762,0,444001021445.15814,440338433803.39575,447805343007.68866,2286003280.3029413,2286003280.3029413,2286003280.3029413,44627751139.9425,44263870089.9425,44991632189.9425,10720935,10568185.0,10873685.0,391669,388393.0,394945.0,21694650.05882353,21694650.05882353,21694650.05882353,772099.9411764706,772099.9411764706,772099.9411764706,4375233,4375233.0,4375233.0
DE,2020-03-15,3,Restrict_Mass_Gatherings-Restrict_Mass_Gatherings_and_Schools-Restrict_Mass_Gatherings_and_Schools_and_Others,71887741591.96225,71544426640.59459,72231056543.32991,0,334389672498.47034,331647541720.675,337273537197.03375,3932506025.7000003,3932506025.7000003,3932506025.7000003,35460452372.1425,35227184965.942505,35693719778.3425,6872686,6774765.0,6970607.0,294988,292521.0,297455.0,16797578.0,16797578.0,16797578.0,577485.0,577485.0,577485.0,3272415,3272415.0,3272415.0
DE,2020-03-15,3,Restrict_Mass_Gatherings-Restrict_Mass_Gatherings_and_Schools-Lockdown,82590818330.94154,82194078340.72687,82987558321.15623,0,366066532071.6231,362979418339.6379,369153645803.6084,4696183240.655882,4696183240.655882,4696183240.655882,38008205743.3425,37738638373.542496,38277773113.1425,7942182,7829023.0,8055341.0,322870,320169.0,325571.0,18215297.11764706,18215297.11764706,18215297.11764706,633504.8823529412,633504.8823529412,633504.8823529412,3589861,3589861.0,3589861.0
DE,2020-03-15,3,Restrict_Mass_Gatherings-Authorize_Schools_but_Restrict_Mass_Gatherings_and_Others-No_Measure,63197807643.64826,62482358091.3971,63913257195.89943,0,665940930301.382,660295763800.0969,671444362881.899,7746707191.867647,7746707191.867647,7746707191.867647,53206944282.74249,52720827786.3425,53693060779.14249,14322309,14118247.0,14526371.0,587312,582399.0,592225.0,32923457.352941178,32923457.352941178,32923457.352941178,1154018.6470588236,1154018.6470588236,1154018.6470588236,6539439,6539439.0,6539439.0
DE,2020-03-15,3,Restrict_Mass_Gatherings-Authorize_Schools_but_Restrict_Mass_Gatherings_and_Others-Restrict_Mass_Gatherings,67369774627.67633,66667041482.82102,68072507772.53163,0,657737901960.4531,652180861418.392,663294942502.5144,7550307752.441175,7550307752.441175,7550307752.441175,52600448073.74249,52122971816.74249,53077924330.74249,14067714,13867279.0,14268149.0,580126,575274.0,584978.0,32557888.82352941,32557888.82352941,32557888.82352941,1139628.1764705882,1139628.1764705882,1139628.1764705882,6457893,6457893.0,6457893.0
DE,2020-03-15,3,Restrict_Mass_Gatherings-Authorize_Schools_but_Restrict_Mass_Gatherings_and_Others-Restrict_Mass_Gatherings_and_Schools,79660132020.95819,78998766643.09044,80321497398.82596,0,632073667650.1212,626792607746.4589,637354727553.7836,6930895280.029412,6930895280.029412,6930895280.029412,50627712520.74249,50178343841.542496,51077081199.9425,13239599,13050963.0,13428235.0,557434,552771.0,562097.0,31407080.588235293,31407080.588235293,31407080.588235293,1094206.411764706,1094206.411764706,1094206.411764706,6200503,6200503.0,6200503.0
DE,2020-03-15,3,Restrict_Mass_Gatherings-Authorize_Schools_but_Restrict_Mass_Gatherings_and_Others-Authorize_Schools_but_Restrict_Mass_Gatherings_and_Others,69835243834.82446,69138050233.30676,70532437436.34216,0,654226457107.9202,648706022782.1428,659746891433.6975,7466747564.838236,7466747564.838236,7466747564.838236,52336428847.74249,51862716466.74249,52810141228.74249,13956884,13758029.0,14155739.0,577040,572213.0,581867.0,32402316.76470588,32402316.76470588,32402316.76470588,1133506.2352941178,1133506.2352941178,1133506.2352941178,6423202,6423202.0,6423202.0
DE,2020-03-15,3,Restrict_Mass_Gatherings-Authorize_Schools_but_Restrict_Mass_Gatherings_and_Others-Restrict_Mass_Gatherings_and_Schools_and_Others,79445859760.28781,78819042901.4382,80072676619.13742,0,610603855646.0778,605553458921.3551,615654252370.8004,6415313087.885294,6415313087.885294,6415313087.885294,48980156796.542496,48554262316.1425,49406051276.9425,12547988,12369206.0,12726770.0,538562,534057.0,543067.0,30449545.70588235,30449545.70588235,30449545.70588235,1056392.2941176472,1056392.2941176472,1056392.2941176472,5986223,5986223.0,5986223.0
DE,2020-03-15,3,Restrict_Mass_Gatherings-Authorize_Schools_but_Restrict_Mass_Gatherings_and_Others-Lockdown,88110643997.99762,87459442630.34233,88761845365.65292,0,625739927475.7815,620527313923.5553,630952541028.0078,6779984949.288236,6779984949.288236,6779984949.288236,50142980082.542496,49700517401.1425,50585442763.9425,13036118,12850381.0,13221855.0,551911,547295.0,556527.0,31126929.76470588,31126929.76470588,31126929.76470588,1083136.2352941178,1083136.2352941178,1083136.2352941178,6137772,6137772.0,6137772.0
DE,2020-03-15,3,Restrict_Mass_Gatherings-Restrict_Mass_Gatherings_and_Schools_and_Others-No_Measure,49376810880.57001,49065590220.159546,49688031540.98047,0,221827294054.61533,219932338931.90866,223722249177.322,1166970662.1617649,1166970662.1617649,1166970662.1617649,33929922222.9425,33718461475.5425,34141382970.3425,6230200,6141433.0,6318967.0,195671,194034.0,197308.0,10926543.235294119,10926543.235294119,10926543.235294119,387214.76470588235,387214.76470588235,387214.76470588235,2194217,2194217.0,2194217.0
DE,2020-03-15,3,Restrict_Mass_Gatherings-Restrict_Mass_Gatherings_and_Schools_and_Others-Restrict_Mass_Gatherings,51515660278.49714,51246126434.722145,51785194122.27214,0,205838391900.58258,204140527970.43997,207536255830.7252,773734100.9617648,773734100.9617648,773734100.9617648,31942012055.9425,31758875666.5425,32125148445.3425,5395715,5318838.0,5472592.0,181542,180024.0,183060.0,10222615.235294119,10222615.235294119,10222615.235294119,357922.76470588235,357922.76470588235,357922.76470588235,2028229,2028229.0,2028229.0
DE,2020-03-15,3,Restrict_Mass_Gatherings-Restrict_Mass_Gatherings_and_Schools_and_Others-Restrict_Mass_Gatherings_and_Schools,60217108821.19353,60040074833.03615,60394142809.3509,0,167136205632.90454,165757688798.4941,168514722467.31494,-172136678.56176472,-172136678.56176472,-172136678.56176472,27530770823.7425,27410484016.9425,27651057630.5425,3543964,3493470.0,3594458.0,147446,146213.0,148679.0,8514040.764705881,8514040.764705881,8514040.764705881,287728.23529411765,287728.23529411765,287728.23529411765,1630460,1630460.0,1630460.0
DE,2020-03-15,3,Restrict_Mass_Gatherings-Restrict_Mass_Gatherings_and_Schools_and_Others-Authorize_Schools_but_Restrict_Mass_Gatherings_and_Others,52495111924.933846,52252287094.54228,52737936755.32541,0,194024734771.03177,192323609483.35547,195584126137.9401,484481522.52647066,484481522.52647066,484481522.52647066,30668309270.942497,30503320481.1425,30833298060.7425,4861040,4791781.0,4930299.0,171088,169657.0,172519.0,9697222.529411765,9697222.529411765,9697222.529411765,336506.4705882353,336506.4705882353,336506.4705882353,1906870,1906870.0,1906870.0
DE,2020-03-15,3,Restrict_Mass_Gatherings-Restrict_Mass_Gatherings_and_Schools_and_Others-Restrict_Mass_Gatherings_and_Schools_and_Others,60381818457.696724,60233933686.823395,60529703228.57006,0,152564911268.98386,151210581890.25742,153777506726.94235,-527358156.94411755,-527358156.94411755,-527358156.94411755,26140716626.3425,26040235430.3425,26241197822.3425,2960447,2918267.0,3002627.0,134535,133410.0,135660.0,7863073.117647059,7863073.117647059,7863073.117647059,261525.8823529412,261525.8823529412,261525.8823529412,1481980,1481980.0,1481980.0
DE,2020-03-15,3,Restrict_Mass_Gatherings-Restrict_Mass_Gatherings_and_Schools_and_Others-Lockdown,68547321550.764824,68382166026.4225,68712477075.10715,0,161526706121.39044,160212389776.77676,162841022466.00412,-309389526.5911765,-309389526.5911765,-309389526.5911765,26964300339.1425,26852084425.942497,27076516252.3425,3306171,3259065.0,3353277.0,142470,141278.0,143662.0,8263520.176470588,8263520.176470588,8263520.176470588,277586.8235294118,277586.8235294118,277586.8235294118,1572992,1572992.0,1572992.0
DE,2020-03-15,3,Restrict_Mass_Gatherings-Lockdown-No_Measure,70817230049.33588,70299601796.91843,71334858301.75333,0,395075540363.2,391708374915.6185,398300971890.0135,5379524130.205883,5379524130.205883,5379524130.205883,43773227413.542496,43421521787.7425,44124933039.3425,10362223,10214584.0,10509862.0,348421,345507.0,351335.0,19170564.11764706,19170564.11764706,19170564.11764706,688986.8823529412,688986.8823529412,688986.8823529412,3904259,3904259.0,3904259.0
DE,2020-03-15,3,Restrict_Mass_Gatherings-Lockdown-Restrict_Mass_Gatherings,71971169678.07867,71509259414.72522,72433079941.43214,0,364465922765.3025,361436955791.1239,367494889739.4811,4640887083.202941,4640887083.202941,4640887083.202941,41116114386.9425,40802266683.542496,41429962090.3425,9246820,9115073.0,9378567.0,321442,318753.0,324131.0,17812956.05882353,17812956.05882353,17812956.05882353,634570.9411764706,634570.9411764706,634570.9411764706,3595902,3595902.0,3595902.0
DE,2020-03-15,3,Restrict_Mass_Gatherings-Lockdown-Restrict_Mass_Gatherings_and_Schools,78780552133.41772,78438099667.9115,79123004598.92397,0,306361643126.5752,303855493056.6727,308867793196.47766,3232219551.7205877,3232219551.7205877,3232219551.7205877,35419297484.942505,35186616099.9425,35651978869.9425,6855410,6757735.0,6953085.0,270222,267962.0,272482.0,15246934.411764706,15246934.411764706,15246934.411764706,530398.5882352941,530398.5882352941,530398.5882352941,3005592,3005592.0,3005592.0
DE,2020-03-15,3,Restrict_Mass_Gatherings-Lockdown-Authorize_Schools_but_Restrict_Mass_Gatherings_and_Others,74566569224.81418,74108343809.59224,75024794640.03612,0,365737821092.4198,362562411543.9342,368771496720.13745,4668963968.341176,4668963968.341176,4668963968.341176,40940377110.7425,40629033099.542496,41251721121.9425,9173049,9042353.0,9303745.0,322529,319831.0,325227.0,17878614.82352941,17878614.82352941,17878614.82352941,636399.1764705883,636399.1764705883,636399.1764705883,3606262,3606262.0,3606262.0
DE,2020-03-15,3,Restrict_Mass_Gatherings-Lockdown-Restrict_Mass_Gatherings_and_Schools_and_Others,76382756672.95045,76105965326.19519,76659548019.70572,0,271188911078.17993,268792003104.1578,273444085131.4341,2379412164.9558825,2379412164.9558825,2379412164.9558825,32288133804.942497,32100066261.5425,32476201348.3425,5541010,5462063.0,5619957.0,239136,237136.0,241136.0,13678239.11764706,13678239.11764706,13678239.11764706,467592.8823529412,467592.8823529412,467592.8823529412,2649693,2649693.0,2649693.0
DE,2020-03-15,3,Restrict_Mass_Gatherings-Lockdown-Lockdown,86288310967.27997,85969457657.59991,86607164276.96002,0,294211585704.835,291700937714.4985,296580499774.4035,2936142432.22353,2936142432.22353,2936142432.22353,34294005759.9425,34077358963.142498,34510652556.7425,6383035,6292091.0,6473979.0,259434,257264.0,261604.0,14703732.470588235,14703732.470588235,14703732.470588235,508569.52941176476,508569.52941176476,508569.52941176476,2881894,2881894.0,2881894.0
DE,2020-03-15,3,Restrict_Mass_Gatherings_and_Schools-No_Measure-No_Measure,69104685353.422,68408729384.05504,69800641322.78896,0,550168950443.1559,545521112216.0927,554816788670.2189,4750408661.052941,4750408661.052941,4750408661.052941,52277276439.542496,51804404975.1425,52750147903.94249,13932053,13733551.0,14130555.0,485251,481192.0,489310.0,25880925.05882353,25880925.05882353,25880925.05882353,959521.9411764706,959521.9411764706,959521.9411764706,5437291,5437291.0,5437291.0
DE,2020-03-15,3,Restrict_Mass_Gatherings_and_Schools-No_Measure-Restrict_Mass_Gatherings,72105305380.59479,71438758075.4783,72771852685.71126,0,528227058200.3379,523806752912.88074,532647363487.79504,4222660466.702941,4222660466.702941,4222660466.702941,50874901503.7425,50422011932.9425,51327791074.542496,13343364,13153250.0,13533478.0,465863,461966.0,469760.0,24886906.05882353,24886906.05882353,24886906.05882353,921052.9411764706,921052.9411764706,921052.9411764706,5219300,5219300.0,5219300.0
DE,2020-03-15,3,Restrict_Mass_Gatherings_and_Schools-No_Measure-Restrict_Mass_Gatherings_and_Schools,79357374481.4898,78803977608.10388,79910771354.87572,0,455612831035.65656,451826117757.3304,459399544313.9827,2477596001.05,2477596001.05,2477596001.05,45478870702.542496,45102861872.3425,45854879532.7425,11078218,10920377.0,11236059.0,401888,398526.0,405250.0,21638817.0,21638817.0,21638817.0,793188.0,793188.0,793188.0,4494732,4494732.0,4494732.0
DE,2020-03-15,3,Restrict_Mass_Gatherings_and_Schools-No_Measure-Authorize_Schools_but_Restrict_Mass_Gatherings_and_Others,74084076620.97375,73430000300.44704,74738152941.50046,0,519998881355.0261,515666336011.9128,524331426698.13934,4025455592.1235304,4025455592.1235304,4025455592.1235304,50280192420.3425,49835776334.9425,50724608505.74249,13093717,12907160.0,13280274.0,458632,454796.0,462468.0,24519658.470588237,24519658.470588237,24519658.470588237,906606.5294117648,906606.5294117648,906606.5294117648,5137437,5137437.0,5137437.0
DE,2020-03-15,3,Restrict_Mass_Gatherings_and_Schools-No_Measure-Restrict_Mass_Gatherings_and_Schools_and_Others,74480146037.8755,74027737143.15804,74932554932.59296,0,396419449682.44946,393138212179.81036,399700687185.0885,5343751322.394117,5343751322.394117,5343751322.394117,40663041386.74249,40355649445.3425,40970433328.1425,9056629,8927592.0,9185666.0,349627,346703.0,352551.0,18998119.88235294,18998119.88235294,18998119.88235294,688175.1176470589,688175.1176470589,688175.1176470589,3899659,3899659.0,3899659.0
DE,2020-03-15,3,Restrict_Mass_Gatherings_and_Schools-No_Measure-Lockdown,86085442590.58517,85566752008.02133,86604133173.14902,0,434124296244.74054,430427881309.36865,437678977259.3445,1958313877.8470592,1958313877.8470592,1958313877.8470592,43823813430.542496,43471385998.1425,44176240862.942505,10383458,10235516.0,10531400.0,382889,379686.0,386092.0,20672740.94117647,20672740.94117647,20672740.94117647,755131.0588235295,755131.0588235295,755131.0588235295,4279076,4279076.0,4279076.0
DE,2020-03-15,3,Restrict_Mass_Gatherings_and_Schools-Restrict_Mass_Gatherings-No_Measure,71182003747.82074,70528611105.11102,71835396390.53047,0,482670929189.0502,478651195572.0195,486832396726.84875,3103613072.4294114,3103613072.4294114,3103613072.4294114,50247558662.542496,49803607106.1425,50691510218.9425,13080018,12893656.0,13266380.0,425772,422211.0,429333.0,22508176.588235293,22508176.588235293,22508176.588235293,844114.4117647059,844114.4117647059,844114.4117647059,4783315,4783315.0,4783315.0
DE,2020-03-15,3,Restrict_Mass_Gatherings_and_Schools-Restrict_Mass_Gatherings-Restrict_Mass_Gatherings,73290501356.71396,72679226773.5704,73901775939.85751,0,452569845326.6771,448724026230.14026,456273930502.446,2377964852.002941,2377964852.002941,2377964852.002941,48239025790.1425,47823691602.3425,48654359977.9425,12236876,12062527.0,12411225.0,399111,395773.0,402449.0,21147788.05882353,21147788.05882353,21147788.05882353,791110.9411764706,791110.9411764706,791110.9411764706,4482962,4482962.0,4482962.0
DE,2020-03-15,3,Restrict_Mass_Gatherings_and_Schools-Restrict_Mass_Gatherings-Restrict_Mass_Gatherings_and_Schools,77697422432.97789,77239838623.09189,78155006242.86389,0,359822712284.9288,356838746473.293,362806678096.5645,4440989368.938235,4440989368.938235,4440989368.938235,40909842071.1425,40598934002.542496,41220750139.74249,9160231,9029718.0,9290744.0,317371,314716.0,320026.0,17015590.76470588,17015590.76470588,17015590.76470588,627193.2352941177,627193.2352941177,627193.2352941177,3554095,3554095.0,3554095.0
DE,2020-03-15,3,Restrict_Mass_Gatherings_and_Schools-Restrict_Mass_Gatherings-Authorize_Schools_but_Restrict_Mass_Gatherings_and_Others,74724269183.67549,74133231463.91463,75315306903.43639,0,438925745712.23535,435223486107.20197,442486271396.5007,2049866938.361765,2049866938.361765,2049866938.361765,47274010863.3425,46872426733.9425,47675594992.74249,11831782,11663205.0,12000359.0,387070,383832.0,390308.0,20535091.23529412,20535091.23529412,20535091.23529412,767104.7647058824,767104.7647058824,767104.7647058824,4346927,4346927.0,4346927.0
DE,2020-03-15,3,Restrict_Mass_Gatherings_and_Schools-Restrict_Mass_Gatherings-Restrict_Mass_Gatherings_and_Schools_and_Others,70649618595.6083,70323946037.95888,70975291153.25775,0,283301700859.57263,281013319965.3285,285731815674.5847,2594858737.608824,2594858737.608824,2594858737.608824,34619202264.1425,34397922088.3425,34840482439.942505,6519546,6426657.0,6612435.0,249932,247842.0,252022.0,13599988.176470589,13599988.176470589,13599988.176470589,491570.8235294118,491570.8235294118,491570.8235294118,2785568,2785568.0,2785568.0
DE,2020-03-15,3,Restrict_Mass_Gatherings_and_Schools-Restrict_Mass_Gatherings-Lockdown,83970248766.96544,83553853916.02254,84386643617.90834,0,336094058822.30884,333369933928.05225,338959917637.33344,3869493818.7000003,3869493818.7000003,3869493818.7000003,38945468040.1425,38662546057.1425,39228390023.1425,8335626,8216861.0,8454391.0,296495,294015.0,298975.0,15959438.0,15959438.0,15959438.0,585189.0,585189.0,585189.0,3316071,3316071.0,3316071.0
DE,2020-03-15,3,Restrict_Mass_Gatherings_and_Schools-Restrict_Mass_Gatherings_and_Schools-No_Measure,65328144399.17551,64974633883.23459,65681654915.11641,0,187387214814.06805,185860040342.67297,188914389285.4632,263929987.16470575,263929987.16470575,263929987.16470575,35946626041.3425,35706431197.542496,36186820885.1425,7076772,6975943.0,7177601.0,165266,163884.0,166648.0,8566351.294117646,8566351.294117646,8566351.294117646,332658.70588235295,332658.70588235295,332658.70588235295,1885066,1885066.0,1885066.0
DE,2020-03-15,3,Restrict_Mass_Gatherings_and_Schools-Restrict_Mass_Gatherings_and_Schools-Restrict_Mass_Gatherings,64972968675.11313,64696678692.090324,65249258658.13595,0,152684711818.22437,151421217506.31534,153948206130.1334,-580048197.3323529,-580048197.3323529,-580048197.3323529,32264135522.1425,32076408633.3425,32451862410.942497,5530936,5452132.0,5609740.0,134662,133536.0,135788.0,7039849.352941177,7039849.352941177,7039849.352941177,270059.64705882355,270059.64705882355,270059.64705882355,1530338,1530338.0,1530338.0
DE,2020-03-15,3,Restrict_Mass_Gatherings_and_Schools-Restrict_Mass_Gatherings_and_Schools-Restrict_Mass_Gatherings_and_Schools,69104588471.6588,68985912520.75099,69223264422.56662,0,86156348944.58505,85541737552.88002,86912694257.05809,2090474926.5264707,2090474926.5264707,2090474926.5264707,24747896694.7425,24667261606.9425,24828531782.5425,2375769,2341920.0,2409618.0,76034,75398.0,76670.0,4106742.529411765,4106742.529411765,4106742.529411765,149486.4705882353,149486.4705882353,149486.4705882353,847090,847090.0,847090.0
DE,2020-03-15,3,Restrict_Mass_Gatherings_and_Schools-Restrict_Mass_Gatherings_and_Schools-Authorize_Schools_but_Restrict_Mass_Gatherings_and_Others,65358994988.489655,65117870587.54033,65600119389.43898,0,136994032066.85037,135772768119.98975,138073562092.94302,3332528897.3441176,3332528897.3441176,3332528897.3441176,30587226329.5425,30423392906.7425,30751059752.3425,4827003,4758229.0,4895777.0,120819,119809.0,121829.0,6346822.882352941,6346822.882352941,6346822.882352941,241721.11764705883,241721.11764705883,241721.11764705883,1369753,1369753.0,1369753.0
DE,2020-03-15,3,Restrict_Mass_Gatherings_and_Schools-Restrict_Mass_Gatherings_and_Schools-Restrict_Mass_Gatherings_and_Schools_and_Others,67776349106.19841,67708093517.783,67844604694.61382,0,62177264338.21036,61556194779.12813,62656599976.52458,1504738881.9558823,1504738881.9558823,1504738881.9558823,22343449328.9425,22297072659.3425,22389825998.5425,1366430,1346962.0,1385898.0,54789,54331.0,55247.0,3038179.117647059,3038179.117647059,3038179.117647059,106197.88235294119,106197.88235294119,106197.88235294119,601788,601788.0,601788.0
DE,2020-03-15,3,Restrict_Mass_Gatherings_and_Schools-Restrict_Mass_Gatherings_and_Schools-Lockdown,76747456066.31705,76650450949.18752,76844461183.44656,0,76169223316.5919,75529097541.21194,76809349091.97186,1847113085.0441177,1847113085.0441177,1847113085.0441177,23714405428.9425,23648494719.3425,23780316138.5425,1941930,1914262.0,1969598.0,67226,66664.0,67788.0,3663640.882352941,3663640.882352941,3663640.882352941,131486.11764705883,131486.11764705883,131486.11764705883,745088,745088.0,745088.0
DE,2020-03-15,3,Restrict_Mass_Gatherings_and_Schools-Authorize_Schools_but_Restrict_Mass_Gatherings_and_Others-No_Measure,71840523002.80577,71218411249.75302,72462634755.8585,0,439303783104.2561,435552913207.6256,442912919080.1185,2046787639.7411764,2046787639.7411764,2046787639.7411764,48755796436.1425,48333098868.1425,49178494004.1425,12453806,12276366.0,12631246.0,387410,384170.0,390650.0,20376890.82352941,20376890.82352941,20376890.82352941,769485.1764705883,769485.1764705883,769485.1764705883,4360416,4360416.0,4360416.0
DE,2020-03-15,3,Restrict_Mass_Gatherings_and_Schools-Authorize_Schools_but_Restrict_Mass_Gatherings_and_Others-Restrict_Mass_Gatherings,73662405340.61969,73086496183.8346,74238314497.40479,0,408615407524.70404,405189678971.203,412041136078.205,5605535951.1,5605535951.1,5605535951.1,46552521095.9425,46161216159.542496,46943826032.3425,11528915,11364653.0,11693177.0,360358,357344.0,363372.0,19007894.0,19007894.0,19007894.0,715518.0,715518.0,715518.0,4054602,4054602.0,4054602.0
DE,2020-03-15,3,Restrict_Mass_Gatherings_and_Schools-Authorize_Schools_but_Restrict_Mass_Gatherings_and_Others-Restrict_Mass_Gatherings_and_Schools,76318420515.51259,75921147607.20465,76715693423.82051,0,304517980380.0368,301945946096.5461,306948280742.7595,3095908731.761765,3095908731.761765,3095908731.761765,38033673843.542496,37763744379.3425,38303603307.7425,7952873,7839562.0,8066184.0,268535,266289.0,270781.0,14373407.235294119,14373407.235294119,14373407.235294119,531004.7647058824,531004.7647058824,531004.7647058824,3009027,3009027.0,3009027.0
DE,2020-03-15,3,Restrict_Mass_Gatherings_and_Schools-Authorize_Schools_but_Restrict_Mass_Gatherings_and_Others-Authorize_Schools_but_Restrict_Mass_Gatherings_and_Others,74988004818.81442,74433871677.01022,75542137960.61862,0,394985737072.1389,391705863446.31744,398265610697.96045,5278003006.402942,5278003006.402942,5278003006.402942,45514010534.7425,45137501442.542496,45890519626.9425,11092969,10934918.0,11251020.0,348347,345433.0,351261.0,18401004.05882353,18401004.05882353,18401004.05882353,691471.9411764706,691471.9411764706,691471.9411764706,3918341,3918341.0,3918341.0
DE,2020-03-15,3,Restrict_Mass_Gatherings_and_Schools-Authorize_Schools_but_Restrict_Mass_Gatherings_and_Others-Restrict_Mass_Gatherings_and_Schools_and_Others,69133818006.02505,68870405708.24211,69397230303.80798,0,228963033260.15408,227079286992.436,230988513448.64017,1272907558.9529412,1272907558.9529412,1272907558.9529412,31650085356.942497,31471108288.7425,31829062425.1425,5273170,5198039.0,5348301.0,202003,200313.0,203693.0,11006891.05882353,11006891.05882353,11006891.05882353,396973.9411764706,396973.9411764706,396973.9411764706,2249519,2249519.0,2249519.0
DE,2020-03-15,3,Restrict_Mass_Gatherings_and_Schools-Authorize_Schools_but_Restrict_Mass_Gatherings_and_Others-Lockdown,82400076507.71164,82046720257.53456,82753432757.8887,0,280111951539.0461,277809495114.3993,282414407963.6929,2507458715.5558825,2507458715.5558825,2507458715.5558825,35939407975.3425,35699317948.3425,36179498002.3425,7073742,6972957.0,7174527.0,247063,244997.0,249129.0,13288643.11764706,13288643.11764706,13288643.11764706,487707.8823529412,487707.8823529412,487707.8823529412,2763678,2763678.0,2763678.0
DE,2020-03-15,3,Restrict_Mass_Gatherings_and_Schools-Restrict_Mass_Gatherings_and_Schools_and_Others-No_Measure,47723815137.430695,47652624993.46239,47795005281.398994,0,39136051720.39972,38843950015.8093,39569887345.75814,952030371.6176472,952030371.6176472,952030371.6176472,22483291615.5425,22434921044.5425,22531662186.5425,1425133,1404828.0,1445438.0,34571,34282.0,34860.0,1868832.3529411764,1868832.3529411764,1868832.3529411764,68102.64705882354,68102.64705882354,68102.64705882354,385915,385915.0,385915.0
DE,2020-03-15,3,Restrict_Mass_Gatherings_and_Schools-Restrict_Mass_Gatherings_and_Schools_and_Others-Restrict_Mass_Gatherings,51788753235.720245,51731808132.62578,51845698338.81471,0,35230351290.744156,34992374031.119835,35468328550.368484,851758419.2558823,851758419.2558823,851758419.2558823,21804073987.1425,21765382294.7425,21842765679.5425,1140011,1123769.0,1156253.0,31066,30806.0,31326.0,1692821.1176470588,1692821.1176470588,1692821.1176470588,60573.88235294118,60573.88235294118,60573.88235294118,343252,343252.0,343252.0
DE,2020-03-15,3,Restrict_Mass_Gatherings_and_Schools-Restrict_Mass_Gatherings_and_Schools_and_Others-Restrict_Mass_Gatherings_and_Schools,64771195930.11294,64745756103.24103,64796635756.98484,0,23736539376.463615,23500186156.812477,23972892596.114758,568634175.6705883,568634175.6705883,568634175.6705883,20301579949.7425,20284294706.5425,20318865192.9425,509294,502038.0,516550.0,20962,20787.0,21137.0,1185097.4117647058,1185097.4117647058,1185097.4117647058,39499.58823529412,39499.58823529412,39499.58823529412,223831,223831.0,223831.0
DE,2020-03-15,3,Restrict_Mass_Gatherings_and_Schools-Restrict_Mass_Gatherings_and_Schools_and_Others-Authorize_Schools_but_Restrict_Mass_Gatherings_and_Others,54085469721.396706,54036462293.0594,54134477149.73401,0,32545488889.55029,32200291466.18507,32748952392.147507,784616879.464706,784616879.464706,784616879.464706,21425394710.7425,21392096319.1425,21458693102.3425,981049,967071.0,995027.0,28681,28441.0,28921.0,1572973.294117647,1572973.294117647,1572973.294117647,55566.705882352944,55566.705882352944,55566.705882352944,314878,314878.0,314878.0
DE,2020-03-15,3,Restrict_Mass_Gatherings_and_Schools-Restrict_Mass_Gatherings_and_Schools_and_Others-Restrict_Mass_Gatherings_and_Schools_and_Others,66633579261.344925,66613100481.19625,66654058041.4936,0,21540471696.42711,21329657838.176853,21751285554.67737,513949001.682353,513949001.682353,513949001.682353,20065020343.1425,20051105912.9425,20078934773.3425,409991,404150.0,415832.0,18983,18824.0,19142.0,1085729.6470588236,1085729.6470588236,1085729.6470588236,35451.352941176476,35451.352941176476,35451.352941176476,200891,200891.0,200891.0
DE,2020-03-15,3,Restrict_Mass_Gatherings_and_Schools-Restrict_Mass_Gatherings_and_Schools_and_Others-Lockdown,73775865591.23718,73752694172.30162,73799037010.17273,0,22802906032.160023,22577872362.274773,23027939702.04528,544684839.9588236,544684839.9588236,544684839.9588236,20193373279.1425,20177629319.3425,20209117238.9425,463871,457262.0,470480.0,20098,19930.0,20266.0,1141687.1764705882,1141687.1764705882,1141687.1764705882,37724.82352941177,37724.82352941177,37724.82352941177,213774,213774.0,213774.0
DE,2020-03-15,3,Restrict_Mass_Gatherings_and_Schools-Lockdown-No_Measure,67572453540.21806,67317532871.52605,67827374208.91008,0,127825546864.77667,126659671549.54723,128849688259.23811,3117171386.3705883,3117171386.3705883,3117171386.3705883,31245051801.942497,31071844422.1425,31418259181.7425,5103145,5030436.0,5175854.0,112709,111766.0,113652.0,5870375.411764706,5870375.411764706,5870375.411764706,227233.58823529413,227233.58823529413,227233.58823529413,1287657,1287657.0,1287657.0
DE,2020-03-15,3,Restrict_Mass_Gatherings_and_Schools-Lockdown-Restrict_Mass_Gatherings,67926346375.44837,67738545338.18355,68114147412.71319,0,101280231604.07196,100436678872.23932,102123784335.90462,2468196305.2382355,2468196305.2382355,2468196305.2382355,28044342175.1425,27916739632.142498,28171944718.1425,3759551,3705986.0,3813116.0,89367,88620.0,90114.0,4705172.764705882,4705172.764705882,4705172.764705882,178951.23529411765,178951.23529411765,178951.23529411765,1014057,1014057.0,1014057.0
DE,2020-03-15,3,Restrict_Mass_Gatherings_and_Schools-Lockdown-Restrict_Mass_Gatherings_and_Schools,75334616574.30328,75257739633.31374,75411493515.29285,0,58103096998.023796,57643783675.427666,58562410320.61993,1407158144.864706,1407158144.864706,1407158144.864706,22754443148.3425,22702208648.9425,22806677647.7425,1538957,1517030.0,1560884.0,51275,50846.0,51704.0,2798409.294117647,2798409.294117647,2798409.294117647,100041.70588235295,100041.70588235295,100041.70588235295,566903,566903.0,566903.0
DE,2020-03-15,3,Restrict_Mass_Gatherings_and_Schools-Lockdown-Authorize_Schools_but_Restrict_Mass_Gatherings_and_Others,69108317415.43549,68944339920.56242,69272294910.30855,0,92154077372.1918,91422018124.31035,92886136620.07326,2242471381.532353,2242471381.532353,2242471381.532353,26908242408.7425,26796826914.7425,27019657902.7425,3282639,3235869.0,3329409.0,81267,80587.0,81947.0,4299978.647058823,4299978.647058823,4299978.647058823,162156.35294117648,162156.35294117648,162156.35294117648,918886,918886.0,918886.0
DE,2020-03-15,3,Restrict_Mass_Gatherings_and_Schools-Lockdown-Restrict_Mass_Gatherings_and_Schools_and_Others,75424759750.23433,75378094356.6752,75471425143.79346,0,44088409105.9447,43650332402.574295,44384751888.547104,1063714936.882353,1063714936.882353,1063714936.882353,21313724321.3425,21282017239.3425,21345431403.3425,934172,920862.0,947482.0,38828,38503.0,39153.0,2172817.6470588236,2172817.6470588236,2172817.6470588236,74643.35294117648,74643.35294117648,74643.35294117648,422979,422979.0,422979.0
DE,2020-03-15,3,Restrict_Mass_Gatherings_and_Schools-Lockdown-Lockdown,83604279991.5706,83540147506.2976,83668412476.8436,0,52560903360.633484,52026481906.21667,52953590894.2823,1269922863.7264705,1269922863.7264705,1269922863.7264705,22146832069.7425,22103256867.3425,22190407272.1425,1283894,1265602.0,1302186.0,46313,45926.0,46700.0,2549390.529411765,2549390.529411765,2549390.529411765,89876.4705882353,89876.4705882353,89876.4705882353,509300,509300.0,509300.0
DE,2020-03-15,3,Authorize_Schools_but_Restrict_Mass_Gatherings_and_Others-No_Measure-No_Measure,60829813983.74939,60075945244.22392,61583682723.27486,0,718183439059.3943,712185066715.819,724181811402.9697,4739249965.02647,4739249965.02647,4739249965.02647,55039161004.3425,54526940360.3425,55551381648.3425,15091437,14876417.0,15306457.0,633468,628169.0,638767.0,35567792.52941176,35567792.52941176,35567792.52941176,1244120.4705882354,1244120.4705882354,1244120.4705882354,7050016,7050016.0,7050016.0
DE,2020-03-15,3,Authorize_Schools_but_Restrict_Mass_Gatherings_and_Others-No_Measure-Restrict_Mass_Gatherings,65403334751.03171,64656460561.47998,66150208940.583435,0,713565634425.4891,707616242349.0806,719656760422.6656,4628642386.682352,4628642386.682352,4628642386.682352,54705502925.74249,54198034770.74249,55212971080.74249,14951374,14738349.0,15164399.0,629416,624151.0,634681.0,35361429.64705882,35361429.64705882,35361429.64705882,1236024.3529411766,1236024.3529411766,1236024.3529411766,7004138,7004138.0,7004138.0
DE,2020-03-15,3,Authorize_Schools_but_Restrict_Mass_Gatherings_and_Others-No_Measure-Restrict_Mass_Gatherings_and_Schools,78976601296.73996,78252817887.20178,79700384706.27814,0,698742000665.5713,692951762205.8678,704673973046.0427,8566840491.25,8566840491.25,8566840491.25,53604447703.542496,53112668717.74249,54096226689.3425,14489173,14282734.0,14695612.0,616348,611193.0,621503.0,34697085.0,34697085.0,34697085.0,1209888.0,1209888.0,1209888.0,6856032,6856032.0,6856032.0
DE,2020-03-15,3,Authorize_Schools_but_Restrict_Mass_Gatherings_and_Others-No_Measure-Authorize_Schools_but_Restrict_Mass_Gatherings_and_Others,68043667707.523315,67299840266.80726,68787495148.23936,0,711692519187.6119,705622943846.2698,717620360608.1862,4580974754.861765,4580974754.861765,4580974754.861765,54560295924.74249,54054897901.542496,55065693947.94249,14890419,14678263.0,15102575.0,627670,622420.0,632920.0,35272581.23529412,35272581.23529412,35272581.23529412,1232533.7647058824,1232533.7647058824,1232533.7647058824,6984358,6984358.0,6984358.0
DE,2020-03-15,3,Authorize_Schools_but_Restrict_Mass_Gatherings_and_Others-No_Measure-Restrict_Mass_Gatherings_and_Schools_and_Others,79736194778.97958,79033082981.79488,80439306576.16428,0,685732438354.3953,679940138676.633,691383004111.3894,8251068145.49706,8251068145.49706,8251068145.49706,52618590908.942505,52140857374.3425,53096324443.542496,14075330,13874787.0,14275873.0,604782,599723.0,609841.0,34109721.941176474,34109721.941176474,34109721.941176474,1186744.0588235294,1186744.0588235294,1186744.0588235294,6724883,6724883.0,6724883.0
DE,2020-03-15,3,Authorize_Schools_but_Restrict_Mass_Gatherings_and_Others-No_Measure-Lockdown,87726893725.38568,87009000463.19382,88444786987.57756,0,695095690029.5192,689203114322.7367,700846531815.5337,8476813076.352941,8476813076.352941,8476813076.352941,53323402894.1425,52835626004.3425,53811179783.94249,14371196,14166437.0,14575955.0,613051,607923.0,618179.0,34529607.058823526,34529607.058823526,34529607.058823526,1203289.9411764706,1203289.9411764706,1203289.9411764706,6818643,6818643.0,6818643.0
DE,2020-03-15,3,Authorize_Schools_but_Restrict_Mass_Gatherings_and_Others-Restrict_Mass_Gatherings-No_Measure,63905487811.066444,63179954887.52482,64631020734.60807,0,668693540458.382,663152394105.0298,674376420732.5022,7791894064.864706,7791894064.864706,7791894064.864706,53687781823.942505,53194814120.3425,54180749527.542496,14524155,14317217.0,14731093.0,589809,584876.0,594742.0,32881769.29411765,32881769.29411765,32881769.29411765,1159479.705882353,1159479.705882353,1159479.705882353,6570385,6570385.0,6570385.0
DE,2020-03-15,3,Authorize_Schools_but_Restrict_Mass_Gatherings_and_Others-Restrict_Mass_Gatherings-Restrict_Mass_Gatherings,68013325815.861595,67301424376.17856,68725227255.54463,0,659425492637.5732,653981773482.5867,665010945713.3276,7569328782.679412,7569328782.679412,7569328782.679412,53037712794.74249,52554007084.74249,53521418504.74249,14251269,14048219.0,14454319.0,581643,576778.0,586508.0,32464841.588235293,32464841.588235293,32464841.588235293,1143217.411764706,1143217.411764706,1143217.411764706,6478232,6478232.0,6478232.0
DE,2020-03-15,3,Authorize_Schools_but_Restrict_Mass_Gatherings_and_Others-Restrict_Mass_Gatherings-Restrict_Mass_Gatherings_and_Schools,79920234616.89893,79255163354.65912,80585305879.13875,0,629009155714.6031,623748646144.8115,634269665284.3948,6835246891.255882,6835246891.255882,6835246891.255882,50804440792.1425,50352554127.542496,51256327456.7425,13313786,13124093.0,13503479.0,554764,550124.0,559404.0,31094261.11764706,31094261.11764706,31094261.11764706,1089501.8823529412,1089501.8823529412,1089501.8823529412,6173844,6173844.0,6173844.0
DE,2020-03-15,3,Authorize_Schools_but_Restrict_Mass_Gatherings_and_Others-Restrict_Mass_Gatherings-Authorize_Schools_but_Restrict_Mass_Gatherings_and_Others,70442030686.65654,69736191190.28409,71147870183.02899,0,655464670242.0757,649922271418.9338,660865335144.4495,7472340347.617647,7472340347.617647,7472340347.617647,52748713819.542496,52269126933.3425,53228300705.74249,14129953,13928632.0,14331274.0,578084,573249.0,582919.0,32283392.352941178,32283392.352941178,32283392.352941178,1136126.6470588236,1136126.6470588236,1136126.6470588236,6438051,6438051.0,6438051.0
DE,2020-03-15,3,Authorize_Schools_but_Restrict_Mass_Gatherings_and_Others-Restrict_Mass_Gatherings-Restrict_Mass_Gatherings_and_Schools_and_Others,79226136228.03006,78602450262.97821,79849822193.0819,0,602432632440.0189,597454932389.5615,607552066411.2443,6196813304.702942,6196813304.702942,6196813304.702942,48830864322.542496,48407097146.74249,49254631498.3425,12485318,12307429.0,12663207.0,531394,526949.0,535839.0,29903746.05882353,29903746.05882353,29903746.05882353,1042759.9411764706,1042759.9411764706,1042759.9411764706,5908973,5908973.0,5908973.0
DE,2020-03-15,3,Authorize_Schools_but_Restrict_Mass_Gatherings_and_Others-Restrict_Mass_Gatherings-Lockdown,88241868066.37712,87588797979.35541,88894938153.39883,0,621363047106.5802,616183927876.5637,626542166336.5968,6650525991.891176,6650525991.891176,6650525991.891176,50232141064.1425,49788408670.1425,50675873458.1425,13073546,12887276.0,13259816.0,548003,543419.0,552587.0,30749841.82352941,30749841.82352941,30749841.82352941,1075977.1764705882,1075977.1764705882,1075977.1764705882,6097204,6097204.0,6097204.0
DE,2020-03-15,3,Authorize_Schools_but_Restrict_Mass_Gatherings_and_Others-Restrict_Mass_Gatherings_and_Schools-No_Measure,67862356051.55144,67296926448.58664,68427785654.516235,0,430330481927.0726,426737842099.0362,433923121755.10895,1920794154.297059,1920794154.297059,1920794154.297059,46052807001.9425,45668622461.3425,46436991542.542496,11319145,11157872.0,11480418.0,379603,376428.0,382778.0,20682873.94117647,20682873.94117647,20682873.94117647,751015.0588235295,751015.0588235295,751015.0588235295,4255752,4255752.0,4255752.0
DE,2020-03-15,3,Authorize_Schools_but_Restrict_Mass_Gatherings_and_Others-Restrict_Mass_Gatherings_and_Schools-Restrict_Mass_Gatherings,68983496675.27953,68474251364.71031,69492741985.84875,0,396275125938.1486,392910258407.5881,399639993468.7091,5393973395.091177,5393973395.091177,5393973395.091177,43373408494.3425,43027398708.74249,43719418279.9425,10194387,10049139.0,10339635.0,349503,346580.0,352426.0,19160449.82352941,19160449.82352941,19160449.82352941,690678.1764705883,690678.1764705883,690678.1764705883,3913843,3913843.0,3913843.0
DE,2020-03-15,3,Authorize_Schools_but_Restrict_Mass_Gatherings_and_Others-Restrict_Mass_Gatherings_and_Schools-Restrict_Mass_Gatherings_and_Schools,75066795758.78328,74687354570.35828,75446236947.20828,0,329658350530.2868,326902024994.7449,332414676065.8288,3781026348.2352943,3781026348.2352943,3781026348.2352943,37183249883.3425,36925436288.3425,37441063478.3425,7595882,7487657.0,7704107.0,290730,288298.0,293162.0,16211364.705882354,16211364.705882354,16211364.705882354,571586.2941176471,571586.2941176471,571586.2941176471,3238989,3238989.0,3238989.0
DE,2020-03-15,3,Authorize_Schools_but_Restrict_Mass_Gatherings_and_Others-Restrict_Mass_Gatherings_and_Schools-Authorize_Schools_but_Restrict_Mass_Gatherings_and_Others,71145079857.8794,70645700544.11523,71644459171.64355,0,393006653685.8303,389682577112.0046,396330730259.65607,5315107866.794118,5315107866.794118,5315107866.794118,42902912083.3425,42563605808.542496,43242218358.1425,9996882,9854448.0,10139316.0,346656,343756.0,349556.0,19025615.88235294,19025615.88235294,19025615.88235294,684695.1176470589,684695.1176470589,684695.1176470589,3879939,3879939.0,3879939.0
DE,2020-03-15,3,Authorize_Schools_but_Restrict_Mass_Gatherings_and_Others-Restrict_Mass_Gatherings_and_Schools-Restrict_Mass_Gatherings_and_Schools_and_Others,71650993510.70958,71351717928.87582,71950269092.54333,0,285814423575.0857,283403268063.7636,288225579086.40784,2721800111.7088237,2721800111.7088237,2721800111.7088237,33360395375.7425,33157050783.7425,33563739967.7425,5991124,5905764.0,6076484.0,252085,249977.0,254193.0,14260742.176470589,14260742.176470589,14260742.176470589,493616.8235294118,493616.8235294118,493616.8235294118,2797162,2797162.0,2797162.0
DE,2020-03-15,3,Authorize_Schools_but_Restrict_Mass_Gatherings_and_Others-Restrict_Mass_Gatherings_and_Schools-Lockdown,82028253944.39587,81680195320.79039,82376312568.00136,0,312272965566.2994,309708567932.6685,314837363199.9303,3361414851.7794123,3361414851.7794123,3361414851.7794123,35686770900.942505,35450280378.1425,35923261423.74249,6967690,6868416.0,7066964.0,275418,273114.0,277722.0,15436775.588235294,15436775.588235294,15436775.588235294,540730.4117647059,540730.4117647059,540730.4117647059,3064139,3064139.0,3064139.0
DE,2020-03-15,3,Authorize_Schools_but_Restrict_Mass_Gatherings_and_Others-Authorize_Schools_but_Restrict_Mass_Gatherings_and_Others-No_Measure,65765786450.862656,65054410917.19268,66477161984.53263,0,644496144257.7336,639037326134.3628,649813228460.3365,7186930840.411765,7186930840.411765,7186930840.411765,53012575820.3425,52529227440.3425,53495924200.3425,14240717,14037817.0,14443617.0,568399,563645.0,573153.0,31589528.23529412,31589528.23529412,31589528.23529412,1117993.7647058824,1117993.7647058824,1117993.7647058824,6335298,6335298.0,6335298.0
DE,2020-03-15,3,Authorize_Schools_but_Restrict_Mass_Gatherings_and_Others-Authorize_Schools_but_Restrict_Mass_Gatherings_and_Others-Restrict_Mass_Gatherings,69635129584.7738,68940786393.8469,70329472775.7007,0,632875830786.0066,627680520123.793,638212875368.9883,6909287294.702942,6909287294.702942,6909287294.702942,52200460018.3425,51728684365.942505,52672235670.74249,13899807,13701765.0,14097849.0,558222,553553.0,562891.0,31069546.05882353,31069546.05882353,31069546.05882353,1097704.9411764706,1097704.9411764706,1097704.9411764706,6220328,6220328.0,6220328.0
DE,2020-03-15,3,Authorize_Schools_but_Restrict_Mass_Gatherings_and_Others-Authorize_Schools_but_Restrict_Mass_Gatherings_and_Others-Restrict_Mass_Gatherings_and_Schools,80731305182.11319,80095344570.71646,81367265793.50992,0,595247061527.2205,590311146347.6145,600324710627.5944,6003339537.811765,6003339537.811765,6003339537.811765,49416330469.9425,48984223211.9425,49848437727.9425,12731085,12549695.0,12912475.0,525048,520656.0,529440.0,29379284.23529412,29379284.23529412,29379284.23529412,1031392.7647058824,1031392.7647058824,1031392.7647058824,5844559,5844559.0,5844559.0
DE,2020-03-15,3,Authorize_Schools_but_Restrict_Mass_Gatherings_and_Others-Authorize_Schools_but_Restrict_Mass_Gatherings_and_Others-Authorize_Schools_but_Restrict_Mass_Gatherings_and_Others,71984973095.8899,71297813781.10143,72672132410.67836,0,628295138835.3138,623007356873.8351,633441186876.0245,6796661902.847058,6796661902.847058,6796661902.847058,51857878218.542496,51390983693.942505,52324772743.1425,13755998,13560005.0,13951991.0,554095,549460.0,558730.0,30859480.94117647,30859480.94117647,30859480.94117647,1089460.0588235294,1089460.0588235294,1089460.0588235294,6173607,6173607.0,6173607.0
DE,2020-03-15,3,Authorize_Schools_but_Restrict_Mass_Gatherings_and_Others-Authorize_Schools_but_Restrict_Mass_Gatherings_and_Others-Restrict_Mass_Gatherings_and_Schools_and_Others,79253690978.74245,78670275390.13089,79837106567.354,0,561610952360.7135,556893980632.2838,566327924089.1432,5192030168.955883,5192030168.955883,5192030168.955883,46910389473.1425,46513984246.542496,47306794699.74249,11679141,11512738.0,11845544.0,495357,491214.0,499500.0,27865119.11764706,27865119.11764706,27865119.11764706,972015.8823529412,972015.8823529412,972015.8823529412,5508090,5508090.0,5508090.0
DE,2020-03-15,3,Authorize_Schools_but_Restrict_Mass_Gatherings_and_Others-Authorize_Schools_but_Restrict_Mass_Gatherings_and_Others-Lockdown,88815407921.73132,88194831814.23672,89435984029.22592,0,585525646265.9487,580553707703.4534,590355850907.6761,5766836777.458823,5766836777.458823,5766836777.458823,48682639074.1425,48260984909.7425,49104293238.542496,12423096,12246094.0,12600098.0,516394,512075.0,520713.0,28938077.17647059,28938077.17647059,28938077.17647059,1014080.8235294118,1014080.8235294118,1014080.8235294118,5746458,5746458.0,5746458.0
DE,2020-03-15,3,Authorize_Schools_but_Restrict_Mass_Gatherings_and_Others-Restrict_Mass_Gatherings_and_Schools_and_Others-No_Measure,49897542760.13251,49619566371.827805,50175519148.43721,0,187416819961.71753,185860560492.0504,188973079431.38467,313892818.817647,313892818.817647,313892818.817647,32344539536.5425,32155666809.5425,32533412263.5425,5564688,5485403.0,5643973.0,165265,163883.0,166647.0,9162320.352941176,9162320.352941176,9162320.352941176,327722.64705882355,327722.64705882355,327722.64705882355,1857095,1857095.0,1857095.0
DE,2020-03-15,3,Authorize_Schools_but_Restrict_Mass_Gatherings_and_Others-Restrict_Mass_Gatherings_and_Schools_and_Others-Restrict_Mass_Gatherings,51375335311.719536,51148462963.72421,51602207659.71486,0,167189260356.91394,165877016489.20898,168643238145.38693,-179901310.9088235,-179901310.9088235,-179901310.9088235,29907470323.942497,29753320544.1425,30061620103.7425,4541655,4476946.0,4606364.0,147517,146283.0,148751.0,8275049.823529412,8275049.823529412,8275049.823529412,290997.17647058825,290997.17647058825,290997.17647058825,1648984,1648984.0,1648984.0
DE,2020-03-15,3,Authorize_Schools_but_Restrict_Mass_Gatherings_and_Others-Restrict_Mass_Gatherings_and_Schools_and_Others-Restrict_Mass_Gatherings_and_Schools,60619133195.48743,60477036896.797874,60761229494.17698,0,133122403092.57622,132080572255.86713,134305967850.0533,3278362278.908824,3278362278.908824,3278362278.908824,25864731609.7425,25768183425.942497,25961279793.5425,2844594,2804065.0,2885123.0,117421,116439.0,118403.0,6767430.176470588,6767430.176470588,6767430.176470588,228839.82352941178,228839.82352941178,228839.82352941178,1296759,1296759.0,1296759.0
DE,2020-03-15,3,Authorize_Schools_but_Restrict_Mass_Gatherings_and_Others-Restrict_Mass_Gatherings_and_Schools_and_Others-Authorize_Schools_but_Restrict_Mass_Gatherings_and_Others,52818572952.9563,52611804238.820335,53025341667.092255,0,159095577829.03265,157739609258.169,160451546399.89633,-378869964.52647066,-378869964.52647066,-378869964.52647066,28948889719.3425,28808399474.3425,29089379964.3425,4139262,4080287.0,4198237.0,140359,139185.0,141533.0,7916337.470588235,7916337.470588235,7916337.470588235,276219.5294117647,276219.5294117647,276219.5294117647,1565244,1565244.0,1565244.0
DE,2020-03-15,3,Authorize_Schools_but_Restrict_Mass_Gatherings_and_Others-Restrict_Mass_Gatherings_and_Schools_and_Others-Restrict_Mass_Gatherings_and_Schools_and_Others,61151195194.19535,61033013594.93982,61269376793.45088,0,121627274688.72693,120575747574.63103,122537067882.05484,2997905581.458823,2997905581.458823,2997905581.458823,24724277181.7425,24643977984.1425,24804576379.3425,2365854,2332146.0,2399562.0,107240,106343.0,108137.0,6255437.176470588,6255437.176470588,6255437.176470588,208118.82352941178,208118.82352941178,208118.82352941178,1179340,1179340.0,1179340.0
DE,2020-03-15,3,Authorize_Schools_but_Restrict_Mass_Gatherings_and_Others-Restrict_Mass_Gatherings_and_Schools_and_Others-Lockdown,69044194827.5347,68912623661.18657,69175765993.88281,0,128243918182.99414,127116866657.17705,129229235788.04326,3158796863.7558823,3158796863.7558823,3158796863.7558823,25362706781.7425,25273309962.3425,25452103601.1425,2633854,2596327.0,2671381.0,113090,112144.0,114036.0,6549511.117647059,6549511.117647059,6549511.117647059,219999.8823529412,219999.8823529412,219999.8823529412,1246666,1246666.0,1246666.0
DE,2020-03-15,3,Authorize_Schools_but_Restrict_Mass_Gatherings_and_Others-Lockdown-No_Measure,72186981090.3473,71690501271.73517,72683460908.95944,0,358986709707.3365,356093272423.7881,362021880911.6529,4484329003.085294,4484329003.085294,4484329003.085294,42764715896.9425,42427379701.542496,43102052092.3425,9938870,9797263.0,10080477.0,316668,314019.0,319317.0,17256713.70588235,17256713.70588235,17256713.70588235,627626.2941176471,627626.2941176471,627626.2941176471,3556549,3556549.0,3556549.0
DE,2020-03-15,3,Authorize_Schools_but_Restrict_Mass_Gatherings_and_Others-Lockdown-Restrict_Mass_Gatherings,73893805710.62329,73445165808.99945,74342445612.24713,0,335312719456.3478,332406708041.39307,338076996950.53455,3909253060.4205885,3909253060.4205885,3909253060.4205885,40483263899.3425,40178432822.942505,40788094975.7425,8981162,8853200.0,9109124.0,295704,293231.0,298177.0,16210812.411764706,16210812.411764706,16210812.411764706,585070.5882352942,585070.5882352942,585070.5882352942,3315400,3315400.0,3315400.0
DE,2020-03-15,3,Authorize_Schools_but_Restrict_Mass_Gatherings_and_Others-Lockdown-Restrict_Mass_Gatherings_and_Schools,79022459162.97446,78717226819.03275,79327691506.91617,0,264833540477.75217,262589238635.3101,266936108399.4262,2199539233.2352943,2199539233.2352943,2199539233.2352943,33644465579.1425,33437073629.3425,33851857528.942497,6110371,6023312.0,6197430.0,233530,231577.0,235483.0,13091624.705882354,13091624.705882354,13091624.705882354,458717.2941176471,458717.2941176471,458717.2941176471,2599398,2599398.0,2599398.0
DE,2020-03-15,3,Authorize_Schools_but_Restrict_Mass_Gatherings_and_Others-Lockdown-Authorize_Schools_but_Restrict_Mass_Gatherings_and_Others,75252877353.52945,74825536645.43466,75680218061.62424,0,324717091942.4071,322071881102.71704,327504036702.86505,3655043252.229412,3655043252.229412,3655043252.229412,39467496201.542496,39177136990.1425,39757855412.942505,8554763,8432876.0,8676650.0,286450,284054.0,288846.0,15747868.588235294,15747868.588235294,15747868.588235294,566269.4117647059,566269.4117647059,566269.4117647059,3208860,3208860.0,3208860.0
DE,2020-03-15,3,Authorize_Schools_but_Restrict_Mass_Gatherings_and_Others-Lockdown-Restrict_Mass_Gatherings_and_Schools_and_Others,76179445696.00833,75946213391.29504,76412678000.72163,0,226443573036.37332,224485778010.61035,228259634141.36832,1270732573.5970588,1270732573.5970588,1270732573.5970588,30210795849.942497,30052324759.3425,30369266940.5425,4668985,4602462.0,4735508.0,199692,198022.0,201362.0,11383395.94117647,11383395.94117647,11383395.94117647,390310.05882352946,390310.05882352946,390310.05882352946,2211757,2211757.0,2211757.0
DE,2020-03-15,3,Authorize_Schools_but_Restrict_Mass_Gatherings_and_Others-Lockdown-Lockdown,86315392402.5806,86036816481.421,86593968323.74019,0,251020703235.90332,248930668577.97134,253110737893.83536,1867351053.6882353,1867351053.6882353,1867351053.6882353,32373209313.5425,32183929230.3425,32562489396.7425,5576723,5497267.0,5656179.0,221433,219581.0,223285.0,12482265.764705881,12482265.764705881,12482265.764705881,434224.23529411765,434224.23529411765,434224.23529411765,2460604,2460604.0,2460604.0
DE,2020-03-15,3,Restrict_Mass_Gatherings_and_Schools_and_Others-No_Measure-No_Measure,53544899862.42194,53102132577.94397,53987667146.89991,0,236337086113.86273,234409233169.7412,238264939057.98422,1426503082.3470588,1426503082.3470588,1426503082.3470588,40203119561.542496,39902278670.1425,40503960452.9425,8863563,8737276.0,8989850.0,208450,206707.0,210193.0,10606630.94117647,10606630.94117647,10606630.94117647,419956.05882352946,419956.05882352946,419956.05882352946,2379751,2379751.0,2379751.0
DE,2020-03-15,3,Restrict_Mass_Gatherings_and_Schools_and_Others-No_Measure-Restrict_Mass_Gatherings,53181341196.51135,52815913650.31444,53546768742.70827,0,196725244233.9396,195102065650.0522,198348422817.82703,469956580.85000014,469956580.85000014,469956580.85000014,36514933202.1425,36266641260.542496,36763225143.74249,7315336,7211108.0,7419564.0,173527,172076.0,174978.0,8863869.0,8863869.0,8863869.0,349224.0,349224.0,349224.0,1978936,1978936.0,1978936.0
DE,2020-03-15,3,Restrict_Mass_Gatherings_and_Schools_and_Others-No_Measure-Restrict_Mass_Gatherings_and_Schools,54203650378.06436,54040135680.48279,54367165075.64593,0,104710848167.42319,103874036695.29211,105689393560.32228,2527156975.752941,2527156975.752941,2527156975.752941,26886054597.9425,26774953554.3425,26997155641.5425,3273325,3226687.0,3319963.0,92385,91612.0,93158.0,4807163.05882353,4807163.05882353,4807163.05882353,183403.9411764706,183403.9411764706,183403.9411764706,1039289,1039289.0,1039289.0
DE,2020-03-15,3,Restrict_Mass_Gatherings_and_Schools_and_Others-No_Measure-Authorize_Schools_but_Restrict_Mass_Gatherings_and_Others,53834303377.958336,53500237360.34042,54168369395.57625,0,181874810388.34027,180421986333.11133,183469368364.33716,110379233.71764708,110379233.71764708,110379233.71764708,35019395188.7425,34792412026.1425,35246378351.3425,6687539,6592256.0,6782822.0,160449,159107.0,161791.0,8211746.352941177,8211746.352941177,8211746.352941177,322583.64705882355,322583.64705882355,322583.64705882355,1827974,1827974.0,1827974.0
DE,2020-03-15,3,Restrict_Mass_Gatherings_and_Schools_and_Others-No_Measure-Restrict_Mass_Gatherings_and_Schools_and_Others,50189668606.57237,50114842699.03376,50264494514.110985,0,60869449007.00234,60390518732.99511,61348379281.009575,1461070701.267647,1461070701.267647,1461070701.267647,22656763419.5425,22605922507.1425,22707604331.9425,1497953,1476611.0,1519295.0,53654,53205.0,54103.0,2856653.3529411764,2856653.3529411764,2856653.3529411764,104711.64705882354,104711.64705882354,104711.64705882354,593366,593366.0,593366.0
DE,2020-03-15,3,Restrict_Mass_Gatherings_and_Schools_and_Others-No_Measure-Lockdown,60913311776.70252,60784766322.94956,61041857230.45549,0,88175599545.23167,87388662152.76288,88962536937.70047,2124495222.2441177,2124495222.2441177,2124495222.2441177,25218490775.9425,25131149795.1425,25305831756.7425,2573315,2536651.0,2609979.0,77779,77129.0,78429.0,4073008.882352941,4073008.882352941,4073008.882352941,153638.11764705883,153638.11764705883,153638.11764705883,870616,870616.0,870616.0
DE,2020-03-15,3,Restrict_Mass_Gatherings_and_Schools_and_Others-Restrict_Mass_Gatherings-No_Measure,50951212205.83682,50617559900.94917,51284864510.72446,0,160984512562.3686,159566308955.77972,162260982248.18948,-386983220.8029411,-386983220.8029411,-386983220.8029411,34999658661.74249,34772956598.7425,35226360724.74249,6679254,6584089.0,6774419.0,141937,140750.0,143124.0,7204019.94117647,7204019.94117647,7204019.94117647,287542.05882352946,287542.05882352946,287542.05882352946,1629405,1629405.0,1629405.0
DE,2020-03-15,3,Restrict_Mass_Gatherings_and_Schools_and_Others-Restrict_Mass_Gatherings-Restrict_Mass_Gatherings,51026125925.297516,50763565595.25574,51288686255.339294,0,130575314551.57571,129517103846.72717,131633525256.42426,3168537191.361765,3168537191.361765,3168537191.361765,31609394998.7425,31430996805.1425,31787793192.3425,5256089,5181201.0,5330977.0,115179,114216.0,116142.0,5872871.235294118,5872871.235294118,5872871.235294118,232588.76470588238,232588.76470588238,232588.76470588238,1318003,1318003.0,1318003.0
DE,2020-03-15,3,Restrict_Mass_Gatherings_and_Schools_and_Others-Restrict_Mass_Gatherings-Restrict_Mass_Gatherings_and_Schools,54710581863.096016,54612006040.00748,54809157686.184555,0,62558121113.183044,62029031792.8266,63087210433.5395,1505305351.0205884,1505305351.0205884,1505305351.0205884,23789328001.1425,23722350065.9425,23856305936.3425,1973381,1945265.0,2001497.0,55201,54739.0,55663.0,2874176.411764706,2874176.411764706,2874176.411764706,109060.58823529413,109060.58823529413,109060.58823529413,618010,618010.0,618010.0
DE,2020-03-15,3,Restrict_Mass_Gatherings_and_Schools_and_Others-Restrict_Mass_Gatherings-Authorize_Schools_but_Restrict_Mass_Gatherings_and_Others,51850196887.1547,51616561387.83139,52083832386.478004,0,118539008721.68195,117623708961.05826,119596042403.07365,2875692118.297059,2875692118.297059,2875692118.297059,30230117874.1425,30071372830.5425,30388862917.7425,4677096,4610458.0,4743734.0,104608,103733.0,105483.0,5345833.94117647,5345833.94117647,5345833.94117647,210823.05882352943,210823.05882352943,210823.05882352943,1194664,1194664.0,1194664.0
DE,2020-03-15,3,Restrict_Mass_Gatherings_and_Schools_and_Others-Restrict_Mass_Gatherings-Restrict_Mass_Gatherings_and_Schools_and_Others,53084560488.87896,53040647336.78819,53128473640.96973,0,36532921098.28786,36162441202.50054,36761667073.307175,870271781.2294118,870271781.2294118,870271781.2294118,21182550860.5425,21152713805.5425,21212387915.5425,879108,866583.0,891633.0,32168,31899.0,32437.0,1715168.5882352942,1715168.5882352942,1715168.5882352942,62137.41176470589,62137.41176470589,62137.41176470589,352112,352112.0,352112.0
DE,2020-03-15,3,Restrict_Mass_Gatherings_and_Schools_and_Others-Restrict_Mass_Gatherings-Lockdown,62266576796.476395,62190909439.31688,62342244153.63591,0,52152330585.034966,51744707931.03125,52559953239.038666,1251447685.6529412,1251447685.6529412,1251447685.6529412,22696810583.7425,22645397943.3425,22748223224.1425,1514764,1493182.0,1536346.0,46013,45628.0,46398.0,2412489.0588235296,2412489.0588235296,2412489.0588235296,90274.94117647059,90274.94117647059,90274.94117647059,511558,511558.0,511558.0
DE,2020-03-15,3,Restrict_Mass_Gatherings_and_Schools_and_Others-Restrict_Mass_Gatherings_and_Schools-No_Measure,47214170138.291534,47150241003.34359,47278099273.23949,0,27307993494.340702,26984760156.87113,27489492911.042274,656922468.2529411,656922468.2529411,656922468.2529411,22137010259.1425,22093573224.3425,22180447293.9425,1279771,1261537.0,1298005.0,24059,23858.0,24260.0,1228013.0588235294,1228013.0588235294,1228013.0588235294,48043.941176470595,48043.941176470595,48043.941176470595,272249,272249.0,272249.0
DE,2020-03-15,3,Restrict_Mass_Gatherings_and_Schools_and_Others-Restrict_Mass_Gatherings_and_Schools-Restrict_Mass_Gatherings,50569285878.6697,50529713204.20675,50608858553.13265,0,19459400278.53732,19238251094.663944,19538815541.642696,461091786.582353,461091786.582353,461091786.582353,20975499565.3425,20948611673.9425,21002387456.7425,792192,780905.0,803479.0,17135,16992.0,17278.0,879755.6470588235,879755.6470588235,879755.6470588235,33417.352941176476,33417.352941176476,33417.352941176476,189365,189365.0,189365.0
DE,2020-03-15,3,Restrict_Mass_Gatherings_and_Schools_and_Others-Restrict_Mass_Gatherings_and_Schools-Restrict_Mass_Gatherings_and_Schools,63932845648.64902,63919350900.35382,63946340396.944214,0,10391079144.799541,10284785552.989355,10497372736.609728,237192467.66470587,237192467.66470587,237192467.66470587,19731957814.5425,19722788726.7425,19741126902.3425,270178,266329.0,274027.0,9169,9093.0,9245.0,479921.29411764705,479921.29411764705,479921.29411764705,16722.70588235294,16722.70588235294,16722.70588235294,94762,94762.0,94762.0
DE,2020-03-15,3,Restrict_Mass_Gatherings_and_Schools_and_Others-Restrict_Mass_Gatherings_and_Schools-Authorize_Schools_but_Restrict_Mass_Gatherings_and_Others,53089428274.935875,53054613296.87109,53124243253.00065,0,17980734584.649017,17919752676.45719,18183450413.60884,425803807.25294113,425803807.25294113,425803807.25294113,20748628366.1425,20724973120.1425,20772283612.1425,696956,687026.0,706886.0,15895,15762.0,16028.0,817513.0588235294,817513.0588235294,817513.0588235294,30772.94117647059,30772.94117647059,30772.94117647059,174380,174380.0,174380.0
DE,2020-03-15,3,Restrict_Mass_Gatherings_and_Schools_and_Others-Restrict_Mass_Gatherings_and_Schools-Restrict_Mass_Gatherings_and_Schools_and_Others,65747585401.13758,65739728365.30242,65755442436.97274,0,7806496458.271612,7729018962.179418,7883973954.363808,174776350.92058825,174776350.92058825,174776350.92058825,19463026492.1425,19457687981.9425,19468365002.3425,157286,155045.0,159527.0,6910,6852.0,6968.0,366422.4117647059,366422.4117647059,366422.4117647059,12103.588235294119,12103.588235294119,12103.588235294119,68587,68587.0,68587.0
DE,2020-03-15,3,Restrict_Mass_Gatherings_and_Schools_and_Others-Restrict_Mass_Gatherings_and_Schools-Lockdown,72925181060.74689,72914130022.3924,72936232099.10138,0,9381227673.753641,9286515070.909342,9475940276.597942,211828887.25588235,211828887.25588235,211828887.25588235,19615370564.3425,19607861869.9425,19622879258.7425,221237,218085.0,224389.0,8254,8185.0,8323.0,434021.1176470588,434021.1176470588,434021.1176470588,14841.882352941177,14841.882352941177,14841.882352941177,84104,84104.0,84104.0
DE,2020-03-15,3,Restrict_Mass_Gatherings_and_Schools_and_Others-Authorize_Schools_but_Restrict_Mass_Gatherings_and_Others-No_Measure,50526838389.32368,50239897056.5163,50813779722.13106,0,132965105184.62727,131850125304.79675,134080085064.45781,3233240605.6676474,3233240605.6676474,3233240605.6676474,32772118232.3425,32577154219.9425,32967082244.7425,5744177,5662335.0,5826019.0,117286,116305.0,118267.0,5949429.352941177,5949429.352941177,5949429.352941177,238079.64705882355,238079.64705882355,238079.64705882355,1349118,1349118.0,1349118.0
DE,2020-03-15,3,Restrict_Mass_Gatherings_and_Schools_and_Others-Authorize_Schools_but_Restrict_Mass_Gatherings_and_Others-Restrict_Mass_Gatherings,50520461063.32517,50305768698.5924,50735153428.05795,0,103417678319.67429,102657614103.28874,104319476456.8278,2511998387.282353,2511998387.282353,2511998387.282353,29326620880.1425,29180746863.1425,29472494897.1425,4297826,4236591.0,4359061.0,91270,90507.0,92033.0,4653153.647058823,4653153.647058823,4653153.647058823,184443.35294117648,184443.35294117648,184443.35294117648,1045179,1045179.0,1045179.0
DE,2020-03-15,3,Restrict_Mass_Gatherings_and_Schools_and_Others-Authorize_Schools_but_Restrict_Mass_Gatherings_and_Others-Restrict_Mass_Gatherings_and_Schools,55759730080.42393,55686867555.33408,55832592605.51377,0,46600087481.74572,46243133224.546776,46957041738.94467,1118018965.4264708,1118018965.4264708,1118018965.4264708,22562980969.9425,22513474089.5425,22612487850.3425,1458585,1437803.0,1479367.0,41125,40781.0,41469.0,2143768.529411765,2143768.529411765,2143768.529411765,80846.4705882353,80846.4705882353,80846.4705882353,458130,458130.0,458130.0
DE,2020-03-15,3,Restrict_Mass_Gatherings_and_Schools_and_Others-Authorize_Schools_but_Restrict_Mass_Gatherings_and_Others-Authorize_Schools_but_Restrict_Mass_Gatherings_and_Others,51487634557.37691,51299826508.031906,51675442606.7219,0,92835146020.37115,92061877780.12894,93608414260.61339,2251943170.8088236,2251943170.8088236,2251943170.8088236,28044575630.7425,27916968323.3425,28172182938.1425,3759649,3706082.0,3813216.0,81918,81233.0,82603.0,4186236.1764705884,4186236.1764705884,4186236.1764705884,165095.82352941178,165095.82352941178,165095.82352941178,935543,935543.0,935543.0
DE,2020-03-15,3,Restrict_Mass_Gatherings_and_Schools_and_Others-Authorize_Schools_but_Restrict_Mass_Gatherings_and_Others-Restrict_Mass_Gatherings_and_Schools_and_Others,55252507134.236885,55218368821.90892,55286645446.56486,0,28727443183.683666,28437300928.83654,28875851517.762787,681544536.9058824,681544536.9058824,681544536.9058824,20716378142.5425,20693182661.1425,20739573623.9425,683418,673681.0,693155.0,25311,25100.0,25522.0,1349442.1176470588,1349442.1176470588,1349442.1176470588,48555.88235294118,48555.88235294118,48555.88235294118,275150,275150.0,275150.0
DE,2020-03-15,3,Restrict_Mass_Gatherings_and_Schools_and_Others-Authorize_Schools_but_Restrict_Mass_Gatherings_and_Others-Lockdown,63685345783.94537,63630129158.61384,63740562409.27691,0,38627585920.46061,38363841713.78441,39033064047.90481,923723837.1147059,923723837.1147059,923723837.1147059,21721604605.3425,21684087337.5425,21759121873.1425,1105392,1089643.0,1121141.0,34097,33812.0,34382.0,1790394.294117647,1790394.294117647,1790394.294117647,66468.70588235295,66468.70588235295,66468.70588235295,376656,376656.0,376656.0
DE,2020-03-15,3,Restrict_Mass_Gatherings_and_Schools_and_Others-Restrict_Mass_Gatherings_and_Schools_and_Others-No_Measure,45533980444.72899,45525485309.59798,45542475579.86,0,5993403204.443288,5930847122.698864,6055959286.187711,129702908.97941175,129702908.97941175,129702908.97941175,19493428128.5425,19487656057.9425,19499200199.1425,170048,167625.0,172471.0,5252,5208.0,5296.0,270623.5882352941,270623.5882352941,270623.5882352941,9004.411764705883,9004.411764705883,9004.411764705883,51025,51025.0,51025.0
DE,2020-03-15,3,Restrict_Mass_Gatherings_and_Schools_and_Others-Restrict_Mass_Gatherings_and_Schools_and_Others-Restrict_Mass_Gatherings,50478829423.67479,50472041730.066185,50485617117.28339,0,5476970734.462487,5421496228.536285,5532445240.388691,117592492.21764708,117592492.21764708,117592492.21764708,19412071234.1425,19407459294.9425,19416683173.3425,135896,133960.0,137832.0,4829,4789.0,4869.0,249276.35294117648,249276.35294117648,249276.35294117648,8096.64705882353,8096.64705882353,8096.64705882353,45881,45881.0,45881.0
DE,2020-03-15,3,Restrict_Mass_Gatherings_and_Schools_and_Others-Restrict_Mass_Gatherings_and_Schools_and_Others-Restrict_Mass_Gatherings_and_Schools,65489088571.55674,65484916383.8531,65493260759.26037,0,4588807964.198863,4544036868.151991,4633579060.245736,95313960.27352941,95313960.27352941,95313960.27352941,19287389268.342503,19284554450.342503,19290224086.342503,83557,82367.0,84747.0,4037,4003.0,4071.0,209489.4705882353,209489.4705882353,209489.4705882353,6435.529411764706,6435.529411764706,6435.529411764706,36468,36468.0,36468.0
DE,2020-03-15,3,Restrict_Mass_Gatherings_and_Schools_and_Others-Restrict_Mass_Gatherings_and_Schools_and_Others-Authorize_Schools_but_Restrict_Mass_Gatherings_and_Others,53283907697.81853,53277817706.187256,53289997689.4498,0,5321189136.380582,5267888947.972934,5232755404.02023,111989958.84705883,111989958.84705883,111989958.84705883,19378801428.9425,19374663547.5425,19382939310.3425,121930,120193.0,123667.0,4631,4592.0,4670.0,239320.9411764706,239320.9411764706,239320.9411764706,7678.058823529413,7678.058823529413,7678.058823529413,43509,43509.0,43509.0
DE,2020-03-15,3,Restrict_Mass_Gatherings_and_Schools_and_Others-Restrict_Mass_Gatherings_and_Schools_and_Others-Restrict_Mass_Gatherings_and_Schools_and_Others,67665535961.709816,67661847607.5382,67669224315.88143,0,4315735297.298068,4273953352.4483047,4357517242.14783,89899329.29411764,89899329.29411764,89899329.29411764,19264222373.3425,19261716298.9425,19266728447.7425,73832,72780.0,74884.0,3841,3809.0,3873.0,199625.88235294117,199625.88235294117,199625.88235294117,6035.117647058824,6035.117647058824,6035.117647058824,34199,34199.0,34199.0
DE,2020-03-15,3,Restrict_Mass_Gatherings_and_Schools_and_Others-Restrict_Mass_Gatherings_and_Schools_and_Others-Lockdown,74637386670.8886,74633435363.71045,74641337978.06674,0,4469131166.193682,4425823273.041364,4512439059.345999,92965636.66470589,92965636.66470589,92965636.66470589,19276771802.9425,19274087063.5425,19279456542.3425,79100,77973.0,80227.0,3952,3919.0,3985.0,205221.29411764705,205221.29411764705,205221.29411764705,6261.705882352941,6261.705882352941,6261.705882352941,35483,35483.0,35483.0
DE,2020-03-15,3,Restrict_Mass_Gatherings_and_Schools_and_Others-Lockdown-No_Measure,54323730469.262856,54289073263.002,54358387675.52371,0,15854360082.55401,15811754101.683067,16038699984.192957,376278345.7676471,376278345.7676471,376278345.7676471,20741160169.1425,20717612122.1425,20764708216.1425,693821,683936.0,703706.0,14034,13917.0,14151.0,718863.3529411765,718863.3529411765,718863.3529411765,27254.64705882353,27254.64705882353,27254.64705882353,154443,154443.0,154443.0
DE,2020-03-15,3,Restrict_Mass_Gatherings_and_Schools_and_Others-Lockdown-Restrict_Mass_Gatherings,58754544886.88047,58728915733.843864,58780174039.917076,0,13384298463.713732,13233830891.92078,13534766035.506685,312723183.38235295,312723183.38235295,312723183.38235295,20310539403.9425,20293125521.9425,20327953285.9425,513055,505745.0,520365.0,11814,11715.0,11913.0,607147.6470588235,607147.6470588235,607147.6470588235,22485.352941176472,22485.352941176472,22485.352941176472,127417,127417.0,127417.0
DE,2020-03-15,3,Restrict_Mass_Gatherings_and_Schools_and_Others-Lockdown-Restrict_Mass_Gatherings_and_Schools,72754370293.7441,72745752447.21004,72762988140.27815,0,7459836443.198901,7385759458.988928,7533913427.408876,164380535.3647059,164380535.3647059,164380535.3647059,19499312162.5425,19493456714.9425,19505167610.1425,172518,170060.0,174976.0,6534,6480.0,6588.0,341699.29411764705,341699.29411764705,341699.29411764705,11433.705882352942,11433.705882352942,11433.705882352942,64791,64791.0,64791.0
DE,2020-03-15,3,Restrict_Mass_Gatherings_and_Schools_and_Others-Lockdown-Authorize_Schools_but_Restrict_Mass_Gatherings_and_Others,61303258003.816315,61281979846.52779,61324536161.10484,0,11928967709.097994,11939194663.545147,12060474675.41884,277198560.55588233,277198560.55588233,277198560.55588233,20103080752.5425,20088623180.7425,20117538324.3425,425968,419899.0,432037.0,10557,10469.0,10645.0,543863.1176470588,543863.1176470588,543863.1176470588,19833.88235294118,19833.88235294118,19833.88235294118,112392,112392.0,112392.0
DE,2020-03-15,3,Restrict_Mass_Gatherings_and_Schools_and_Others-Lockdown-Restrict_Mass_Gatherings_and_Schools_and_Others,74762114046.98671,74756385177.4844,74767842916.48901,0,6124526119.356453,6064961758.685473,6184090480.027431,132312367.55588235,132312367.55588235,132312367.55588235,19361518567.9425,19357626053.1425,19365411082.7425,114675,113041.0,116309.0,5373,5328.0,5418.0,283363.1176470588,283363.1176470588,283363.1176470588,9060.882352941177,9060.882352941177,9060.882352941177,51345,51345.0,51345.0
DE,2020-03-15,3,Restrict_Mass_Gatherings_and_Schools_and_Others-Lockdown-Lockdown,81834661733.50671,81827235940.60226,81842087526.41116,0,6980243148.311776,6911345319.169467,6907407056.686085,152256799.12941176,152256799.12941176,152256799.12941176,19442487163.7425,19437441664.1425,19447532663.3425,148664,146546.0,150782.0,6096,6045.0,6147.0,319774.5882352941,319774.5882352941,319774.5882352941,10534.411764705883,10534.411764705883,10534.411764705883,59695,59695.0,59695.0
DE,2020-03-15,3,Lockdown-No_Measure-No_Measure,75652031120.18839,74993358381.10751,76310703859.26926,0,479990164932.4532,475843498636.0016,483995097308.1367,3019812581.25,3019812581.25,3019812581.25,50499426286.3425,50051887136.74249,50946965435.9425,13185747,12997879.0,13373615.0,423295,419754.0,426836.0,22247365.0,22247365.0,22247365.0,839766.0,839766.0,839766.0,4758674,4758674.0,4758674.0
DE,2020-03-15,3,Lockdown-No_Measure-Restrict_Mass_Gatherings,77804841569.74228,77187652296.97183,78422030842.51276,0,449540180247.22375,445851083692.4006,453371010722.81494,2291778283.620589,2291778283.620589,2291778283.620589,48521002039.74249,48101649080.542496,48940354998.9425,12355244,12179208.0,12531280.0,396518,393201.0,399835.0,20881020.411764707,20881020.411764707,20881020.411764707,786613.5882352942,786613.5882352942,786613.5882352942,4457477,4457477.0,4457477.0
DE,2020-03-15,3,Lockdown-No_Measure-Restrict_Mass_Gatherings_and_Schools,82219963273.76991,81756349074.93413,82683577472.60571,0,356779210405.6413,353670594323.3163,359746092567.19824,4351362562.355883,4351362562.355883,4351362562.355883,41197390286.542496,40882384833.9425,41512395739.1425,9280938,9148705.0,9413171.0,314630,311998.0,317262.0,16743995.11764706,16743995.11764706,16743995.11764706,622416.8823529412,622416.8823529412,622416.8823529412,3527029,3527029.0,3527029.0
DE,2020-03-15,3,Lockdown-No_Measure-Authorize_Schools_but_Restrict_Mass_Gatherings_and_Others,79224490573.27313,78627741514.21039,79821239632.33588,0,435465726309.19165,431925027673.3542,439148158865.7971,1953784101.861765,1953784101.861765,1953784101.861765,47546393993.542496,47140929260.3425,47951858726.74249,11946123,11775917.0,12116329.0,384116,380903.0,387329.0,20248881.23529412,20248881.23529412,20248881.23529412,761899.7647058824,761899.7647058824,761899.7647058824,4317432,4317432.0,4317432.0
DE,2020-03-15,3,Lockdown-No_Measure-Restrict_Mass_Gatherings_and_Schools_and_Others,75253737977.14667,74920871025.23854,75586604929.05481,0,282602079518.4565,280308638106.95715,285037254850.7238,2562305446.329412,2562305446.329412,2562305446.329412,34962179509.1425,34736011058.9425,35188347959.3425,6663521,6568580.0,6758462.0,249276,247191.0,251361.0,13443982.588235294,13443982.588235294,13443982.588235294,490816.4117647059,490816.4117647059,490816.4117647059,2781293,2781293.0,2781293.0
DE,2020-03-15,3,Lockdown-No_Measure-Lockdown,88384572174.42944,87963689592.17506,88805454756.6838,0,332109128351.2681,329412324298.5682,334947666324.736,3757786472.4382353,3757786472.4382353,3757786472.4382353,39159487270.3425,38873516071.3425,39445458469.3425,8425467,8305422.0,8545512.0,292941,290491.0,295391.0,15647300.764705881,15647300.764705881,15647300.764705881,578785.2352941177,578785.2352941177,578785.2352941177,3279783,3279783.0,3279783.0
DE,2020-03-15,3,Lockdown-Restrict_Mass_Gatherings-No_Measure,75870191119.4872,75280566333.88141,76459815905.09297,0,389069957149.2521,385787039281.111,392211141096.6252,5113090459.805882,5113090459.805882,5113090459.805882,47206492168.74249,46805868065.942505,47607116271.542496,11803439,11635265.0,11971613.0,343103,340233.0,345973.0,17847188.11764706,17847188.11764706,17847188.11764706,683607.8823529412,683607.8823529412,683607.8823529412,3873778,3873778.0,3873778.0
DE,2020-03-15,3,Lockdown-Restrict_Mass_Gatherings-Restrict_Mass_Gatherings,77288209193.62949,76750540416.07423,77825877971.18472,0,356440308241.2329,353508118993.30365,359372497489.16223,4330797982.950001,4330797982.950001,4330797982.950001,44728808828.3425,44363486547.3425,45094131109.3425,10763357,10610002.0,10916712.0,314370,311741.0,316999.0,16401023.0,16401023.0,16401023.0,626118.0,626118.0,626118.0,3548002,3548002.0,3548002.0
DE,2020-03-15,3,Lockdown-Restrict_Mass_Gatherings-Restrict_Mass_Gatherings_and_Schools,78679851650.0364,78338836660.9659,79020866639.10695,0,247557139889.7938,245545198265.44022,249710815434.91537,1703913356.6588237,1703913356.6588237,1703913356.6588237,35350875936.542496,35119171253.542496,35582580619.542496,6826688,6729423.0,6923953.0,218364,216538.0,220190.0,11572285.176470589,11572285.176470589,11572285.176470589,432602.8235294118,432602.8235294118,432602.8235294118,2451416,2451416.0,2451416.0
DE,2020-03-15,3,Lockdown-Restrict_Mass_Gatherings-Authorize_Schools_but_Restrict_Mass_Gatherings_and_Others,78441441223.02275,77928006194.54945,78954876251.49603,0,342154501641.87366,339235767725.9527,344931501637.02673,3986667600.7352943,3986667600.7352943,3986667600.7352943,43573182168.542496,43224325653.942505,43922038683.1425,10278248,10131805.0,10424691.0,301757,299233.0,304281.0,15767014.705882354,15767014.705882354,15767014.705882354,600791.2941176471,600791.2941176471,600791.2941176471,3404484,3404484.0,3404484.0
DE,2020-03-15,3,Lockdown-Restrict_Mass_Gatherings-Restrict_Mass_Gatherings_and_Schools_and_Others,71551107371.21634,71343157121.57103,71759057620.86165,0,175687547006.2166,174333227936.60123,177183599996.6,-33846584.829411745,-33846584.829411745,-33846584.829411745,29005240660.3425,28863947613.9425,29146533706.7425,4162917,4103605.0,4222229.0,155009,153713.0,156305.0,8375207.411764706,8375207.411764706,8375207.411764706,304633.58823529416,304633.58823529416,304633.58823529416,1726257,1726257.0,1726257.0
DE,2020-03-15,3,Lockdown-Restrict_Mass_Gatherings-Lockdown,84668008565.19302,84372239023.44635,84963778106.93968,0,223749787269.15167,221863136133.9998,225494704483.53555,1125742077.811765,1125742077.811765,1125742077.811765,33193081558.7425,32992119166.7425,33394043950.7425,5920889,5836529.0,6005249.0,197293,195643.0,198943.0,10510884.235294119,10510884.235294119,10510884.235294119,389986.76470588235,389986.76470588235,389986.76470588235,2209925,2209925.0,2209925.0
DE,2020-03-15,3,Lockdown-Restrict_Mass_Gatherings_and_Schools-No_Measure,67568635462.56323,67313770890.5126,67823500034.61385,0,122283558578.02422,121164252292.94353,123261130942.33688,2978555822.1764708,2978555822.1764708,2978555822.1764708,31242457586.1425,31069288321.5425,31415626850.7425,5102056,5029363.0,5174749.0,107826,106924.0,108728.0,5554123.529411765,5554123.529411765,5554123.529411765,218072.4705882353,218072.4705882353,218072.4705882353,1235744,1235744.0,1235744.0
DE,2020-03-15,3,Lockdown-Restrict_Mass_Gatherings_and_Schools-Restrict_Mass_Gatherings,67619778230.233475,67436345718.91717,67803210741.54978,0,93882008328.2642,92965595163.1681,94656687572.59233,2281583636.429412,2281583636.429412,2281583636.429412,27836042607.142498,27711408285.3425,27960676928.942497,3672111,3619792.0,3724430.0,82745,82053.0,83437.0,4301856.588235294,4301856.588235294,4301856.588235294,166234.4117647059,166234.4117647059,166234.4117647059,941995,941995.0,941995.0
DE,2020-03-15,3,Lockdown-Restrict_Mass_Gatherings_and_Schools-Restrict_Mass_Gatherings_and_Schools,74799654459.69528,74730399649.85506,74868909269.5355,0,49509398227.074745,49134014809.058136,49884781645.091354,1192364671.5735295,1192364671.5735295,1192364671.5735295,22390959925.7425,22343904329.1425,22438015522.3425,1386374,1366621.0,1406127.0,43649,43284.0,44014.0,2344891.470588235,2344891.470588235,2344891.470588235,85221.52941176471,85221.52941176471,85221.52941176471,482922,482922.0,482922.0
DE,2020-03-15,3,Lockdown-Restrict_Mass_Gatherings_and_Schools-Authorize_Schools_but_Restrict_Mass_Gatherings_and_Others,69227764695.16246,69062083264.80707,69393446125.51785,0,87733556358.97578,86894637054.88664,88430741742.29692,2129953960.5235295,2129953960.5235295,2129953960.5235295,26989401580.5425,26876828337.3425,27101974823.7425,3316708,3269452.0,3363964.0,77336,76689.0,77983.0,4032594.470588235,4032594.470588235,4032594.470588235,154902.52941176473,154902.52941176473,154902.52941176473,877781,877781.0,877781.0
DE,2020-03-15,3,Lockdown-Restrict_Mass_Gatherings_and_Schools-Restrict_Mass_Gatherings_and_Schools_and_Others,74816556458.20706,74778557995.74321,74854554920.67091,0,34862804076.557755,34514750613.409096,35210857539.70641,836241417.1411765,836241417.1411765,836241417.1411765,20900476940.7425,20874658657.1425,20926295224.3425,760699,749861.0,771537.0,30741,30484.0,30998.0,1695926.8235294118,1695926.8235294118,1695926.8235294118,58890.17647058824,58890.17647058824,58890.17647058824,333711,333711.0,333711.0
DE,2020-03-15,3,Lockdown-Restrict_Mass_Gatherings_and_Schools-Lockdown,83035870254.53177,82979833215.81985,83091907293.24368,0,43705303353.346634,43256651478.8519,44012221307.073364,1049966842.3117647,1049966842.3117647,1049966842.3117647,21760622659.1425,21722547956.5425,21798697361.7425,1121771,1105788.0,1137754.0,38500,38178.0,38822.0,2086454.2352941176,2086454.2352941176,2086454.2352941176,74674.76470588236,74674.76470588236,74674.76470588236,423157,423157.0,423157.0
DE,2020-03-15,3,Lockdown-Authorize_Schools_but_Restrict_Mass_Gatherings_and_Others-No_Measure,76353622238.56317,75797774643.15639,76909469833.96997,0,350583426214.3693,347671744880.5074,353636841468.9993,4187757877.3794117,4187757877.3794117,4187757877.3794117,45595765256.542496,45218091268.542496,45973439244.542496,11127288,10968748.0,11285828.0,309276,306689.0,311863.0,16026119.588235294,16026119.588235294,16026119.588235294,617494.4117647059,617494.4117647059,617494.4117647059,3499135,3499135.0,3499135.0
DE,2020-03-15,3,Lockdown-Authorize_Schools_but_Restrict_Mass_Gatherings_and_Others-Restrict_Mass_Gatherings,77127419470.86356,76632706696.4553,77622132245.27179,0,313660883677.06573,311008167263.2413,316171866170.1222,3297515562.4705877,3297515562.4705877,3297515562.4705877,42680362194.9425,42344226628.3425,43016497761.542496,9903460,9762357.0,10044563.0,276604,274290.0,278918.0,14384129.411764706,14384129.411764706,14384129.411764706,552007.5882352941,552007.5882352941,552007.5882352941,3128043,3128043.0,3128043.0
DE,2020-03-15,3,Lockdown-Authorize_Schools_but_Restrict_Mass_Gatherings_and_Others-Restrict_Mass_Gatherings_and_Schools,77760873746.35773,77473613363.90242,78048134128.81303,0,204259308523.02725,202547479545.50876,205971137500.54578,653371069.4352944,653371069.4352944,653371069.4352944,32787273788.7425,32592092996.142498,32982454581.3425,5750539,5668606.0,5832472.0,180138,178631.0,181645.0,9540492.705882354,9540492.705882354,9540492.705882354,356933.2941176471,356933.2941176471,356933.2941176471,2022622,2022622.0,2022622.0
DE,2020-03-15,3,Lockdown-Authorize_Schools_but_Restrict_Mass_Gatherings_and_Others-Authorize_Schools_but_Restrict_Mass_Gatherings_and_Others,78063031592.05132,77595651906.162,78530411277.94064,0,298280703848.48883,295798003038.0196,300763404658.958,2927519609.5735292,2927519609.5735292,2927519609.5735292,41376872381.1425,41059308445.74249,41694436316.542496,9356281,9222974.0,9489588.0,263062,260862.0,265262.0,13704851.470588235,13704851.470588235,13704851.470588235,524736.5294117647,524736.5294117647,524736.5294117647,2973507,2973507.0,2973507.0
DE,2020-03-15,3,Lockdown-Authorize_Schools_but_Restrict_Mass_Gatherings_and_Others-Restrict_Mass_Gatherings_and_Schools_and_Others,71433901232.773,71268282911.13918,71599519554.40681,0,140355224907.08954,139076489394.12103,141492226499.29004,3400361878.3058825,3400361878.3058825,3400361878.3058825,26986407155.1425,26873876791.5425,27098937518.7425,3315451,3268213.0,3362689.0,123754,122719.0,124789.0,6697598.117647059,6697598.117647059,6697598.117647059,242853.8823529412,242853.8823529412,242853.8823529412,1376172,1376172.0,1376172.0
DE,2020-03-15,3,Lockdown-Authorize_Schools_but_Restrict_Mass_Gatherings_and_Others-Lockdown,83877961779.67686,83634113185.57986,84121810373.77386,0,182102272039.58972,180499393423.21027,183563416735.2012,116681543.2705884,116681543.2705884,116681543.2705884,30717082433.7425,30551398041.5425,30882766825.942497,4881514,4811963.0,4951065.0,160603,159260.0,161946.0,8557361.411764706,8557361.411764706,8557361.411764706,317338.58823529416,317338.58823529416,317338.58823529416,1798252,1798252.0,1798252.0
DE,2020-03-15,3,Lockdown-Restrict_Mass_Gatherings_and_Schools_and_Others-No_Measure,54882978923.554115,54840352488.17531,54925605358.93292,0,23703107905.959225,23442256976.642643,23822224914.50781,567063268.3352941,567063268.3352941,567063268.3352941,21121144891.1425,21092182103.5425,21150107678.7425,853331,841173.0,865489.0,20846,20672.0,21020.0,1119758.705882353,1119758.705882353,1119758.705882353,40451.29411764706,40451.29411764706,40451.29411764706,229224,229224.0,229224.0
DE,2020-03-15,3,Lockdown-Restrict_Mass_Gatherings_and_Schools_and_Others-Restrict_Mass_Gatherings,59212752771.90197,59180595372.223206,59244910171.580734,0,20541540368.304173,20462979877.8358,20761834779.540543,490141407.167647,490141407.167647,490141407.167647,20621871504.1425,20600021965.7425,20643721042.5425,643746,634574.0,652918.0,18149,17997.0,18301.0,983979.3529411765,983979.3529411765,983979.3529411765,34688.64705882353,34688.64705882353,34688.64705882353,196569,196569.0,196569.0
DE,2020-03-15,3,Lockdown-Restrict_Mass_Gatherings_and_Schools_and_Others-Restrict_Mass_Gatherings_and_Schools,73251418090.85034,73235718043.34036,73267118138.36032,0,14777033639.222685,14771770009.460182,14924031189.75319,347784537.42352945,347784537.42352945,347784537.42352945,19837034274.3425,19826366782.7425,19847701765.9425,314287,309809.0,318765.0,13084,12975.0,13193.0,729500.4705882353,729500.4705882353,729500.4705882353,24078.529411764706,24078.529411764706,24078.529411764706,136445,136445.0,136445.0
DE,2020-03-15,3,Lockdown-Restrict_Mass_Gatherings_and_Schools_and_Others-Authorize_Schools_but_Restrict_Mass_Gatherings_and_Others,61684017463.314064,61657315462.0108,61710719464.61732,0,18650987368.356518,18596435918.827915,18847272738.65312,443293856.64705884,443293856.64705884,443293856.64705884,20361790054.7425,20343647219.5425,20379932889.9425,534569,526953.0,542185.0,16485,16347.0,16623.0,900172.9411764706,900172.9411764706,900172.9411764706,31198.058823529413,31198.058823529413,31198.058823529413,176789,176789.0,176789.0
DE,2020-03-15,3,Lockdown-Restrict_Mass_Gatherings_and_Schools_and_Others-Restrict_Mass_Gatherings_and_Schools_and_Others,75233991982.30777,75221542033.95851,75246441930.65701,0,13361112106.895756,13231433323.66136,13490790890.130156,311238178.89705884,311238178.89705884,311238178.89705884,19682138865.9425,19673679673.7425,19690598058.1425,249265,245714.0,252816.0,11760,11662.0,11858.0,662917.9411764706,662917.9411764706,662917.9411764706,21376.058823529413,21376.058823529413,21376.058823529413,121131,121131.0,121131.0
DE,2020-03-15,3,Lockdown-Restrict_Mass_Gatherings_and_Schools_and_Others-Lockdown,82314670175.78972,82300404098.67537,82328936252.90408,0,14149579187.81961,14150989288.723326,14289903007.683893,332654860.92058825,332654860.92058825,332654860.92058825,19768631783.5425,19758938611.7425,19778324955.3425,285573,281504.0,289642.0,12538,12433.0,12643.0,702062.4117647059,702062.4117647059,702062.4117647059,22957.58823529412,22957.58823529412,22957.58823529412,130093,130093.0,130093.0
DE,2020-03-15,3,Lockdown-Lockdown-No_Measure,70508241437.43639,70342058643.34854,70674424231.52422,0,77280323442.79178,76669692135.05539,78032688671.29616,1885431149.1294117,1885431149.1294117,1885431149.1294117,27013306957.5425,26900393059.7425,27126220855.3425,3326743,3279344.0,3374142.0,68195,67625.0,68765.0,3537174.588235294,3537174.588235294,3537174.588235294,137674.4117647059,137674.4117647059,137674.4117647059,780155,780155.0,780155.0
DE,2020-03-15,3,Lockdown-Lockdown-Restrict_Mass_Gatherings,72159831902.1804,72042277884.10046,72277385920.26035,0,60245063099.81357,59708078582.71111,60782047616.91603,1463713099.7029412,1463713099.7029412,1463713099.7029412,24694325781.1425,24614452997.3425,24774198564.9425,2353281,2319752.0,2386810.0,53159,52715.0,53603.0,2785006.0588235296,2785006.0588235296,2785006.0588235296,106213.9411764706,106213.9411764706,106213.9411764706,601879,601879.0,601879.0
DE,2020-03-15,3,Lockdown-Lockdown-Restrict_Mass_Gatherings_and_Schools,82158315432.81406,82114784439.09277,82201846426.53532,0,32981653243.03477,32641221811.769886,33180350753.531654,790015056.214706,790015056.214706,790015056.214706,21164362763.5425,21134785368.3425,21193940158.7425,871473,859057.0,883889.0,29071,28828.0,29314.0,1577728.294117647,1577728.294117647,1577728.294117647,56052.705882352944,56052.705882352944,56052.705882352944,317632,317632.0,317632.0
DE,2020-03-15,3,Lockdown-Lockdown-Authorize_Schools_but_Restrict_Mass_Gatherings_and_Others,74130153585.9495,74025189757.82228,74235117414.0767,0,56132412463.86483,55789952115.95103,56616606732.54663,1362442640.3735294,1362442640.3735294,1362442640.3735294,24093875595.7425,24022557292.1425,24165193899.3425,2101224,2071286.0,2131162.0,49569,49155.0,49983.0,2605643.470588235,2605643.470588235,2605643.470588235,98637.52941176471,98637.52941176471,98637.52941176471,558946,558946.0,558946.0
DE,2020-03-15,3,Lockdown-Lockdown-Restrict_Mass_Gatherings_and_Schools_and_Others,83149479356.76569,83123320791.67592,83175637921.85544,0,25035114307.560547,24787485081.666412,25141009612.686684,595891848.5382353,595891848.5382353,595891848.5382353,20335847896.7425,20318074302.5425,20353621490.9425,523679,516218.0,531140.0,22041,21857.0,22225.0,1224574.7647058824,1224574.7647058824,1224574.7647058824,41689.23529411765,41689.23529411765,41689.23529411765,236239,236239.0,236239.0
DE,2020-03-15,3,Lockdown-Lockdown-Lockdown,90795674804.21461,90759643230.23962,90831706378.1896,0,29657849100.165016,29497546906.705456,29959885214.392582,710722670.9794118,710722670.9794118,710722670.9794118,20806584909.9425,20782103040.5425,20831066779.3425,721285,711008.0,731562.0,26207,25988.0,26426.0,1434023.5882352942,1434023.5882352942,1434023.5882352942,50176.41176470589,50176.41176470589,50176.41176470589,284333,284333.0,284333.0
US-NY,2020-03-15,3,actual,37547500000.0,37547500000.0,37547500000.0,0,191299370688.3754,,,3887181335.205439,,,120636091447.61646,,,385831,,,31462,,,1039916.3529411765,,,34121.64705882353,,,193356,,
US-NY,2020-03-15,3,No_Measure-No_Measure-No_Measure,16063333575.317606,15804347489.413189,16322319661.222023,0,653602864143.8922,650617516102.3304,656729946106.2222,18256331658.697903,18256331658.697903,18256331658.697903,129139790739.91946,128974314068.19946,129305267411.63947,2250228,2213948.0,2286508.0,110864,110354.0,111374.0,4747311.352941177,4747311.352941177,4747311.352941177,167036.64705882355,167036.64705882355,167036.64705882355,946541,946541.0,946541.0
US-NY,2020-03-15,3,No_Measure-No_Measure-Restrict_Mass_Gatherings,18204819116.75741,17958382577.132484,18451255656.382336,0,636318391099.8812,633442011508.7555,639194770691.007,17724288121.933197,17724288121.933197,17724288121.933197,128642366405.17746,128484908145.49945,128799824664.85545,2141170,2106648.0,2175692.0,107922,107426.0,108418.0,4616308.882352941,4616308.882352941,4616308.882352941,161804.11764705883,161804.11764705883,161804.11764705883,916890,916890.0,916890.0
US-NY,2020-03-15,3,No_Measure-No_Measure-Restrict_Mass_Gatherings_and_Schools,25097496067.755596,24884310828.796127,25310681306.715065,0,589119149882.6198,586389202642.6893,591707363201.7822,16268258109.000885,16268258109.000885,16268258109.000885,127324664904.07745,127188452243.54146,127460877564.61346,1852270,1822406.0,1882134.0,99908,99449.0,100367.0,4257089.470588235,4257089.470588235,4257089.470588235,147519.52941176473,147519.52941176473,147519.52941176473,835944,835944.0,835944.0
US-NY,2020-03-15,3,No_Measure-No_Measure-Authorize_Schools_but_Restrict_Mass_Gatherings_and_Others,18852746763.460373,18625691349.062313,19079802177.858437,0,609063609688.1478,606210121267.7242,611775364187.8036,16884587047.480045,16884587047.480045,16884587047.480045,127874313822.36946,127729238946.47646,128019388698.26245,1972778,1940971.0,2004585.0,103296,102821.0,103771.0,4409276.411764706,4409276.411764706,4409276.411764706,153559.58823529413,153559.58823529413,153559.58823529413,870171,870171.0,870171.0
US-NY,2020-03-15,3,No_Measure-No_Measure-Restrict_Mass_Gatherings_and_Schools_and_Others,25843916938.89897,25638327102.238354,26049506775.55959,0,577905186229.2119,575238399944.4381,580571972513.9858,15921499776.012415,15921499776.012415,15921499776.012415,127023673419.96846,126892313768.76846,127155033071.16846,1786279,1757479.0,1815079.0,98006,97555.0,98457.0,4171342.588235294,4171342.588235294,4171342.588235294,144127.4117647059,144127.4117647059,144127.4117647059,816722,816722.0,816722.0
US-NY,2020-03-15,3,No_Measure-No_Measure-Lockdown,30418063520.871143,30208576043.557167,30627550998.18512,0,583631040095.6351,580932462899.675,586329617291.5953,16100371114.691101,16100371114.691101,16100371114.691101,127178071182.21745,127044221170.96346,127311921193.47147,1820130,1790784.0,1849476.0,98987,98532.0,99442.0,4215586.411764706,4215586.411764706,4215586.411764706,145876.58823529413,145876.58823529413,145876.58823529413,826634,826634.0,826634.0
US-NY,2020-03-15,3,No_Measure-Restrict_Mass_Gatherings-No_Measure,16734352087.114338,16511622625.52934,16957081548.699335,0,564291185985.4965,561653166338.255,566787471711.9698,15463010483.446644,15463010483.446644,15463010483.446644,127702825622.16745,127560514772.26846,127845136472.06645,1935180,1903979.0,1966381.0,95702,95262.0,96142.0,4023958.3529411764,4023958.3529411764,4023958.3529411764,141329.64705882352,141329.64705882352,141329.64705882352,800868,800868.0,800868.0
US-NY,2020-03-15,3,No_Measure-Restrict_Mass_Gatherings-Restrict_Mass_Gatherings,18797613551.11918,18588697156.684814,19006529945.55354,0,545951937450.32654,543425546735.56506,548336594244.31995,14900061065.067987,14900061065.067987,14900061065.067987,127155420764.58347,127021935641.24945,127288905887.91745,1815164,1785898.0,1844430.0,92585,92159.0,93011.0,3885579.411764706,3885579.411764706,3885579.411764706,135781.58823529413,135781.58823529413,135781.58823529413,769429,769429.0,769429.0
US-NY,2020-03-15,3,No_Measure-Restrict_Mass_Gatherings-Restrict_Mass_Gatherings_and_Schools,25694545069.57048,25518815728.977615,25870274410.163338,0,500323864805.8776,498079609084.2129,502568120527.54236,13499696034.178244,13499696034.178244,13499696034.178244,125840437678.48746,125728157104.40446,125952718252.57047,1526860,1502243.0,1551477.0,84860,84470.0,85250.0,3540671.588235294,3540671.588235294,3540671.588235294,122014.41176470589,122014.41176470589,122014.41176470589,691415,691415.0,691415.0
US-NY,2020-03-15,3,No_Measure-Restrict_Mass_Gatherings-Authorize_Schools_but_Restrict_Mass_Gatherings_and_Others,19377810768.30006,19189367695.099815,19566253841.5003,0,517799854161.0794,515446284276.6227,520295157966.3042,14038358850.798107,14038358850.798107,14038358850.798107,126344092474.46346,126223688583.06146,126464496365.86546,1637284,1610886.0,1663682.0,87831,87427.0,88235.0,3673335.529411765,3673335.529411765,3673335.529411765,127310.4705882353,127310.4705882353,127310.4705882353,721426,721426.0,721426.0
US-NY,2020-03-15,3,No_Measure-Restrict_Mass_Gatherings-Restrict_Mass_Gatherings_and_Schools_and_Others,26419578886.872353,26251787598.30611,26587370175.438595,0,488422204347.4329,486247727067.69946,490738415547.9345,13132179798.108189,13132179798.108189,13132179798.108189,125525781141.77446,125418572509.77946,125632989773.76945,1457873,1434368.0,1481378.0,82849,82468.0,83230.0,3449643.411764706,3449643.411764706,3449643.411764706,118426.58823529413,118426.58823529413,118426.58823529413,671084,671084.0,671084.0
US-NY,2020-03-15,3,No_Measure-Restrict_Mass_Gatherings-Lockdown,31003562371.445854,30831716394.43436,31175408348.45735,0,494628888820.4433,492274660027.25287,496841383692.8657,13321501121.785397,13321501121.785397,13321501121.785397,125686464098.44547,125576664762.21846,125796263434.67245,1493102,1469029.0,1517175.0,83884,83498.0,84270.0,3496554.117647059,3496554.117647059,3496554.117647059,120273.88235294119,120273.88235294119,120273.88235294119,681552,681552.0,681552.0
US-NY,2020-03-15,3,No_Measure-Restrict_Mass_Gatherings_and_Schools-No_Measure,19303232062.91591,19183468844.525105,19422995281.306713,0,343574778529.94586,341884209801.6914,345123613337.43225,8610961846.511972,8610961846.511972,8610961846.511972,123622475578.96545,123545954021.04245,123698997136.88846,1040582,1023805.0,1057359.0,58264,57996.0,58532.0,2264448.3529411764,2264448.3529411764,2264448.3529411764,77531.64705882354,77531.64705882354,77531.64705882354,439346,439346.0,439346.0
US-NY,2020-03-15,3,No_Measure-Restrict_Mass_Gatherings_and_Schools-Restrict_Mass_Gatherings,21662378705.38415,21551660012.099213,21773097398.669086,0,332997455307.18884,331514832742.175,334480077872.2026,8290346522.576117,8290346522.576117,8290346522.576117,123264123713.83246,123193381068.34245,123334866359.32246,962015,946505.0,977525.0,56478,56218.0,56738.0,2186120.0588235296,2186120.0588235296,2186120.0588235296,74347.94117647059,74347.94117647059,74347.94117647059,421305,421305.0,421305.0
US-NY,2020-03-15,3,No_Measure-Restrict_Mass_Gatherings_and_Schools-Restrict_Mass_Gatherings_and_Schools,29560147247.428917,29466468239.56443,29653826255.293404,0,311866544598.5258,310378299044.92377,313213056231.3598,7643697049.99261,7643697049.99261,7643697049.99261,122588615829.73445,122528760527.55746,122648471131.91145,813913,800790.0,827036.0,52887,52644.0,53130.0,2027638.4117647058,2027638.4117647058,2027638.4117647058,67951.58823529413,67951.58823529413,67951.58823529413,385059,385059.0,385059.0
US-NY,2020-03-15,3,No_Measure-Restrict_Mass_Gatherings_and_Schools-Authorize_Schools_but_Restrict_Mass_Gatherings_and_Others,22848980278.281914,22748955111.917725,22949005444.6461,0,320105695965.283,318562815876.743,321506842133.05505,7896660750.0,7896660750.0,7896660750.0,122840251661.56445,122776341542.37646,122904161780.75246,869083,855071.0,883095.0,54288,54038.0,54538.0,2089792.0,2089792.0,2089792.0,70446.0,70446.0,70446.0,399194,399194.0,399194.0
US-NY,2020-03-15,3,No_Measure-Restrict_Mass_Gatherings_and_Schools-Restrict_Mass_Gatherings_and_Schools_and_Others,30580123956.442833,30489635874.16818,30670612038.717484,0,307442047276.42053,305978208567.65826,308764152064.4148,7506967208.025421,7506967208.025421,7506967208.025421,122462410220.40446,122404593729.48045,122520226711.32846,786243,773567.0,798919.0,52135,51895.0,52375.0,1993925.8235294118,1993925.8235294118,1993925.8235294118,66609.17647058824,66609.17647058824,66609.17647058824,377452,377452.0,377452.0
US-NY,2020-03-15,3,No_Measure-Restrict_Mass_Gatherings_and_Schools-Lockdown,35011264246.82396,34919184271.022385,35103344222.62553,0,309600861450.9209,308263612755.9334,311079844066.67633,7575997542.898315,7575997542.898315,7575997542.898315,122525435486.38646,122466601870.38545,122584269102.38745,800061,787162.0,812960.0,52514,52272.0,52756.0,2010958.705882353,2010958.705882353,2010958.705882353,67286.29411764706,67286.29411764706,67286.29411764706,381289,381289.0,381289.0
US-NY,2020-03-15,3,No_Measure-Authorize_Schools_but_Restrict_Mass_Gatherings_and_Others-No_Measure,14694171203.871748,14534160919.54023,14854181488.203266,0,422162091184.79047,420168855749.93494,424013592698.878,11054604617.757908,11054604617.757908,11054604617.757908,125217231916.62245,125114994882.53746,125319468950.70746,1390225,1367810.0,1412640.0,71591,71262.0,71920.0,2887838.529411765,2887838.529411765,2887838.529411765,100487.4705882353,100487.4705882353,100487.4705882353,569429,569429.0,569429.0
US-NY,2020-03-15,3,No_Measure-Authorize_Schools_but_Restrict_Mass_Gatherings_and_Others-Restrict_Mass_Gatherings,16913780883.242588,16765063762.855415,17062498003.629763,0,408750241337.08746,406839744901.12164,410660737773.0532,10648853105.786283,10648853105.786283,10648853105.786283,124769724249.33646,124674702873.86946,124864745624.80345,1292111,1271278.0,1312944.0,69326,69007.0,69645.0,2788790.588235294,2788790.588235294,2788790.588235294,96454.41176470589,96454.41176470589,96454.41176470589,546575,546575.0,546575.0
US-NY,2020-03-15,3,No_Measure-Authorize_Schools_but_Restrict_Mass_Gatherings_and_Others-Restrict_Mass_Gatherings_and_Schools,24126078644.88808,24005458802.177856,24246698487.598305,0,371762575462.3994,370082224935.6643,373442925989.1345,9513376016.701153,9513376016.701153,9513376016.701153,123656241394.86246,123579172505.05946,123733310284.66545,1047985,1031088.0,1064882.0,63050,62760.0,63340.0,2509543.411764706,2509543.411764706,2509543.411764706,85270.58823529413,85270.58823529413,85270.58823529413,483200,483200.0,483200.0
US-NY,2020-03-15,3,No_Measure-Authorize_Schools_but_Restrict_Mass_Gatherings_and_Others-Authorize_Schools_but_Restrict_Mass_Gatherings_and_Others,17644087235.329704,17513423472.47429,17774750998.18512,0,385253455496.40625,383487100390.76276,387019810602.0496,9926765328.924032,9926765328.924032,9926765328.924032,124054306748.98846,123970820392.89246,124137793105.08446,1135259,1116955.0,1153563.0,65332,65031.0,65633.0,2611260.3529411764,2611260.3529411764,2611260.3529411764,89339.64705882354,89339.64705882354,89339.64705882354,506258,506258.0,506258.0
US-NY,2020-03-15,3,No_Measure-Authorize_Schools_but_Restrict_Mass_Gatherings_and_Others-Restrict_Mass_Gatherings_and_Schools_and_Others,25078296370.235935,24961959649.122807,25194633091.349064,0,366028226048.5142,364380478105.4534,367675973991.57495,9337240678.355011,9337240678.355011,9337240678.355011,123486741833.82446,123412409603.42146,123561074064.22746,1010823,994526.0,1027120.0,62076,61790.0,62362.0,2466263.0588235296,2466263.0588235296,2466263.0588235296,83533.94117647059,83533.94117647059,83533.94117647059,473359,473359.0,473359.0
US-NY,2020-03-15,3,No_Measure-Authorize_Schools_but_Restrict_Mass_Gatherings_and_Others-Lockdown,29558171445.856018,29439457592.256504,29676885299.455536,0,369368624690.55804,367562345512.81604,371033169947.5319,9439277666.23559,9439277666.23559,9439277666.23559,123580905722.67946,123505054646.30946,123656756799.04945,1031468,1014838.0,1048098.0,62638,62350.0,62926.0,2491403.3529411764,2491403.3529411764,2491403.3529411764,84536.64705882354,84536.64705882354,84536.64705882354,479041,479041.0,479041.0
US-NY,2020-03-15,3,No_Measure-Restrict_Mass_Gatherings_and_Schools_and_Others-No_Measure,18983805263.157894,18888819903.20629,19078790623.109497,0,295663779554.0635,294385269254.77637,297084023774.1185,7145345675.6577,7145345675.6577,7145345675.6577,122640470964.26546,122579780980.97145,122701160947.55946,825282,811976.0,838588.0,50158,49927.0,50389.0,1889871.3529411764,1889871.3529411764,1889871.3529411764,63797.64705882353,63797.64705882353,63797.64705882353,361520,361520.0,361520.0
US-NY,2020-03-15,3,No_Measure-Restrict_Mass_Gatherings_and_Schools_and_Others-Restrict_Mass_Gatherings,21666498911.07078,21575339806.412582,21757658015.728977,0,292228816564.5052,290834316945.79785,293623316183.2125,7041174450.376884,7041174450.376884,7041174450.376884,122488846350.20847,122430601115.97845,122547091584.43846,792039,779269.0,804809.0,49564,49336.0,49792.0,1864910.0,1864910.0,1864910.0,62739.00000000001,62739.00000000001,62739.00000000001,355521,355521.0,355521.0
US-NY,2020-03-15,3,No_Measure-Restrict_Mass_Gatherings_and_Schools_and_Others-Restrict_Mass_Gatherings_and_Schools,29837330732.00242,29758813974.591652,29915847489.41319,0,276654071025.2943,275356943259.4219,277809464870.3988,6563468046.814957,6563468046.814957,6563468046.814957,121987809625.05846,121937642097.15746,122037977152.95946,682189,671190.0,693188.0,46914,46698.0,47130.0,1747817.4705882352,1747817.4705882352,1747817.4705882352,58014.529411764706,58014.529411764706,58014.529411764706,328749,328749.0,328749.0
US-NY,2020-03-15,3,No_Measure-Restrict_Mass_Gatherings_and_Schools_and_Others-Authorize_Schools_but_Restrict_Mass_Gatherings_and_Others,22984806473.07925,22902220750.15124,23067392196.00726,0,281771854863.55396,280442575443.1672,283101134283.9407,6721037267.735738,6721037267.735738,6721037267.735738,122149126574.49046,122096359220.15945,122201893928.82146,717557,705988.0,729126.0,47788,47568.0,48008.0,1786452.7647058824,1786452.7647058824,1786452.7647058824,59572.23529411765,59572.23529411765,59572.23529411765,337576,337576.0,337576.0
US-NY,2020-03-15,3,No_Measure-Restrict_Mass_Gatherings_and_Schools_and_Others-Restrict_Mass_Gatherings_and_Schools_and_Others,30932761766.48518,30856215245.009075,31009308287.96128,0,273873783271.26593,272734329974.67062,275154970488.6292,6481653335.316288,6481653335.316288,6481653335.316288,121909814832.15846,121860906167.58145,121958723496.73546,665089,654366.0,675812.0,46462,46248.0,46676.0,1727674.1764705882,1727674.1764705882,1727674.1764705882,57209.82352941177,57209.82352941177,57209.82352941177,324189,324189.0,324189.0
US-NY,2020-03-15,3,No_Measure-Restrict_Mass_Gatherings_and_Schools_and_Others-Lockdown,35330315245.00907,35252719358.741684,35407911131.27647,0,275472968548.5088,274183675778.14294,276620527398.1067,6526605431.532663,6526605431.532663,6526605431.532663,121951380127.34546,121901800981.21545,122000959273.47546,674202,663332.0,685072.0,46710,46495.0,46925.0,1738761.0,1738761.0,1738761.0,57651.00000000001,57651.00000000001,57651.00000000001,326689,326689.0,326689.0
US-NY,2020-03-15,3,No_Measure-Lockdown-No_Measure,24145574712.643677,24037218874.77314,24253930550.514217,0,321563050980.0999,320138467667.8853,323129368213.0826,7935185966.96719,7935185966.96719,7935185966.96719,123170324712.89746,123101091791.17645,123239557634.61845,941450,926271.0,956629.0,54543,54292.0,54794.0,2091890.5882352942,2091890.5882352942,2091890.5882352942,71191.41176470589,71191.41176470589,71191.41176470589,403418,403418.0,403418.0
US-NY,2020-03-15,3,No_Measure-Lockdown-Restrict_Mass_Gatherings,26645393345.43255,26543811978.221416,26746974712.643677,0,314099756312.41,312724813393.3348,315616433152.2531,7710267572.864322,7710267572.864322,7710267572.864322,122901853864.65846,122836949425.88846,122966758303.42845,882589,868359.0,896819.0,53283,53038.0,53528.0,2037183.0,2037183.0,2037183.0,68946.0,68946.0,68946.0,390694,390694.0,390694.0
US-NY,2020-03-15,3,No_Measure-Lockdown-Restrict_Mass_Gatherings_and_Schools,34648983545.06957,34562742891.712036,34735224198.4271,0,295078154852.69714,293682219573.46063,296332356211.16565,7124628736.143955,7124628736.143955,7124628736.143955,122293959712.13646,122238857075.11746,122349062349.15546,749311,737230.0,761392.0,50036,49806.0,50266.0,1893557.0588235294,1893557.0588235294,1893557.0588235294,63157.941176470595,63157.941176470595,63157.941176470595,357895,357895.0,357895.0
US-NY,2020-03-15,3,No_Measure-Lockdown-Authorize_Schools_but_Restrict_Mass_Gatherings_and_Others,27872827344.222626,27781282758.62069,27964371929.824562,0,301918950142.9132,300476470850.7692,303219695514.2892,7334736104.530004,7334736104.530004,7334736104.530004,122504071298.67046,122445579765.09445,122562562832.24646,795377,782553.0,808201.0,51199,50963.0,51435.0,1945167.5882352942,1945167.5882352942,1945167.5882352942,65230.41176470589,65230.41176470589,65230.41176470589,369639,369639.0,369639.0
US-NY,2020-03-15,3,No_Measure-Lockdown-Restrict_Mass_Gatherings_and_Schools_and_Others,35720257773.744705,35636372837.26558,35804142710.22383,0,291869888199.754,290490705141.51465,293107337337.22534,7027095774.054094,7027095774.054094,7027095774.054094,122200530160.22046,122146932685.87146,122254127634.56946,728827,717076.0,740578.0,49496,49268.0,49724.0,1869550.705882353,1869550.705882353,1869550.705882353,62198.29411764706,62198.29411764706,62198.29411764706,352457,352457.0,352457.0
US-NY,2020-03-15,3,No_Measure-Lockdown-Lockdown,40139276830.00605,40053999879.007866,40224553781.004234,0,293749651778.69965,292503375601.56964,295137661876.5976,7088248666.715933,7088248666.715933,7088248666.715933,122255810680.10046,122201323791.44646,122310297568.75446,740947,729001.0,752893.0,49832,49603.0,50061.0,1884654.5882352942,1884654.5882352942,1884654.5882352942,62797.41176470589,62797.41176470589,62797.41176470589,355852,355852.0,355852.0
US-NY,2020-03-15,3,Restrict_Mass_Gatherings-No_Measure-No_Measure,16979625045.372047,16752940834.845737,17206309255.89837,0,532060330822.1837,529561384019.41864,534559277624.94885,14941627145.063553,14941627145.063553,14941627145.063553,127859540422.70847,127714702723.96346,128004378121.45346,1969539,1937784.0,2001294.0,90244,89829.0,90659.0,3862023.0588235296,3862023.0588235296,3862023.0588235296,137866.9411764706,137866.9411764706,137866.9411764706,781246,781246.0,781246.0
US-NY,2020-03-15,3,Restrict_Mass_Gatherings-No_Measure-Restrict_Mass_Gatherings,18899530429.52208,18688972171.808834,19110088687.23533,0,510383250082.0874,508018490247.08606,512748009917.08875,14276869573.381615,14276869573.381615,14276869573.381615,127220539575.00645,127086005398.90247,127355073751.11046,1829441,1799945.0,1858937.0,86564,86166.0,86962.0,3698552.1764705884,3698552.1764705884,3698552.1764705884,131318.82352941178,131318.82352941178,131318.82352941178,744140,744140.0,744140.0
US-NY,2020-03-15,3,Restrict_Mass_Gatherings-No_Measure-Restrict_Mass_Gatherings_and_Schools,25320150272.232307,25150452994.555355,25489847549.909256,0,453807538005.2499,451646505538.42596,455826836551.30585,12534526446.57109,12534526446.57109,12534526446.57109,125601221719.23445,125492795273.80646,125709648164.66246,1474413,1450641.0,1498185.0,76960,76606.0,77314.0,3269147.0588235296,3269147.0588235296,3269147.0588235296,114202.9411764706,114202.9411764706,114202.9411764706,647150,647150.0,647150.0
US-NY,2020-03-15,3,Restrict_Mass_Gatherings-No_Measure-Authorize_Schools_but_Restrict_Mass_Gatherings_and_Others,19246533091.34906,19060210163.339386,19432856019.35874,0,477130397609.47845,474969963927.5001,479432565212.2248,13256357469.036358,13256357469.036358,13256357469.036358,126260213863.85345,126141164618.85446,126379263108.85246,1618894,1592793.0,1644995.0,80932,80560.0,81304.0,3447228.294117647,3447228.294117647,3447228.294117647,121284.70588235295,121284.70588235295,121284.70588235295,687280,687280.0,687280.0
US-NY,2020-03-15,3,Restrict_Mass_Gatherings-No_Measure-Restrict_Mass_Gatherings_and_Schools_and_Others,25993065638.233513,25832148759.830612,26153982516.636417,0,441041678322.97766,438958093952.8994,442983528772.28784,12140656428.724504,12140656428.724504,12140656428.724504,125253264598.72246,125150448305.06445,125356080892.38046,1398125,1375583.0,1420667.0,74797,74453.0,75141.0,3171819.470588235,3171819.470588235,3171819.470588235,110346.52941176471,110346.52941176471,110346.52941176471,625297,625297.0,625297.0
US-NY,2020-03-15,3,Restrict_Mass_Gatherings-No_Measure-Lockdown,30602926315.789474,30437540713.8536,30768311917.72535,0,447597420157.4946,445474946398.3515,449578159995.8697,12342634291.050842,12342634291.050842,12342634291.050842,125430481539.26846,125324809997.63646,125536153080.90045,1436979,1413811.0,1460147.0,75906,75557.0,76255.0,3221744.6470588236,3221744.6470588236,3221744.6470588236,112323.35294117648,112323.35294117648,112323.35294117648,636499,636499.0,636499.0
US-NY,2020-03-15,3,Restrict_Mass_Gatherings-Restrict_Mass_Gatherings-No_Measure,17426757652.75257,17239942165.759224,17613573139.74592,0,441941854035.95953,439939575220.11475,443944132851.80426,12119774022.760864,12119774022.760864,12119774022.760864,126279525557.01945,126160161596.18945,126398889517.84946,1623128,1596958.0,1649298.0,74953,74608.0,75298.0,3136584.7647058824,3136584.7647058824,3136584.7647058824,111634.23529411765,111634.23529411765,111634.23529411765,632594,632594.0,632594.0
US-NY,2020-03-15,3,Restrict_Mass_Gatherings-Restrict_Mass_Gatherings-Restrict_Mass_Gatherings,19363245856.01936,19192292196.00726,19534199516.031456,0,421702708354.11816,419828164359.9546,423718986269.04974,11504674470.514336,11504674470.514336,11504674470.514336,125651120142.29446,125541890943.44246,125760349341.14645,1485353,1461405.0,1509301.0,71535,71206.0,71864.0,2985772.9411764704,2985772.9411764704,2985772.9411764704,105553.05882352941,105553.05882352941,105553.05882352941,598134,598134.0,598134.0
US-NY,2020-03-15,3,Restrict_Mass_Gatherings-Restrict_Mass_Gatherings-Restrict_Mass_Gatherings_and_Schools,26104086146.400482,25968832304.90018,26239339987.900787,0,374891738212.49023,373162886192.79944,376620590232.181,10069620101.869642,10069620101.869642,10069620101.869642,124236404065.46446,124149984922.71146,124322823208.21745,1175183,1156236.0,1194130.0,63593,63300.0,63886.0,2633261.8235294116,2633261.8235294116,2633261.8235294116,91398.17647058824,91398.17647058824,91398.17647058824,517923,517923.0,517923.0
US-NY,2020-03-15,3,Restrict_Mass_Gatherings-Restrict_Mass_Gatherings-Authorize_Schools_but_Restrict_Mass_Gatherings_and_Others,19914810405.323654,19764786932.849365,20064833877.797943,0,395070923703.8019,393222532601.2644,396919314806.3393,10687457523.6846,10687457523.6846,10687457523.6846,124821497284.08546,124725641227.50146,124917353340.66946,1303462,1282446.0,1324478.0,67001,66693.0,67309.0,2785404.294117647,2785404.294117647,2785404.294117647,97473.70588235295,97473.70588235295,97473.70588235295,552351,552351.0,552351.0
US-NY,2020-03-15,3,Restrict_Mass_Gatherings-Restrict_Mass_Gatherings-Restrict_Mass_Gatherings_and_Schools_and_Others,26849300604.96068,26721656442.831215,26976944767.09014,0,364046682332.28467,362386917329.81305,365706447334.75635,9735209866.98197,9735209866.98197,9735209866.98197,123934641755.62445,123853084744.40546,124016198766.84346,1109023,1091142.0,1126904.0,61754,61470.0,62038.0,2550701.7647058824,2550701.7647058824,2550701.7647058824,88120.23529411765,88120.23529411765,88120.23529411765,499348,499348.0,499348.0
US-NY,2020-03-15,3,Restrict_Mass_Gatherings-Restrict_Mass_Gatherings-Lockdown,31420705989.110706,31289214156.079857,31552197822.141563,0,369654970221.1291,367963519524.2752,371346420917.9831,9905866580.36506,9905866580.36506,9905866580.36506,124087288055.85745,124003272612.27747,124171303499.43745,1142490,1124070.0,1160910.0,62692,62404.0,62980.0,2592856.0588235296,2592856.0588235296,2592856.0588235296,89791.94117647059,89791.94117647059,89791.94117647059,508821,508821.0,508821.0
US-NY,2020-03-15,3,Restrict_Mass_Gatherings-Restrict_Mass_Gatherings_and_Schools-No_Measure,20123110465.81972,20037205323.65396,20209015607.98548,0,242471363233.46262,241317870414.77173,243624856052.1535,5933312171.630211,5933312171.630211,5933312171.630211,122280623058.66046,122225734793.29446,122335511324.02646,746387,734353.0,758421.0,41121,40932.0,41310.0,1557463.7647058824,1557463.7647058824,1557463.7647058824,53563.23529411765,53563.23529411765,53563.23529411765,303525,303525.0,303525.0
US-NY,2020-03-15,3,Restrict_Mass_Gatherings-Restrict_Mass_Gatherings_and_Schools-Restrict_Mass_Gatherings,22522739745.916515,22445222383.54507,22600257108.287964,0,233005184673.54984,231910625247.78897,233958010178.54266,5644120609.407331,5644120609.407331,5644120609.407331,121948137185.95645,121898608211.91545,121997666159.99745,673491,662632.0,684350.0,39509,39327.0,39691.0,1486880.8235294118,1486880.8235294118,1486880.8235294118,50688.17647058824,50688.17647058824,50688.17647058824,287233,287233.0,287233.0
US-NY,2020-03-15,3,Restrict_Mass_Gatherings-Restrict_Mass_Gatherings_and_Schools-Restrict_Mass_Gatherings_and_Schools,30593860496.067757,30530598790.078644,30657122202.056866,0,215817468407.144,214829573834.00864,216805362980.2794,5120267580.771504,5120267580.771504,5120267580.771504,121383391029.97446,121342970570.63646,121423811489.31245,549673,540811.0,558535.0,36597,36428.0,36766.0,1358693.4117647058,1358693.4117647058,1358693.4117647058,45496.58823529412,45496.58823529412,45496.58823529412,257814,257814.0,257814.0
US-NY,2020-03-15,3,Restrict_Mass_Gatherings-Restrict_Mass_Gatherings_and_Schools-Authorize_Schools_but_Restrict_Mass_Gatherings_and_Others,23821659044.16213,23753029159.10466,23890288929.2196,0,222678382856.08524,221649704991.41302,223707060720.7575,5330739195.758203,5330739195.758203,5330739195.758203,121596029465.35446,121552179059.56845,121639879871.14046,596293,586679.0,605907.0,37762,37588.0,37936.0,1410373.3529411764,1410373.3529411764,1410373.3529411764,47573.64705882353,47573.64705882353,47573.64705882353,269584,269584.0,269584.0
US-NY,2020-03-15,3,Restrict_Mass_Gatherings-Restrict_Mass_Gatherings_and_Schools-Restrict_Mass_Gatherings_and_Schools_and_Others,31660687416.817905,31599852813.06715,31721522020.568665,0,212487813456.39197,211522717414.09232,213452909498.6916,5019080490.984333,5019080490.984333,5019080490.984333,121287119913.38145,121248250227.70346,121325989599.05946,528566,520044.0,537088.0,36038,35872.0,36204.0,1333774.3529411764,1333774.3529411764,1333774.3529411764,44501.64705882353,44501.64705882353,44501.64705882353,252176,252176.0,252176.0
US-NY,2020-03-15,3,Restrict_Mass_Gatherings-Restrict_Mass_Gatherings_and_Schools-Lockdown,36069683968.542046,36007614398.064125,36131753539.019966,0,214211095465.84445,213237503065.27023,215184687866.41867,5071403715.895655,5071403715.895655,5071403715.895655,121335996650.26546,121296337894.46046,121375655406.07047,539282,530587.0,547977.0,36327,36160.0,36494.0,1346668.294117647,1346668.294117647,1346668.294117647,45015.705882352944,45015.705882352944,45015.705882352944,255089,255089.0,255089.0
US-NY,2020-03-15,3,Restrict_Mass_Gatherings-Authorize_Schools_but_Restrict_Mass_Gatherings_and_Others-No_Measure,15370101028.433151,15246275983.061102,15493926073.805202,0,314376564045.47217,312954784617.645,315798343473.2993,8151895563.294413,8151895563.294413,8151895563.294413,123783404834.98245,123704288011.72845,123862521658.23645,1075865,1058519.0,1093211.0,53318,53073.0,53563.0,2123078.2352941176,2123078.2352941176,2123078.2352941176,74422.76470588236,74422.76470588236,74422.76470588236,421729,421729.0,421729.0
US-NY,2020-03-15,3,Restrict_Mass_Gatherings-Authorize_Schools_but_Restrict_Mass_Gatherings_and_Others-Restrict_Mass_Gatherings,17651166364.18633,17537642226.255295,17764690502.117363,0,302927541954.6722,301580516220.5081,304416301609.6041,7807513736.107005,7807513736.107005,7807513736.107005,123375163668.98746,123302628511.59045,123447698826.38446,986360,970457.0,1002263.0,51388,51152.0,51624.0,2039330.1176470588,2039330.1176470588,2039330.1176470588,70983.88235294117,70983.88235294117,70983.88235294117,402242,402242.0,402242.0
US-NY,2020-03-15,3,Restrict_Mass_Gatherings-Authorize_Schools_but_Restrict_Mass_Gatherings_and_Others-Restrict_Mass_Gatherings_and_Schools,25037316031.457954,24949083726.557774,25125548336.35814,0,271205056634.76456,269911055716.4744,272357323632.2867,6834413389.336388,6834413389.336388,6834413389.336388,122372761819.55946,122316386635.91946,122429137003.19946,766588,754228.0,778948.0,45991,45779.0,46203.0,1800652.1764705882,1800652.1764705882,1800652.1764705882,61367.82352941177,61367.82352941177,61367.82352941177,347751,347751.0,347751.0
US-NY,2020-03-15,3,Restrict_Mass_Gatherings-Authorize_Schools_but_Restrict_Mass_Gatherings_and_Others-Authorize_Schools_but_Restrict_Mass_Gatherings_and_Others,18514720629.159103,18417101149.425285,18612340108.89292,0,283454824476.79443,282229727750.0251,284821655124.3318,7211656125.332544,7211656125.332544,7211656125.332544,122744883642.57346,122682510613.74846,122807256671.39845,848174,834499.0,861849.0,48077,47856.0,48298.0,1893385.4705882352,1893385.4705882352,1893385.4705882352,65085.52941176471,65085.52941176471,65085.52941176471,368818,368818.0,368818.0
US-NY,2020-03-15,3,Restrict_Mass_Gatherings-Authorize_Schools_but_Restrict_Mass_Gatherings_and_Others-Restrict_Mass_Gatherings_and_Schools_and_Others,26008629340.59286,25924366061.70599,26092892619.479733,0,265834965159.5789,264714639382.96304,267097024856.96274,6672604311.779486,6672604311.779486,6672604311.779486,122215463198.34645,122161623985.75046,122269302410.94246,732101,720297.0,743905.0,45096,44888.0,45304.0,1760893.6470588236,1760893.6470588236,1760893.6470588236,59772.352941176476,59772.352941176476,59772.352941176476,338710,338710.0,338710.0
US-NY,2020-03-15,3,Restrict_Mass_Gatherings-Authorize_Schools_but_Restrict_Mass_Gatherings_and_Others-Lockdown,30493615607.98548,30406896672.716274,30580334543.25469,0,269363005981.13196,268083983629.14297,270642028333.12097,6780188501.736624,6780188501.736624,6780188501.736624,122312892834.08546,122257484603.43346,122368301064.73746,753462,741314.0,765610.0,45688,45478.0,45898.0,1787457.2352941176,1787457.2352941176,1787457.2352941176,60826.76470588236,60826.76470588236,60826.76470588236,344685,344685.0,344685.0
US-NY,2020-03-15,3,Restrict_Mass_Gatherings-Restrict_Mass_Gatherings_and_Schools_and_Others-No_Measure,20301460919.54023,20232309921.35511,20370611917.72535,0,211272551855.71387,210295840731.1528,212249262980.27493,4978154165.866096,4978154165.866096,4978154165.866096,121616668438.32945,121572485072.31645,121660851804.34245,600818,591131.0,610505.0,35840,35675.0,36005.0,1313802.9411764706,1313802.9411764706,1313802.9411764706,44590.05882352941,44590.05882352941,44590.05882352941,252677,252677.0,252677.0
US-NY,2020-03-15,3,Restrict_Mass_Gatherings-Restrict_Mass_Gatherings_and_Schools_and_Others-Restrict_Mass_Gatherings,22838949606.77556,22775966303.69026,22901932909.86086,0,204425111638.05832,203490867273.89813,205359356002.2185,4768559258.424476,4768559258.424476,4768559258.424476,121372266509.51346,121332023933.03645,121412509085.99046,547234,538411.0,556057.0,34671,34511.0,34831.0,1262665.5882352942,1262665.5882352942,1262665.5882352942,42505.41176470589,42505.41176470589,42505.41176470589,240864,240864.0,240864.0
US-NY,2020-03-15,3,Restrict_Mass_Gatherings-Restrict_Mass_Gatherings_and_Schools_and_Others-Restrict_Mass_Gatherings_and_Schools,31152980459.770115,31100333756.80581,31205627162.73442,0,191822085697.11597,190968566181.59756,192817339133.4024,4385699316.287319,4385699316.287319,4385699316.287319,120962725430.30345,120929087325.17845,120996363535.42845,457444,450069.0,464819.0,32546,32396.0,32696.0,1168890.4705882352,1168890.4705882352,1168890.4705882352,38715.529411764706,38715.529411764706,38715.529411764706,219388,219388.0,219388.0
US-NY,2020-03-15,3,Restrict_Mass_Gatherings-Restrict_Mass_Gatherings_and_Schools_and_Others-Authorize_Schools_but_Restrict_Mass_Gatherings_and_Others,24264542226.255295,24208404779.189354,24320679673.321236,0,196286670621.54526,195408112960.3631,197165228282.7274,4521542024.423588,4521542024.423588,4521542024.423588,121101095490.66646,121065227008.13046,121136963973.20245,487781,479917.0,495645.0,33298,33145.0,33451.0,1202230.1176470588,1202230.1176470588,1202230.1176470588,40056.88235294118,40056.88235294118,40056.88235294118,226989,226989.0,226989.0
US-NY,2020-03-15,3,Restrict_Mass_Gatherings-Restrict_Mass_Gatherings_and_Schools_and_Others-Restrict_Mass_Gatherings_and_Schools_and_Others,32277136963.097397,32225996491.22807,32328277434.96673,0,189892576508.22693,189054020528.03763,190731132488.41617,4323841507.870234,4323841507.870234,4323841507.870234,120903084499.77946,120870408786.54346,120935760213.01546,444368,437204.0,451532.0,32204,32056.0,32352.0,1153672.4705882352,1153672.4705882352,1153672.4705882352,38106.529411764706,38106.529411764706,38106.529411764706,215937,215937.0,215937.0
US-NY,2020-03-15,3,Restrict_Mass_Gatherings-Restrict_Mass_Gatherings_and_Schools_and_Others-Lockdown,36655416394.434364,36603533514.82153,36707299274.04719,0,190843660230.9343,189997645029.53845,191689675432.33014,4354441832.766775,4354441832.766775,4354441832.766775,120932334827.66646,120899184760.13446,120965484895.19846,450781,443513.0,458049.0,32373,32224.0,32522.0,1161201.2352941176,1161201.2352941176,1161201.2352941176,38407.76470588236,38407.76470588236,38407.76470588236,217644,217644.0,217644.0
US-NY,2020-03-15,3,Restrict_Mass_Gatherings-Lockdown-No_Measure,25113920387.174835,25037031215.970963,25190809558.378704,0,225871830105.99673,224813969406.4833,226929690805.51013,5424714660.767071,5424714660.767071,5424714660.767071,121923333929.59445,121874206332.26546,121972461526.92346,668053,657282.0,678824.0,38313,38137.0,38489.0,1427908.0588235294,1427908.0588235294,1427908.0588235294,48775.941176470595,48775.941176470595,48775.941176470595,276397,276397.0,276397.0
US-NY,2020-03-15,3,Restrict_Mass_Gatherings-Lockdown-Restrict_Mass_Gatherings,27598469691.470055,27528604839.68542,27668334543.25469,0,218105398101.66644,217097703879.31247,219113092324.02036,5186341168.230861,5186341168.230861,5186341168.230861,121645106890.59445,121600467414.68146,121689746366.50746,607053,597266.0,616840.0,36983,36813.0,37153.0,1369774.1764705882,1369774.1764705882,1369774.1764705882,46403.82352941177,46403.82352941177,46403.82352941177,262955,262955.0,262955.0
US-NY,2020-03-15,3,Restrict_Mass_Gatherings-Lockdown-Restrict_Mass_Gatherings_and_Schools,35802545674.53116,35744787779.79431,35860303569.268,0,203508405899.39813,202591060206.86053,204425751591.93573,4741430963.198345,4741430963.198345,4741430963.198345,121165311203.48746,121128407351.47845,121202215055.49646,501860,493769.0,509951.0,34511,34352.0,34670.0,1260887.5882352942,1260887.5882352942,1260887.5882352942,41995.41176470589,41995.41176470589,41995.41176470589,237974,237974.0,237974.0
US-NY,2020-03-15,3,Restrict_Mass_Gatherings-Lockdown-Authorize_Schools_but_Restrict_Mass_Gatherings_and_Others,28954854204.476707,28892948820.32668,29016759588.62674,0,208701221707.00604,207751559019.26212,209650884394.74994,4901023726.906591,4901023726.906591,4901023726.906591,121329716016.94246,121290162166.41446,121369269867.47046,537905,529233.0,546577.0,35396,35233.0,35559.0,1300016.7647058824,1300016.7647058824,1300016.7647058824,43573.23529411765,43573.23529411765,43573.23529411765,246915,246915.0,246915.0
US-NY,2020-03-15,3,Restrict_Mass_Gatherings-Lockdown-Restrict_Mass_Gatherings_and_Schools_and_Others,36907813611.61524,36851861766.485176,36963765456.74531,0,201025942830.3588,200124191973.97433,202069427607.51123,4668378102.534733,4668378102.534733,4668378102.534733,121093601605.00946,121057851711.04745,121129351498.97145,486138,478300.0,493976.0,34106,33949.0,34263.0,1242934.7647058824,1242934.7647058824,1242934.7647058824,41275.23529411765,41275.23529411765,41275.23529411765,233893,233893.0,233893.0
US-NY,2020-03-15,3,Restrict_Mass_Gatherings-Lockdown-Lockdown,41295437386.56987,41238600362.97641,41352274410.16334,0,202321212019.85803,201269967402.059,203230722716.88907,4704568347.916051,4704568347.916051,4704568347.916051,121128822411.48746,121092506941.24945,121165137881.72546,493860,485898.0,501822.0,34306,34148.0,34464.0,1251831.1176470588,1251831.1176470588,1251831.1176470588,41631.88235294118,41631.88235294118,41631.88235294118,235914,235914.0,235914.0
US-NY,2020-03-15,3,Restrict_Mass_Gatherings_and_Schools-No_Measure-No_Measure,18057000725.952812,17957332486.388386,18156668965.517242,0,202646469241.1692,201788506632.9062,203646165770.20026,5437534078.665386,5437534078.665386,5437534078.665386,122826208037.74345,122762525973.50546,122889890101.98146,866004,852042.0,879966.0,34374,34216.0,34532.0,1388996.7647058824,1388996.7647058824,1388996.7647058824,50989.23529411765,50989.23529411765,50989.23529411765,288939,288939.0,288939.0
US-NY,2020-03-15,3,Restrict_Mass_Gatherings_and_Schools-No_Measure-Restrict_Mass_Gatherings,20017767090.13914,19933560919.54023,20101973260.738052,0,184775571941.7003,184032710420.4493,185660167383.71927,4895353907.478569,4895353907.478569,4895353907.478569,122213314920.71745,122159512196.91345,122267117644.52145,731630,719834.0,743426.0,31349,31205.0,31493.0,1256633.294117647,1256633.294117647,1256633.294117647,45600.705882352944,45600.705882352944,45600.705882352944,258404,258404.0,258404.0
US-NY,2020-03-15,3,Restrict_Mass_Gatherings_and_Schools-No_Measure-Restrict_Mass_Gatherings_and_Schools,27154132244.404114,27099251179.67332,27209013309.134907,0,149031499563.99158,148367843358.15018,149836889690.60095,3804205662.9470882,3804205662.9470882,3804205662.9470882,121051315656.18045,121016249927.06845,121086381385.29245,476867,469179.0,484555.0,25287,25170.0,25404.0,989458.5882352941,989458.5882352941,989458.5882352941,34795.41176470588,34795.41176470588,34795.41176470588,197174,197174.0,197174.0
US-NY,2020-03-15,3,Restrict_Mass_Gatherings_and_Schools-No_Measure-Authorize_Schools_but_Restrict_Mass_Gatherings_and_Others,20745874773.139748,20679757652.75257,20811991893.52692,0,163520532606.8206,162768361649.74686,164272703563.89435,4246861081.658292,4246861081.658292,4246861081.658292,121496492601.87746,121454247702.93945,121538737500.81546,574470,565208.0,583732.0,27736,27608.0,27864.0,1098186.0,1098186.0,1098186.0,39162.0,39162.0,39162.0,221918,221918.0,221918.0
US-NY,2020-03-15,3,Restrict_Mass_Gatherings_and_Schools-No_Measure-Restrict_Mass_Gatherings_and_Schools_and_Others,28220730732.00242,28168276769.509983,28273184694.494858,0,146863105563.41718,146074617967.5249,147509859238.5414,3737771669.450192,3737771669.450192,3737771669.450192,120954898584.41946,120921383628.96745,120988413539.87146,455728,448380.0,463076.0,24901,24786.0,25016.0,973711.2352941176,973711.2352941176,973711.2352941176,34111.76470588236,34111.76470588236,34111.76470588236,193300,193300.0,193300.0
US-NY,2020-03-15,3,Restrict_Mass_Gatherings_and_Schools-No_Measure-Lockdown,32715075620.084694,32660016091.954025,32770135148.215366,0,150286806068.84998,149616878088.59,150956734049.10995,3845311144.731008,3845311144.731008,3845311144.731008,121058307820.94746,121023128064.36046,121093487577.53445,478400,470687.0,486113.0,25496,25378.0,25614.0,1000169.5882352941,1000169.5882352941,1000169.5882352941,35170.41176470588,35170.41176470588,35170.41176470588,199299,199299.0,199299.0
US-NY,2020-03-15,3,Restrict_Mass_Gatherings_and_Schools-Restrict_Mass_Gatherings-No_Measure,19257370235.93466,19185428070.175438,19329312401.69389,0,157140495295.694,156405539066.06113,157875451525.32687,4020633866.279929,4020633866.279929,4020633866.279929,121727466655.23746,121681499899.51546,121773433410.95946,625110,615032.0,635188.0,26645,26522.0,26768.0,1032848.8823529412,1032848.8823529412,1032848.8823529412,37415.117647058825,37415.117647058825,37415.117647058825,212019,212019.0,212019.0
US-NY,2020-03-15,3,Restrict_Mass_Gatherings_and_Schools-Restrict_Mass_Gatherings-Restrict_Mass_Gatherings,21528691470.054447,21467207259.52813,21590175680.58076,0,145735811929.41833,145075940074.83264,146395683784.004,3677778902.1947975,3677778902.1947975,3677778902.1947975,121312999589.10745,121273714843.42046,121352284334.79446,534240,525627.0,542853.0,24726,24612.0,24840.0,949455.7058823529,949455.7058823529,949455.7058823529,33992.29411764706,33992.29411764706,33992.29411764706,192623,192623.0,192623.0
US-NY,2020-03-15,3,Restrict_Mass_Gatherings_and_Schools-Restrict_Mass_Gatherings-Restrict_Mass_Gatherings_and_Schools,29193058439.20145,29152383061.10103,29233733817.301876,0,120965904168.61232,120320137678.89159,121469936737.56506,2918916100.4286137,2918916100.4286137,2918916100.4286137,120488362012.10545,120462372870.00346,120514351154.20746,353442,347744.0,359140.0,20505,20410.0,20600.0,763797.1176470588,763797.1176470588,763797.1176470588,26469.88235294118,26469.88235294118,26469.88235294118,149996,149996.0,149996.0
US-NY,2020-03-15,3,Restrict_Mass_Gatherings_and_Schools-Restrict_Mass_Gatherings-Authorize_Schools_but_Restrict_Mass_Gatherings_and_Others,22550378584.392014,22502243436.176647,22598513732.60738,0,130315976782.26186,129613230925.97108,130876988717.78462,3205686693.24564,3205686693.24564,3205686693.24564,120783757027.74146,120753001537.18446,120814512518.29846,418206,411463.0,424949.0,22094,21992.0,22196.0,834136.3529411765,834136.3529411765,834136.3529411765,29303.64705882353,29303.64705882353,29303.64705882353,166054,166054.0,166054.0
US-NY,2020-03-15,3,Restrict_Mass_Gatherings_and_Schools-Restrict_Mass_Gatherings-Restrict_Mass_Gatherings_and_Schools_and_Others,30199429098.60859,30162151663.64186,30236706533.575317,0,116383045811.26637,115768018064.69194,116856339637.07281,2778722430.0177355,2778722430.0177355,2778722430.0177355,120353462948.08145,120329644889.10345,120377281007.05946,323866,318644.0,329088.0,19731,19640.0,19822.0,729288.4117647059,729288.4117647059,729288.4117647059,25090.58823529412,25090.58823529412,25090.58823529412,142180,142180.0,142180.0
US-NY,2020-03-15,3,Restrict_Mass_Gatherings_and_Schools-Restrict_Mass_Gatherings-Lockdown,34636679975.801575,34597717846.33999,34675642105.26316,0,118613686498.9845,118125053363.54892,119244053555.1881,2849229589.269879,2849229589.269879,2849229589.269879,120420392514.80746,120395498036.46545,120445286993.14946,338540,333082.0,343998.0,20120,20027.0,20213.0,746646.8823529412,746646.8823529412,746646.8823529412,25784.117647058825,25784.117647058825,25784.117647058825,146110,146110.0,146110.0
US-NY,2020-03-15,3,Restrict_Mass_Gatherings_and_Schools-Restrict_Mass_Gatherings_and_Schools-No_Measure,25335932849.36479,25310362613.430126,25361503085.299454,0,83383831474.15651,83088484445.51305,83820912423.56795,1744802210.537984,1744802210.537984,1744802210.537984,119889594618.68246,119873256762.06445,119905932475.30046,222165,218583.0,225747.0,14153,14088.0,14218.0,460502.82352941175,460502.82352941175,460502.82352941175,15627.176470588236,15627.176470588236,15627.176470588236,88554,88554.0,88554.0
US-NY,2020-03-15,3,Restrict_Mass_Gatherings_and_Schools-Restrict_Mass_Gatherings_and_Schools-Restrict_Mass_Gatherings,28075106594.071384,28052456019.35874,28097757168.784027,0,80338779622.5946,79919638340.96829,80757920904.22089,1650983048.3668342,1650983048.3668342,1650983048.3668342,119774057419.91345,119759585052.78645,119788529787.04045,196834,193661.0,200007.0,13629,13566.0,13692.0,437674.0,437674.0,437674.0,14691.000000000002,14691.000000000002,14691.000000000002,83249,83249.0,83249.0
US-NY,2020-03-15,3,Restrict_Mass_Gatherings_and_Schools-Restrict_Mass_Gatherings_and_Schools-Restrict_Mass_Gatherings_and_Schools,36760762492.43799,36742452147.610405,36779072837.26558,0,75380045601.41203,74993627151.23605,75766464051.58804,1500195899.4235885,1500195899.4235885,1500195899.4235885,119601962593.54446,119590263374.60945,119613661812.47946,159103,156538.0,161668.0,12788,12729.0,12847.0,400872.1176470588,400872.1176470588,400872.1176470588,13191.882352941177,13191.882352941177,13191.882352941177,74754,74754.0,74754.0
US-NY,2020-03-15,3,Restrict_Mass_Gatherings_and_Schools-Restrict_Mass_Gatherings_and_Schools-Authorize_Schools_but_Restrict_Mass_Gatherings_and_Others,29750540834.845734,29730702843.315186,29770378826.376286,0,77306909933.47668,76905482855.05554,77566603091.12982,1557116953.111144,1557116953.111144,1557116953.111144,119662520304.96745,119649845010.84645,119675195599.08846,172380,169601.0,175159.0,13105,13044.0,13166.0,414813.64705882355,414813.64705882355,414813.64705882355,13755.352941176472,13755.352941176472,13755.352941176472,77947,77947.0,77947.0
US-NY,2020-03-15,3,Restrict_Mass_Gatherings_and_Schools-Restrict_Mass_Gatherings_and_Schools-Restrict_Mass_Gatherings_and_Schools_and_Others,37933832244.40411,37916235753.17604,37951428735.63219,0,74473074733.2427,74094055380.38527,74852094086.10011,1470887391.7750516,1470887391.7750516,1470887391.7750516,119573574313.36845,119562331204.33347,119584817422.40346,152879,150414.0,155344.0,12626,12568.0,12684.0,393654.29411764705,393654.29411764705,393654.29411764705,12903.705882352942,12903.705882352942,12903.705882352942,73121,73121.0,73121.0
US-NY,2020-03-15,3,Restrict_Mass_Gatherings_and_Schools-Restrict_Mass_Gatherings_and_Schools-Lockdown,42288197580.15729,42270251300.66546,42306143859.649124,0,74854956689.31535,74611038739.47937,75240608559.91936,1485523487.1415904,1485523487.1415904,1485523487.1415904,119587544959.60545,119576078356.71945,119599011562.49146,155942,153428.0,158456.0,12707,12648.0,12766.0,397260.4705882353,397260.4705882353,397260.4705882353,13047.529411764706,13047.529411764706,13047.529411764706,73936,73936.0,73936.0
US-NY,2020-03-15,3,Restrict_Mass_Gatherings_and_Schools-Authorize_Schools_but_Restrict_Mass_Gatherings_and_Others-No_Measure,19170114337.568058,19129403266.78766,19210825408.348457,0,107108506891.85359,106669255169.34518,107689492535.12999,2475884691.952409,2475884691.952409,2475884691.952409,120489675608.61746,120463663661.02046,120515687556.21446,353730,348027.0,359433.0,18178,18094.0,18262.0,644456.4117647059,644456.4117647059,644456.4117647059,22621.58823529412,22621.58823529412,22621.58823529412,128189,128189.0,128189.0
US-NY,2020-03-15,3,Restrict_Mass_Gatherings_and_Schools-Authorize_Schools_but_Restrict_Mass_Gatherings_and_Others-Restrict_Mass_Gatherings,21709630369.026012,21675051300.665455,21744209437.38657,0,100518863475.34482,100122003358.3773,101057457513.08034,2274168652.6751404,2274168652.6751404,2274168652.6751404,120246569031.91747,120224475068.36145,120268662995.47346,300430,295586.0,305274.0,17052,16973.0,17131.0,595326.9411764706,595326.9411764706,595326.9411764706,20611.058823529413,20611.058823529413,20611.058823529413,116796,116796.0,116796.0
US-NY,2020-03-15,3,Restrict_Mass_Gatherings_and_Schools-Authorize_Schools_but_Restrict_Mass_Gatherings_and_Others-Restrict_Mass_Gatherings_and_Schools,30092026981.24622,30066685178.4634,30117368784.029037,0,89975989191.7837,89504013232.76482,90306231230.03462,1951171338.6047888,1951171338.6047888,1951171338.6047888,119880709597.83046,119864517696.38046,119896901499.28046,220217,216667.0,223767.0,15252,15181.0,15323.0,516469.9411764706,516469.9411764706,516469.9411764706,17401.058823529413,17401.058823529413,17401.058823529413,98606,98606.0,98606.0
US-NY,2020-03-15,3,Restrict_Mass_Gatherings_and_Schools-Authorize_Schools_but_Restrict_Mass_Gatherings_and_Others-Authorize_Schools_but_Restrict_Mass_Gatherings_and_Others,23185328372.655777,23156788505.747128,23213868239.56443,0,93847900878.69083,93351503043.8602,94202564792.75348,2069551950.7094295,2069551950.7094295,2069551950.7094295,120007412366.95146,119989177093.14946,120025647640.75346,247996,243998.0,251994.0,15910,15836.0,15984.0,545452.4705882353,545452.4705882353,545452.4705882353,18573.529411764706,18573.529411764706,18573.529411764706,105250,105250.0,105250.0
US-NY,2020-03-15,3,Restrict_Mass_Gatherings_and_Schools-Authorize_Schools_but_Restrict_Mass_Gatherings_and_Others-Restrict_Mass_Gatherings_and_Schools_and_Others,31211472050.816696,31187707864.488808,31235236237.144585,0,87800489638.70944,87343627524.7397,88257351752.6792,1886329744.1989357,1886329744.1989357,1886329744.1989357,119818058341.96646,119802874443.39546,119833242240.53746,206481,203152.0,209810.0,14894,14825.0,14963.0,500516.23529411765,500516.23529411765,500516.23529411765,16762.764705882353,16762.764705882353,16762.764705882353,94989,94989.0,94989.0
US-NY,2020-03-15,3,Restrict_Mass_Gatherings_and_Schools-Authorize_Schools_but_Restrict_Mass_Gatherings_and_Others-Lockdown,35592742528.735634,35568193103.44827,35617291954.02299,0,88822727339.98917,88500049739.74883,89287138860.99748,1919047573.159917,1919047573.159917,1919047573.159917,119849219770.33446,119833534150.87346,119864905389.79546,213313,209874.0,216752.0,15074,15004.0,15144.0,508573.5294117647,508573.5294117647,508573.5294117647,17084.470588235294,17084.470588235294,17084.470588235294,96812,96812.0,96812.0
US-NY,2020-03-15,3,Restrict_Mass_Gatherings_and_Schools-Restrict_Mass_Gatherings_and_Schools_and_Others-No_Measure,26215473139.74592,26195356745.311554,26235589534.18028,0,74536889592.73625,74288402227.41226,74927110878.82826,1473761437.8879693,1473761437.8879693,1473761437.8879693,119673658508.72546,119660805331.74345,119686511685.70746,174822,172004.0,177640.0,12653,12594.0,12712.0,392000.8823529412,392000.8823529412,392000.8823529412,13049.117647058825,13049.117647058825,13049.117647058825,73945,73945.0,73945.0
US-NY,2020-03-15,3,Restrict_Mass_Gatherings_and_Schools-Restrict_Mass_Gatherings_and_Schools_and_Others-Restrict_Mass_Gatherings,29022013248.63884,29003724319.41924,29040302177.85844,0,72641671126.29271,72267089769.26985,73016252483.31554,1414819344.8122969,1414819344.8122969,1414819344.8122969,119601164401.21945,119589478865.58145,119612849936.85745,158928,156366.0,161490.0,12324,12267.0,12381.0,377659.0588235294,377659.0588235294,377659.0588235294,12460.94117647059,12460.94117647059,12460.94117647059,70612,70612.0,70612.0
US-NY,2020-03-15,3,Restrict_Mass_Gatherings_and_Schools-Restrict_Mass_Gatherings_and_Schools_and_Others-Restrict_Mass_Gatherings_and_Schools,37810913793.10345,37795301814.882034,37826525771.32487,0,69639420170.20393,69282267427.91824,69854838991.72163,1320980217.9648242,1320980217.9648242,1320980217.9648242,119495036749.68745,119485061626.17445,119505011873.20045,135660,133473.0,137847.0,11802,11747.0,11857.0,354736.0,354736.0,354736.0,11529.0,11529.0,11529.0,65331,65331.0,65331.0
US-NY,2020-03-15,3,Restrict_Mass_Gatherings_and_Schools-Restrict_Mass_Gatherings_and_Schools_and_Others-Authorize_Schools_but_Restrict_Mass_Gatherings_and_Others,30756454627.949184,30740028856.62432,30772880399.274048,0,70576945550.761,70218079277.66731,70935811823.85469,1350678134.2373633,1350678134.2373633,1350678134.2373633,119527329330.60745,119516834241.80846,119537824419.40646,142740,140439.0,145041.0,11967,11912.0,12022.0,361995.29411764705,361995.29411764705,361995.29411764705,11823.705882352942,11823.705882352942,11823.705882352942,67001,67001.0,67001.0
US-NY,2020-03-15,3,Restrict_Mass_Gatherings_and_Schools-Restrict_Mass_Gatherings_and_Schools_and_Others-Restrict_Mass_Gatherings_and_Schools_and_Others,39004863762.855415,38989630127.04174,39020097398.66909,0,69094568983.61554,68744108882.96442,69445029084.26665,1305924798.5515814,1305924798.5515814,1305924798.5515814,119479989684.08646,119470256298.82047,119489723069.35246,132361,130227.0,134495.0,11718,11664.0,11772.0,351021.70588235295,351021.70588235295,351021.70588235295,11381.29411764706,11381.29411764706,11381.29411764706,64494,64494.0,64494.0
US-NY,2020-03-15,3,Restrict_Mass_Gatherings_and_Schools-Restrict_Mass_Gatherings_and_Schools_and_Others-Lockdown,43349899032.06292,43334465517.24138,43365332546.88445,0,69392179375.90204,69035402407.91635,69748956343.88774,1314205180.9784217,1314205180.9784217,1314205180.9784217,119487998973.93045,119478137877.89246,119497860069.96846,134117,131955.0,136279.0,11764,11709.0,11819.0,353072.8823529412,353072.8823529412,353072.8823529412,11462.117647058823,11462.117647058823,11462.117647058823,64952,64952.0,64952.0
US-NY,2020-03-15,3,Restrict_Mass_Gatherings_and_Schools-Lockdown-No_Measure,30681142528.735634,30658877434.96673,30703407622.504536,0,78195240607.49606,77930436919.3629,78601778216.3972,1585739846.2533255,1585739846.2533255,1585739846.2533255,119758745810.57047,119744519742.78946,119772971878.35146,193477,190358.0,196596.0,13274,13213.0,13335.0,420442.76470588235,420442.76470588235,420442.76470588235,14107.235294117649,14107.235294117649,14107.235294117649,79941,79941.0,79941.0
US-NY,2020-03-15,3,Restrict_Mass_Gatherings_and_Schools-Lockdown-Restrict_Mass_Gatherings,33466623956.442833,33446528977.616455,33486718935.269207,0,75919608766.89366,75665270494.36708,76315680960.18822,1516655511.0478866,1516655511.0478866,1516655511.0478866,119672796461.01447,119659956967.32945,119685635954.69946,174633,171818.0,177448.0,12888,12828.0,12948.0,403638.4117647059,403638.4117647059,403638.4117647059,13417.588235294119,13417.588235294119,13417.588235294119,76033,76033.0,76033.0
US-NY,2020-03-15,3,Restrict_Mass_Gatherings_and_Schools-Lockdown-Restrict_Mass_Gatherings_and_Schools,42223294010.88929,42206397096.18875,42240190925.589836,0,72324748961.67162,72094832564.95677,72696399279.15446,1407099876.4779782,1407099876.4779782,1407099876.4779782,119546075447.49745,119535279326.16446,119556871568.83046,146850,144483.0,149217.0,12277,12220.0,12334.0,376920.64705882355,376920.64705882355,376920.64705882355,12327.352941176472,12327.352941176472,12327.352941176472,69855,69855.0,69855.0
US-NY,2020-03-15,3,Restrict_Mass_Gatherings_and_Schools-Lockdown-Authorize_Schools_but_Restrict_Mass_Gatherings_and_Others,35191107078.039925,35173032304.900185,35209181851.17967,0,73763162983.99905,73524870476.78563,74143189411.98045,1450648701.3006206,1450648701.3006206,1450648701.3006206,119592598657.29745,119581049954.62946,119604147359.96545,157050,154518.0,159582.0,12519,12461.0,12577.0,387586.5294117647,387586.5294117647,387586.5294117647,12758.470588235296,12758.470588235296,12758.470588235296,72298,72298.0,72298.0
US-NY,2020-03-15,3,Restrict_Mass_Gatherings_and_Schools-Lockdown-Restrict_Mass_Gatherings_and_Schools_and_Others,43408256563.82335,43391880762.25045,43424632365.39625,0,71708139698.1902,71343482641.78194,72072796754.59848,1386003617.425362,1386003617.425362,1386003617.425362,119525285958.25546,119514822797.14946,119535749119.36145,142292,139998.0,144586.0,12160,12104.0,12216.0,371745.0588235294,371745.0588235294,371745.0588235294,12118.94117647059,12118.94117647059,12118.94117647059,68674,68674.0,68674.0
US-NY,2020-03-15,3,Restrict_Mass_Gatherings_and_Schools-Lockdown-Lockdown,47757146642.46824,47740506715.06352,47773786569.872955,0,72096410817.01678,71725301614.52592,72325786098.73961,1396845134.3482118,1396845134.3482118,1396845134.3482118,119535758241.55946,119525126319.79045,119546390163.32846,144588,142257.0,146919.0,12220,12163.0,12277.0,374408.1176470588,374408.1176470588,374408.1176470588,12225.882352941177,12225.882352941177,12225.882352941177,69280,69280.0,69280.0
US-NY,2020-03-15,3,Authorize_Schools_but_Restrict_Mass_Gatherings_and_Others-No_Measure-No_Measure,14590498245.614035,14432165517.24138,14748830973.98669,0,334724496542.2594,333135721393.88696,336313271690.6318,9294568373.189476,9294568373.189476,9294568373.189476,125150991075.84546,125049825900.02545,125252156251.66545,1375702,1353522.0,1397882.0,56774,56513.0,57035.0,2382233.882352941,2382233.882352941,2382233.882352941,86762.11764705883,86762.11764705883,86762.11764705883,491652,491652.0,491652.0
US-NY,2020-03-15,3,Authorize_Schools_but_Restrict_Mass_Gatherings_and_Others-No_Measure-Restrict_Mass_Gatherings,16335316757.410769,16195929703.569267,16474703811.25227,0,311164168875.2115,309721413928.6615,312465189900.9935,8573077796.408513,8573077796.408513,8573077796.408513,124400120152.97046,124311060133.89645,124489180172.04446,1211077,1191551.0,1230603.0,52765,52522.0,53008.0,2205442.117647059,2205442.117647059,2205442.117647059,79623.88235294117,79623.88235294117,79623.88235294117,451202,451202.0,451202.0
US-NY,2020-03-15,3,Authorize_Schools_but_Restrict_Mass_Gatherings_and_Others-No_Measure-Restrict_Mass_Gatherings_and_Schools,22872373260.738052,22771969751.96612,22972776769.50998,0,261454145362.06052,260323418558.22696,262726606086.66205,7057368923.477682,7057368923.477682,7057368923.477682,122855198382.98746,122791046525.55246,122919350240.42245,872360,858295.0,886425.0,44356,44152.0,44560.0,1833708.8235294118,1833708.8235294118,1833708.8235294118,64644.17647058824,64644.17647058824,64644.17647058824,366317,366317.0,366317.0
US-NY,2020-03-15,3,Authorize_Schools_but_Restrict_Mass_Gatherings_and_Others-No_Measure-Authorize_Schools_but_Restrict_Mass_Gatherings_and_Others,16635319298.245615,16520924258.92317,16749714337.568058,0,279481150434.4338,278096685003.0522,280723881945.04736,7604671838.198345,7604671838.198345,7604671838.198345,123409764166.00146,123336672554.52646,123482855777.47646,993946,977921.0,1009971.0,47392,47174.0,47610.0,1967911.5882352942,1967911.5882352942,1967911.5882352942,70054.41176470589,70054.41176470589,70054.41176470589,396975,396975.0,396975.0
US-NY,2020-03-15,3,Authorize_Schools_but_Restrict_Mass_Gatherings_and_Others-No_Measure-Restrict_Mass_Gatherings_and_Schools_and_Others,23741833938.29401,23647041318.814278,23836626557.773743,0,254649809707.60007,253418643327.58344,255739242166.84875,6847363153.266332,6847363153.266332,6847363153.266332,122632822001.24246,122572255167.62146,122693388834.86346,823605,810326.0,836884.0,43182,42983.0,43381.0,1782460.0,1782460.0,1782460.0,62556.00000000001,62556.00000000001,62556.00000000001,354484,354484.0,354484.0
US-NY,2020-03-15,3,Authorize_Schools_but_Restrict_Mass_Gatherings_and_Others-No_Measure-Lockdown,28168919540.229885,28072606412.583183,28265232667.876587,0,255797766269.84653,254699236213.44327,257038030247.01773,6882114476.426249,6882114476.426249,6882114476.426249,122693256562.99246,122631718215.28445,122754794910.70045,836855,823363.0,850347.0,43391,43191.0,43591.0,1790478.5294117648,1790478.5294117648,1790478.5294117648,62924.4705882353,62924.4705882353,62924.4705882353,356572,356572.0,356572.0
US-NY,2020-03-15,3,Authorize_Schools_but_Restrict_Mass_Gatherings_and_Others-Restrict_Mass_Gatherings-No_Measure,15444406049.606775,15319381730.187538,15569430369.026012,0,272382286667.39694,271146654040.0682,273617919294.72565,7341547251.588826,7341547251.588826,7341547251.588826,123830881314.47346,123750998226.58746,123910764402.35945,1086274,1068760.0,1103788.0,46193,45980.0,46406.0,1887324.4705882352,1887324.4705882352,1887324.4705882352,68250.52941176471,68250.52941176471,68250.52941176471,386753,386753.0,386753.0
US-NY,2020-03-15,3,Authorize_Schools_but_Restrict_Mass_Gatherings_and_Others-Restrict_Mass_Gatherings-Restrict_Mass_Gatherings,17365546400.48397,17256626618.269814,17474466182.698124,0,253296150337.51157,252041133664.0255,254409433090.22964,6759541309.562519,6759541309.562519,6759541309.562519,123192669536.89845,123123076288.35646,123262262785.44046,946349,931091.0,961607.0,42952,42754.0,43150.0,1745064.1764705882,1745064.1764705882,1745064.1764705882,62474.82352941177,62474.82352941177,62474.82352941177,354024,354024.0,354024.0
US-NY,2020-03-15,3,Authorize_Schools_but_Restrict_Mass_Gatherings_and_Others-Restrict_Mass_Gatherings-Restrict_Mass_Gatherings_and_Schools,24238292558.983665,24162945311.55475,24313639806.412582,0,210718678740.2199,209728920731.96286,211566702827.70898,5455910710.907478,5455910710.907478,5455910710.907478,121862233447.39046,121814091047.44547,121910375847.33546,654657,644102.0,665212.0,35729,35564.0,35894.0,1425088.2352941176,1425088.2352941176,1425088.2352941176,49603.76470588236,49603.76470588236,49603.76470588236,281088,281088.0,281088.0
US-NY,2020-03-15,3,Authorize_Schools_but_Restrict_Mass_Gatherings_and_Others-Restrict_Mass_Gatherings-Authorize_Schools_but_Restrict_Mass_Gatherings_and_Others,17906196128.251663,17818384996.975197,17994007259.52813,0,227071561421.74112,225984807334.94916,228158315508.5331,5960353934.303873,5960353934.303873,5960353934.303873,122356072758.31845,122299966679.51945,122412178837.11746,762929,750628.0,775230.0,38515,38338.0,38692.0,1549162.5882352942,1549162.5882352942,1549162.5882352942,54571.41176470589,54571.41176470589,54571.41176470589,309238,309238.0,309238.0
US-NY,2020-03-15,3,Authorize_Schools_but_Restrict_Mass_Gatherings_and_Others-Restrict_Mass_Gatherings-Restrict_Mass_Gatherings_and_Schools_and_Others,25090092498.4876,25020641681.790684,25159543315.184513,0,202444198514.29532,201508128089.74026,203380268938.85034,5202914116.87112,5202914116.87112,5202914116.87112,121628572906.71945,121584197974.54846,121672947838.89046,603428,593699.0,613157.0,34336,34178.0,34494.0,1362663.9411764706,1362663.9411764706,1362663.9411764706,47122.05882352941,47122.05882352941,47122.05882352941,267025,267025.0,267025.0
US-NY,2020-03-15,3,Authorize_Schools_but_Restrict_Mass_Gatherings_and_Others-Restrict_Mass_Gatherings-Lockdown,29605189110.7078,29532797217.180885,29677581004.234726,0,206548362068.13834,205588410882.76358,207508313253.5131,5330699477.571682,5330699477.571682,5330699477.571682,121745241258.04045,121698987153.08145,121791495362.99945,629007,618866.0,639148.0,35039,34878.0,35200.0,1394218.705882353,1394218.705882353,1394218.705882353,48374.29411764706,48374.29411764706,48374.29411764706,274121,274121.0,274121.0
US-NY,2020-03-15,3,Authorize_Schools_but_Restrict_Mass_Gatherings_and_Others-Restrict_Mass_Gatherings_and_Schools-No_Measure,19676464972.77677,19627587416.817905,19725342528.735634,0,139728467006.92203,139124619849.48123,140332314164.36285,3234444194.9822645,3234444194.9822645,3234444194.9822645,120813203482.88545,120781973638.03246,120844433327.73846,424662,417815.0,431509.0,23698,23589.0,23807.0,848272.5882352941,848272.5882352941,848272.5882352941,29236.411764705885,29236.411764705885,29236.411764705885,165673,165673.0,165673.0
US-NY,2020-03-15,3,Authorize_Schools_but_Restrict_Mass_Gatherings_and_Others-Restrict_Mass_Gatherings_and_Schools-Restrict_Mass_Gatherings,22224711433.756805,22181830248.03388,22267592619.479733,0,133092120549.94275,132530379409.57483,133795595611.07867,3034840494.346734,3034840494.346734,3034840494.346734,120575675130.26245,120548276608.56946,120603073651.95546,372585,366578.0,378592.0,22585,22481.0,22689.0,799616.0,799616.0,799616.0,27249.0,27249.0,27249.0,154411,154411.0,154411.0
US-NY,2020-03-15,3,Authorize_Schools_but_Restrict_Mass_Gatherings_and_Others-Restrict_Mass_Gatherings_and_Schools-Restrict_Mass_Gatherings_and_Schools,30580174349.66727,30546958741.68179,30613389957.652752,0,121584550390.76492,121096225187.55219,122214609514.74567,2683224123.706769,2683224123.706769,2683224123.706769,120192606669.64845,120171383876.00146,120213829463.29546,288599,283946.0,293252.0,20631,20536.0,20726.0,713563.0588235294,713563.0588235294,713563.0588235294,23764.94117647059,23764.94117647059,23764.94117647059,134668,134668.0,134668.0
US-NY,2020-03-15,3,Authorize_Schools_but_Restrict_Mass_Gatherings_and_Others-Restrict_Mass_Gatherings_and_Schools-Authorize_Schools_but_Restrict_Mass_Gatherings_and_Others,23673147368.42105,23636740834.845734,23709553901.99637,0,125567794655.21298,125055062607.16052,126222260624.03346,2805382296.593261,2805382296.593261,2805382296.593261,120319099628.21545,120295838023.31546,120342361233.11546,316332,311232.0,321432.0,21308,21210.0,21406.0,743523.8235294118,743523.8235294118,743523.8235294118,24972.176470588238,24972.176470588238,24972.176470588238,141509,141509.0,141509.0
US-NY,2020-03-15,3,Authorize_Schools_but_Restrict_Mass_Gatherings_and_Others-Restrict_Mass_Gatherings_and_Schools-Restrict_Mass_Gatherings_and_Schools_and_Others,31714160617.05989,31682294192.377495,31746027041.742287,0,119917474855.1815,119296152585.02734,120397063204.56766,2628797338.346143,2628797338.346143,2628797338.346143,120139246372.44746,120118885626.51146,120159607118.38345,276900,272436.0,281364.0,20330,20236.0,20424.0,700182.3529411765,700182.3529411765,700182.3529411765,23228.64705882353,23228.64705882353,23228.64705882353,131629,131629.0,131629.0
US-NY,2020-03-15,3,Authorize_Schools_but_Restrict_Mass_Gatherings_and_Others-Restrict_Mass_Gatherings_and_Schools-Lockdown,36087971324.863884,36055433877.79794,36120508771.929825,0,120747125187.16393,120260227926.29118,121375756368.80466,2656064303.2072124,2656064303.2072124,2656064303.2072124,120165641452.36046,120144851963.11845,120186430941.60246,282687,278129.0,287245.0,20480,20385.0,20575.0,706898.2941176471,706898.2941176471,706898.2941176471,23496.705882352944,23496.705882352944,23496.705882352944,133148,133148.0,133148.0
US-NY,2020-03-15,3,Authorize_Schools_but_Restrict_Mass_Gatherings_and_Others-Authorize_Schools_but_Restrict_Mass_Gatherings_and_Others-No_Measure,14069679491.83303,13996645130.066547,14142713853.599518,0,180353040876.74838,179509656906.2651,181196424847.23163,4487948919.856636,4487948919.856636,4487948919.856636,121770473257.70847,121723808653.83946,121817137861.57745,634539,624308.0,644770.0,30582,30441.0,30723.0,1165098.5882352942,1165098.5882352942,1165098.5882352942,41158.41176470589,41158.41176470589,41158.41176470589,233231,233231.0,233231.0
US-NY,2020-03-15,3,Authorize_Schools_but_Restrict_Mass_Gatherings_and_Others-Authorize_Schools_but_Restrict_Mass_Gatherings_and_Others-Restrict_Mass_Gatherings,16397138173.018753,16333662310.949787,16460614035.087719,0,169821249089.45847,168903425670.66382,170597338587.48508,4167133979.4191546,4167133979.4191546,4167133979.4191546,121391874674.11446,121351317381.80646,121432431966.42245,551533,542641.0,560425.0,28791,28658.0,28924.0,1086912.7647058824,1086912.7647058824,1086912.7647058824,37963.23529411765,37963.23529411765,37963.23529411765,215125,215125.0,215125.0
US-NY,2020-03-15,3,Authorize_Schools_but_Restrict_Mass_Gatherings_and_Others-Authorize_Schools_but_Restrict_Mass_Gatherings_and_Others-Restrict_Mass_Gatherings_and_Schools,24293079249.84876,24246678765.88022,24339479733.817303,0,149311236546.61032,148665437135.5049,150098769878.48373,3545008625.5911913,3545008625.5911913,3545008625.5911913,120715199148.67245,120685552005.17245,120744846292.17245,403175,396675.0,409675.0,25330,25213.0,25447.0,934714.0588235294,934714.0588235294,934714.0588235294,31795.94117647059,31795.94117647059,31795.94117647059,180177,180177.0,180177.0
US-NY,2020-03-15,3,Authorize_Schools_but_Restrict_Mass_Gatherings_and_Others-Authorize_Schools_but_Restrict_Mass_Gatherings_and_Others-Authorize_Schools_but_Restrict_Mass_Gatherings_and_Others,17559818511.796734,17507421657.592255,17612215366.00121,0,156890912960.6178,156055377611.55295,157584714388.91467,3774420080.143364,3774420080.143364,3774420080.143364,120952718379.09746,120919239912.43745,120986196845.75746,455250,447910.0,462590.0,26603,26480.0,26726.0,990970.4117647059,990970.4117647059,990970.4117647059,34063.58823529412,34063.58823529412,34063.58823529412,193027,193027.0,193027.0
US-NY,2020-03-15,3,Authorize_Schools_but_Restrict_Mass_Gatherings_and_Others-Authorize_Schools_but_Restrict_Mass_Gatherings_and_Others-Restrict_Mass_Gatherings_and_Schools_and_Others,25340981911.675743,25297315486.993347,25384648336.358135,0,145735604402.85828,144971515933.61658,146357958951.33194,3433127663.242684,3433127663.242684,3433127663.242684,120606836558.63046,120578936316.04745,120634736801.21346,379417,373300.0,385534.0,24712,24598.0,24826.0,907201.1176470588,907201.1176470588,907201.1176470588,30693.88235294118,30693.88235294118,30693.88235294118,173932,173932.0,173932.0
US-NY,2020-03-15,3,Authorize_Schools_but_Restrict_Mass_Gatherings_and_Others-Authorize_Schools_but_Restrict_Mass_Gatherings_and_Others-Lockdown,29757652389.594677,29712629643.0732,29802675136.116154,0,147604756709.81943,146831916355.7792,148235863143.0917,3489324628.621046,3489324628.621046,3489324628.621046,120660616476.93945,120631849625.54646,120689383328.33246,391208,384901.0,397515.0,25023,24908.0,25138.0,921034.2352941176,921034.2352941176,921034.2352941176,31246.764705882353,31246.764705882353,31246.764705882353,177065,177065.0,177065.0
US-NY,2020-03-15,3,Authorize_Schools_but_Restrict_Mass_Gatherings_and_Others-Restrict_Mass_Gatherings_and_Schools_and_Others-No_Measure,20108811675.741077,20072597882.637627,20145025468.844524,0,118232063074.5247,117607482942.54114,118714909285.7403,2576314783.10671,2576314783.10671,2576314783.10671,120311537326.07346,120288398870.84645,120334675781.30046,314674,309601.0,319747.0,20044,19951.0,20137.0,681370.2941176471,681370.2941176471,681370.2941176471,23004.705882352944,23004.705882352944,23004.705882352944,130360,130360.0,130360.0
US-NY,2020-03-15,3,Authorize_Schools_but_Restrict_Mass_Gatherings_and_Others-Restrict_Mass_Gatherings_and_Schools_and_Others-Restrict_Mass_Gatherings,22806296370.235935,22773666122.202057,22838926618.269814,0,114326854330.94933,113727507747.26547,114784466993.86517,2458947399.940881,2458947399.940881,2458947399.940881,120169363309.14445,120148514525.61546,120190212092.67346,283503,278932.0,288074.0,19389,19299.0,19479.0,652788.2941176471,652788.2941176471,652788.2941176471,21834.705882352944,21834.705882352944,21834.705882352944,123730,123730.0,123730.0
US-NY,2020-03-15,3,Authorize_Schools_but_Restrict_Mass_Gatherings_and_Others-Restrict_Mass_Gatherings_and_Schools_and_Others-Restrict_Mass_Gatherings_and_Schools,31408688384.75499,31381747549.909256,31435629219.600727,0,107565732937.55391,107155475960.03352,108117723835.84232,2253785627.660361,2253785627.660361,2253785627.660361,119944067824.03946,119926854236.41345,119961281411.66545,234108,230334.0,237882.0,18248,18164.0,18332.0,602589.7647058824,602589.7647058824,602589.7647058824,19801.235294117647,19801.235294117647,19801.235294117647,112207,112207.0,112207.0
US-NY,2020-03-15,3,Authorize_Schools_but_Restrict_Mass_Gatherings_and_Others-Restrict_Mass_Gatherings_and_Schools_and_Others-Authorize_Schools_but_Restrict_Mass_Gatherings_and_Others,24419810949.788265,24390992679.9758,24448629219.600727,0,109861589964.4981,109435587841.10452,110429326008.65962,2325258892.8835354,2325258892.8835354,2325258892.8835354,120018263221.47246,119999850064.80946,120036676378.13545,250375,246338.0,254412.0,18644,18558.0,18730.0,620121.5294117647,620121.5294117647,620121.5294117647,20507.470588235294,20507.470588235294,20507.470588235294,116209,116209.0,116209.0
US-NY,2020-03-15,3,Authorize_Schools_but_Restrict_Mass_Gatherings_and_Others-Restrict_Mass_Gatherings_and_Schools_and_Others-Restrict_Mass_Gatherings_and_Schools_and_Others,32577203750.756203,32551048154.869934,32603359346.642467,0,106560732307.46992,106016290816.22011,107105173798.71976,2221675679.130949,2221675679.130949,2221675679.130949,119912769562.70146,119896057695.96545,119929481429.43745,227246,223582.0,230910.0,18071,17988.0,18154.0,594688.8235294118,594688.8235294118,594688.8235294118,19485.176470588238,19485.176470588238,19485.176470588238,110416,110416.0,110416.0
US-NY,2020-03-15,3,Authorize_Schools_but_Restrict_Mass_Gatherings_and_Others-Restrict_Mass_Gatherings_and_Schools_and_Others-Lockdown,36933646400.48397,36907105323.65396,36960187477.31397,0,107124098197.87407,106572949034.01765,107533513440.96245,2237530957.9145727,2237530957.9145727,2237530957.9145727,119928067488.74745,119911109322.66545,119945025654.82945,230600,226882.0,234318.0,18158,18074.0,18242.0,598595.0,598595.0,598595.0,19641.0,19641.0,19641.0,111299,111299.0,111299.0
US-NY,2020-03-15,3,Authorize_Schools_but_Restrict_Mass_Gatherings_and_Others-Lockdown-No_Measure,24729001814.882034,24688147973.38173,24769855656.382336,0,126354076838.67047,125826084494.94342,127023803103.16551,2827381666.272539,2827381666.272539,2827381666.272539,120495354176.87245,120469251007.29546,120521457346.44946,354975,349252.0,360698.0,21439,21340.0,21538.0,745309.2941176471,745309.2941176471,745309.2941176471,25368.705882352944,25368.705882352944,25368.705882352944,143756,143756.0,143756.0
US-NY,2020-03-15,3,Authorize_Schools_but_Restrict_Mass_Gatherings_and_Others-Lockdown-Restrict_Mass_Gatherings,27387031820.93164,27350403992.74047,27423659649.122807,0,121858965820.5757,121363455812.74696,122496209749.17244,2690395957.4711795,2690395957.4711795,2690395957.4711795,120327970965.77046,120304567966.80145,120351373964.73946,318277,313146.0,323408.0,20674,20579.0,20769.0,711966.7058823529,711966.7058823529,711966.7058823529,24002.29411764706,24002.29411764706,24002.29411764706,136013,136013.0,136013.0
US-NY,2020-03-15,3,Authorize_Schools_but_Restrict_Mass_Gatherings_and_Others-Lockdown-Restrict_Mass_Gatherings_and_Schools,35911977858.4392,35882281548.69933,35941674168.17907,0,113826785225.50432,113239512371.43105,114272324158.80959,2442921497.9308305,2442921497.9308305,2442921497.9308305,120053192117.61446,120034217945.77446,120072166289.45445,258033,253873.0,262193.0,19297,19208.0,19386.0,651470.2941176471,651470.2941176471,651470.2941176471,21546.705882352944,21546.705882352944,21546.705882352944,122098,122098.0,122098.0
US-NY,2020-03-15,3,Authorize_Schools_but_Restrict_Mass_Gatherings_and_Others-Lockdown-Authorize_Schools_but_Restrict_Mass_Gatherings_and_Others,28951176285.54144,28919152813.06715,28983199758.015728,0,116576561155.34691,116114330124.93248,117180526106.52934,2530614922.369199,2530614922.369199,2530614922.369199,120145326317.41446,120124865227.30046,120165787407.52846,278233,273747.0,282719.0,19784,19693.0,19875.0,672956.5882352941,672956.5882352941,672956.5882352941,22414.411764705885,22414.411764705885,22414.411764705885,127015,127015.0,127015.0
US-NY,2020-03-15,3,Authorize_Schools_but_Restrict_Mass_Gatherings_and_Others-Lockdown-Restrict_Mass_Gatherings_and_Schools_and_Others,37069050151.24017,37040324682.395645,37097775620.084694,0,112573641942.79845,111994309301.03574,113011240663.79315,2404244463.161395,2404244463.161395,2404244463.161395,120014582414.57945,119996228552.20346,120032936276.95546,249568,245544.0,253592.0,19082,18994.0,19170.0,641966.6470588235,641966.6470588235,641966.6470588235,21165.352941176472,21165.352941176472,21165.352941176472,119937,119937.0,119937.0
US-NY,2020-03-15,3,Authorize_Schools_but_Restrict_Mass_Gatherings_and_Others-Lockdown-Lockdown,41431360677.55596,41402156926.79976,41460564428.31216,0,113125549373.7901,112681047577.55281,113711785090.79536,2423552985.81141,2423552985.81141,2423552985.81141,120033629564.00346,120014970107.99446,120052289020.01245,253744,249653.0,257835.0,19189,19100.0,19278.0,646717.5882352941,646717.5882352941,646717.5882352941,21355.411764705885,21355.411764705885,21355.411764705885,121014,121014.0,121014.0
US-NY,2020-03-15,3,Restrict_Mass_Gatherings_and_Schools_and_Others-No_Measure-No_Measure,17446343073.20024,17376149848.75983,17516536297.64065,0,144206329090.76852,143534015450.46143,144878642731.07565,3735253151.271061,3735253151.271061,3735253151.271061,121658124267.14046,121613274980.67346,121702973553.60745,609907,600074.0,619740.0,24466,24353.0,24579.0,954310.1764705882,954310.1764705882,954310.1764705882,35018.82352941177,35018.82352941177,35018.82352941177,198440,198440.0,198440.0
US-NY,2020-03-15,3,Restrict_Mass_Gatherings_and_Schools_and_Others-No_Measure-Restrict_Mass_Gatherings,19619687900.78645,19561530248.03388,19677845553.53902,0,130827005434.06436,130244890013.85358,131550854775.04312,3329360396.098138,3329360396.098138,3329360396.098138,121181056117.23546,121143896843.68246,121218215390.78845,505312,497165.0,513459.0,22199,22097.0,22301.0,855384.4117647059,855384.4117647059,855384.4117647059,30976.58823529412,30976.58823529412,30976.58823529412,175534,175534.0,175534.0
US-NY,2020-03-15,3,Restrict_Mass_Gatherings_and_Schools_and_Others-No_Measure-Restrict_Mass_Gatherings_and_Schools,27302650756.200848,27265002117.362373,27340299395.03932,0,106838919452.33678,106406116016.81638,107413456808.62517,2598807608.4466453,2598807608.4466453,2598807608.4466453,120368300203.12846,120344244967.00246,120392355439.25446,327119,321845.0,332393.0,18128,18044.0,18212.0,676937.3529411765,676937.3529411765,676937.3529411765,23720.64705882353,23720.64705882353,23720.64705882353,134417,134417.0,134417.0
US-NY,2020-03-15,3,Restrict_Mass_Gatherings_and_Schools_and_Others-No_Measure-Authorize_Schools_but_Restrict_Mass_Gatherings_and_Others,20626205626.1343,20581646884.45251,20670764367.816093,0,115216037468.20631,114733308051.07848,115698766885.33418,2852484368.9033403,2852484368.9033403,2852484368.9033403,120642121220.49446,120613650840.53645,120670591600.45245,387153,380911.0,393395.0,19540,19450.0,19630.0,738959.7058823529,738959.7058823529,738959.7058823529,26237.29411764706,26237.29411764706,26237.29411764706,148678,148678.0,148678.0
US-NY,2020-03-15,3,Restrict_Mass_Gatherings_and_Schools_and_Others-No_Measure-Restrict_Mass_Gatherings_and_Schools_and_Others,28319707803.99274,28285292921.96007,28354122686.02541,0,102697178468.49373,102288872063.64505,103247218794.1104,2471900191.361218,2471900191.361218,2471900191.361218,120240229104.30746,120218240046.02846,120262218162.58646,299040,294219.0,303861.0,17425,17344.0,17506.0,645808.3529411765,645808.3529411765,645808.3529411765,22466.64705882353,22466.64705882353,22466.64705882353,127311,127311.0,127311.0
US-NY,2020-03-15,3,Restrict_Mass_Gatherings_and_Schools_and_Others-No_Measure-Lockdown,32739804779.189354,32703976467.029644,32775633091.349064,0,104496897640.47342,104079719103.05019,104914076177.89667,2525487980.121194,2525487980.121194,2525487980.121194,120296198350.13646,120273306194.25546,120319090506.01746,311311,306292.0,316330.0,17723,17641.0,17805.0,658908.6470588235,658908.6470588235,658908.6470588235,22998.352941176472,22998.352941176472,22998.352941176472,130324,130324.0,130324.0
US-NY,2020-03-15,3,Restrict_Mass_Gatherings_and_Schools_and_Others-Restrict_Mass_Gatherings-No_Measure,18990518753.781006,18942504960.677555,19038532546.884453,0,109458119430.9631,108849965103.09355,109924539838.06467,2656258974.763523,2656258974.763523,2656258974.763523,120779054534.67245,120748376582.79846,120809732486.54646,417175,410449.0,423901.0,18559,18473.0,18645.0,683663.1764705882,683663.1764705882,683663.1764705882,24653.823529411766,24653.823529411766,24653.823529411766,139705,139705.0,139705.0
US-NY,2020-03-15,3,Restrict_Mass_Gatherings_and_Schools_and_Others-Restrict_Mass_Gatherings-Restrict_Mass_Gatherings,21416146581.97217,21376106533.575317,21456186630.369026,0,100854205769.3971,100445846958.84956,101404298500.7126,2396756835.611883,2396756835.611883,2396756835.611883,120463180184.52646,120437596980.23546,120488763388.81746,347921,342312.0,353530.0,17108,17029.0,17187.0,620520.7058823529,620520.7058823529,620520.7058823529,22064.29411764706,22064.29411764706,22064.29411764706,125031,125031.0,125031.0
US-NY,2020-03-15,3,Restrict_Mass_Gatherings_and_Schools_and_Others-Restrict_Mass_Gatherings-Restrict_Mass_Gatherings_and_Schools,29478194252.87356,29452545493.042953,29503843012.704174,0,83635593137.34213,83334184767.8881,84078735427.56416,1872340482.9293528,1872340482.9293528,1872340482.9293528,119892636871.71545,119876248843.00845,119909024900.42245,222832,219239.0,226425.0,14194,14128.0,14260.0,492161.17647058825,492161.17647058825,492161.17647058825,16868.823529411766,16868.823529411766,16868.823529411766,95590,95590.0,95590.0
US-NY,2020-03-15,3,Restrict_Mass_Gatherings_and_Schools_and_Others-Restrict_Mass_Gatherings-Authorize_Schools_but_Restrict_Mass_Gatherings_and_Others,22681293466.424683,22650683424.077435,22711903508.77193,0,89996634332.07375,89513565515.71884,90337969227.66066,2064615519.2137156,2064615519.2137156,2064615519.2137156,120089493904.55545,120069935912.04346,120109051897.06746,265992,261704.0,270280.0,15259,15188.0,15330.0,539367.4117647059,539367.4117647059,539367.4117647059,18766.58823529412,18766.58823529412,18766.58823529412,106344,106344.0,106344.0
US-NY,2020-03-15,3,Restrict_Mass_Gatherings_and_Schools_and_Others-Restrict_Mass_Gatherings-Restrict_Mass_Gatherings_and_Schools_and_Others,30626214882.03267,30601686872.3533,30650742891.71204,0,82516686585.22324,82223534078.49178,82951573012.72269,1839322135.9739876,1839322135.9739876,1839322135.9739876,119848243695.14845,119832571758.98445,119863915631.31245,213099,209663.0,216535.0,14005,13940.0,14070.0,484265.5294117647,484265.5294117647,484265.5294117647,16532.470588235294,16532.470588235294,16532.470588235294,93684,93684.0,93684.0
US-NY,2020-03-15,3,Restrict_Mass_Gatherings_and_Schools_and_Others-Restrict_Mass_Gatherings-Lockdown,34998126739.26195,34972963399.879005,35023290078.64489,0,83295400595.62721,82859176411.61977,83589890858.86667,1860117845.7729826,1860117845.7729826,1860117845.7729826,119873425522.72746,119857347648.75246,119889503396.70245,218620,215095.0,222145.0,14123,14058.0,14188.0,489275.5294117647,489275.5294117647,489275.5294117647,16742.470588235294,16742.470588235294,16742.470588235294,94874,94874.0,94874.0
US-NY,2020-03-15,3,Restrict_Mass_Gatherings_and_Schools_and_Others-Restrict_Mass_Gatherings_and_Schools-No_Measure,26037380943.738655,26020134240.77435,26054627646.702965,0,62588738424.28175,62263519590.11952,62913957258.443985,1210629296.1868165,1210629296.1868165,1210629296.1868165,119559868210.87346,119548848595.68945,119570887826.05746,149874,147458.0,152290.0,10618,10569.0,10667.0,321159.4705882353,321159.4705882353,321159.4705882353,10761.529411764706,10761.529411764706,10761.529411764706,60982,60982.0,60982.0
US-NY,2020-03-15,3,Restrict_Mass_Gatherings_and_Schools_and_Others-Restrict_Mass_Gatherings_and_Schools-Restrict_Mass_Gatherings,28878128917.120388,28862160012.099213,28894097822.14156,0,61384398470.19052,61209500100.90286,61701030760.24617,1175302195.1670115,1175302195.1670115,1175302195.1670115,119509230889.77545,119499027711.31245,119519434068.23846,138772,136535.0,141009.0,10418,10370.0,10466.0,312650.29411764705,312650.29411764705,312650.29411764705,10404.705882352942,10404.705882352942,10404.705882352942,58960,58960.0,58960.0
US-NY,2020-03-15,3,Restrict_Mass_Gatherings_and_Schools_and_Others-Restrict_Mass_Gatherings_and_Schools-Restrict_Mass_Gatherings_and_Schools,37635983968.542046,37623191712.03872,37648776225.04537,0,57680009804.067535,57387754296.90761,57972265311.227455,1061842999.8152528,1061842999.8152528,1061842999.8152528,119383267018.69246,119375093529.28445,119391440508.10046,111155,109363.0,112947.0,9788,9743.0,9833.0,284898.29411764705,284898.29411764705,284898.29411764705,9279.705882352942,9279.705882352942,9279.705882352942,52585,52585.0,52585.0
US-NY,2020-03-15,3,Restrict_Mass_Gatherings_and_Schools_and_Others-Restrict_Mass_Gatherings_and_Schools-Authorize_Schools_but_Restrict_Mass_Gatherings_and_Others,30594566908.650936,30580746702.964306,30608387114.337566,0,58939796776.39741,58639480809.1509,59240112743.64391,1100719936.077446,1100719936.077446,1100719936.077446,119423892727.48546,119415062439.82146,119432723015.14946,120062,118126.0,121998.0,10003,9957.0,10049.0,294426.76470588235,294426.76470588235,294426.76470588235,9664.235294117647,9664.235294117647,9664.235294117647,54764,54764.0,54764.0
US-NY,2020-03-15,3,Restrict_Mass_Gatherings_and_Schools_and_Others-Restrict_Mass_Gatherings_and_Schools-Restrict_Mass_Gatherings_and_Schools_and_Others,38827328372.65578,38814957289.77616,38839699455.53539,0,57212446232.28137,56921077552.46945,57362080991.3253,1044798326.3375703,1044798326.3375703,1044798326.3375703,119366555151.95645,119358650767.38947,119374459536.52345,107491,105758.0,109224.0,9694,9649.0,9739.0,280712.4705882353,280712.4705882353,280712.4705882353,9111.529411764706,9111.529411764706,9111.529411764706,51632,51632.0,51632.0
US-NY,2020-03-15,3,Restrict_Mass_Gatherings_and_Schools_and_Others-Restrict_Mass_Gatherings_and_Schools-Lockdown,43175404658.19722,43162783726.55778,43188025589.83666,0,57451373899.41337,57301213056.34944,57743268663.24529,1055571709.4295003,1055571709.4295003,1055571709.4295003,119376507469.97446,119368443446.94246,119384571493.00645,109673,107905.0,111441.0,9753,9708.0,9798.0,283366.5882352941,283366.5882352941,283366.5882352941,9217.411764705883,9217.411764705883,9217.411764705883,52232,52232.0,52232.0
US-NY,2020-03-15,3,Restrict_Mass_Gatherings_and_Schools_and_Others-Authorize_Schools_but_Restrict_Mass_Gatherings_and_Others-No_Measure,19526185783.424076,19499366303.69026,19553005263.157894,0,77191430775.43323,76917037327.16408,77607558144.47037,1661007981.229678,1661007981.229678,1661007981.229678,119939274108.99046,119922138060.04745,119956410157.93346,233057,229300.0,236814.0,13099,13038.0,13160.0,434286.8823529412,434286.8823529412,434286.8823529412,15080.117647058825,15080.117647058825,15080.117647058825,85454,85454.0,85454.0
US-NY,2020-03-15,3,Restrict_Mass_Gatherings_and_Schools_and_Others-Authorize_Schools_but_Restrict_Mass_Gatherings_and_Others-Restrict_Mass_Gatherings,22212291651.54265,22189241318.814278,22235341984.271023,0,73309660581.36061,72919157565.8952,73558429676.05804,1541123829.7369199,1541123829.7369199,1541123829.7369199,119789829700.25546,119775101911.58446,119804557488.92645,200292,197063.0,203521.0,12428,12370.0,12486.0,405134.0588235294,405134.0588235294,405134.0588235294,13882.94117647059,13882.94117647059,13882.94117647059,78670,78670.0,78670.0
US-NY,2020-03-15,3,Restrict_Mass_Gatherings_and_Schools_and_Others-Authorize_Schools_but_Restrict_Mass_Gatherings_and_Others-Restrict_Mass_Gatherings_and_Schools,30791790381.125225,30774793526.92075,30808787235.329704,0,66282182856.373886,66081536026.643936,66624563606.87185,1329705914.8315105,1329705914.8315105,1329705914.8315105,119549906770.65746,119539046793.93846,119560766747.37646,147690,145309.0,150071.0,11250,11198.0,11302.0,353506.5882352941,353506.5882352941,353506.5882352941,11782.411764705883,11782.411764705883,11782.411764705883,66767,66767.0,66767.0
US-NY,2020-03-15,3,Restrict_Mass_Gatherings_and_Schools_and_Others-Authorize_Schools_but_Restrict_Mass_Gatherings_and_Others-Authorize_Schools_but_Restrict_Mass_Gatherings_and_Others,23813078221.415607,23794046884.45251,23832109558.378704,0,68735051990.1733,68518329333.186195,69093508567.92842,1405024843.0756724,1405024843.0756724,1405024843.0756724,119630597173.06645,119618437283.13246,119642757063.00046,165381,162715.0,168047.0,11669,11615.0,11723.0,371950.82352941175,371950.82352941175,371950.82352941175,12528.176470588236,12528.176470588236,12528.176470588236,70993,70993.0,70993.0
US-NY,2020-03-15,3,Restrict_Mass_Gatherings_and_Schools_and_Others-Authorize_Schools_but_Restrict_Mass_Gatherings_and_Others-Restrict_Mass_Gatherings_and_Schools_and_Others,31952410526.31579,31936327404.718693,31968493647.912888,0,65107261968.17493,64772701182.21154,65441822754.13831,1292932760.8261898,1292932760.8261898,1292932760.8261898,119513563933.82545,119503287777.77846,119523840089.87245,139722,137469.0,141975.0,11047,10996.0,11098.0,344482.76470588235,344482.76470588235,344482.76470588235,11419.235294117649,11419.235294117649,11419.235294117649,64709,64709.0,64709.0
US-NY,2020-03-15,3,Restrict_Mass_Gatherings_and_Schools_and_Others-Authorize_Schools_but_Restrict_Mass_Gatherings_and_Others-Lockdown,36313022081.06473,36296489231.699936,36329554930.42952,0,65767845948.0057,65426442210.68774,66109249685.32366,1311362674.1058233,1311362674.1058233,1311362674.1058233,119531525541.68745,119520962036.40346,119542089046.97145,143660,141344.0,145976.0,11149,11097.0,11201.0,349006.82352941175,349006.82352941175,349006.82352941175,11601.176470588236,11601.176470588236,11601.176470588236,65740,65740.0,65740.0
US-NY,2020-03-15,3,Restrict_Mass_Gatherings_and_Schools_and_Others-Restrict_Mass_Gatherings_and_Schools_and_Others-No_Measure,27037226981.24622,27023485299.455536,27050968663.036903,0,57048781739.55561,56896261033.88768,57343036365.99154,1041725461.1661247,1041725461.1661247,1041725461.1661247,119420800302.36346,119412020186.78845,119429580417.93846,119384,117459.0,121309.0,9684,9639.0,9729.0,278567.82352941175,278567.82352941175,278567.82352941175,9150.176470588236,9150.176470588236,9150.176470588236,51851,51851.0,51851.0
US-NY,2020-03-15,3,Restrict_Mass_Gatherings_and_Schools_and_Others-Restrict_Mass_Gatherings_and_Schools_and_Others-Restrict_Mass_Gatherings,29892965880.217785,29880266424.682396,29905665335.753178,0,55970342828.56159,55684178724.15625,56256506932.96695,1008869367.9426545,1008869367.9426545,1008869367.9426545,119379741289.16545,119371627094.04446,119387855484.28645,110382,108603.0,112161.0,9500,9456.0,9544.0,270584.23529411765,270584.23529411765,270584.23529411765,8821.764705882353,8821.764705882353,8821.764705882353,49990,49990.0,49990.0
US-NY,2020-03-15,3,Restrict_Mass_Gatherings_and_Schools_and_Others-Restrict_Mass_Gatherings_and_Schools_and_Others-Restrict_Mass_Gatherings_and_Schools,38755136358.13672,38743928856.62432,38766343859.649124,0,54372091876.296814,54094965245.158035,54649218507.43559,957569005.8010641,957569005.8010641,957569005.8010641,119320428757.76945,119313267832.33946,119327589683.19946,97378,95808.0,98948.0,9214,9171.0,9257.0,258073.76470588235,258073.76470588235,258073.76470588235,8311.235294117647,8311.235294117647,8311.235294117647,47097,47097.0,47097.0
US-NY,2020-03-15,3,Restrict_Mass_Gatherings_and_Schools_and_Others-Restrict_Mass_Gatherings_and_Schools_and_Others-Authorize_Schools_but_Restrict_Mass_Gatherings_and_Others,31685764791.288567,31673986206.896553,31697543375.68058,0,55018793551.12853,54740464442.22975,55297122660.0273,979229856.562223,979229856.562223,979229856.562223,119343193202.87846,119335667389.52846,119350719016.22845,102369,100719.0,104019.0,9335,9292.0,9378.0,263379.35294117645,263379.35294117645,263379.35294117645,8525.64705882353,8525.64705882353,8525.64705882353,48312,48312.0,48312.0
US-NY,2020-03-15,3,Restrict_Mass_Gatherings_and_Schools_and_Others-Restrict_Mass_Gatherings_and_Schools_and_Others-Restrict_Mass_Gatherings_and_Schools_and_Others,39958780459.77011,39947794252.873566,39969766666.666664,0,54059908753.953156,53783248082.94638,54336569424.95993,948784242.9426545,948784242.9426545,948784242.9426545,119311575664.61046,119304556133.24945,119318595195.97145,95437,93898.0,96976.0,9166,9123.0,9209.0,255912.23529411765,255912.23529411765,255912.23529411765,8224.764705882353,8224.764705882353,8224.764705882353,46607,46607.0,46607.0
US-NY,2020-03-15,3,Restrict_Mass_Gatherings_and_Schools_and_Others-Restrict_Mass_Gatherings_and_Schools_and_Others-Lockdown,44298597459.16515,44287497035.69268,44309697882.63763,0,54228611503.33614,53951710336.77737,54505512669.89491,953594554.05705,953594554.05705,953594554.05705,119316250791.08546,119309158282.14046,119323343300.03046,96462,94907.0,98017.0,9192,9149.0,9235.0,257096.9411764706,257096.9411764706,257096.9411764706,8272.058823529413,8272.058823529413,8272.058823529413,46875,46875.0,46875.0
US-NY,2020-03-15,3,Restrict_Mass_Gatherings_and_Schools_and_Others-Lockdown-No_Measure,31442311615.24501,31427399213.55112,31457224016.9389,0,58928914779.67226,58626299073.70975,59231530485.634766,1099224796.1129174,1099224796.1129174,1099224796.1129174,119467177556.99545,119457649421.18446,119476705692.80646,129552,127463.0,131641.0,10001,9955.0,10047.0,293093.5882352941,293093.5882352941,293093.5882352941,9697.411764705883,9697.411764705883,9697.411764705883,54952,54952.0,54952.0
US-NY,2020-03-15,3,Restrict_Mass_Gatherings_and_Schools_and_Others-Lockdown-Restrict_Mass_Gatherings,34299927949.183304,34286022081.06473,34313833817.301876,0,57966453016.567184,57665956677.656685,58266949355.47769,1069991013.6712977,1069991013.6712977,1069991013.6712977,119427318112.83446,119418433091.98245,119436203133.68646,120813,118865.0,122761.0,9836,9790.0,9882.0,286019.23529411765,286019.23529411765,286019.23529411765,9403.764705882353,9403.764705882353,9403.764705882353,53288,53288.0,53288.0
US-NY,2020-03-15,3,Restrict_Mass_Gatherings_and_Schools_and_Others-Lockdown-Restrict_Mass_Gatherings_and_Schools,43128140411.37326,43116283303.0853,43139997519.661224,0,55665827717.81075,55381437268.1014,55950218167.5201,999491206.3257463,999491206.3257463,999491206.3257463,119346308433.49545,119338732448.05646,119353884418.93446,103052,101391.0,104713.0,9443,9399.0,9487.0,268820.5294117647,268820.5294117647,268820.5294117647,8702.470588235296,8702.470588235296,8702.470588235296,49314,49314.0,49314.0
US-NY,2020-03-15,3,Restrict_Mass_Gatherings_and_Schools_and_Others-Lockdown-Authorize_Schools_but_Restrict_Mass_Gatherings_and_Others,36066913914.09558,36054350090.7441,36079477737.44707,0,56471183734.540306,56321143139.25237,56762958250.59622,1025523649.793083,1025523649.793083,1025523649.793083,119374277092.56346,119366249558.32346,119382304626.80345,109184,107424.0,110944.0,9588,9543.0,9633.0,275190.5294117647,275190.5294117647,275190.5294117647,8960.470588235296,8960.470588235296,8960.470588235296,50776,50776.0,50776.0
US-NY,2020-03-15,3,Restrict_Mass_Gatherings_and_Schools_and_Others-Lockdown-Restrict_Mass_Gatherings_and_Schools_and_Others,44324367574.10768,44312853115.54749,44335882032.66788,0,55161147412.001816,55025108369.835045,55438920374.93659,985325107.5598581,985325107.5598581,985325107.5598581,119332716358.47546,119325359305.78845,119340073411.16246,100072,98459.0,101685.0,9365,9322.0,9408.0,265330.76470588235,265330.76470588235,265330.76470588235,8563.235294117647,8563.235294117647,8563.235294117647,48525,48525.0,48525.0
US-NY,2020-03-15,3,Restrict_Mass_Gatherings_and_Schools_and_Others-Lockdown-Lockdown,48667382637.628555,48655696854.204475,48679068421.052635,0,55413232038.382286,55129202332.00093,55697261744.76363,992457546.0390186,992457546.0390186,992457546.0390186,119339434857.30246,119331968338.23946,119346901376.36546,101545,99908.0,103182.0,9404,9360.0,9448.0,267088.70588235295,267088.70588235295,267088.70588235295,8633.29411764706,8633.29411764706,8633.29411764706,48922,48922.0,48922.0
US-NY,2020-03-15,3,Lockdown-No_Measure-No_Measure,22663000725.952812,22578551845.130066,22747449606.77556,0,172019223778.7566,171193077284.8754,172845370272.63782,4542945961.831215,4542945961.831215,4542945961.831215,122223048305.98346,122169090504.81346,122277006107.15346,733764,721934.0,745594.0,29180,29046.0,29314.0,1160340.7647058824,1160340.7647058824,1160340.7647058824,42607.23529411765,42607.23529411765,42607.23529411765,241441,241441.0,241441.0
US-NY,2020-03-15,3,Lockdown-No_Measure-Restrict_Mass_Gatherings,24754230973.98669,24683145432.546883,24825316515.4265,0,157028604740.126,156437186147.90112,157761757253.11887,4089254194.0215783,4089254194.0215783,4089254194.0215783,121693513834.28146,121648094410.43945,121738933258.12346,617666,607708.0,627624.0,26645,26522.0,26768.0,1049767.1176470588,1049767.1176470588,1049767.1176470588,38088.88235294118,38088.88235294118,38088.88235294118,215837,215837.0,215837.0
US-NY,2020-03-15,3,Lockdown-No_Measure-Restrict_Mass_Gatherings_and_Schools,32147112280.701756,32101211494.252872,32193013067.150635,0,127006549660.7272,126326196499.02817,127545168901.65825,3170391473.322495,3170391473.322495,3170391473.322495,120695413101.21046,120666085234.64046,120724740967.78046,398837,392407.0,405267.0,21534,21435.0,21633.0,825022.4705882353,825022.4705882353,825022.4705882353,28977.529411764706,28977.529411764706,28977.529411764706,164206,164206.0,164206.0
US-NY,2020-03-15,3,Lockdown-No_Measure-Authorize_Schools_but_Restrict_Mass_Gatherings_and_Others,25629271143.37568,25573904658.197216,25684637628.554146,0,138918464123.1131,138300953812.1243,139535974434.1019,3536273766.442507,3536273766.442507,3536273766.442507,121070572616.15846,121035196732.31445,121105948500.00246,481089,473333.0,488845.0,23561,23452.0,23670.0,914783.8235294118,914783.8235294118,914783.8235294118,32592.176470588238,32592.176470588238,32592.176470588238,184689,184689.0,184689.0
US-NY,2020-03-15,3,Lockdown-No_Measure-Restrict_Mass_Gatherings_and_Schools_and_Others,33095753599.51603,33054185904.416214,33137321294.61585,0,121199813728.56567,120552168367.34496,121705725169.01842,2992123071.1276975,2992123071.1276975,2992123071.1276975,120523628429.57346,120497069150.09645,120550187709.05046,361174,355351.0,366997.0,20549,20454.0,20644.0,781149.7647058824,781149.7647058824,781149.7647058824,27223.23529411765,27223.23529411765,27223.23529411765,154265,154265.0,154265.0
US-NY,2020-03-15,3,Lockdown-No_Measure-Lockdown,37562036902.60133,37518313369.630974,37605760435.571686,0,124122457392.09546,123458480677.09357,124644700186.32935,3081986858.6683416,3081986858.6683416,3081986858.6683416,120609107985.93246,120581171254.55746,120637044717.30746,379915,373790.0,386040.0,21045,20948.0,21142.0,803277.0,803277.0,803277.0,28107.000000000004,28107.000000000004,28107.000000000004,159273,159273.0,159273.0
US-NY,2020-03-15,3,Lockdown-Restrict_Mass_Gatherings-No_Measure,24059808469.449486,23999916152.450092,24119700786.448883,0,132438942477.87958,131841382531.23566,133036502424.5235,3313054736.882944,3313054736.882944,3313054736.882944,121249819245.75946,121211551625.14946,121288086866.36946,520388,511998.0,528778.0,22458,22354.0,22562.0,851391.8823529412,851391.8823529412,851391.8823529412,30815.117647058825,30815.117647058825,30815.117647058825,174619,174619.0,174619.0
US-NY,2020-03-15,3,Lockdown-Restrict_Mass_Gatherings-Restrict_Mass_Gatherings,26358912885.662434,26309028796.12825,26408796975.196613,0,121411143661.03104,120887721138.19829,121934566183.86375,2978987895.0266037,2978987895.0266037,2978987895.0266037,120853103976.93745,120821231017.12546,120884976936.74945,433410,426422.0,440398.0,20593,20498.0,20688.0,769998.1176470588,769998.1176470588,769998.1176470588,27486.88235294118,27486.88235294118,27486.88235294118,155759,155759.0,155759.0
US-NY,2020-03-15,3,Lockdown-Restrict_Mass_Gatherings-Restrict_Mass_Gatherings_and_Schools,34266632546.884453,34233638233.51482,34299626860.25408,0,101604202153.54135,101063048991.47125,102003621394.84343,2373622605.3059416,2373622605.3059416,2373622605.3059416,120183954264.84546,120162872865.26746,120205035664.42346,286702,282080.0,291324.0,17223,17143.0,17303.0,622022.3529411765,622022.3529411765,622022.3529411765,21479.64705882353,21479.64705882353,21479.64705882353,121718,121718.0,121718.0
US-NY,2020-03-15,3,Lockdown-Restrict_Mass_Gatherings-Authorize_Schools_but_Restrict_Mass_Gatherings_and_Others,27544679249.84876,27505510102.843315,27583848396.854206,0,109266417710.4604,108676886756.89885,109714214743.25394,2609459522.7978125,2609459522.7978125,2609459522.7978125,120428698276.08646,120403671525.87346,120453725026.29945,340361,334874.0,345848.0,18530,18444.0,18616.0,679864.7058823529,679864.7058823529,679864.7058823529,23810.29411764706,23810.29411764706,23810.29411764706,134925,134925.0,134925.0
US-NY,2020-03-15,3,Lockdown-Restrict_Mass_Gatherings-Restrict_Mass_Gatherings_and_Schools_and_Others,35311087295.825775,35280884150.03025,35341290441.62129,0,97802928128.00378,97427073997.10942,98320516179.66614,2259238881.7617497,2259238881.7617497,2259238881.7617497,120073388663.98645,120054090654.11746,120092686673.85545,262461,258230.0,266692.0,16592,16515.0,16669.0,593877.2352941176,593877.2352941176,593877.2352941176,20353.764705882353,20353.764705882353,20353.764705882353,115338,115338.0,115338.0
US-NY,2020-03-15,3,Lockdown-Restrict_Mass_Gatherings-Lockdown,39729421052.63158,39697833030.853,39761009074.410164,0,99710958652.15242,99184558591.80348,100095624791.73337,2316783914.388117,2316783914.388117,2316783914.388117,120128231318.36246,120108048455.28746,120148414181.43745,274485,270060.0,278910.0,16909,16831.0,16987.0,608046.2941176471,608046.2941176471,608046.2941176471,20919.705882352944,20919.705882352944,20919.705882352944,118545,118545.0,118545.0
US-NY,2020-03-15,3,Lockdown-Restrict_Mass_Gatherings_and_Schools-No_Measure,30656657350.272232,30634784875.983063,30678529824.561405,0,73291506193.87004,72903483288.78462,73679529098.95546,1486244064.1073012,1486244064.1073012,1486244064.1073012,119743101241.00046,119729126033.66446,119757076448.33646,190047,186983.0,193111.0,12427,12369.0,12485.0,392611.9411764706,392611.9411764706,392611.9411764706,13294.058823529413,13294.058823529413,13294.058823529413,75333,75333.0,75333.0
US-NY,2020-03-15,3,Lockdown-Restrict_Mass_Gatherings_and_Schools-Restrict_Mass_Gatherings,33400992256.503326,33381953781.004234,33420030732.00242,0,70121483814.4147,69898850126.33702,70485851423.26039,1392347958.3210168,1392347958.3210168,1392347958.3210168,119630861716.80846,119618697265.77545,119643026167.84146,165439,162772.0,168106.0,11904,11849.0,11959.0,369713.35294117645,369713.35294117645,369713.35294117645,12359.64705882353,12359.64705882353,12359.64705882353,70038,70038.0,70038.0
US-NY,2020-03-15,3,Lockdown-Restrict_Mass_Gatherings_and_Schools-Restrict_Mass_Gatherings_and_Schools,42120777495.46279,42105529582.57713,42136025408.34846,0,65788836881.51031,65450138719.15234,66127535043.86827,1258211732.8554537,1258211732.8554537,1258211732.8554537,119480573504.75845,119470830997.29446,119490316012.22246,132489,130353.0,134625.0,11157,11105.0,11209.0,336922.29411764705,336922.29411764705,336922.29411764705,11028.705882352942,11028.705882352942,11028.705882352942,62496,62496.0,62496.0
US-NY,2020-03-15,3,Lockdown-Restrict_Mass_Gatherings_and_Schools-Authorize_Schools_but_Restrict_Mass_Gatherings_and_Others,35092545311.55475,35076062431.941925,35109028191.16757,0,67329914064.22296,66982719543.59042,67677108584.8555,1304614604.1974578,1304614604.1974578,1304614604.1974578,119529623563.40446,119519091985.81346,119540155140.99545,143243,140934.0,145552.0,11415,11362.0,11468.0,348291.1176470588,348291.1176470588,348291.1176470588,11487.882352941177,11487.882352941177,11487.882352941177,65098,65098.0,65098.0
US-NY,2020-03-15,3,Lockdown-Restrict_Mass_Gatherings_and_Schools-Restrict_Mass_Gatherings_and_Schools_and_Others,43303384331.51845,43288700362.97641,43318068300.06049,0,64966573475.31513,64776692680.631744,65298188190.76652,1235128881.76175,1235128881.76175,1235128881.76175,119458278852.84645,119448896672.20346,119467661033.48946,127601,125544.0,129658.0,11030,10979.0,11081.0,331237.23529411765,331237.23529411765,331237.23529411765,10801.764705882353,10801.764705882353,10801.764705882353,61210,61210.0,61210.0
US-NY,2020-03-15,3,Lockdown-Restrict_Mass_Gatherings_and_Schools-Lockdown,47653173865.69873,47638211494.25288,47668136237.144585,0,65380322497.088005,65048121573.72862,65712523420.447395,1246737268.585575,1246737268.585575,1246737268.585575,119469325834.62445,119459765771.12045,119478885898.12846,130023,127927.0,132119.0,11094,11043.0,11145.0,334102.4117647059,334102.4117647059,334102.4117647059,10915.588235294119,10915.588235294119,10915.588235294119,61855,61855.0,61855.0
US-NY,2020-03-15,3,Lockdown-Authorize_Schools_but_Restrict_Mass_Gatherings_and_Others-No_Measure,24239762250.45372,24206796491.22807,24272728009.67937,0,90769311821.05292,90281282783.93802,91115606937.39983,2023523855.342891,2023523855.342891,2023523855.342891,120182759256.90746,120161696101.72546,120203822412.08946,286440,281822.0,291058.0,15386,15315.0,15457.0,527894.2941176471,527894.2941176471,527894.2941176471,18429.705882352944,18429.705882352944,18429.705882352944,104435,104435.0,104435.0
US-NY,2020-03-15,3,Lockdown-Authorize_Schools_but_Restrict_Mass_Gatherings_and_Others-Restrict_Mass_Gatherings,26871401088.92922,26843082516.636417,26899719661.22202,0,85829495291.64813,85374835417.77953,86142421244.74872,1874915435.6710021,1874915435.6710021,1874915435.6710021,119998513662.80246,119980419783.06946,120016607542.53546,246045,242078.0,250012.0,14555,14488.0,14622.0,491758.4117647059,491758.4117647059,491758.4117647059,16945.58823529412,16945.58823529412,16945.58823529412,96025,96025.0,96025.0
US-NY,2020-03-15,3,Lockdown-Authorize_Schools_but_Restrict_Mass_Gatherings_and_Others-Restrict_Mass_Gatherings_and_Schools,35356778221.41561,35336033635.813675,35377522807.01755,0,77124398006.92313,76721061995.05798,77527734018.78827,1609883492.5362105,1609883492.5362105,1609883492.5362105,119698452642.88947,119685198089.19547,119711707196.58347,180258,177352.0,183164.0,13078,13017.0,13139.0,427043.8823529412,427043.8823529412,427043.8823529412,14312.117647058825,14312.117647058825,14312.117647058825,81102,81102.0,81102.0
US-NY,2020-03-15,3,Lockdown-Authorize_Schools_but_Restrict_Mass_Gatherings_and_Others-Authorize_Schools_but_Restrict_Mass_Gatherings_and_Others,28410831941.923775,28387524621.89958,28434139261.947975,0,80288923315.12733,79868399184.07704,80567713525.40964,1704784873.115578,1704784873.115578,1704784873.115578,119800078489.70847,119785186501.47346,119814970477.94345,202539,199274.0,205804.0,13606,13543.0,13669.0,450279.0,450279.0,450279.0,15252.000000000002,15252.000000000002,15252.000000000002,86428,86428.0,86428.0
US-NY,2020-03-15,3,Lockdown-Authorize_Schools_but_Restrict_Mass_Gatherings_and_Others-Restrict_Mass_Gatherings_and_Schools_and_Others,36502164730.792496,36482583726.55778,36521745735.02722,0,75599017018.07304,75209923054.88106,75988110981.26505,1563332121.1942062,1563332121.1942062,1563332121.1942062,119652376420.79146,119639865326.23445,119664887515.34846,170156,167413.0,172899.0,12821,12762.0,12880.0,415609.0588235294,415609.0588235294,415609.0588235294,13852.94117647059,13852.94117647059,13852.94117647059,78500,78500.0,78500.0
US-NY,2020-03-15,3,Lockdown-Authorize_Schools_but_Restrict_Mass_Gatherings_and_Others-Lockdown,40870343133.69631,40850183908.045975,40890502359.34664,0,76292991910.65736,76038518359.38281,76689199382.69995,1586688585.057641,1586688585.057641,1586688585.057641,119675172793.59346,119662292250.01746,119688053337.16946,175154,172330.0,177978.0,12950,12890.0,13010.0,421344.5882352941,421344.5882352941,421344.5882352941,14083.411764705883,14083.411764705883,14083.411764705883,79806,79806.0,79806.0
US-NY,2020-03-15,3,Lockdown-Restrict_Mass_Gatherings_and_Schools_and_Others-No_Measure,31542943557.168785,31526410707.803993,31559476406.533577,0,65219352596.28611,64883844859.08673,65554860333.4855,1237833733.2618978,1237833733.2618978,1237833733.2618978,119531475369.59846,119520911864.31445,119542038874.88246,143649,141333.0,145965.0,11056,11005.0,11107.0,330230.64705882355,330230.64705882355,330230.64705882355,10911.352941176472,10911.352941176472,10911.352941176472,61831,61831.0,61831.0
US-NY,2020-03-15,3,Lockdown-Restrict_Mass_Gatherings_and_Schools_and_Others-Restrict_Mass_Gatherings,34381278705.38415,34366066485.17847,34396490925.589836,0,63809468169.6273,63482637162.366486,64136299176.8881,1196079109.5181792,1196079109.5181792,1196079109.5181792,119479296397.03845,119469576695.06946,119489016099.00746,132209,130078.0,134340.0,10822,10772.0,10872.0,320077.64705882355,320077.64705882355,320077.64705882355,10494.352941176472,10494.352941176472,10494.352941176472,59468,59468.0,59468.0
US-NY,2020-03-15,3,Lockdown-Restrict_Mass_Gatherings_and_Schools_and_Others-Restrict_Mass_Gatherings_and_Schools,43218928312.159706,43205607803.99274,43232248820.326675,0,61729177819.886444,61412226020.32421,62046129619.44868,1131712074.8965416,1131712074.8965416,1131712074.8965416,119404316490.57745,119395805479.84346,119412827501.31146,115770,113904.0,117636.0,10463,10414.0,10512.0,304391.76470588235,304391.76470588235,304391.76470588235,9853.235294117647,9853.235294117647,9853.235294117647,55835,55835.0,55835.0
US-NY,2020-03-15,3,Lockdown-Restrict_Mass_Gatherings_and_Schools_and_Others-Authorize_Schools_but_Restrict_Mass_Gatherings_and_Others,36157730369.02602,36143703145.795525,36171757592.2565,0,62540489960.62257,62222050094.83234,62858929826.412796,1157893113.4717708,1157893113.4717708,1157893113.4717708,119432303394.04146,119423340834.50645,119441265953.57646,121906,119941.0,123871.0,10609,10560.0,10658.0,310799.35294117645,310799.35294117645,310799.35294117645,10112.64705882353,10112.64705882353,10112.64705882353,57305,57305.0,57305.0
US-NY,2020-03-15,3,Lockdown-Restrict_Mass_Gatherings_and_Schools_and_Others-Restrict_Mass_Gatherings_and_Schools_and_Others,44416561766.485176,44403562492.43799,44429561040.532364,0,61268730616.39154,60958351210.68788,61579110022.0952,1118764303.9092522,1118764303.9092522,1118764303.9092522,119391622952.06046,119383317190.78146,119399928713.33946,112987,111166.0,114808.0,10392,10344.0,10440.0,301205.17647058825,301205.17647058825,301205.17647058825,9725.823529411766,9725.823529411766,9725.823529411766,55113,55113.0,55113.0
US-NY,2020-03-15,3,Lockdown-Restrict_Mass_Gatherings_and_Schools_and_Others-Lockdown,48758427525.71083,48745271203.87175,48771583847.54991,0,61483019255.56856,61172309168.480896,61793729342.656204,1124894287.9101388,1124894287.9101388,1124894287.9101388,119397607113.94846,119389201008.49146,119406013219.40546,114299,112456.0,116142.0,10425,10377.0,10473.0,302709.64705882355,302709.64705882355,302709.64705882355,9786.352941176472,9786.352941176472,9786.352941176472,55456,55456.0,55456.0
US-NY,2020-03-15,3,Lockdown-Lockdown-No_Measure,36011004355.71688,35992287114.33757,36029721597.09619,0,68747130983.93866,68389335768.95155,68963192278.15778,1345715271.0611885,1345715271.0611885,1345715271.0611885,119618090639.60846,119606131438.03046,119630049841.18646,162639,160017.0,165261.0,11654,11600.0,11708.0,357495.4705882353,357495.4705882353,357495.4705882353,11937.529411764706,11937.529411764706,11937.529411764706,67646,67646.0,67646.0
US-NY,2020-03-15,3,Lockdown-Lockdown-Restrict_Mass_Gatherings,38820456987.29582,38803524379.915306,38837389594.676346,0,66787063234.72602,66580655683.62548,67135204706.59456,1289010882.7963345,1289010882.7963345,1289010882.7963345,119547457460.49446,119536638533.66646,119558276387.32246,147153,144781.0,149525.0,11337,11284.0,11390.0,343703.5882352941,343703.5882352941,343703.5882352941,11371.411764705883,11371.411764705883,11371.411764705883,64438,64438.0,64438.0
US-NY,2020-03-15,3,Lockdown-Lockdown-Restrict_Mass_Gatherings_and_Schools,47615004113.732605,47600655656.38233,47629352571.08288,0,63961789780.80939,63636777521.160576,64286802040.4582,1200492468.5560155,1200492468.5560155,1200492468.5560155,119444937638.27145,119435769829.28146,119454105447.26146,124676,122666.0,126686.0,10843,10793.0,10893.0,322128.0588235294,322128.0588235294,322128.0588235294,10489.94117647059,10489.94117647059,10489.94117647059,59443,59443.0,59443.0
US-NY,2020-03-15,3,Lockdown-Lockdown-Authorize_Schools_but_Restrict_Mass_Gatherings_and_Others,40569232546.88445,40553927525.71083,40584537568.058075,0,65106279858.08489,64773357448.06951,65439202268.10028,1235981506.0597103,1235981506.0597103,1235981506.0597103,119482781076.67445,119473002080.41846,119492560072.93045,132973,130829.0,135117.0,11040,10989.0,11091.0,330812.35294117645,330812.35294117645,330812.35294117645,10841.64705882353,10841.64705882353,10841.64705882353,61436,61436.0,61436.0
US-NY,2020-03-15,3,Lockdown-Lockdown-Restrict_Mass_Gatherings_and_Schools_and_Others,48806327102.23836,48792399818.511795,48820254385.96491,0,63352447195.33923,63028321763.03842,63676572627.64004,1183521284.5477388,1183521284.5477388,1183521284.5477388,119428212088.23846,119419313384.08946,119437110792.38745,121009,119058.0,122960.0,10749,10699.0,10799.0,317950.0,317950.0,317950.0,10323.0,10323.0,10323.0,58497,58497.0,58497.0
US-NY,2020-03-15,3,Lockdown-Lockdown-Lockdown,53151776406.53358,53137642105.26316,53165910707.80399,0,63656825384.12031,63332264053.63151,63981386714.609116,1192076135.3827963,1192076135.3827963,1192076135.3827963,119436485921.82446,119427454945.80446,119445516897.84445,122823,120843.0,124803.0,10796,10746.0,10846.0,320048.4705882353,320048.4705882353,320048.4705882353,10407.529411764706,10407.529411764706,10407.529411764706,58976,58976.0,58976.0
ES,2020-03-15,3,actual,48567240905.5,48567240905.5,48567240905.5,0,4119659745536.16,,,730022203.7843137,,,19590325697.00924,,,236311,,,26847,,,795993.0588235294,,,26371.94117647059,,,149441,,
ES,2020-03-15,3,No_Measure-No_Measure-No_Measure,9335823486.629019,9170705015.37363,9500941957.884405,0,61962470111160.23,61030265563475.38,62894674658845.07,7381789957.647059,7381789957.647059,7381789957.647059,24887365458.609238,24788215645.80924,24986515271.40924,4288514,4212665.0,4364363.0,403918,397841.0,409995.0,7644548.823529412,7644548.823529412,7644548.823529412,275061.17647058825,275061.17647058825,275061.17647058825,1558680,1558680.0,1558680.0
ES,2020-03-15,3,No_Measure-No_Measure-Restrict_Mass_Gatherings,12893491962.23819,12740764614.641464,13046219309.834917,0,58146268860644.27,57271325255318.195,59021070732049.59,7031391709.156862,7031391709.156862,7031391709.156862,24466650981.80924,24374941751.40924,24558360212.20924,3966670,3896513.0,4036827.0,379041,373338.0,384744.0,7308311.411764706,7308311.411764706,7308311.411764706,261451.58823529413,261451.58823529413,261451.58823529413,1481559,1481559.0,1481559.0
ES,2020-03-15,3,No_Measure-No_Measure-Restrict_Mass_Gatherings_and_Schools,24009308403.541824,23891048494.611217,24127568312.472435,0,47149841487802.14,46440503060856.555,47859179914747.734,5977426386.588236,5977426386.588236,5977426386.588236,23296513516.209236,23225501183.409237,23367525849.00924,3071522,3017198.0,3125846.0,307358,302734.0,311982.0,6288392.294117647,6288392.294117647,6288392.294117647,220692.70588235295,220692.70588235295,220692.70588235295,1250592,1250592.0,1250592.0
ES,2020-03-15,3,No_Measure-No_Measure-Authorize_Schools_but_Restrict_Mass_Gatherings_and_Others,14395429773.74532,14263163454.129572,14527696093.361065,0,51668413138862.836,50891225047370.73,52445742964275.71,6415268173.843138,6415268173.843138,6415268173.843138,23772023202.609238,23692600345.00924,23851446060.209236,3435284,3374526.0,3496042.0,336814,331747.0,341881.0,6712932.588235294,6712932.588235294,6712932.588235294,237607.4117647059,237607.4117647059,237607.4117647059,1346442,1346442.0,1346442.0
ES,2020-03-15,3,No_Measure-No_Measure-Restrict_Mass_Gatherings_and_Schools_and_Others,25653047566.942394,25539509433.699707,25766585700.185085,0,45601618661636.44,44915608909972.09,46287628413300.78,5825542263.137255,5825542263.137255,5825542263.137255,23136137069.80924,23067960053.80924,23204314085.80924,2948835,2896680.0,3000990.0,297266,292794.0,301738.0,6140802.235294118,6140802.235294118,6140802.235294118,214831.76470588238,214831.76470588238,214831.76470588238,1217380,1217380.0,1217380.0
ES,2020-03-15,3,No_Measure-No_Measure-Lockdown,31735380939.10114,31623379723.16397,31847382155.03831,0,45094848459784.125,44416359171801.734,45773337747766.51,5775517970.137255,5775517970.137255,5775517970.137255,23084021620.209236,23016767487.409237,23151275753.00924,2908967,2857518.0,2960416.0,293962,289539.0,298385.0,6092127.235294118,6092127.235294118,6092127.235294118,212902.76470588238,212902.76470588238,212902.76470588238,1206449,1206449.0,1206449.0
ES,2020-03-15,3,No_Measure-Restrict_Mass_Gatherings-No_Measure,11694228422.544373,11562713146.087837,11825743699.000908,0,48884179094799.71,48148730232496.984,49619627957102.44,5785522195.803922,5785522195.803922,5785522195.803922,23746521037.80924,23667549164.209236,23825492911.40924,3415775,3355362.0,3476188.0,318664,313870.0,323458.0,6006443.235294118,6006443.235294118,6006443.235294118,215269.76470588238,215269.76470588238,215269.76470588238,1219862,1219862.0,1219862.0
ES,2020-03-15,3,No_Measure-Restrict_Mass_Gatherings-Restrict_Mass_Gatherings,15276718330.331345,15157156613.258102,15396280047.404587,0,45313034543496.99,44631305622164.72,45994763464829.26,5463026258.980392,5463026258.980392,5463026258.980392,23340711255.409237,23268917217.00924,23412505293.80924,3105333,3050411.0,3160255.0,295385,290941.0,299829.0,5697882.823529412,5697882.823529412,5697882.823529412,202725.17647058825,202725.17647058825,202725.17647058825,1148776,1148776.0,1148776.0
ES,2020-03-15,3,No_Measure-Restrict_Mass_Gatherings-Restrict_Mass_Gatherings_and_Schools,26764431751.646767,26672756593.61559,26856106909.677944,0,36719255854546.93,36166913075800.164,37271740367214.45,4664426074.725491,4664426074.725491,4664426074.725491,22393889301.80924,22338840495.409237,22448938108.20924,2381020,2338908.0,2423132.0,239364,235763.0,242965.0,4929524.529411765,4929524.529411765,4929524.529411765,171749.4705882353,171749.4705882353,171749.4705882353,973247,973247.0,973247.0
ES,2020-03-15,3,No_Measure-Restrict_Mass_Gatherings-Authorize_Schools_but_Restrict_Mass_Gatherings_and_Others,16981903659.278225,16879206670.768517,17084600647.787933,0,40177664277001.26,39573149499931.086,40782037320150.66,4990781768.921569,4990781768.921569,4990781768.921569,22768128897.00924,22706461737.00924,22829796057.00924,2667311,2620136.0,2714486.0,261908,257968.0,265848.0,5244402.294117647,5244402.294117647,5244402.294117647,184389.70588235295,184389.70588235295,184389.70588235295,1044875,1044875.0,1044875.0
ES,2020-03-15,3,No_Measure-Restrict_Mass_Gatherings-Restrict_Mass_Gatherings_and_Schools_and_Others,28468800778.89437,28380778520.634666,28556823037.154076,0,35549778526509.625,35014790788278.22,36084624530820.27,4552060990.156862,4552060990.156862,4552060990.156862,22269919682.609238,22217064357.80924,22322775007.409237,2286184,2245750.0,2326618.0,231740,228253.0,235227.0,4820765.411764706,4820765.411764706,4820765.411764706,167404.58823529413,167404.58823529413,167404.58823529413,948626,948626.0,948626.0
ES,2020-03-15,3,No_Measure-Restrict_Mass_Gatherings-Lockdown,34571660487.134895,34484809420.81622,34658511553.45357,0,35171007826695.523,34641852235062.09,35700021684408.195,4515390639.647059,4515390639.647059,4515390639.647059,22230129821.80924,22177977770.609238,22282281873.00924,2255745,2215849.0,2295641.0,229271,225822.0,232720.0,4785245.823529412,4785245.823529412,4785245.823529412,165987.17647058825,165987.17647058825,165987.17647058825,940594,940594.0,940594.0
ES,2020-03-15,3,No_Measure-Restrict_Mass_Gatherings_and_Schools-No_Measure,20587133444.451187,20529398906.406334,20644867982.49604,0,22072509774666.33,21740394229325.438,22404625320007.223,2691123659.2352943,2691123659.2352943,2691123659.2352943,21241576815.409237,21206908564.20924,21276245066.609238,1499508,1472987.0,1526029.0,143885,141720.0,146050.0,2860511.117647059,2860511.117647059,2860511.117647059,98748.88235294119,98748.88235294119,98748.88235294119,559577,559577.0,559577.0
ES,2020-03-15,3,No_Measure-Restrict_Mass_Gatherings_and_Schools-Restrict_Mass_Gatherings,24490340550.58883,24438886474.904346,24541794626.27331,0,20294407149900.6,19989152304460.305,20599661995340.9,2533956595.54902,2533956595.54902,2533956595.54902,21028350273.00924,20997453293.80924,21059247252.209236,1336391,1312755.0,1360027.0,132294,130304.0,134284.0,2710581.9411764704,2710581.9411764704,2710581.9411764704,92626.05882352941,92626.05882352941,92626.05882352941,524881,524881.0,524881.0
ES,2020-03-15,3,No_Measure-Restrict_Mass_Gatherings_and_Schools-Restrict_Mass_Gatherings_and_Schools,36966722832.81819,36925670160.654625,37007775504.98175,0,17233551592070.42,16974201049882.89,17492760400337.18,2257198606.509804,2257198606.509804,2257198606.509804,20675201042.609238,20650549865.00924,20699852220.20924,1066234,1047376.0,1085092.0,112341,110651.0,114031.0,2445551.588235294,2445551.588235294,2445551.588235294,81865.41176470589,81865.41176470589,81865.41176470589,463904,463904.0,463904.0
ES,2020-03-15,3,No_Measure-Restrict_Mass_Gatherings_and_Schools-Authorize_Schools_but_Restrict_Mass_Gatherings_and_Others,26776415312.92105,26731553001.544094,26821277624.29801,0,18393232726724.5,18116526767549.176,18669938685899.82,2364633207.4509807,2364633207.4509807,2364633207.4509807,20804578548.20924,20777639770.609238,20831517325.80924,1165207,1144599.0,1185815.0,119901,118097.0,121705.0,2548898.0588235296,2548898.0588235296,2548898.0588235296,86032.94117647059,86032.94117647059,86032.94117647059,487520,487520.0,487520.0
ES,2020-03-15,3,No_Measure-Restrict_Mass_Gatherings_and_Schools-Restrict_Mass_Gatherings_and_Schools_and_Others,38825719673.395836,38785583491.58018,38865855855.21149,0,16956215297189.95,16701008851184.408,17211280009274.723,2232027482.647059,2232027482.647059,2232027482.647059,20644081839.409237,20619980993.00924,20668182685.80924,1042428,1023991.0,1060865.0,110533,108870.0,112196.0,2421473.8235294116,2421473.8235294116,2421473.8235294116,80886.17647058824,80886.17647058824,80886.17647058824,458355,458355.0,458355.0
ES,2020-03-15,3,No_Measure-Restrict_Mass_Gatherings_and_Schools-Lockdown,44959835838.67976,44920320083.82172,44999351593.53781,0,16749343276945.275,16497348125333.514,17001338428557.037,2211112021.3137255,2211112021.3137255,2211112021.3137255,20623060756.20924,20599332461.80924,20646789050.609238,1026347,1008195.0,1044499.0,109185,107542.0,110828.0,2401000.8235294116,2401000.8235294116,2401000.8235294116,80082.17647058824,80082.17647058824,80082.17647058824,453799,453799.0,453799.0
ES,2020-03-15,3,No_Measure-Authorize_Schools_but_Restrict_Mass_Gatherings_and_Others-No_Measure,11802127814.528522,11715727374.105377,11888528254.951668,0,32107324961979.3,31624333240668.508,32590458417210.863,3811495593.9411764,3811495593.9411764,3811495593.9411764,22214805516.209236,22162924055.409237,22266686977.00924,2244022,2204333.0,2283711.0,209300,206151.0,212449.0,3991856.470588235,3991856.470588235,3991856.470588235,141096.52941176473,141096.52941176473,141096.52941176473,799547,799547.0,799547.0
ES,2020-03-15,3,No_Measure-Authorize_Schools_but_Restrict_Mass_Gatherings_and_Others-Restrict_Mass_Gatherings,15472981759.636055,15396971838.050365,15548991681.221748,0,29073163215502.3,28635768964273.402,29510557466731.203,3538162591.6862745,3538162591.6862745,3538162591.6862745,21862056289.00924,21816414093.80924,21907698484.209236,1974171,1939255.0,2009087.0,189521,186670.0,192372.0,3730213.1764705884,3730213.1764705884,3730213.1764705884,130466.82352941178,130466.82352941178,130466.82352941178,739312,739312.0,739312.0
ES,2020-03-15,3,No_Measure-Authorize_Schools_but_Restrict_Mass_Gatherings_and_Others-Restrict_Mass_Gatherings_and_Schools,27487050173.23122,27429618229.386745,27544482117.0757,0,23496206669332.75,23142768762419.305,23849644576246.195,3027218705.0,3027218705.0,3027218705.0,21231298301.80924,21196811751.409237,21265784852.209236,1491645,1465263.0,1518027.0,153166,150862.0,155470.0,3239754.0,3239754.0,3239754.0,110625.0,110625.0,110625.0,626875,626875.0,626875.0
ES,2020-03-15,3,No_Measure-Authorize_Schools_but_Restrict_Mass_Gatherings_and_Others-Authorize_Schools_but_Restrict_Mass_Gatherings_and_Others,17438696341.23533,17374942573.233307,17502450109.237347,0,25421735633977.6,25039289278627.965,25804181989327.242,3204858468.8235292,3204858468.8235292,3204858468.8235292,21445915705.00924,21407633045.80924,21484198364.20924,1655826,1626540.0,1685112.0,165718,163225.0,168211.0,3410407.411764706,3410407.411764706,3410407.411764706,117520.58823529413,117520.58823529413,117520.58823529413,665950,665950.0,665950.0
ES,2020-03-15,3,No_Measure-Authorize_Schools_but_Restrict_Mass_Gatherings_and_Others-Restrict_Mass_Gatherings_and_Schools_and_Others,29249558648.748646,29194749913.619682,29304367383.877613,0,22646738651218.066,22306039536608.066,22987579499748.836,2943746554.039216,2943746554.039216,2943746554.039216,21142240073.00924,21109328698.609238,21175151447.409237,1423516,1398339.0,1448693.0,147629,145408.0,149850.0,3158560.3529411764,3158560.3529411764,3158560.3529411764,107405.64705882354,107405.64705882354,107405.64705882354,608632,608632.0,608632.0
ES,2020-03-15,3,No_Measure-Authorize_Schools_but_Restrict_Mass_Gatherings_and_Others-Lockdown,35377152711.69924,35323079781.17263,35431225642.225845,0,22408544979194.18,22071375912723.18,22745714045665.18,2920436483.294118,2920436483.294118,2920436483.294118,21117302618.609238,21084833077.80924,21149772159.409237,1404439,1379600.0,1429278.0,146076,143878.0,148274.0,3135899.6470588236,3135899.6470588236,3135899.6470588236,106506.35294117648,106506.35294117648,106506.35294117648,603536,603536.0,603536.0
ES,2020-03-15,3,No_Measure-Restrict_Mass_Gatherings_and_Schools_and_Others-No_Measure,21966350853.30373,21918018504.83754,22014683201.76992,0,18822194877773.15,18539037636350.027,19105352119196.27,2328461540.470588,2328461540.470588,2328461540.470588,20922361189.80924,20893338735.409237,20951383644.20924,1255310,1233108.0,1277512.0,122697,120851.0,124543.0,2493202.2352941176,2493202.2352941176,2493202.2352941176,85063.76470588236,85063.76470588236,85063.76470588236,482028,482028.0,482028.0
ES,2020-03-15,3,No_Measure-Restrict_Mass_Gatherings_and_Schools_and_Others-Restrict_Mass_Gatherings,25951911474.551537,25908403217.797855,25995419731.30522,0,17468320708346.447,17205577721201.328,17731205429412.34,2209314527.098039,2209314527.098039,2209314527.098039,20758586023.409237,20732460324.209236,20784711722.609238,1130023,1110037.0,1150009.0,113872,112159.0,115585.0,2379637.882352941,2379637.882352941,2379637.882352941,80420.11764705883,80420.11764705883,80420.11764705883,455714,455714.0,455714.0
ES,2020-03-15,3,No_Measure-Restrict_Mass_Gatherings_and_Schools_and_Others-Restrict_Mass_Gatherings_and_Schools,38593037794.925026,38557018200.39654,38629057389.45352,0,15290579674537.107,15060529622779.89,15520771460215.092,2014327012.372549,2014327012.372549,2014327012.372549,20504361767.409237,20482732836.20924,20525990698.609238,935543,918997.0,952089.0,99676,98176.0,101176.0,2193305.3529411764,2193305.3529411764,2193305.3529411764,72830.64705882354,72830.64705882354,72830.64705882354,412707,412707.0,412707.0
ES,2020-03-15,3,No_Measure-Restrict_Mass_Gatherings_and_Schools_and_Others-Authorize_Schools_but_Restrict_Mass_Gatherings_and_Others,28345161184.171734,28306348579.86565,28383973788.47782,0,16133627746506.504,15890850164193.402,16376263594898.84,2091943800.9019608,2091943800.9019608,2091943800.9019608,20599170369.00924,20575864300.20924,20622476437.80924,1008071,990242.0,1025900.0,105171,103589.0,106753.0,2267854.117647059,2267854.117647059,2267854.117647059,75843.88235294117,75843.88235294117,75843.88235294117,429782,429782.0,429782.0
ES,2020-03-15,3,No_Measure-Restrict_Mass_Gatherings_and_Schools_and_Others-Restrict_Mass_Gatherings_and_Schools_and_Others,40454065717.437584,40418925605.33321,40489205829.54196,0,15014015275679.504,14788109231214.945,15240063054064.83,1988126195.019608,1988126195.019608,1988126195.019608,20474462181.80924,20453361359.409237,20495563004.20924,912670,896528.0,928812.0,97873,96400.0,99346.0,2167979.1764705884,2167979.1764705884,2167979.1764705884,71816.82352941176,71816.82352941176,71816.82352941176,406962,406962.0,406962.0
ES,2020-03-15,3,No_Measure-Restrict_Mass_Gatherings_and_Schools_and_Others-Lockdown,46608409978.4763,46573531098.77513,46643288858.17747,0,14931743824647.68,14706923901824.264,15156422013550.328,1980285189.392157,1980285189.392157,1980285189.392157,20465587601.00924,20444643642.609238,20486531559.409237,905881,889859.0,921903.0,97336,95871.0,98801.0,2160397.529411765,2160397.529411765,2160397.529411765,71513.4705882353,71513.4705882353,71513.4705882353,405243,405243.0,405243.0
ES,2020-03-15,3,No_Measure-Lockdown-No_Measure,28011632762.941326,27965490412.788666,28057775113.093987,0,18047493147483.492,17775999833241.453,18318986461725.54,2238949792.9607844,2238949792.9607844,2238949792.9607844,20847997196.20924,20820289785.00924,20875704607.409237,1198422,1177226.0,1219618.0,117647,115877.0,119417.0,2401612.6470588236,2401612.6470588236,2401612.6470588236,81705.35294117648,81705.35294117648,81705.35294117648,462997,462997.0,462997.0
ES,2020-03-15,3,No_Measure-Lockdown-Restrict_Mass_Gatherings,32010278950.65298,31968729936.92333,32051827964.38263,0,16757466269884.521,16505312831075.025,17009619708694.02,2125204929.392157,2125204929.392157,2125204929.392157,20692079609.00924,20667130389.80924,20717028828.20924,1079146,1060060.0,1098232.0,109238,107594.0,110882.0,2293138.529411765,2293138.529411765,2293138.529411765,77273.4705882353,77273.4705882353,77273.4705882353,437883,437883.0,437883.0
ES,2020-03-15,3,No_Measure-Lockdown-Restrict_Mass_Gatherings_and_Schools,44671089132.60792,44636680471.23252,44705497793.98332,0,14670587394719.45,14449898826584.588,14891275962854.309,1937162150.0980392,1937162150.0980392,1937162150.0980392,20449675055.409237,20429013452.20924,20470336658.609238,893708,877902.0,909514.0,95634,94195.0,97073.0,2113210.882352941,2113210.882352941,2113210.882352941,69959.11764705883,69959.11764705883,69959.11764705883,396435,396435.0,396435.0
ES,2020-03-15,3,No_Measure-Lockdown-Authorize_Schools_but_Restrict_Mass_Gatherings_and_Others,34420203995.34439,34383054570.672035,34457353420.01674,0,15505662927401.18,15272388688122.016,15739078900601.111,2014964598.2352943,2014964598.2352943,2014964598.2352943,20542677106.609238,20520369738.609238,20564984474.609238,964854,947789.0,981919.0,101078,99557.0,102599.0,2188115.117647059,2188115.117647059,2188115.117647059,72975.88235294117,72975.88235294117,72975.88235294117,413530,413530.0,413530.0
ES,2020-03-15,3,No_Measure-Lockdown-Restrict_Mass_Gatherings_and_Schools_and_Others,46542246341.55472,46508538653.794586,46575954029.31486,0,14454028099163.934,14236420954559.805,14671493509847.295,1917022460.8431373,1917022460.8431373,1917022460.8431373,20425857871.409237,20405617186.609238,20446098556.20924,875488,860004.0,890972.0,94222,92804.0,95640.0,2093811.5882352942,2093811.5882352942,2093811.5882352942,69178.41176470589,69178.41176470589,69178.41176470589,392011,392011.0,392011.0
ES,2020-03-15,3,No_Measure-Lockdown-Lockdown,52697568047.16876,52664104176.31829,52731031918.01924,0,14376372770853.195,14160135173901.47,14592610367804.92,1909622517.9803922,1909622517.9803922,1909622517.9803922,20417570223.409237,20397475945.00924,20437664501.80924,869148,853776.0,884520.0,93716,92306.0,95126.0,2086653.8235294118,2086653.8235294118,2086653.8235294118,68892.17647058824,68892.17647058824,68892.17647058824,390389,390389.0,390389.0
ES,2020-03-15,3,Restrict_Mass_Gatherings-No_Measure-No_Measure,11862070241.603163,11727585623.496874,11996554859.709454,0,48959631560915.29,48222948338443.35,49696314783387.23,5644317101.843138,5644317101.843138,5644317101.843138,23847306157.80924,23766551263.409237,23928061052.209236,3492875,3431098.0,3554652.0,319156,314354.0,323958.0,5801298.588235294,5801298.588235294,5801298.588235294,211231.4117647059,211231.4117647059,211231.4117647059,1196978,1196978.0,1196978.0
ES,2020-03-15,3,Restrict_Mass_Gatherings-No_Measure-Restrict_Mass_Gatherings,15303472882.292854,15183436593.020458,15423509171.565252,0,44567097519205.85,43896565914482.61,45237629123929.09,5241360691.862745,5241360691.862745,5241360691.862745,23356776743.40924,23284697735.40924,23428855751.409237,3117623,3062483.0,3172763.0,290522,286151.0,294893.0,5414492.764705882,5414492.764705882,5414492.764705882,195583.23529411765,195583.23529411765,195583.23529411765,1108305,1108305.0,1108305.0
ES,2020-03-15,3,Restrict_Mass_Gatherings-No_Measure-Restrict_Mass_Gatherings_and_Schools,26564012074.971703,26475883146.81402,26652141003.12938,0,34715584709173.39,34193175802836.81,35237851881589.21,4324290139.54902,4324290139.54902,4324290139.54902,22273541933.80924,22220622556.209236,22326461311.40924,2288955,2248472.0,2329438.0,226302,222897.0,229707.0,4531875.94117647,4531875.94117647,4531875.94117647,160018.05882352943,160018.05882352943,160018.05882352943,906769,906769.0,906769.0
ES,2020-03-15,3,Restrict_Mass_Gatherings-No_Measure-Authorize_Schools_but_Restrict_Mass_Gatherings_and_Others,16783356148.159454,16684170558.536152,16882541737.782759,0,38119244243662.805,37545713740751.195,38692774746574.414,4638200311.901961,4638200311.901961,4638200311.901961,22648905721.00924,22589347074.609238,22708464367.409237,2576106,2530544.0,2621668.0,248490,244751.0,252229.0,4833271.117647059,4833271.117647059,4833271.117647059,172206.88235294117,172206.88235294117,172206.88235294117,975839,975839.0,975839.0
ES,2020-03-15,3,Restrict_Mass_Gatherings-No_Measure-Restrict_Mass_Gatherings_and_Schools_and_Others,28223690768.841118,28140002791.537914,28307378746.144325,0,33282759610300.055,32781991266083.316,33783386220596.023,4185394965.078431,4185394965.078431,4185394965.078431,22122736805.80924,22072484116.209236,22172989495.409237,2173590,2135147.0,2212033.0,216962,213698.0,220226.0,4397198.705882353,4397198.705882353,4397198.705882353,154652.29411764708,154652.29411764708,154652.29411764708,876363,876363.0,876363.0
ES,2020-03-15,3,Restrict_Mass_Gatherings-No_Measure-Lockdown,34313401779.453693,34231117926.31771,34395685632.589676,0,32826488554323.89,32332615071186.66,33320503771381.887,4140943698.4509807,4140943698.4509807,4140943698.4509807,22075051457.00924,22025641911.40924,22124461002.609238,2137111,2099313.0,2174909.0,213988,210768.0,217208.0,4354055.05882353,4354055.05882353,4354055.05882353,152935.9411764706,152935.9411764706,152935.9411764706,866637,866637.0,866637.0
ES,2020-03-15,3,Restrict_Mass_Gatherings-Restrict_Mass_Gatherings-No_Measure,14346998738.137156,14243879423.908934,14450118052.36538,0,37245425015491.15,36685077766326.016,37805772264656.28,4275071246.9803925,4275071246.9803925,4275071246.9803925,22782436201.00924,22720515444.209236,22844356957.80924,2678256,2630887.0,2725625.0,242794,239141.0,246447.0,4409379.823529412,4409379.823529412,4409379.823529412,159669.17647058825,159669.17647058825,159669.17647058825,904792,904792.0,904792.0
ES,2020-03-15,3,Restrict_Mass_Gatherings-Restrict_Mass_Gatherings-Restrict_Mass_Gatherings,17870765778.620483,17780638422.578293,17960893134.662678,0,33402745263210.938,32900120610089.387,33905228182411.723,3927899970.2156863,3927899970.2156863,3927899970.2156863,22341364698.609238,22287245311.40924,22395484085.80924,2340839,2299438.0,2382240.0,217744,214468.0,221020.0,4076954.9411764704,4076954.9411764704,4076954.9411764704,146170.05882352943,146170.05882352943,146170.05882352943,828297,828297.0,828297.0
ES,2020-03-15,3,Restrict_Mass_Gatherings-Restrict_Mass_Gatherings-Restrict_Mass_Gatherings_and_Schools,29486524439.30321,29422019628.14198,29551029250.464443,0,25651034213342.258,25265057773252.133,26037010653432.387,3215058483.1764708,3215058483.1764708,3215058483.1764708,21471430941.80924,21432697298.609238,21510164585.00924,1675345,1645714.0,1704976.0,167213,164697.0,169729.0,3392326.588235294,3392326.588235294,3392326.588235294,118495.41176470589,118495.41176470589,118495.41176470589,671474,671474.0,671474.0
ES,2020-03-15,3,Restrict_Mass_Gatherings-Restrict_Mass_Gatherings-Authorize_Schools_but_Restrict_Mass_Gatherings_and_Others,19594500785.13157,19520909440.21221,19668092130.050926,0,28433732298979.906,28005996608686.47,28861609723194.11,3472547134.27451,3472547134.27451,3472547134.27451,21779920991.409237,21735731095.409237,21824110887.409237,1911338,1877533.0,1945143.0,185353,182564.0,188142.0,3639834.470588235,3639834.470588235,3639834.470588235,128487.52941176471,128487.52941176471,128487.52941176471,728096,728096.0,728096.0
ES,2020-03-15,3,Restrict_Mass_Gatherings-Restrict_Mass_Gatherings-Restrict_Mass_Gatherings_and_Schools_and_Others,31292121022.792496,31229477492.504093,31354764553.0809,0,25113692434964.785,24735850851699.344,25491534018230.23,3169922581.3333335,3169922581.3333335,3169922581.3333335,21408246122.609238,21370630135.409237,21445862109.80924,1627009,1598233.0,1655785.0,163710,161247.0,166173.0,3349897.0,3349897.0,3349897.0,116724.00000000001,116724.00000000001,116724.00000000001,661436,661436.0,661436.0
ES,2020-03-15,3,Restrict_Mass_Gatherings-Restrict_Mass_Gatherings-Lockdown,37396968274.23407,37335461104.89961,37458475443.568535,0,24745511351460.496,24373195024105.535,25117827678815.46,3134051835.901961,3134051835.901961,3134051835.901961,21369649735.409237,21332716106.609238,21406583364.20924,1597483,1569229.0,1625737.0,161310,158883.0,163737.0,3315085.117647059,3315085.117647059,3315085.117647059,115338.88235294119,115338.88235294119,115338.88235294119,653587,653587.0,653587.0
ES,2020-03-15,3,Restrict_Mass_Gatherings-Restrict_Mass_Gatherings_and_Schools-No_Measure,23784394811.91618,23745427645.104862,23823361978.727493,0,14783391124239.975,14560862434462.383,15005778080096.795,1774583150.2352943,1774583150.2352943,1774583150.2352943,20604446228.20924,20581047348.20924,20627845108.20924,1012107,994207.0,1030007.0,96369,94919.0,97819.0,1887494.1176470588,1887494.1176470588,1887494.1176470588,65091.88235294118,65091.88235294118,65091.88235294118,368854,368854.0,368854.0
ES,2020-03-15,3,Restrict_Mass_Gatherings-Restrict_Mass_Gatherings_and_Schools-Restrict_Mass_Gatherings,27776971700.126717,27742704539.636387,27811238860.617046,0,13474941247173.773,13272201229986.871,13677822998281.447,1660022838.5490198,1660022838.5490198,1660022838.5490198,20444884167.409237,20424307532.20924,20465460802.609238,890043,874302.0,905784.0,87840,86518.0,89162.0,1778394.9411764706,1778394.9411764706,1778394.9411764706,60625.05882352941,60625.05882352941,60625.05882352941,343542,343542.0,343542.0
ES,2020-03-15,3,Restrict_Mass_Gatherings-Restrict_Mass_Gatherings_and_Schools-Restrict_Mass_Gatherings_and_Schools,40418955733.557396,40392159819.79871,40445751647.316086,0,11300730554315.338,11130836834199.547,11470766008351.898,1464734933.4117646,1464734933.4117646,1464734933.4117646,20191174948.20924,20175084623.409237,20207265273.00924,695957,683648.0,708266.0,73667,72559.0,74775.0,1591611.705882353,1591611.705882353,1591611.705882353,53027.29411764706,53027.29411764706,53027.29411764706,300488,300488.0,300488.0
ES,2020-03-15,3,Restrict_Mass_Gatherings-Restrict_Mass_Gatherings_and_Schools-Authorize_Schools_but_Restrict_Mass_Gatherings_and_Others,30165325479.123528,30135838871.611835,30194812086.635216,0,12112777296885.941,11930463098994.07,12294949760857.049,1539584744.647059,1539584744.647059,1539584744.647059,20282528620.20924,20264822596.20924,20300234644.20924,765842,752297.0,779387.0,78960,77772.0,80148.0,1663547.8235294118,1663547.8235294118,1663547.8235294118,55932.17647058824,55932.17647058824,55932.17647058824,316949,316949.0,316949.0
ES,2020-03-15,3,Restrict_Mass_Gatherings-Restrict_Mass_Gatherings_and_Schools-Restrict_Mass_Gatherings_and_Schools_and_Others,42293600395.086975,42267444500.71614,42319756289.45781,0,11108110583374.455,10940837929843.008,11275241502985.137,1447311455.372549,1447311455.372549,1447311455.372549,20169451898.609238,20153745890.609238,20185157906.609238,679339,667324.0,691354.0,72411,71321.0,73501.0,1574936.3529411764,1574936.3529411764,1574936.3529411764,52349.64705882353,52349.64705882353,52349.64705882353,296648,296648.0,296648.0
ES,2020-03-15,3,Restrict_Mass_Gatherings-Restrict_Mass_Gatherings_and_Schools-Lockdown,48438816760.5704,48413083191.918076,48464550329.22272,0,10967535542522.158,10802553286484.275,11132659532480.809,1433151684.5686274,1433151684.5686274,1433151684.5686274,20155096228.20924,20139643817.00924,20170548639.409237,668357,656536.0,680178.0,71495,70419.0,72571.0,1561098.1176470588,1561098.1176470588,1561098.1176470588,51804.88235294118,51804.88235294118,51804.88235294118,293561,293561.0,293561.0
ES,2020-03-15,3,Restrict_Mass_Gatherings-Authorize_Schools_but_Restrict_Mass_Gatherings_and_Others-No_Measure,14588707897.852654,14528337089.472128,14649078706.233177,0,22104350476717.79,21771768388779.03,22436932564656.54,2579272276.6078434,2579272276.6078434,2579272276.6078434,21331070341.80924,21294819071.409237,21367321612.20924,1567970,1540238.0,1595702.0,144093,141925.0,146261.0,2698276.470588235,2698276.470588235,2698276.470588235,95544.52941176471,95544.52941176471,95544.52941176471,541419,541419.0,541419.0
ES,2020-03-15,3,Restrict_Mass_Gatherings-Authorize_Schools_but_Restrict_Mass_Gatherings_and_Others-Restrict_Mass_Gatherings,18474220862.546585,18420443995.410275,18527997729.68289,0,20298592719969.555,19993178891903.25,20604148281956.63,2425523258.1764708,2425523258.1764708,2425523258.1764708,21107218877.80924,21074927116.209236,21139510639.409237,1396725,1372022.0,1421428.0,132322,130331.0,134313.0,2552785.588235294,2552785.588235294,2552785.588235294,89530.41176470589,89530.41176470589,89530.41176470589,507339,507339.0,507339.0
ES,2020-03-15,3,Restrict_Mass_Gatherings-Authorize_Schools_but_Restrict_Mass_Gatherings_and_Others-Restrict_Mass_Gatherings_and_Schools,30695063431.02476,30656207287.98481,30733919574.064716,0,15881591588268.951,15642495585703.654,16120545856913.479,2024120455.392157,2024120455.392157,2024120455.392157,20600623975.409237,20577291762.609238,20623956188.20924,1009183,991334.0,1027032.0,103528,101970.0,105086.0,2168005.529411765,2168005.529411765,2168005.529411765,73931.4705882353,73931.4705882353,73931.4705882353,418945,418945.0,418945.0
ES,2020-03-15,3,Restrict_Mass_Gatherings-Authorize_Schools_but_Restrict_Mass_Gatherings_and_Others-Authorize_Schools_but_Restrict_Mass_Gatherings_and_Others,20566783368.331806,20523020409.984997,20610546326.67861,0,17359745666726.375,17098536102948.312,17620955230504.438,2159605711.3333335,2159605711.3333335,2159605711.3333335,20767247530.609238,20740968889.00924,20793526172.20924,1136649,1116546.0,1156752.0,113164,111461.0,114867.0,2298004.0,2298004.0,2298004.0,79194.0,79194.0,79194.0,448766,448766.0,448766.0
ES,2020-03-15,3,Restrict_Mass_Gatherings-Authorize_Schools_but_Restrict_Mass_Gatherings_and_Others-Restrict_Mass_Gatherings_and_Schools_and_Others,32489150550.216206,32452360320.098263,32525940780.334152,0,15214749599934.521,14985783191374.832,15443574274573.445,1958631702.0,1958631702.0,1958631702.0,20530527989.80924,20508436309.80924,20552619669.80924,955560,938660.0,972460.0,99181,97689.0,100673.0,2104290.0,2104290.0,2104290.0,71406.0,71406.0,71406.0,404634,404634.0,404634.0
ES,2020-03-15,3,Restrict_Mass_Gatherings-Authorize_Schools_but_Restrict_Mass_Gatherings_and_Others-Lockdown,38626989277.24579,38590751989.047966,38663226565.44362,0,15036112767390.553,14809897280591.9,15262469988109.97,1941203402.7254903,1941203402.7254903,1941203402.7254903,20511742218.609238,20489982567.409237,20533501869.80924,941189,924543.0,957835.0,98017,96542.0,99492.0,2087354.5294117648,2087354.5294117648,2087354.5294117648,70733.4705882353,70733.4705882353,70733.4705882353,400823,400823.0,400823.0
ES,2020-03-15,3,Restrict_Mass_Gatherings-Restrict_Mass_Gatherings_and_Schools_and_Others-No_Measure,25358809426.31639,25325791827.488056,25391827025.144726,0,12812210034708.021,12619444247219.244,13005117556117.566,1564479153.6078432,1564479153.6078432,1564479153.6078432,20402441997.80924,20382615695.409237,20422268300.20924,857575,842408.0,872742.0,83520,82263.0,84777.0,1677493.4705882352,1677493.4705882352,1677493.4705882352,57105.529411764706,57105.529411764706,57105.529411764706,323598,323598.0,323598.0
ES,2020-03-15,3,Restrict_Mass_Gatherings-Restrict_Mass_Gatherings_and_Schools_and_Others-Restrict_Mass_Gatherings,29417253888.058212,29387771634.41991,29446736141.696518,0,11834809743532.68,11656637450962.299,12012840302182.295,1479216832.4705882,1479216832.4705882,1479216832.4705882,20282431887.409237,20264728477.80924,20300135297.00924,765768,752225.0,779311.0,77148,75987.0,78309.0,1596358.2352941176,1596358.2352941176,1596358.2352941176,53779.76470588236,53779.76470588236,53779.76470588236,304752,304752.0,304752.0
ES,2020-03-15,3,Restrict_Mass_Gatherings-Restrict_Mass_Gatherings_and_Schools_and_Others-Restrict_Mass_Gatherings_and_Schools,42179282918.508064,42155149398.32536,42203416438.69076,0,10294620640104.713,10139625125191.889,10449474421096.768,1342208994.019608,1342208994.019608,1342208994.019608,20100806905.00924,20086315285.80924,20115298524.20924,626826,615740.0,637912.0,67108,66098.0,68118.0,1465586.1764705882,1465586.1764705882,1465586.1764705882,48443.82352941177,48443.82352941177,48443.82352941177,274515,274515.0,274515.0
ES,2020-03-15,3,Restrict_Mass_Gatherings-Restrict_Mass_Gatherings_and_Schools_and_Others-Authorize_Schools_but_Restrict_Mass_Gatherings_and_Others,31884697954.061832,31858598660.045025,31910797248.07864,0,10883366901450.543,10719469261164.008,11047264541737.078,1396098402.1176472,1396098402.1176472,1396098402.1176472,20167568223.409237,20151896202.609238,20183240244.20924,677898,665909.0,689887.0,70946,69878.0,72014.0,1517296.0588235294,1517296.0588235294,1517296.0588235294,50536.941176470595,50536.941176470595,50536.941176470595,286376,286376.0,286376.0
ES,2020-03-15,3,Restrict_Mass_Gatherings-Restrict_Mass_Gatherings_and_Schools_and_Others-Restrict_Mass_Gatherings_and_Schools_and_Others,44055725729.74637,44032199574.90112,44079251884.59161,0,10105084728001.697,9953147072596.47,10257164117327.691,1324364513.4705882,1324364513.4705882,1324364513.4705882,20080163602.609238,20066036692.20924,20094290513.00924,611034,600227.0,621841.0,65873,64882.0,66864.0,1448365.2352941176,1448365.2352941176,1448365.2352941176,47752.76470588236,47752.76470588236,47752.76470588236,270599,270599.0,270599.0
ES,2020-03-15,3,Restrict_Mass_Gatherings-Restrict_Mass_Gatherings_and_Schools_and_Others-Lockdown,50213805614.1509,50190475383.60806,50237135844.69375,0,10043378320369.352,9892219822714.79,10194395084103.146,1318439213.5882354,1318439213.5882354,1318439213.5882354,20073532177.00924,20059522914.609238,20087541439.409237,605961,595244.0,616678.0,65470,64485.0,66455.0,1442627.294117647,1442627.294117647,1442627.294117647,47523.705882352944,47523.705882352944,47523.705882352944,269301,269301.0,269301.0
ES,2020-03-15,3,Restrict_Mass_Gatherings-Lockdown-No_Measure,31455332071.84252,31423598865.663273,31487065278.021767,0,12349193915411.223,12163346040604.254,12534900056297.424,1509291223.0784316,1509291223.0784316,1509291223.0784316,20358846877.80924,20339791823.409237,20377901932.20924,824225,809648.0,838802.0,80501,79290.0,81712.0,1620476.705882353,1620476.705882353,1620476.705882353,55046.29411764706,55046.29411764706,55046.29411764706,311929,311929.0,311929.0
ES,2020-03-15,3,Restrict_Mass_Gatherings-Lockdown-Restrict_Mass_Gatherings,35515816323.26603,35487581454.35303,35544051192.17903,0,11376872509143.994,11205606370773.38,11547996913593.84,1424002493.137255,1424002493.137255,1424002493.137255,20240061613.80924,20223107229.80924,20257015997.80924,733355,720385.0,746325.0,74163,73047.0,75279.0,1539207.2352941176,1539207.2352941176,1539207.2352941176,51721.76470588236,51721.76470588236,51721.76470588236,293090,293090.0,293090.0
ES,2020-03-15,3,Restrict_Mass_Gatherings-Lockdown-Restrict_Mass_Gatherings_and_Schools,48282867546.66749,48259892156.805664,48305842936.529305,0,9848507539058.568,9700264560451.893,9996750517665.244,1286620303.627451,1286620303.627451,1286620303.627451,20061452341.80924,20047656153.00924,20075248530.609238,596720,586166.0,607274.0,64200,63234.0,65166.0,1407783.6470588236,1407783.6470588236,1407783.6470588236,46377.352941176476,46377.352941176476,46377.352941176476,262805,262805.0,262805.0
ES,2020-03-15,3,Restrict_Mass_Gatherings-Lockdown-Authorize_Schools_but_Restrict_Mass_Gatherings_and_Others,37963898714.31882,37939388584.088165,37988408844.54946,0,10300961243233.096,10145964823740.639,10455815928804.783,1327292839.7843137,1327292839.7843137,1327292839.7843137,20113571713.00924,20098853948.20924,20128289477.80924,636591,625332.0,647850.0,67149,66139.0,68159.0,1446675.0588235294,1446675.0588235294,1446675.0588235294,47959.941176470595,47959.941176470595,47959.941176470595,271773,271773.0,271773.0
ES,2020-03-15,3,Restrict_Mass_Gatherings-Lockdown-Restrict_Mass_Gatherings_and_Schools_and_Others,50165516804.41858,50143039933.05954,50187993675.777626,0,9695036359886.21,9549237365294.018,9840977088399.174,1272322356.5882354,1272322356.5882354,1272322356.5882354,20044535866.609238,20031039026.609238,20058032706.609238,583779,573454.0,594104.0,63200,62249.0,64151.0,1394030.294117647,1394030.294117647,1394030.294117647,45822.705882352944,45822.705882352944,45822.705882352944,259662,259662.0,259662.0
ES,2020-03-15,3,Restrict_Mass_Gatherings-Lockdown-Lockdown,56324965982.00326,56302661088.64299,56347270875.36352,0,9640850013319.453,9495676715447.822,9785881577270.318,1267162684.764706,1267162684.764706,1267162684.764706,20038726669.80924,20025333098.609238,20052120241.00924,579335,569089.0,589581.0,62846,61900.0,63792.0,1389039.8823529412,1389039.8823529412,1389039.8823529412,45623.117647058825,45623.117647058825,45623.117647058825,258531,258531.0,258531.0
ES,2020-03-15,3,Restrict_Mass_Gatherings_and_Schools-No_Measure-No_Measure,19900488426.50195,19854899018.269405,19946077834.734493,0,15559980237495.488,15325918708653.365,15794183500258.383,1668955082.4117646,1668955082.4117646,1668955082.4117646,20829262405.80924,20801887023.409237,20856637788.209236,1184090,1163148.0,1205032.0,101432,99906.0,102958.0,1701609.705882353,1701609.705882353,1701609.705882353,62744.29411764706,62744.29411764706,62744.29411764706,355551,355551.0,355551.0
ES,2020-03-15,3,Restrict_Mass_Gatherings_and_Schools-No_Measure-Restrict_Mass_Gatherings,23706375577.76251,23668788588.81479,23743962566.710224,0,13331227805182.41,13130627463288.607,13531828147076.213,1474894213.0392158,1474894213.0392158,1474894213.0392158,20557597487.409237,20535027372.20924,20580167602.609238,976268,959002.0,993534.0,86903,85595.0,88211.0,1517041.3529411764,1517041.3529411764,1517041.3529411764,55172.64705882353,55172.64705882353,55172.64705882353,312645,312645.0,312645.0
ES,2020-03-15,3,Restrict_Mass_Gatherings_and_Schools-No_Measure-Restrict_Mass_Gatherings_and_Schools,35937743635.15312,35914890153.74613,35960597116.56012,0,9002930855035.795,8867420660859.748,9138441049211.842,1082705538.1568627,1082705538.1568627,1082705538.1568627,20057322897.00924,20043599911.409237,20071045882.609238,593561,583063.0,604059.0,58688,57805.0,59571.0,1141247.4117647058,1141247.4117647058,1141247.4117647058,39928.58823529412,39928.58823529412,39928.58823529412,226262,226262.0,226262.0
ES,2020-03-15,3,Restrict_Mass_Gatherings_and_Schools-No_Measure-Authorize_Schools_but_Restrict_Mass_Gatherings_and_Others,25823957616.96462,25795940441.720955,25851974792.208286,0,10566258696717.72,10407407096224.566,10725252031131.645,1227495398.1176472,1227495398.1176472,1227495398.1176472,20232649789.80924,20215826125.80924,20249473453.80924,727685,714815.0,740555.0,68879,67843.0,69915.0,1280539.0588235294,1280539.0588235294,1280539.0588235294,45544.941176470595,45544.941176470595,45544.941176470595,258088,258088.0,258088.0
ES,2020-03-15,3,Restrict_Mass_Gatherings_and_Schools-No_Measure-Restrict_Mass_Gatherings_and_Schools_and_Others,37749842728.54551,37728735150.36659,37770950306.72442,0,8447503080445.655,8320280869482.221,8574583557488.322,1028964507.4509804,1028964507.4509804,1028964507.4509804,19998042684.20924,19985368073.00924,20010717295.409237,548212,538516.0,557908.0,55067,54238.0,55896.0,1089116.0588235294,1089116.0588235294,1089116.0588235294,37852.94117647059,37852.94117647059,37852.94117647059,214500,214500.0,214500.0
ES,2020-03-15,3,Restrict_Mass_Gatherings_and_Schools-No_Measure-Lockdown,43891761034.93848,43871134559.7688,43912387510.108154,0,8294341029880.352,8169562761101.129,8419261032580.343,1014242514.6666667,1014242514.6666667,1014242514.6666667,19981706605.80924,19969320885.80924,19994092325.80924,535715,526240.0,545190.0,54069,53255.0,54883.0,1074851.0,1074851.0,1074851.0,37284.0,37284.0,37284.0,211276,211276.0,211276.0
ES,2020-03-15,3,Restrict_Mass_Gatherings_and_Schools-Restrict_Mass_Gatherings-No_Measure,23280153142.567684,23250102708.452408,23310203576.682957,0,10446749935070.057,10289580889540.91,10604060714519.973,1134523880.8431373,1134523880.8431373,1134523880.8431373,20301660799.409237,20283616210.609238,20319705388.20924,780478,766674.0,794282.0,68100,67075.0,69125.0,1170879.5882352942,1170879.5882352942,1170879.5882352942,42358.41176470589,42358.41176470589,42358.41176470589,240031,240031.0,240031.0
ES,2020-03-15,3,Restrict_Mass_Gatherings_and_Schools-Restrict_Mass_Gatherings-Restrict_Mass_Gatherings,27254835611.158726,27229803016.12167,27279868206.19578,0,9078571441063.488,8941828784766.826,9215314097360.148,1016848318.9411764,1016848318.9411764,1016848318.9411764,20131353554.609238,20116322061.80924,20146385047.409237,650194,638695.0,661693.0,59181,58290.0,60072.0,1059227.4705882352,1059227.4705882352,1059227.4705882352,37761.529411764706,37761.529411764706,37761.529411764706,213982,213982.0,213982.0
ES,2020-03-15,3,Restrict_Mass_Gatherings_and_Schools-Restrict_Mass_Gatherings-Restrict_Mass_Gatherings_and_Schools,39817191654.21934,39801038783.95453,39833344524.48414,0,6510666138485.834,6412602495795.72,6608588047255.18,787150952.9215686,787150952.9215686,787150952.9215686,19829829573.80924,19820130149.80924,19839528997.80924,419530,412110.0,426950.0,42441,41802.0,43080.0,839694.2941176471,839694.2941176471,839694.2941176471,28821.705882352944,28821.705882352944,28821.705882352944,163323,163323.0,163323.0
ES,2020-03-15,3,Restrict_Mass_Gatherings_and_Schools-Restrict_Mass_Gatherings-Authorize_Schools_but_Restrict_Mass_Gatherings_and_Others,29599890119.324413,29580404358.982063,29619375879.666763,0,7515344887604.912,7402381429246.358,7628450079884.234,879932312.9215686,879932312.9215686,879932312.9215686,19942997799.409237,19931297052.20924,19954698546.609238,506103,497152.0,515054.0,48991,48254.0,49728.0,928902.2941176471,928902.2941176471,928902.2941176471,32421.705882352944,32421.705882352944,32421.705882352944,183723,183723.0,183723.0
ES,2020-03-15,3,Restrict_Mass_Gatherings_and_Schools-Restrict_Mass_Gatherings-Restrict_Mass_Gatherings_and_Schools_and_Others,41672126330.92715,41656961789.921135,41687290871.93316,0,6201730632510.537,6108566606526.965,6295036392414.878,757852688.9019608,757852688.9019608,757852688.9019608,19796271135.409237,19787165180.20924,19805377090.609238,393858,386892.0,400824.0,40428,39820.0,41036.0,811381.1176470588,811381.1176470588,811381.1176470588,27687.88235294118,27687.88235294118,27687.88235294118,156898,156898.0,156898.0
ES,2020-03-15,3,Restrict_Mass_Gatherings_and_Schools-Restrict_Mass_Gatherings-Lockdown,47823899629.730995,47809042036.79875,47838757222.663246,0,6104572865477.385,6012648474452.895,6196497256501.874,748514791.6862745,748514791.6862745,748514791.6862745,19785852751.409237,19776931111.409237,19794774391.409237,385888,379063.0,392713.0,39794,39195.0,40393.0,802342.1764705882,802342.1764705882,802342.1764705882,27326.823529411766,27326.823529411766,27326.823529411766,154852,154852.0,154852.0
ES,2020-03-15,3,Restrict_Mass_Gatherings_and_Schools-Restrict_Mass_Gatherings_and_Schools-No_Measure,35227509331.194534,35217218951.44498,35237799710.94409,0,4045231001788.045,3984305090475.0674,4106156913101.023,466656690.37254906,466656690.37254906,466656690.37254906,19630843668.20924,19624664533.80924,19637022802.609238,267307,262580.0,272034.0,26370,25973.0,26767.0,506576.35294117645,506576.35294117645,506576.35294117645,16904.64705882353,16904.64705882353,16904.64705882353,95793,95793.0,95793.0
ES,2020-03-15,3,Restrict_Mass_Gatherings_and_Schools-Restrict_Mass_Gatherings_and_Schools-Restrict_Mass_Gatherings,39412621031.376755,39403623752.02306,39421618310.73045,0,3691601840193.745,3636189891670.9834,3747155522637.2754,435886461.7647059,435886461.7647059,435886461.7647059,19586894297.00924,19581491639.409237,19592296954.609238,233686,229553.0,237819.0,24065,23703.0,24427.0,477309.8823529412,477309.8823529412,477309.8823529412,15704.117647058825,15704.117647058825,15704.117647058825,88990,88990.0,88990.0
ES,2020-03-15,3,Restrict_Mass_Gatherings_and_Schools-Restrict_Mass_Gatherings_and_Schools-Restrict_Mass_Gatherings_and_Schools,52372024204.06766,52364886028.6501,52379162379.485214,0,3156714831758.9717,3109142597397.8657,3204287066120.078,388023372.7058824,388023372.7058824,388023372.7058824,19523787909.80924,19519501601.00924,19528074218.609238,185410,182131.0,188689.0,20578,20268.0,20888.0,431547.35294117645,431547.35294117645,431547.35294117645,13841.64705882353,13841.64705882353,13841.64705882353,78436,78436.0,78436.0
ES,2020-03-15,3,Restrict_Mass_Gatherings_and_Schools-Restrict_Mass_Gatherings_and_Schools-Authorize_Schools_but_Restrict_Mass_Gatherings_and_Others,42000164517.81688,41992427684.80865,42007901350.82511,0,3335204556245.399,3285023024239.5566,3385244354330.474,404310553.0588236,404310553.0588236,404310553.0588236,19544147549.80924,19539501761.00924,19548793338.609238,200985,197431.0,204539.0,21741,21414.0,22068.0,447165.5294117647,447165.5294117647,447165.5294117647,14474.470588235296,14474.470588235296,14474.470588235296,82022,82022.0,82022.0
ES,2020-03-15,3,Restrict_Mass_Gatherings_and_Schools-Restrict_Mass_Gatherings_and_Schools-Restrict_Mass_Gatherings_and_Schools_and_Others,54273514848.899864,54266542120.671005,54280487577.12873,0,3106222665256.2837,3059417845850.155,3153027484662.4136,383334785.5882353,383334785.5882353,383334785.5882353,19518185250.609238,19513998289.00924,19522372212.20924,181124,177921.0,184327.0,20249,19944.0,20554.0,427040.29411764705,427040.29411764705,427040.29411764705,13659.705882352942,13659.705882352942,13659.705882352942,77405,77405.0,77405.0
ES,2020-03-15,3,Restrict_Mass_Gatherings_and_Schools-Restrict_Mass_Gatherings_and_Schools-Lockdown,60439758245.90455,60432835587.21963,60446680904.58946,0,3090415185686.755,3043917293569.6147,3136913077803.895,381857315.94117653,381857315.94117653,381857315.94117653,19516455825.00924,19512298929.00924,19520612721.00924,179801,176621.0,182981.0,20146,19843.0,20449.0,425612.4705882353,425612.4705882353,425612.4705882353,13602.529411764706,13602.529411764706,13602.529411764706,77081,77081.0,77081.0
ES,2020-03-15,3,Restrict_Mass_Gatherings_and_Schools-Authorize_Schools_but_Restrict_Mass_Gatherings_and_Others-No_Measure,25161665989.804108,25145362910.907463,25177969068.700752,0,5991427432701.8545,5901328742333.821,6081667856990.655,671042737.0,671042737.0,671042737.0,19834959026.609238,19825169405.80924,19844748647.409237,423454,415965.0,430943.0,39057,38469.0,39645.0,710508.0,710508.0,710508.0,24681.0,24681.0,24681.0,139859,139859.0,139859.0
ES,2020-03-15,3,Restrict_Mass_Gatherings_and_Schools-Authorize_Schools_but_Restrict_Mass_Gatherings_and_Others-Restrict_Mass_Gatherings,29272750957.7283,29259051495.116924,29286450420.339676,0,5278939712609.215,5199443787889.581,5358435637328.849,609181133.8431373,609181133.8431373,609181133.8431373,19746558319.409237,19738332109.80924,19754784529.00924,355828,349535.0,362121.0,34412,33894.0,34930.0,651669.5882352941,651669.5882352941,651669.5882352941,22267.411764705885,22267.411764705885,22267.411764705885,126182,126182.0,126182.0
ES,2020-03-15,3,Restrict_Mass_Gatherings_and_Schools-Authorize_Schools_but_Restrict_Mass_Gatherings_and_Others-Restrict_Mass_Gatherings_and_Schools,42120161622.2288,42110302275.94453,42130020968.51307,0,4177854808973.535,4114935687284.568,4240632196741.7344,511139903.3333334,511139903.3333334,511139903.3333334,19616203028.20924,19610282719.409237,19622123337.00924,256107,251578.0,260636.0,27234,26824.0,27644.0,558046.0,558046.0,558046.0,18450.0,18450.0,18450.0,104550,104550.0,104550.0
ES,2020-03-15,3,Restrict_Mass_Gatherings_and_Schools-Authorize_Schools_but_Restrict_Mass_Gatherings_and_Others-Authorize_Schools_but_Restrict_Mass_Gatherings_and_Others,31788971467.283554,31777792897.363102,31800150037.20401,0,4570310054577.259,4501558430733.0,4639061678421.518,546927980.2156863,546927980.2156863,546927980.2156863,19660983778.609238,19654271306.609238,19667696250.609238,290364,285229.0,295499.0,29793,29345.0,30241.0,592385.9411764706,592385.9411764706,592385.9411764706,19840.058823529413,19840.058823529413,19840.058823529413,112427,112427.0,112427.0
ES,2020-03-15,3,Restrict_Mass_Gatherings_and_Schools-Authorize_Schools_but_Restrict_Mass_Gatherings_and_Others-Restrict_Mass_Gatherings_and_Schools_and_Others,44008388191.788315,43998927224.91893,44017849158.6577,0,4054003904047.1577,3992926581387.4062,4115081226706.91,499494909.4509804,499494909.4509804,499494909.4509804,19602635599.409237,19596954508.20924,19608316690.609238,245728,241382.0,250074.0,26427,26029.0,26825.0,546812.0588235294,546812.0588235294,546812.0588235294,17998.94117647059,17998.94117647059,17998.94117647059,101994,101994.0,101994.0
ES,2020-03-15,3,Restrict_Mass_Gatherings_and_Schools-Authorize_Schools_but_Restrict_Mass_Gatherings_and_Others-Lockdown,50170517178.44251,50161180296.96465,50179854059.92038,0,4015022611540.5986,3954559200975.4487,4075486022105.7476,495792704.0392157,495792704.0392157,495792704.0392157,19598435565.80924,19592828985.00924,19604042146.609238,242515,238226.0,246804.0,26173,25779.0,26567.0,543235.3529411765,543235.3529411765,543235.3529411765,17855.64705882353,17855.64705882353,17855.64705882353,101182,101182.0,101182.0
ES,2020-03-15,3,Restrict_Mass_Gatherings_and_Schools-Restrict_Mass_Gatherings_and_Schools_and_Others-No_Measure,37026383534.1747,37018071989.87941,37034695078.469986,0,3412916302082.3203,3361506161569.673,3464326442594.968,401240735.39215684,401240735.39215684,401240735.39215684,19563622215.409237,19558631325.80924,19568613105.00924,215883,212065.0,219701.0,22248,21913.0,22583.0,441511.5294117647,441511.5294117647,441511.5294117647,14411.470588235296,14411.470588235296,14411.470588235296,81665,81665.0,81665.0
ES,2020-03-15,3,Restrict_Mass_Gatherings_and_Schools-Restrict_Mass_Gatherings_and_Schools_and_Others-Restrict_Mass_Gatherings,41248727382.62362,41241051503.8428,41256403261.40444,0,3246682258338.1597,3197728100846.0977,3295636415830.221,387337837.92156863,387337837.92156863,387337837.92156863,19542029885.80924,19537420698.609238,19546639073.00924,199365,195839.0,202891.0,21164,20845.0,21483.0,428400.29411764705,428400.29411764705,428400.29411764705,13866.705882352942,13866.705882352942,13866.705882352942,78578,78578.0,78578.0
ES,2020-03-15,3,Restrict_Mass_Gatherings_and_Schools-Restrict_Mass_Gatherings_and_Schools_and_Others-Restrict_Mass_Gatherings_and_Schools,54244962147.22963,54238494468.31363,54251429826.14563,0,2902575952546.5093,2858840416487.8403,2946311488605.178,356868364.5098039,356868364.5098039,356868364.5098039,19501040015.409237,19497156324.20924,19504923706.609238,168008,165037.0,170979.0,18921,18636.0,19206.0,399347.5882352941,399347.5882352941,399347.5882352941,12679.411764705883,12679.411764705883,12679.411764705883,71850,71850.0,71850.0
ES,2020-03-15,3,Restrict_Mass_Gatherings_and_Schools-Restrict_Mass_Gatherings_and_Schools_and_Others-Authorize_Schools_but_Restrict_Mass_Gatherings_and_Others,43862781604.1156,43855895953.35447,43869667254.876724,0,3026134099135.36,2980698450909.1875,3071711481282.3,368105679.9607843,368105679.9607843,368105679.9607843,19515202220.20924,19511067546.609238,19519336893.80924,178842,175679.0,182005.0,19727,19430.0,20024.0,410107.64705882355,410107.64705882355,410107.64705882355,13116.352941176472,13116.352941176472,13116.352941176472,74326,74326.0,74326.0
ES,2020-03-15,3,Restrict_Mass_Gatherings_and_Schools-Restrict_Mass_Gatherings_and_Schools_and_Others-Restrict_Mass_Gatherings_and_Schools_and_Others,56148137741.062515,56141805032.221504,56154470449.90353,0,2860371622850.4824,2817250025030.3364,2903493220670.6294,352880779.627451,352880779.627451,352880779.627451,19496449129.00924,19492646484.20924,19500251773.80924,164496,161587.0,167405.0,18646,18365.0,18927.0,395481.64705882355,395481.64705882355,395481.64705882355,12525.352941176472,12525.352941176472,12525.352941176472,70977,70977.0,70977.0
ES,2020-03-15,3,Restrict_Mass_Gatherings_and_Schools-Restrict_Mass_Gatherings_and_Schools_and_Others-Lockdown,62314990680.34133,62308699333.29749,62321282027.38517,0,2847787081123.5244,2804818986163.753,2890755176083.2964,351678796.11764705,351678796.11764705,351678796.11764705,19495085719.409237,19491307911.409237,19498863527.409237,163453,160563.0,166343.0,18564,18284.0,18844.0,394315.0588235294,394315.0588235294,394315.0588235294,12478.94117647059,12478.94117647059,12478.94117647059,70714,70714.0,70714.0
ES,2020-03-15,3,Restrict_Mass_Gatherings_and_Schools-Lockdown-No_Measure,43177064010.75848,43169079006.9672,43185049014.54976,0,3303188491687.064,3253466574140.2812,3352910409233.8467,389050388.5098039,389050388.5098039,389050388.5098039,19552547617.00924,19547752807.409237,19557342426.609238,207411,203743.0,211079.0,21533,21209.0,21857.0,429167.5882352941,429167.5882352941,429167.5882352941,13951.411764705883,13951.411764705883,13951.411764705883,79058,79058.0,79058.0
ES,2020-03-15,3,Restrict_Mass_Gatherings_and_Schools-Lockdown-Restrict_Mass_Gatherings,47395123647.79485,47387850502.3023,47402396793.2874,0,3110712156891.148,3063906615912.8267,3157517697869.4688,372442483.9019608,372442483.9019608,372442483.9019608,19528382717.80924,19524015362.609238,19532750073.00924,188925,185584.0,192266.0,20278,19973.0,20583.0,413398.1176470588,413398.1176470588,413398.1176470588,13302.882352941177,13302.882352941177,13302.882352941177,75383,75383.0,75383.0
ES,2020-03-15,3,Restrict_Mass_Gatherings_and_Schools-Lockdown-Restrict_Mass_Gatherings_and_Schools,60401981863.4645,60395727524.34445,60408236202.58456,0,2821396421877.2827,2778888626347.275,2863904217407.291,346931886.3333334,346931886.3333334,346931886.3333334,19493771983.409237,19490016397.80924,19497527569.00924,162448,159575.0,165321.0,18392,18115.0,18669.0,389065.0,389065.0,389065.0,12309.0,12309.0,12309.0,69751,69751.0,69751.0
ES,2020-03-15,3,Restrict_Mass_Gatherings_and_Schools-Lockdown-Authorize_Schools_but_Restrict_Mass_Gatherings_and_Others,50016884225.18136,50010264160.696815,50023504289.66589,0,2929748944468.48,2885552831854.495,2973945057082.465,356762592.5882353,356762592.5882353,356762592.5882353,19506182540.20924,19502207345.00924,19510157735.409237,171942,168901.0,174983.0,19098,18810.0,19386.0,398504.29411764705,398504.29411764705,398504.29411764705,12690.705882352942,12690.705882352942,12690.705882352942,71914,71914.0,71914.0
ES,2020-03-15,3,Restrict_Mass_Gatherings_and_Schools-Lockdown-Restrict_Mass_Gatherings_and_Schools_and_Others,62306703082.349686,62300557590.0643,62312848574.63506,0,2788246611913.1343,2746199288362.762,2830293935463.5063,343822677.07843137,343822677.07843137,343822677.07843137,19490109209.00924,19486418983.409237,19493799434.609238,159646,156823.0,162469.0,18176,17902.0,18450.0,386078.70588235295,386078.70588235295,386078.70588235295,12188.29411764706,12188.29411764706,12188.29411764706,69067,69067.0,69067.0
ES,2020-03-15,3,Restrict_Mass_Gatherings_and_Schools-Lockdown-Lockdown,68473812900.158325,68467702238.86004,68479923561.45661,0,2776889915290.5166,2734996078914.1675,2818783751666.8667,342748144.37254906,342748144.37254906,342748144.37254906,19488900049.00924,19485230738.609238,19492569359.409237,158721,155914.0,161528.0,18102,17829.0,18375.0,385043.35294117645,385043.35294117645,385043.35294117645,12146.64705882353,12146.64705882353,12146.64705882353,68831,68831.0,68831.0
ES,2020-03-15,3,Authorize_Schools_but_Restrict_Mass_Gatherings_and_Others-No_Measure-No_Measure,11460718832.907375,11380357214.87164,11541080450.943111,0,27973590857600.992,27552600329975.086,28394581385226.902,3076793317.882353,3076793317.882353,3076793317.882353,22009797340.20924,21961542052.209236,22058052628.20924,2087192,2050277.0,2124107.0,182353,179609.0,185097.0,3137419.9411764704,3137419.9411764704,3137419.9411764704,115663.05882352941,115663.05882352941,115663.05882352941,655424,655424.0,655424.0
ES,2020-03-15,3,Authorize_Schools_but_Restrict_Mass_Gatherings_and_Others-No_Measure-Restrict_Mass_Gatherings,15017819128.039577,14949859518.345966,15085778737.733189,0,24383811828266.855,24016849125767.867,24750774530765.844,2756812066.7254906,2756812066.7254906,2756812066.7254906,21588741684.209236,21547933514.609238,21629549853.80924,1765087,1733869.0,1796305.0,158952,156560.0,161344.0,2831786.529411765,2831786.529411765,2831786.529411765,103205.4705882353,103205.4705882353,103205.4705882353,584831,584831.0,584831.0
ES,2020-03-15,3,Authorize_Schools_but_Restrict_Mass_Gatherings_and_Others-No_Measure-Restrict_Mass_Gatherings_and_Schools,26806285061.290775,26760893754.29733,26851676368.284225,0,17705596519945.137,17439025591657.602,17972025714311.906,2153885752.2156863,2153885752.2156863,2153885752.2156863,20822514639.409237,20795258212.20924,20849771066.609238,1178928,1158077.0,1199779.0,115418,113681.0,117155.0,2254745.9411764704,2254745.9411764704,2254745.9411764704,79756.05882352941,79756.05882352941,79756.05882352941,451951,451951.0,451951.0
ES,2020-03-15,3,Authorize_Schools_but_Restrict_Mass_Gatherings_and_Others-No_Measure-Authorize_Schools_but_Restrict_Mass_Gatherings_and_Others,16831241749.380795,16778233340.897247,16884250157.864344,0,19982158743630.984,19681502270243.27,20282815217018.695,2359758582.4117646,2359758582.4117646,2359758582.4117646,21081153309.80924,21049322989.80924,21112983629.80924,1376785,1352435.0,1401135.0,130259,128299.0,132219.0,2451717.705882353,2451717.705882353,2451717.705882353,87764.29411764706,87764.29411764706,87764.29411764706,497331,497331.0,497331.0
ES,2020-03-15,3,Authorize_Schools_but_Restrict_Mass_Gatherings_and_Others-No_Measure-Restrict_Mass_Gatherings_and_Schools_and_Others,28553467902.48688,28510971921.295612,28595963883.678146,0,16792429233097.47,16539813309226.496,17045186890889.209,2066929208.7254903,2066929208.7254903,2066929208.7254903,20724253722.609238,20698735871.409237,20749771573.80924,1103759,1084238.0,1123280.0,109466,107819.0,111113.0,2170685.529411765,2170685.529411765,2170685.529411765,76391.4705882353,76391.4705882353,76391.4705882353,432885,432885.0,432885.0
ES,2020-03-15,3,Authorize_Schools_but_Restrict_Mass_Gatherings_and_Others-No_Measure-Lockdown,34671019756.47096,34629435911.75421,34712603601.187706,0,16501287228542.871,16252968793909.793,16749605663175.945,2038945994.9411764,2038945994.9411764,2038945994.9411764,20693286154.609238,20668316020.20924,20718256289.00924,1080069,1060967.0,1099171.0,107568,105949.0,109187.0,2143595.470588235,2143595.470588235,2143595.470588235,75309.52941176471,75309.52941176471,75309.52941176471,426754,426754.0,426754.0
ES,2020-03-15,3,Authorize_Schools_but_Restrict_Mass_Gatherings_and_Others-Restrict_Mass_Gatherings-No_Measure,14362630845.30953,14306259069.634726,14419002620.984335,0,19703762815526.85,19407240158531.777,20000285472521.92,2179592629.666667,2179592629.666667,2179592629.666667,21195316314.609238,21161466370.609238,21229166258.609238,1464119,1438224.0,1490014.0,128444,126511.0,130377.0,2239706.0,2239706.0,2239706.0,81579.0,81579.0,81579.0,462281,462281.0,462281.0
ES,2020-03-15,3,Authorize_Schools_but_Restrict_Mass_Gatherings_and_Others-Restrict_Mass_Gatherings-Restrict_Mass_Gatherings,18127748326.17666,18080099535.832188,18175397116.521133,0,17256619258866.953,16996934396844.236,17516445854810.44,1965866278.7254903,1965866278.7254903,1965866278.7254903,20899170154.609238,20870558161.00924,20927782148.20924,1237569,1215681.0,1259457.0,112492,110799.0,114185.0,2036366.5294117648,2036366.5294117648,2036366.5294117648,73241.4705882353,73241.4705882353,73241.4705882353,415035,415035.0,415035.0
ES,2020-03-15,3,Authorize_Schools_but_Restrict_Mass_Gatherings_and_Others-Restrict_Mass_Gatherings-Restrict_Mass_Gatherings_and_Schools,30231219175.895126,30200567907.252483,30261870444.53777,0,12218028643274.4,12034177612848.3,12401737939779.73,1506292270.2156863,1506292270.2156863,1506292270.2156863,20322096257.00924,20303690881.00924,20340501633.00924,796111,782031.0,810191.0,79646,78448.0,80844.0,1595432.9411764706,1595432.9411764706,1595432.9411764706,55390.05882352941,55390.05882352941,55390.05882352941,313877,313877.0,313877.0
ES,2020-03-15,3,Authorize_Schools_but_Restrict_Mass_Gatherings_and_Others-Restrict_Mass_Gatherings-Authorize_Schools_but_Restrict_Mass_Gatherings_and_Others,20169437998.374527,20132702191.673916,20206173805.075138,0,14076488021389.387,13864549533545.422,14288284775312.584,1679726738.627451,1679726738.627451,1679726738.627451,20528650850.609238,20506591850.609238,20550709850.609238,954124,937249.0,970999.0,91761,90380.0,93142.0,1762530.6470588236,1762530.6470588236,1762530.6470588236,62112.352941176476,62112.352941176476,62112.352941176476,351970,351970.0,351970.0
ES,2020-03-15,3,Authorize_Schools_but_Restrict_Mass_Gatherings_and_Others-Restrict_Mass_Gatherings-Restrict_Mass_Gatherings_and_Schools_and_Others,32038191583.374626,32009377649.301186,32067005517.448063,0,11638362469361.031,11463248182704.197,11813618489938.63,1450847408.4509804,1450847408.4509804,1450847408.4509804,20259737588.20924,20242435489.00924,20277039687.409237,748407,735171.0,761643.0,75868,74726.0,77010.0,1541777.0588235294,1541777.0588235294,1541777.0588235294,53245.941176470595,53245.941176470595,53245.941176470595,301727,301727.0,301727.0
ES,2020-03-15,3,Authorize_Schools_but_Restrict_Mass_Gatherings_and_Others-Restrict_Mass_Gatherings-Lockdown,38238395192.79586,38209030493.739,38267759891.85272,0,11856730320390.266,11678251503147.264,12035067403712.5,1476936788.745098,1476936788.745098,1476936788.745098,20278400482.609238,20260767661.80924,20296033303.409237,762684,749195.0,776173.0,77291,76128.0,78454.0,1568062.705882353,1568062.705882353,1568062.705882353,54233.29411764706,54233.29411764706,54233.29411764706,307322,307322.0,307322.0
ES,2020-03-15,3,Authorize_Schools_but_Restrict_Mass_Gatherings_and_Others-Restrict_Mass_Gatherings_and_Schools-No_Measure,25324846987.402397,25305657290.450344,25344036684.35445,0,7334890476812.392,7224393855376.83,7445245364327.187,862421843.8235295,862421843.8235295,862421843.8235295,19932945431.409237,19921422463.409237,19944468399.409237,498413,489598.0,507228.0,47814,47094.0,48534.0,923947.4117647059,923947.4117647059,923947.4117647059,31495.58823529412,31495.58823529412,31495.58823529412,178475,178475.0,178475.0
ES,2020-03-15,3,Authorize_Schools_but_Restrict_Mass_Gatherings_and_Others-Restrict_Mass_Gatherings_and_Schools-Restrict_Mass_Gatherings,29441176195.820915,29424498683.81301,29457853707.82882,0,6645590952988.39,6545531804486.11,6745650101490.67,802357306.1568627,802357306.1568627,802357306.1568627,19847693769.00924,19837679309.80924,19857708228.20924,433196,425535.0,440857.0,43321,42669.0,43973.0,866795.4117647059,866795.4117647059,866795.4117647059,29152.58823529412,29152.58823529412,29152.58823529412,165198,165198.0,165198.0
ES,2020-03-15,3,Authorize_Schools_but_Restrict_Mass_Gatherings_and_Others-Restrict_Mass_Gatherings_and_Schools-Restrict_Mass_Gatherings_and_Schools,42297429577.169876,42284435442.04716,42310423712.2926,0,5584872412718.193,5500776076720.218,5668827014795.401,707651429.7450981,707651429.7450981,707651429.7450981,19722648324.20924,19714845647.409237,19730451001.00924,337537,331568.0,343506.0,36406,35858.0,36954.0,776296.7058823529,776296.7058823529,776296.7058823529,25466.29411764706,25466.29411764706,25466.29411764706,144309,144309.0,144309.0
ES,2020-03-15,3,Authorize_Schools_but_Restrict_Mass_Gatherings_and_Others-Restrict_Mass_Gatherings_and_Schools-Authorize_Schools_but_Restrict_Mass_Gatherings_and_Others,31960026444.90176,31945821932.977524,31974230956.825996,0,5944024172947.522,5854697540694.659,6033492539121.154,740318751.3529413,740318751.3529413,740318751.3529413,19763698325.80924,19755168845.80924,19772227805.80924,368940,362415.0,375465.0,38748,38165.0,39331.0,807609.1764705882,807609.1764705882,807609.1764705882,26735.823529411766,26735.823529411766,26735.823529411766,151503,151503.0,151503.0
ES,2020-03-15,3,Authorize_Schools_but_Restrict_Mass_Gatherings_and_Others-Restrict_Mass_Gatherings_and_Schools-Restrict_Mass_Gatherings_and_Schools_and_Others,44189722664.47261,44177055069.85389,44202390259.091324,0,5485269030289.949,5402707513744.36,5567830546835.539,698502440.5490196,698502440.5490196,698502440.5490196,19711522745.00924,19703916148.20924,19719129341.80924,329026,323207.0,334845.0,35757,35219.0,36295.0,767511.9411764706,767511.9411764706,767511.9411764706,25111.058823529413,25111.058823529413,25111.058823529413,142296,142296.0,142296.0
ES,2020-03-15,3,Authorize_Schools_but_Restrict_Mass_Gatherings_and_Others-Restrict_Mass_Gatherings_and_Schools-Lockdown,50353094681.97873,50340529403.3846,50365659960.57285,0,5453960899092.984,5371859838840.678,5536061959345.291,695593639.7647059,695593639.7647059,695593639.7647059,19708069122.609238,19700523964.20924,19715614281.00924,326384,320612.0,332156.0,35553,35018.0,36088.0,764718.8823529412,764718.8823529412,764718.8823529412,24998.117647058825,24998.117647058825,24998.117647058825,141656,141656.0,141656.0
ES,2020-03-15,3,Authorize_Schools_but_Restrict_Mass_Gatherings_and_Others-Authorize_Schools_but_Restrict_Mass_Gatherings_and_Others-No_Measure,15588073750.4551,15557052402.574583,15619095098.335617,0,11236614887473.965,11067631439369.3,11405740069499.398,1278421122.3137255,1278421122.3137255,1278421122.3137255,20334659756.20924,20316032156.20924,20353287356.20924,805722,791472.0,819972.0,73249,72147.0,74351.0,1340374.8235294118,1340374.8235294118,1340374.8235294118,47295.17647058824,47295.17647058824,47295.17647058824,268006,268006.0,268006.0
ES,2020-03-15,3,Authorize_Schools_but_Restrict_Mass_Gatherings_and_Others-Authorize_Schools_but_Restrict_Mass_Gatherings_and_Others-Restrict_Mass_Gatherings,19585716370.35111,19559305774.38715,19612126966.31507,0,9969584456834.65,9819492385045.08,10119534794703.455,1168647863.764706,1168647863.764706,1168647863.764706,20178139549.80924,20162280599.409237,20193998500.20924,685985,673853.0,698117.0,64989,64011.0,65967.0,1236069.8823529412,1236069.8823529412,1236069.8823529412,43010.117647058825,43010.117647058825,43010.117647058825,243724,243724.0,243724.0
ES,2020-03-15,3,Authorize_Schools_but_Restrict_Mass_Gatherings_and_Others-Authorize_Schools_but_Restrict_Mass_Gatherings_and_Others-Restrict_Mass_Gatherings_and_Schools,32224950932.738064,32206061653.049694,32243840212.42643,0,7801810107588.123,7684411049618.217,7919209165558.031,975478785.4705882,975478785.4705882,975478785.4705882,19922779337.00924,19911436762.609238,19934121911.409237,490636,481959.0,499313.0,50858,50093.0,51623.0,1051603.2352941176,1051603.2352941176,1051603.2352941176,35488.76470588236,35488.76470588236,35488.76470588236,201103,201103.0,201103.0
ES,2020-03-15,3,Authorize_Schools_but_Restrict_Mass_Gatherings_and_Others-Authorize_Schools_but_Restrict_Mass_Gatherings_and_Others-Authorize_Schools_but_Restrict_Mass_Gatherings_and_Others,21962240675.356148,21940819618.293392,21983661732.418903,0,8552025094561.494,8423409829439.1455,8680782093604.611,1043488254.3333334,1043488254.3333334,1043488254.3333334,20008680677.80924,19995817829.80924,20021543525.80924,556350,546510.0,566190.0,55749,54910.0,56588.0,1116733.0,1116733.0,1116733.0,38133.0,38133.0,38133.0,216087,216087.0,216087.0
ES,2020-03-15,3,Authorize_Schools_but_Restrict_Mass_Gatherings_and_Others-Authorize_Schools_but_Restrict_Mass_Gatherings_and_Others-Restrict_Mass_Gatherings_and_Schools_and_Others,34088765334.218132,34070707644.346634,34106823024.089634,0,7543507419677.995,7429945446940.541,7656927658494.681,951164278.7843137,951164278.7843137,951164278.7843137,19894552967.409237,19883709743.409237,19905396191.409237,469043,460748.0,477338.0,49174,48434.0,49914.0,1028148.0588235294,1028148.0588235294,1028148.0588235294,34546.94117647059,34546.94117647059,34546.94117647059,195766,195766.0,195766.0
ES,2020-03-15,3,Authorize_Schools_but_Restrict_Mass_Gatherings_and_Others-Authorize_Schools_but_Restrict_Mass_Gatherings_and_Others-Lockdown,40243551513.4056,40225746348.19053,40261356678.620674,0,7463856559411.171,7351522421320.489,7576190697501.852,943608766.6078432,943608766.6078432,943608766.6078432,19885943748.20924,19875252159.409237,19896635337.00924,462457,454278.0,470636.0,48655,47923.0,49387.0,1020847.4705882353,1020847.4705882353,1020847.4705882353,34254.529411764706,34254.529411764706,34254.529411764706,194109,194109.0,194109.0
ES,2020-03-15,3,Authorize_Schools_but_Restrict_Mass_Gatherings_and_Others-Restrict_Mass_Gatherings_and_Schools_and_Others-No_Measure,27053595528.679047,27037625521.09649,27069565536.26161,0,6289893624950.974,6195205298775.245,6384440217205.934,752553870.2745099,752553870.2745099,752553870.2745099,19823615145.00924,19814025525.80924,19833204764.20924,414776,407440.0,422112.0,41002,40385.0,41619.0,814317.4705882353,814317.4705882353,814317.4705882353,27315.529411764706,27315.529411764706,27315.529411764706,154788,154788.0,154788.0
ES,2020-03-15,3,Authorize_Schools_but_Restrict_Mass_Gatherings_and_Others-Restrict_Mass_Gatherings_and_Schools_and_Others-Restrict_Mass_Gatherings,31228140378.151653,31213652864.45728,31242627891.846027,0,5896967783388.612,5808112351526.975,5985823215250.249,719397318.4705882,719397318.4705882,719397318.4705882,19773320625.00924,19764621209.00924,19782020041.00924,376301,369646.0,382956.0,38441,37862.0,39020.0,782980.2352941176,782980.2352941176,782980.2352941176,26017.764705882353,26017.764705882353,26017.764705882353,147434,147434.0,147434.0
ES,2020-03-15,3,Authorize_Schools_but_Restrict_Mass_Gatherings_and_Others-Restrict_Mass_Gatherings_and_Schools_and_Others-Restrict_Mass_Gatherings_and_Schools,44133144079.811935,44121477876.07217,44144810283.551704,0,5083050855773.634,5006474481494.35,5159627230052.918,646483375.7058824,646483375.7058824,646483375.7058824,19677548617.00924,19670543332.20924,19684553901.80924,303036,297677.0,308395.0,33135,32636.0,33634.0,713259.3529411765,713259.3529411765,713259.3529411765,23180.64705882353,23180.64705882353,23180.64705882353,131357,131357.0,131357.0
ES,2020-03-15,3,Authorize_Schools_but_Restrict_Mass_Gatherings_and_Others-Restrict_Mass_Gatherings_and_Schools_and_Others-Authorize_Schools_but_Restrict_Mass_Gatherings_and_Others,33783003690.950912,33770353511.825745,33795653870.076084,0,5378344491187.965,5297317051607.433,5459371930768.496,673680878.4509804,673680878.4509804,673680878.4509804,19710950191.409237,19703354052.20924,19718546330.609238,328588,322777.0,334399.0,35060,34532.0,35588.0,739409.0588235294,739409.0588235294,739409.0588235294,24235.94117647059,24235.94117647059,24235.94117647059,137337,137337.0,137337.0
ES,2020-03-15,3,Authorize_Schools_but_Restrict_Mass_Gatherings_and_Others-Restrict_Mass_Gatherings_and_Schools_and_Others-Restrict_Mass_Gatherings_and_Schools_and_Others,46028504470.91563,46017110384.26253,46039898557.56872,0,4998334981509.47,4923139892449.493,5073530070569.447,638547175.1960785,638547175.1960785,638547175.1960785,19668264882.609238,19661422997.80924,19675106767.409237,295934,290700.0,301168.0,32583,32093.0,33073.0,705603.7647058824,705603.7647058824,705603.7647058824,22873.235294117647,22873.235294117647,22873.235294117647,129615,129615.0,129615.0
ES,2020-03-15,3,Authorize_Schools_but_Restrict_Mass_Gatherings_and_Others-Restrict_Mass_Gatherings_and_Schools_and_Others-Lockdown,52193032441.80592,52181721078.74717,52204343804.86467,0,4972858960308.997,4897970876969.77,5047747043648.225,636146160.2156863,636146160.2156863,636146160.2156863,19665505383.409237,19658713172.20924,19672297594.609238,293823,288627.0,299019.0,32417,31929.0,32905.0,703295.9411764706,703295.9411764706,703295.9411764706,22780.058823529413,22780.058823529413,22780.058823529413,129087,129087.0,129087.0
ES,2020-03-15,3,Authorize_Schools_but_Restrict_Mass_Gatherings_and_Others-Lockdown-No_Measure,33159078445.635086,33144236091.259693,33173920800.01048,0,5919259612035.955,5830096520855.569,6008422703216.342,712723624.5882354,712723624.5882354,712723624.5882354,19785400460.20924,19776487970.609238,19794312949.80924,385542,378724.0,392360.0,38586,38005.0,39167.0,774257.2941176471,774257.2941176471,774257.2941176471,25806.705882352944,25806.705882352944,25806.705882352944,146238,146238.0,146238.0
ES,2020-03-15,3,Authorize_Schools_but_Restrict_Mass_Gatherings_and_Others-Lockdown-Restrict_Mass_Gatherings,37337626681.6868,37324192805.35201,37351060558.021576,0,5539075877826.096,5455745503181.144,5622406252471.046,680126240.137255,680126240.137255,680126240.137255,19737509881.00924,19729443149.80924,19745576612.20924,348906,342735.0,355077.0,36108,35565.0,36651.0,743355.2352941176,743355.2352941176,743355.2352941176,24532.764705882353,24532.764705882353,24532.764705882353,139019,139019.0,139019.0
ES,2020-03-15,3,Authorize_Schools_but_Restrict_Mass_Gatherings_and_Others-Lockdown-Restrict_Mass_Gatherings_and_Schools,50274701014.713806,50263522444.79335,50285879584.634254,0,4895525550210.976,4821865013935.4,4969186086486.55,623087867.0,623087867.0,623087867.0,19660995543.409237,19654283071.409237,19667708015.409237,290373,285238.0,295508.0,31913,31433.0,32393.0,688929.0,688929.0,688929.0,22311.0,22311.0,22311.0,126429,126429.0,126429.0
ES,2020-03-15,3,Authorize_Schools_but_Restrict_Mass_Gatherings_and_Others-Lockdown-Authorize_Schools_but_Restrict_Mass_Gatherings_and_Others,39918833105.41252,39906770699.19456,39930895511.63048,0,5160738340052.795,5083228923461.24,5238389490565.116,647559675.4901961,647559675.4901961,647559675.4901961,19690957874.609238,19683714679.409237,19698201069.80924,313294,307753.0,318835.0,33642,33136.0,34148.0,712455.4117647059,712455.4117647059,712455.4117647059,23260.58823529412,23260.58823529412,23260.58823529412,131810,131810.0,131810.0
ES,2020-03-15,3,Authorize_Schools_but_Restrict_Mass_Gatherings_and_Others-Lockdown-Restrict_Mass_Gatherings_and_Schools_and_Others,52171448114.491165,52160517715.35375,52182378513.62857,0,4818318109249.963,4745731993650.113,4890762490929.042,615791610.4117647,615791610.4117647,615791610.4117647,19652544495.409237,19645981044.20924,19659107946.609238,283908,278887.0,288929.0,31409,30936.0,31882.0,681894.7058823529,681894.7058823529,681894.7058823529,22028.29411764706,22028.29411764706,22028.29411764706,124827,124827.0,124827.0
ES,2020-03-15,3,Authorize_Schools_but_Restrict_Mass_Gatherings_and_Others-Lockdown-Lockdown,58336322218.31571,58325468011.96257,58347176424.66885,0,4794530358074.409,4722404636022.437,4866514346205.613,613542517.4313726,613542517.4313726,613542517.4313726,19649992841.00924,19643475141.80924,19656510540.20924,281956,276970.0,286942.0,31254,30784.0,31724.0,679727.8823529412,679727.8823529412,679727.8823529412,21941.117647058825,21941.117647058825,21941.117647058825,124333,124333.0,124333.0
ES,2020-03-15,3,Restrict_Mass_Gatherings_and_Schools_and_Others-No_Measure-No_Measure,21226168431.254456,21190928180.062187,21261408682.44672,0,12003638473648.33,11823139628649.377,12184279052568.049,1278388680.3137255,1278388680.3137255,1278388680.3137255,20477898810.609238,20456737857.00924,20499059764.20924,915299,899111.0,931487.0,78249,77072.0,79426.0,1305895.8235294118,1305895.8235294118,1305895.8235294118,48009.17647058824,48009.17647058824,48009.17647058824,272052,272052.0,272052.0
ES,2020-03-15,3,Restrict_Mass_Gatherings_and_Schools_and_Others-No_Measure-Restrict_Mass_Gatherings,25114953331.79852,25086248244.55975,25143658419.037292,0,10196661347654.621,10043330621350.953,10350133807879.059,1121279027.509804,1121279027.509804,1121279027.509804,20256012068.20924,20238775329.00924,20273248807.409237,745557,732371.0,758743.0,66470,65470.0,67470.0,1156511.5882352942,1156511.5882352942,1156511.5882352942,41878.41176470589,41878.41176470589,41878.41176470589,237311,237311.0,237311.0
ES,2020-03-15,3,Restrict_Mass_Gatherings_and_Schools_and_Others-No_Measure-Restrict_Mass_Gatherings_and_Schools,37575824940.08762,37557795550.39314,37593854329.78211,0,7118729075149.602,7011610117952.441,7225706298425.994,847331692.1568627,847331692.1568627,847331692.1568627,19893549037.80924,19882722807.409237,19904375268.20924,468275,459993.0,476557.0,46405,45707.0,47103.0,894965.4117647059,894965.4117647059,894965.4117647059,31210.58823529412,31210.58823529412,31210.58823529412,176860,176860.0,176860.0
ES,2020-03-15,3,Restrict_Mass_Gatherings_and_Schools_and_Others-No_Measure-Authorize_Schools_but_Restrict_Mass_Gatherings_and_Others,27344118615.09268,27323011036.91377,27365226193.27159,0,8008462324216.76,7887836464332.906,8128946450179.846,925546207.1176472,925546207.1176472,925546207.1176472,19998067521.00924,19985392909.80924,20010742132.20924,548231,538535.0,557927.0,52205,51419.0,52991.0,969370.0588235294,969370.0588235294,969370.0588235294,34261.94117647059,34261.94117647059,34261.94117647059,194151,194151.0,194151.0
ES,2020-03-15,3,Restrict_Mass_Gatherings_and_Schools_and_Others-No_Measure-Restrict_Mass_Gatherings_and_Schools_and_Others,39421995269.66794,39405110948.674164,39438879590.66171,0,6766654461209.72,6664753973811.217,6868554948608.224,814503318.9019608,814503318.9019608,814503318.9019608,19854727812.20924,19844589169.00924,19864866455.409237,438577,430821.0,446333.0,44110,43446.0,44774.0,863350.1176470588,863350.1176470588,863350.1176470588,29937.88235294118,29937.88235294118,29937.88235294118,169648,169648.0,169648.0
ES,2020-03-15,3,Restrict_Mass_Gatherings_and_Schools_and_Others-No_Measure-Lockdown,45569447349.135445,45552946168.9997,45585948529.27119,0,6645567036530.374,6545508311559.598,6745625761501.15,802990939.0588236,802990939.0588236,802990939.0588236,19841714636.20924,19831806060.20924,19851623212.20924,428622,421042.0,436202.0,43321,42669.0,43973.0,852219.5294117647,852219.5294117647,852219.5294117647,29492.470588235297,29492.470588235297,29492.470588235297,167124,167124.0,167124.0
ES,2020-03-15,3,Restrict_Mass_Gatherings_and_Schools_and_Others-Restrict_Mass_Gatherings-No_Measure,24796323815.736794,24773254817.597157,24819392813.87643,0,8047563211144.91,7926472429586.236,8168653992703.585,868378551.5686275,868378551.5686275,868378551.5686275,20064682433.00924,20050830034.609238,20078534831.409237,599191,588594.0,609788.0,52460,51671.0,53249.0,899373.1176470588,899373.1176470588,899373.1176470588,32355.88235294118,32355.88235294118,32355.88235294118,183350,183350.0,183350.0
ES,2020-03-15,3,Restrict_Mass_Gatherings_and_Schools_and_Others-Restrict_Mass_Gatherings-Restrict_Mass_Gatherings,28825264254.473377,28806250889.39349,28844277619.55327,0,6942000120505.375,6837486659626.983,7046371847462.999,773029345.9411764,773029345.9411764,773029345.9411764,19926955841.00924,19915538756.20924,19938372925.80924,493831,485097.0,502565.0,45253,44572.0,45934.0,808838.4705882353,808838.4705882353,808838.4705882353,28632.529411764706,28632.529411764706,28632.529411764706,162251,162251.0,162251.0
ES,2020-03-15,3,Restrict_Mass_Gatherings_and_Schools_and_Others-Restrict_Mass_Gatherings-Restrict_Mass_Gatherings_and_Schools,41505083447.63482,41492875186.6584,41517291708.61124,0,4976980962376.92,4902232458699.452,5051871199975.154,597118898.5686275,597118898.5686275,597118898.5686275,19695965757.80924,19688634980.20924,19703296535.409237,317125,311517.0,322733.0,32444,31956.0,32932.0,640674.1176470588,640674.1176470588,640674.1176470588,21786.88235294118,21786.88235294118,21786.88235294118,123459,123459.0,123459.0
ES,2020-03-15,3,Restrict_Mass_Gatherings_and_Schools_and_Others-Restrict_Mass_Gatherings-Authorize_Schools_but_Restrict_Mass_Gatherings_and_Others,31238635389.95039,31223962836.637077,31253307943.2637,0,5718124494640.214,5632029881574.551,5804219107705.875,665508816.3529412,665508816.3529412,665508816.3529412,19779622636.20924,19770812108.20924,19788433164.20924,381122,374382.0,387862.0,37275,36714.0,37836.0,706413.1764705882,706413.1764705882,706413.1764705882,24440.823529411766,24440.823529411766,24440.823529411766,138498,138498.0,138498.0
ES,2020-03-15,3,Restrict_Mass_Gatherings_and_Schools_and_Others-Restrict_Mass_Gatherings-Restrict_Mass_Gatherings_and_Schools_and_Others,43373872149.459236,43362406223.89526,43385338075.02322,0,4744155205475.68,4672795031702.797,4815515379248.563,574956614.509804,574956614.509804,574956614.509804,19670726340.20924,19663841317.80924,19677611362.609238,297817,292550.0,303084.0,30926,30461.0,31391.0,619247.5882352941,619247.5882352941,619247.5882352941,20929.411764705885,20929.411764705885,20929.411764705885,118600,118600.0,118600.0
ES,2020-03-15,3,Restrict_Mass_Gatherings_and_Schools_and_Others-Restrict_Mass_Gatherings-Lockdown,49529960136.789345,49518724966.51486,49541195307.06382,0,4670950419587.79,4600664624660.36,4741236214515.219,567904169.4313726,567904169.4313726,567904169.4313726,19662898826.609238,19656152367.409237,19669645285.80924,291829,286668.0,296990.0,30449,29991.0,30907.0,612401.8823529412,612401.8823529412,612401.8823529412,20657.117647058825,20657.117647058825,20657.117647058825,117057,117057.0,117057.0
ES,2020-03-15,3,Restrict_Mass_Gatherings_and_Schools_and_Others-Restrict_Mass_Gatherings_and_Schools-No_Measure,36990694834.0236,36983014601.36939,36998375066.6778,0,3103097218091.393,3056290699330.464,3149903736852.3223,356178955.6862745,356178955.6862745,356178955.6862745,19542191978.609238,19537580177.00924,19546803780.20924,199489,195961.0,203017.0,20228,19923.0,20533.0,390682.17647058825,390682.17647058825,390682.17647058825,12818.823529411766,12818.823529411766,12818.823529411766,72640,72640.0,72640.0
ES,2020-03-15,3,Restrict_Mass_Gatherings_and_Schools_and_Others-Restrict_Mass_Gatherings_and_Schools-Restrict_Mass_Gatherings,41201346355.49243,41194508597.33856,41208184113.64631,0,2874258126641.804,2831123646151.0596,2917534341053.3174,336414073.41176474,336414073.41176474,336414073.41176474,19513578677.80924,19509472762.609238,19517684593.00924,177600,174459.0,180741.0,18737,18455.0,19019.0,371901.70588235295,371901.70588235295,371901.70588235295,12047.29411764706,12047.29411764706,12047.29411764706,68268,68268.0,68268.0
ES,2020-03-15,3,Restrict_Mass_Gatherings_and_Schools_and_Others-Restrict_Mass_Gatherings_and_Schools-Restrict_Mass_Gatherings_and_Schools,54198158008.32219,54192517565.34966,54203798451.29471,0,2533669817695.212,2495458795059.6934,2571739106409.9624,306233968.7254902,306233968.7254902,306233968.7254902,19472935215.409237,19469548260.20924,19476322170.609238,146508,143917.0,149099.0,16516,16267.0,16765.0,343115.5294117647,343115.5294117647,343115.5294117647,10871.470588235296,10871.470588235296,10871.470588235296,61605,61605.0,61605.0
ES,2020-03-15,3,Restrict_Mass_Gatherings_and_Schools_and_Others-Restrict_Mass_Gatherings_and_Schools-Authorize_Schools_but_Restrict_Mass_Gatherings_and_Others,43816282236.34522,43810219467.65419,43822345005.036255,0,2658916134962.087,2618863255780.729,2698969014143.4453,317650162.09803927,317650162.09803927,317650162.09803927,19487280428.20924,19483639876.20924,19490920980.20924,157482,154697.0,160267.0,17333,17072.0,17594.0,354058.8823529412,354058.8823529412,354058.8823529412,11315.117647058823,11315.117647058823,11315.117647058823,64119,64119.0,64119.0
ES,2020-03-15,3,Restrict_Mass_Gatherings_and_Schools_and_Others-Restrict_Mass_Gatherings_and_Schools-Restrict_Mass_Gatherings_and_Schools_and_Others,56103112159.433556,56097576209.42232,56108648109.44479,0,2502361409372.695,2464610848259.2437,2540111970486.146,303413900.2352941,303413900.2352941,303413900.2352941,19469412311.409237,19466088101.80924,19472736521.00924,143813,141270.0,146356.0,16312,16066.0,16558.0,340412.1176470588,340412.1176470588,340412.1176470588,10761.882352941177,10761.882352941177,10761.882352941177,60984,60984.0,60984.0
ES,2020-03-15,3,Restrict_Mass_Gatherings_and_Schools_and_Others-Restrict_Mass_Gatherings_and_Schools-Lockdown,62270348239.570404,62264844943.609566,62275851535.53124,0,2492232244127.3784,2454635164959.166,2529829323295.5903,302466351.01960784,302466351.01960784,302466351.01960784,19468278969.00924,19464974367.409237,19471583570.609238,142946,140418.0,145474.0,16246,16001.0,16491.0,339515.17647058825,339515.17647058825,339515.17647058825,10724.823529411766,10724.823529411766,10724.823529411766,60774,60774.0,60774.0
ES,2020-03-15,3,Restrict_Mass_Gatherings_and_Schools_and_Others-Authorize_Schools_but_Restrict_Mass_Gatherings_and_Others-No_Measure,26830248354.749413,26818229487.26532,26842267222.233505,0,4491739787678.401,4424201704038.636,4559419605238.934,500096172.09803927,500096172.09803927,500096172.09803927,19689500346.609238,19682283295.409237,19696717397.80924,312179,306658.0,317700.0,29281,28840.0,29722.0,533767.8823529412,533767.8823529412,533767.8823529412,18305.117647058825,18305.117647058825,18305.117647058825,103729,103729.0,103729.0
ES,2020-03-15,3,Restrict_Mass_Gatherings_and_Schools_and_Others-Authorize_Schools_but_Restrict_Mass_Gatherings_and_Others-Restrict_Mass_Gatherings,30976397241.993706,30966361563.837273,30986432920.15014,0,3945637365813.177,3886387835323.4814,4005028630223.64,452375556.17647064,452375556.17647064,452375556.17647064,19622154709.80924,19616128517.80924,19628180901.80924,260660,256050.0,265270.0,25721,25334.0,26108.0,488323.5882352941,488323.5882352941,488323.5882352941,16444.411764705885,16444.411764705885,16444.411764705885,93185,93185.0,93185.0
ES,2020-03-15,3,Restrict_Mass_Gatherings_and_Schools_and_Others-Authorize_Schools_but_Restrict_Mass_Gatherings_and_Others-Restrict_Mass_Gatherings_and_Schools,43891212397.331,43883823874.19371,43898600920.4683,0,3187736286747.38,3139703240535.6777,3235769332959.082,384929619.98039216,384929619.98039216,384929619.98039216,19532274252.20924,19527837615.409237,19536710889.00924,191902,188508.0,195296.0,20780,20467.0,21093.0,423921.82352941175,423921.82352941175,423921.82352941175,13818.176470588236,13818.176470588236,13818.176470588236,78303,78303.0,78303.0
ES,2020-03-15,3,Restrict_Mass_Gatherings_and_Schools_and_Others-Authorize_Schools_but_Restrict_Mass_Gatherings_and_Others-Authorize_Schools_but_Restrict_Mass_Gatherings_and_Others,33539813739.061214,33531465186.842144,33548162291.280285,0,3475663531277.5854,3423332880794.7383,3527994181760.432,411388792.5294118,411388792.5294118,411388792.5294118,19564920265.00924,19559907153.00924,19569933377.00924,216876,213041.0,220711.0,22657,22316.0,22998.0,449341.76470588235,449341.76470588235,449341.76470588235,14845.235294117649,14845.235294117649,14845.235294117649,84123,84123.0,84123.0
ES,2020-03-15,3,Restrict_Mass_Gatherings_and_Schools_and_Others-Authorize_Schools_but_Restrict_Mass_Gatherings_and_Others-Restrict_Mass_Gatherings_and_Schools_and_Others,45786008961.83111,45778905617.40064,45793112306.26157,0,3099490777418.1533,3052839047798.463,3146142507037.8438,376580942.5294118,376580942.5294118,376580942.5294118,19522651953.00924,19518386559.409237,19526917346.609238,184541,181278.0,187804.0,20205,19901.0,20509.0,415846.76470588235,415846.76470588235,415846.76470588235,13495.235294117649,13495.235294117649,13495.235294117649,76473,76473.0,76473.0
ES,2020-03-15,3,Restrict_Mass_Gatherings_and_Schools_and_Others-Authorize_Schools_but_Restrict_Mass_Gatherings_and_Others-Lockdown,51950197330.597244,51943181063.634514,51957213597.559975,0,3071866291338.675,3025674981410.78,3118057601266.5693,373944322.5098039,373944322.5098039,373944322.5098039,19519688530.609238,19515475425.00924,19523901636.20924,182274,179051.0,185497.0,20025,19724.0,20326.0,413288.5882352941,413288.5882352941,413288.5882352941,13393.411764705883,13393.411764705883,13393.411764705883,75896,75896.0,75896.0
ES,2020-03-15,3,Restrict_Mass_Gatherings_and_Schools_and_Others-Restrict_Mass_Gatherings_and_Schools_and_Others-No_Measure,38839124823.891624,38832548298.14096,38845701349.642296,0,2747346347305.817,2705911602510.1265,2788781092101.5063,318793675.01960784,318793675.01960784,318793675.01960784,19504727626.609238,19500778575.409237,19508676677.80924,170829,167808.0,173850.0,17909,17639.0,18179.0,353360.17647058825,353360.17647058825,353360.17647058825,11396.823529411766,11396.823529411766,11396.823529411766,64582,64582.0,64582.0
ES,2020-03-15,3,Restrict_Mass_Gatherings_and_Schools_and_Others-Restrict_Mass_Gatherings_and_Schools_and_Others-Restrict_Mass_Gatherings,43066225279.015564,43060201695.185005,43072248862.846115,0,2599237012637.8823,2560104648655.5083,2638369376620.257,306123546.6862745,306123546.6862745,306123546.6862745,19485991529.00924,19482374506.609238,19489608551.409237,156496,153729.0,159263.0,16944,16689.0,17199.0,341341.17647058825,341341.17647058825,341341.17647058825,10901.823529411766,10901.823529411766,10901.823529411766,61777,61777.0,61777.0
ES,2020-03-15,3,Restrict_Mass_Gatherings_and_Schools_and_Others-Restrict_Mass_Gatherings_and_Schools_and_Others-Restrict_Mass_Gatherings_and_Schools,56082505276.69412,56077332875.11067,56087677678.277565,0,2356578575898.668,2321129940694.324,2392027211103.012,284649932.3137255,284649932.3137255,284649932.3137255,19457038356.20924,19453932449.00924,19460144263.409237,134347,131971.0,136723.0,15362,15131.0,15593.0,320860.82352941175,320860.82352941175,320860.82352941175,10065.176470588236,10065.176470588236,10065.176470588236,57036,57036.0,57036.0
ES,2020-03-15,3,Restrict_Mass_Gatherings_and_Schools_and_Others-Restrict_Mass_Gatherings_and_Schools_and_Others-Authorize_Schools_but_Restrict_Mass_Gatherings_and_Others,45695198047.6672,45689699105.57975,45700696989.754654,0,2454340948844.081,2417357494187.351,2491324403500.8105,293632410.254902,293632410.254902,293632410.254902,19468122105.00924,19464820117.80924,19471424092.20924,142826,140300.0,145352.0,15999,15758.0,16240.0,329497.29411764705,329497.29411764705,329497.29411764705,10413.705882352942,10413.705882352942,10413.705882352942,59011,59011.0,59011.0
ES,2020-03-15,3,Restrict_Mass_Gatherings_and_Schools_and_Others-Restrict_Mass_Gatherings_and_Schools_and_Others-Restrict_Mass_Gatherings_and_Schools_and_Others,57988336733.292915,57983253586.1139,57993419880.47193,0,2329414169640.0254,2294272555842.783,2364555783437.268,282112051.9019608,282112051.9019608,282112051.9019608,19454042253.80924,19450989941.80924,19457094565.80924,132055,129720.0,134390.0,15185,14956.0,15414.0,318412.1176470588,318412.1176470588,318412.1176470588,9966.882352941177,9966.882352941177,9966.882352941177,56479,56479.0,56479.0
ES,2020-03-15,3,Restrict_Mass_Gatherings_and_Schools_and_Others-Restrict_Mass_Gatherings_and_Schools_and_Others-Lockdown,64155977723.65473,64150920699.716034,64161034747.59343,0,2321280222623.755,2286292075085.399,2356268370162.111,281343722.54901963,281343722.54901963,281343722.54901963,19453152050.609238,19450115425.00924,19456188676.20924,131374,129051.0,133697.0,15132,14904.0,15360.0,317673.9411764706,317673.9411764706,317673.9411764706,9937.058823529413,9937.058823529413,9937.058823529413,56310,56310.0,56310.0
ES,2020-03-15,3,Restrict_Mass_Gatherings_and_Schools_and_Others-Lockdown-No_Measure,44998791695.14563,44992382793.52035,45005200596.77091,0,2688876894832.7686,2648362973734.319,2729390815931.2188,312025720.47058827,312025720.47058827,312025720.47058827,19499049149.80924,19495200753.00924,19502897546.609238,166485,163541.0,169429.0,17528,17264.0,17792.0,346393.23529411765,346393.23529411765,346393.23529411765,11143.764705882353,11143.764705882353,11143.764705882353,63148,63148.0,63148.0
ES,2020-03-15,3,Restrict_Mass_Gatherings_and_Schools_and_Others-Lockdown-Restrict_Mass_Gatherings,49226083720.69858,49220223407.120026,49231944034.27713,0,2540768020297.8267,2502556469555.124,2578979571040.53,299255678.54901963,299255678.54901963,299255678.54901963,19480428085.80924,19476909103.409237,19483947068.20924,152240,149548.0,154932.0,16563,16314.0,16812.0,334269.9411764706,334269.9411764706,334269.9411764706,10645.058823529413,10645.058823529413,10645.058823529413,60322,60322.0,60322.0
ES,2020-03-15,3,Restrict_Mass_Gatherings_and_Schools_and_Others-Lockdown-Restrict_Mass_Gatherings_and_Schools,62243106053.78957,62238086037.774666,62248126069.80449,0,2299491998195.264,2264810746573.193,2334173249817.3345,277673419.84313726,277673419.84313726,277673419.84313726,19451920668.20924,19448906265.00924,19454935071.409237,130432,128126.0,132738.0,14990,14764.0,15216.0,313626.5882352941,313626.5882352941,313626.5882352941,9805.411764705883,9805.411764705883,9805.411764705883,55564,55564.0,55564.0
ES,2020-03-15,3,Restrict_Mass_Gatherings_and_Schools_and_Others-Lockdown-Authorize_Schools_but_Restrict_Mass_Gatherings_and_Others,51852335318.483505,51847049716.19201,51857620920.77501,0,2378224016473.9844,2342468302345.9155,2413979730602.053,284834805.627451,284834805.627451,284834805.627451,19460924661.80924,19457750780.20924,19464098543.409237,137320,134892.0,139748.0,15503,15270.0,15736.0,320508.64705882355,320508.64705882355,320508.64705882355,10083.352941176472,10083.352941176472,10083.352941176472,57139,57139.0,57139.0
ES,2020-03-15,3,Restrict_Mass_Gatherings_and_Schools_and_Others-Lockdown-Restrict_Mass_Gatherings_and_Schools_and_Others,64149751684.71169,64144803507.607666,64154699861.81572,0,2276778249392.7173,2242403977347.4756,2311152521437.9585,275572487.5686275,275572487.5686275,275572487.5686275,19449413458.609238,19446442193.00924,19452384724.20924,128514,126241.0,130787.0,14842,14618.0,15066.0,311607.1176470588,311607.1176470588,311607.1176470588,9723.882352941177,9723.882352941177,9723.882352941177,55102,55102.0,55102.0
ES,2020-03-15,3,Restrict_Mass_Gatherings_and_Schools_and_Others-Lockdown-Lockdown,70317653907.47672,70312727499.73962,70322580315.2138,0,2270178964965.3125,2235958148721.39,2304399781209.2354,274950552.254902,274950552.254902,274950552.254902,19448680119.409237,19445721925.80924,19451638313.00924,127953,125690.0,130216.0,14799,14576.0,15022.0,311011.29411764705,311011.29411764705,311011.29411764705,9699.705882352942,9699.705882352942,9699.705882352942,54965,54965.0,54965.0
ES,2020-03-15,3,Lockdown-No_Measure-No_Measure,27244504218.501522,27211930714.758636,27277077722.24441,0,11093711856502.955,10926730595543.23,11260551383541.908,1178987789.6666667,1178987789.6666667,1178987789.6666667,20387354295.409237,20367794661.80924,20406913929.00924,846033,831070.0,860996.0,72317,71229.0,73405.0,1205186.0,1205186.0,1205186.0,44259.0,44259.0,44259.0,250801,250801.0,250801.0
ES,2020-03-15,3,Lockdown-No_Measure-Restrict_Mass_Gatherings,31151627633.750534,31125264930.39383,31177990337.10724,0,9374985798035.863,9233791245061.299,9516038617089.662,1029309059.137255,1029309059.137255,1029309059.137255,20176479405.80924,20160649213.80924,20192309597.80924,684715,672605.0,696825.0,61113,60193.0,62033.0,1062792.2352941176,1062792.2352941176,1062792.2352941176,38419.76470588236,38419.76470588236,38419.76470588236,217712,217712.0,217712.0
ES,2020-03-15,3,Lockdown-No_Measure-Restrict_Mass_Gatherings_and_Schools,43660102316.713554,43643575013.337494,43676629620.089615,0,6543864052209.605,6445339299628.208,6642388804791.003,777459290.882353,777459290.882353,777459290.882353,19842600917.80924,19832676655.409237,19852525180.20924,429300,421708.0,436892.0,42658,42016.0,43300.0,822361.9411764706,822361.9411764706,822361.9411764706,28612.058823529413,28612.058823529413,28612.058823529413,162135,162135.0,162135.0
ES,2020-03-15,3,Lockdown-No_Measure-Authorize_Schools_but_Restrict_Mass_Gatherings_and_Others,33442870443.79282,33423008073.40252,33462732814.183125,0,7531043298520.499,7417630394634.588,7644456202406.41,866734579.8235295,866734579.8235295,866734579.8235295,19955810973.80924,19943884081.00924,19967737866.609238,515905,506781.0,525029.0,49093,48354.0,49832.0,907834.4117647059,907834.4117647059,907834.4117647059,32083.58823529412,32083.58823529412,32083.58823529412,181807,181807.0,181807.0
ES,2020-03-15,3,Lockdown-No_Measure-Restrict_Mass_Gatherings_and_Schools_and_Others,45516604387.84059,45501037113.5463,45532171662.13487,0,6251948431362.203,6157874686565.43,6346022176158.979,750647685.2745099,750647685.2745099,750647685.2745099,19809983663.409237,19800635876.20924,19819331450.609238,404348,397197.0,411499.0,40755,40142.0,41368.0,796641.4705882353,796641.4705882353,796641.4705882353,27570.529411764706,27570.529411764706,27570.529411764706,156233,156233.0,156233.0
ES,2020-03-15,3,Lockdown-No_Measure-Lockdown,51663527471.69161,51648352046.00214,51678702897.381096,0,6126717841224.423,6034627613691.28,6218949802678.334,738556305.8431373,738556305.8431373,738556305.8431373,19796652837.80924,19787540346.609238,19805765329.00924,394150,387179.0,401121.0,39939,39338.0,40540.0,784917.5882352941,784917.5882352941,784917.5882352941,27103.411764705885,27103.411764705885,27103.411764705885,153586,153586.0,153586.0
ES,2020-03-15,3,Lockdown-Restrict_Mass_Gatherings-No_Measure,30839287287.79595,30818449649.767017,30860124925.824886,0,7298320895437.747,7188433929866.611,7408207861008.881,787363972.4705882,787363972.4705882,787363972.4705882,19988926271.409237,19976413753.00924,20001438789.80924,541238,531666.0,550810.0,47576,46860.0,48292.0,817273.2352941176,817273.2352941176,817273.2352941176,29299.764705882353,29299.764705882353,29299.764705882353,166032,166032.0,166032.0
ES,2020-03-15,3,Lockdown-Restrict_Mass_Gatherings-Restrict_Mass_Gatherings,34906232687.32538,34888778008.917946,34923687365.73282,0,6388910448727.662,6292826255307.228,6485136376068.864,709976896.0588236,709976896.0588236,709976896.0588236,19874020777.00924,19863539647.409237,19884501906.609238,453336,445318.0,461354.0,41648,41021.0,42275.0,744003.5294117647,744003.5294117647,744003.5294117647,26273.470588235297,26273.470588235297,26273.470588235297,148883,148883.0,148883.0
ES,2020-03-15,3,Lockdown-Restrict_Mass_Gatherings-Restrict_Mass_Gatherings_and_Schools,47625545865.977936,47614197494.9954,47636894236.96047,0,4634302368177.713,4564476511893.951,4704128224461.474,553711414.0784314,553711414.0784314,553711414.0784314,19666745916.20924,19659931482.609238,19673560349.80924,294772,289559.0,299985.0,30210,29755.0,30665.0,594764.7058823529,594764.7058823529,594764.7058823529,20189.29411764706,20189.29411764706,20189.29411764706,114406,114406.0,114406.0
ES,2020-03-15,3,Lockdown-Restrict_Mass_Gatherings-Authorize_Schools_but_Restrict_Mass_Gatherings_and_Others,37340343498.68012,37326861729.73808,37353825267.62216,0,5269859237193.561,5190517238865.806,5349201235521.316,611741012.9411765,611741012.9411765,611741012.9411765,19739141266.609238,19731045777.00924,19747236756.20924,350154,343961.0,356347.0,34353,33836.0,34870.0,650432.4705882353,650432.4705882353,650432.4705882353,22443.529411764706,22443.529411764706,22443.529411764706,127180,127180.0,127180.0
ES,2020-03-15,3,Lockdown-Restrict_Mass_Gatherings-Restrict_Mass_Gatherings_and_Schools_and_Others,49500580199.17563,49489865316.77086,49511295081.58039,0,4439075473460.029,4372165805508.5063,4505985141411.554,535397045.5882353,535397045.5882353,535397045.5882353,19645256855.409237,19638822817.00924,19651690893.80924,278333,273411.0,283255.0,28937,28501.0,29373.0,577106.2941176471,577106.2941176471,577106.2941176471,19479.705882352944,19479.705882352944,19479.705882352944,110385,110385.0,110385.0
ES,2020-03-15,3,Lockdown-Restrict_Mass_Gatherings-Lockdown,55658642668.086624,55648123709.98426,55669161626.18899,0,4377687500617.0806,4311698724336.989,4443676276897.172,529595435.2156863,529595435.2156863,529595435.2156863,19638614972.20924,19632298581.80924,19644931362.609238,273252,268420.0,278084.0,28537,28107.0,28967.0,571505.9411764706,571505.9411764706,571505.9411764706,19255.058823529413,19255.058823529413,19255.058823529413,109112,109112.0,109112.0
ES,2020-03-15,3,Lockdown-Restrict_Mass_Gatherings_and_Schools-No_Measure,43126276077.70217,43119190148.76525,43133362006.639084,0,2879814540876.1387,2836384326869.771,2923244754882.506,329041303.6862745,329041303.6862745,329041303.6862745,19522050641.00924,19517795705.00924,19526305577.00924,184081,180826.0,187336.0,18773,18490.0,19056.0,361846.17647058825,361846.17647058825,361846.17647058825,11822.823529411766,11822.823529411766,11822.823529411766,66996,66996.0,66996.0
ES,2020-03-15,3,Lockdown-Restrict_Mass_Gatherings_and_Schools-Restrict_Mass_Gatherings,47343295138.99911,47336938483.85447,47349651794.143745,0,2683193811857.5483,2642833419763.3926,2723554203951.7036,312153217.01960784,312153217.01960784,312153217.01960784,19497260900.20924,19493443876.20924,19501077924.20924,165117,162197.0,168037.0,17491,17228.0,17754.0,345836.17647058825,345836.17647058825,345836.17647058825,11162.823529411766,11162.823529411766,11162.823529411766,63256,63256.0,63256.0
ES,2020-03-15,3,Lockdown-Restrict_Mass_Gatherings_and_Schools-Restrict_Mass_Gatherings_and_Schools,60343461451.273346,60338243334.01934,60348679568.52735,0,2357505370867.2354,2322056625858.4277,2392954115876.0435,283136935.84313726,283136935.84313726,283136935.84313726,19458631833.00924,19455498474.609238,19461765191.409237,135566,133169.0,137963.0,15368,15137.0,15599.0,318108.5882352941,318108.5882352941,318108.5882352941,10033.411764705883,10033.411764705883,10033.411764705883,56856,56856.0,56856.0
ES,2020-03-15,3,Lockdown-Restrict_Mass_Gatherings_and_Schools-Authorize_Schools_but_Restrict_Mass_Gatherings_and_Others,49960919536.66821,49955289978.37916,49966549094.95726,0,2480590769344.796,2443300193934.0684,2517881344755.523,294464647.6666667,294464647.6666667,294464647.6666667,19472577042.609238,19469196623.409237,19475957461.80924,146234,143648.0,148820.0,16170,15927.0,16413.0,328997.0,328997.0,328997.0,10473.0,10473.0,10473.0,59347,59347.0,59347.0
ES,2020-03-15,3,Lockdown-Restrict_Mass_Gatherings_and_Schools-Restrict_Mass_Gatherings_and_Schools_and_Others,62248230562.76578,62243119115.409744,62253342010.12181,0,2324662482963.2925,2289674204705.3364,2359650761221.248,280077854.3529412,280077854.3529412,280077854.3529412,19454997817.00924,19451928511.409237,19458067122.609238,132786,130438.0,135134.0,15154,14926.0,15382.0,315162.17647058825,315162.17647058825,315162.17647058825,9914.823529411766,9914.823529411766,9914.823529411766,56184,56184.0,56184.0
ES,2020-03-15,3,Lockdown-Restrict_Mass_Gatherings_and_Schools-Lockdown,68415407865.611916,68410331249.24297,68420484481.98085,0,2313766158973.4146,2278931367889.482,2348600950057.348,279051454.78431374,279051454.78431374,279051454.78431374,19453829180.20924,19450780789.80924,19456877570.609238,131892,129560.0,134224.0,15083,14856.0,15310.0,314178.0588235294,314178.0588235294,314178.0588235294,9874.94117647059,9874.94117647059,9874.94117647059,55958,55958.0,55958.0
ES,2020-03-15,3,Lockdown-Authorize_Schools_but_Restrict_Mass_Gatherings_and_Others-No_Measure,32924067244.902378,32913380662.674625,32934753827.130127,0,4037307770986.6772,3976534311548.49,4098081230424.8643,449934649.5294118,449934649.5294118,449934649.5294118,19644281684.20924,19637864639.409237,19650698729.00924,277587,272678.0,282496.0,26318,25922.0,26714.0,482290.76470588235,482290.76470588235,482290.76470588235,16426.235294117647,16426.235294117647,16426.235294117647,93082,93082.0,93082.0
ES,2020-03-15,3,Lockdown-Authorize_Schools_but_Restrict_Mass_Gatherings_and_Others-Restrict_Mass_Gatherings,37103194546.114525,37093907734.18061,37112481358.04844,0,3664028585739.8984,3608781014895.0537,3719276156584.743,418247759.8627451,418247759.8627451,418247759.8627451,19596738820.20924,19591162305.00924,19602315335.409237,241217,236951.0,245483.0,23885,23525.0,24245.0,452282.76470588235,452282.76470588235,452282.76470588235,15187.235294117649,15187.235294117649,15187.235294117649,86061,86061.0,86061.0
ES,2020-03-15,3,Lockdown-Authorize_Schools_but_Restrict_Mass_Gatherings_and_Others-Restrict_Mass_Gatherings_and_Schools,50029514811.87628,50022672699.84902,50036356923.90354,0,2964306741998.6465,2919791619429.0264,3008963598489.035,355990069.92156863,355990069.92156863,355990069.92156863,19513766914.609238,19509658385.00924,19517875444.20924,177744,174601.0,180887.0,19324,19033.0,19615.0,392850.29411764705,392850.29411764705,392850.29411764705,12762.705882352942,12762.705882352942,12762.705882352942,72322,72322.0,72322.0
ES,2020-03-15,3,Lockdown-Authorize_Schools_but_Restrict_Mass_Gatherings_and_Others-Authorize_Schools_but_Restrict_Mass_Gatherings_and_Others,39670335781.86439,39662668610.83034,39678002952.89843,0,3209250645488.114,3160910122965.1025,3257591168011.125,378284079.0196079,378284079.0196079,378284079.0196079,19541740994.609238,19537137036.20924,19546344953.00924,199144,195622.0,202666.0,20920,20605.0,21235.0,414233.17647058825,414233.17647058825,414233.17647058825,13628.823529411766,13628.823529411766,13628.823529411766,77230,77230.0,77230.0
ES,2020-03-15,3,Lockdown-Authorize_Schools_but_Restrict_Mass_Gatherings_and_Others-Restrict_Mass_Gatherings_and_Schools_and_Others,51926642875.57498,51920042403.52068,51933243347.62928,0,2889861479317.4487,2846279027816.4346,2933443930818.463,349012371.9607843,349012371.9607843,349012371.9607843,19505544626.609238,19501581196.20924,19509508057.00924,171454,168422.0,174486.0,18838,18554.0,19122.0,386122.64705882355,386122.64705882355,386122.64705882355,12492.352941176472,12492.352941176472,12492.352941176472,70790,70790.0,70790.0
ES,2020-03-15,3,Lockdown-Authorize_Schools_but_Restrict_Mass_Gatherings_and_Others-Lockdown,58091188261.95883,58084668336.562195,58097708187.35548,0,2864232096433.768,2821110048938.1978,2907354143929.3384,346564751.15686274,346564751.15686274,346564751.15686274,19502795585.00924,19498880521.00924,19506710649.00924,169351,166356.0,172346.0,18671,18390.0,18952.0,383759.4117647059,383759.4117647059,383759.4117647059,12397.588235294119,12397.588235294119,12397.588235294119,70253,70253.0,70253.0
ES,2020-03-15,3,Lockdown-Restrict_Mass_Gatherings_and_Schools_and_Others-No_Measure,44986607380.47284,44980413995.5802,44992800765.36548,0,2590209170161.972,2551229801847.9243,2629188538476.02,298338641.9019608,298338641.9019608,298338641.9019608,19491732751.409237,19488013767.409237,19495451735.409237,160888,158043.0,163733.0,16885,16631.0,17139.0,331105.1176470588,331105.1176470588,331105.1176470588,10656.882352941177,10656.882352941177,10656.882352941177,60389,60389.0,60389.0
ES,2020-03-15,3,Lockdown-Restrict_Mass_Gatherings_and_Schools_and_Others-Restrict_Mass_Gatherings,49212140441.17755,49206526121.44535,49217754760.90975,0,2432573383341.1733,2395896458585.849,2469250308096.498,284660225.1960784,284660225.1960784,284660225.1960784,19472055469.80924,19468684201.00924,19475426738.609238,145835,143256.0,148414.0,15857,15618.0,16096.0,318093.76470588235,318093.76470588235,318093.76470588235,10123.235294117647,10123.235294117647,10123.235294117647,57365,57365.0,57365.0
ES,2020-03-15,3,Lockdown-Restrict_Mass_Gatherings_and_Schools_and_Others-Restrict_Mass_Gatherings_and_Schools,62230218588.56483,62225424973.96603,62235012203.16363,0,2197140900303.7488,2163994227610.0,2230287572997.497,263639310.80392158,263639310.80392158,263639310.80392158,19444182044.20924,19441303589.80924,19447060498.609238,124512,122310.0,126714.0,14323,14107.0,14539.0,298019.23529411765,298019.23529411765,298019.23529411765,9304.764705882353,9304.764705882353,9304.764705882353,52727,52727.0,52727.0
ES,2020-03-15,3,Lockdown-Restrict_Mass_Gatherings_and_Schools_and_Others-Authorize_Schools_but_Restrict_Mass_Gatherings_and_Others,51838550955.34109,51833509169.95924,51843592740.72293,0,2270501641351.71,2236280547982.235,2304722734721.1846,270276543.47058827,270276543.47058827,270276543.47058827,19452647471.409237,19449619996.20924,19455674946.609238,130988,128672.0,133304.0,14801,14578.0,15024.0,304378.23529411765,304378.23529411765,304378.23529411765,9562.764705882353,9562.764705882353,9562.764705882353,54189,54189.0,54189.0
ES,2020-03-15,3,Lockdown-Restrict_Mass_Gatherings_and_Schools_and_Others-Restrict_Mass_Gatherings_and_Schools_and_Others,64137177698.37079,64132453745.74618,64141901650.99541,0,2176422150121.3198,2143724185696.3845,2209261848467.0234,261754903.56862745,261754903.56862745,261754903.56862745,19441863071.409237,19439026447.409237,19444699695.409237,122738,120568.0,124908.0,14188,13974.0,14402.0,296196.1176470588,296196.1176470588,296196.1176470588,9231.882352941177,9231.882352941177,9231.882352941177,52314,52314.0,52314.0
ES,2020-03-15,3,Lockdown-Restrict_Mass_Gatherings_and_Schools_and_Others-Lockdown,70305092982.75597,70300388622.5616,70309797342.95035,0,2169822897066.6196,2137278383214.2188,2202509144839.788,261134620.94117647,261134620.94117647,261134620.94117647,19441137575.409237,19438312716.20924,19443962434.609238,122183,120022.0,124344.0,14145,13932.0,14358.0,295613.4705882353,295613.4705882353,295613.4705882353,9207.529411764706,9207.529411764706,9207.529411764706,52176,52176.0,52176.0
ES,2020-03-15,3,Lockdown-Lockdown-No_Measure,51141541591.35546,51135598554.18256,51147484628.528366,0,2507643998696.3667,2469892459800.307,2545395537592.4253,289414350.09803927,289414350.09803927,289414350.09803927,19483212421.80924,19479643765.80924,19486781077.80924,154370,151640.0,157100.0,16347,16101.0,16593.0,322114.8823529412,322114.8823529412,322114.8823529412,10319.117647058823,10319.117647058823,10319.117647058823,58475,58475.0,58475.0
ES,2020-03-15,3,Lockdown-Lockdown-Restrict_Mass_Gatherings,55371315324.73885,55365877336.87882,55376753312.59889,0,2371188082406.848,2335432002263.8994,2406944162549.7974,277632809.88235295,277632809.88235295,277632809.88235295,19466081565.80924,19462816180.20924,19469346951.409237,141265,138767.0,143763.0,15457,15224.0,15690.0,310927.9411764706,310927.9411764706,310927.9411764706,9859.058823529413,9859.058823529413,9859.058823529413,55868,55868.0,55868.0
ES,2020-03-15,3,Lockdown-Lockdown-Restrict_Mass_Gatherings_and_Schools,68392410706.38315,68387741177.17587,68397080235.59042,0,2150171107138.3264,2117791750052.6587,2182408730303.2258,257809741.58823532,257809741.58823532,257809741.58823532,19440019919.409237,19437215975.409237,19442823863.409237,121328,119183.0,123473.0,14016,13805.0,14227.0,291974.29411764705,291974.29411764705,291974.29411764705,9087.705882352942,9087.705882352942,9087.705882352942,51497,51497.0,51497.0
ES,2020-03-15,3,Lockdown-Lockdown-Authorize_Schools_but_Restrict_Mass_Gatherings_and_Others,58000309862.75743,57995398693.57719,58005221031.93767,0,2222008442116.196,2188554680041.1543,2255462204191.238,264389312.50980392,264389312.50980392,264389312.50980392,19448225213.80924,19445276170.609238,19451174257.00924,127605,125349.0,129861.0,14485,14267.0,14703.0,298280.5882352941,298280.5882352941,298280.5882352941,9343.411764705883,9343.411764705883,9343.411764705883,52946,52946.0,52946.0
ES,2020-03-15,3,Lockdown-Lockdown-Restrict_Mass_Gatherings_and_Schools_and_Others,70299395939.42943,70294793895.25964,70303997983.59921,0,2129299016187.8271,2097226628221.4207,2161371404154.2332,255876847.88235295,255876847.88235295,255876847.88235295,19437716633.00924,19434953212.20924,19440480053.80924,119566,117452.0,121680.0,13880,13671.0,14089.0,290098.9411764706,290098.9411764706,290098.9411764706,9013.058823529413,9013.058823529413,9013.058823529413,51074,51074.0,51074.0
ES,2020-03-15,3,Lockdown-Lockdown-Lockdown,76467424424.52267,76462841972.78313,76472006876.26222,0,2123313649083.809,2091394711689.9375,2155232586477.6804,255315754.3137255,255315754.3137255,255315754.3137255,19437059111.409237,19434307455.409237,19439810767.409237,119063,116958.0,121168.0,13841,13633.0,14049.0,289564.82352941175,289564.82352941175,289564.82352941175,8991.176470588236,8991.176470588236,8991.176470588236,50950,50950.0,50950.0
