date,case_cnt,death_cnt,pred_cases,pred_deaths,ape_cases_pct,ape_deaths_pct,region,country,province,model
2020-06-15,893322,44190,674411.0,42504.0,24.505273574366242,3.8153428377460963,Brazil,Brazil,None,delphi
2020-06-16,930305,45522,679024.0,43190.0,27.010604049209668,5.122797768112122,Brazil,Brazil,None,delphi
2020-06-17,961230,46707,683420.0,43862.0,28.90151160492286,6.091164065343524,Brazil,Brazil,None,delphi
2020-06-18,986750,47946,687585.0,44518.0,30.318216366860906,7.1497100905185,Brazil,Brazil,None,delphi
2020-06-19,1042809,49118,691526.0,45158.0,33.68622633675007,8.062217516999878,Brazil,Brazil,None,delphi
2020-06-20,1106332,50100,695269.0,45784.0,37.155483164185796,8.614770459081836,Brazil,Brazil,None,delphi
2020-06-21,1086536,50683,698826.0,46393.0,35.68312508743382,8.464376615433181,Brazil,Brazil,None,delphi
2020-06-22,1114728,51445,702207.0,46987.0,37.00642667987168,8.665565166682864,Brazil,Brazil,None,delphi
2020-06-23,1154255,52851,705415.0,47565.0,38.885688171158016,10.001702900607368,Brazil,Brazil,None,delphi
2020-06-24,1195288,53955,708449.0,48128.0,40.72984920788964,10.799740524511167,Brazil,Brazil,None,delphi
2020-06-25,1236752,55135,711307.0,48675.0,42.485882375771375,11.716695384057314,Brazil,Brazil,None,delphi
2020-06-26,1281636,56128,714004.0,49208.0,44.28964230093412,12.32896237172178,Brazil,Brazil,None,delphi
2020-06-27,1318556,57159,716555.0,49724.0,45.656081349597585,13.00757535996081,Brazil,Brazil,None,delphi
2020-06-28,1351439,57753,718969.0,50226.0,46.79974456856728,13.033089190171939,Brazil,Brazil,None,delphi
2020-06-29,1372989,58475,721252.0,50713.0,47.46847935416817,13.274048738777255,Brazil,Brazil,None,delphi
2020-06-30,1412669,59792,723408.0,51185.0,48.79140124119663,14.394902328070645,Brazil,Brazil,None,delphi
2020-07-01,1459494,60878,725435.0,51642.0,50.29544485965683,15.17132625907553,Brazil,Brazil,None,delphi
2020-07-02,1503895,62137,727334.0,52086.0,51.636650165071366,16.175547580346652,Brazil,Brazil,None,delphi
2020-07-03,1546935,63350,729116.0,52515.0,52.867056469728844,17.103393843725335,Brazil,Brazil,None,delphi
2020-07-04,1580502,64410,730794.0,52930.0,53.76190602732549,17.82331936034777,Brazil,Brazil,None,delphi
2020-07-05,1605695,64968,732377.0,53332.0,54.38878491868008,17.910355867504002,Brazil,Brazil,None,delphi
2020-07-06,1630149,65653,733870.0,53720.0,54.9814158092297,18.17586401230713,Brazil,Brazil,None,delphi
2020-07-07,1676848,66953,735274.0,54096.0,56.15142219211282,19.203023016145654,Brazil,Brazil,None,delphi
2020-07-08,1722098,68126,736590.0,54458.0,57.2271729018906,20.062824765874996,Brazil,Brazil,None,delphi
2020-07-09,1765060,69348,737815.0,54808.0,58.19887142646709,20.966718578762187,Brazil,Brazil,None,delphi
2020-07-10,1809371,70646,738959.0,55146.0,59.15934321927344,21.940378790023498,Brazil,Brazil,None,delphi
2020-07-11,1844318,71578,740031.0,55472.0,59.875086617383765,22.501327223448545,Brazil,Brazil,None,delphi
2020-07-12,1867976,72195,741038.0,55786.0,60.32936183334261,22.728720825541934,Brazil,Brazil,None,delphi
2020-07-13,1890869,73030,741985.0,56089.0,60.75957668140944,23.1973161714364,Brazil,Brazil,None,delphi
2020-07-14,1933791,74324,742873.0,56381.0,61.584628328500855,24.141596254238202,Brazil,Brazil,None,delphi
2020-07-15,1973933,75604,743702.0,56662.0,62.323847871229674,25.054229934924077,Brazil,Brazil,None,delphi
2020-07-16,2017616,76903,744472.0,56933.0,63.10140284375223,25.96777758995098,Brazil,Brazil,None,delphi
2020-07-17,2052234,78026,745187.0,57193.0,63.68898478438618,26.700074334196295,Brazil,Brazil,None,delphi
2020-07-18,2077987,78870,745855.0,57444.0,64.106849561619,27.166222898440473,Brazil,Brazil,None,delphi
2020-07-19,2101399,79578,746481.0,57685.0,64.47695083132713,27.51137248988414,Brazil,Brazil,None,delphi
2020-07-20,2124152,80346,747066.0,57916.0,64.82991800963396,27.91676001294402,Brazil,Brazil,None,delphi
2020-07-21,2171079,81663,747613.0,58139.0,65.56491035102822,28.806191298384825,Brazil,Brazil,None,delphi
2020-07-22,2237229,82959,748122.0,58353.0,66.56032976507993,29.66043467254909,Brazil,Brazil,None,delphi
2020-07-23,2294555,84272,748593.0,58559.0,67.37524269411715,30.511913802923868,Brazil,Brazil,None,delphi
2020-07-24,2351458,85437,749030.0,58756.0,68.14614592308261,31.228858691199363,Brazil,Brazil,None,delphi
2020-07-25,2398993,86536,749437.0,58945.0,68.76035069714668,31.883840251456043,Brazil,Brazil,None,delphi
2020-07-26,2421666,87117,749817.0,59127.0,69.03714219880032,32.129205551155344,Brazil,Brazil,None,delphi
2020-07-27,2449677,87802,750171.0,59302.0,69.37673823936788,32.45939728024418,Brazil,Brazil,None,delphi
2020-07-28,2503681,89060,750501.0,59469.0,70.02409652028354,33.22591511340669,Brazil,Brazil,None,delphi
2020-07-29,2559132,90259,750806.0,59630.0,70.66169310531852,33.93456608205276,Brazil,Brazil,None,delphi
2020-07-30,2617187,91461,751088.0,59784.0,71.30170675614697,34.634434349066815,Brazil,Brazil,None,delphi
2020-07-31,2670451,92728,751349.0,59931.0,71.86434051776273,35.36903632128375,Brazil,Brazil,None,delphi
2020-08-01,2711992,93669,751592.0,60072.0,72.28634892728297,35.86778977036159,Brazil,Brazil,None,delphi
2020-08-02,2736058,94193,751817.0,60208.0,72.52189098330518,36.080175809242725,Brazil,Brazil,None,delphi
2020-08-03,2756164,94795,752027.0,60337.0,72.71472234598522,36.35001846088929,Brazil,Brazil,None,delphi
2020-08-04,2812447,96153,752222.0,60461.0,73.25382487207759,37.12000665605857,Brazil,Brazil,None,delphi
2020-08-05,2868616,97519,752402.0,60580.0,73.77125415182792,37.87877234180006,Brazil,Brazil,None,delphi
2020-08-06,2922605,98745,752568.0,60694.0,74.25009537724051,38.534609347308724,Brazil,Brazil,None,delphi
2020-08-07,2972008,99830,752720.0,60803.0,74.67301568501834,39.093458880096165,Brazil,Brazil,None,delphi
2020-08-08,3018397,100657,752862.0,60907.0,75.05755538453026,39.490547105516754,Brazil,Brazil,None,delphi
2020-08-09,3041127,101226,752993.0,61007.0,75.23967266082607,39.73188706458815,Brazil,Brazil,None,delphi
2020-08-10,3067633,102015,753115.0,61102.0,75.44963820639562,40.104886536293684,Brazil,Brazil,None,delphi
2020-08-11,3118153,103209,753228.0,61193.0,75.84377674860727,40.70962803631466,Brazil,Brazil,None,delphi
2020-08-12,3173107,104393,753332.0,61280.0,76.25885291608509,41.298746084507584,Brazil,Brazil,None,delphi
2020-08-13,3233820,105635,753428.0,61363.0,76.70160986078383,41.91035168268093,Brazil,Brazil,None,delphi
2020-08-14,3283227,106642,753516.0,61443.0,77.049530842674,42.38386376849647,Brazil,Brazil,None,delphi
2020-08-15,3320108,107365,753597.0,61519.0,77.30203354830626,42.70106645554883,Brazil,Brazil,None,delphi
2020-08-16,3343114,107952,753672.0,61592.0,77.45598863813797,42.94501259819179,Brazil,Brazil,None,delphi
2020-08-17,3367511,108748,753742.0,61661.0,77.61723718200179,43.29918711148711,Brazil,Brazil,None,delphi
2020-08-18,3416775,110100,753806.0,61728.0,77.93808488999129,43.93460490463215,Brazil,Brazil,None,delphi
2020-08-19,3465378,111263,753865.0,61791.0,78.24580752806764,44.46401768782075,Brazil,Brazil,None,delphi
2020-08-20,3508352,112500,753919.0,61851.0,78.51073666496407,45.02133333333334,Brazil,Brazil,None,delphi
2020-08-21,3540678,113551,753969.0,61909.0,78.70551911244118,45.479123917887115,Brazil,Brazil,None,delphi
2020-08-22,3586586,114379,754015.0,61964.0,78.97680412514853,45.82571975624896,Brazil,Brazil,None,delphi
2020-08-23,3608459,114834,754057.0,62017.0,79.10307419316666,45.994217740390475,Brazil,Brazil,None,delphi
2020-08-24,3631972,115557,754096.0,62067.0,79.23728486893621,46.288844466367244,Brazil,Brazil,None,delphi
2020-08-25,3678279,116760,754132.0,62115.0,79.49769443807824,46.80113052415211,Brazil,Brazil,None,delphi
2020-08-26,3726431,117839,754165.0,62161.0,79.7617344853561,47.24921290913874,Brazil,Brazil,None,delphi
2020-08-27,3768691,118824,754196.0,62204.0,79.98785254614931,47.65030633542045,Brazil,Brazil,None,delphi
2020-08-28,3812779,119673,754223.0,62246.0,80.2185492523957,47.9865968096396,Brazil,Brazil,None,delphi
2020-08-29,3850070,120570,754249.0,62285.0,80.40947307451553,48.34121257360869,Brazil,Brazil,None,delphi
2020-08-30,3864604,120971,754272.0,62323.0,80.48255396930708,48.48104091063147,Brazil,Brazil,None,delphi
2020-08-31,3914829,121618,754294.0,62359.0,80.73238958840858,48.72551760430199,Brazil,Brazil,None,delphi
2020-09-01,3959158,122768,754314.0,62394.0,80.94761562938383,49.17731004822103,Brazil,Brazil,None,delphi
2020-09-02,4005611,123972,754332.0,62427.0,81.16811642468528,49.644274513599846,Brazil,Brazil,None,delphi
2020-09-03,4052420,124839,754349.0,62458.0,81.38522167001446,49.96916027843863,Brazil,Brazil,None,delphi
2020-09-04,4091959,125688,754364.0,62488.0,81.56472242268312,50.283241041308635,Brazil,Brazil,None,delphi
2020-09-05,4125816,126292,754378.0,62516.0,81.71566545866321,50.498843948943716,Brazil,Brazil,None,delphi
2020-09-06,4140488,126750,754391.0,62543.0,81.78014282374446,50.656410256410254,Brazil,Brazil,None,delphi
2020-09-07,4150004,127070,754402.0,62569.0,81.82165607551222,50.760210907373896,Brazil,Brazil,None,delphi
2020-09-08,4168790,127595,754413.0,62594.0,81.9033100731867,50.94321877816529,Brazil,Brazil,None,delphi
2020-09-09,4205877,128752,754423.0,62617.0,82.0626471007117,51.36619236982727,Brazil,Brazil,None,delphi
2020-09-10,4246638,129726,754432.0,62639.0,82.23460535133911,51.71438262183371,Brazil,Brazil,None,delphi
2020-09-11,4288171,130574,754441.0,62661.0,82.40646186917454,52.01112013111339,Brazil,Brazil,None,delphi
2020-09-12,4318971,131341,754448.0,62681.0,82.53176508941597,52.27613616464013,Brazil,Brazil,None,delphi
2020-09-13,4332991,131746,754455.0,62700.0,82.58812446183248,52.408422267089705,Brazil,Brazil,None,delphi
2020-09-14,4353602,132204,754461.0,62719.0,82.67041865563274,52.55892408701703,Brazil,Brazil,None,delphi
2020-09-15,4388154,133286,754467.0,62736.0,82.80673376549683,52.9312906081659,Brazil,Brazil,None,delphi
2020-06-15,893322,44190,2664966.0,74059.0,198.32087422004608,67.59221543335596,Brazil,Brazil,None,delphi_lookahead
2020-06-16,930305,45522,2680911.0,75181.0,188.17549083365134,65.15311278063353,Brazil,Brazil,None,delphi_lookahead
2020-06-17,961230,46707,2696026.0,76277.0,180.4766809192389,63.30956815894834,Brazil,Brazil,None,delphi_lookahead
2020-06-18,986750,47946,2710392.0,77345.0,174.6786926779833,61.31689817711592,Brazil,Brazil,None,delphi_lookahead
2020-06-19,1042809,49118,2724054.0,78385.0,161.22271671993624,59.585080825766525,Brazil,Brazil,None,delphi_lookahead
2020-06-20,1106332,50100,2737033.0,79398.0,147.39707429596177,58.47904191616766,Brazil,Brazil,None,delphi_lookahead
2020-06-21,1086536,50683,2749316.0,80384.0,153.03496616771096,58.601503462699526,Brazil,Brazil,None,delphi_lookahead
2020-06-22,1114728,51445,2760861.0,81343.0,147.67127048033242,58.11643502769949,Brazil,Brazil,None,delphi_lookahead
2020-06-23,1154255,52851,2771680.0,82275.0,140.12718160198568,55.67349719021399,Brazil,Brazil,None,delphi_lookahead
2020-06-24,1195288,53955,2781888.0,83181.0,132.73788409153275,54.16736169029747,Brazil,Brazil,None,delphi_lookahead
2020-06-25,1236752,55135,2791539.0,84060.0,125.71534147508959,52.462138387594095,Brazil,Brazil,None,delphi_lookahead
2020-06-26,1281636,56128,2800667.0,84913.0,118.52280990858559,51.284563854047896,Brazil,Brazil,None,delphi_lookahead
2020-06-27,1318556,57159,2809288.0,85739.0,113.05792093775311,50.00087475288231,Brazil,Brazil,None,delphi_lookahead
2020-06-28,1351439,57753,2817398.0,86540.0,108.47393038087549,49.84502969542708,Brazil,Brazil,None,delphi_lookahead
2020-06-29,1372989,58475,2824979.0,87316.0,105.75394267543294,49.32193244976485,Brazil,Brazil,None,delphi_lookahead
2020-06-30,1412669,59792,2832081.0,88067.0,100.47732342112697,47.28893497457854,Brazil,Brazil,None,delphi_lookahead
2020-07-01,1459494,60878,2838755.0,88794.0,94.50268380685361,45.85564571766484,Brazil,Brazil,None,delphi_lookahead
2020-07-02,1503895,62137,2845036.0,89497.0,89.1778348887389,44.031736324573124,Brazil,Brazil,None,delphi_lookahead
2020-07-03,1546935,63350,2850945.0,90176.0,84.29636668638307,42.34569850039463,Brazil,Brazil,None,delphi_lookahead
2020-07-04,1580502,64410,2856493.0,90832.0,80.73327335239057,41.02158049992237,Brazil,Brazil,None,delphi_lookahead
2020-07-05,1605695,64968,2861683.0,91466.0,78.22083272352471,40.786233222509544,Brazil,Brazil,None,delphi_lookahead
2020-07-06,1630149,65653,2866516.0,92078.0,75.8438032351644,40.249493549418915,Brazil,Brazil,None,delphi_lookahead
2020-07-07,1676848,66953,2871034.0,92668.0,71.21611499670811,38.40753961734351,Brazil,Brazil,None,delphi_lookahead
2020-07-08,1722098,68126,2875265.0,93237.0,66.96291384114028,36.859642427267126,Brazil,Brazil,None,delphi_lookahead
2020-07-09,1765060,69348,2879232.0,93786.0,63.12374650153536,35.239660840975944,Brazil,Brazil,None,delphi_lookahead
2020-07-10,1809371,70646,2882949.0,94315.0,59.33432115359426,33.5036661665204,Brazil,Brazil,None,delphi_lookahead
2020-07-11,1844318,71578,2886424.0,94824.0,56.50359645137119,32.47645924725474,Brazil,Brazil,None,delphi_lookahead
2020-07-12,1867976,72195,2889659.0,95314.0,54.69465346449848,32.02299328208325,Brazil,Brazil,None,delphi_lookahead
2020-07-13,1890869,73030,2892659.0,95786.0,52.98040213256444,31.159797343557443,Brazil,Brazil,None,delphi_lookahead
2020-07-14,1933791,74324,2895453.0,96240.0,49.72936578978804,29.487110489209407,Brazil,Brazil,None,delphi_lookahead
2020-07-15,1973933,75604,2898061.0,96677.0,46.816583946871546,27.87286386963653,Brazil,Brazil,None,delphi_lookahead
2020-07-16,2017616,76903,2900498.0,97097.0,43.75867360290561,26.25905361299299,Brazil,Brazil,None,delphi_lookahead
2020-07-17,2052234,78026,2902775.0,97501.0,41.444640328539535,24.95962884166816,Brazil,Brazil,None,delphi_lookahead
2020-07-18,2077987,78870,2904898.0,97888.0,39.79384856594387,24.113097502218842,Brazil,Brazil,None,delphi_lookahead
2020-07-19,2101399,79578,2906869.0,98261.0,38.33017908545688,23.47759430998517,Brazil,Brazil,None,delphi_lookahead
2020-07-20,2124152,80346,2908688.0,98619.0,36.93408004700229,22.742887013665893,Brazil,Brazil,None,delphi_lookahead
2020-07-21,2171079,81663,2910374.0,98962.0,34.051962181016904,21.1834000710236,Brazil,Brazil,None,delphi_lookahead
2020-07-22,2237229,82959,2911942.0,99291.0,30.15842365712227,19.686833254981376,Brazil,Brazil,None,delphi_lookahead
2020-07-23,2294555,84272,2913402.0,99608.0,26.970240416987174,18.198215302828935,Brazil,Brazil,None,delphi_lookahead
2020-07-24,2351458,85437,2914764.0,99911.0,23.955605415873897,16.9411379144867,Brazil,Brazil,None,delphi_lookahead
2020-07-25,2398993,86536,2916031.0,100201.0,21.552292982930755,15.791115836183787,Brazil,Brazil,None,delphi_lookahead
2020-07-26,2421666,87117,2917204.0,100480.0,20.462689735083202,15.339141614151083,Brazil,Brazil,None,delphi_lookahead
2020-07-27,2449677,87802,2918282.0,100747.0,19.129256632609113,14.743399922553015,Brazil,Brazil,None,delphi_lookahead
2020-07-28,2503681,89060,2919278.0,101003.0,16.59943898603696,13.410060633280935,Brazil,Brazil,None,delphi_lookahead
2020-07-29,2559132,90259,2920202.0,101248.0,14.109080735186774,12.174963161568375,Brazil,Brazil,None,delphi_lookahead
2020-07-30,2617187,91461,2921060.0,101483.0,11.610672068904515,10.957675949311728,Brazil,Brazil,None,delphi_lookahead
2020-07-31,2670451,92728,2921857.0,101708.0,9.414364839497148,9.68423777068415,Brazil,Brazil,None,delphi_lookahead
2020-08-01,2711992,93669,2922596.0,101923.0,7.76565712583223,8.811880131099938,Brazil,Brazil,None,delphi_lookahead
2020-08-02,2736058,94193,2923279.0,102129.0,6.842727749192451,8.425254530591445,Brazil,Brazil,None,delphi_lookahead
2020-08-03,2756164,94795,2923905.0,102326.0,6.086031165054038,7.944511841341844,Brazil,Brazil,None,delphi_lookahead
2020-08-04,2812447,96153,2924483.0,102514.0,3.9835772905231637,6.615498216384304,Brazil,Brazil,None,delphi_lookahead
2020-08-05,2868616,97519,2925016.0,102695.0,1.96610490912691,5.307683630882187,Brazil,Brazil,None,delphi_lookahead
2020-08-06,2922605,98745,2925511.0,102867.0,0.09943184248299033,4.174388576636791,Brazil,Brazil,None,delphi_lookahead
2020-08-07,2972008,99830,2925969.0,103032.0,1.5490873510434697,3.2074526695382146,Brazil,Brazil,None,delphi_lookahead
2020-08-08,3018397,100657,2926392.0,103189.0,3.048141115963208,2.5154733401551805,Brazil,Brazil,None,delphi_lookahead
2020-08-09,3041127,101226,2926782.0,103340.0,3.7599547799220487,2.0883962618299647,Brazil,Brazil,None,delphi_lookahead
2020-08-10,3067633,102015,2927140.0,103484.0,4.579850327597858,1.439984316031956,Brazil,Brazil,None,delphi_lookahead
2020-08-11,3118153,103209,2927468.0,103622.0,6.115318908340931,0.4001589008710481,Brazil,Brazil,None,delphi_lookahead
2020-08-12,3173107,104393,2927771.0,103753.0,7.731727924712277,0.6130679260103646,Brazil,Brazil,None,delphi_lookahead
2020-08-13,3233820,105635,2928051.0,103878.0,9.455350019481603,1.6632744828891939,Brazil,Brazil,None,delphi_lookahead
2020-08-14,3283227,106642,2928310.0,103998.0,10.810004912849463,2.47932334352319,Brazil,Brazil,None,delphi_lookahead
2020-08-15,3320108,107365,2928548.0,104113.0,11.793592256637435,3.0289200391188933,Brazil,Brazil,None,delphi_lookahead
2020-08-16,3343114,107952,2928768.0,104222.0,12.394013485630463,3.4552393656439895,Brazil,Brazil,None,delphi_lookahead
2020-08-17,3367511,108748,2928968.0,104326.0,13.022763696985695,4.066281678743517,Brazil,Brazil,None,delphi_lookahead
2020-08-18,3416775,110100,2929152.0,104426.0,14.271440173848147,5.153496821071752,Brazil,Brazil,None,delphi_lookahead
2020-08-19,3465378,111263,2929321.0,104521.0,15.468932970660054,6.059516640752092,Brazil,Brazil,None,delphi_lookahead
2020-08-20,3508352,112500,2929477.0,104611.0,16.499912209493232,7.012444444444445,Brazil,Brazil,None,delphi_lookahead
2020-08-21,3540678,113551,2929620.0,104698.0,17.258220035823648,7.796496728342331,Brazil,Brazil,None,delphi_lookahead
2020-08-22,3586586,114379,2929753.0,104780.0,18.313599618132674,8.392274805689857,Brazil,Brazil,None,delphi_lookahead
2020-08-23,3608459,114834,2929874.0,104859.0,18.80539587674406,8.686451747740216,Brazil,Brazil,None,delphi_lookahead
2020-08-24,3631972,115557,2929985.0,104934.0,19.327984907372635,9.19286585840754,Brazil,Brazil,None,delphi_lookahead
2020-08-25,3678279,116760,2930087.0,105006.0,20.34081699620937,10.066803699897225,Brazil,Brazil,None,delphi_lookahead
2020-08-26,3726431,117839,2930179.0,105074.0,21.36768398502481,10.832576651193577,Brazil,Brazil,None,delphi_lookahead
2020-08-27,3768691,118824,2930265.0,105139.0,22.247140983434303,11.51703359590655,Brazil,Brazil,None,delphi_lookahead
2020-08-28,3812779,119673,2930343.0,105201.0,23.14416859723577,12.092953297736333,Brazil,Brazil,None,delphi_lookahead
2020-08-29,3850070,120570,2930416.0,105261.0,23.88668257979725,12.697188355312267,Brazil,Brazil,None,delphi_lookahead
2020-08-30,3864604,120971,2930482.0,105317.0,24.171221682739034,12.940291474816279,Brazil,Brazil,None,delphi_lookahead
2020-08-31,3914829,121618,2930543.0,105371.0,25.14250303142232,13.359042247035802,Brazil,Brazil,None,delphi_lookahead
2020-09-01,3959158,122768,2930598.0,105422.0,25.979261246962103,14.129089013423693,Brazil,Brazil,None,delphi_lookahead
2020-09-02,4005611,123972,2930648.0,105471.0,26.836430197540402,14.923531119930306,Brazil,Brazil,None,delphi_lookahead
2020-09-03,4052420,124839,2930694.0,105518.0,27.680398379240057,15.476734033435063,Brazil,Brazil,None,delphi_lookahead
2020-09-04,4091959,125688,2930737.0,105562.0,28.37814357377481,16.012666284768635,Brazil,Brazil,None,delphi_lookahead
2020-09-05,4125816,126292,2930775.0,105604.0,28.96496111314707,16.381085104361322,Brazil,Brazil,None,delphi_lookahead
2020-09-06,4140488,126750,2930811.0,105645.0,29.215807412073165,16.650887573964496,Brazil,Brazil,None,delphi_lookahead
2020-09-07,4150004,127070,2930844.0,105683.0,29.37732108210016,16.830880616982764,Brazil,Brazil,None,delphi_lookahead
2020-09-08,4168790,127595,2930873.0,105719.0,29.694875491449558,17.144872447979935,Brazil,Brazil,None,delphi_lookahead
2020-09-09,4205877,128752,2930900.0,105754.0,30.314177043218333,17.862246800049707,Brazil,Brazil,None,delphi_lookahead
2020-09-10,4246638,129726,2930925.0,105787.0,30.982461891030034,18.453509705070687,Brazil,Brazil,None,delphi_lookahead
2020-09-11,4288171,130574,2930947.0,105819.0,31.650416926004116,18.95859818953237,Brazil,Brazil,None,delphi_lookahead
2020-09-12,4318971,131341,2930968.0,105849.0,32.13735401325918,19.40901927044868,Brazil,Brazil,None,delphi_lookahead
2020-09-13,4332991,131746,2930987.0,105878.0,32.35649462461381,19.63475171921728,Brazil,Brazil,None,delphi_lookahead
2020-09-14,4353602,132204,2931004.0,105905.0,32.67634478300956,19.89274152068016,Brazil,Brazil,None,delphi_lookahead
2020-09-15,4388154,133286,2931020.0,105931.0,33.20608164617742,20.523535855228605,Brazil,Brazil,None,delphi_lookahead
2020-06-15,893322,44190,508925.0370712761,32038.285144882582,43.03005667930756,27.498788990987595,Brazil,Brazil,None,delphi_constant
2020-06-16,930305,45522,512430.3160246235,32558.190158278703,44.918030535725,28.47812012152651,Brazil,Brazil,None,delphi_constant
2020-06-17,961230,46707,515767.52580799087,33066.68446391947,46.342964138864694,29.20400697129024,Brazil,Brazil,None,delphi_constant
2020-06-18,986750,47946,518943.23555309046,33563.65242890748,47.40884362269161,29.99697069847854,Brazil,Brazil,None,delphi_constant
2020-06-19,1042809,49118,521964.25490395346,34049.011829120005,49.94632239423006,30.679156665336528,Brazil,Brazil,None,delphi_constant
2020-06-20,1106332,50100,524837.4962631185,34522.71215275268,52.56057889827661,31.092390912669295,Brazil,Brazil,None,delphi_constant
2020-06-21,1086536,50683,527569.7632086122,34984.73354695946,51.44479674777346,30.973435773416213,Brazil,Brazil,None,delphi_constant
2020-06-22,1114728,51445,530167.7156427384,35435.08450393943,52.43972380322928,31.12044998748288,Brazil,Brazil,None,delphi_constant
2020-06-23,1154255,52851,532637.761402833,35873.79968554144,53.85441159857805,32.122760807664115,Brazil,Brazil,None,delphi_constant
2020-06-24,1195288,53955,534986.0968387203,36300.93809104342,55.24207581447147,32.71997388371158,Brazil,Brazil,None,delphi_constant
2020-06-25,1236752,55135,537218.635297962,36716.580054317536,56.562137332467465,33.40603962216825,Brazil,Brazil,None,delphi_constant
2020-06-26,1281636,56128,539341.0327255679,37120.825748188654,57.91776817087161,33.863979211465484,Brazil,Brazil,None,delphi_constant
2020-06-27,1318556,57159,541358.6955646063,37513.79355710656,58.94306380884798,34.3694019190214,Brazil,Brazil,None,delphi_constant
2020-06-28,1351439,57753,543276.7654017833,37895.61668497923,59.80012672404872,34.38329318826862,Brazil,Brazil,None,delphi_constant
2020-06-29,1372989,58475,545100.1406114012,38266.442295817535,60.29828785143937,34.55931202083363,Brazil,Brazil,None,delphi_constant
2020-06-30,1412669,59792,546833.4854558334,38626.43126702388,61.29075633033404,35.39866325424157,Brazil,Brazil,None,delphi_constant
2020-07-01,1459494,60878,548481.238286746,38975.75412002066,62.41976751622508,35.977275666052336,Brazil,Brazil,None,delphi_constant
2020-07-02,1503895,62137,550047.619352986,39314.589982958845,63.42513145179777,36.7291790994756,Brazil,Brazil,None,delphi_constant
2020-07-03,1546935,63350,551536.6447770414,39643.12660186938,64.3464887162653,37.42205745561266,Brazil,Brazil,None,delphi_constant
2020-07-04,1580502,64410,552952.1250065072,39961.56004653898,65.01414582161192,37.95752205163953,Brazil,Brazil,None,delphi_constant
2020-07-05,1605695,64968,554297.6902965951,40270.09071426329,65.47926659193713,38.01549883902338,Brazil,Brazil,None,delphi_constant
2020-07-06,1630149,65653,555576.7954266564,40568.92283321615,65.91864943470465,38.207054006342204,Brazil,Brazil,None,delphi_constant
2020-07-07,1676848,66953,556792.724841998,40858.264488627196,66.79527751817709,38.974706900919756,Brazil,Brazil,None,delphi_constant
2020-07-08,1722098,68126,557948.5916897727,41138.328348799296,67.60064806475748,39.61434936911121,Brazil,Brazil,None,delphi_constant
2020-07-09,1765060,69348,559047.3569800715,41409.328747932384,68.3270054853619,40.28763807473556,Brazil,Brazil,None,delphi_constant
2020-07-10,1809371,70646,560091.8434948506,41671.48037467138,69.0449419441977,41.01367327991481,Brazil,Brazil,None,delphi_constant
2020-07-11,1844318,71578,561084.7361827032,41924.99826444234,69.57765763915424,41.42753602441764,Brazil,Brazil,None,delphi_constant
2020-07-12,1867976,72195,562028.5844805194,42170.098236816506,69.91243011256465,41.5886166122079,Brazil,Brazil,None,delphi_constant
2020-07-13,1890869,73030,562925.8023588636,42406.996743719246,70.22925425511426,41.93208716456354,Brazil,Brazil,None,delphi_constant
2020-07-14,1933791,74324,563778.691304327,42635.90862359975,70.84593467937708,42.63507262310996,Brazil,Brazil,None,delphi_constant
2020-07-15,1973933,75604,564589.4443947509,42857.04681988093,71.3977402275178,43.313783900480225,Brazil,Brazil,None,delphi_constant
2020-07-16,2017616,76903,565360.1470023989,43070.62239597668,71.97880334997349,43.993573207837564,Brazil,Brazil,None,delphi_constant
2020-07-17,2052234,78026,566092.776682722,43276.84508632743,72.41577828440997,44.53535348944271,Brazil,Brazil,None,delphi_constant
2020-07-18,2077987,78870,566789.2071117298,43475.92272027279,72.7241216084735,44.87647683495272,Brazil,Brazil,None,delphi_constant
2020-07-19,2101399,79578,567451.2259954863,43668.0599626272,72.99650252067855,45.12546185801704,Brazil,Brazil,None,delphi_constant
2020-07-20,2124152,80346,568080.5365721341,43853.45824684484,73.25612590002343,45.419238982843154,Brazil,Brazil,None,delphi_constant
2020-07-21,2171079,81663,568678.7582587413,44032.315808864165,73.80662987119578,46.08045772398251,Brazil,Brazil,None,delphi_constant
2020-07-22,2237229,82959,569247.4258929894,44204.82817752333,74.55569251547387,46.7148492899826,Brazil,Brazil,None,delphi_constant
2020-07-23,2294555,84272,569787.9935485787,44371.18769354915,75.16782149268252,47.34765082880536,Brazil,Brazil,None,delphi_constant
2020-07-24,2351458,85437,570301.8489963048,44531.58281537046,75.74688346564962,47.87787163012459,Brazil,Brazil,None,delphi_constant
2020-07-25,2398993,86536,570790.3147136295,44686.19809748026,76.20708711056558,48.36114669330654,Brazil,Brazil,None,delphi_constant
2020-07-26,2421666,87117,571254.648243254,44835.214213822954,76.4106756157433,48.534483265237604,Brazil,Brazil,None,delphi_constant
2020-07-27,2449677,87802,571696.0419806957,44978.80834456774,76.66239092008065,48.77245581584959,Brazil,Brazil,None,delphi_constant
2020-07-28,2503681,89060,572115.623984172,45117.153951475266,77.14902082237425,49.34072091682544,Brazil,Brazil,None,delphi_constant
2020-07-29,2559132,90259,572514.4708114164,45250.4203900695,77.6285681703243,49.8660295482229,Brazil,Brazil,None,delphi_constant
2020-07-30,2617187,91461,572893.6089505302,45378.77290647218,78.11032956565465,50.38456510810927,Brazil,Brazil,None,delphi_constant
2020-07-31,2670451,92728,573254.014868773,45502.372640540736,78.53343817696812,50.92919868805459,Brazil,Brazil,None,delphi_constant
2020-08-01,2711992,93669,573596.6157107569,45621.376882404744,78.84961992104856,51.29511697316642,Brazil,Brazil,None,delphi_constant
2020-08-02,2736058,94193,573922.2870269794,45735.93908257067,79.02375289460312,51.444439520377664,Brazil,Brazil,None,delphi_constant
2020-08-03,2756164,94795,574231.8632201492,45846.2086446804,79.16554083065634,51.63646959788976,Brazil,Brazil,None,delphi_constant
2020-08-04,2812447,96153,574526.1405747411,45952.33096862677,79.5720189367216,52.20915523319422,Brazil,Brazil,None,delphi_constant
2020-08-05,2868616,97519,574805.8772569965,46054.447450553525,79.96225785336914,52.773872321749074,Brazil,Brazil,None,delphi_constant
2020-08-06,2922605,98745,575071.7937732856,46152.69557442925,80.3233145165602,53.26072654369411,Brazil,Brazil,None,delphi_constant
2020-08-07,2972008,99830,575324.5713762079,46247.209116806596,80.64189021778515,53.67403674566103,Brazil,Brazil,None,delphi_constant
2020-08-08,3018397,100657,575564.8562398305,46338.117973384,80.9314395608056,53.96433633688268,Brazil,Brazil,None,delphi_constant
2020-08-09,3041127,101226,575793.2655458385,46425.548322443574,81.06645116939087,54.136735302744775,Brazil,Brazil,None,delphi_constant
2020-08-10,3067633,102015,576010.3876232958,46509.62263352179,81.22296938312714,54.409035305080835,Brazil,Brazil,None,delphi_constant
2020-08-11,3118153,103209,576216.7820056566,46590.459675111866,81.52057381386813,54.85814253106622,Brazil,Brazil,None,delphi_constant
2020-08-12,3173107,104393,576412.9795641797,46668.17471579068,81.83442980132155,55.29568580672011,Brazil,Brazil,None,delphi_constant
2020-08-13,3233820,105635,576599.4813812205,46742.87942403608,82.16971008339299,55.750575638721934,Brazil,Brazil,None,delphi_constant
2020-08-14,3283227,106642,576776.7653386627,46814.682056437334,82.43262603107667,56.10108394775292,Brazil,Brazil,None,delphi_constant
2020-08-15,3320108,107365,576945.2875604024,46883.687553428186,82.62269517857845,56.33242904724241,Brazil,Brazil,None,delphi_constant
2020-08-16,3343114,107952,577105.4824123482,46949.997539286844,82.73748719270871,56.50845047865084,Brazil,Brazil,None,delphi_constant
2020-08-17,3367511,108748,577257.7626991016,47013.710374967115,82.85802889139482,56.768206886593674,Brazil,Brazil,None,delphi_constant
2020-08-18,3416775,110100,577402.5187996859,47074.9212665604,83.10094990745115,57.24348658804686,Brazil,Brazil,None,delphi_constant
2020-08-19,3465378,111263,577540.1205440123,47133.7222255199,83.33399356306839,57.63755945325948,Brazil,Brazil,None,delphi_constant
2020-08-20,3508352,112500,577670.9212178445,47190.20235449864,83.53440814325802,58.053153462667886,Brazil,Brazil,None,delphi_constant
2020-08-21,3540678,113551,577795.2577245211,47244.447865304544,83.68122552447522,58.39363117427012,Brazil,Brazil,None,delphi_constant
2020-08-22,3586586,114379,577913.4505866027,47296.54207918527,83.88680905500098,58.64927820737612,Brazil,Brazil,None,delphi_constant
2020-08-23,3608459,114834,578025.8041112007,47346.56553353419,83.98136700150394,58.76955820268023,Brazil,Brazil,None,delphi_constant
2020-08-24,3631972,115557,578132.6054328625,47394.59592291156,84.08212933819803,58.985958511460524,Brazil,Brazil,None,delphi_constant
2020-08-25,3678279,116760,578234.1279611982,47440.70831323575,84.27976431474616,59.36904049911293,Brazil,Brazil,None,delphi_constant
2020-08-26,3726431,117839,578330.632767624,47484.975296074816,84.48030749079685,59.703514714080384,Brazil,Brazil,None,delphi_constant
2020-08-27,3768691,118824,578422.368585362,47527.46698864653,84.65190251508118,60.00179510145549,Brazil,Brazil,None,delphi_constant
2020-08-28,3812779,119673,578509.5718735043,47568.251051725696,84.82708880127842,60.25147606249889,Brazil,Brazil,None,delphi_constant
2020-08-29,3850070,120570,578592.4665412629,47607.39275996682,84.97189748390906,60.514727743247235,Brazil,Brazil,None,delphi_constant
2020-08-30,3864604,120971,578671.2643066874,47644.95496935557,85.02637620033806,60.61456467305754,Brazil,Brazil,None,delphi_constant
2020-08-31,3914829,121618,578746.1673357799,47680.998408801854,85.21656584908868,60.79445607656609,Brazil,Brazil,None,delphi_constant
2020-09-01,3959158,122768,578817.3684886639,47715.58171735822,85.38029125160794,61.133535027565635,Brazil,Brazil,None,delphi_constant
2020-09-02,4005611,123972,578885.0513195847,47748.76144421988,85.54814605513155,61.48423721145107,Brazil,Brazil,None,delphi_constant
2020-09-03,4052420,124839,578949.3901629981,47780.59209660368,85.71348995999927,61.726229706579126,Brazil,Brazil,None,delphi_constant
2020-09-04,4091959,125688,579010.5496347805,47811.12611529005,85.8500402952527,61.96046868810862,Brazil,Brazil,None,delphi_constant
2020-09-05,4125816,126292,579068.6862174685,47840.41402324657,85.96474767130992,62.11920468181154,Brazil,Brazil,None,delphi_constant
2020-09-06,4140488,126750,579123.9493561517,47868.50459474764,86.01314749961475,62.233921424262206,Brazil,Brazil,None,delphi_constant
2020-09-07,4150004,127070,579176.4814626053,47895.44485622967,86.04395365733129,62.307826508043064,Brazil,Brazil,None,delphi_constant
2020-09-08,4168790,127595,579226.417942089,47921.280094573376,86.1056465319172,62.44266617455748,Brazil,Brazil,None,delphi_constant
2020-09-09,4205877,128752,579273.8870912077,47946.05389540855,86.22703690357069,62.76092496007165,Brazil,Brazil,None,delphi_constant
2020-09-10,4246638,129726,579319.0101774812,47969.8081234831,86.35817297877801,63.022209793346676,Brazil,Brazil,None,delphi_constant
2020-09-11,4288171,130574,579361.9029568905,47992.58315680611,86.4893003810508,63.244916172587104,Brazil,Brazil,None,delphi_constant
2020-09-12,4318971,131341,579402.6758576266,48014.41792243661,86.58470557321115,63.44293257822263,Brazil,Brazil,None,delphi_constant
2020-09-13,4332991,131746,579441.4339800902,48035.349896483516,86.62721815069337,63.539424425422006,Brazil,Brazil,None,delphi_constant
2020-09-14,4353602,132204,579478.276936884,48055.415097413636,86.68968185569366,63.65055891091522,Brazil,Brazil,None,delphi_constant
2020-09-15,4388154,133286,579513.2991624346,48074.6481609027,86.79368820778774,63.931209458680804,Brazil,Brazil,None,delphi_constant
2020-06-15,893322,44190,508925.04413768783,32038.285150719523,43.03005588828129,27.498788977778858,Brazil,Brazil,None,themis
2020-06-16,930305,45522,512484.80464650743,32558.24796214634,44.91217346499187,28.477993141456132,Brazil,Brazil,None,themis
2020-06-17,961230,46707,516157.4167476515,33067.519088186666,46.30240246895628,29.202220035141057,Brazil,Brazil,None,themis
2020-06-18,986750,47946,520136.7261441758,33567.50437839548,47.287891953972554,29.988936765537304,Brazil,Brazil,None,themis
2020-06-19,1042809,49118,524561.7453223191,34060.20553560393,49.69723647165309,30.65636724702975,Brazil,Brazil,None,themis
2020-06-20,1106332,50100,529546.7010822599,34548.03502202014,52.134919618861254,31.04184626343285,Brazil,Brazil,None,themis
2020-06-21,1086536,50683,535197.8845913442,35033.73282720249,50.74273796806143,30.876757833588204,Brazil,Brazil,None,themis
2020-06-22,1114728,51445,541623.4894210054,35520.34007113067,51.41204944874397,30.954728212400294,Brazil,Brazil,None,themis
2020-06-23,1154255,52851,548939.7810521112,36011.2055670655,52.44207033522825,31.862773519771615,Brazil,Brazil,None,themis
2020-06-24,1195288,53955,557275.3842121663,36510.01312262693,53.37731289763084,32.332474983547534,Brazil,Brazil,None,themis
2020-06-25,1236752,55135,566774.6035396922,37020.822449967614,54.1723317577257,32.85422608149521,Brazil,Brazil,None,themis
2020-06-26,1281636,56128,577600.5956997751,37548.12135966059,54.93255528872666,33.10269142021702,Brazil,Brazil,None,themis
2020-06-27,1318556,57159,589938.2732429852,38096.88815479979,55.258762370124195,33.34927455903745,Brazil,Brazil,None,themis
2020-06-28,1351439,57753,603997.5370707925,38672.66164657134,55.307081039485126,33.03783068139951,Brazil,Brazil,None,themis
2020-06-29,1372989,58475,620016.707889483,39281.62480588335,54.841829913460124,32.823215381131504,Brazil,Brazil,None,themis
2020-06-30,1412669,59792,638266.368706576,39930.69494727751,54.81840624331843,33.217328493314305,Brazil,Brazil,None,themis
2020-07-01,1459494,60878,659053.4317373106,40627.62837587637,54.843703931820855,33.26385824784591,Brazil,Brazil,None,themis
2020-07-02,1503895,62137,682726.1640922666,41381.139436550824,54.602803780033405,33.40338375436403,Brazil,Brazil,None,themis
2020-07-03,1546935,63350,709678.818510414,42201.02716234134,54.12355279889498,33.38432965691974,Brazil,Brazil,None,themis
2020-07-04,1580502,64410,740358.2234884237,43098.330713162795,53.156767692263365,33.087516359008234,Brazil,Brazil,None,themis
2020-07-05,1605695,64968,775269.0322001076,44085.48391438609,51.71754086547522,32.14277195790837,Brazil,Brazil,None,themis
2020-07-06,1630149,65653,814982.0363381812,45176.51179234371,50.00567209879703,31.188960455205844,Brazil,Brazil,None,themis
2020-07-07,1676848,66953,860140.1118343521,46387.22134317665,48.70494452482561,30.716739588701554,Brazil,Brazil,None,themis
2020-07-08,1722098,68126,911468.3121322785,47735.44346657378,47.07221585924387,29.93065281012568,Brazil,Brazil,None,themis
2020-07-09,1765060,69348,969780.3989781834,49241.26754462933,45.0568026595026,28.993961549533758,Brazil,Brazil,None,themis
2020-07-10,1809371,70646,1035990.6699442266,50927.332374782396,42.74304883054793,27.911937866570796,Brazil,Brazil,None,themis
2020-07-11,1844318,71578,1111120.638516506,52819.11064440525,39.7543895078557,26.207618759388012,Brazil,Brazil,None,themis
2020-07-12,1867976,72195,1196312.2875039675,54945.2486835149,35.95676349674902,23.89327698107223,Brazil,Brazil,None,themis
2020-07-13,1890869,73030,1292834.00248707,57337.903558259255,31.62752139428644,21.48719216998596,Brazil,Brazil,None,themis
2020-07-14,1933791,74324,1402094.382999931,60033.124764489905,27.49504041543626,19.227806947298443,Brazil,Brazil,None,themis
2020-07-15,1973933,75604,1525646.0498176739,63071.2388272904,22.710342761498296,16.57684933695254,Brazil,Brazil,None,themis
2020-07-16,2017616,76903,1665197.891793162,66497.25513084455,17.467055584751403,13.53099992088143,Brazil,Brazil,None,themis
2020-07-17,2052234,78026,1822615.2706617028,70361.2786456901,11.188720649706474,9.823291408389391,Brazil,Brazil,None,themis
2020-07-18,2077987,78870,1999926.2428935762,74718.9083324113,3.756556566832413,5.263207388853427,Brazil,Brazil,None,themis
2020-07-19,2101399,79578,2199317.0745601226,79631.62877633177,4.659661233308028,0.06739146036815057,Brazil,Brazil,None,themis
2020-07-20,2124152,80346,2423125.011488322,85167.15873490761,14.074934914654044,6.000496272257006,Brazil,Brazil,None,themis
2020-07-21,2171079,81663,2673828.0840672865,91399.7272269061,23.156646260559217,11.92305845597897,Brazil,Brazil,None,themis
2020-07-22,2237229,82959,2954015.923666676,98410.30636573666,32.03905025666465,18.625232181844837,Brazil,Brazil,None,themis
2020-07-23,2294555,84272,3266368.8696331643,106286.6538150277,42.35304316667782,26.123331373442788,Brazil,Brazil,None,themis
2020-07-24,2351458,85437,3613605.4669042584,115123.28664597518,53.67510144362597,34.746405709441085,Brazil,Brazil,None,themis
2020-07-25,2398993,86536,3998435.7130836393,125021.20671664832,66.67142059537645,44.473059439595445,Brazil,Brazil,None,themis
2020-07-26,2421666,87117,4423495.629349901,136087.37822493125,82.66332472561871,56.21219535214854,Brazil,Brazil,None,themis
2020-07-27,2449677,87802,4891259.971537149,148434.04293016097,99.66958793086388,69.05542348711985,Brazil,Brazil,None,themis
2020-07-28,2503681,89060,5403965.689636743,162177.5686587356,115.84082355686458,82.09922373538694,Brazil,Brazil,None,themis
2020-07-29,2559132,90259,5963504.352500986,177437.08584550122,133.0283999614317,96.58658510010217,Brazil,Brazil,None,themis
2020-07-30,2617187,91461,6571316.586428181,194332.7902767792,151.08318918090993,112.47612673902452,Brazil,Brazil,None,themis
2020-07-31,2670451,92728,7228298.444003833,212983.73994049893,170.677067057356,129.6865455315535,Brazil,Brazil,None,themis
2020-08-01,2711992,93669,7934688.471455752,233505.5444545464,192.57787159607224,149.28796555375462,Brazil,Brazil,None,themis
2020-08-02,2736058,94193,8689982.835038573,256007.69579403926,217.6095987379863,171.7905744524957,Brazil,Brazil,None,themis
2020-08-03,2756164,94795,9492876.62313445,280590.5792818951,244.4235039400576,195.9972353836121,Brazil,Brazil,None,themis
2020-08-04,2812447,96153,10341205.093703393,307342.6535110036,267.6942212138893,219.63917247616155,Brazil,Brazil,None,themis
2020-08-05,2868616,97519,11231937.675755708,336337.49224532297,291.5455284274963,244.89432033277922,Brazil,Brazil,None,themis
2020-08-06,2922605,98745,12161212.803319592,367630.90424143267,316.10867028967624,272.3033107918707,Brazil,Brazil,None,themis
2020-08-07,2972008,99830,13124379.030513018,401258.654598488,341.5997208120913,301.94195592355806,Brazil,Brazil,None,themis
2020-08-08,3018397,100657,14116100.875482652,437234.3636940244,367.66879490943876,334.38048391470477,Brazil,Brazil,None,themis
2020-08-09,3041127,101226,15130495.775555704,475547.9712591834,397.52923095798707,369.7883658933312,Brazil,Brazil,None,themis
2020-08-10,3067633,102015,16161259.971846905,516165.10594133683,426.831598559766,405.969814185499,Brazil,Brazil,None,themis
2020-08-11,3118153,103209,17201857.736903746,559026.7698182347,451.6681746182354,441.6453698982014,Brazil,Brazil,None,themis
2020-08-12,3173107,104393,18245687.045511127,604050.0078056555,475.0101413381625,478.63075858118407,Brazil,Brazil,None,themis
2020-08-13,3233820,105635,19286234.60622298,651129.136528143,496.3917164908059,516.3952634336564,Brazil,Brazil,None,themis
2020-08-14,3283227,106642,20317258.3810847,700137.5625893149,518.8197886129926,556.5307876721319,Brazil,Brazil,None,themis
2020-08-15,3320108,107365,21332891.589275204,750930.1222184114,542.5360738046836,599.4179874432183,Brazil,Brazil,None,themis
2020-08-16,3343114,107952,22332169.74422742,803350.5889067148,568.0050319620397,644.1738818240651,Brazil,Brazil,None,themis
2020-08-17,3367511,108748,23326901.938949548,857276.2011323238,592.7045505998212,688.3144528012689,Brazil,Brazil,None,themis
2020-08-18,3416775,110100,24322494.63070922,912629.2871391178,611.855320608153,728.909434277128,Brazil,Brazil,None,themis
2020-08-19,3465378,111263,25317340.67285252,969342.1513943217,630.5794828977537,771.2169826396212,Brazil,Brazil,None,themis
2020-08-20,3508352,112500,26306110.817736823,1027335.3398282466,649.8138960325766,813.1869687362192,Brazil,Brazil,None,themis
2020-08-21,3540678,113551,27281774.580962837,1086507.510017451,670.5240233922101,856.8453910731309,Brazil,Brazil,None,themis
2020-08-22,3586586,114379,28236870.518354174,1146732.3624234123,687.2910483215562,902.5724673440162,Brazil,Brazil,None,themis
2020-08-23,3608459,114834,29164300.68405317,1207859.8806280242,708.2203700818874,951.8312351986557,Brazil,Brazil,None,themis
2020-08-24,3631972,115557,30057804.984731767,1269720.0385994236,727.5891164560676,998.7824524688452,Brazil,Brazil,None,themis
2020-08-25,3678279,116760,30912229.07445575,1332127.7154156684,740.3992485196405,1040.911027248774,Brazil,Brazil,None,themis
2020-08-26,3726431,117839,31723614.919535663,1394888.4382809934,751.3136274235499,1083.723926952022,Brazil,Brazil,None,themis
2020-08-27,3768691,118824,32489213.955254868,1457803.2220235537,762.0821912768881,1126.8592388941238,Brazil,Brazil,None,themis
2020-08-28,3812779,119673,33207372.80100397,1520674.371302149,770.9493207186666,1170.6912764801993,Brazil,Brazil,None,themis
2020-08-29,3850070,120570,33877465.928772,1583308.7021985487,779.9181814557139,1213.1862836514463,Brazil,Brazil,None,themis
2020-08-30,3864604,120971,34499686.25628542,1645522.1452073157,792.7094795814893,1260.2616703237268,Brazil,Brazil,None,themis
2020-08-31,3914829,121618,35074959.51730079,1707141.5521176744,795.9512539960441,1303.6915194442224,Brazil,Brazil,None,themis
2020-09-01,3959158,122768,35604744.686792344,1768007.3965829166,799.3009293085132,1340.1207127125283,Brazil,Brazil,None,themis
2020-09-02,4005611,123972,36090935.06022269,1827974.6689948093,801.0094854498526,1374.506073141362,Brazil,Brazil,None,themis
2020-09-03,4052420,124839,36535717.91117445,1886913.8609705723,801.5777710892368,1411.4778722759493,Brazil,Brazil,None,themis
2020-09-04,4091959,125688,36941476.21073507,1944711.12742588,802.7821689008874,1447.2528224061803,Brazil,Brazil,None,themis
2020-09-05,4125816,126292,37310709.91344233,2001268.1327429346,804.3231669430321,1484.6357114804855,Brazil,Brazil,None,themis
2020-09-06,4140488,126750,37645950.199365966,2056501.65294965,809.215295379819,1522.48651120288,Brazil,Brazil,None,themis
2020-09-07,4150004,127070,37949723.41657311,2110342.8187049474,814.450285266547,1560.7718727511979,Brazil,Brazil,None,themis
2020-09-08,4168790,127595,38224489.324567415,2162736.3154894104,816.920481112443,1595.0008350557705,Brazil,Brazil,None,themis
2020-09-09,4205877,128752,38472626.400592096,2213639.3910886655,814.7349387676362,1619.3048582458257,Brazil,Brazil,None,themis
2020-09-10,4246638,129726,38696396.303426325,2263020.843172551,811.2242744360675,1644.4620532295385,Brazil,Brazil,None,themis
2020-09-11,4288171,130574,38897939.33474221,2310859.9695299584,807.0986053201286,1669.7703750593216,Brazil,Brazil,None,themis
2020-09-12,4318971,131341,39079258.37492638,2357145.521619327,804.8279873823274,1694.676088669438,Brazil,Brazil,None,themis
2020-09-13,4332991,131746,39242220.87462011,2401874.692774212,805.661259730752,1723.1101458672083,Brazil,Brazil,None,themis
2020-09-14,4353602,132204,39388553.99368761,2445052.129814688,804.734837812175,1749.4539725081602,Brazil,Brazil,None,themis
2020-09-15,4388154,133286,39519851.487868756,2486689.0419526696,800.6031121029198,1765.6790975441304,Brazil,Brazil,None,themis
2020-06-15,893322,44190,6033779.090520802,0.0,575.4316014293616,100.0,Brazil,Brazil,None,sir
2020-06-16,930305,45522,6789753.277814057,0.0,629.8416409472223,100.0,Brazil,Brazil,None,sir
2020-06-17,961230,46707,7635801.254384395,0.0,694.3781669719416,100.0,Brazil,Brazil,None,sir
2020-06-18,986750,47946,8581441.992229084,0.0,769.6672908263575,100.0,Brazil,Brazil,None,sir
2020-06-19,1042809,49118,9636872.94414268,0.0,824.1263686967297,100.0,Brazil,Brazil,None,sir
2020-06-20,1106332,50100,10812959.002750302,0.0,877.3701748435643,100.0,Brazil,Brazil,None,sir
2020-06-21,1086536,50683,12121176.87520486,0.0,1015.5798680582014,100.0,Brazil,Brazil,None,sir
2020-06-22,1114728,51445,13573522.254265847,0.0,1117.6532978687042,100.0,Brazil,Brazil,None,sir
2020-06-23,1154255,52851,15182292.876067646,0.0,1215.332649723644,100.0,Brazil,Brazil,None,sir
2020-06-24,1195288,53955,16960029.971816983,0.0,1318.9074074044902,100.0,Brazil,Brazil,None,sir
2020-06-25,1236752,55135,18919282.2580352,0.0,1429.7555417767833,100.0,Brazil,Brazil,None,sir
2020-06-26,1281636,56128,21072338.637475044,0.0,1544.1749948873974,100.0,Brazil,Brazil,None,sir
2020-06-27,1318556,57159,23430638.180402435,0.0,1676.9922688458007,100.0,Brazil,Brazil,None,sir
2020-06-28,1351439,57753,26004687.924003787,0.0,1824.222101330788,100.0,Brazil,Brazil,None,sir
2020-06-29,1372989,58475,28803547.29267027,0.0,1997.8716721452442,100.0,Brazil,Brazil,None,sir
2020-06-30,1412669,59792,31834525.17077056,0.0,2153.5020709572136,100.0,Brazil,Brazil,None,sir
2020-07-01,1459494,60878,35102154.45148489,0.0,2305.09069934408,100.0,Brazil,Brazil,None,sir
2020-07-02,1503895,62137,38607922.584873006,0.0,2467.195355052913,100.0,Brazil,Brazil,None,sir
2020-07-03,1546935,63350,42350240.82282318,0.0,2637.6871570442963,100.0,Brazil,Brazil,None,sir
2020-07-04,1580502,64410,46323656.93078279,0.0,2830.9457963851223,100.0,Brazil,Brazil,None,sir
2020-07-05,1605695,64968,50518248.78100586,0.0,3046.192071408696,100.0,Brazil,Brazil,None,sir
2020-07-06,1630149,65653,54919951.286888085,0.0,3269.0141997380656,100.0,Brazil,Brazil,None,sir
2020-07-07,1676848,66953,59510573.07487999,0.0,3448.9545310535,100.0,Brazil,Brazil,None,sir
2020-07-08,1722098,68126,64267796.48448694,0.0,3631.9476873259787,100.0,Brazil,Brazil,None,sir
2020-07-09,1765060,69348,69165383.96846938,0.0,3818.5854287372317,100.0,Brazil,Brazil,None,sir
2020-07-10,1809371,70646,74174360.86514972,0.0,3999.4556044697147,100.0,Brazil,Brazil,None,sir
2020-07-11,1844318,71578,79261574.9882557,0.0,4197.608925806488,100.0,Brazil,Brazil,None,sir
2020-07-12,1867976,72195,84393456.65040208,0.0,4417.909044356142,100.0,Brazil,Brazil,None,sir
2020-07-13,1890869,73030,89536704.41026163,0.0,4635.214571197774,100.0,Brazil,Brazil,None,sir
2020-07-14,1933791,74324,94658285.07256491,0.0,4794.959438355278,100.0,Brazil,Brazil,None,sir
2020-07-15,1973933,75604,99725433.68810047,0.0,4952.118470490157,100.0,Brazil,Brazil,None,sir
2020-07-16,2017616,76903,104706849.74273714,0.0,5089.632206660591,100.0,Brazil,Brazil,None,sir
2020-07-17,2052234,78026,109575353.38847941,0.0,5239.32063246586,100.0,Brazil,Brazil,None,sir
2020-07-18,2077987,78870,114306667.01842983,0.0,5400.836483502055,100.0,Brazil,Brazil,None,sir
2020-07-19,2101399,79578,118880317.07418132,0.0,5557.198707821852,100.0,Brazil,Brazil,None,sir
2020-07-20,2124152,80346,123279655.9299108,0.0,5703.711595493674,100.0,Brazil,Brazil,None,sir
2020-07-21,2171079,81663,127491861.89237909,0.0,5772.281105034827,100.0,Brazil,Brazil,None,sir
2020-07-22,2237229,82959,131507740.17941159,0.0,5778.152847983447,100.0,Brazil,Brazil,None,sir
2020-07-23,2294555,84272,135321840.4403816,0.0,5797.520017623529,100.0,Brazil,Brazil,None,sir
2020-07-24,2351458,85437,138932087.89271954,0.0,5808.338056334391,100.0,Brazil,Brazil,None,sir
2020-07-25,2398993,86536,142338645.9028239,0.0,5833.266412316497,100.0,Brazil,Brazil,None,sir
2020-07-26,2421666,87117,145543889.0855032,0.0,5910.072779875639,100.0,Brazil,Brazil,None,sir
2020-07-27,2449677,87802,148552403.3039761,0.0,5964.162879594987,100.0,Brazil,Brazil,None,sir
2020-07-28,2503681,89060,151370517.56679037,0.0,5945.918691989529,100.0,Brazil,Brazil,None,sir
2020-07-29,2559132,90259,154005348.20954096,0.0,5917.874349956976,100.0,Brazil,Brazil,None,sir
2020-07-30,2617187,91461,156465610.03265002,0.0,5878.388629954605,100.0,Brazil,Brazil,None,sir
2020-07-31,2670451,92728,158760132.45766777,0.0,5845.0681722925365,100.0,Brazil,Brazil,None,sir
2020-08-01,2711992,93669,160897773.62172487,0.0,5832.826262825439,100.0,Brazil,Brazil,None,sir
2020-08-02,2736058,94193,162887420.3775325,0.0,5853.361382599803,100.0,Brazil,Brazil,None,sir
2020-08-03,2756164,94795,164737988.29338217,0.0,5877.074959740501,100.0,Brazil,Brazil,None,sir
2020-08-04,2812447,96153,166458421.65314594,0.0,5818.633192132898,100.0,Brazil,Brazil,None,sir
2020-08-05,2868616,97519,168057504.7473367,0.0,5758.487324456696,100.0,Brazil,Brazil,None,sir
2020-08-06,2922605,98745,169543548.8410108,0.0,5701.110613340182,100.0,Brazil,Brazil,None,sir
2020-08-07,2972008,99830,170924547.59271032,0.0,5651.146954944614,100.0,Brazil,Brazil,None,sir
2020-08-08,3018397,100657,172208028.38616338,0.0,5605.280928458496,100.0,Brazil,Brazil,None,sir
2020-08-09,3041127,101226,173401050.6273366,0.0,5601.868110977825,100.0,Brazil,Brazil,None,sir
2020-08-10,3067633,102015,174510205.74443495,0.0,5588.757610328059,100.0,Brazil,Brazil,None,sir
2020-08-11,3118153,103209,175541617.1879019,0.0,5529.666574664614,100.0,Brazil,Brazil,None,sir
2020-08-12,3173107,104393,176500963.0300556,0.0,5462.401867634959,100.0,Brazil,Brazil,None,sir
2020-08-13,3233820,105635,177393679.51260024,0.0,5385.576795016428,100.0,Brazil,Brazil,None,sir
2020-08-14,3283227,106642,178224724.00472704,0.0,5328.339983946496,100.0,Brazil,Brazil,None,sir
2020-08-15,3320108,107365,178998685.04679185,0.0,5291.351276729307,100.0,Brazil,Brazil,None,sir
2020-08-16,3343114,107952,179719829.69080126,0.0,5275.821156287259,100.0,Brazil,Brazil,None,sir
2020-08-17,3367511,108748,180392103.50041258,0.0,5256.8378395916925,100.0,Brazil,Brazil,None,sir
2020-08-18,3416775,110100,181019130.55093384,0.0,5197.952910300908,100.0,Brazil,Brazil,None,sir
2020-08-19,3465378,111263,181604213.42932382,0.0,5140.53114636625,100.0,Brazil,Brazil,None,sir
2020-08-20,3508352,112500,182150434.1101658,0.0,5091.908739777702,100.0,Brazil,Brazil,None,sir
2020-08-21,3540678,113551,182660636.2800026,0.0,5058.916915912789,100.0,Brazil,Brazil,None,sir
2020-08-22,3586586,114379,183137378.10741663,0.0,5006.175569397099,100.0,Brazil,Brazil,None,sir
2020-08-23,3608459,114834,183583055.1562561,0.0,4987.574922044455,100.0,Brazil,Brazil,None,sir
2020-08-24,3631972,115557,183999900.5495751,0.0,4966.115612939061,100.0,Brazil,Brazil,None,sir
2020-08-25,3678279,116760,184389984.96963352,0.0,4912.941785265161,100.0,Brazil,Brazil,None,sir
2020-08-26,3726431,117839,184755216.6578971,0.0,4857.966930231557,100.0,Brazil,Brazil,None,sir
2020-08-27,3768691,118824,185097341.41503748,0.0,4811.449132206315,100.0,Brazil,Brazil,None,sir
2020-08-28,3812779,119673,185417944.91197392,0.0,4763.0656251509445,100.0,Brazil,Brazil,None,sir
2020-08-29,3850070,120570,185718521.49836275,0.0,4723.7699963471505,100.0,Brazil,Brazil,None,sir
2020-08-30,3864604,120971,186000420.32047164,0.0,4712.923143495987,100.0,Brazil,Brazil,None,sir
2020-08-31,3914829,121618,186264883.2619081,0.0,4657.931528092495,100.0,Brazil,Brazil,None,sir
2020-09-01,3959158,122768,186513077.4941788,0.0,4610.92786633367,100.0,Brazil,Brazil,None,sir
2020-09-02,4005611,123972,186746095.47668943,0.0,4562.1126084557245,100.0,Brazil,Brazil,None,sir
2020-09-03,4052420,124839,186964954.95674482,0.0,4513.66183556356,100.0,Brazil,Brazil,None,sir
2020-09-04,4091959,125688,187170598.9695488,0.0,4474.107388894874,100.0,Brazil,Brazil,None,sir
2020-09-05,4125816,126292,187363895.8382043,0.0,4441.256707478092,100.0,Brazil,Brazil,None,sir
2020-09-06,4140488,126750,187545645.18201342,0.0,4429.554129416953,100.0,Brazil,Brazil,None,sir
2020-09-07,4150004,127070,187716589.5171627,0.0,4423.286953871917,100.0,Brazil,Brazil,None,sir
2020-09-08,4168790,127595,187877400.6432099,0.0,4406.760970046702,100.0,Brazil,Brazil,None,sir
2020-09-09,4205877,128752,188028712.00395188,0.0,4370.618422839086,100.0,Brazil,Brazil,None,sir
2020-09-10,4246638,129726,188171121.12311855,0.0,4331.0610210505,100.0,Brazil,Brazil,None,sir
2020-09-11,4288171,130574,188305189.6043729,0.0,4291.2705347891415,100.0,Brazil,Brazil,None,sir
2020-09-12,4318971,131341,188431443.13131085,0.0,4262.878174715942,100.0,Brazil,Brazil,None,sir
2020-09-13,4332991,131746,188550371.4674615,0.0,4251.506187468691,100.0,Brazil,Brazil,None,sir
2020-09-14,4353602,132204,188662428.44775409,0.0,4233.4790007849615,100.0,Brazil,Brazil,None,sir
2020-09-15,4388154,133286,188768028.92245388,0.0,4201.763997399678,100.0,Brazil,Brazil,None,sir
2020-06-15,893322,44190,1642068.590235542,83776.46078733532,83.81598015447308,89.58239598853886,Brazil,Brazil,None,seir
2020-06-16,930305,45522,1758318.0596149708,89724.6224105173,89.00447268529899,97.10167042422852,Brazil,Brazil,None,seir
2020-06-17,961230,46707,1882685.577038169,96091.09131790999,95.86213258410254,105.73167045177381,Brazil,Brazil,None,seir
2020-06-18,986750,47946,2015727.0996858133,102904.58345752812,104.27941217996587,114.62600312336404,Brazil,Brazil,None,seir
2020-06-19,1042809,49118,2158033.8148602624,110195.70334364744,106.94430282633371,124.34892166547384,Brazil,Brazil,None,seir
2020-06-20,1106332,50100,2310234.320657134,117997.33455571932,108.81926227001786,135.52362186770324,Brazil,Brazil,None,seir
2020-06-21,1086536,50683,2472994.635702355,126344.64045664627,127.60356175058672,149.28406064488345,Brazil,Brazil,None,seir
2020-06-22,1114728,51445,2647018.378143866,135275.07342139469,137.4586785425562,162.95086679248652,Brazil,Brazil,None,seir
2020-06-23,1154255,52851,2833057.1404104135,144828.4611253838,145.44464961472235,174.03163823841325,Brazil,Brazil,None,seir
2020-06-24,1195288,53955,3031915.7949380404,155046.6791682699,153.6556708456908,187.3629490654618,Brazil,Brazil,None,seir
2020-06-25,1236752,55135,3244446.257109543,165974.52293034067,162.33604288568304,201.0329607877767,Brazil,Brazil,None,seir
2020-06-26,1281636,56128,3471548.1766810617,177659.95052822286,170.86849750483458,216.5264226913891,Brazil,Brazil,None,seir
2020-06-27,1318556,57159,3714168.9377820855,190154.08281488257,181.68458053977878,232.6756640509501,Brazil,Brazil,None,seir
2020-06-28,1351439,57753,3973307.8593116594,203511.23460274513,194.00571237855792,252.3821006748483,Brazil,Brazil,None,seir
2020-06-29,1372989,58475,4250038.4624884995,217788.44473149718,209.54643209002398,272.44710514150864,Brazil,Brazil,None,seir
2020-06-30,1412669,59792,4545496.281793811,233046.02490787843,221.76654841253054,289.76121372069576,Brazil,Brazil,None,seir
2020-07-01,1459494,60878,4860872.505495082,249348.45673841407,233.05190055560908,309.5871361385296,Brazil,Brazil,None,seir
2020-07-02,1503895,62137,5197414.0795955965,266764.4113303402,245.59687209516602,329.31652852622466,Brazil,Brazil,None,seir
2020-07-03,1546935,63350,5556426.151241008,285366.7382907977,259.1893745529714,350.46051821751803,Brazil,Brazil,None,seir
2020-07-04,1580502,64410,5939303.206293324,305231.66190676816,275.78587096336,373.88862273989776,Brazil,Brazil,None,seir
2020-07-05,1605695,64968,6347519.750966486,326439.1477333242,295.31291751960896,402.4614390674243,Brazil,Brazil,None,seir
2020-07-06,1630149,65653,6782607.492820986,349074.335184291,316.0728554764617,431.6959395370981,Brazil,Brazil,None,seir
2020-07-07,1676848,66953,7246154.922047876,373227.60904882214,332.12950261728406,457.4471779439639,Brazil,Brazil,None,seir
2020-07-08,1722098,68126,7739811.906348478,398994.47012552933,349.4408510054874,485.6713591367897,Brazil,Brazil,None,seir
2020-07-09,1765060,69348,8265336.169841519,426473.9036937243,368.27508242447954,514.9765006831117,Brazil,Brazil,None,seir
2020-07-10,1809371,70646,8824566.50203316,455769.3928033283,387.7145981688199,545.1453625163891,Brazil,Brazil,None,seir
2020-07-11,1844318,71578,9419386.382577155,486990.51148800267,410.72463547919364,580.3633958590666,Brazil,Brazil,None,seir
2020-07-12,1867976,72195,10051723.38811096,520252.9609171388,438.10773736445003,620.6218725910919,Brazil,Brazil,None,seir
2020-07-13,1890869,73030,10723570.313713416,555677.6191410832,467.1239157082493,660.8895236766851,Brazil,Brazil,None,seir
2020-07-14,1933791,74324,11437042.57115171,593388.1244566721,491.4311614415265,698.3802331099942,Brazil,Brazil,None,seir
2020-07-15,1973933,75604,12194291.943843067,633513.8169123654,517.7662536592208,737.9369040161438,Brazil,Brazil,None,seir
2020-07-16,2017616,76903,12997479.842349729,676190.5748677315,544.199879578162,779.2772386873484,Brazil,Brazil,None,seir
2020-07-17,2052234,78026,13848782.396257287,721560.477486194,574.814977057065,824.7692788124394,Brazil,Brazil,None,seir
2020-07-18,2077987,78870,14750474.344254872,769767.7432384761,609.8443996163052,875.9956171402005,Brazil,Brazil,None,seir
2020-07-19,2101399,79578,15704880.231914315,820959.8927225388,647.3535597910876,931.6417762730136,Brazil,Brazil,None,seir
2020-07-20,2124152,80346,16714273.622913886,875290.5155961325,686.8680594850974,989.4014830808409,Brazil,Brazil,None,seir
2020-07-21,2171079,81663,17780875.091226257,932919.172340206,718.9879360090655,1042.4012984340595,Brazil,Brazil,None,seir
2020-07-22,2237229,82959,18906939.026204128,994006.6324325389,745.1052183841765,1098.1902294296447,Brazil,Brazil,None,seir
2020-07-23,2294555,84272,20094760.610659763,1058713.3097154798,775.758507015947,1156.304952671682,Brazil,Brazil,None,seir
2020-07-24,2351458,85437,21346498.756415047,1127203.8735013194,807.7984278866578,1219.3392482195295,Brazil,Brazil,None,seir
2020-07-25,2398993,86536,22664161.390281934,1199647.3477531152,844.7364535987364,1286.2985898968236,Brazil,Brazil,None,seir
2020-07-26,2421666,87117,24049711.45670945,1276211.0139303836,893.1060458671611,1364.9391208723712,Brazil,Brazil,None,seir
2020-07-27,2449677,87802,25505096.991712745,1357057.108088377,941.1616303583183,1445.5879229270142,Brazil,Brazil,None,seir
2020-07-28,2503681,89060,27032010.897385474,1442348.920326471,979.6906993097552,1519.5249498388403,Brazil,Brazil,None,seir
2020-07-29,2559132,90259,28631869.249490194,1532250.8218430853,1018.8117396636904,1597.6155528457941,Brazil,Brazil,None,seir
2020-07-30,2617187,91461,30305972.7501907,1626919.240653257,1057.9597770503485,1678.8119970842838,Brazil,Brazil,None,seir
2020-07-31,2670451,92728,32055494.78634975,1726500.1199550126,1100.3775686709755,1761.8972909531237,Brazil,Brazil,None,seir
2020-08-01,2711992,93669,33881202.43169684,1831136.0837501339,1149.3105596069915,1854.9008570072638,Brazil,Brazil,None,seir
2020-08-02,2736058,94193,35783456.108971514,1940965.4387035714,1207.8471329544736,1960.6259899393497,Brazil,Brazil,None,seir
2020-08-03,2756164,94795,37762464.66760873,2056108.6284235236,1270.1094952117774,2069.0053572693955,Brazil,Brazil,None,seir
2020-08-04,2812447,96153,39818132.517745726,2176670.728255603,1315.782502487895,2163.7574784516373,Brazil,Brazil,None,seir
2020-08-05,2868616,97519,41949806.28884023,2302748.2762486218,1362.3709234292853,2261.3329466551354,Brazil,Brazil,None,seir
2020-08-06,2922605,98745,44156353.46872283,2434424.888892713,1410.8560160789032,2365.3652224342627,Brazil,Brazil,None,seir
2020-08-07,2972008,99830,46436480.16306955,2571754.914250943,1462.4614793455992,2476.1343426334197,Brazil,Brazil,None,seir
2020-08-08,3018397,100657,48788377.88737263,2714774.544569376,1516.3671606939918,2597.0548939163455,Brazil,Brazil,None,seir
2020-08-09,3041127,101226,51209582.4703741,2863505.863615653,1583.9014769976427,2728.8244755454657,Brazil,Brazil,None,seir
2020-08-10,3067633,102015,53697237.42801958,3017944.713010471,1650.445292120002,2858.334277322424,Brazil,Brazil,None,seir
2020-08-11,3118153,103209,56248253.45896576,3178051.8312145947,1703.8965201183444,2979.2390500969823,Brazil,Brazil,None,seir
2020-08-12,3173107,104393,58858901.64787447,3343768.4920814913,1754.9296209637578,3103.058147655007,Brazil,Brazil,None,seir
2020-08-13,3233820,105635,61524829.21637453,3515015.704057411,1802.5434073750096,3227.510488055484,Brazil,Brazil,None,seir
2020-08-14,3283227,106642,64241525.16738615,3691674.3823818043,1856.6580430590438,3361.7452620747963,Brazil,Brazil,None,seir
2020-08-15,3320108,107365,67004119.98544241,3873594.2590057394,1918.1307350677268,3507.8743156575597,Brazil,Brazil,None,seir
2020-08-16,3343114,107952,69807143.5924861,4060605.5414286708,1988.0874416034303,3661.4917198650055,Brazil,Brazil,None,seir
2020-08-17,3367511,108748,72644763.75357392,4252510.114358724,2057.2242452533615,3810.426044027223,Brazil,Brazil,None,seir
2020-08-18,3416775,110100,75511175.86568473,4449066.605105513,2110.013122482011,3940.93242970528,Brazil,Brazil,None,seir
2020-08-19,3465378,111263,78400201.90345563,4650012.358909546,2162.3852838984844,4079.2980226216678,Brazil,Brazil,None,seir
2020-08-20,3508352,112500,81305261.62935743,4855066.843890408,2217.477312121401,4215.614972347029,Brazil,Brazil,None,seir
2020-08-21,3540678,113551,84219847.49760818,5063914.612353331,2278.6361679206125,4359.594906564743,Brazil,Brazil,None,seir
2020-08-22,3586586,114379,87137524.59160237,5276210.1447719205,2329.539528442992,4512.918581882968,Brazil,Brazil,None,seir
2020-08-23,3608459,114834,90051658.01723853,5491596.594868748,2395.5710461789513,4682.204394925499,Brazil,Brazil,None,seir
2020-08-24,3631972,115557,92955540.33007342,5709702.568162808,2459.3683081828112,4841.026998072647,Brazil,Brazil,None,seir
2020-08-25,3678279,116760,95842881.00486231,5930125.879104171,2505.644677982891,4978.901917697988,Brazil,Brazil,None,seir
2020-08-26,3726431,117839,98707519.12447548,6152453.91993157,2548.8487006595715,5121.067660054456,Brazil,Brazil,None,seir
2020-08-27,3768691,118824,101543335.77317597,6376272.794967391,2594.3927154859866,5266.148921907519,Brazil,Brazil,None,seir
2020-08-28,3812779,119673,104344495.59930344,6601159.9227818735,2636.704529669919,5415.997696039937,Brazil,Brazil,None,seir
2020-08-29,3850070,120570,107105707.79013,6826677.500970336,2681.915855818985,5562.003401319014,Brazil,Brazil,None,seir
2020-08-30,3864604,120971,109821939.41422468,7052393.663918817,2741.7384915563066,5729.82174564054,Brazil,Brazil,None,seir
2020-08-31,3914829,121618,112488404.77126174,7277885.605125445,2773.392548467934,5884.217472023422,Brazil,Brazil,None,seir
2020-09-01,3959158,122768,115100798.55330437,7502732.23102547,2807.2039699679676,6011.309324111715,Brazil,Brazil,None,seir
2020-09-02,4005611,123972,117655379.32382414,7726514.57672963,2837.264235688991,6132.467473888967,Brazil,Brazil,None,seir
2020-09-03,4052420,124839,120148768.0098504,7948830.584676745,2864.8646490208416,6267.265505712754,Brazil,Brazil,None,seir
2020-09-04,4091959,125688,122577950.61632018,8169296.204779635,2895.581104706088,6399.662819664276,Brazil,Brazil,None,seir
2020-09-05,4125816,126292,124940396.90666774,8387541.280055458,2928.2590621265645,6541.387641383031,Brazil,Brazil,None,seir
2020-09-06,4140488,126750,127234092.10499786,8603211.376555478,2972.9250297307435,6687.543492351462,Brazil,Brazil,None,seir
2020-09-07,4150004,127070,129457404.29985517,8815975.0679908,3019.4525185964926,6837.888618864248,Brazil,Brazil,None,seir
2020-09-08,4168790,127595,131609099.4248446,9025523.495456073,3057.0095741173,6973.571453000566,Brazil,Brazil,None,seir
2020-09-09,4205877,128752,133688349.11557035,9231569.827501323,3078.608150347011,7070.0399430698735,Brazil,Brazil,None,seir
2020-09-10,4246638,129726,135694723.56849986,9433850.290412517,3095.3447307846786,7172.135339417324,Brazil,Brazil,None,seir
2020-09-11,4288171,130574,137628059.1659181,9632131.503859786,3109.481598702993,7276.760690382301,Brazil,Brazil,None,seir
2020-09-12,4318971,131341,139488540.5402637,9826202.109774005,3129.6706910109774,7381.443045030877,Brazil,Brazil,None,seir
2020-09-13,4332991,131746,141276714.86550888,10015871.627469786,3160.489460179098,7502.410416612106,Brazil,Brazil,None,seir
2020-09-14,4353602,132204,142993419.96708614,10200973.983666027,3184.485351832486,7616.085733915787,Brazil,Brazil,None,seir
2020-09-15,4388154,133286,144639602.3090767,10381374.547714232,3196.1377907219457,7688.795933342009,Brazil,Brazil,None,seir
2020-06-15,893322,44190,2350123.4973318856,313799.93097044807,163.07686336302987,610.1152545156101,Brazil,Brazil,None,seird
2020-06-16,930305,45522,2599332.3162114318,347163.86954360857,179.40646521425035,662.6287718984415,Brazil,Brazil,None,seird
2020-06-17,961230,46707,2874368.064971345,384006.31251869805,199.03020764763323,722.1600884636093,Brazil,Brazil,None,seird
2020-06-18,986750,47946,3177783.4291203823,424671.0288945256,222.04544505907094,785.7277539200885,Brazil,Brazil,None,seird
2020-06-19,1042809,49118,3512337.7837922024,469539.4153900915,236.81506237404957,855.9416413333023,Brazil,Brazil,None,seird
2020-06-20,1106332,50100,3881033.464607479,519022.4835685989,250.80188086464813,935.9730210950078,Brazil,Brazil,None,seird
2020-06-21,1086536,50683,4287127.534360775,573563.469209335,294.56838377750717,1031.6683487744117,Brazil,Brazil,None,seird
2020-06-22,1114728,51445,4734112.394638829,633651.4841411817,324.6876722069266,1131.7066462069815,Brazil,Brazil,None,seird
2020-06-23,1154255,52851,5225770.90735862,699805.7041743312,352.73972452868907,1224.1106207533087,Brazil,Brazil,None,seird
2020-06-24,1195288,53955,5766152.728547238,772588.1410516523,382.40697878228826,1331.912039758414,Brazil,Brazil,None,seird
2020-06-25,1236752,55135,6359565.794993327,852609.8652993812,414.2151211393495,1446.4040360921035,Brazil,Brazil,None,seird
2020-06-26,1281636,56128,7010634.109234364,940510.0827388644,447.0066469133485,1575.6522283688432,Brazil,Brazil,None,seird
2020-06-27,1318556,57159,7724213.299522431,1036984.7343174788,485.80851321615694,1714.210770512918,Brazil,Brazil,None,seird
2020-06-28,1351439,57753,8505441.743476963,1142764.9032186596,529.3618686064974,1878.7108950507497,Brazil,Brazil,None,seird
2020-06-29,1372989,58475,9359706.541851083,1258618.5639875631,581.7029518700502,2052.4045557718055,Brazil,Brazil,None,seird
2020-06-30,1412669,59792,10292568.174969958,1385367.5414467414,628.5902199998696,2216.9780931341006,Brazil,Brazil,None,seird
2020-07-01,1459494,60878,11309828.552991053,1523845.4358904748,674.9143575095926,2403.1134989494967,Brazil,Brazil,None,seird
2020-07-02,1503895,62137,12417345.876700576,1674939.7623092667,725.679045192688,2595.5594288576317,Brazil,Brazil,None,seird
2020-07-03,1546935,63350,13621105.437917039,1839542.0379681278,780.522157551354,2803.775908394835,Brazil,Brazil,None,seird
2020-07-04,1580502,64410,14927048.395025946,2018568.0535002097,844.449826385917,3033.93580732838,Brazil,Brazil,None,seird
2020-07-05,1605695,64968,16341020.250028552,2212940.2701016874,917.6914202279107,3306.2003911182237,Brazil,Brazil,None,seird
2020-07-06,1630149,65653,17868700.27387162,2423557.6802787534,996.1390813889785,3591.4652495373452,Brazil,Brazil,None,seird
2020-07-07,1676848,66953,19515377.657897417,2651322.800357431,1063.8131576563537,3859.976103173019,Brazil,Brazil,None,seird
2020-07-08,1722098,68126,21285989.792265657,2897061.767994985,1136.0498526951228,4152.505310740371,Brazil,Brazil,None,seird
2020-07-09,1765060,69348,23184758.050551035,3161584.424222262,1213.5393726304508,4459.013128312658,Brazil,Brazil,None,seird
2020-07-10,1809371,70646,25215288.518030487,3445573.697813923,1293.5941560923927,4777.238198643834,Brazil,Brazil,None,seird
2020-07-11,1844318,71578,27380144.354204398,3749657.673512457,1384.5674311156968,5138.561671899825,Brazil,Brazil,None,seird
2020-07-12,1867976,72195,29680958.68447441,4074291.4198058075,1488.9368324043996,5543.453729213668,Brazil,Brazil,None,seird
2020-07-13,1890869,73030,32118019.864191223,4419824.414966098,1598.5851407046825,5952.066842347115,Brazil,Brazil,None,seird
2020-07-14,1933791,74324,34690375.35314761,4786391.382826963,1693.9050990074734,6339.900143731451,Brazil,Brazil,None,seird
2020-07-15,1973933,75604,37395488.91478047,5173968.726683411,1794.4659679320657,6743.511886518452,Brazil,Brazil,None,seird
2020-07-16,2017616,76903,40229341.07469257,5582284.468568397,1893.9047407778571,7158.864372740201,Brazil,Brazil,None,seird
2020-07-17,2052234,78026,43186203.85360653,6010863.402372681,2004.3508612373894,7603.667242166304,Brazil,Brazil,None,seird
2020-07-18,2077987,78870,46258753.52464656,6458963.864757457,2126.132960631927,8089.379820917277,Brazil,Brazil,None,seird
2020-07-19,2101399,79578,49437997.7097479,6925612.318499062,2252.6230720461895,8602.923318629599,Brazil,Brazil,None,seird
2020-07-20,2124152,80346,52713409.097978465,7409575.072986304,2381.6213292635584,9122.083330827052,Brazil,Brazil,None,seird
2020-07-21,2171079,81663,56073027.38666436,7909379.718768556,2482.726256698368,9585.389611903256,Brazil,Brazil,None,seird
2020-07-22,2237229,82959,59503603.33721109,8423331.563314283,2559.701055958558,10053.607882585715,Brazil,Brazil,None,seird
2020-07-23,2294555,84272,62990880.77129042,8949513.363797722,2645.2329872803407,10519.794669401132,Brazil,Brazil,None,seird
2020-07-24,2351458,85437,66519720.40134597,9485857.021063453,2728.8712960786866,11002.750589397396,Brazil,Brazil,None,seird
2020-07-25,2398993,86536,70074540.7759015,10030108.65643311,2820.998134463148,11490.67747114855,Brazil,Brazil,None,seird
2020-07-26,2421666,87117,73639389.88817443,10579960.515167855,2940.856579238195,12044.541840476433,Brazil,Brazil,None,seird
2020-07-27,2449677,87802,77198479.30605099,11132976.47720395,3051.373805854853,12579.638820532506,Brazil,Brazil,None,seird
2020-07-28,2503681,89060,80736215.26865506,11686762.718547888,3124.700561639245,13022.34753935312,Brazil,Brazil,None,seird
2020-07-29,2559132,90259,84237682.82112327,12238887.896619618,3191.6505604682866,13459.742404214114,Brazil,Brazil,None,seird
2020-07-30,2617187,91461,87688737.42474966,12787018.100337986,3250.49568199558,13880.842217270734,Brazil,Brazil,None,seird
2020-07-31,2670451,92728,91076254.34710142,13328907.781466736,3310.519584411076,14274.199574526287,Brazil,Brazil,None,seird
2020-08-01,2711992,93669,94388313.07683696,13862440.504328359,3380.405291639391,14699.389877471052,Brazil,Brazil,None,seird
2020-08-02,2736058,94193,97614303.78687797,14385659.57187607,3467.698630178087,15172.535721206532,Brazil,Brazil,None,seird
2020-08-03,2756164,94795,100744978.36443752,14896803.770173272,3555.2606580899223,15614.756864996332,Brazil,Brazil,None,seird
2020-08-04,2812447,96153,103772539.34266406,15394302.320099229,3589.7598192130927,15910.215302797864,Brazil,Brazil,None,seird
2020-08-05,2868616,97519,106690633.65622583,15876786.588752719,3619.237209031318,16180.711029391932,Brazil,Brazil,None,seird
2020-08-06,2922605,98745,109494251.34300782,16343140.681409616,3646.46082323844,16450.85389782735,Brazil,Brazil,None,seird
2020-08-07,2972008,99830,112179824.61595063,16792400.54996255,3674.5465226187357,16720.99624357663,Brazil,Brazil,None,seird
2020-08-08,3018397,100657,114744937.64157839,17223888.56194202,3701.5190725931147,17011.46622881868,Brazil,Brazil,None,seird
2020-08-09,3041127,101226,117188425.30214882,17637067.05968115,3753.453844648672,17323.455495308666,Brazil,Brazil,None,seird
2020-08-10,3067633,102015,119510166.41055131,18031603.92917503,3795.843029806737,17575.443737857207,Brazil,Brazil,None,seird
2020-08-11,3118153,103209,121710933.45442367,18407370.41607573,3803.30216170995,17735.0438586516,Brazil,Brazil,None,seird
2020-08-12,3173107,104393,123792413.52219082,18764336.897176582,3801.2996889859314,17874.7079757997,Brazil,Brazil,None,seird
2020-08-13,3233820,105635,125756905.63864839,19102683.184552714,3788.803509120742,17983.668466467283,Brazil,Brazil,None,seird
2020-08-14,3283227,106642,127607390.75020424,19422648.264045473,3786.6453873035352,18112.944490956164,Brazil,Brazil,None,seird
2020-08-15,3320108,107365,129347279.78452839,19724623.782020412,3795.875669843523,18271.558498598624,Brazil,Brazil,None,seird
2020-08-16,3343114,107952,130980399.72648108,20009065.01987767,3817.9160425424043,18435.149899842218,Brazil,Brazil,None,seird
2020-08-17,3367511,108748,132510880.90589312,20276501.254011467,3834.9798977907753,18545.401528314513,Brazil,Brazil,None,seird
2020-08-18,3416775,110100,133943037.36075084,20527538.74182903,3820.159722567358,18544.449356792946,Brazil,Brazil,None,seird
2020-08-19,3465378,111263,135281375.46043405,20762793.68916409,3803.7985310818635,18561.004726786166,Brazil,Brazil,None,seird
2020-08-20,3508352,112500,136530423.35343325,20982955.113507237,3791.5828102035725,18551.515656450876,Brazil,Brazil,None,seird
2020-08-21,3540678,113551,137694782.92941618,21188694.999999724,3788.9383030429817,18560.069043865507,Brazil,Brazil,None,seird
2020-08-22,3586586,114379,138778998.14688227,21380723.954542667,3769.3899476237925,18592.87540067903,Brazil,Brazil,None,seird
2020-08-23,3608459,114834,139787562.79931796,21559743.834031988,3773.885301158138,18674.704211324162,Brazil,Brazil,None,seird
2020-08-24,3631972,115557,140724886.0177835,21726447.902771078,3774.6137364986153,18701.498743279142,Brazil,Brazil,None,seird
2020-08-25,3678279,116760,141595228.9492769,21881537.19972437,3749.49670618452,18640.61082538915,Brazil,Brazil,None,seird
2020-08-26,3726431,117839,142402747.72168934,22025673.88382541,3721.4245137422195,18591.3278997831,Brazil,Brazil,None,seird
2020-08-27,3768691,118824,143151409.54069752,22159524.47529629,3698.4384907305357,18549.030898889356,Brazil,Brazil,None,seird
2020-08-28,3812779,119673,143845033.69104874,22283720.056659218,3672.708402219188,18520.50759708474,Brazil,Brazil,None,seird
2020-08-29,3850070,120570,144487265.65342072,22398868.88134244,3652.847757402352,18477.48103287919,Brazil,Brazil,None,seird
2020-08-30,3864604,120971,145081555.85458714,22505563.427528854,3654.1118276177103,18504.09802971692,Brazil,Brazil,None,seird
2020-08-31,3914829,121618,145631199.7987711,22604354.22940036,3619.988786196565,18486.35582676936,Brazil,Brazil,None,seird
2020-09-01,3959158,122768,146139291.89003587,22695778.174743693,3591.170998733465,18386.7214377881,Brazil,Brazil,None,seird
2020-09-02,4005611,123972,146608758.2748433,22780338.988952853,3560.084772955819,18275.390401826906,Brazil,Brazil,None,seird
2020-09-03,4052420,124839,147042360.44518954,22858508.73632667,3528.50742137265,18210.390772376155,Brazil,Brazil,None,seird
2020-09-04,4091959,125688,147442673.22817355,22930742.388464354,3503.2294856369176,18144.177955305484,Brazil,Brazil,None,seird
2020-09-05,4125816,126292,147812125.71813577,22997459.502698846,3482.6155533386795,18109.751609523046,Brazil,Brazil,None,seird
2020-09-06,4140488,126750,148152986.09657422,23059056.757943347,3478.152770798375,18092.54971040895,Brazil,Brazil,None,seird
2020-09-07,4150004,127070,148467365.25384882,23115909.637154773,3477.5234253713693,18091.47685303752,Brazil,Brazil,None,seird
2020-09-08,4168790,127595,148757246.19158655,23168363.00411466,3468.355474648197,18057.73580791932,Brazil,Brazil,None,seird
2020-09-09,4205877,128752,149024467.34486538,23216743.48351588,3443.243593306827,17932.142012175253,Brazil,Brazil,None,seird
2020-09-10,4246638,129726,149270737.79437166,23261356.397907425,3415.033252054253,17831.14441045544,Brazil,Brazil,None,seird
2020-09-11,4288171,130574,149497656.70361486,23302481.950642325,3386.280204395181,17746.18833048105,Brazil,Brazil,None,seird
2020-09-12,4318971,131341,149706700.1443104,23340384.819010418,3366.258517232702,17670.8292300275,Brazil,Brazil,None,seird
2020-09-13,4332991,131746,149899237.90553004,23375310.88424027,3359.4864818673764,17642.710127245056,Brazil,Brazil,None,seird
2020-09-14,4353602,132204,150076547.45651394,23407485.729963858,3347.181149230314,17605.580564857235,Brazil,Brazil,None,seird
2020-09-15,4388154,133286,150239806.33350548,23437121.184410732,3323.758745329026,17484.08323785749,Brazil,Brazil,None,seird
2020-06-15,186461,8791,182960.0,8848.0,1.8776044320260001,0.6483903992719827,Germany,Germany,None,delphi
2020-06-16,186839,8800,183007.0,8861.0,2.0509636639031465,0.6931818181818182,Germany,Germany,None,delphi
2020-06-17,187184,8830,183050.0,8874.0,2.208522095905633,0.4983012457531144,Germany,Germany,None,delphi
2020-06-18,187764,8856,183090.0,8885.0,2.4892950725378666,0.32746160794941287,Germany,Germany,None,delphi
2020-06-19,188534,8872,183126.0,8897.0,2.86844813137153,0.281785392245266,Germany,Germany,None,delphi
2020-06-20,189135,8883,183158.0,8907.0,3.160176593438549,0.2701789935832489,Germany,Germany,None,delphi
2020-06-21,189822,8882,183188.0,8917.0,3.494853072878802,0.39405539292952035,Germany,Germany,None,delphi
2020-06-22,190359,8885,183215.0,8926.0,3.752908977248252,0.4614518851997749,Germany,Germany,None,delphi
2020-06-23,190862,8895,183240.0,8935.0,3.993461244249772,0.44969083754918493,Germany,Germany,None,delphi
2020-06-24,191449,8914,183263.0,8943.0,4.275812357337985,0.3253309400942338,Germany,Germany,None,delphi
2020-06-25,192079,8927,183284.0,8950.0,4.578845162667444,0.2576453455808222,Germany,Germany,None,delphi
2020-06-26,192556,8948,183303.0,8958.0,4.805355325204096,0.11175681716584711,Germany,Germany,None,delphi
2020-06-27,193243,8954,183320.0,8964.0,5.134985484597113,0.11168192986374804,Germany,Germany,None,delphi
2020-06-28,193499,8957,183336.0,8971.0,5.252223525702975,0.1563023333705482,Germany,Germany,None,delphi
2020-06-29,193761,8961,183350.0,8976.0,5.373114300607449,0.16739203213927017,Germany,Germany,None,delphi
2020-06-30,194259,8973,183363.0,8982.0,5.609006532515868,0.10030090270812438,Germany,Germany,None,delphi
2020-07-01,194725,8985,183375.0,8987.0,5.82873282834767,0.022259321090706732,Germany,Germany,None,delphi
2020-07-02,195228,8994,183386.0,8992.0,6.065728276681623,0.022237046920169,Germany,Germany,None,delphi
2020-07-03,195674,9003,183396.0,8996.0,6.274722242096549,0.07775186049094747,Germany,Germany,None,delphi
2020-07-04,196096,9010,183405.0,9001.0,6.4718301240208875,0.09988901220865706,Germany,Germany,None,delphi
2020-07-05,196335,9012,183413.0,9005.0,6.58160796597652,0.07767421216156235,Germany,Germany,None,delphi
2020-07-06,196554,9016,183420.0,9008.0,6.682133154247688,0.08873114463176575,Germany,Germany,None,delphi
2020-07-07,196944,9024,183427.0,9012.0,6.863372329190024,0.13297872340425532,Germany,Germany,None,delphi
2020-07-08,197341,9036,183433.0,9015.0,7.047699160336676,0.23240371845949537,Germany,Germany,None,delphi
2020-07-09,197783,9048,183439.0,9018.0,7.252392773898666,0.33156498673740054,Germany,Germany,None,delphi
2020-07-10,198178,9054,183444.0,9021.0,7.434730393888323,0.36447978793903246,Germany,Germany,None,delphi
2020-07-11,198556,9060,183448.0,9023.0,7.6089365216865765,0.40838852097130246,Germany,Germany,None,delphi
2020-07-12,198804,9063,183453.0,9026.0,7.721675620208848,0.4082533377468829,Germany,Germany,None,delphi
2020-07-13,198963,9064,183456.0,9028.0,7.793911430768535,0.39717563989408644,Germany,Germany,None,delphi
2020-07-14,199375,9068,183460.0,9030.0,7.98244514106583,0.41905602117335683,Germany,Germany,None,delphi
2020-07-15,199726,9071,183463.0,9032.0,8.142655437949992,0.42994157204277367,Germany,Germany,None,delphi
2020-07-16,200260,9078,183466.0,9034.0,8.386098072505742,0.4846882573254021,Germany,Germany,None,delphi
2020-07-17,200843,9082,183468.0,9036.0,8.651035883749994,0.5064963664391103,Germany,Germany,None,delphi
2020-07-18,201372,9083,183470.0,9038.0,8.890014500526389,0.4954310249917428,Germany,Germany,None,delphi
2020-07-19,201574,9084,183473.0,9039.0,8.979828747755167,0.4953764861294584,Germany,Germany,None,delphi
2020-07-20,201823,9086,183474.0,9041.0,9.091629794423826,0.49526744441998677,Germany,Germany,None,delphi
2020-07-21,202345,9090,183476.0,9042.0,9.325162470038794,0.528052805280528,Germany,Germany,None,delphi
2020-07-22,202799,9095,183478.0,9043.0,9.527167293724329,0.5717427157778999,Germany,Germany,None,delphi
2020-07-23,203368,9101,183479.0,9044.0,9.779808032728846,0.6263048016701461,Germany,Germany,None,delphi
2020-07-24,204183,9111,183480.0,9045.0,10.139433743259723,0.7243990780375371,Germany,Germany,None,delphi
2020-07-25,204964,9118,183482.0,9046.0,10.480864932378369,0.789646852379908,Germany,Germany,None,delphi
2020-07-26,205269,9118,183483.0,9047.0,10.613390234277947,0.7786795349857425,Germany,Germany,None,delphi
2020-07-27,205609,9118,183484.0,9048.0,10.760715727424383,0.7677122175915772,Germany,Germany,None,delphi
2020-07-28,206242,9122,183484.0,9049.0,11.03460982729027,0.800263100197325,Germany,Germany,None,delphi
2020-07-29,206926,9128,183485.0,9050.0,11.328204285590019,0.8545135845749343,Germany,Germany,None,delphi
2020-07-30,207828,9134,183486.0,9050.0,11.71257000981581,0.9196409021239326,Germany,Germany,None,delphi
2020-07-31,208698,9141,183486.0,9051.0,12.080614093091453,0.9845749917952084,Germany,Germany,None,delphi
2020-08-01,209653,9148,183487.0,9052.0,12.480622743294873,1.04940970703979,Germany,Germany,None,delphi
2020-08-02,209893,9141,183488.0,9052.0,12.58021944514586,0.9736352696641505,Germany,Germany,None,delphi
2020-08-03,210402,9148,183488.0,9053.0,12.791703500917292,1.0384783559247923,Germany,Germany,None,delphi
2020-08-04,211281,9156,183488.0,9053.0,13.154519336807379,1.1249453910004368,Germany,Germany,None,delphi
2020-08-05,212022,9168,183489.0,9054.0,13.45756572431163,1.243455497382199,Germany,Germany,None,delphi
2020-08-06,213067,9175,183489.0,9054.0,13.882018332261683,1.318801089918256,Germany,Germany,None,delphi
2020-08-07,214214,9183,183489.0,9055.0,14.343133502012007,1.393879995644125,Germany,Germany,None,delphi
2020-08-08,215336,9195,183490.0,9055.0,14.788980941412492,1.5225666122892878,Germany,Germany,None,delphi
2020-08-09,215891,9196,183490.0,9055.0,15.008036462844675,1.5332753371030883,Germany,Germany,None,delphi
2020-08-10,216327,9197,183490.0,9056.0,15.179334988235402,1.533108622376862,Germany,Germany,None,delphi
2020-08-11,217293,9201,183490.0,9056.0,15.556414610686954,1.5759156613411585,Germany,Germany,None,delphi
2020-08-12,218519,9207,183491.0,9056.0,16.029727392126087,1.640056478766156,Germany,Germany,None,delphi
2020-08-13,219964,9211,183491.0,9056.0,16.58134967540143,1.6827706003691238,Germany,Germany,None,delphi
2020-08-14,221413,9225,183491.0,9057.0,17.127268949880992,1.8211382113821137,Germany,Germany,None,delphi
2020-08-15,222828,9231,183491.0,9057.0,17.65352648679699,1.8849528761780956,Germany,Germany,None,delphi
2020-08-16,223453,9231,183491.0,9057.0,17.883850295140366,1.8849528761780956,Germany,Germany,None,delphi
2020-08-17,224014,9232,183491.0,9057.0,18.089494406599588,1.895580589254766,Germany,Germany,None,delphi
2020-08-18,225404,9236,183491.0,9057.0,18.594612340508597,1.9380684278908618,Germany,Germany,None,delphi
2020-08-19,226914,9243,183491.0,9058.0,19.1363247750249,2.001514659742508,Germany,Germany,None,delphi
2020-08-20,228621,9253,183491.0,9058.0,19.740093867142562,2.107424619042473,Germany,Germany,None,delphi
2020-08-21,230048,9260,183492.0,9058.0,20.23751564890805,2.1814254859611233,Germany,Germany,None,delphi
2020-08-22,232082,9267,183492.0,9058.0,20.93656552425436,2.2553145570303226,Germany,Germany,None,delphi
2020-08-23,232864,9269,183492.0,9058.0,21.202075030919335,2.2764052217067645,Germany,Germany,None,delphi
2020-08-24,233575,9272,183492.0,9058.0,21.441935138606443,2.30802415875755,Germany,Germany,None,delphi
2020-08-25,234853,9277,183492.0,9058.0,21.869424703963755,2.3606769429772556,Germany,Germany,None,delphi
2020-08-26,236429,9280,183492.0,9059.0,22.390231316801238,2.381465517241379,Germany,Germany,None,delphi
2020-08-27,237936,9285,183492.0,9059.0,22.881783336695584,2.4340333871836295,Germany,Germany,None,delphi
2020-08-28,239507,9288,183492.0,9059.0,23.387625413870992,2.465546942291128,Germany,Germany,None,delphi
2020-08-29,240986,9289,183492.0,9059.0,23.857817466574822,2.476046937237593,Germany,Germany,None,delphi
2020-08-30,241771,9295,183492.0,9059.0,24.105041547580146,2.538999462076385,Germany,Germany,None,delphi
2020-08-31,242381,9298,183492.0,9059.0,24.29604630726006,2.5704452570445255,Germany,Germany,None,delphi
2020-09-01,243599,9302,183492.0,9059.0,24.67456762958797,2.612341431950118,Germany,Germany,None,delphi
2020-09-02,244855,9313,183492.0,9059.0,25.06095444242511,2.7273703425319447,Germany,Germany,None,delphi
2020-09-03,246166,9321,183492.0,9059.0,25.46005540976414,2.810857204162643,Germany,Germany,None,delphi
2020-09-04,247619,9322,183492.0,9059.0,25.897447287970632,2.8212829864835873,Germany,Germany,None,delphi
2020-09-05,248997,9324,183492.0,9059.0,26.307545874046674,2.8421278421278418,Germany,Germany,None,delphi
2020-09-06,249985,9325,183492.0,9059.0,26.598795927755663,2.8525469168900806,Germany,Germany,None,delphi
2020-09-07,250799,9325,183492.0,9059.0,26.837028855776936,2.8525469168900806,Germany,Germany,None,delphi
2020-09-08,252298,9329,183492.0,9059.0,27.271718364790843,2.894200878979526,Germany,Germany,None,delphi
2020-09-09,253474,9338,183492.0,9059.0,27.60914334409052,2.987791818376526,Germany,Germany,None,delphi
2020-09-10,255366,9341,183492.0,9059.0,28.145485303446815,3.018948720693716,Germany,Germany,None,delphi
2020-09-11,256850,9342,183492.0,9059.0,28.560638504963986,3.029329907942625,Germany,Germany,None,delphi
2020-09-12,258480,9347,183492.0,9059.0,29.011142061281337,3.0812025248742914,Germany,Germany,None,delphi
2020-09-13,259428,9349,183492.0,9060.0,29.27054905407281,3.09123970478126,Germany,Germany,None,delphi
2020-09-14,260355,9350,183492.0,9060.0,29.522382900270784,3.1016042780748663,Germany,Germany,None,delphi
2020-09-15,261762,9362,183492.0,9060.0,29.901207967543037,3.225806451612903,Germany,Germany,None,delphi
2020-06-15,186461,8791,215657.0,8993.0,15.65796600897775,2.2978045728586056,Germany,Germany,None,delphi_lookahead
2020-06-16,186839,8800,216093.0,9007.0,15.657330642959982,2.352272727272727,Germany,Germany,None,delphi_lookahead
2020-06-17,187184,8830,216502.0,9021.0,15.662663475510726,2.1630804077010195,Germany,Germany,None,delphi_lookahead
2020-06-18,187764,8856,216886.0,9033.0,15.509895400609274,1.9986449864498645,Germany,Germany,None,delphi_lookahead
2020-06-19,188534,8872,217247.0,9045.0,15.229613756669885,1.949954914337241,Germany,Germany,None,delphi_lookahead
2020-06-20,189135,8883,217585.0,9056.0,15.042165648875141,1.9475402454125859,Germany,Germany,None,delphi_lookahead
2020-06-21,189822,8882,217902.0,9066.0,14.792805891835508,2.07160549425805,Germany,Germany,None,delphi_lookahead
2020-06-22,190359,8885,218198.0,9076.0,14.624472706832877,2.149690489589195,Germany,Germany,None,delphi_lookahead
2020-06-23,190862,8895,218475.0,9085.0,14.467521036141296,2.1360314783586283,Germany,Germany,None,delphi_lookahead
2020-06-24,191449,8914,218734.0,9094.0,14.251837303929507,2.0192954902400717,Germany,Germany,None,delphi_lookahead
2020-06-25,192079,8927,218977.0,9101.0,14.00361309669459,1.9491430491766553,Germany,Germany,None,delphi_lookahead
2020-06-26,192556,8948,219204.0,9109.0,13.83909096574503,1.7992847563701386,Germany,Germany,None,delphi_lookahead
2020-06-27,193243,8954,219416.0,9115.0,13.544086978571022,1.7980790708063434,Germany,Germany,None,delphi_lookahead
2020-06-28,193499,8957,219613.0,9122.0,13.495676980242791,1.8421346432957464,Germany,Germany,None,delphi_lookahead
2020-06-29,193761,8961,219798.0,9127.0,13.437688698964187,1.8524718223412566,Germany,Germany,None,delphi_lookahead
2020-06-30,194259,8973,219969.0,9133.0,13.234908035148951,1.7831271592555444,Germany,Germany,None,delphi_lookahead
2020-07-01,194725,8985,220130.0,9138.0,13.04660418538965,1.702838063439065,Germany,Germany,None,delphi_lookahead
2020-07-02,195228,8994,220279.0,9143.0,12.8316634908927,1.6566599955525907,Germany,Germany,None,delphi_lookahead
2020-07-03,195674,9003,220419.0,9147.0,12.64603370912845,1.599466844385205,Germany,Germany,None,delphi_lookahead
2020-07-04,196096,9010,220548.0,9151.0,12.46940274151436,1.564927857935627,Germany,Germany,None,delphi_lookahead
2020-07-05,196335,9012,220668.0,9155.0,12.393612957445182,1.5867731913004883,Germany,Germany,None,delphi_lookahead
2020-07-06,196554,9016,220780.0,9158.0,12.325366057164953,1.574977817213842,Germany,Germany,None,delphi_lookahead
2020-07-07,196944,9024,220884.0,9162.0,12.155739702656593,1.5292553191489362,Germany,Germany,None,delphi_lookahead
2020-07-08,197341,9036,220981.0,9164.0,11.979264319122738,1.416555998229305,Germany,Germany,None,delphi_lookahead
2020-07-09,197783,9048,221071.0,9167.0,11.774520560412169,1.3152077807250222,Germany,Germany,None,delphi_lookahead
2020-07-10,198178,9054,221155.0,9170.0,11.594122455570245,1.2812016788159928,Germany,Germany,None,delphi_lookahead
2020-07-11,198556,9060,221232.0,9172.0,11.420455690082395,1.2362030905077264,Germany,Germany,None,delphi_lookahead
2020-07-12,198804,9063,221304.0,9174.0,11.31767972475403,1.2247600132406489,Germany,Germany,None,delphi_lookahead
2020-07-13,198963,9064,221371.0,9176.0,11.262395520775218,1.235657546337158,Germany,Germany,None,delphi_lookahead
2020-07-14,199375,9068,221432.0,9178.0,11.06307210031348,1.2130569033965592,Germany,Germany,None,delphi_lookahead
2020-07-15,199726,9071,221490.0,9180.0,10.896928792445651,1.2016315731451879,Germany,Germany,None,delphi_lookahead
2020-07-16,200260,9078,221543.0,9182.0,10.627684010785979,1.1456267900418595,Germany,Germany,None,delphi_lookahead
2020-07-17,200843,9082,221592.0,9183.0,10.33095502457143,1.1120898480510901,Germany,Germany,None,delphi_lookahead
2020-07-18,201372,9083,221637.0,9184.0,10.063464632620226,1.1119674116481337,Germany,Germany,None,delphi_lookahead
2020-07-19,201574,9084,221679.0,9186.0,9.974004583924515,1.1228533685601056,Germany,Germany,None,delphi_lookahead
2020-07-20,201823,9086,221718.0,9187.0,9.857647542648756,1.111600264142637,Germany,Germany,None,delphi_lookahead
2020-07-21,202345,9090,221754.0,9188.0,9.592033408287826,1.078107810781078,Germany,Germany,None,delphi_lookahead
2020-07-22,202799,9095,221787.0,9189.0,9.362965300617853,1.0335349092908193,Germany,Germany,None,delphi_lookahead
2020-07-23,203368,9101,221818.0,9190.0,9.072223752016049,0.9779145148884737,Germany,Germany,None,delphi_lookahead
2020-07-24,204183,9111,221846.0,9191.0,8.650573260261627,0.8780594885303479,Germany,Germany,None,delphi_lookahead
2020-07-25,204964,9118,221873.0,9191.0,8.249741418005113,0.8006141697740733,Germany,Germany,None,delphi_lookahead
2020-07-26,205269,9118,221897.0,9192.0,8.100589957567875,0.8115814871682386,Germany,Germany,None,delphi_lookahead
2020-07-27,205609,9118,221919.0,9193.0,7.932532136239172,0.8225488045624041,Germany,Germany,None,delphi_lookahead
2020-07-28,206242,9122,221940.0,9193.0,7.611446747025339,0.7783380837535628,Germany,Germany,None,delphi_lookahead
2020-07-29,206926,9128,221959.0,9194.0,7.264915960294985,0.7230499561787905,Germany,Germany,None,delphi_lookahead
2020-07-30,207828,9134,221976.0,9194.0,6.807552399099255,0.6568863586599518,Germany,Germany,None,delphi_lookahead
2020-07-31,208698,9141,221992.0,9195.0,6.3699700045041165,0.5907449950771251,Germany,Germany,None,delphi_lookahead
2020-08-01,209653,9148,222007.0,9195.0,5.892593952864972,0.5137735024048972,Germany,Germany,None,delphi_lookahead
2020-08-02,209893,9141,222021.0,9196.0,5.7781822166532475,0.601684717208183,Germany,Germany,None,delphi_lookahead
2020-08-03,210402,9148,222033.0,9196.0,5.527989277668463,0.524704853519895,Germany,Germany,None,delphi_lookahead
2020-08-04,211281,9156,222045.0,9196.0,5.094637000014199,0.436871996505024,Germany,Germany,None,delphi_lookahead
2020-08-05,212022,9168,222056.0,9197.0,4.732527756553565,0.31631762652705064,Germany,Germany,None,delphi_lookahead
2020-08-06,213067,9175,222065.0,9197.0,4.223084757376787,0.23978201634877383,Germany,Germany,None,delphi_lookahead
2020-08-07,214214,9183,222074.0,9197.0,3.6692279682933893,0.15245562452357617,Germany,Germany,None,delphi_lookahead
2020-08-08,215336,9195,222083.0,9198.0,3.1332429319760746,0.03262642740619902,Germany,Germany,None,delphi_lookahead
2020-08-09,215891,9196,222090.0,9198.0,2.871356378913433,0.02174858634188778,Germany,Germany,None,delphi_lookahead
2020-08-10,216327,9197,222097.0,9198.0,2.6672583634960034,0.010873110796999022,Germany,Germany,None,delphi_lookahead
2020-08-11,217293,9201,222104.0,9198.0,2.2140611984739498,0.032605151613955004,Germany,Germany,None,delphi_lookahead
2020-08-12,218519,9207,222109.0,9198.0,1.642877736032107,0.09775171065493646,Germany,Germany,None,delphi_lookahead
2020-08-13,219964,9211,222115.0,9198.0,0.9778872906475605,0.1411355987406362,Germany,Germany,None,delphi_lookahead
2020-08-14,221413,9225,222120.0,9199.0,0.31931277747919046,0.28184281842818426,Germany,Germany,None,delphi_lookahead
2020-08-15,222828,9231,222124.0,9199.0,0.3159387509648698,0.3466580002166612,Germany,Germany,None,delphi_lookahead
2020-08-16,223453,9231,222129.0,9199.0,0.5925183371894761,0.3466580002166612,Germany,Germany,None,delphi_lookahead
2020-08-17,224014,9232,222132.0,9199.0,0.8401260635495995,0.35745233968804163,Germany,Germany,None,delphi_lookahead
2020-08-18,225404,9236,222136.0,9199.0,1.4498411740696704,0.40060632308358596,Germany,Germany,None,delphi_lookahead
2020-08-19,226914,9243,222139.0,9199.0,2.104321460994033,0.47603591907389375,Germany,Germany,None,delphi_lookahead
2020-08-20,228621,9253,222142.0,9199.0,2.833947887551887,0.5835945098886848,Germany,Germany,None,delphi_lookahead
2020-08-21,230048,9260,222145.0,9199.0,3.435370009737098,0.6587473002159827,Germany,Germany,None,delphi_lookahead
2020-08-22,232082,9267,222147.0,9199.0,4.280814539688558,0.7337865544404878,Germany,Germany,None,delphi_lookahead
2020-08-23,232864,9269,222149.0,9199.0,4.601398241033393,0.755205523788974,Germany,Germany,None,delphi_lookahead
2020-08-24,233575,9272,222152.0,9199.0,4.89050626137215,0.7873166522864539,Germany,Germany,None,delphi_lookahead
2020-08-25,234853,9277,222153.0,9200.0,5.407637969282913,0.8300097014120945,Germany,Germany,None,delphi_lookahead
2020-08-26,236429,9280,222155.0,9200.0,6.037330445926684,0.8620689655172413,Germany,Germany,None,delphi_lookahead
2020-08-27,237936,9285,222157.0,9200.0,6.631615224261986,0.9154550350026925,Germany,Germany,None,delphi_lookahead
2020-08-28,239507,9288,222158.0,9200.0,7.243629622516252,0.9474590869939706,Germany,Germany,None,delphi_lookahead
2020-08-29,240986,9289,222160.0,9200.0,7.812072070576715,0.958122510496286,Germany,Germany,None,delphi_lookahead
2020-08-30,241771,9295,222161.0,9200.0,8.110981052318103,1.0220548682087143,Germany,Germany,None,delphi_lookahead
2020-08-31,242381,9298,222162.0,9200.0,8.341825473118767,1.0539901053990104,Germany,Germany,None,delphi_lookahead
2020-09-01,243599,9302,222163.0,9200.0,8.799707716369936,1.0965383788432597,Germany,Germany,None,delphi_lookahead
2020-09-02,244855,9313,222164.0,9200.0,9.267117273488392,1.2133576720712982,Germany,Germany,None,delphi_lookahead
2020-09-03,246166,9321,222165.0,9200.0,9.749924847460658,1.2981439759682438,Germany,Germany,None,delphi_lookahead
2020-09-04,247619,9322,222165.0,9200.0,10.279501976827303,1.3087320317528426,Germany,Germany,None,delphi_lookahead
2020-09-05,248997,9324,222166.0,9200.0,10.775631834921706,1.3299013299013298,Germany,Germany,None,delphi_lookahead
2020-09-06,249985,9325,222167.0,9200.0,11.127867672060324,1.3404825737265416,Germany,Germany,None,delphi_lookahead
2020-09-07,250799,9325,222167.0,9200.0,11.41631346217489,1.3404825737265416,Germany,Germany,None,delphi_lookahead
2020-09-08,252298,9329,222168.0,9200.0,11.942227048965906,1.3827848644013292,Germany,Germany,None,delphi_lookahead
2020-09-09,253474,9338,222168.0,9200.0,12.350773649368376,1.477832512315271,Germany,Germany,None,delphi_lookahead
2020-09-10,255366,9341,222169.0,9200.0,12.999772875010768,1.509474360346858,Germany,Germany,None,delphi_lookahead
2020-09-11,256850,9342,222169.0,9200.0,13.502433326844463,1.520017126953543,Germany,Germany,None,delphi_lookahead
2020-09-12,258480,9347,222170.0,9200.0,14.047508511296813,1.5726971220712527,Germany,Germany,None,delphi_lookahead
2020-09-13,259428,9349,222170.0,9200.0,14.36159551012227,1.593753342603487,Germany,Germany,None,delphi_lookahead
2020-09-14,260355,9350,222170.0,9200.0,14.666513030285572,1.6042780748663104,Germany,Germany,None,delphi_lookahead
2020-09-15,261762,9362,222170.0,9200.0,15.125190058144423,1.730399487289041,Germany,Germany,None,delphi_lookahead
2020-06-15,186461,8791,81496.84886182155,3949.256788192286,56.29281787514733,55.0761370925687,Germany,Germany,None,delphi_constant
2020-06-16,186839,8800,81516.98218361933,3954.9778278149392,56.37046752357948,55.0570701384666,Germany,Germany,None,delphi_constant
2020-06-17,187184,8830,81535.4107883886,3960.356967268368,56.44103620587838,55.14884521779878,Germany,Germany,None,delphi_constant
2020-06-18,187764,8856,81552.27479308764,3965.4129332157627,56.56660766010118,55.22343119675065,Germany,Germany,None,delphi_constant
2020-06-19,188534,8872,81567.70385044409,3970.1635921512175,56.73581218748656,55.2506357963118,Germany,Germany,None,delphi_constant
2020-06-20,189135,8883,81581.81818332564,3974.6259654809214,56.8658269578208,55.255814865688144,Germany,Germany,None,delphi_constant
2020-06-21,189822,8882,81594.72845451847,3978.8162679104194,57.015136046128234,55.20359977583406,Germany,Germany,None,delphi_constant
2020-06-22,190359,8885,81606.53645732846,3982.7499223206514,57.13019271096799,55.17445219672874,Germany,Germany,None,delphi_constant
2020-06-23,190862,8895,81617.33570996161,3986.4415943858985,57.23751416732424,55.183343514492435,Germany,Germany,None,delphi_constant
2020-06-24,191449,8914,81627.21202489169,3989.905217786,57.363469109323276,55.24001326244111,Germany,Germany,None,delphi_constant
2020-06-25,192079,8927,81636.24389970167,3993.1540092532387,57.49861051978525,55.26880240558712,Germany,Germany,None,delphi_constant
2020-06-26,192556,8948,81644.50339000499,3996.200512384816,57.59960562641259,55.339734997934556,Germany,Germany,None,delphi_constant
2020-06-27,193243,8954,81652.05652390647,3999.0566168643472,57.746435046078524,55.33776393941985,Germany,Germany,None,delphi_constant
2020-06-28,193499,8957,81658.96348842698,4001.7335725466974,57.79876718307227,55.32283607740652,Germany,Germany,None,delphi_constant
2020-06-29,193761,8961,81665.27950237737,4004.2420348132327,57.85257120763344,55.314785907675116,Germany,Germany,None,delphi_constant
2020-06-30,194259,8973,81671.05521959421,4006.5920865443413,57.95764663691555,55.34835521515278,Germany,Germany,None,delphi_constant
2020-07-01,194725,8985,81676.33676280474,4008.793249361432,58.05554666180267,55.383491938103155,Germany,Germany,None,delphi_constant
2020-07-02,195228,8994,81681.16632705685,4010.854519716519,58.161141676881975,55.405219927545936,Germany,Germany,None,delphi_constant
2020-07-03,195674,9003,81685.58268079498,4012.784400938517,58.25424804481179,55.4283638682826,Germany,Germany,None,delphi_constant
2020-07-04,196096,9010,81689.62116933605,4014.5909113618086,58.34202575813069,55.44294216024629,Germany,Germany,None,delphi_constant
2020-07-05,196335,9012,81693.31402995835,4016.2816092580088,58.390855410416705,55.43407002598747,Germany,Germany,None,delphi_constant
2020-07-06,196554,9016,81696.69089886484,4017.8636306414423,58.43549818428278,55.43629513485534,Germany,Germany,None,delphi_constant
2020-07-07,196944,9024,81699.77884757397,4019.3436975246764,58.51623870360408,55.4594005150191,Germany,Germany,None,delphi_constant
2020-07-08,197341,9036,81702.60251594779,4020.7281333121177,58.59826264387644,55.50323004302658,Germany,Germany,None,delphi_constant
2020-07-09,197783,9048,81705.18454933792,4022.0229010434705,58.68948061798136,55.547934338600015,Germany,Germany,None,delphi_constant
2020-07-10,198178,9054,81707.54566962662,4023.233613287551,58.77062758246293,55.564020175750485,Germany,Germany,None,delphi_constant
2020-07-11,198556,9060,81709.7047201944,4024.3655414053023,58.848030419531824,55.5809542891247,Germany,Germany,None,delphi_constant
2020-07-12,198804,9063,81711.67900001223,4025.423649501492,58.898372769153426,55.5839826823183,Germany,Germany,None,delphi_constant
2020-07-13,198963,9064,81713.48436296066,4026.4126071419205,58.93031148356194,55.57797211891084,Germany,Germany,None,delphi_constant
2020-07-14,199375,9068,81715.13522689378,4027.336794884217,59.01435223729465,55.587375442388435,Germany,Germany,None,delphi_constant
2020-07-15,199726,9071,81716.64480447312,4028.200331515665,59.085624903881765,55.59254402474186,Germany,Germany,None,delphi_constant
2020-07-16,200260,9078,81718.02522092164,4029.0070898102076,59.194035143852176,55.617899429277294,Germany,Germany,None,delphi_constant
2020-07-17,200843,9082,81719.28751168586,4029.760699843075,59.31185676788046,55.62914886761644,Germany,Germany,None,delphi_constant
2020-07-18,201372,9083,81720.4417682761,4030.4645691122,59.418170466462016,55.62628460737421,Germany,Germany,None,delphi_constant
2020-07-19,201574,9084,81721.49726113761,4031.121900415372,59.458314434829084,55.6239332847273,Germany,Germany,None,delphi_constant
2020-07-20,201823,9086,81722.46243870462,4031.735694385518,59.507854685192164,55.62694591255208,Germany,Germany,None,delphi_constant
2020-07-21,202345,9090,81723.34500959388,4032.3087629140605,59.61187822303794,55.6401676247078,Germany,Germany,None,delphi_constant
2020-07-22,202799,9095,81724.15205941728,4032.8437478877427,59.701895936657834,55.658672370668036,Germany,Germany,None,delphi_constant
2020-07-23,203368,9101,81724.89005644055,4033.343123961561,59.814282455233595,55.682418152273804,Germany,Germany,None,delphi_constant
2020-07-24,204183,9111,81725.56489077055,4033.8092064460798,59.974353941919475,55.725944391986836,Germany,Germany,None,delphi_constant
2020-07-25,204964,9118,81726.18197660393,4034.244169447242,60.12656760377241,55.75516374811097,Germany,Germany,None,delphi_constant
2020-07-26,205269,9118,81726.74626531501,4034.6500494315815,60.185538846433204,55.750712333498775,Germany,Germany,None,delphi_constant
2020-07-27,205609,9118,81727.26225978184,4035.0287493088995,60.25112604030862,55.746559011747095,Germany,Germany,None,delphi_constant
2020-07-28,206242,9122,81727.73409599534,4035.382054407147,60.372894902107554,55.76209105012994,Germany,Germany,None,delphi_constant
2020-07-29,206926,9128,81728.1655626896,4035.7116371382162,60.50367495496477,55.787558751772394,Germany,Germany,None,delphi_constant
2020-07-30,207828,9134,81728.56010461648,4036.0190590503107,60.67490419740531,55.813235613637936,Germany,Germany,None,delphi_constant
2020-07-31,208698,9141,81728.92088042281,4036.3057833070407,60.83866597647184,55.84393629463909,Germany,Germany,None,delphi_constant
2020-08-01,209653,9148,81729.2507881729,4036.5731807969287,61.016894207012115,55.874801259325224,Germany,Germany,None,delphi_constant
2020-08-02,209893,9141,81729.55246461128,4036.8225310973394,61.061325311176994,55.83828321740138,Germany,Germany,None,delphi_constant
2020-08-03,210402,9148,81729.8283216565,4037.0550312485607,61.155393807256345,55.869533982853504,Germany,Germany,None,delphi_constant
2020-08-04,211281,9156,81730.08057515729,4037.271803001673,61.316881037501105,55.90572517473053,Germany,Germany,None,delphi_constant
2020-08-05,212022,9168,81730.31124430246,4037.4738935081455,61.451966661807525,55.96123589105425,Germany,Germany,None,delphi_constant
2020-08-06,213067,9175,81730.52217092479,4037.6622806110413,61.640928829464535,55.992781682713456,Germany,Germany,None,delphi_constant
2020-08-07,214214,9183,81730.71504844834,4037.83788066251,61.846230849315006,56.02920744133171,Germany,Germany,None,delphi_constant
2020-08-08,215336,9195,81730.8914234664,4038.001549510304,62.04494769872832,56.08481185959431,Germany,Germany,None,delphi_constant
2020-08-09,215891,9196,81731.05270306919,4038.154084988211,62.142445630865026,56.087928610393526,Germany,Germany,None,delphi_constant
2020-08-10,216327,9197,81731.20018079558,4038.296234473989,62.218678121179714,56.091157611460375,Germany,Germany,None,delphi_constant
2020-08-11,217293,9201,81731.33504084239,4038.4286964506023,62.38657709137322,56.108806690027144,Germany,Germany,None,delphi_constant
2020-08-12,218519,9207,81731.45835933895,4038.5521214150976,62.597550620614705,56.136069062505726,Germany,Germany,None,delphi_constant
2020-08-13,219964,9211,81731.57112375154,4038.6671179607933,62.84320565012842,56.15386909172953,Germany,Germany,None,delphi_constant
2020-08-14,221413,9225,81731.6742401846,4038.7742553085636,63.086325446028646,56.21924926494783,Germany,Germany,None,delphi_constant
2020-08-15,222828,9231,81731.76853275659,4038.874063561038,63.32069195399295,56.24662481246845,Germany,Germany,None,delphi_constant
2020-08-16,223453,9231,81731.85475491294,4038.9670375899423,63.42324571390272,56.24561761900182,Germany,Germany,None,delphi_constant
2020-08-17,224014,9232,81731.9335993538,4039.0536405833905,63.51480996752266,56.249418971150455,Germany,Germany,None,delphi_constant
2020-08-18,225404,9236,81732.00569787815,4039.134304308144,63.739771389204215,56.267493457036124,Germany,Germany,None,delphi_constant
2020-08-19,226914,9243,81732.0716254951,4039.2094307720154,63.98103615224486,56.299800597511464,Germany,Germany,None,delphi_constant
2020-08-20,228621,9253,81732.13191120431,4039.2793963021945,64.24994558190004,56.34627260021405,Germany,Germany,None,delphi_constant
2020-08-21,230048,9260,81732.18703926969,4039.3445521915532,64.47168111034667,56.37856855084716,Germany,Germany,None,delphi_constant
2020-08-22,232082,9267,81732.23744938555,4039.405225032689,64.78303468197208,56.41086408727,Germany,Germany,None,delphi_constant
2020-08-23,232864,9269,81732.28354499827,4039.46172005636,64.90127991231007,56.41965994113324,Germany,Germany,None,delphi_constant
2020-08-24,233575,9272,81732.32569670158,4039.514322615971,65.008102024317,56.43319324184674,Germany,Germany,None,delphi_constant
2020-08-25,234853,9277,81732.36424176207,4039.563298221626,65.19850108716427,56.456146402698856,Germany,Germany,None,delphi_constant
2020-08-26,236429,9280,81732.39948761479,4039.6088940936243,65.43046771436042,56.46973174468077,Germany,Germany,None,delphi_constant
2020-08-27,237936,9285,81732.4317172891,4039.6513416014513,65.64940500080311,56.492715760889055,Germany,Germany,None,delphi_constant
2020-08-28,239507,9288,81732.46118973636,4039.690856522379,65.8747088019405,56.50634306069791,Germany,Germany,None,delphi_constant
2020-08-29,240986,9289,81732.48813982947,4039.7276392038166,66.08413429002951,56.51062935511016,Germany,Germany,None,delphi_constant
2020-08-30,241771,9295,81732.51278321612,4039.761876843349,66.19424464339555,56.53833376177138,Germany,Germany,None,delphi_constant
2020-08-31,242381,9298,81732.53531811976,4039.793744412133,66.27931425395566,56.55201393404891,Germany,Germany,None,delphi_constant
2020-09-01,243599,9302,81732.55592504694,4039.8234046594903,66.44790991545658,56.570378363153196,Germany,Germany,None,delphi_constant
2020-09-02,244855,9313,81732.57476810466,4039.8510088129997,66.62000989642661,56.62137862329003,Germany,Germany,None,delphi_constant
2020-09-03,246166,9321,81732.59199848978,4039.876698402285,66.79777386052916,56.658333886897495,Germany,Germany,None,delphi_constant
2020-09-04,247619,9322,81732.60775486052,4039.900605499801,66.99259436680524,56.66272682364513,Germany,Germany,None,delphi_constant
2020-09-05,248997,9324,81732.62216299008,4039.922852668998,67.17525827098716,56.67178407690907,Germany,Germany,None,delphi_constant
2020-09-06,249985,9325,81732.63533777239,4039.9435540509407,67.30498416394089,56.67620853564676,Germany,Germany,None,delphi_constant
2020-09-07,250799,9325,81732.64738509979,4039.962816453828,67.41109518574643,56.67600196832356,Germany,Germany,None,delphi_constant
2020-09-08,252298,9329,81732.65840189869,4039.980739423036,67.60471410716744,56.69438589963516,Germany,Germany,None,delphi_constant
2020-09-09,253474,9338,81732.66847589686,4039.997415199706,67.7550090045145,56.735945435856635,Germany,Germany,None,delphi_constant
2020-09-10,255366,9341,81732.67768752904,4040.0129298364604,67.99390769032328,56.74967423363172,Germany,Germany,None,delphi_constant
2020-09-11,256850,9342,81732.68611090718,4040.0273638211875,68.17882573061819,56.75414939176635,Germany,Germany,None,delphi_constant
2020-09-12,258480,9347,81732.69381378203,4040.0407921020224,68.379490167989,56.777139273542076,Germany,Germany,None,delphi_constant
2020-09-13,259428,9349,81732.70085741545,4040.053284069083,68.49503490085286,56.78625217596446,Germany,Germany,None,delphi_constant
2020-09-14,260355,9350,81732.70729808514,4040.064904511914,68.60720658405441,56.79074968436456,Germany,Germany,None,delphi_constant
2020-09-15,261762,9362,81732.7131876332,4040.075714007771,68.77594410661854,56.8460188634077,Germany,Germany,None,delphi_constant
2020-06-15,186461,8791,81496.84883233489,3949.2567881421514,56.292817890961174,55.076137093138996,Germany,Germany,None,themis
2020-06-16,186839,8800,81517.04180281123,3954.9778826743977,56.37043561418589,55.05706951506366,Germany,Germany,None,themis
2020-06-17,187184,8830,81535.82558828198,3960.357746752774,56.440814605798586,55.148836390115804,Germany,Germany,None,themis
2020-06-18,187764,8856,81553.50329246551,3965.4164309250186,56.56595338165702,55.22339170138867,Germany,Germany,None,themis
2020-06-19,188534,8872,81570.27546489109,3970.1734243780375,56.73444818181809,55.25052497319615,Germany,Germany,None,themis
2020-06-20,189135,8883,81586.27707785189,3974.6474025257553,56.863469438310254,55.25557353905487,Germany,Germany,None,themis
2020-06-21,189822,8882,81601.60103555757,3978.8560986460348,57.011515506338796,55.20315133251481,Germany,Germany,None,themis
2020-06-22,190359,8885,81616.3131416004,3982.8162517300043,57.12505679185097,55.17370566426557,Germany,Germany,None,themis
2020-06-23,190862,8895,81630.46160729596,3986.5436005868987,57.23063700092425,55.18219673314335,Germany,Germany,None,themis
2020-06-24,191449,8914,81644.08332420961,3990.052904259719,57.35465668443835,55.23835647005026,Germany,Germany,None,themis
2020-06-25,192079,8927,81657.2077419732,3993.357980927754,57.48769634266464,55.266517520692794,Germany,Germany,None,themis
2020-06-26,192556,8948,81669.85917855926,3996.471752002475,57.58643761889567,55.33670371029867,Germany,Germany,None,themis
2020-06-27,193243,8954,81682.05877604448,3999.406294406392,57.73090938556922,55.33385867314728,Germany,Germany,None,themis
2020-06-28,193499,8957,81693.82512487119,4002.1728869593258,57.78075074038047,55.3179313725653,Germany,Germany,None,themis
2020-06-29,193761,8961,81705.17533555684,4004.78206723603,57.831980978857025,55.30875943269691,Germany,Germany,None,themis
2020-06-30,194259,8973,81716.12507550148,4007.2436692226925,57.93444572683815,55.3410936228386,Germany,Germany,None,themis
2020-07-01,194725,8985,81726.68920952575,4009.5668844821785,58.029688427512774,55.37488164182328,Germany,Germany,None,themis
2020-07-02,195228,8994,81736.88170445357,4011.7602881343187,58.13260305670622,55.395149120143216,Germany,Germany,None,themis
2020-07-03,195674,9003,81746.71588828349,4013.8318924736377,58.223005668467195,55.416728951753434,Germany,Germany,None,themis
2020-07-04,196096,9010,81756.20458428537,4015.789190115601,58.30807125882968,55.429642729016635,Germany,Germany,None,themis
2020-07-05,196335,9012,81765.35999337811,4017.6391630814164,58.354159985036745,55.41900617974461,Germany,Germany,None,themis
2020-07-06,196554,9016,81774.19388805739,4019.3883458271207,58.3960672954723,55.419383919397504,Germany,Germany,None,themis
2020-07-07,196944,9024,81782.71764220306,4021.04285655561,58.47412582145023,55.44057118178623,Germany,Germany,None,themis
2020-07-08,197341,9036,81790.94215316251,4022.6083962511493,58.55349767500797,55.482421466897414,Germany,Germany,None,themis
2020-07-09,197783,9048,81798.87792808506,4024.09029119054,58.64210881214005,55.52508519904356,Germany,Germany,None,themis
2020-07-10,198178,9054,81806.53512761161,4025.4935424541854,58.72067781105289,55.53905961504103,Germany,Germany,None,themis
2020-07-11,198556,9060,81813.92355333615,4026.8228295501813,58.7955420368379,55.553831903419635,Germany,Germany,None,themis
2020-07-12,198804,9063,81821.05262780805,4028.0825067538367,58.84335696072108,55.55464518643013,Germany,Germany,None,themis
2020-07-13,198963,9064,81827.93145309125,4029.276655492267,58.87278968798658,55.54637405679317,Germany,Germany,None,themis
2020-07-14,199375,9068,81834.56882257156,4030.409111982686,58.95444823946254,55.55349457451824,Germany,Germany,None,themis
2020-07-15,199726,9071,81840.97321956842,4031.48346799318,59.023375414533696,55.55635025914254,Germany,Germany,None,themis
2020-07-16,200260,9078,81847.15281379774,4032.5030673155575,59.129555171378335,55.57938899189736,Germany,Germany,None,themis
2020-07-17,200843,9082,81853.11549322569,4033.4710477355097,59.245223635762414,55.58829500401333,Germany,Germany,None,themis
2020-07-18,201372,9083,81858.86887682286,4034.3903621373443,59.34942848220067,55.583063281544156,Germany,Germany,None,themis
2020-07-19,201574,9084,81864.42031583868,4035.2637791046513,59.387410918154785,55.578337966703536,Germany,Germany,None,themis
2020-07-20,201823,9086,81869.77689365002,4036.093879132517,59.43486277894491,55.57897997873083,Germany,Germany,None,themis
2020-07-21,202345,9090,81874.94544635247,4036.883084031755,59.53695646230326,55.589845060156705,Germany,Germany,None,themis
2020-07-22,202799,9095,81879.93257743327,4037.633676303082,59.62508070679181,55.606006857580184,Germany,Germany,None,themis
2020-07-23,203368,9101,81884.74465906451,4038.3477997810396,59.73567883882198,55.62742775759764,Germany,Germany,None,themis
2020-07-24,204183,9111,81889.38783284016,4039.02745625955,59.89412055223002,55.66867021995885,Germany,Germany,None,themis
2020-07-25,204964,9118,81893.868022837,4039.6745230521874,60.04475516537684,55.69560733656298,Germany,Germany,None,themis
2020-07-26,205269,9118,81898.19095243089,4040.290772343101,60.102016888847864,55.6888487349956,Germany,Germany,None,themis
2020-07-27,205609,9118,81902.36214545488,4040.877872049065,60.16596445415576,55.68240982617828,Germany,Germany,None,themis
2020-07-28,206242,9122,81906.38692772856,4041.4373838994156,60.2862719874087,55.69570945078473,Germany,Germany,None,themis
2020-07-29,206926,9128,81910.27043279819,4041.97077028391,60.41567012709945,55.71898805561011,Germany,Germany,None,themis
2020-07-30,207828,9134,81914.01762062125,4042.4794135026036,60.58566813873912,55.74250696844094,Germany,Germany,None,themis
2020-07-31,208698,9141,81917.63327954097,4042.964617471034,60.74824230249405,55.77109049916821,Germany,Germany,None,themis
2020-08-01,209653,9148,81921.12202839374,4043.4276075613707,60.92537572636989,55.79987311367107,Germany,Germany,None,themis
2020-08-02,209893,9141,81924.48831661133,4043.869529888339,60.96845139351416,55.76119100876994,Germany,Germany,None,themis
2020-08-03,210402,9148,81927.73644156697,4044.2914676748055,61.06133190674662,55.790429955456865,Germany,Germany,None,themis
2020-08-04,211281,9156,81930.87055383685,4044.694445405235,61.22184647278418,55.82465655957585,Germany,Germany,None,themis
2020-08-05,212022,9168,81933.89465821597,4045.07942903876,61.355946713918385,55.878278479071106,Germany,Germany,None,themis
2020-08-06,213067,9175,81936.81261383418,4045.447324013826,61.54410931123348,55.907931073418794,Germany,Germany,None,themis
2020-08-07,214214,9183,81939.62814296671,4045.7989833276424,61.748705433367235,55.94251352142391,Germany,Germany,None,themis
2020-08-08,215336,9195,81942.34484245563,4046.135215824136,61.94675073259667,55.996354368416135,Germany,Germany,None,themis
2020-08-09,215891,9196,81944.96618415425,4046.4567864343944,62.04336161111197,55.99764260075691,Germany,Germany,None,themis
2020-08-10,216327,9197,81947.49551656393,4046.764415844003,62.1186927583871,55.99908213717513,Germany,Germany,None,themis
2020-08-11,217293,9201,81949.9360647914,4047.058780383171,62.285975128148905,56.015011625006295,Germany,Germany,None,themis
2020-08-12,218519,9207,81952.2909444539,4047.340521627498,62.49649186365767,56.04061560087435,Germany,Germany,None,themis
2020-08-13,219964,9211,81954.56316496298,4047.610248283074,62.74182904249651,56.05677724152564,Germany,Germany,None,themis
2020-08-14,221413,9225,81956.7556301539,4047.8685363149375,62.98466863727338,56.1206662730088,Germany,Germany,None,themis
2020-08-15,222828,9231,81958.87113851924,4048.1159277646466,63.21877361080328,56.14650711987167,Germany,Germany,None,themis
2020-08-16,223453,9231,81960.91238766047,4048.3529340611685,63.32073752079387,56.143939615846946,Germany,Germany,None,themis
2020-08-17,224014,9232,81962.8819847745,4048.5800417874575,63.411714453215204,56.14623004996254,Germany,Germany,None,themis
2020-08-18,225404,9236,81964.78244725369,4048.7977129518063,63.636500484794546,56.16286581905797,Germany,Germany,None,themis
2020-08-19,226914,9243,81966.61620372564,4049.0063850713145,63.87767339003956,56.1938073669662,Germany,Germany,None,themis
2020-08-20,228621,9253,81968.3855932211,4049.206470013086,64.14660700757099,56.23898767953004,Germany,Germany,None,themis
2020-08-21,230048,9260,81970.09287265313,4049.3983583597515,64.36826537389886,56.26999613002429,Germany,Germany,None,themis
2020-08-22,232082,9267,81971.74022327623,4049.582422297932,64.67983720267999,56.30104216792995,Germany,Germany,None,themis
2020-08-23,232864,9269,81973.3297507361,4049.759015635712,64.79776618509683,56.30856601968161,Germany,Germany,None,themis
2020-08-24,233575,9272,81974.86348626982,4049.9284738287056,64.90426480305263,56.32087495870679,Germany,Germany,None,themis
2020-08-25,234853,9277,81976.34338536621,4050.0911131000635,65.09461519104879,56.34266343537714,Germany,Germany,None,themis
2020-08-26,236429,9280,81977.7713360109,4050.2472343618924,65.326685247575,56.355094457307196,Germany,Germany,None,themis
2020-08-27,237936,9285,81979.1491628239,4050.3971247695513,65.54571432535475,56.37698303963865,Germany,Germany,None,themis
2020-08-28,239507,9288,81980.47862706184,4050.5410577222037,65.77115548728771,56.389523495669636,Germany,Germany,None,themis
2020-08-29,240986,9289,81981.76142772009,4050.679292879081,65.9806953815906,56.392730187543535,Germany,Germany,None,themis
2020-08-30,241771,9295,81982.99920009384,4050.8120754374736,66.09063982028702,56.41945050632088,Germany,Germany,None,themis
2020-08-31,242381,9298,81984.1935231163,4050.9396391443765,66.17548672415894,56.43213982421621,Germany,Germany,None,themis
2020-09-01,243599,9302,81985.3459228748,4051.062207434874,66.34413691235399,56.44955700457026,Germany,Germany,None,themis
2020-09-02,244855,9313,81986.45787261082,4051.1799934321384,66.51632277363711,56.49973162856073,Germany,Germany,None,themis
2020-09-03,246166,9321,81987.53079355176,4051.2931999886855,66.69421008849648,56.535852376475844,Germany,Germany,None,themis
2020-09-04,247619,9322,81988.56605374461,4051.402019047311,66.88922657237748,56.539347575120026,Germany,Germany,None,themis
2020-09-05,248997,9324,81989.56497320945,4051.5066336109053,67.07206714409834,56.547547902070946,Germany,Germany,None,themis
2020-09-06,249985,9325,81990.52882810651,4051.6072189342794,67.20182057799207,56.55112901947154,Germany,Germany,None,themis
2020-09-07,250799,9325,81991.45885075003,4051.703942527276,67.30790040998966,56.550091769144494,Germany,Germany,None,themis
2020-09-08,252298,9329,81992.35623005069,4051.7969641995246,67.50178113577965,56.56772468432282,Germany,Germany,None,themis
2020-09-09,253474,9338,81993.22211116755,4051.88643564098,67.65221596251783,56.60862673333712,Germany,Germany,None,themis
2020-09-10,255366,9341,81994.05759736206,4051.9725012149433,67.89155267445076,56.621641138904366,Germany,Germany,None,themis
2020-09-11,256850,9342,81994.8637554621,4052.0552993992283,68.07675150653607,56.625398208100755,Germany,Germany,None,themis
2020-09-12,258480,9347,81995.6416161125,4052.13496284038,68.2777616774557,56.64774833807231,Germany,Germany,None,themis
2020-09-13,259428,9349,81996.39217374615,4052.2116183394187,68.39339154842726,56.65620260627426,Germany,Germany,None,themis
2020-09-14,260355,9350,81997.11638617731,4052.2853865113843,68.5056494454966,56.66004934212423,Germany,Germany,None,themis
2020-09-15,261762,9362,81997.81517773606,4052.356382650946,68.67466814215354,56.71484316758229,Germany,Germany,None,themis
2020-06-15,186461,8791,722656.7819277601,12.0,287.56457485895714,99.863496758048,Germany,Germany,None,sir
2020-06-16,186839,8800,765835.6993797452,12.0,309.89070771078053,99.86363636363636,Germany,Germany,None,sir
2020-06-17,187184,8830,811559.4494711434,12.0,333.56240355540183,99.86409966024915,Germany,Germany,None,sir
2020-06-18,187764,8856,859972.9615518934,12.0,358.0073717815414,99.86449864498645,Germany,Germany,None,sir
2020-06-19,188534,8872,911228.8727912937,12.0,383.32336490569,99.86474301172227,Germany,Germany,None,sir
2020-06-20,189135,8883,965486.890152479,12.0,410.4749994197156,99.86491050320836,Germany,Germany,None,sir
2020-06-21,189822,8882,1022915.7207618131,12.0,438.88154205614376,99.86489529385274,Germany,Germany,None,sir
2020-06-22,190359,8885,1083693.1007665165,12.0,469.2891330415249,99.86494091164884,Germany,Germany,None,sir
2020-06-23,190862,8895,1148005.7953346674,12.0,501.4847352195133,99.86509274873524,Germany,Germany,None,sir
2020-06-24,191449,8914,1216049.5986552013,12.0,535.1820059938685,99.86538030065066,Germany,Germany,None,sir
2020-06-25,192079,8927,1288029.4187192942,12.0,570.5727428398181,99.8655763414361,Germany,Germany,None,sir
2020-06-26,192556,8948,1364160.9466870623,12.0,608.4489430020681,99.86589181940099,Germany,Germany,None,sir
2020-06-27,193243,8954,1444669.0932371947,12.0,647.5919403223893,99.8659816841635,Germany,Germany,None,sir
2020-06-28,193499,8957,1529789.368376741,12.0,690.5929066179882,99.86602657139667,Germany,Germany,None,sir
2020-06-29,193761,8961,1619768.6388726002,12.0,735.9621589858641,99.86608637428859,Germany,Germany,None,sir
2020-06-30,194259,8973,1714865.128251521,12.0,782.7725501786382,99.86626546305584,Germany,Germany,None,sir
2020-07-01,194725,8985,1815348.4168001013,12.0,832.262635408962,99.86644407345577,Germany,Germany,None,sir
2020-07-02,195228,8994,1921499.441564789,12.0,884.2335328768359,99.866577718479,Germany,Germany,None,sir
2020-07-03,195674,9003,2033610.6273893537,12.0,939.2850493112797,99.86671109630123,Germany,Germany,None,sir
2020-07-04,196096,9010,2151986.754754527,12.0,997.414916548286,99.86681465038846,Germany,Germany,None,sir
2020-07-05,196335,9012,2276944.329940076,12.0,1059.7241092724557,99.86684420772303,Germany,Germany,None,sir
2020-07-06,196554,9016,2408811.667343661,12.0,1125.5215703285921,99.86690328305235,Germany,Germany,None,sir
2020-07-07,196944,9024,2547928.950598475,12.0,1193.732711125231,99.86702127659575,Germany,Germany,None,sir
2020-07-08,197341,9036,2694648.2325732405,12.0,1265.4781482678413,99.867197875166,Germany,Germany,None,sir
2020-07-09,197783,9048,2849333.435372211,12.0,1340.6361696264144,99.86737400530504,Germany,Germany,None,sir
2020-07-10,198178,9054,3012360.3503351714,12.0,1420.0276268481725,99.8674618952949,Germany,Germany,None,sir
2020-07-11,198556,9060,3184115.661523917,12.0,1503.6360832832638,99.86754966887416,Germany,Germany,None,sir
2020-07-12,198804,9063,3364995.879848961,12.0,1592.6198063665524,99.86759351208208,Germany,Germany,None,sir
2020-07-13,198963,9064,3555410.6989799463,12.0,1686.9707930519476,99.8676081200353,Germany,Germany,None,sir
2020-07-14,199375,9068,3755776.9121035067,12.0,1783.7752537196272,99.86766651962947,Germany,Germany,None,sir
2020-07-15,199726,9071,3966517.9336228464,12.0,1885.9797590813646,99.8677102855253,Germany,Germany,None,sir
2020-07-16,200260,9078,4188063.7991577387,12.0,1991.3131924287122,99.86781229345671,Germany,Germany,None,sir
2020-07-17,200843,9082,4420851.165544529,12.0,2101.147745026976,99.86787051310284,Germany,Germany,None,sir
2020-07-18,201372,9083,4665323.310836133,12.0,2216.7686226665737,99.86788506000221,Germany,Germany,None,sir
2020-07-19,201574,9084,4921928.885763714,12.0,2341.74788701108,99.8678996036988,Germany,Germany,None,sir
2020-07-20,201823,9086,5191109.895062586,12.0,2472.110163391975,99.86792868148801,Germany,Germany,None,sir
2020-07-21,202345,9090,5473320.7345917765,12.0,2604.944888478478,99.86798679867987,Germany,Germany,None,sir
2020-07-22,202799,9095,5769010.293663964,12.0,2744.6936590732516,99.86805937328202,Germany,Germany,None,sir
2020-07-23,203368,9101,6078616.144723879,12.0,2888.973754338873,99.86814635754313,Germany,Germany,None,sir
2020-07-24,204183,9111,6402564.543348299,12.0,3035.699124485535,99.86829107672045,Germany,Germany,None,sir
2020-07-25,204964,9118,6741270.428246049,12.0,3189.002180015051,99.86839219127002,Germany,Germany,None,sir
2020-07-26,205269,9118,7095137.4212580025,12.0,3356.507032848605,99.86839219127002,Germany,Germany,None,sir
2020-07-27,205609,9118,7464557.82735708,12.0,3530.46259033266,99.86839219127002,Germany,Germany,None,sir
2020-07-28,206242,9122,7849908.402820524,12.0,3706.1638283281404,99.86844990133743,Germany,Germany,None,sir
2020-07-29,206926,9128,8251519.806643762,12.0,3887.666995275491,99.86853637160385,Germany,Germany,None,sir
2020-07-30,207828,9134,8669725.89781072,12.0,4071.5870324550688,99.86862272826801,Germany,Germany,None,sir
2020-07-31,208698,9141,9104824.573328208,12.0,4262.679361243619,99.8687233344273,Germany,Germany,None,sir
2020-08-01,209653,9148,9557066.702471158,12.0,4458.516549952139,99.86882378662003,Germany,Germany,None,sir
2020-08-02,209893,9141,10026656.126782615,12.0,4677.032167238838,99.8687233344273,Germany,Germany,None,sir
2020-08-03,210402,9148,10513749.660073753,12.0,4896.981806291648,99.86882378662003,Germany,Germany,None,sir
2020-08-04,211281,9156,11018457.088423863,12.0,5115.072386264673,99.8689384010485,Germany,Germany,None,sir
2020-08-05,212022,9168,11540841.170180356,12.0,5343.228141504351,99.86910994764398,Germany,Germany,None,sir
2020-08-06,213067,9175,12080917.635958761,12.0,5570.008793458753,99.8692098092643,Germany,Germany,None,sir
2020-08-07,214214,9183,12638655.188378764,12.0,5800.013625803525,99.86932375040837,Germany,Germany,None,sir
2020-08-08,215336,9195,13213960.138898296,12.0,6036.438003352108,99.8694942903752,Germany,Germany,None,sir
2020-08-09,215891,9196,13806649.496690493,12.0,6295.194564243296,99.86950848194867,Germany,Germany,None,sir
2020-08-10,216327,9197,14416470.736773094,12.0,6564.2031446713045,99.86952267043601,Germany,Germany,None,sir
2020-08-11,217293,9201,15043102.324582351,12.0,6822.957630748506,99.86957939354419,Germany,Germany,None,sir
2020-08-12,218519,9207,15686153.715973029,12.0,7078.393510849413,99.86966438579343,Germany,Germany,None,sir
2020-08-13,219964,9211,16345165.357218402,12.0,7330.8365719928715,99.86972098577787,Germany,Germany,None,sir
2020-08-14,221413,9225,17019608.685010258,12.0,7586.815446703788,99.86991869918698,Germany,Germany,None,sir
2020-08-15,222828,9231,17708886.126458894,12.0,7847.334323540531,99.87000324991875,Germany,Germany,None,sir
2020-08-16,223453,9231,18412331.099093124,12.0,8139.912240647082,99.87000324991875,Germany,Germany,None,sir
2020-08-17,224014,9232,19129208.01086027,12.0,8439.29129914214,99.87001733102254,Germany,Germany,None,sir
2020-08-18,225404,9236,19858712.260126173,12.0,8710.27499961233,99.87007362494586,Germany,Germany,None,sir
2020-08-19,226914,9243,20599970.235675167,12.0,8978.3161178575,99.87017202207076,Germany,Germany,None,sir
2020-08-20,228621,9253,21352039.316710126,12.0,9239.491698798503,99.87031233113585,Germany,Germany,None,sir
2020-08-21,230048,9260,22113944.402923703,12.0,9512.75229644409,99.87041036717062,Germany,Germany,None,sir
2020-08-22,232082,9267,22884706.562069137,12.0,9760.612439598563,99.87050825509873,Germany,Germany,None,sir
2020-08-23,232864,9269,23663173.837175842,12.0,10061.799950690463,99.87053619592189,Germany,Germany,None,sir
2020-08-24,233575,9272,24448182.19250154,12.0,10366.951596918138,99.87057808455565,Germany,Germany,None,sir
2020-08-25,234853,9277,25238568.10675812,12.0,10646.538518459683,99.87064783874096,Germany,Germany,None,sir
2020-08-26,236429,9280,26033168.57311162,12.0,10910.987896202081,99.87068965517241,Germany,Germany,None,sir
2020-08-27,237936,9285,26830821.09918224,12.0,11176.486575878489,99.87075928917609,Germany,Germany,None,sir
2020-08-28,239507,9288,27630363.70704434,12.0,11436.349128436472,99.87080103359173,Germany,Germany,None,sir
2020-08-29,240986,9289,28430634.933226444,12.0,11697.629295156748,99.87081494240499,Germany,Germany,None,sir
2020-08-30,241771,9295,29230473.828711234,12.0,11990.148871746915,99.8708983324368,Germany,Germany,None,sir
2020-08-31,242381,9298,30028719.958935544,12.0,12289.056881082075,99.870939987094,Germany,Germany,None,sir
2020-09-01,243599,9302,30824213.403790377,12.0,12553.669926309376,99.87099548484197,Germany,Germany,None,sir
2020-09-02,244855,9313,31615794.757620893,12.0,12812.047847755159,99.87114785783314,Germany,Germany,None,sir
2020-09-03,246166,9321,32402333.497852966,12.0,13062.798070348043,99.8712584486643,Germany,Germany,None,sir
2020-09-04,247619,9322,33182848.55388032,12.0,13300.76833921481,99.87127225917185,Germany,Germany,None,sir
2020-09-05,248997,9324,33956337.843009524,12.0,13537.247775278225,99.87129987129987,Germany,Germany,None,sir
2020-09-06,249985,9325,34721846.66473397,12.0,13789.572040216,99.87131367292226,Germany,Germany,None,sir
2020-09-07,250799,9325,35478482.170284234,12.0,14046.181671491608,99.87131367292226,Germany,Germany,None,sir
2020-09-08,252298,9329,36225413.362628095,12.0,14258.18490936436,99.87136884982313,Germany,Germany,None,sir
2020-09-09,253474,9338,36961871.09647052,12.0,14482.115363497052,99.87149282501606,Germany,Germany,None,sir
2020-09-10,255366,9341,37687148.07825366,12.0,14658.09155418249,99.87153409699175,Germany,Germany,None,sir
2020-09-11,256850,9342,38400598.86615686,12.0,14850.593290308296,99.87154784842646,Germany,Germany,None,sir
2020-09-12,258480,9347,39101639.87009666,12.0,15027.53012615934,99.87161656146357,Germany,Germany,None,sir
2020-09-13,259428,9349,39789749.35172679,12.0,15237.492233578025,99.87164402609905,Germany,Germany,None,sir
2020-09-14,260355,9350,40464467.42443818,12.0,15442.035845072374,99.87165775401068,Germany,Germany,None,sir
2020-09-15,261762,9362,41125396.05335892,12.0,15610.987864303803,99.87182226020082,Germany,Germany,None,sir
2020-06-15,186461,8791,413454.55955904257,28769.40229485573,121.73782161365784,227.2597235224176,Germany,Germany,None,seir
2020-06-16,186839,8800,432416.29857313086,30108.780853201308,131.43792172572688,242.14523696819668,Germany,Germany,None,seir
2020-06-17,187184,8830,452237.24012110964,31509.13951748885,141.6003718913527,256.84189714030407,Germany,Germany,None,seir
2020-06-18,187764,8856,472956.0965647358,32973.1962377696,151.8885923631451,272.3260641121229,Germany,Germany,None,seir
2020-06-19,188534,8872,494613.07161222416,34503.775666981106,162.3468825846925,288.90639841051745,Germany,Germany,None,seir
2020-06-20,189135,8883,517250.02366325166,36103.84775440053,173.48191697107973,306.4375521152823,Germany,Germany,None,seir
2020-06-21,189822,8882,540910.4698336076,37776.52798856482,184.95668038141392,325.3155594299124,Germany,Germany,None,seir
2020-06-22,190359,8885,565639.5859551934,39525.0773972707,197.1436002265159,344.8517433570141,Germany,Germany,None,seir
2020-06-23,190862,8895,591484.2065760226,41352.90254757466,209.90150295817008,364.9005345427168,Germany,Germany,None,seir
2020-06-24,191449,8914,618492.8944161014,43263.55700505472,223.05882737235575,385.3439197336181,Germany,Germany,None,seir
2020-06-25,192079,8927,646717.1146869346,45260.72590308581,236.6932953039815,407.0093637625833,Germany,Germany,None,seir
2020-06-26,192556,8948,676210.8432592939,47348.19890156925,251.17619978566958,429.1484007774838,Germany,Germany,None,seir
2020-06-27,193243,8954,707030.0733753276,49529.95062575738,265.8761628495354,453.16004719407397,Germany,Germany,None,seir
2020-06-28,193499,8957,739232.8956189943,51810.15184481972,282.034478534253,478.43197325912377,Germany,Germany,None,seir
2020-06-29,193761,8961,772879.497916062,54193.16947184295,298.88290105648815,504.76698439731,Germany,Germany,None,seir
2020-06-30,194259,8973,808032.165534109,56683.566563830944,315.9561026949119,531.7125438964778,Germany,Germany,None,seir
2020-07-01,194725,8985,844755.305567338,59286.10276635649,333.81964594548106,559.8341988464829,Germany,Germany,None,seir
2020-07-02,195228,8994,883116.818147344,62005.71185562871,352.3515162514312,589.4119619260475,Germany,Germany,None,seir
2020-07-03,195674,9003,923188.3697683845,64847.45034432242,371.79920161512746,620.2871303379143,Germany,Germany,None,seir
2020-07-04,196096,9010,965044.0964172065,67816.60832704649,392.1283944686309,652.6815574588956,Germany,Germany,None,seir
2020-07-05,196335,9012,1008760.6571775749,70918.73299826478,413.79563357403157,686.9366733052018,Germany,Germany,None,seir
2020-07-06,196554,9016,1054417.2342302734,74159.62865229615,436.45167955384954,722.5335919731161,Germany,Germany,None,seir
2020-07-07,196944,9024,1102095.5328531032,77545.3566833144,459.59843044373184,759.3235448062322,Germany,Germany,None,seir
2020-07-08,197341,9036,1151879.8922490177,81082.23512779044,483.7002408262944,797.3244259383625,Germany,Germany,None,seir
2020-07-09,197783,9048,1203859.5685386606,84776.76949181968,508.67696846476224,836.9669484064951,Germany,Germany,None,seir
2020-07-10,198178,9054,1258128.3680866745,88635.63196497175,534.8476460993019,878.9665558313645,Germany,Germany,None,seir
2020-07-11,198556,9060,1314782.9202170302,92665.80757901467,562.1723444353382,922.8014081568947,Germany,Germany,None,seir
2020-07-12,198804,9063,1373922.6970935182,96874.60825017621,591.0940912122081,968.9022205690854,Germany,Germany,None,seir
2020-07-13,198963,9064,1435650.0137197494,101269.67277914396,621.5663282719648,1017.2735302200349,Germany,Germany,None,seir
2020-07-14,199375,9068,1500070.0279391548,105858.96685106526,652.3862209099209,1067.3904593192021,Germany,Germany,None,seir
2020-07-15,199726,9071,1567291.8188612899,110650.75165705055,684.720977169367,1119.8296952601759,Germany,Germany,None,seir
2020-07-16,200260,9078,1637431.7113279195,115653.42862014126,717.6529068850092,1173.9967902637284,Germany,Germany,None,seir
2020-07-17,200843,9082,1710609.838970251,120875.70855454839,751.7149410087735,1230.9371124702532,Germany,Germany,None,seir
2020-07-18,201372,9083,1786949.243140595,126326.70380947494,787.3871457504495,1290.8037411590328,Germany,Germany,None,seir
2020-07-19,201574,9084,1866575.8797462226,132015.92848869204,826.0003173753672,1353.279705952136,Germany,Germany,None,seir
2020-07-20,201823,9086,1949618.6192493653,137953.2984505389,866.004181510217,1418.3061682868026,Germany,Germany,None,seir
2020-07-21,202345,9090,2036209.874179394,144149.10844147592,906.3059992485082,1485.7987727335085,Germany,Germany,None,seir
2020-07-22,202799,9095,2126490.6242775186,150613.8022118277,948.5705670528546,1556.0066213504967,Germany,Germany,None,seir
2020-07-23,203368,9101,2220607.289774768,157358.11264789797,991.9157830999804,1629.020026897022,Germany,Germany,None,seir
2020-07-24,204183,9111,2318708.833155591,164393.24481028385,1035.6032740999942,1704.3381056995265,Germany,Germany,None,seir
2020-07-25,204964,9118,2420946.7587127225,171730.87884417226,1081.1570610998626,1783.4270546629991,Germany,Germany,None,seir
2020-07-26,205269,9118,2527475.1125471825,179383.16997933976,1131.2989845262473,1867.3521603349393,Germany,Germany,None,seir
2020-07-27,205609,9118,2638451.4385785353,187362.7039892056,1183.2373284138998,1954.866242478675,Germany,Germany,None,seir
2020-07-28,206242,9122,2754043.6706835213,195682.15787990543,1235.3456961644677,2045.1672646339116,Germany,Germany,None,seir
2020-07-29,206926,9128,2874425.2716615344,204354.53225644905,1289.1078316217074,2138.7656908024655,Germany,Germany,None,seir
2020-07-30,207828,9134,2999771.1932828603,213393.36339721005,1343.3912626223898,2236.253157403219,Germany,Germany,None,seir
2020-07-31,208698,9141,3130257.8647717317,222812.72453584865,1399.8983530133166,2337.5092936861247,Germany,Germany,None,seir
2020-08-01,209653,9148,3266063.192806325,232627.22586131163,1457.8423360535385,2442.929884797897,Germany,Germany,None,seir
2020-08-02,209893,9141,3407369.8143236516,242851.8401669053,1523.3842073454814,2556.731650442023,Germany,Germany,None,seir
2020-08-03,210402,9148,3554372.9113049856,253501.50110687217,1589.3246790928724,2671.113916778226,Germany,Germany,None,seir
2020-08-04,211281,9156,3707269.818920911,264591.59952730907,1654.663135313119,2789.816508598832,Germany,Germany,None,seir
2020-08-05,212022,9168,3866257.314896211,276138.1005072141,1723.5170477102429,2911.977536073452,Germany,Germany,None,seir
2020-08-06,213067,9175,4031531.619926834,288157.5433278968,1792.1426687036633,3040.681671148739,Germany,Germany,None,seir
2020-08-07,214214,9183,4203288.992223748,300667.00375108776,1862.1915431408536,3174.169702178893,Germany,Germany,None,seir
2020-08-08,215336,9195,4381736.6264760755,313683.4952791163,1934.837011217853,3311.457262415621,Germany,Germany,None,seir
2020-08-09,215891,9196,4567089.601190111,327224.1116119426,2015.4608581136365,3458.3309222699277,Germany,Germany,None,seir
2020-08-10,216327,9197,4759559.55612386,341306.50892707263,2100.1689831245567,3611.0634873009963,Germany,Germany,None,seir
2020-08-11,217293,9201,4959354.299665973,355948.9146675045,2182.3350497558467,3768.5894431855722,Germany,Germany,None,seir
2020-08-12,218519,9207,5166677.870617501,371170.1223285844,2264.406697183083,3931.390489069017,Germany,Germany,None,seir
2020-08-13,219964,9211,5381739.7403536495,386988.9447483389,2346.6456967293057,4101.378186389523,Germany,Germany,None,seir
2020-08-14,221413,9225,5604762.138750754,403423.8242646968,2431.3609132032693,4273.157986609179,Germany,Germany,None,seir
2020-08-15,222828,9231,5835961.145429732,420493.6461401461,2519.0430042138923,4455.233952336108,Germany,Germany,None,seir
2020-08-16,223453,9231,6075544.2973318165,438217.8077898095,2618.9361061752656,4647.240903367018,Germany,Germany,None,seir
2020-08-17,224014,9232,6323710.5955334185,456616.2180293207,2722.908655500736,4846.0162264874425,Germany,Germany,None,seir
2020-08-18,225404,9236,6580659.429824765,475708.7418476977,2819.495408167009,5050.592700819594,Germany,Germany,None,seir
2020-08-19,226914,9243,6846604.623058515,495514.4321958717,2917.268490731517,5260.969730562281,Germany,Germany,None,seir
2020-08-20,228621,9253,7121750.021414194,516052.58569677366,3015.090049214287,5477.138070861058,Germany,Germany,None,seir
2020-08-21,230048,9260,7406284.739777595,537342.88265593,3119.4519142864074,5702.838905571598,Germany,Germany,None,seir
2020-08-22,232082,9267,7700383.184598296,559405.3847704644,3217.9579564973997,5936.531615090799,Germany,Germany,None,seir
2020-08-23,232864,9269,8004217.2259524865,582259.7773827008,3337.2926798270605,6181.797145136486,Germany,Germany,None,seir
2020-08-24,233575,9272,8317972.025805999,605924.4824921369,3461.156812932034,6434.992261563167,Germany,Germany,None,seir
2020-08-25,234853,9277,8641815.707801733,630417.9554321147,3579.670137405838,6695.493752636786,Germany,Germany,None,seir
2020-08-26,236429,9280,8975894.20625528,655758.8313992001,3696.4438399076594,6966.366717663795,Germany,Germany,None,seir
2020-08-27,237936,9285,9320331.588701636,681965.9004614592,3817.159063236179,7244.813144442211,Germany,Germany,None,seir
2020-08-28,239507,9288,9675250.985223768,709056.8478702202,3939.6526970918467,7534.117655794792,Germany,Germany,None,seir
2020-08-29,240986,9289,10040782.722035488,737047.7408812786,4066.5419244418713,7834.629571334682,Germany,Germany,None,seir
2020-08-30,241771,9295,10417029.803792363,765954.477281514,4208.634949515187,8140.500024545605,Germany,Germany,None,seir
2020-08-31,242381,9298,10804064.848799128,795792.8616312592,4357.471851671182,8458.7530827195,Germany,Germany,None,seir
2020-09-01,243599,9302,11201932.708600141,826578.4348274464,4498.513421073215,8786.029185416539,Germany,Germany,None,seir
2020-09-02,244855,9313,11610685.023898764,858324.4739876228,4641.861519633564,9116.41226229596,Germany,Germany,None,seir
2020-09-03,246166,9321,12030365.2320167,891042.6200213409,4787.094575212133,9459.517433980698,Germany,Germany,None,seir
2020-09-04,247619,9322,12460978.93506765,924744.0973140615,4932.319383838741,9820.018207617051,Germany,Germany,None,seir
2020-09-05,248997,9324,12902493.28972715,959439.7169914171,5081.786643906212,10190.001254734203,Germany,Germany,None,seir
2020-09-06,249985,9325,13354849.828368511,995139.1170608483,5242.260466975423,10571.733158829473,Germany,Germany,None,seir
2020-09-07,250799,9325,13818003.397462599,1031848.5525438413,5409.59270071356,10965.4000272798,Germany,Germany,None,seir
2020-09-08,252298,9329,14291877.592014017,1069572.989914409,5564.681286420827,11365.033657566823,Germany,Germany,None,seir
2020-09-09,253474,9338,14776350.78451148,1108316.6576622701,5729.533121547567,11768.886888651426,Germany,Germany,None,seir
2020-09-10,255366,9341,15271257.27156825,1148082.977775603,5880.145074743016,12190.793039027974,Germany,Germany,None,seir
2020-09-11,256850,9342,15776425.678855238,1188872.4201567734,6042.272018242257,12626.10169296482,Germany,Germany,None,seir
2020-09-12,258480,9347,16291683.29256218,1230682.1443313863,6202.879639648011,13066.600452887411,Germany,Germany,None,seir
2020-09-13,259428,9349,16816810.35412533,1273508.2043075392,6382.264965279511,13521.865486228893,Germany,Germany,None,seir
2020-09-14,260355,9350,17351537.731489964,1317345.637010627,6564.568658750538,13989.258149846279,Germany,Germany,None,seir
2020-09-15,261762,9362,17895566.71614321,1362187.4054975156,6736.579303391329,14450.175234965986,Germany,Germany,None,seir
2020-06-15,186461,8791,404332.5406843155,20707.57140520218,116.84563564730183,135.55421914687952,Germany,Germany,None,seird
2020-06-16,186839,8800,419561.1692715519,21496.536187970465,124.55759732794111,144.2788203178462,Germany,Germany,None,seird
2020-06-17,187184,8830,435341.4255677584,22314.185116214026,132.57405844931105,152.7087782130694,Germany,Germany,None,seird
2020-06-18,187764,8856,451693.0475297898,23161.482071675407,140.5642442266834,161.53435040283884,Germany,Germany,None,seird
2020-06-19,188534,8872,468636.2165486274,24039.44922101849,148.56854283504694,170.958625124194,Germany,Germany,None,seird
2020-06-20,189135,8883,486191.44830918557,24949.1860658183,157.06053787463216,180.8644159160002,Germany,Germany,None,seird
2020-06-21,189822,8882,504379.7602051772,25891.84872631308,165.71196184065977,191.50921781482865,Germany,Germany,None,seird
2020-06-22,190359,8885,523223.4685255877,26868.54922369528,174.8614294704152,202.40348028919843,Germany,Germany,None,seird
2020-06-23,190862,8895,542745.4951777963,27880.44918631774,184.36540284488078,213.43956364606788,Germany,Germany,None,seird
2020-06-24,191449,8914,562969.1800738312,28928.79015458428,194.05699694113378,224.53208609585235,Germany,Germany,None,seird
2020-06-25,192079,8927,583918.41480158,30014.877346979814,203.99909141633393,236.22580202733073,Germany,Germany,None,seird
2020-06-26,192556,8948,605618.3970656863,31139.983954905085,214.51546410690204,248.01054933957403,Germany,Germany,None,seird
2020-06-27,193243,8954,628095.0912607273,32305.42484906852,225.02863817096986,260.79321922122534,Germany,Germany,None,seird
2020-06-28,193499,8957,651374.93599199,33512.60143523911,236.62961358559477,274.14984297464673,Germany,Germany,None,seird
2020-06-29,193761,8961,675484.9134872952,34762.99350896944,248.61758222103268,287.93654178071023,Germany,Germany,None,seird
2020-06-30,194259,8973,700453.3732321806,36058.054647487515,260.57705086105693,301.85060344909743,Germany,Germany,None,seird
2020-07-01,194725,8985,726309.7232100898,37399.25447692225,272.992539843415,316.2410069774318,Germany,Germany,None,seird
2020-07-02,195228,8994,753083.8232188183,38788.165771517204,285.7458065537824,331.26713110426067,Germany,Germany,None,seird
2020-07-03,195674,9003,780805.996180764,40226.463901947136,299.0341057988103,346.81177276404685,Germany,Germany,None,seird
2020-07-04,196096,9010,809507.8948687551,41715.816541300286,312.81203842442227,362.9946341986713,Germany,Germany,None,seird
2020-07-05,196335,9012,839222.7170278932,43257.85625451509,327.4442748505835,380.0028434810818,Germany,Germany,None,seird
2020-07-06,196554,9016,869984.0791506418,44854.33511121403,342.6183538114929,397.4970620143526,Germany,Germany,None,seird
2020-07-07,196944,9024,901825.9694654001,46507.132800935215,357.9098471978837,415.3715957550445,Germany,Germany,None,seird
2020-07-08,197341,9036,934783.5731207805,48218.15088109309,373.6894883074376,433.62274104795364,Germany,Germany,None,seird
2020-07-09,197783,9048,968894.0598234104,49989.21032452553,389.87732000394897,452.48906194214777,Germany,Germany,None,seird
2020-07-10,198178,9054,1004195.0285728842,51822.2603666631,406.7136758736511,472.36868087765737,Germany,Germany,None,seird
2020-07-11,198556,9060,1040724.4112369672,53719.394011098855,424.1465436637358,492.929293720738,Germany,Germany,None,seird
2020-07-12,198804,9063,1078521.2971934988,55682.74152121662,442.50482746499006,514.3963535387468,Germany,Germany,None,seird
2020-07-13,198963,9064,1117626.9577507998,57714.335982864286,461.7260283323029,536.7424534737895,Germany,Germany,None,seird
2020-07-14,199375,9068,1158083.1116260728,59816.34445411544,480.8567331039863,559.6420870546475,Germany,Germany,None,seird
2020-07-15,199726,9071,1199931.7826303318,61991.08926073808,500.7889722070896,583.3986248565548,Germany,Germany,None,seird
2020-07-16,200260,9078,1243216.200117211,64240.93063669362,520.8010586823185,607.6551072559333,Germany,Germany,None,seird
2020-07-17,200843,9082,1287981.9151462922,66568.11858617495,541.2879289526109,632.9676127083787,Germany,Germany,None,seird
2020-07-18,201372,9083,1334274.8800054183,68975.04726018336,562.5920584815259,659.386185843701,Germany,Germany,None,seird
2020-07-19,201574,9084,1382141.2375216684,71464.28437737345,585.6743615355495,686.7050239693247,Germany,Germany,None,seird
2020-07-20,201823,9086,1431628.3840759962,74038.43127328978,609.3484806369919,714.8627699019347,Germany,Germany,None,seird
2020-07-21,202345,9090,1482786.2731182294,76699.94819069856,632.8010443145268,743.783808478532,Germany,Germany,None,seird
2020-07-22,202799,9095,1535665.102525105,79451.45800319113,657.2350467828269,773.572930216505,Germany,Germany,None,seird
2020-07-23,203368,9101,1590315.0407043942,82295.7828812833,681.9888284805841,804.2498943114307,Germany,Germany,None,seird
2020-07-24,204183,9111,1646787.5956243475,85235.76244992074,706.5253207291241,835.5258747658957,Germany,Germany,None,seird
2020-07-25,204964,9118,1705137.035919352,88274.06099642595,731.920257176554,868.1296446197188,Germany,Germany,None,seird
2020-07-26,205269,9118,1765417.596984343,91413.531590164,760.0507611886563,902.5612150708927,Germany,Germany,None,seird
2020-07-27,205609,9118,1827683.2123542076,94657.25077121968,788.9120672510483,938.1361128670726,Germany,Germany,None,seird
2020-07-28,206242,9122,1891989.4072908624,98008.2649822089,817.3637800694631,974.4164106797731,Germany,Germany,None,seird
2020-07-29,206926,9128,1958394.4055829954,101469.43582384977,846.4225885500108,1011.628350392745,Germany,Germany,None,seird
2020-07-30,207828,9134,2026955.993606544,105043.84584300056,875.3045757099834,1050.031156590766,Germany,Germany,None,seird
2020-07-31,208698,9141,2097731.3759723846,108734.8155855663,905.1516430307835,1089.528668477916,Germany,Germany,None,seird
2020-08-01,209653,9148,2170779.8408276504,112545.54375016945,935.4155871023313,1130.2748551614502,Germany,Germany,None,seird
2020-08-02,209893,9141,2246162.915018347,116479.07402360032,970.1466533035152,1174.2487039011085,Germany,Germany,None,seird
2020-08-03,210402,9148,2323941.1526256376,120538.70718808896,1004.5242690780684,1217.6509312209112,Germany,Germany,None,seird
2020-08-04,211281,9156,2404174.2700829306,124727.98004697985,1037.903678079397,1262.2540415790722,Germany,Germany,None,seird
2020-08-05,212022,9168,2486924.770575085,129050.17206455194,1072.9560001203108,1307.6153148402263,Germany,Germany,None,seird
2020-08-06,213067,9175,2572256.462373836,133508.48386867417,1107.252395900743,1355.1333391681108,Germany,Germany,None,seird
2020-08-07,214214,9183,2660231.520618195,138106.41028696173,1141.8569844259457,1403.9356450719997,Germany,Germany,None,seird
2020-08-08,215336,9195,2750911.196822098,142847.64103930254,1177.4971193029025,1453.5360635051936,Germany,Germany,None,seird
2020-08-09,215891,9196,2844360.25419982,147735.451058138,1217.4982996974493,1506.518606547825,Germany,Germany,None,seird
2020-08-10,216327,9197,2940643.268428846,152773.16744706576,1259.3510141724546,1561.1195764604302,Germany,Germany,None,seird
2020-08-11,217293,9201,3039822.443484882,157964.44189902744,1298.9509296134167,1616.8181925771921,Germany,Germany,None,seird
2020-08-12,218519,9207,3141959.523871119,163312.98586917468,1337.8427156774098,1673.7915267641433,Germany,Germany,None,seird
2020-08-13,219964,9211,3247119.889761159,168821.99695955493,1376.2051470973245,1732.8302785751268,Germany,Germany,None,seird
2020-08-14,221413,9225,3355366.854203267,174494.8860003274,1415.433535611399,1791.5434796783459,Germany,Germany,None,seird
2020-08-15,222828,9231,3466760.621688599,180335.40032904994,1455.8011657819482,1853.584663948109,Germany,Germany,None,seird
2020-08-16,223453,9231,3581362.384775588,186347.05560727508,1502.7363180514863,1918.7093013462795,Germany,Germany,None,seird
2020-08-17,224014,9232,3699235.487812767,192532.94584638788,1551.341205376792,1985.495513934011,Germany,Germany,None,seird
2020-08-18,225404,9236,3820439.4991969825,198896.49569069088,1594.929770189075,2053.4917246718373,Germany,Germany,None,seird
2020-08-19,226914,9243,3945030.4973017066,205441.40987127446,1638.5575580623963,2122.670235543378,Germany,Germany,None,seird
2020-08-20,228621,9253,4073067.387276547,212170.7915746999,1681.5806016405083,2192.994613365394,Germany,Germany,None,seird
2020-08-21,230048,9260,4204608.155975141,219087.60107564434,1727.709067662027,2265.956815071753,Germany,Germany,None,seird
2020-08-22,232082,9267,4339705.605877403,226195.1911041951,1769.9018475699984,2340.867498696397,Germany,Germany,None,seird
2020-08-23,232864,9269,4478409.901635967,233496.94690300224,1823.186882315844,2419.116915557258,Germany,Germany,None,seird
2020-08-24,233575,9272,4620774.570986346,240995.4316975924,1878.2830230060351,2499.1741986366737,Germany,Germany,None,seird
2020-08-25,234853,9277,4766848.4963664375,248693.41302107606,1929.7158206905756,2580.752538763351,Germany,Germany,None,seird
2020-08-26,236429,9280,4916674.388027344,256594.04280945112,1979.556394531696,2665.0220130328785,Germany,Germany,None,seird
2020-08-27,237936,9285,5070295.1710333815,264699.9599777446,2030.949150625959,2750.8342485486764,Germany,Germany,None,seird
2020-08-28,239507,9288,5227754.092060492,273013.2235674823,2082.7145311245567,2839.418858392359,Germany,Germany,None,seird
2020-08-29,240986,9289,5389087.100531355,281536.29029873817,2136.2656339087557,2930.856823110541,Germany,Germany,None,seird
2020-08-30,241771,9295,5554324.240973695,290271.8076674381,2197.3492441085555,3022.8812013710394,Germany,Germany,None,seird
2020-08-31,242381,9298,5723498.352660174,299221.3802384806,2261.364278825557,3118.1262662774852,Germany,Germany,None,seird
2020-09-01,243599,9302,5896637.262331433,308386.5737864966,2320.632786805953,3215.2717027144336,Germany,Germany,None,seird
2020-09-02,244855,9313,6073759.975788313,317769.39724069845,2380.553787257076,3312.105629128084,Germany,Germany,None,seird
2020-09-03,246166,9321,6254882.84445783,327371.43059788,2440.9206976015494,3412.1921531797016,Germany,Germany,None,seird
2020-09-04,247619,9322,6440023.081965941,337193.288643998,2500.779052482217,3517.177522462969,Germany,Germany,None,seird
2020-09-05,248997,9324,6629188.627035789,347235.9521781245,2562.35682640184,3624.1093112196963,Germany,Germany,None,seird
2020-09-06,249985,9325,6822378.688622123,357500.67443003407,2629.1152223621907,3733.7873933515716,Germany,Germany,None,seird
2020-09-07,250799,9325,7019594.10505399,367987.51049770135,2698.8923819688234,3846.2467613694516,Germany,Germany,None,seird
2020-09-08,252298,9329,7220830.2877683155,378696.2355111788,2762.0243869425503,3959.3443617877456,Germany,Germany,None,seird
2020-09-09,253474,9338,7426071.463642079,389627.1040922654,2829.717234762571,4072.4898703391027,Germany,Germany,None,seird
2020-09-10,255366,9341,7635296.798976513,400779.9818027037,2889.9425918002057,4190.546855825968,Germany,Germany,None,seird
2020-09-11,256850,9342,7848486.442428553,412153.46057748725,2955.669239800877,4311.8332324714975,Germany,Germany,None,seird
2020-09-12,258480,9347,8065609.67957826,423746.46192904655,3020.3999069863276,4433.5023208414095,Germany,Germany,None,seird
2020-09-13,259428,9349,8286625.3069181,435558.17185652745,3094.1907993424384,4558.874444930232,Germany,Germany,None,seird
2020-09-14,260355,9350,8511492.385996519,447586.51093159564,3169.1872197563016,4687.021507289793,Germany,Germany,None,seird
2020-09-15,261762,9362,8740161.685810547,459829.2984150078,3238.972687330685,4811.656680356846,Germany,Germany,None,seird
2020-06-15,244109,27136,239893.0,27553.0,1.7270973212786094,1.5367040094339623,Spain,Spain,None,delphi
2020-06-16,244328,27136,239931.0,27557.0,1.799630005566288,1.5514445754716981,Spain,Spain,None,delphi
2020-06-17,244683,27136,239965.0,27561.0,1.928209152250054,1.5661851415094339,Spain,Spain,None,delphi
2020-06-18,245268,27136,239996.0,27565.0,2.1494854608020613,1.5809257075471699,Spain,Spain,None,delphi
2020-06-19,245575,28315,240024.0,27569.0,2.260409243611931,2.634645947377715,Spain,Spain,None,delphi
2020-06-20,245938,28322,240049.0,27572.0,2.394505932389464,2.648118070757715,Spain,Spain,None,delphi
2020-06-21,246272,28323,240072.0,27574.0,2.51754158004158,2.644493874236486,Spain,Spain,None,delphi
2020-06-22,246504,28324,240094.0,27577.0,2.60036348294551,2.6373393588476204,Spain,Spain,None,delphi
2020-06-23,246752,28325,240113.0,27579.0,2.6905556996498508,2.6337157987643427,Spain,Spain,None,delphi
2020-06-24,247086,28327,240130.0,27581.0,2.815214135968853,2.633529847848343,Spain,Spain,None,delphi
2020-06-25,247486,28330,240146.0,27583.0,2.96582432945702,2.636780797740911,Spain,Spain,None,delphi
2020-06-26,247905,28338,240160.0,27585.0,3.124180633710494,2.6572094008045735,Spain,Spain,None,delphi
2020-06-27,248469,28341,240173.0,27587.0,3.3388470996381843,2.6604565823365443,Spain,Spain,None,delphi
2020-06-28,248770,28343,240185.0,27588.0,3.450978815773606,2.6637970574745085,Spain,Spain,None,delphi
2020-06-29,248970,28346,240196.0,27589.0,3.524119371811865,2.670570803640725,Spain,Spain,None,delphi
2020-06-30,249271,28355,240205.0,27590.0,3.6370055080615074,2.6979368718039147,Spain,Spain,None,delphi
2020-07-01,249659,28364,240214.0,27591.0,3.783160230554476,2.725285573261881,Spain,Spain,None,delphi
2020-07-02,250103,28368,240222.0,27592.0,3.95077228181989,2.7354765933446137,Spain,Spain,None,delphi
2020-07-03,250545,28385,240229.0,27593.0,4.1174240156458914,2.790206094768364,Spain,Spain,None,delphi
2020-07-04,250545,28385,240236.0,27594.0,4.114630106368118,2.7866831072749694,Spain,Spain,None,delphi
2020-07-05,250545,28385,240242.0,27595.0,4.112235326987168,2.7831601197815745,Spain,Spain,None,delphi
2020-07-06,251789,28388,240247.0,27595.0,4.583996918054402,2.793433845286741,Spain,Spain,None,delphi
2020-07-07,252130,28392,240252.0,27596.0,4.711061753857137,2.803606649760496,Spain,Spain,None,delphi
2020-07-08,252513,28396,240256.0,27596.0,4.854007516444698,2.8172982110156357,Spain,Spain,None,delphi
2020-07-09,253056,28401,240260.0,27597.0,5.0565882650480525,2.8308862364001266,Spain,Spain,None,delphi
2020-07-10,253908,28403,240264.0,27597.0,5.37359988657309,2.837728408970883,Spain,Spain,None,delphi
2020-07-11,253908,28403,240267.0,27597.0,5.372418356255022,2.837728408970883,Spain,Spain,None,delphi
2020-07-12,253908,28403,240270.0,27598.0,5.371236825936954,2.8342076541210437,Spain,Spain,None,delphi
2020-07-13,255953,28406,240273.0,27598.0,6.126124718209984,2.844469478279237,Spain,Spain,None,delphi
2020-07-14,256619,28409,240275.0,27598.0,6.368975017438304,2.8547291351332325,Spain,Spain,None,delphi
2020-07-15,257494,28413,240277.0,27599.0,6.686369391131445,2.8648857917150603,Spain,Spain,None,delphi
2020-07-16,258855,28416,240279.0,27599.0,7.176218346178362,2.8751407657657655,Spain,Spain,None,delphi
2020-07-17,260255,28420,240281.0,27599.0,7.674780503736719,2.88881069669247,Spain,Spain,None,delphi
2020-07-18,260255,28420,240282.0,27599.0,7.6743962652014375,2.88881069669247,Spain,Spain,None,delphi
2020-07-19,260255,28420,240284.0,27599.0,7.673627788130871,2.88881069669247,Spain,Spain,None,delphi
2020-07-20,264836,28422,240285.0,27600.0,9.270265371777251,2.8921258180282883,Spain,Spain,None,delphi
2020-07-21,266194,28424,240286.0,27600.0,9.732751301682232,2.898958626512806,Spain,Spain,None,delphi
2020-07-22,267551,28426,240287.0,27600.0,10.19020672694178,2.9057904735101667,Spain,Spain,None,delphi
2020-07-23,270166,28429,240288.0,27600.0,11.059126611046542,2.9160364416616837,Spain,Spain,None,delphi
2020-07-24,272421,28432,240289.0,27600.0,11.794979094856856,2.9262802476083283,Spain,Spain,None,delphi
2020-07-25,272421,28432,240290.0,27600.0,11.79461201596059,2.9262802476083283,Spain,Spain,None,delphi
2020-07-26,272421,28432,240290.0,27600.0,11.79461201596059,2.9262802476083283,Spain,Spain,None,delphi
2020-07-27,278782,28434,240291.0,27600.0,13.806845492176684,2.9331082506857986,Spain,Spain,None,delphi
2020-07-28,280610,28436,240292.0,27600.0,14.36798403478137,2.9399352932901954,Spain,Spain,None,delphi
2020-07-29,282641,28441,240292.0,27600.0,14.983318060720135,2.9569986990612143,Spain,Spain,None,delphi
2020-07-30,285430,28443,240292.0,27600.0,15.814034964789967,2.9638223816053157,Spain,Spain,None,delphi
2020-07-31,288522,28445,240293.0,27600.0,16.71588301758618,2.9706451045878013,Spain,Spain,None,delphi
2020-08-01,288522,28445,240293.0,27600.0,16.71588301758618,2.9706451045878013,Spain,Spain,None,delphi
2020-08-02,288522,28445,240294.0,27600.0,16.71553642356562,2.9706451045878013,Spain,Spain,None,delphi
2020-08-03,297054,28472,240294.0,27600.0,19.107636995293788,3.062658050014049,Spain,Spain,None,delphi
2020-08-04,302814,28498,240294.0,27601.0,20.64633735560443,3.1475893045125978,Spain,Spain,None,delphi
2020-08-05,305767,28499,240294.0,27601.0,21.412709677630353,3.150987753956279,Spain,Spain,None,delphi
2020-08-06,309855,28500,240295.0,27601.0,22.449210114408352,3.1543859649122803,Spain,Spain,None,delphi
2020-08-07,314362,28503,240295.0,27601.0,23.56105381693716,3.164579167105217,Spain,Spain,None,delphi
2020-08-08,314362,28503,240295.0,27601.0,23.56105381693716,3.164579167105217,Spain,Spain,None,delphi
2020-08-09,314362,28503,240295.0,27601.0,23.56105381693716,3.164579167105217,Spain,Spain,None,delphi
2020-08-10,322980,28576,240295.0,27601.0,25.600656387392405,3.4119540873460243,Spain,Spain,None,delphi
2020-08-11,326612,28581,240295.0,27601.0,26.427994072477436,3.4288513348028413,Spain,Spain,None,delphi
2020-08-12,329784,28579,240295.0,27601.0,27.135640297891957,3.422093145316491,Spain,Spain,None,delphi
2020-08-13,337334,28605,240296.0,27601.0,28.766148683500624,3.5098758958224083,Spain,Spain,None,delphi
2020-08-14,342813,28617,240296.0,27601.0,29.904641889309914,3.550337212146626,Spain,Spain,None,delphi
2020-08-15,342813,28617,240296.0,27601.0,29.904641889309914,3.550337212146626,Spain,Spain,None,delphi
2020-08-16,342813,28617,240296.0,27601.0,29.904641889309914,3.550337212146626,Spain,Spain,None,delphi
2020-08-17,359082,28646,240296.0,27601.0,33.08046630017656,3.647978775396216,Spain,Spain,None,delphi
2020-08-18,364196,28670,240296.0,27601.0,34.02014299992312,3.728636205092431,Spain,Spain,None,delphi
2020-08-19,370867,28797,240296.0,27601.0,35.206960986013854,4.153210403861514,Spain,Spain,None,delphi
2020-08-20,377906,28813,240296.0,27601.0,36.41381719263521,4.2064345954950895,Spain,Spain,None,delphi
2020-08-21,386054,28838,240296.0,27601.0,37.75585798877877,4.289479159442402,Spain,Spain,None,delphi
2020-08-22,386054,28838,240296.0,27601.0,37.75585798877877,4.289479159442402,Spain,Spain,None,delphi
2020-08-23,386054,28838,240296.0,27601.0,37.75585798877877,4.289479159442402,Spain,Spain,None,delphi
2020-08-24,405436,28872,240296.0,27601.0,40.731459465858975,4.402188972014408,Spain,Spain,None,delphi
2020-08-25,412553,28924,240296.0,27601.0,41.75390798273192,4.57405614714424,Spain,Spain,None,delphi
2020-08-26,419849,28971,240296.0,27601.0,42.76608971320641,4.728866797832315,Spain,Spain,None,delphi
2020-08-27,429507,28996,240296.0,27601.0,44.053065491365686,4.811008414953786,Spain,Spain,None,delphi
2020-08-28,439286,29011,240296.0,27601.0,45.298507122922196,4.8602254317327915,Spain,Spain,None,delphi
2020-08-29,439286,29011,240296.0,27601.0,45.298507122922196,4.8602254317327915,Spain,Spain,None,delphi
2020-08-30,439286,29011,240296.0,27601.0,45.298507122922196,4.8602254317327915,Spain,Spain,None,delphi
2020-08-31,462858,29094,240296.0,27601.0,48.084293671061104,5.131642263009555,Spain,Spain,None,delphi
2020-09-01,470973,29152,240296.0,27601.0,48.97881619540823,5.320389681668496,Spain,Spain,None,delphi
2020-09-02,479554,29194,240296.0,27601.0,49.89177444041755,5.456600671370829,Spain,Spain,None,delphi
2020-09-03,488513,29234,240296.0,27601.0,50.81072561016799,5.585961551617979,Spain,Spain,None,delphi
2020-09-04,498989,29418,240296.0,27601.0,51.84342741022348,6.176490583996193,Spain,Spain,None,delphi
2020-09-05,498989,29418,240296.0,27601.0,51.84342741022348,6.176490583996193,Spain,Spain,None,delphi
2020-09-06,498989,29418,240296.0,27601.0,51.84342741022348,6.176490583996193,Spain,Spain,None,delphi
2020-09-07,525549,29516,240296.0,27601.0,54.277146374553084,6.48800650494647,Spain,Spain,None,delphi
2020-09-08,534513,29594,240296.0,27601.0,55.04393719142472,6.734473204027844,Spain,Spain,None,delphi
2020-09-09,543379,29628,240296.0,27601.0,55.77745919514741,6.841501282570542,Spain,Spain,None,delphi
2020-09-10,554143,29699,240296.0,27601.0,56.636463873043596,7.064210916192465,Spain,Spain,None,delphi
2020-09-11,566326,29747,240296.0,27601.0,57.56931520007911,7.214172857767171,Spain,Spain,None,delphi
2020-09-12,566326,29747,240296.0,27601.0,57.56931520007911,7.214172857767171,Spain,Spain,None,delphi
2020-09-13,566326,29747,240296.0,27601.0,57.56931520007911,7.214172857767171,Spain,Spain,None,delphi
2020-09-14,593730,29848,240296.0,27601.0,59.52773146042814,7.528142589118199,Spain,Spain,None,delphi
2020-09-15,603167,30004,240296.0,27601.0,60.16095044987541,8.008932142381015,Spain,Spain,None,delphi
2020-06-15,244109,27136,347054.0,28051.0,42.17173475783359,3.3719044811320757,Spain,Spain,None,delphi_lookahead
2020-06-16,244328,27136,348403.0,28126.0,42.59642775285681,3.6482900943396226,Spain,Spain,None,delphi_lookahead
2020-06-17,244683,27136,349677.0,28197.0,42.91021444072535,3.909935141509434,Spain,Spain,None,delphi_lookahead
2020-06-18,245268,27136,350878.0,28264.0,43.059021152372104,4.15683962264151,Spain,Spain,None,delphi_lookahead
2020-06-19,245575,28315,352012.0,28326.0,43.34195256031762,0.0388486667843899,Spain,Spain,None,delphi_lookahead
2020-06-20,245938,28322,353080.0,28385.0,43.564638242158594,0.22244191794364804,Spain,Spain,None,delphi_lookahead
2020-06-21,246272,28323,354087.0,28440.0,43.77882991164241,0.4130918334922148,Spain,Spain,None,delphi_lookahead
2020-06-22,246504,28324,355035.0,28491.0,44.02808879369097,0.5896059878548228,Spain,Spain,None,delphi_lookahead
2020-06-23,246752,28325,355926.0,28539.0,44.24442355077163,0.7555163283318623,Spain,Spain,None,delphi_lookahead
2020-06-24,247086,28327,356763.0,28584.0,44.38818872781137,0.9072616231863593,Spain,Spain,None,delphi_lookahead
2020-06-25,247486,28330,357551.0,28626.0,44.473222727750255,1.044828803388634,Spain,Spain,None,delphi_lookahead
2020-06-26,247905,28338,358290.0,28665.0,44.52713741150844,1.153927588397205,Spain,Spain,None,delphi_lookahead
2020-06-27,248469,28341,358984.0,28701.0,44.47838563362029,1.2702445220704985,Spain,Spain,None,delphi_lookahead
2020-06-28,248770,28343,359634.0,28735.0,44.564859106805486,1.3830575450728575,Spain,Spain,None,delphi_lookahead
2020-06-29,248970,28346,360244.0,28767.0,44.69373820138973,1.4852183729626756,Spain,Spain,None,delphi_lookahead
2020-06-30,249271,28355,360816.0,28796.0,44.74848658688737,1.555281255510492,Spain,Spain,None,delphi_lookahead
2020-07-01,249659,28364,361351.0,28824.0,44.737822389739605,1.6217740798194893,Spain,Spain,None,delphi_lookahead
2020-07-02,250103,28368,361851.0,28850.0,44.680791513896274,1.6990975747320927,Spain,Spain,None,delphi_lookahead
2020-07-03,250545,28385,362319.0,28873.0,44.612345087708796,1.7192178967764666,Spain,Spain,None,delphi_lookahead
2020-07-04,250545,28385,362757.0,28896.0,44.78716398251811,1.8002466091245377,Spain,Spain,None,delphi_lookahead
2020-07-05,250545,28385,363166.0,28916.0,44.9504081103195,1.8707063589924255,Spain,Spain,None,delphi_lookahead
2020-07-06,251789,28388,363548.0,28935.0,44.38597397026876,1.9268705086656333,Spain,Spain,None,delphi_lookahead
2020-07-07,252130,28392,363905.0,28953.0,44.33228889858407,1.9759087066779375,Spain,Spain,None,delphi_lookahead
2020-07-08,252513,28396,364237.0,28970.0,44.24485076015888,2.021411466403719,Spain,Spain,None,delphi_lookahead
2020-07-09,253056,28401,364547.0,28985.0,44.05783700050582,2.0562656244498436,Spain,Spain,None,delphi_lookahead
2020-07-10,253908,28403,364836.0,28999.0,43.68826504088095,2.0983698905045243,Spain,Spain,None,delphi_lookahead
2020-07-11,253908,28403,365106.0,29012.0,43.794602769507065,2.1441397035524417,Spain,Spain,None,delphi_lookahead
2020-07-12,253908,28403,365356.0,29024.0,43.89306362934606,2.1863887617505195,Spain,Spain,None,delphi_lookahead
2020-07-13,255953,28406,365590.0,29036.0,42.83481732974413,2.2178413011335634,Spain,Spain,None,delphi_lookahead
2020-07-14,256619,28409,365807.0,29046.0,42.54868111870127,2.2422471751909607,Spain,Spain,None,delphi_lookahead
2020-07-15,257494,28413,366009.0,29056.0,42.14272953932907,2.263048604512019,Spain,Spain,None,delphi_lookahead
2020-07-16,258855,28416,366196.0,29065.0,41.46761700565954,2.2839245495495497,Spain,Spain,None,delphi_lookahead
2020-07-17,260255,28420,366370.0,29073.0,40.773472171524084,2.2976776917663617,Spain,Spain,None,delphi_lookahead
2020-07-18,260255,28420,366532.0,29081.0,40.83571881423988,2.325826882477129,Spain,Spain,None,delphi_lookahead
2020-07-19,260255,28420,366683.0,29088.0,40.893738833067566,2.3504574243490497,Spain,Spain,None,delphi_lookahead
2020-07-20,264836,28422,366822.0,29094.0,38.5091150749898,2.3643656322567024,Spain,Spain,None,delphi_lookahead
2020-07-21,266194,28424,366951.0,29100.0,37.85096583694599,2.378271882915846,Spain,Spain,None,delphi_lookahead
2020-07-22,267551,28426,367071.0,29106.0,37.19664662064429,2.3921761767396044,Spain,Spain,None,delphi_lookahead
2020-07-23,270166,28429,367182.0,29111.0,35.909773990805654,2.398958809666186,Spain,Spain,None,delphi_lookahead
2020-07-24,272421,28432,367285.0,29116.0,34.82257241548926,2.405740011254924,Spain,Spain,None,delphi_lookahead
2020-07-25,272421,28432,367380.0,29120.0,34.85744491063464,2.4198086662915026,Spain,Spain,None,delphi_lookahead
2020-07-26,272421,28432,367469.0,29124.0,34.89011493240242,2.433877321328081,Spain,Spain,None,delphi_lookahead
2020-07-27,278782,28434,367550.0,29128.0,31.841367089697325,2.44073995920377,Spain,Spain,None,delphi_lookahead
2020-07-28,280610,28436,367626.0,29131.0,31.00958625850825,2.4440849627233083,Spain,Spain,None,delphi_lookahead
2020-07-29,282641,28441,367696.0,29134.0,30.09294476031432,2.436623184838789,Spain,Spain,None,delphi_lookahead
2020-07-30,285430,28443,367760.0,29137.0,28.844199978979084,2.4399676546074605,Spain,Spain,None,delphi_lookahead
2020-07-31,288522,28445,367820.0,29140.0,27.48421264236349,2.4433116540692565,Spain,Spain,None,delphi_lookahead
2020-08-01,288522,28445,367875.0,29142.0,27.503275313494292,2.4503427667428372,Spain,Spain,None,delphi_lookahead
2020-08-02,288522,28445,367926.0,29144.0,27.52095160854285,2.4573738794164175,Spain,Spain,None,delphi_lookahead
2020-08-03,297054,28472,367973.0,29146.0,23.87411043110007,2.3672379881989323,Spain,Spain,None,delphi_lookahead
2020-08-04,302814,28498,368016.0,29148.0,21.532029562701858,2.2808618148642013,Spain,Spain,None,delphi_lookahead
2020-08-05,305767,28499,368056.0,29150.0,20.371393904508988,2.284290676865855,Spain,Spain,None,delphi_lookahead
2020-08-06,309855,28500,368093.0,29152.0,18.7952429362121,2.287719298245614,Spain,Spain,None,delphi_lookahead
2020-08-07,314362,28503,368126.0,29153.0,17.10257601109549,2.280461705785356,Spain,Spain,None,delphi_lookahead
2020-08-08,314362,28503,368158.0,29154.0,17.11275535847208,2.283970108409641,Spain,Spain,None,delphi_lookahead
2020-08-09,314362,28503,368186.0,29156.0,17.1216622874266,2.2909869136582115,Spain,Spain,None,delphi_lookahead
2020-08-10,322980,28576,368213.0,29157.0,14.00489194377361,2.033174692049272,Spain,Spain,None,delphi_lookahead
2020-08-11,326612,28581,368237.0,29158.0,12.744479688437657,2.018823694062489,Spain,Spain,None,delphi_lookahead
2020-08-12,329784,28579,368260.0,29159.0,11.667030541202726,2.0294621925189826,Spain,Spain,None,delphi_lookahead
2020-08-13,337334,28605,368281.0,29160.0,9.173993727285124,1.9402202412165706,Spain,Spain,None,delphi_lookahead
2020-08-14,342813,28617,368300.0,29161.0,7.4346655465224485,1.9009679561100046,Spain,Spain,None,delphi_lookahead
2020-08-15,342813,28617,368317.0,29161.0,7.439624518323401,1.9009679561100046,Spain,Spain,None,delphi_lookahead
2020-08-16,342813,28617,368333.0,29162.0,7.444291785900768,1.9044623824999125,Spain,Spain,None,delphi_lookahead
2020-08-17,359082,28646,368348.0,29163.0,2.580469085055781,1.8047894994065488,Spain,Spain,None,delphi_lookahead
2020-08-18,364196,28670,368361.0,29163.0,1.143614976551088,1.7195674921520754,Spain,Spain,None,delphi_lookahead
2020-08-19,370867,28797,368374.0,29164.0,0.6722086354407375,1.2744383095461334,Spain,Spain,None,delphi_lookahead
2020-08-20,377906,28813,368385.0,29164.0,2.51940958862786,1.2182001180022906,Spain,Spain,None,delphi_lookahead
2020-08-21,386054,28838,368396.0,29165.0,4.573971516938045,1.133920521534087,Spain,Spain,None,delphi_lookahead
2020-08-22,386054,28838,368405.0,29165.0,4.571640236858056,1.133920521534087,Spain,Spain,None,delphi_lookahead
2020-08-23,386054,28838,368414.0,29165.0,4.569308956778068,1.133920521534087,Spain,Spain,None,delphi_lookahead
2020-08-24,405436,28872,368422.0,29166.0,9.129431032271432,1.0182876142975894,Spain,Spain,None,delphi_lookahead
2020-08-25,412553,28924,368430.0,29166.0,10.695110688808468,0.8366754252523855,Spain,Spain,None,delphi_lookahead
2020-08-26,419849,28971,368436.0,29166.0,12.24559305845673,0.6730868799834316,Spain,Spain,None,delphi_lookahead
2020-08-27,429507,28996,368443.0,29166.0,14.217230452588666,0.5862877638294938,Spain,Spain,None,delphi_lookahead
2020-08-28,439286,29011,368448.0,29167.0,16.125713088967096,0.5377270690427769,Spain,Spain,None,delphi_lookahead
2020-08-29,439286,29011,368454.0,29167.0,16.124347236196922,0.5377270690427769,Spain,Spain,None,delphi_lookahead
2020-08-30,439286,29011,368458.0,29167.0,16.123436667683468,0.5377270690427769,Spain,Spain,None,delphi_lookahead
2020-08-31,462858,29094,368463.0,29167.0,20.393943714919047,0.25091084072317316,Spain,Spain,None,delphi_lookahead
2020-09-01,470973,29152,368467.0,29167.0,21.764729612950212,0.051454445664105376,Spain,Spain,None,delphi_lookahead
2020-09-02,479554,29194,368470.0,29168.0,23.16402323825888,0.08905939576625334,Spain,Spain,None,delphi_lookahead
2020-09-03,488513,29234,368474.0,29168.0,24.572324585016162,0.22576452076349457,Spain,Spain,None,delphi_lookahead
2020-09-04,498989,29418,368477.0,29168.0,26.15528598826828,0.8498198381943027,Spain,Spain,None,delphi_lookahead
2020-09-05,498989,29418,368480.0,29168.0,26.15468477261022,0.8498198381943027,Spain,Spain,None,delphi_lookahead
2020-09-06,498989,29418,368482.0,29168.0,26.154283962171508,0.8498198381943027,Spain,Spain,None,delphi_lookahead
2020-09-07,525549,29516,368485.0,29168.0,29.88570047702498,1.1790215476351809,Spain,Spain,None,delphi_lookahead
2020-09-08,534513,29594,368487.0,29168.0,31.0611715711311,1.439480975873488,Spain,Spain,None,delphi_lookahead
2020-09-09,543379,29628,368489.0,29168.0,32.18563838499463,1.5525853921965709,Spain,Spain,None,delphi_lookahead
2020-09-10,554143,29699,368490.0,29168.0,33.50272402610878,1.7879389878447085,Spain,Spain,None,delphi_lookahead
2020-09-11,566326,29747,368492.0,29168.0,34.93288318035901,1.9464147645140686,Spain,Spain,None,delphi_lookahead
2020-09-12,566326,29747,368493.0,29168.0,34.932706603617,1.9464147645140686,Spain,Spain,None,delphi_lookahead
2020-09-13,566326,29747,368495.0,29168.0,34.932353450132965,1.9464147645140686,Spain,Spain,None,delphi_lookahead
2020-09-14,593730,29848,368496.0,29168.0,37.935425193269666,2.278209595282766,Spain,Spain,None,delphi_lookahead
2020-09-15,603167,30004,368497.0,29169.0,38.90630621370201,2.782962271697107,Spain,Spain,None,delphi_lookahead
2020-06-15,244109,27136,168975.90982217714,19515.948666083146,30.778500660697826,28.080967474634633,Spain,Spain,None,delphi_constant
2020-06-16,244328,27136,169002.31276316123,19519.173752841307,30.82974003668788,28.06908257355061,Spain,Spain,None,delphi_constant
2020-06-17,244683,27136,169026.35108362525,19522.10165935157,30.920271909521603,28.058292823733893,Spain,Spain,None,delphi_constant
2020-06-18,245268,27136,169048.23120239194,19524.75882065718,31.07611624737351,28.048500808309324,Spain,Spain,None,delphi_constant
2020-06-19,245575,28315,169068.1432050158,19527.169455534524,31.15417155450848,31.03595459814754,Spain,Spain,None,delphi_constant
2020-06-20,245938,28322,169086.26174395948,19529.35572419169,31.24841962447467,31.04528026201649,Spain,Spain,None,delphi_constant
2020-06-21,246272,28323,169102.74668813933,19531.337933612576,31.334968373124294,31.04071626023876,Spain,Spain,None,delphi_constant
2020-06-22,246504,28324,169117.74418086704,19533.13460830689,31.393509159743033,31.036807624958023,Spain,Spain,None,delphi_constant
2020-06-23,246752,28325,169131.38774249636,19534.76272992061,31.456933381493823,31.033494333907818,Spain,Spain,None,delphi_constant
2020-06-24,247086,28327,169143.79900977114,19536.237743810696,31.544563832118715,31.033156550955994,Spain,Spain,None,delphi_constant
2020-06-25,247486,28330,169155.0889861394,19537.573773019038,31.65064327431071,31.035743829795138,Spain,Spain,None,delphi_constant
2020-06-26,247905,28338,169165.35876280465,19538.78368997935,31.762022241259896,31.050943291765996,Spain,Spain,None,delphi_constant
2020-06-27,248469,28341,169174.70028494814,19539.87918570274,31.913156053693566,31.0543763956715,Spain,Spain,None,delphi_constant
2020-06-28,248770,28343,169183.19745122298,19540.870947792377,31.9921222610351,31.055742342757025,Spain,Spain,None,delphi_constant
2020-06-29,248970,28346,169190.92643288933,19541.76865696328,32.04364926180289,31.05987209142991,Spain,Spain,None,delphi_constant
2020-06-30,249271,28355,169197.95664201278,19542.581130060233,32.1228876836805,31.078888626132134,Spain,Spain,None,delphi_constant
2020-07-01,249659,28364,169204.35127062755,19543.31638872607,32.225815504096566,31.098165319679627,Spain,Spain,None,delphi_constant
2020-07-02,250103,28368,169210.16767744545,19543.98168739733,32.34380728042228,31.105535506918606,Spain,Spain,None,delphi_constant
2020-07-03,250545,28385,169215.4582002098,19544.583642528356,32.46105162736841,31.144676263771863,Spain,Spain,None,delphi_constant
2020-07-04,250545,28385,169220.2703437611,19545.12823709981,32.45913095700928,31.142757663907666,Spain,Spain,None,delphi_constant
2020-07-05,250545,28385,169224.64734487052,19545.620899613874,32.45738396500808,31.14102202003215,Spain,Spain,None,delphi_constant
2020-07-06,251789,28388,169228.6285933833,19546.066565978777,32.789506851616515,31.14672901937869,Spain,Spain,None,delphi_constant
2020-07-07,252130,28392,169232.24981418828,19546.46968778153,32.8789712393653,31.155009552755953,Spain,Spain,None,delphi_constant
2020-07-08,252513,28396,169235.54359856583,19546.834317273715,32.97947289899299,31.16342330865715,Spain,Spain,None,delphi_constant
2020-07-09,253056,28401,169238.53954657383,19547.1641176062,33.12209963542701,31.174380769669373,Spain,Spain,None,delphi_constant
2020-07-10,253908,28403,169241.2645675575,19547.462401897526,33.345438281756586,31.178176946458024,Spain,Spain,None,delphi_constant
2020-07-11,253908,28403,169243.74319645265,19547.732182827003,33.344462090027626,31.17722711394218,Spain,Spain,None,delphi_constant
2020-07-12,253908,28403,169245.99767932086,19547.97617346729,33.343574176740844,31.17636808271207,Spain,Spain,None,delphi_constant
2020-07-13,255953,28406,169248.04829893215,19548.196838481745,33.87534105912721,31.182859823693075,Spain,Spain,None,delphi_constant
2020-07-14,256619,28409,169249.913498709,19548.39640836033,34.04622670234511,31.18942444872987,Spain,Spain,None,delphi_constant
2020-07-15,257494,28413,169251.6100213984,19548.576894167592,34.269687829076254,31.19847642217438,Spain,Spain,None,delphi_constant
2020-07-16,258855,28416,169253.1531446509,19548.740125327487,34.61468654472547,31.20516566255811,Spain,Spain,None,delphi_constant
2020-07-17,260255,28420,169254.5567253748,19548.88774946484,34.96587703391874,31.214328819617027,Spain,Spain,None,delphi_constant
2020-07-18,260255,28420,169255.83337982025,19549.021258790097,34.96538649408455,31.213859047184737,Spain,Spain,None,delphi_constant
2020-07-19,260255,28420,169256.99460145686,19549.142007189686,34.96494030798377,31.21343417596873,Spain,Spain,None,delphi_constant
2020-07-20,264836,28422,169258.05080903988,19549.251212078478,36.08948526294013,31.21789032412048,Spain,Spain,None,delphi_constant
2020-07-21,266194,28424,169259.01150984887,19549.349980185172,36.41516656654588,31.222382563378932,Spain,Spain,None,delphi_constant
2020-07-22,267551,28426,169259.88534199746,19549.43931101629,36.7373378002708,31.226907369956063,Spain,Spain,None,delphi_constant
2020-07-23,270166,28429,169260.68014922235,19549.52010552577,37.349377734717784,31.23388052507731,Spain,Spain,None,delphi_constant
2020-07-24,272421,28432,169261.40309076046,19549.593183268098,37.8677109728103,31.240879349788624,Spain,Spain,None,delphi_constant
2020-07-25,272421,28432,169262.0606577973,19549.65928155416,37.8674695938282,31.24064687129235,Spain,Spain,None,delphi_constant
2020-07-26,272421,28432,169262.65875960284,19549.719067715378,37.867250043277565,31.240436593572813,Spain,Spain,None,delphi_constant
2020-07-27,278782,28434,169263.20278310918,19549.773147697608,39.28474478872051,31.245082831477784,Spain,Spain,None,delphi_constant
2020-07-28,280610,28436,169263.69760853506,19549.8220656788,39.68009065659276,31.249746568860598,Spain,Spain,None,delphi_constant
2020-07-29,282641,28441,169264.14768784316,19549.866315936728,40.113377858186475,31.261677451788866,Spain,Spain,None,delphi_constant
2020-07-30,285430,28443,169264.55707236278,19549.90634598557,40.69839993260597,31.266370122752267,Spain,Spain,None,delphi_constant
2020-07-31,288522,28445,169264.92943343255,19549.942557866467,41.33378756786916,31.27107555680623,Spain,Spain,None,delphi_constant
2020-08-01,288522,28445,169265.26812420244,19549.975317515084,41.33367017967349,31.270960388415947,Spain,Spain,None,delphi_constant
2020-08-02,288522,28445,169265.57619075474,19550.00495528247,41.33356340564853,31.270856195175,Spain,Spain,None,delphi_constant
2020-08-03,297054,28472,169265.85639638384,19550.031768445,43.01848943411507,31.33593787424488,Spain,Spain,None,delphi_constant
2020-08-04,302814,28498,169266.1112657309,19550.056027785446,44.102283492265585,31.398498042720735,Spain,Spain,None,delphi_constant
2020-08-05,305767,28499,169266.34308928144,19550.0779772187,44.64204996311524,31.400828179168737,Spain,Spain,None,delphi_constant
2020-08-06,309855,28500,169266.55394708112,19550.097836619763,45.37233417337751,31.403165485544694,Spain,Spain,None,delphi_constant
2020-08-07,314362,28503,169266.74573955967,19550.11580631135,46.15546861912074,31.410322400058412,Spain,Spain,None,delphi_constant
2020-08-08,314362,28503,169266.92018946295,19550.132066488557,46.155413125803065,31.41026535281003,Spain,Spain,None,delphi_constant
2020-08-09,314362,28503,169267.0788623062,19550.146779773102,46.155362651240864,31.41021373268392,Spain,Spain,None,delphi_constant
2020-08-10,322980,28576,169267.2231884986,19550.160094358132,47.592041863738125,31.58538600798526,Spain,Spain,None,delphi_constant
2020-08-11,326612,28581,169267.3544641751,19550.172143462307,48.17479012890675,31.59731239822852,Spain,Spain,None,delphi_constant
2020-08-12,329784,28579,169267.47386727727,19550.183047338996,48.673230397084986,31.592487325172343,Spain,Spain,None,delphi_constant
2020-08-13,337334,28605,169267.58247438172,19550.19291562591,49.821962068934134,31.654630604349205,Spain,Spain,None,delphi_constant
2020-08-14,342813,28617,169267.68126103198,19550.201846899905,50.62390245964069,31.683258738162962,Spain,Spain,None,delphi_constant
2020-08-15,342813,28617,169267.7711132423,19550.209930060686,50.623876249371435,31.683230492152614,Spain,Spain,None,delphi_constant
2020-08-16,342813,28617,169267.8528411958,19550.217246222644,50.623852408982216,31.683204926363196,Spain,Spain,None,delphi_constant
2020-08-17,359082,28646,169267.9271795142,19550.2238684101,52.86092670211423,31.75234284573728,Spain,Spain,None,delphi_constant
2020-08-18,364196,28670,169267.99479440093,19550.22986232882,53.52282979648295,31.809452869449533,Spain,Spain,None,delphi_constant
2020-08-19,370867,28797,169268.05629539554,19550.23528797627,54.358825051731344,32.110166725783,Spain,Spain,None,delphi_constant
2020-08-20,377906,28813,169268.1122360344,19550.240199517,55.20893760987272,32.147849236396766,Spain,Spain,None,delphi_constant
2020-08-21,386054,28838,169268.16311716664,19550.244645519037,56.154278127628096,32.20665564352924,Spain,Spain,None,delphi_constant
2020-08-22,386054,28838,169268.20939713583,19550.248670333476,56.15426613967585,32.20664168689411,Spain,Spain,None,delphi_constant
2020-08-23,386054,28838,169268.25149317575,19550.252314171623,56.15425523549147,32.20662905135022,Spain,Spain,None,delphi_constant
2020-08-24,405436,28872,169268.28978206014,19550.255612978923,58.25030589734011,32.28645188078788,Spain,Spain,None,delphi_constant
2020-08-25,412553,28924,169268.32460812436,19550.258599506815,58.970526306165674,32.40817798538648,Spain,Spain,None,delphi_constant
2020-08-26,419849,28971,169268.35628572662,19550.26130359047,59.68351567212816,32.5178236733614,Spain,Spain,None,delphi_constant
2020-08-27,429507,28996,169268.38509885521,19550.26375192519,60.59007534246119,32.57599754474689,Spain,Spain,None,delphi_constant
2020-08-28,439286,29011,169268.41130587115,19550.265968663076,61.46737858573431,32.6108511645132,Spain,Spain,None,delphi_constant
2020-08-29,439286,29011,169268.4351433177,19550.267975892653,61.46737315932725,32.61084424565629,Spain,Spain,None,delphi_constant
2020-08-30,439286,29011,169268.45682575705,19550.269793523417,61.4673682234906,32.6108379803405,Spain,Spain,None,delphi_constant
2020-08-31,462858,29094,169268.4765470226,19550.27143937173,63.42971785147441,32.803081599739706,Spain,Spain,None,delphi_constant
2020-09-01,470973,29152,169268.49448473894,19550.27292974146,64.05983050307789,32.93676958787919,Spain,Spain,None,delphi_constant
2020-09-02,479554,29194,169268.51080093905,19550.2742794743,64.70293005564773,33.033245600211345,Spain,Spain,None,delphi_constant
2020-09-03,488513,29234,169268.52564171384,19550.27550180882,65.35025155078496,33.12487000817945,Spain,Spain,None,delphi_constant
2020-09-04,498989,29418,169268.53914005467,19550.27660873815,66.07770128398529,33.54314838283313,Spain,Spain,None,delphi_constant
2020-09-05,498989,29418,169268.55141786108,19550.27761125085,66.0776988234488,33.54314497501241,Spain,Spain,None,delphi_constant
2020-09-06,498989,29418,169268.56258586943,19550.27851928042,66.07769658532163,33.54314188836624,Spain,Spain,None,delphi_constant
2020-09-07,525549,29516,169268.572743756,19550.27934166724,67.79204741256171,33.76379136174536,Spain,Spain,None,delphi_constant
2020-09-08,534513,29594,169268.5819828232,19550.280086496106,68.33218612403755,33.93836559270086,Spain,Spain,None,delphi_constant
2020-09-09,543379,29628,169268.59038663172,19550.28076116434,68.8488899301166,34.01417321059693,Spain,Spain,None,delphi_constant
2020-09-10,554143,29699,169268.59803078062,19550.281372311878,69.45398605941415,34.17192035990478,Spain,Spain,None,delphi_constant
2020-09-11,566326,29747,169268.6049834442,19550.28192586797,70.11110120611728,34.2781392212056,Spain,Spain,None,delphi_constant
2020-09-12,566326,29747,169268.61130722778,19550.282427276168,70.1111000894842,34.278137535629924,Spain,Spain,None,delphi_constant
2020-09-13,566326,29747,169268.61705933625,19550.282881508047,70.11109907379561,34.278136008646094,Spain,Spain,None,delphi_constant
2020-09-14,593730,29848,169268.62229134925,19550.283293000713,71.49064014091435,34.50052501674915,Spain,Spain,None,delphi_constant
2020-09-15,603167,30004,169268.62705023016,19550.283665775685,71.93668966468157,34.8410756373294,Spain,Spain,None,delphi_constant
2020-06-15,244109,27136,168975.9097816015,19515.948666732755,30.77850067731976,28.08096747224073,Spain,Spain,None,themis
2020-06-16,244328,27136,169002.31622927115,19519.173757417993,30.829738618058038,28.069082556684872,Spain,Spain,None,themis
2020-06-17,244683,27136,169026.37505664903,19522.101781127898,30.920262111937063,28.058292374970893,Spain,Spain,None,themis
2020-06-18,245268,27136,169048.30140634527,19524.75934268333,31.076087624009137,28.048498884569096,Spain,Spain,None,themis
2020-06-19,245575,28315,169068.28904042795,19527.170869061447,31.154112169224085,31.035949605998773,Spain,Spain,None,themis
2020-06-20,245938,28322,169086.51240783883,19529.35871128981,31.248317702901208,31.045269715098478,Spain,Spain,None,themis
2020-06-21,246272,28323,169103.12921543157,19531.34329287165,31.334813045968858,31.040697338305794,Spain,Spain,None,themis
2020-06-22,246504,28324,169118.29309945347,19533.143285983908,31.3932864783316,31.036776987770416,Spain,Spain,None,themis
2020-06-23,246752,28325,169132.17452426694,19534.775945928177,31.456614526217848,31.03344767545216,Spain,Spain,None,themis
2020-06-24,247086,28327,169144.9189030149,19536.257281594473,31.54411059185267,31.033087578654733,Spain,Spain,None,themis
2020-06-25,247486,28330,169156.64409922654,19537.601973056124,31.650014910246828,31.035644288541743,Spain,Spain,None,themis
2020-06-26,247905,28338,169167.44822965725,19538.823355854984,31.761179391437345,31.050803317612452,Spain,Spain,None,themis
2020-06-27,248469,28341,169177.41483715645,19539.933476930782,31.912063542270282,31.05418483140756,Spain,Spain,None,themis
2020-06-28,248770,28343,169186.61618925774,19540.943176050972,31.99074800447894,31.055487506435547,Spain,Spain,None,themis
2020-06-29,248970,28346,169195.1160653885,19541.862188744035,32.04196647572459,31.05954212677614,Spain,Spain,None,themis
2020-06-30,249271,28355,169202.971207396,19542.699245663316,32.12087599143261,31.078472066078945,Spain,Spain,None,themis
2020-07-01,249659,28364,169210.2327485188,19543.462176160243,32.22345969962276,31.09765133211027,Spain,Spain,None,themis
2020-07-02,250103,28368,169216.9469881621,19544.157999989482,32.34109667290593,31.10491398762873,Spain,Spain,None,themis
2020-07-03,250545,28385,169223.1561869819,19544.793019757824,32.457979130702306,31.143938630411043,Spain,Spain,None,themis
2020-07-04,250545,28385,169228.89893743696,19545.37288663945,32.45568702730569,31.141895766639248,Spain,Spain,None,themis
2020-07-05,250545,28385,169234.21076974698,19545.90269528812,32.45356691622384,31.140029257396083,Spain,Spain,None,themis
2020-07-06,251789,28388,169239.12425179547,19546.387010677183,32.78533841756571,31.14560021601669,Spain,Spain,None,themis
2020-07-07,252130,28392,169243.66948936298,19546.82996496803,32.87444195876612,31.153740613665715,Spain,Spain,None,themis
2020-07-08,252513,28396,169247.874188406,19547.23527141197,32.974589748485826,31.16201129943665,Spain,Spain,None,themis
2020-07-09,253056,28401,169251.76394559175,19547.606287061786,33.11687375695824,31.172823889786322,Spain,Spain,None,themis
2020-07-10,253908,28403,169255.3624267232,19547.946053905536,33.3398859324152,31.17647412630519,Spain,Spain,None,themis
2020-07-11,253908,28403,169258.69145505337,19548.25731089889,33.33857481644794,31.175378266736292,Spain,Spain,None,themis
2020-07-12,253908,28403,169261.77125295278,19548.542554357864,33.337361858250716,31.174373994444725,Spain,Spain,None,themis
2020-07-13,255953,28406,169264.62048683647,19548.80403941352,33.868866359512694,31.18072224384454,Spain,Spain,None,themis
2020-07-14,256619,28409,169267.25642352176,19549.043813652195,34.039468463550335,31.18714557481011,Spain,Spain,None,themis
2020-07-15,257494,28413,169269.6950538748,19549.263745558343,34.26266435183934,31.196059037911017,Spain,Spain,None,themis
2020-07-16,258855,28416,169271.95113437308,19549.46552344145,34.60742456805042,31.202612882033186,Spain,Spain,None,themis
2020-07-17,260255,28420,169274.03834199382,19549.65069187603,34.9583914460841,31.211644293187785,Spain,Spain,None,themis
2020-07-18,260255,28420,169275.9693239535,19549.820657467255,34.95764948840426,31.211046243957586,Spain,Spain,None,themis
2020-07-19,260255,28420,169277.75576189923,19549.97669642193,34.95696307010462,31.2104971976709,Spain,Spain,None,themis
2020-07-20,264836,28422,169279.4084891185,19550.119980731244,36.08142077016776,31.214833647416633,Spain,Spain,None,themis
2020-07-21,266194,28424,169280.93751032677,19550.25157573249,36.406929716550046,31.219210611692617,Spain,Spain,None,themis
2020-07-22,267551,28426,169282.35207872957,19550.3724530205,36.72894062114155,31.223624663967847,Spain,Spain,None,themis
2020-07-23,270166,28429,169283.66077335321,19550.483505994776,37.340871622131125,31.230491730293796,Spain,Spain,None,themis
2020-07-24,272421,28432,169284.87151107143,19550.585546219478,37.85909621098541,31.237389046780116,Spain,Spain,None,themis
2020-07-25,272421,28432,169285.9916218433,19550.679316966616,37.858685041959575,31.23705923970661,Spain,Spain,None,themis
2020-07-26,272421,28432,169287.027899035,19550.76550204962,37.85830464647182,31.23675611265609,Spain,Spain,None,themis
2020-07-27,278782,28434,169287.98660900263,19550.844722725597,39.27585475066445,31.241314191722598,Spain,Spain,None,themis
2020-07-28,280610,28436,169288.8735573085,19550.917549557078,39.67111879216403,31.245894114653684,Spain,Spain,None,themis
2020-07-29,282641,28441,169289.69412357672,19550.98450782319,40.104339383324884,31.25774583234349,Spain,Spain,None,themis
2020-07-30,285430,28443,169290.45326867313,19551.046074949754,40.689327236564786,31.26236305962889,Spain,Spain,None,themis
2020-07-31,288522,28445,169291.15558971392,19551.10269002297,41.32469773891977,31.266997046851923,Spain,Spain,None,themis
2020-08-01,288522,28445,169291.80534721477,19551.154757776516,41.324472536855154,31.266813999731003,Spain,Spain,None,themis
2020-08-02,288522,28445,169292.40646929288,19551.2026462819,41.32426419153726,31.266645644992437,Spain,Spain,None,themis
2020-08-03,297054,28472,169292.9625950634,19551.246694058045,43.009364426985194,31.33167078512909,Spain,Spain,None,themis
2020-08-04,302814,28498,169293.47709896724,19551.287213697477,44.093246316561576,31.394177788976503,Spain,Spain,None,themis
2020-08-05,305767,28499,169293.953092382,19551.324489806924,44.63302021068918,31.39645429731947,Spain,Spain,None,themis
2020-08-06,309855,28500,169294.3934549918,19551.35878370249,45.36334948443891,31.398741109815827,Spain,Spain,None,themis
2020-08-07,314362,28503,169294.8008592172,19551.390337174482,46.1465441563493,31.40585083263347,Spain,Spain,None,themis
2020-08-08,314362,28503,169295.1777708627,19551.4193709572,46.146424259019,31.405748970433994,Spain,Spain,None,themis
2020-08-09,314362,28503,169295.52646786932,19551.44608697891,46.14631333689526,31.405655239873308,Spain,Spain,None,themis
2020-08-10,322980,28576,169295.84906593311,19551.470672364434,47.58317881418877,31.580799718769477,Spain,Spain,None,themis
2020-08-11,326612,28581,169296.14752042064,19551.49329878307,48.16597445273884,31.592689903141707,Spain,Spain,None,themis
2020-08-12,329784,28579,169296.42363337488,19551.514122521912,48.66445199482847,31.587829796277294,Spain,Spain,None,themis
2020-08-13,337334,28605,169296.67907871373,19551.533288381,49.813336610388006,31.649944805520015,Spain,Spain,None,themis
2020-08-14,342813,28617,169296.9154068244,19551.550929983132,50.61537473584012,31.678544466634754,Spain,Spain,None,themis
2020-08-15,342813,28617,169297.1340451874,19551.56716875766,50.6153109581062,31.678487721432504,Spain,Spain,None,themis
2020-08-16,342813,28617,169297.3363168332,19551.582116692738,50.6152519546128,31.678435486973694,Spain,Spain,None,themis
2020-08-17,359082,28646,169297.52344995638,19551.595877605567,52.85268449826046,31.747553314230377,Spain,Spain,None,themis
2020-08-18,364196,28670,169297.69657756083,19551.608546364383,53.51467435733483,31.804644065698,Spain,Spain,None,themis
2020-08-19,370867,28797,169297.8567448297,19551.620209606925,54.35078970498057,32.10535746915677,Spain,Spain,None,themis
2020-08-20,377906,28813,169298.004923404,19551.63094778754,55.201027524462695,32.1430224281139,Spain,Spain,None,themis
2020-08-21,386054,28838,169298.14201282704,19551.640835135593,56.14651266070886,32.201814150996626,Spain,Spain,None,themis
2020-08-22,386054,28838,169298.26884065417,19551.649939032446,56.14647980835474,32.201782581897334,Spain,Spain,None,themis
2020-08-23,386054,28838,169298.38617421003,19551.658321708917,56.14644941531236,32.20175351373564,Spain,Spain,None,themis
2020-08-24,405436,28872,169298.4947261586,19551.666040933007,58.24285590668845,32.281566774269166,Spain,Spain,None,themis
2020-08-25,412553,28924,169298.59515426503,19551.673149597464,58.96318893469081,32.40328740977228,Spain,Spain,None,themis
2020-08-26,419849,28971,169298.6880642521,19551.679695860756,59.67629122273672,32.512927769629094,Spain,Spain,None,themis
2020-08-27,429507,28996,169298.77401941657,19551.6857244705,60.583000039716104,32.571093514724446,Spain,Spain,None,themis
2020-08-28,439286,29011,169298.85354200698,19551.691276864447,61.46044865030823,32.605938172195216,Spain,Spain,None,themis
2020-08-29,439286,29011,169298.9271126889,19551.696390724093,61.46043190252162,32.60592054488266,Spain,Spain,None,themis
2020-08-30,439286,29011,169298.99517563233,19551.701100625258,61.46041640852832,32.60590431000222,Spain,Spain,None,themis
2020-08-31,462858,29094,169299.05814402044,19551.705438736066,63.42311072855596,32.798152750615024,Spain,Spain,None,themis
2020-09-01,470973,29152,169299.11640031607,19551.70943475105,64.05332866208549,32.93184194994838,Spain,Spain,None,themis
2020-09-02,479554,29194,169299.1702959796,19551.713115581657,64.6965367203736,33.02831706658335,Spain,Spain,None,themis
2020-09-03,488513,29234,169299.22015682593,19551.716506088374,65.34396829627339,33.119940801503816,Spain,Spain,None,themis
2020-09-04,498989,29418,169299.266285769,19551.719629394454,66.07154340360829,33.538243152510525,Spain,Spain,None,themis
2020-09-05,498989,29418,169299.30896282865,19551.722506774513,66.0715348509028,33.5382333714919,Spain,Spain,None,themis
2020-09-06,498989,29418,169299.34844518424,19551.725157500954,66.07152693843267,33.53822436093224,Spain,Spain,None,themis
2020-09-07,525549,29516,169299.3849717626,19551.727599451067,67.78618454763256,33.75888467457966,Spain,Spain,None,themis
2020-09-08,534513,29594,169299.41876457696,19551.729849247215,68.32641698806634,33.933466752560605,Spain,Spain,None,themis
2020-09-09,543379,29628,169299.4500286505,19551.731922144412,68.84321071873399,34.00927527290262,Spain,Spain,None,themis
2020-09-10,554143,29699,169299.4789522795,19551.733831969927,69.44841332430808,34.16702975867899,Spain,Spain,None,themis
2020-09-11,566326,29747,169299.50571058303,19551.73559157592,70.10564485639313,34.27325245713544,Spain,Spain,None,themis
2020-09-12,566326,29747,169299.53046624296,19551.737212911463,70.10564048511935,34.27324700671845,Spain,Spain,None,themis
2020-09-13,566326,29747,169299.55336923475,19551.73870690629,70.10563644098367,34.27324198438064,Spain,Spain,None,themis
2020-09-14,593730,29848,169299.57455779833,19551.740083536148,71.4854269520155,34.49564431943129,Spain,Spain,None,themis
2020-09-15,603167,30004,169299.59416039288,19551.74135206817,71.93155557906967,34.83621733079533,Spain,Spain,None,themis
2020-06-15,244109,27136,778652.4390531238,289.0,218.97735808721671,98.93499410377359,Spain,Spain,None,sir
2020-06-16,244328,27136,821323.9088339894,289.0,236.1562771495651,98.93499410377359,Spain,Spain,None,sir
2020-06-17,244683,27136,866262.9614343852,289.0,254.03479662844788,98.93499410377359,Spain,Spain,None,sir
2020-06-18,245268,27136,913581.1859771344,289.0,272.48282938546174,98.93499410377359,Spain,Spain,None,sir
2020-06-19,245575,28315,963394.4313761871,289.0,292.3015092644557,98.97933957266467,Spain,Spain,None,sir
2020-06-20,245938,28322,1015823.234164003,289.0,313.0403736567765,98.9795918367347,Spain,Spain,None,sir
2020-06-21,246272,28323,1070992.8184915509,289.0,334.88208910942,98.97962786427992,Spain,Spain,None,sir
2020-06-22,246504,28324,1129033.0961283096,289.0,358.0181644631769,98.97966388928118,Spain,Spain,None,sir
2020-06-23,246752,28325,1190078.6664622673,289.0,382.29747538511026,98.97969991173875,Spain,Spain,None,sir
2020-06-24,247086,28327,1254268.8164999215,289.0,407.6243965663459,98.9797719490239,Spain,Spain,None,sir
2020-06-25,247486,28330,1321747.370346147,289.0,434.06955154883394,98.97987998588069,Spain,Spain,None,sir
2020-06-26,247905,28338,1392662.7735867815,289.0,461.7727652071485,98.98016797233396,Spain,Spain,None,sir
2020-06-27,248469,28341,1467168.4898974404,289.0,490.48351701718946,98.98027592533785,Spain,Spain,None,sir
2020-06-28,248770,28343,1545421.9705124863,289.0,521.2252162690381,98.98034788131108,Spain,Spain,None,sir
2020-06-29,248970,28346,1627584.5957461745,289.0,553.727194339147,98.98045579623226,Spain,Spain,None,sir
2020-06-30,249271,28355,1713821.674992654,289.0,587.5335177347762,98.98077940398518,Spain,Spain,None,sir
2020-07-01,249659,28364,1804302.4467259676,289.0,622.7067506983395,98.98110280637428,Spain,Spain,None,sir
2020-07-02,250103,28368,1899200.0785000508,289.0,659.3671721251047,98.9812464749013,Spain,Spain,None,sir
2020-07-03,250545,28385,1998691.666943539,289.0,697.7375988120053,98.98185661440901,Spain,Spain,None,sir
2020-07-04,250545,28385,2102955.6006883746,289.0,739.3524519301421,98.98185661440901,Spain,Spain,None,sir
2020-07-05,250545,28385,2212174.313280485,289.0,782.944905418382,98.98185661440901,Spain,Spain,None,sir
2020-07-06,251789,28388,2326533.5688789636,289.0,824.0012744317518,98.98196421022968,Spain,Spain,None,sir
2020-07-07,252130,28392,2446218.7010784964,289.0,870.2211958428178,98.98210763595378,Spain,Spain,None,sir
2020-07-08,252513,28396,2571414.612909365,289.0,918.3295960641095,98.9822510212706,Spain,Spain,None,sir
2020-07-09,253056,28401,2702305.776837443,289.0,967.8686839424645,98.98243019611985,Spain,Spain,None,sir
2020-07-10,253908,28403,2839076.2347641992,289.0,1018.1515488933783,98.9825018483963,Spain,Spain,None,sir
2020-07-11,253908,28403,2981909.598026696,289.0,1074.4055319354634,98.9825018483963,Spain,Spain,None,sir
2020-07-12,253908,28403,3130989.0473975893,289.0,1133.1194950129927,98.9825018483963,Spain,Spain,None,sir
2020-07-13,255953,28406,3286492.0035090204,289.0,1184.0216772255142,98.9826093078927,Spain,Spain,None,sir
2020-07-14,256619,28409,3448589.973410599,289.0,1243.8560564146064,98.98271674469359,Spain,Spain,None,sir
2020-07-15,257494,28413,3617457.409880422,289.0,1304.8705639278671,98.98285995846972,Spain,Spain,None,sir
2020-07-16,258855,28416,3793257.806256615,289.0,1365.3987005298777,98.98296734234235,Spain,Spain,None,sir
2020-07-17,260255,28420,3976143.347935778,289.0,1427.7874960849083,98.98311048557355,Spain,Spain,None,sir
2020-07-18,260255,28420,4166254.9123729845,289.0,1500.8356851445637,98.98311048557355,Spain,Spain,None,sir
2020-07-19,260255,28420,4363722.069081781,289.0,1576.710176204792,98.98311048557355,Spain,Spain,None,sir
2020-07-20,264836,28422,4568663.079634192,289.0,1625.091407374448,98.98318204208007,Spain,Spain,None,sir
2020-07-21,266194,28424,4781184.897660714,289.0,1696.1279734557177,98.98325358851675,Spain,Spain,None,sir
2020-07-22,267551,28426,5001383.168850314,289.0,1769.3195573368496,98.98332512488567,Spain,Spain,None,sir
2020-07-23,270166,28429,5229338.228426363,289.0,1835.6018997306705,98.98343241056668,Spain,Spain,None,sir
2020-07-24,272421,28432,5465099.288186216,289.0,1906.1226146979184,98.9835396736072,Spain,Spain,None,sir
2020-07-25,272421,28432,5708711.54385121,289.0,1995.547532624581,98.9835396736072,Spain,Spain,None,sir
2020-07-26,272421,28432,5960197.376799288,289.0,2087.8626746099926,98.9835396736072,Spain,Spain,None,sir
2020-07-27,278782,28434,6219553.0514483,289.0,2130.973682464542,98.98361116972639,Spain,Spain,None,sir
2020-07-28,280610,28436,6486748.7152559925,289.0,2211.659853624601,98.98368265578844,Spain,Spain,None,sir
2020-07-29,282641,28441,6761728.398720022,289.0,2292.338124589151,98.98386132695755,Spain,Spain,None,sir
2020-07-30,285430,28443,7044410.015377944,289.0,2367.999164551009,98.98393277783637,Spain,Spain,None,sir
2020-07-31,288522,28445,7334685.361807218,289.0,2442.1580890910286,98.98400421866761,Spain,Spain,None,sir
2020-08-01,288522,28445,7632420.117625207,289.0,2545.3511751704227,98.98400421866761,Spain,Spain,None,sir
2020-08-02,288522,28445,7937453.845489176,289.0,2651.074041317188,98.98400421866761,Spain,Spain,None,sir
2020-08-03,297054,28472,8249599.991096296,289.0,2677.1381604342296,98.98496768755268,Spain,Spain,None,sir
2020-08-04,302814,28498,8568645.883183636,289.0,2729.672962010883,98.9858937469296,Spain,Spain,None,sir
2020-08-05,305767,28499,8894355.495600441,289.0,2808.867044383613,98.98592933085372,Spain,Spain,None,sir
2020-08-06,309855,28500,9226472.70451003,289.0,2877.674300724542,98.98596491228069,Spain,Spain,None,sir
2020-08-07,314362,28503,9564678.014428318,289.0,2942.568126690986,98.98607164158159,Spain,Spain,None,sir
2020-08-08,314362,28503,9908627.814943781,289.0,3051.980142302117,98.98607164158159,Spain,Spain,None,sir
2020-08-09,314362,28503,10257961.754541589,289.0,3163.104877352094,98.98607164158159,Spain,Spain,None,sir
2020-08-10,322980,28576,10612302.74060361,289.0,3185.74609592037,98.98866181410975,Spain,Spain,None,sir
2020-08-11,326612,28581,10971256.939408418,289.0,3259.110179481592,98.98883873902243,Spain,Spain,None,sir
2020-08-12,329784,28579,11334413.77613128,289.0,3336.920461917886,98.98876797648623,Spain,Spain,None,sir
2020-08-13,337334,28605,11701345.934844166,289.0,3368.771583903243,98.98968711763678,Spain,Spain,None,sir
2020-08-14,342813,28617,12071609.35851574,289.0,3421.3394353527256,98.99011077331656,Spain,Spain,None,sir
2020-08-15,342813,28617,12444743.24901137,289.0,3530.184167173173,98.99011077331656,Spain,Spain,None,sir
2020-08-16,342813,28617,12820270.067093123,289.0,3639.726926077227,98.99011077331656,Spain,Spain,None,sir
2020-08-17,359082,28646,13197695.53241976,289.0,3575.398803732785,98.99113314249807,Spain,Spain,None,sir
2020-08-18,364196,28670,13576508.624449564,289.0,3627.8027832402236,98.9919776770143,Spain,Spain,None,sir
2020-08-19,370867,28797,13956224.218273785,289.0,3663.1345518133953,98.99642323853179,Spain,Spain,None,sir
2020-08-20,377906,28813,14336357.49068998,289.0,3693.630556458479,98.99698052962205,Spain,Spain,None,sir
2020-08-21,386054,28838,14716397.78506903,289.0,3712.0050006136526,98.99785005895,Spain,Spain,None,sir
2020-08-22,386054,28838,15095849.545379125,289.0,3810.294815072276,98.99785005895,Spain,Spain,None,sir
2020-08-23,386054,28838,15474232.31618577,289.0,3908.3077279825548,98.99785005895,Spain,Spain,None,sir
2020-08-24,405436,28872,15851080.74265178,289.0,3809.638202491091,98.9990302022721,Spain,Spain,None,sir
2020-08-25,412553,28924,16225944.570537284,289.0,3833.0569818998492,99.00082976075232,Spain,Spain,None,sir
2020-08-26,419849,28971,16598388.64619972,289.0,3853.418644846057,99.00245072658865,Spain,Spain,None,sir
2020-08-27,429507,28996,16967992.916593846,289.0,3850.574243631383,99.00331080148986,Spain,Spain,None,sir
2020-08-28,439286,29011,17334352.42927172,289.0,3846.028880791038,99.00382613491433,Spain,Spain,None,sir
2020-08-29,439286,29011,17697077.332382727,289.0,3928.600349745434,99.00382613491433,Spain,Spain,None,sir
2020-08-30,439286,29011,18055792.87467355,289.0,4010.259119269348,99.00382613491433,Spain,Spain,None,sir
2020-08-31,462858,29094,18410144.574980255,289.0,3877.4930054099214,99.00666804152058,Spain,Spain,None,sir
2020-09-01,470973,29152,18759821.248044033,289.0,3883.205247019263,99.00864434687156,Spain,Spain,None,sir
2020-09-02,479554,29194,19104530.07766646,289.0,3883.81205821794,99.01007056244434,Spain,Spain,None,sir
2020-09-03,488513,29234,19444000.555995457,289.0,3880.242195396122,99.01142505302045,Spain,Spain,None,sir
2020-09-04,498989,29418,19777985.857002776,289.0,3863.6115940437116,99.01760826704738,Spain,Spain,None,sir
2020-09-05,498989,29418,20106262.836483996,289.0,3929.4000141253605,99.01760826704738,Spain,Spain,None,sir
2020-09-06,498989,29418,20428632.032058544,289.0,3994.0044834773,99.01760826704738,Spain,Spain,None,sir
2020-09-07,525549,29516,20744917.66316966,289.0,3847.2851557456406,99.02087003659032,Spain,Spain,None,sir
2020-09-08,534513,29594,21054967.631084435,289.0,3839.0936480655164,99.02345069946611,Spain,Spain,None,sir
2020-09-09,543379,29628,21358653.518893782,289.0,3830.7101523786864,99.02457135142433,Spain,Spain,None,sir
2020-09-10,554143,29699,21655870.591512453,289.0,3807.9931699060444,99.02690326273613,Spain,Spain,None,sir
2020-09-11,566326,29747,21946537.795679033,289.0,3775.2481425325755,99.02847345950853,Spain,Spain,None,sir
2020-09-12,566326,29747,22230597.310635824,289.0,3825.4064462228157,99.02847345950853,Spain,Spain,None,sir
2020-09-13,566326,29747,22508001.530453082,289.0,3874.389579580151,99.02847345950853,Spain,Spain,None,sir
2020-09-14,593730,29848,22778720.921526548,289.0,3736.5453862069535,99.03176092200482,Spain,Spain,None,sir
2020-09-15,603167,30004,23042746.02249426,289.0,3720.292891105492,99.03679509398748,Spain,Spain,None,sir
2020-06-15,244109,27136,335011.78132705676,101876.46668790397,37.23860297123693,275.4291962260612,Spain,Spain,None,seir
2020-06-16,244328,27136,346382.46644826775,105424.62797203436,41.76945190410749,288.5046726563766,Spain,Spain,None,seir
2020-06-17,244683,27136,358123.9201361468,109088.9241452311,46.3624036554018,302.0081225870839,Spain,Spain,None,seir
2020-06-18,245268,27136,370247.7051483687,112873.0875678463,50.95638450526311,315.95330029424497,Spain,Spain,None,seir
2020-06-19,245575,28315,382765.62645676197,116780.98303618503,55.86506218335008,312.43504515693104,Spain,Spain,None,seir
2020-06-20,245938,28322,395689.8462056176,120816.58543105217,60.89008051037968,326.58211083628333,Spain,Spain,None,seir
2020-06-21,246272,28323,409033.33098151593,124983.8656103905,66.090067478851,341.28046326445116,Spain,Spain,None,seir
2020-06-22,246504,28324,422809.39219500497,129286.902412931,71.52232507180612,356.457076729738,Spain,Spain,None,seir
2020-06-23,246752,28325,437031.60293711675,133729.93779073167,77.11370239638048,372.1268765780465,Spain,Spain,None,seir
2020-06-24,247086,28327,451713.8044489514,138317.37641029272,82.81643008869437,388.28812232249345,Spain,Spain,None,seir
2020-06-25,247486,28330,466870.1061216766,143053.78565255672,88.6450571433037,404.9551205526181,Spain,Spain,None,seir
2020-06-26,247905,28338,482514.8854965282,147943.89561290847,94.63701236220656,422.06893786755757,Spain,Spain,None,seir
2020-06-27,248469,28341,498662.879377903,152992.58018731908,100.69420305064334,439.82774138992653,Spain,Spain,None,seir
2020-06-28,248770,28343,515329.78707242146,158204.70430150031,107.15109823227135,458.17910701584276,Spain,Spain,None,seir
2020-06-29,248970,28346,532531.8005239739,163585.23541734187,113.89396333854435,477.1016560267476,Spain,Spain,None,seir
2020-06-30,249271,28355,550285.3823901915,169139.33741009384,120.75788294273764,496.5062155178764,Spain,Spain,None,seir
2020-07-01,249659,28364,568607.2773865197,174872.37022260207,127.75356681975003,516.5292984861164,Spain,Spain,None,seir
2020-07-02,250103,28368,587514.5122862171,180789.88986530813,134.90902239725915,537.3022062369857,Spain,Spain,None,seir
2020-07-03,250545,28385,607024.3959203557,186897.64841624943,142.28158451390195,558.4380779152701,Spain,Spain,None,seir
2020-07-04,250545,28385,627154.6794145277,193201.55723178686,150.31618248798728,580.6466698319073,Spain,Spain,None,seir
2020-07-05,250545,28385,647924.3104991475,199707.48618758342,158.60596319988326,603.566976176091,Spain,Spain,None,seir
2020-07-06,251789,28388,669352.744870038,206421.44290885242,165.83875581142863,627.1433102326773,Spain,Spain,None,seir
2020-07-07,252130,28392,691459.7006946874,213349.66887745488,174.24729333862985,651.4429024987844,Spain,Spain,None,seir
2020-07-08,252513,28396,714265.165669412,220498.63876016974,182.86273010475182,676.5130256380114,Spain,Spain,None,seir
2020-07-09,253056,28401,737789.3970193561,227875.06040869406,191.5518292470268,702.3487215545017,Spain,Spain,None,seir
2020-07-10,253908,28403,762052.9215046455,235485.87485834348,200.12954357666771,729.0880359762823,Spain,Spain,None,seir
2020-07-11,253908,28403,787077.0124539705,243338.1353212982,209.98511762290693,756.7339200834356,Spain,Spain,None,seir
2020-07-12,253908,28403,812884.346994282,251438.81805109567,220.14916701887378,785.2544380913836,Spain,Spain,None,seir
2020-07-13,255953,28406,839497.9308000669,259795.1263067813,227.98909596686377,814.5783507244291,Spain,Spain,None,seir
2020-07-14,256619,28409,866940.9891615156,268414.53550458257,237.83195677697898,844.8221884071336,Spain,Spain,None,seir
2020-07-15,257494,28413,895236.9669845217,277304.79321790906,247.6729426644977,875.9785774747794,Spain,Spain,None,seir
2020-07-16,258855,28416,924409.5287906824,286473.9191773523,257.11480511895945,908.1430151230021,Spain,Spain,None,seir
2020-07-17,260255,28420,954482.650945041,295930.18107407563,266.7490157518745,941.2743880157482,Spain,Spain,None,seir
2020-07-18,260255,28420,985481.8558164194,305681.7572365732,278.66010482658135,975.5867601568374,Spain,Spain,None,seir
2020-07-19,260255,28420,1017433.6643056618,315736.8778492777,290.9372209201214,1010.9671986251853,Spain,Spain,None,seir
2020-07-20,264836,28422,1050364.7106434042,326104.082748154,296.60949064455144,1047.365008613588,Spain,Spain,None,seir
2020-07-21,266194,28424,1084301.747244185,336792.2220768645,307.3351567819654,1084.886793121533,Spain,Spain,None,seir
2020-07-22,267551,28426,1119271.6447064467,347810.4562867689,318.339548238073,1123.5645405149119,Spain,Spain,None,seir
2020-07-23,270166,28429,1155301.3985604215,359168.2542429408,327.6264957694238,1163.386873414263,Spain,Spain,None,seir
2020-07-24,272421,28432,1192419.1558203478,370875.1054664842,337.7119076063695,1204.428480115659,Spain,Spain,None,seir
2020-07-25,272421,28432,1230654.8664794823,382940.3328094909,351.7474300731156,1246.8638604723233,Spain,Spain,None,seir
2020-07-26,272421,28432,1270038.553673452,395373.56948708685,366.2043504992097,1290.5935899236313,Spain,Spain,None,seir
2020-07-27,278782,28434,1310600.1868627446,408184.79363115353,370.11650209222427,1335.5517817793964,Spain,Spain,None,seir
2020-07-28,280610,28436,1352369.6818327077,421384.32829032815,381.93923303970195,1381.8692090671266,Spain,Spain,None,seir
2020-07-29,282641,28441,1395376.9006935493,434982.8414300038,393.69231664675306,1429.4217553180401,Spain,Spain,None,seir
2020-07-30,285430,28443,1439652.5320915014,448991.0900801627,404.380244575378,1478.564462539685,Spain,Spain,None,seir
2020-07-31,288522,28445,1485229.6173629207,463419.4871032673,414.7717045365416,1529.1773144780007,Spain,Spain,None,seir
2020-08-01,288522,28445,1532141.2455083837,478278.7301671348,431.03099434649135,1581.4158205910874,Spain,Spain,None,seir
2020-08-02,288522,28445,1580420.189765182,493579.88945080247,447.7641877448451,1635.207908071023,Spain,Spain,None,seir
2020-08-03,297054,28472,1630098.9076719298,509334.407624251,448.7550774175503,1688.8957840132446,Spain,Spain,None,seir
2020-08-04,302814,28498,1681209.5410685637,525554.099848404,455.19544706273945,1744.1788892146956,Spain,Spain,None,seir
2020-08-05,305767,28499,1733785.0143279117,542250.8254090155,467.02816665235673,1802.7012365662497,Spain,Spain,None,seir
2020-08-06,309855,28500,1787860.930999701,559435.9465736942,476.9992193121625,1862.9331458726115,Spain,Spain,None,seir
2020-08-07,314362,28503,1843472.6820825418,577121.1102350913,486.41715031795883,1924.7732176791612,Spain,Spain,None,seir
2020-08-08,314362,28503,1900654.9724624972,595318.3521569988,504.60710024191764,1988.6164689927334,Spain,Spain,None,seir
2020-08-09,314362,28503,1959441.8209412263,614040.0969647506,523.3074674869184,2054.2998876074466,Spain,Spain,None,seir
2020-08-10,322980,28576,2019866.5727244294,633299.1539148409,525.3844116429591,2116.1924479102777,Spain,Spain,None,seir
2020-08-11,326612,28581,2081963.833919518,653108.1316435945,537.4425415843625,2185.112947915029,Spain,Spain,None,seir
2020-08-12,329784,28579,2145770.8098778473,673479.0603840643,550.6594649461003,2256.552225004599,Spain,Spain,None,seir
2020-08-13,337334,28605,2211323.843006395,694424.3013386807,555.5294879870974,2327.6325863963666,Spain,Spain,None,seir
2020-08-14,342813,28617,2278658.096492151,715956.6054936462,564.6941908539497,2401.857656266018,Spain,Spain,None,seir
2020-08-15,342813,28617,2347807.5543021224,738089.1136189365,584.8653797557625,2479.1980767338873,Spain,Spain,None,seir
2020-08-16,342813,28617,2418805.225642231,760835.289882077,605.5757003504041,2558.682915337307,Spain,Spain,None,seir
2020-08-17,359082,28646,2491686.659933974,784207.866908467,593.9046401473686,2637.5824440007923,Spain,Spain,None,seir
2020-08-18,364196,28670,2566488.8307283195,808219.1596959688,604.6998953114036,2719.0413662224237,Spain,Spain,None,seir
2020-08-19,370867,28797,2643246.965264396,832881.8548356057,612.7209930418171,2792.252161112636,Spain,Spain,None,seir
2020-08-20,377906,28813,2721994.488969194,858209.0104434129,620.2834802753049,2878.547913939586,Spain,Spain,None,seir
2020-08-21,386054,28838,2802763.0254575685,884214.0561604383,626.0028455753776,2966.1420908538676,Spain,Spain,None,seir
2020-08-22,386054,28838,2885583.7759312554,910910.3597111863,647.4559973297144,3058.715443897587,Spain,Spain,None,seir
2020-08-23,386054,28838,2970491.702250112,938309.9923435659,669.4497925808596,3153.727693819148,Spain,Spain,None,seir
2020-08-24,405436,28872,3057520.6132882987,966425.0601077868,654.1315061534493,3247.274383859057,Spain,Spain,None,seir
2020-08-25,412553,28924,3146701.763367528,995268.003333457,662.7387907414388,3340.976363343442,Spain,Spain,None,seir
2020-08-26,419849,28971,3238063.858434763,1024851.5939697655,671.2448662339943,3437.508522211058,Spain,Spain,None,seir
2020-08-27,429507,28996,3331633.290459627,1055188.8581851907,675.6877746950869,3539.0842122540716,Spain,Spain,None,seir
2020-08-28,439286,29011,3427438.961752994,1086291.6086659615,680.2295000871856,3644.4128388058375,Spain,Spain,None,seir
2020-08-29,439286,29011,3525511.211195477,1118170.7374291962,702.5548756836041,3754.299187994886,Spain,Spain,None,seir
2020-08-30,439286,29011,3625877.093691911,1150837.4004041194,725.4023787901074,3866.9001427186904,Spain,Spain,None,seir
2020-08-31,462858,29094,3728560.267244848,1184303.0233072406,705.5516523955183,3970.6091403974724,Spain,Spain,None,seir
2020-09-01,470973,29152,3833580.9952853164,1218579.3007967696,713.9704389180093,4080.08816135006,Spain,Spain,None,seir
2020-09-02,479554,29194,3940959.2570670494,1253677.2276558133,721.796764716184,4194.297553113014,Spain,Spain,None,seir
2020-09-03,488513,29234,4050718.8272895585,1289605.8926890302,729.193660616925,4311.322065707841,Spain,Spain,None,seir
2020-09-04,498989,29418,4162880.1634141584,1326374.3760765714,734.262912291485,4408.717030649845,Spain,Spain,None,seir
2020-09-05,498989,29418,4277459.417409602,1363991.9468386595,757.225192821806,4536.589662243047,Spain,Spain,None,seir
2020-09-06,498989,29418,4394468.435752075,1402468.0628355867,780.674410809071,4667.380728926462,Spain,Spain,None,seir
2020-09-07,525549,29516,4513916.343989308,1441811.8744805339,758.895430110096,4784.8484702552305,Spain,Spain,None,seir
2020-09-08,534513,29594,4635816.703896816,1482030.0765755326,767.2972788120804,4907.87347629767,Spain,Spain,None,seir
2020-09-09,543379,29628,4760180.757286557,1523128.7729287173,776.0332580549776,5040.842354963944,Spain,Spain,None,seir
2020-09-10,554143,29699,4887014.512259274,1565114.1729973145,781.904943716563,5169.922128682159,Spain,Spain,None,seir
2020-09-11,566326,29747,5016318.765891292,1607992.5816085888,785.7652246040782,5305.562179744475,Spain,Spain,None,seir
2020-09-12,566326,29747,5148090.465934048,1651769.9939313342,809.0330420877813,5452.727985784564,Spain,Spain,None,seir
2020-09-13,566326,29747,5282330.594159772,1696449.7083359985,832.7367265779378,5602.927045873528,Spain,Spain,None,seir
2020-09-14,593730,29848,5419035.619930876,1742034.7049821098,812.7104272869614,5736.353206185037,Spain,Spain,None,seir
2020-09-15,603167,30004,5558197.274673265,1788527.6501923932,821.5022165790347,5860.964038769474,Spain,Spain,None,seir
2020-06-15,244109,27136,355491.86353599234,75438.70635168729,45.628331415880744,178.00230819460234,Spain,Spain,None,seird
2020-06-16,244328,27136,365545.294027746,77609.89800108167,49.612526614938126,186.00345666672197,Spain,Spain,None,seird
2020-06-17,244683,27136,375855.64453933167,79836.7297901443,53.6092186785889,194.2096469271237,Spain,Spain,None,seird
2020-06-18,245268,27136,386429.1541720452,82120.45613655982,57.55384076685307,202.62550168248757,Spain,Spain,None,seird
2020-06-19,245575,28315,397272.01127814385,84462.47488885597,61.772171954858536,198.2958675220059,Spain,Spain,None,seird
2020-06-20,245938,28322,408390.4188594804,86864.28412124609,66.05421645271589,206.70250731320561,Spain,Spain,None,seird
2020-06-21,246272,28323,419791.0058719831,89327.20756984329,70.45827616293494,215.38752098945483,Spain,Spain,None,seird
2020-06-22,246504,28324,431480.5067682121,91852.60967582601,75.0399615293107,224.2925069758015,Spain,Spain,None,seird
2020-06-23,246752,28325,443465.56150733074,94442.03137888067,79.72116193884173,233.42288218492735,Spain,Spain,None,seird
2020-06-24,247086,28327,455752.86046081904,97097.0936038082,84.451106279117,242.7722441621358,Spain,Spain,None,seird
2020-06-25,247486,28330,468349.6182170857,99819.18030725476,89.24287362399721,252.34444160697058,Spain,Spain,None,seird
2020-06-26,247905,28338,481263.0507961724,102609.78895978439,94.13204687125004,262.0925575544653,Spain,Spain,None,seird
2020-06-27,248469,28341,494500.2436168043,105470.62032328745,99.01888912371535,272.14854918064805,Spain,Spain,None,seird
2020-06-28,248770,28343,508068.4780465468,108403.36021802535,104.23221371007227,282.4696052571194,Spain,Spain,None,seird
2020-06-29,248970,28346,521975.51840222644,111409.48656691548,109.65398176576554,293.03424316275834,Spain,Spain,None,seird
2020-06-30,249271,28355,536229.0241907003,114490.66386247755,115.11889637811869,303.7759261593283,Spain,Spain,None,seird
2020-07-01,249659,28364,550836.5474892732,117648.74566096267,120.63556590760727,314.7819266004889,Spain,Spain,None,seird
2020-07-02,250103,28368,565806.0540573931,120885.4251351106,126.22921518630048,326.13305532681403,Spain,Spain,None,seird
2020-07-03,250545,28385,581145.7790843609,124202.33039101359,131.9526548461797,337.56325661797985,Spain,Spain,None,seird
2020-07-04,250545,28385,596863.8159410688,127601.30099947567,138.22619327508784,349.53778756200694,Spain,Spain,None,seird
2020-07-05,250545,28385,612968.2326558398,131084.31000331792,144.6539474568799,361.8083847219233,Spain,Spain,None,seird
2020-07-06,251789,28388,629467.6570236711,134653.06988252065,149.9980765735084,374.33094928322055,Spain,Spain,None,seird
2020-07-07,252130,28392,646370.7753247656,138309.36744950217,156.3640880993002,387.14203807235197,Spain,Spain,None,seird
2020-07-08,252513,28396,663686.0990109129,142055.2207354078,162.83244783869065,400.2648990541196,Spain,Spain,None,seird
2020-07-09,253056,28401,681422.2463518656,145892.6893340409,169.27725339524278,413.6885649591243,Spain,Spain,None,seird
2020-07-10,253908,28403,699588.4535955972,149823.52829767013,175.52832269782647,427.49191387413345,Spain,Spain,None,seird
2020-07-11,253908,28403,718193.8375186854,153849.68167814577,182.85593109263408,441.66701291464204,Spain,Spain,None,seird
2020-07-12,253908,28403,737247.2877298584,157973.3546321842,190.36000745540053,456.18545446672607,Spain,Spain,None,seird
2020-07-13,255953,28406,756758.0351823852,162196.62965343613,195.66288935171116,470.9942605556436,Spain,Spain,None,seird
2020-07-14,256619,28409,776735.826780858,166521.34520908445,202.6805602004754,486.15701083841196,Spain,Spain,None,seird
2020-07-15,257494,28413,797190.1436009086,170949.61892857417,209.59561916041096,501.6598702304374,Spain,Spain,None,seird
2020-07-16,258855,28416,818130.2440953089,175483.81792431857,216.05734642765603,517.5528502404229,Spain,Spain,None,seird
2020-07-17,260255,28420,839566.0301138887,180125.97250802652,222.59362168407472,533.800044011353,Spain,Spain,None,seird
2020-07-18,260255,28420,861507.5997323241,184878.07205741556,231.02441825606581,550.5210135728908,Spain,Spain,None,seird
2020-07-19,260255,28420,883964.7043611263,189742.4277266733,239.65330324532718,567.636973000258,Spain,Spain,None,seird
2020-07-20,264836,28422,906947.0514654792,194721.4670045173,242.45610546356207,585.1082506667979,Spain,Spain,None,seird
2020-07-21,266194,28424,930465.1253981582,199817.1745725764,249.54398874435873,602.9875266414874,Spain,Spain,None,seird
2020-07-22,267551,28426,954529.2293861081,205031.73198925468,256.765337967755,621.2823893240509,Spain,Spain,None,seird
2020-07-23,270166,28429,979149.2981912906,210367.64152222924,262.425063920438,639.9755233115102,Spain,Spain,None,seird
2020-07-24,272421,28432,1004335.6029858863,215827.24646180178,268.6704046258865,659.0997694914245,Spain,Spain,None,seird
2020-07-25,272421,28432,1030098.9600326081,221412.58246015178,278.1275892947343,678.7443108474669,Spain,Spain,None,seird
2020-07-26,272421,28432,1056449.78105531,227126.01147979381,287.80041959148156,698.839376335797,Spain,Spain,None,seird
2020-07-27,278782,28434,1083398.1396834804,232970.17477315594,288.61839705701243,719.3366208523455,Spain,Spain,None,seird
2020-07-28,280610,28436,1110954.8442616796,238947.26014673678,295.9070753934926,740.2984250483076,Spain,Spain,None,seird
2020-07-29,282641,28441,1139130.8179826457,245059.4113270728,303.03098912848657,761.6413323268267,Spain,Spain,None,seird
2020-07-30,285430,28443,1167936.4353987186,251309.16966329238,309.1848913564512,783.553667557193,Spain,Spain,None,seird
2020-07-31,288522,28445,1197381.943304942,257699.18577832222,315.0054218759547,805.9560055486808,Spain,Spain,None,seird
2020-08-01,288522,28445,1227478.5140927539,264231.49521555705,325.43671335036976,828.9207073846267,Spain,Spain,None,seird
2020-08-02,288522,28445,1258236.9355965678,270908.3941784445,336.0973983254545,852.3937218437143,Spain,Spain,None,seird
2020-08-03,297054,28472,1289667.3737721506,277732.5948510979,334.1525021619472,875.4586781789053,Spain,Spain,None,seird
2020-08-04,302814,28498,1321780.4049768737,284706.51758748223,336.4991067047341,899.0403452434634,Spain,Spain,None,seird
2020-08-05,305767,28499,1354587.1512359548,291832.1858117263,343.01286641002946,924.0085119187562,Spain,Spain,None,seird
2020-08-06,309855,28500,1388098.0379886911,299112.05605264363,347.9831011242972,949.5159861496268,Spain,Spain,None,seird
2020-08-07,314362,28503,1422322.9815855138,306548.88634214195,352.4474909771263,975.496917314465,Spain,Spain,None,seird
2020-08-08,314362,28503,1457272.8213431751,314144.74959211017,363.5651959661712,1002.1462638743646,Spain,Spain,None,seird
2020-08-09,314362,28503,1492958.2135956706,321901.76957899093,374.91688359142347,1029.3610131529697,Spain,Spain,None,seird
2020-08-10,322980,28576,1529388.9779697568,329822.5549613396,373.5243600129286,1054.1942712812836,Spain,Spain,None,seird
2020-08-11,326612,28581,1566574.9214211395,337909.63043049304,379.64401841363434,1082.2876401472763,Spain,Spain,None,seird
2020-08-12,329784,28579,1604526.7029253286,346164.8307051545,386.5386746856514,1111.255924648009,Spain,Spain,None,seird
2020-08-13,337334,28605,1643254.19451052,354590.39901384874,387.1297273653175,1139.609854968882,Spain,Spain,None,seird
2020-08-14,342813,28617,1682766.4322487495,363189.01375842415,390.8700755947848,1169.137274202132,Spain,Spain,None,seird
2020-08-15,342813,28617,1723073.186945208,371962.70163367485,402.62772617876453,1199.7962806502248,Spain,Spain,None,seird
2020-08-16,342813,28617,1764184.3293577218,380913.25131353934,414.62002005691784,1231.0733176557267,Spain,Spain,None,seird
2020-08-17,359082,28646,1806108.6476317719,390043.0047465149,402.97944414695576,1261.5967490976573,Spain,Spain,None,seird
2020-08-18,364196,28670,1848854.4437849177,399354.4418976999,407.65369300731413,1292.9349211639342,Spain,Spain,None,seird
2020-08-19,370867,28797,1892431.1129369978,408849.0789177592,410.2721765314784,1319.7627493063833,Spain,Spain,None,seird
2020-08-20,377906,28813,1936847.2301254466,418528.7562508634,412.52089941028896,1352.5691745075603,Spain,Spain,None,seird
2020-08-21,386054,28838,1982110.197398655,428395.86949904496,413.42822439313017,1385.5255894966535,Spain,Spain,None,seird
2020-08-22,386054,28838,2028227.8389798868,438452.2603350581,425.374128743618,1420.3976015502396,Spain,Spain,None,seird
2020-08-23,386054,28838,2075208.3722133634,448699.2133990855,437.5435488852242,1455.9304161144514,Spain,Spain,None,seird
2020-08-24,405436,28872,2123058.696374328,459138.60998613725,423.64829378109687,1490.255645560187,Spain,Spain,None,seird
2020-08-25,412553,28924,2171784.8150896775,469772.62987302727,426.4256507866087,1524.162044921267,Spain,Spain,None,seird
2020-08-26,419849,28971,2221393.8559717266,480602.3385212296,429.093520759065,1558.908351528182,Spain,Spain,None,seird
2020-08-27,429507,28996,2271892.160956501,491628.97753664176,428.95346547471894,1595.506199257283,Spain,Spain,None,seird
2020-08-28,439286,29011,2323284.58975839,502854.43042919226,428.8774488051953,1633.3233271145161,Spain,Spain,None,seird
2020-08-29,439286,29011,2375576.0812580525,514280.131000723,440.78119522544597,1672.7073558330392,Spain,Spain,None,seird
2020-08-30,439286,29011,2428772.188090678,525906.6691834668,452.89087020544196,1712.783665449198,Spain,Spain,None,seird
2020-08-31,462858,29094,2482876.9240642632,537735.2546470071,436.42303342801966,1748.2685593146598,Spain,Spain,None,seird
2020-09-01,470973,29152,2537893.0322528314,549767.5232230632,438.861682570515,1785.8655434380598,Spain,Spain,None,seird
2020-09-02,479554,29194,2593824.337280953,562003.8849165387,440.8826403868913,1825.0664003443812,Spain,Spain,None,seird
2020-09-03,488513,29234,2650673.935486433,574444.7532046715,442.6004907722892,1864.9885517023722,Spain,Spain,None,seird
2020-09-04,498989,29418,2708443.1289355713,587091.2690133974,442.786139360902,1895.6872289530131,Spain,Spain,None,seird
2020-09-05,498989,29418,2767132.945156232,599944.2326225721,454.5478848544221,1939.3780427716777,Spain,Spain,None,seird
2020-09-06,498989,29418,2826745.232857502,613003.3168222499,466.49449844736097,1983.7695180578216,Spain,Spain,None,seird
2020-09-07,525549,29516,2887280.1002208437,626268.8271449031,449.38361603215753,2021.794373034636,Spain,Spain,None,seird
2020-09-08,534513,29594,2948736.0375330276,639741.6088117587,451.6677868514007,2061.727406946539,Spain,Spain,None,seird
2020-09-09,543379,29628,3011112.527776373,653421.2053643225,454.1459143206442,2105.417866087223,Spain,Spain,None,seird
2020-09-10,554143,29699,3074408.408146145,667306.9800436121,454.8041585197584,2146.900501847241,Spain,Spain,None,seird
2020-09-11,566326,29747,3138620.4511533473,681399.0941914526,454.20737369524744,2190.6481130583,Spain,Spain,None,seird
2020-09-12,566326,29747,3203744.8165724296,695697.4817150356,465.7068219669289,2238.714766917792,Spain,Spain,None,seird
2020-09-13,566326,29747,3269778.662081916,710200.6985241855,477.3668632699039,2287.4699920132634,Spain,Spain,None,seird
2020-09-14,593730,29848,3336717.2609415413,724907.9277744081,461.99236369082604,2328.6649952238276,Spain,Spain,None,seird
2020-09-15,603167,30004,3404554.0889026346,739818.9133853894,464.44634552331854,2365.7342800472916,Spain,Spain,None,seird
2020-06-15,386464,31472,380056.0,31247.0,1.6581104578951726,0.7149211997966446,US - New York,US,New York,delphi
2020-06-16,386973,31519,380249.0,31266.0,1.7375889273928673,0.80269044068657,US - New York,US,New York,delphi
2020-06-17,387384,31537,380428.0,31284.0,1.795634306011606,0.8022322985699336,US - New York,US,New York,delphi
2020-06-18,388083,31569,380593.0,31300.0,1.9299995104140093,0.8521017453831291,US - New York,US,New York,delphi
2020-06-19,388907,31588,380744.0,31314.0,2.098959391319776,0.8674180068380397,US - New York,US,New York,delphi
2020-06-20,389602,31656,380882.0,31328.0,2.2381815288422544,1.0361384887541065,US - New York,US,New York,delphi
2020-06-21,390268,31693,381009.0,31341.0,2.3724722498385726,1.110655349761777,US - New York,US,New York,delphi
2020-06-22,390910,31729,381126.0,31352.0,2.502877900283953,1.1881874625736708,US - New York,US,New York,delphi
2020-06-23,391411,31791,381234.0,31363.0,2.600080222579335,1.3462929759994966,US - New York,US,New York,delphi
2020-06-24,391884,31813,381333.0,31373.0,2.692378356860704,1.3830823877031402,US - New York,US,New York,delphi
2020-06-25,392698,31846,381424.0,31382.0,2.8709084334526787,1.4570118696225587,US - New York,US,New York,delphi
2020-06-26,393527,31869,381507.0,31390.0,3.0544282857338887,1.5030280209608082,US - New York,US,New York,delphi
2020-06-27,394261,31890,381583.0,31397.0,3.2156363424229126,1.5459391658827217,US - New York,US,New York,delphi
2020-06-28,394872,31917,381653.0,31404.0,3.3476670921209912,1.6072939186013724,US - New York,US,New York,delphi
2020-06-29,395406,31948,381717.0,31411.0,3.4620111986161057,1.680856391636409,US - New York,US,New York,delphi
2020-06-30,395909,31909,381776.0,31416.0,3.5697597175108418,1.5450186467767715,US - New York,US,New York,delphi
2020-07-01,396456,31926,381830.0,31422.0,3.6891861896402123,1.578650629580906,US - New York,US,New York,delphi
2020-07-02,397363,31950,381879.0,31427.0,3.8966889217164153,1.6369327073552424,US - New York,US,New York,delphi
2020-07-03,398277,32030,381925.0,31431.0,4.105685239167714,1.8701217608492038,US - New York,US,New York,delphi
2020-07-04,399054,32044,381966.0,31435.0,4.282127230901081,1.900511796280115,US - New York,US,New York,delphi
2020-07-05,399776,32082,382003.0,31439.0,4.445739614183943,2.004239137210897,US - New York,US,New York,delphi
2020-07-06,400298,32099,382038.0,31442.0,4.561601606802932,2.0467927349761674,US - New York,US,New York,delphi
2020-07-07,400746,32121,382069.0,31445.0,4.6605580592195555,2.1045421998069798,US - New York,US,New York,delphi
2020-07-08,401314,32142,382098.0,31448.0,4.788270531304664,2.1591686889428163,US - New York,US,New York,delphi
2020-07-09,402079,32165,382124.0,31451.0,4.962955041173501,2.219804134929271,US - New York,US,New York,delphi
2020-07-10,402999,32205,382148.0,31453.0,5.173958248035355,2.335041142679708,US - New York,US,New York,delphi
2020-07-11,403877,32216,382170.0,31456.0,5.374656145311567,2.359076235410976,US - New York,US,New York,delphi
2020-07-12,404624,32231,382190.0,31457.0,5.544406659021709,2.4014147870062983,US - New York,US,New York,delphi
2020-07-13,405259,32254,382208.0,31459.0,5.687967447977713,2.464810566131333,US - New York,US,New York,delphi
2020-07-14,406132,32265,382225.0,31461.0,5.88650980469404,2.491864249186425,US - New York,US,New York,delphi
2020-07-15,406834,32284,382240.0,31462.0,6.045217459701009,2.5461528930739683,US - New York,US,New York,delphi
2020-07-16,407724,32293,382254.0,31464.0,6.246872884598405,2.567119809246586,US - New York,US,New York,delphi
2020-07-17,408551,32320,382267.0,31465.0,6.433468526573181,2.6454207920792077,US - New York,US,New York,delphi
2020-07-18,409380,32331,382278.0,31466.0,6.620255019786018,2.6754508057282482,US - New York,US,New York,delphi
2020-07-19,410024,32350,382288.0,31467.0,6.764482079097808,2.7295208655332304,US - New York,US,New York,delphi
2020-07-20,410698,32361,382298.0,31468.0,6.915056805730732,2.759494453199839,US - New York,US,New York,delphi
2020-07-21,411398,32373,382306.0,31469.0,7.071497673785483,2.792450498872517,US - New York,US,New York,delphi
2020-07-22,411954,32416,382314.0,31470.0,7.194978080076901,2.918311944718657,US - New York,US,New York,delphi
2020-07-23,412807,32425,382321.0,31471.0,7.3850491876349,2.942174248265227,US - New York,US,New York,delphi
2020-07-24,413557,32436,382328.0,31471.0,7.551316988951946,2.9750894068319154,US - New York,US,New York,delphi
2020-07-25,414317,32446,382334.0,31472.0,7.719451531074033,3.001910867287185,US - New York,US,New York,delphi
2020-07-26,414945,32463,382339.0,31472.0,7.8579088794900525,3.052706157779626,US - New York,US,New York,delphi
2020-07-27,415580,32473,382344.0,31473.0,7.997497473410655,3.0794814153296586,US - New York,US,New York,delphi
2020-07-28,416085,32487,382349.0,31473.0,8.107958710359663,3.12124849939976,US - New York,US,New York,delphi
2020-07-29,416657,32488,382353.0,31474.0,8.23315100910341,3.121152425510958,US - New York,US,New York,delphi
2020-07-30,417454,32505,382356.0,31474.0,8.407632936802619,3.1718197200430702,US - New York,US,New York,delphi
2020-07-31,418144,32508,382360.0,31475.0,8.55781740261728,3.1776793404700383,US - New York,US,New York,delphi
2020-08-01,418899,32517,382363.0,31475.0,8.721911487017158,3.204477657840514,US - New York,US,New York,delphi
2020-08-02,419452,32530,382365.0,31475.0,8.841774505783736,3.2431601598524438,US - New York,US,New York,delphi
2020-08-03,420042,32530,382368.0,31475.0,8.969103089691032,3.2431601598524438,US - New York,US,New York,delphi
2020-08-04,420675,32536,382370.0,31476.0,9.105604088667024,3.257929677895254,US - New York,US,New York,delphi
2020-08-05,421159,32569,382372.0,31476.0,9.20958592835485,3.355951978875618,US - New York,US,New York,delphi
2020-08-06,421901,32574,382374.0,31476.0,9.368785568178318,3.3707865168539324,US - New York,US,New York,delphi
2020-08-07,422479,32577,382376.0,31476.0,9.492306126458356,3.3796850538723637,US - New York,US,New York,delphi
2020-08-08,423177,32586,382377.0,31476.0,9.641355744759284,3.406370834100534,US - New York,US,New York,delphi
2020-08-09,423751,32588,382378.0,31476.0,9.76351678226128,3.412299005768995,US - New York,US,New York,delphi
2020-08-10,424272,32597,382380.0,31477.0,9.873854508428554,3.4358990091112678,US - New York,US,New York,delphi
2020-08-11,424854,32603,382381.0,31477.0,9.997081350299162,3.4536699076772077,US - New York,US,New York,delphi
2020-08-12,425318,32611,382382.0,31477.0,10.095034773980881,3.4773542669651345,US - New York,US,New York,delphi
2020-08-13,425960,32613,382383.0,31477.0,10.230303314865246,3.4832735412258917,US - New York,US,New York,delphi
2020-08-14,426610,32631,382384.0,31477.0,10.36684559668081,3.536514357512795,US - New York,US,New York,delphi
2020-08-15,427302,32642,382384.0,31477.0,10.512003220204914,3.5690215060351695,US - New York,US,New York,delphi
2020-08-16,427912,32649,382385.0,31477.0,10.639337059956253,3.589696468498269,US - New York,US,New York,delphi
2020-08-17,428385,32656,382386.0,31477.0,10.737770930354703,3.610362567368937,US - New York,US,New York,delphi
2020-08-18,428923,32668,382386.0,31477.0,10.849732935748374,3.645769560426105,US - New York,US,New York,delphi
2020-08-19,429440,32673,382387.0,31477.0,10.956827496274217,3.6605147981513793,US - New York,US,New York,delphi
2020-08-20,430123,32671,382387.0,31477.0,11.098220741508824,3.6546172446512197,US - New York,US,New York,delphi
2020-08-21,430860,32667,382388.0,31477.0,11.250058023487908,3.642819971224783,US - New York,US,New York,delphi
2020-08-22,431543,32673,382388.0,31477.0,11.390521917862182,3.6605147981513793,US - New York,US,New York,delphi
2020-08-23,432085,32685,382388.0,31477.0,11.501672124697688,3.6958849625210344,US - New York,US,New York,delphi
2020-08-24,432558,32686,382389.0,31477.0,11.598213418778522,3.6988313039221685,US - New York,US,New York,delphi
2020-08-25,433113,32715,382389.0,31477.0,11.711493305442229,3.7841968515971267,US - New York,US,New York,delphi
2020-08-26,433595,32721,382389.0,31478.0,11.809638026268752,3.7987836557562424,US - New York,US,New York,delphi
2020-08-27,434393,32721,382389.0,31478.0,11.971647793587833,3.7987836557562424,US - New York,US,New York,delphi
2020-08-28,435062,32724,382389.0,31478.0,12.107010035351284,3.807602982520474,US - New York,US,New York,delphi
2020-08-29,435756,32725,382390.0,31478.0,12.246761949347801,3.810542398777693,US - New York,US,New York,delphi
2020-08-30,436469,32743,382390.0,31478.0,12.390112470759664,3.8634211892618273,US - New York,US,New York,delphi
2020-08-31,437154,32791,382390.0,31478.0,12.527393092594371,4.004147479491324,US - New York,US,New York,delphi
2020-09-01,437757,32800,382390.0,31478.0,12.647884556957397,4.030487804878049,US - New York,US,New York,delphi
2020-09-02,438405,32806,382390.0,31478.0,12.77699843751782,4.048039992684265,US - New York,US,New York,delphi
2020-09-03,439322,32810,382390.0,31478.0,12.959059641902751,4.059737884791223,US - New York,US,New York,delphi
2020-09-04,440192,32816,382390.0,31478.0,13.131088252398953,4.0772793759141885,US - New York,US,New York,delphi
2020-09-05,441012,32821,382391.0,31478.0,13.292382066701133,4.091892385972395,US - New York,US,New York,delphi
2020-09-06,441748,32821,382391.0,31478.0,13.43684634678595,4.091892385972395,US - New York,US,New York,delphi
2020-09-07,442315,32836,382391.0,31478.0,13.547810949210405,4.135704714337922,US - New York,US,New York,delphi
2020-09-08,442817,32850,382391.0,31478.0,13.645817572496089,4.176560121765601,US - New York,US,New York,delphi
2020-09-09,443409,32854,382391.0,31478.0,13.761109945896452,4.188226699945212,US - New York,US,New York,delphi
2020-09-10,444071,32854,382391.0,31478.0,13.889670795886245,4.188226699945212,US - New York,US,New York,delphi
2020-09-11,445102,32854,382391.0,31478.0,14.089130131969752,4.188226699945212,US - New York,US,New York,delphi
2020-09-12,446028,32858,382391.0,31478.0,14.267489933367411,4.199890437640757,US - New York,US,New York,delphi
2020-09-13,446862,32858,382391.0,31478.0,14.427496632069856,4.199890437640757,US - New York,US,New York,delphi
2020-09-14,447524,32865,382391.0,31478.0,14.55407978119609,4.220295146812719,US - New York,US,New York,delphi
2020-09-15,448213,32873,382391.0,31478.0,14.685428579715449,4.24360417363794,US - New York,US,New York,delphi
2020-06-15,386464,31472,414885.0,32139.0,7.354113190361845,2.1193441789527196,US - New York,US,New York,delphi_lookahead
2020-06-16,386973,31519,415430.0,32167.0,7.353743025999229,2.055902788794061,US - New York,US,New York,delphi_lookahead
2020-06-17,387384,31537,415938.0,32192.0,7.370980732296636,2.0769255160605007,US - New York,US,New York,delphi_lookahead
2020-06-18,388083,31569,416412.0,32216.0,7.299727120229435,2.0494789191928793,US - New York,US,New York,delphi_lookahead
2020-06-19,388907,31588,416852.0,32239.0,7.185522502809155,2.0609092060276053,US - New York,US,New York,delphi_lookahead
2020-06-20,389602,31656,417262.0,32259.0,7.099552877038619,1.904852160727824,US - New York,US,New York,delphi_lookahead
2020-06-21,390268,31693,417643.0,32278.0,7.014410610144823,1.8458334648029533,US - New York,US,New York,delphi_lookahead
2020-06-22,390910,31729,417997.0,32296.0,6.92921644368269,1.7870087301837436,US - New York,US,New York,delphi_lookahead
2020-06-23,391411,31791,418327.0,32312.0,6.876659061702404,1.638828599289107,US - New York,US,New York,delphi_lookahead
2020-06-24,391884,31813,418633.0,32327.0,6.825744352920762,1.6156916983623049,US - New York,US,New York,delphi_lookahead
2020-06-25,392698,31846,418916.0,32341.0,6.676377267009253,1.5543553350499277,US - New York,US,New York,delphi_lookahead
2020-06-26,393527,31869,419180.0,32354.0,6.51873950199097,1.521855094292259,US - New York,US,New York,delphi_lookahead
2020-06-27,394261,31890,419424.0,32366.0,6.382320341093845,1.4926309187833176,US - New York,US,New York,delphi_lookahead
2020-06-28,394872,31917,419650.0,32377.0,6.274944792236472,1.4412382116113671,US - New York,US,New York,delphi_lookahead
2020-06-29,395406,31948,419860.0,32387.0,6.184529319231372,1.3741079253787405,US - New York,US,New York,delphi_lookahead
2020-06-30,395909,31909,420054.0,32396.0,6.098623673621969,1.5262151744022063,US - New York,US,New York,delphi_lookahead
2020-07-01,396456,31926,420234.0,32405.0,5.997639082268902,1.5003445467643926,US - New York,US,New York,delphi_lookahead
2020-07-02,397363,31950,420401.0,32412.0,5.797721478849314,1.4460093896713615,US - New York,US,New York,delphi_lookahead
2020-07-03,398277,32030,420555.0,32420.0,5.593594407912081,1.2176084920387136,US - New York,US,New York,delphi_lookahead
2020-07-04,399054,32044,420697.0,32426.0,5.423576759035118,1.1921108475845712,US - New York,US,New York,delphi_lookahead
2020-07-05,399776,32082,420829.0,32432.0,5.266199071480028,1.0909544292749829,US - New York,US,New York,delphi_lookahead
2020-07-06,400298,32099,420950.0,32438.0,5.159156428460797,1.0561076669055112,US - New York,US,New York,delphi_lookahead
2020-07-07,400746,32121,421062.0,32443.0,5.069545298019194,1.0024594502039166,US - New York,US,New York,delphi_lookahead
2020-07-08,401314,32142,421166.0,32448.0,4.946749926491475,0.9520253873436625,US - New York,US,New York,delphi_lookahead
2020-07-09,402079,32165,421262.0,32452.0,4.770952971928402,0.8922742110990207,US - New York,US,New York,delphi_lookahead
2020-07-10,402999,32205,421350.0,32456.0,4.553609314167033,0.7793820835274026,US - New York,US,New York,delphi_lookahead
2020-07-11,403877,32216,421431.0,32460.0,4.346372781812284,0.7573876334740502,US - New York,US,New York,delphi_lookahead
2020-07-12,404624,32231,421506.0,32463.0,4.1722685752698805,0.719803915485092,US - New York,US,New York,delphi_lookahead
2020-07-13,405259,32254,421575.0,32467.0,4.0260672804305395,0.6603832082842438,US - New York,US,New York,delphi_lookahead
2020-07-14,406132,32265,421639.0,32469.0,3.8182167374154217,0.6322640632264063,US - New York,US,New York,delphi_lookahead
2020-07-15,406834,32284,421697.0,32472.0,3.653332808958937,0.5823318052285962,US - New York,US,New York,delphi_lookahead
2020-07-16,407724,32293,421751.0,32474.0,3.4403174696608487,0.5604929860960579,US - New York,US,New York,delphi_lookahead
2020-07-17,408551,32320,421801.0,32477.0,3.2431691514645666,0.48576732673267325,US - New York,US,New York,delphi_lookahead
2020-07-18,409380,32331,421846.0,32479.0,3.0450925790219356,0.45776499335003557,US - New York,US,New York,delphi_lookahead
2020-07-19,410024,32350,421888.0,32480.0,2.893489161610052,0.401854714064915,US - New York,US,New York,delphi_lookahead
2020-07-20,410698,32361,421927.0,32482.0,2.734125805336281,0.37390686319953026,US - New York,US,New York,delphi_lookahead
2020-07-21,411398,32373,421962.0,32484.0,2.567829692900792,0.3428783245297007,US - New York,US,New York,delphi_lookahead
2020-07-22,411954,32416,421995.0,32485.0,2.437408060123218,0.212857847976308,US - New York,US,New York,delphi_lookahead
2020-07-23,412807,32425,422025.0,32486.0,2.233004769783458,0.18812644564379338,US - New York,US,New York,delphi_lookahead
2020-07-24,413557,32436,422052.0,32487.0,2.054130385896019,0.15723270440251574,US - New York,US,New York,delphi_lookahead
2020-07-25,414317,32446,422077.0,32489.0,1.8729620073518587,0.13252789249830488,US - New York,US,New York,delphi_lookahead
2020-07-26,414945,32463,422100.0,32489.0,1.7243249105303111,0.08009118072882974,US - New York,US,New York,delphi_lookahead
2020-07-27,415580,32473,422121.0,32490.0,1.5739448481640117,0.0523511840606042,US - New York,US,New York,delphi_lookahead
2020-07-28,416085,32487,422141.0,32491.0,1.4554718386868069,0.012312617354634162,US - New York,US,New York,delphi_lookahead
2020-07-29,416657,32488,422159.0,32492.0,1.3205106358467518,0.012312238364934745,US - New York,US,New York,delphi_lookahead
2020-07-30,417454,32505,422175.0,32493.0,1.1309030456050246,0.03691739732348869,US - New York,US,New York,delphi_lookahead
2020-07-31,418144,32508,422190.0,32493.0,0.967609244662126,0.04614248800295312,US - New York,US,New York,delphi_lookahead
2020-08-01,418899,32517,422203.0,32494.0,0.7887342772362789,0.0707322323707599,US - New York,US,New York,delphi_lookahead
2020-08-02,419452,32530,422216.0,32494.0,0.6589550174990225,0.11066707654472795,US - New York,US,New York,delphi_lookahead
2020-08-03,420042,32530,422227.0,32495.0,0.5201860766304323,0.10759299108515216,US - New York,US,New York,delphi_lookahead
2020-08-04,420675,32536,422238.0,32495.0,0.37154573007666253,0.1260142611261372,US - New York,US,New York,delphi_lookahead
2020-08-05,421159,32569,422247.0,32496.0,0.25833473818676556,0.2241395191746753,US - New York,US,New York,delphi_lookahead
2020-08-06,421901,32574,422256.0,32496.0,0.08414296244853652,0.2394547798857985,US - New York,US,New York,delphi_lookahead
2020-08-07,422479,32577,422264.0,32496.0,0.0508901034134241,0.24864167971268072,US - New York,US,New York,delphi_lookahead
2020-08-08,423177,32586,422272.0,32497.0,0.21385850365213613,0.2731234272386915,US - New York,US,New York,delphi_lookahead
2020-08-09,423751,32588,422278.0,32497.0,0.3476097991509165,0.2792438934577145,US - New York,US,New York,delphi_lookahead
2020-08-10,424272,32597,422284.0,32497.0,0.46856733416298973,0.3067766972420775,US - New York,US,New York,delphi_lookahead
2020-08-11,424854,32603,422290.0,32497.0,0.6035014381411026,0.3251234548967886,US - New York,US,New York,delphi_lookahead
2020-08-12,425318,32611,422295.0,32498.0,0.7107623002083148,0.34650884670816595,US - New York,US,New York,delphi_lookahead
2020-08-13,425960,32613,422300.0,32498.0,0.8592356089773687,0.35262012081071964,US - New York,US,New York,delphi_lookahead
2020-08-14,426610,32631,422304.0,32498.0,1.0093528046693703,0.4075878765591003,US - New York,US,New York,delphi_lookahead
2020-08-15,427302,32642,422308.0,32498.0,1.1687284403068554,0.4411494393725875,US - New York,US,New York,delphi_lookahead
2020-08-16,427912,32649,422311.0,32498.0,1.3089139823141205,0.462495022818463,US - New York,US,New York,delphi_lookahead
2020-08-17,428385,32656,422315.0,32498.0,1.4169497064556416,0.48383145516903475,US - New York,US,New York,delphi_lookahead
2020-08-18,428923,32668,422318.0,32498.0,1.539903432550831,0.5203869229827354,US - New York,US,New York,delphi_lookahead
2020-08-19,429440,32673,422320.0,32499.0,1.657973174366617,0.5325498117711872,US - New York,US,New York,delphi_lookahead
2020-08-20,430123,32671,422323.0,32499.0,1.8134347616844484,0.5264607756113985,US - New York,US,New York,delphi_lookahead
2020-08-21,430860,32667,422325.0,32499.0,1.980921877175881,0.5142804665258518,US - New York,US,New York,delphi_lookahead
2020-08-22,431543,32673,422327.0,32499.0,2.135592513376419,0.5325498117711872,US - New York,US,New York,delphi_lookahead
2020-08-23,432085,32685,422329.0,32499.0,2.257889072751889,0.5690683799908215,US - New York,US,New York,delphi_lookahead
2020-08-24,432558,32686,422330.0,32499.0,2.364538397162924,0.5721103836504926,US - New York,US,New York,delphi_lookahead
2020-08-25,433113,32715,422332.0,32499.0,2.4891887336561127,0.6602475928473178,US - New York,US,New York,delphi_lookahead
2020-08-26,433595,32721,422333.0,32499.0,2.597354674292831,0.678463372146328,US - New York,US,New York,delphi_lookahead
2020-08-27,434393,32721,422335.0,32499.0,2.7758274189501213,0.678463372146328,US - New York,US,New York,delphi_lookahead
2020-08-28,435062,32724,422336.0,32499.0,2.925100330527603,0.6875687568756876,US - New York,US,New York,delphi_lookahead
2020-08-29,435756,32725,422337.0,32499.0,3.0794756698702943,0.6906035141329259,US - New York,US,New York,delphi_lookahead
2020-08-30,436469,32743,422338.0,32499.0,3.237572427824198,0.7451974467825184,US - New York,US,New York,delphi_lookahead
2020-08-31,437154,32791,422339.0,32499.0,3.3889659021763494,0.8904882437254125,US - New York,US,New York,delphi_lookahead
2020-09-01,437757,32800,422339.0,32499.0,3.522045335654256,0.9176829268292682,US - New York,US,New York,delphi_lookahead
2020-09-02,438405,32806,422340.0,32499.0,3.664419885722106,0.9358044260196305,US - New York,US,New York,delphi_lookahead
2020-09-03,439322,32810,422341.0,32499.0,3.865274217999554,0.9478817433709236,US - New York,US,New York,delphi_lookahead
2020-09-04,440192,32816,422341.0,32499.0,4.055275879616167,0.9659921989273524,US - New York,US,New York,delphi_lookahead
2020-09-05,441012,32821,422342.0,32499.0,4.233444894923495,0.9810791871058164,US - New York,US,New York,delphi_lookahead
2020-09-06,441748,32821,422342.0,32499.0,4.393002345228501,0.9810791871058164,US - New York,US,New York,delphi_lookahead
2020-09-07,442315,32836,422343.0,32499.0,4.515334094480178,1.0263125837495433,US - New York,US,New York,delphi_lookahead
2020-09-08,442817,32850,422343.0,32499.0,4.623580395513271,1.0684931506849316,US - New York,US,New York,delphi_lookahead
2020-09-09,443409,32854,422344.0,32499.0,4.75069292684632,1.0805381384306325,US - New York,US,New York,delphi_lookahead
2020-09-10,444071,32854,422344.0,32499.0,4.892686079478282,1.0805381384306325,US - New York,US,New York,delphi_lookahead
2020-09-11,445102,32854,422344.0,32499.0,5.112985338192145,1.0805381384306325,US - New York,US,New York,delphi_lookahead
2020-09-12,446028,32858,422345.0,32499.0,5.3097563381671105,1.092580193560168,US - New York,US,New York,delphi_lookahead
2020-09-13,446862,32858,422345.0,32499.0,5.486481285049971,1.092580193560168,US - New York,US,New York,delphi_lookahead
2020-09-14,447524,32865,422345.0,32499.0,5.626290433585685,1.1136467366499316,US - New York,US,New York,delphi_lookahead
2020-09-15,448213,32873,422345.0,32499.0,5.771363168850524,1.1377117999574118,US - New York,US,New York,delphi_lookahead
2020-06-15,386464,31472,294643.659071886,24090.778127529702,23.759092937017165,23.45329776458534,US - New York,US,New York,delphi_constant
2020-06-16,386973,31519,294806.4868759755,24106.462265194532,23.817298138119327,23.517680557141624,US - New York,US,New York,delphi_constant
2020-06-17,387384,31537,294956.61959705816,24120.930063974072,23.859369618503045,23.51545783056704,US - New York,US,New York,delphi_constant
2020-06-18,388083,31569,295095.0086666924,24134.269999679203,23.960851501691025,23.55073014767904,US - New York,US,New York,delphi_constant
2020-06-19,388907,31588,295222.5449993895,24146.564819914507,24.089166561828534,23.557791503373092,US - New York,US,New York,delphi_constant
2020-06-20,389602,31656,295340.06145852647,24157.89188311519,24.19441854545755,23.686214672999782,US - New York,US,New York,delphi_constant
2020-06-21,390268,31693,295448.3336292661,24168.32337695067,24.296039227078285,23.742393030162276,US - New York,US,New York,delphi_constant
2020-06-22,390910,31729,295548.0802897582,24177.926751592946,24.394852961101478,23.7986487075138,US - New York,US,New York,delphi_constant
2020-06-23,391411,31791,295639.9674619749,24186.764714008103,24.468150496032333,23.919459236865457,US - New York,US,New York,delphi_constant
2020-06-24,391884,31813,295724.61096277705,24194.89576361058,24.537717548362004,23.94651317508383,US - New York,US,New York,delphi_constant
2020-06-25,392698,31846,295802.57940711227,24202.374274273338,24.674284206409947,24.001839244258814,US - New York,US,New York,delphi_constant
2020-06-26,393527,31869,295874.3972080266,24209.25064680969,24.81471482057734,24.03511046217424,US - New York,US,New York,delphi_constant
2020-06-27,394261,31890,295940.5489412051,24215.571826999,24.93790942010367,24.06531255252744,US - New York,US,New York,delphi_constant
2020-06-28,394872,31917,296001.48087367514,24221.381266111875,25.038624953484888,24.111347350590982,US - New York,US,New York,delphi_constant
2020-06-29,395406,31948,296057.6038557051,24226.71913043948,25.125667325304846,24.16827616614661,US - New York,US,New York,delphi_constant
2020-06-30,395909,31909,296109.2976385622,24231.62276245174,25.207737727972283,24.060225132559022,US - New York,US,New York,delphi_constant
2020-07-01,396456,31926,296156.9115895548,24236.12664069204,25.298920538583147,24.086554404898703,US - New York,US,New York,delphi_constant
2020-07-02,397363,31950,296200.7670070378,24240.262546687634,25.458392702129334,24.13063365668972,US - New York,US,New York,delphi_constant
2020-07-03,398277,32030,296241.16091781756,24244.05997401262,25.61931496977793,24.308273574734248,US - New York,US,New York,delphi_constant
2020-07-04,399054,32044,296278.36655510956,24247.546110763848,25.754818506991644,24.330464015841194,US - New York,US,New York,delphi_constant
2020-07-05,399776,32082,296312.63506336365,24250.74596286726,25.880334221323032,24.41011793882159,US - New York,US,New York,delphi_constant
2020-07-06,400298,32099,296344.1986080072,24253.68269883756,25.96910336599053,24.44100221552833,US - New York,US,New York,delphi_constant
2020-07-07,400746,32121,296373.27076096716,24256.3776457332,26.044609113761048,24.484363358135802,US - New York,US,New York,delphi_constant
2020-07-08,401314,32142,296400.04780340637,24258.850388599825,26.142609576688987,24.52600837346828,US - New York,US,New York,delphi_constant
2020-07-09,402079,32165,296424.71117031353,24261.119049912504,26.276997512848588,24.572923830522296,US - New York,US,New York,delphi_constant
2020-07-10,402999,32205,296447.42775242525,24263.200288913813,26.4396616983106,24.660145042962853,US - New York,US,New York,delphi_constant
2020-07-11,403877,32216,296468.35094447655,24265.10938817184,26.59439607987666,24.67994354304743,US - New York,US,New York,delphi_constant
2020-07-12,404624,32231,296487.6225301106,24266.860474620808,26.725151614805203,24.70956385274795,US - New York,US,New York,delphi_constant
2020-07-13,405259,32254,296505.3729043176,24268.466517759625,26.835585908192634,24.758273337385674,US - New York,US,New York,delphi_constant
2020-07-14,406132,32265,296521.72194375884,24269.93940736883,26.98883073883397,24.779360274697567,US - New York,US,New York,delphi_constant
2020-07-15,406834,32284,296536.7804450574,24271.29012526304,27.111111547939114,24.819445777279643,US - New York,US,New York,delphi_constant
2020-07-16,407724,32293,296550.65028199716,24272.528741536644,27.266815227458487,24.836562903611792,US - New York,US,New York,delphi_constant
2020-07-17,408551,32320,296563.4251366137,24273.664484283297,27.41091684107646,24.895840085757122,US - New York,US,New York,delphi_constant
2020-07-18,409380,32331,296575.1915900824,24274.705871275135,27.55503649663334,24.91817181257884,US - New York,US,New York,delphi_constant
2020-07-19,410024,32350,296586.0292318218,24275.66070492017,27.6661782647304,24.95931775913394,US - New York,US,New York,delphi_constant
2020-07-20,410698,32361,296596.01127249777,24276.536133702728,27.782455411884705,24.982120040472395,US - New York,US,New York,delphi_constant
2020-07-21,411398,32373,296605.20536963316,24277.33875228269,27.90309982799305,25.007448329525566,US - New York,US,New York,delphi_constant
2020-07-22,411954,32416,296613.6737033859,24278.074596068298,27.998350858740075,25.104656354675786,US - New York,US,New York,delphi_constant
2020-07-23,412807,32425,296621.4734853679,24278.749193995456,28.145241363308305,25.12336408945118,US - New York,US,New York,delphi_constant
2020-07-24,413557,32436,296628.6575849507,24279.36764441668,28.27381531809384,25.14685027618485,US - New York,US,New York,delphi_constant
2020-07-25,414317,32446,296635.2745825112,24279.934609954074,28.403788745692015,25.168172933631034,US - New York,US,New York,delphi_constant
2020-07-26,414945,32463,296641.3691854752,24280.454361555687,28.510677514977832,25.205759290405428,US - New York,US,New York,delphi_constant
2020-07-27,415580,32473,296646.98270699056,24280.930836252417,28.61856135834483,25.22732474285586,US - New York,US,New York,delphi_constant
2020-07-28,416085,32487,296652.1531038754,24281.367632646077,28.703953974818752,25.25820287300743,US - New York,US,New York,delphi_constant
2020-07-29,416657,32488,296656.9153106036,24281.768046581103,28.80068850142836,25.259270972109388,US - New York,US,New York,delphi_constant
2020-07-30,417454,32505,296661.301609826,24282.135115564743,28.935570958758095,25.297230839671613,US - New York,US,New York,delphi_constant
2020-07-31,418144,32508,296665.34165979165,24282.471615024133,29.05187168540224,25.303089654779953,US - New York,US,New York,delphi_constant
2020-08-01,418899,32517,296669.0627566477,24282.780086247378,29.178856297902904,25.32281549267344,US - New York,US,New York,delphi_constant
2020-08-02,419452,32530,296672.4901262737,24283.06287110657,29.27140885577522,25.351789513966892,US - New York,US,New York,delphi_constant
2020-08-03,420042,32530,296675.64694452955,24283.322109111687,29.37000420326311,25.350992594184795,US - New York,US,New York,delphi_constant
2020-08-04,420675,32536,296678.5545377029,24283.5597584584,29.475591718618205,25.36402828110893,US - New York,US,New York,delphi_constant
2020-08-05,421159,32569,296681.2326171458,24283.777623721857,29.55600316812752,25.438983009236217,US - New York,US,New York,delphi_constant
2020-08-06,421901,32574,296683.69929503085,24283.977353713984,29.67930882007133,25.449814718137215,US - New York,US,New York,delphi_constant
2020-08-07,422479,32577,296685.97123200557,24284.160456545214,29.77497787298172,25.45611794657208,US - New York,US,New York,delphi_constant
2020-08-08,423177,32586,296688.0638298803,24284.32832217569,29.890314494908672,25.476191241098356,US - New York,US,New York,delphi_constant
2020-08-09,423751,32588,296689.9912453183,24284.48222110342,29.984828060507628,25.480292681037746,US - New York,US,New York,delphi_constant
2020-08-10,424272,32597,296691.7664929425,24284.62331435126,30.07038727680768,25.500434658553665,US - New York,US,New York,delphi_constant
2020-08-11,424854,32603,296693.40160643763,24284.752672146853,30.165797754890473,25.513748206769765,US - New York,US,New York,delphi_constant
2020-08-12,425318,32611,296694.90765246603,24284.871273492645,30.241629168653567,25.531657190847735,US - New York,US,New York,delphi_constant
2020-08-13,425960,32613,296696.29479691415,24284.980011982912,30.346442201870094,25.535890559031944,US - New York,US,New York,delphi_constant
2020-08-14,426610,32631,296697.57244083687,24285.079711395523,30.452269651241913,25.57666111551738,US - New York,US,New York,delphi_constant
2020-08-15,427302,32642,296698.74923662934,24285.171126191108,30.56462426185009,25.601460920926694,US - New York,US,New York,delphi_constant
2020-08-16,427912,32649,296699.83312512585,24285.25494409692,30.663352949876177,25.617155367402006,US - New York,US,New York,delphi_constant
2020-08-17,428385,32656,296700.8314494531,24285.33179899228,30.739677754951018,25.63286440778944,US - New York,US,New York,delphi_constant
2020-08-18,428923,32668,296701.7509748789,24285.402272330746,30.826336900823947,25.65996610649337,US - New York,US,New York,delphi_constant
2020-08-19,429440,32673,296702.5979054096,24285.466893538207,30.90941740280142,25.67114469580936,US - New York,US,New York,delphi_constant
2020-08-20,430123,32671,296703.37797532894,24285.52615020855,31.018946214145966,25.66641317924597,US - New York,US,New York,delphi_constant
2020-08-21,430860,32667,296704.0964738585,24285.58049039913,31.136773784092625,25.657144854442926,US - New York,US,New York,delphi_constant
2020-08-22,431543,32673,296704.7582502945,24285.630321958677,31.245609765354903,25.6706445017027,US - New York,US,New York,delphi_constant
2020-08-23,432085,32685,296705.36778097507,24285.67601980682,31.3317130238321,25.697794034551574,US - New York,US,New York,delphi_constant
2020-08-24,432558,32686,296705.92920035374,24285.717929107454,31.40667166013489,25.69993902861331,US - New York,US,New York,delphi_constant
2020-08-25,433113,32715,296706.44630102353,24285.75636435562,31.494449185080214,25.765684351656365,US - New York,US,New York,delphi_constant
2020-08-26,433595,32721,296706.9225762942,24285.79161375558,31.570492608011115,25.77918885805574,US - New York,US,New York,delphi_constant
2020-08-27,434393,32721,296707.3612566797,24285.823943063213,31.69609978598189,25.77909005512297,US - New York,US,New York,delphi_constant
2020-08-28,435062,32724,296707.7653102078,24285.853595040564,31.80103863122778,25.78580370663561,US - New York,US,New York,delphi_constant
2020-08-29,435756,32725,296708.13746294565,24285.88079126516,31.90956923990819,25.787988414774144,US - New York,US,New York,delphi_constant
2020-08-30,436469,32743,296708.48023762665,24285.905736206518,32.02072077567327,25.82870923187699,US - New York,US,New York,delphi_constant
2020-08-31,437154,32791,296708.7959574945,24285.928617340218,32.12716892502539,25.93721259693142,US - New York,US,New York,delphi_constant
2020-09-01,437757,32800,296709.0867514179,24285.94960522224,32.22059572972725,25.957470715785856,US - New York,US,New York,delphi_constant
2020-09-02,438405,32806,296709.3545880194,24285.968857051692,32.32071837957609,25.970953919857067,US - New York,US,New York,delphi_constant
2020-09-03,439322,32810,296709.60128454,24285.98651747268,32.46192968152289,25.97992527438988,US - New York,US,New York,delphi_constant
2020-09-04,440192,32816,296709.82850643445,24286.00271812311,32.595361000101214,25.99340956203343,US - New York,US,New York,delphi_constant
2020-09-05,441012,32821,296710.0377886337,24286.017579764382,32.720643023628895,26.004638555301838,US - New York,US,New York,delphi_constant
2020-09-06,441748,32821,296710.2305511175,24286.031213825365,32.83269408098791,26.004597014638904,US - New York,US,New York,delphi_constant
2020-09-07,442315,32836,296710.40809869295,24286.04372214498,32.91875516347107,26.038361182406568,US - New York,US,New York,delphi_constant
2020-09-08,442817,32850,296710.57162830164,24286.055197538284,32.994764964239934,26.06984719166428,US - New York,US,New York,delphi_constant
2020-09-09,443409,32854,296710.72224815446,24286.065725714452,33.0841903867187,26.07881619980991,US - New York,US,New York,delphi_constant
2020-09-10,444071,32854,296710.8609801524,24286.075385434946,33.18391406325736,26.07878679784822,US - New York,US,New York,delphi_constant
2020-09-11,445102,32854,296710.9887599241,24286.0842482882,33.338652991915545,26.078759821366653,US - New York,US,New York,delphi_constant
2020-09-12,446028,32858,296711.10645112017,24286.09238010406,33.47702241762397,26.087733945754277,US - New York,US,New York,delphi_constant
2020-09-13,446862,32858,296711.2148524271,24286.09984160935,33.60115318545164,26.087711237417526,US - New York,US,New York,delphi_constant
2020-09-14,447524,32865,296711.31469684775,24286.106688215175,33.699351387445645,26.103433171412828,US - New York,US,New York,delphi_constant
2020-09-15,448213,32873,296711.4066592731,24286.11297069091,33.80124925888515,26.1213975886262,US - New York,US,New York,delphi_constant
2020-06-15,386464,31472,294643.6586320687,24090.77812376713,23.759093050822656,23.45329777654064,US - New York,US,New York,themis
2020-06-16,386973,31519,294806.5955189349,24106.4624035796,23.81727006304448,23.517680118088773,US - New York,US,New York,themis
2020-06-17,387384,31537,294957.3808401141,24120.932187118346,23.85917310985635,23.515451098334193,US - New York,US,New York,themis
2020-06-18,388083,31569,295097.2656485286,24134.27938742639,23.960269929749927,23.550700410445717,US - New York,US,New York,themis
2020-06-19,388907,31588,295227.2659093176,24146.590779646067,24.087952670093983,23.557709321115404,US - New York,US,New York,themis
2020-06-20,389602,31656,295348.2307374455,24157.947477430254,24.19232171871666,23.686039052848578,US - New York,US,New York,themis
2020-06-21,390268,31693,295460.88909395464,24168.424812430785,24.292822087910196,23.74207297374567,US - New York,US,New York,themis
2020-06-22,390910,31729,295565.8773668947,24178.092471840668,24.390300231026405,23.79812640852007,US - New York,US,New York,themis
2020-06-23,391411,31791,295663.7614474602,24187.0147185407,24.462071467725686,23.918672836523857,US - New York,US,New York,themis
2020-06-24,391884,31813,295755.0513047314,24195.250731434375,24.52994985640358,23.94539738020817,US - New York,US,New York,themis
2020-06-25,392698,31846,295840.20987768343,24202.854904789467,24.66470165937096,24.000330010709455,US - New York,US,New York,themis
2020-06-26,393527,31869,295919.66179647465,24209.87725169719,24.80321253777386,24.033144272813107,US - New York,US,New York,themis
2020-06-27,394261,31890,295993.7977493344,24216.36369369654,24.92440344103667,24.062829433375537,US - New York,US,New York,themis
2020-06-28,394872,31917,296062.97855510365,24222.35639911387,25.023050873421347,24.108292135495603,US - New York,US,New York,themis
2020-06-29,395406,31948,296127.5396306341,24227.894165093534,25.10798024546058,24.164598206167728,US - New York,US,New York,themis
2020-06-30,395909,31909,296187.79115344747,24233.012516648563,25.187911577294912,24.055869765117794,US - New York,US,New York,themis
2020-07-01,396456,31926,296244.02273197187,24237.744208883458,25.27694807696898,24.08148778774836,US - New York,US,New York,themis
2020-07-02,397363,31950,296296.50365466357,24242.11931135843,25.434299707153517,24.12482218667158,US - New York,US,New York,themis
2020-07-03,398277,32030,296345.4843928041,24246.165399850965,25.593121271676722,24.301700281451875,US - New York,US,New York,themis
2020-07-04,399054,32044,296391.1991788306,24249.90795571813,25.726543480624027,24.323093384976506,US - New York,US,New York,themis
2020-07-05,399776,32082,296433.8659658359,24253.37034319065,25.850009513868788,24.40193771214185,US - New York,US,New York,themis
2020-07-06,400298,32099,296473.6879909826,24256.574040814263,25.93675511969018,24.431994639040898,US - New York,US,New York,themis
2020-07-07,400746,32121,296510.85529557895,24259.538913965353,26.01027700948258,24.47452160902415,US - New York,US,New York,themis
2020-07-08,401314,32142,296545.54480975185,24262.28317650205,26.10635442328156,24.515328304081734,US - New York,US,New York,themis
2020-07-09,402079,32165,296577.9216806134,24264.823607361523,26.2388929338231,24.561406474859247,US - New York,US,New York,themis
2020-07-10,402999,32205,296608.1403037542,24267.17573491477,26.399782554360137,24.647800854169322,US - New York,US,New York,themis
2020-07-11,403877,32216,296636.3444489139,24269.35380204056,26.552800865383798,24.666768680033023,US - New York,US,New York,themis
2020-07-12,404624,32231,296662.6683702727,24271.370950824483,26.681890256071643,24.695569635368177,US - New York,US,New York,themis
2020-07-13,405259,32254,296687.2375697232,24273.23935166929,26.790709751116392,24.74347568776186,US - New York,US,New York,themis
2020-07-14,406132,32265,296710.1689136127,24274.97017382314,26.942430314869863,24.7637682509743,US - New York,US,New York,themis
2020-07-15,406834,32284,296731.5715516846,24276.573734703397,27.06323179683001,24.803079746303442,US - New York,US,New York,themis
2020-07-16,407724,32293,296751.54752029106,24278.05959632441,27.217542376634423,24.819435802420312,US - New York,US,New York,themis
2020-07-17,408551,32320,296770.19183331943,24279.436540261195,27.36030707712882,24.877981001667095,US - New York,US,New York,themis
2020-07-18,409380,32331,296787.5932261518,24280.712682929436,27.50315276121164,24.899592703815422,US - New York,US,New York,themis
2020-07-19,410024,32350,296803.83466380124,24281.895553550672,27.613058098111026,24.940044656721263,US - New York,US,New York,themis
2020-07-20,410698,32361,296818.99340421846,24282.992072879257,27.72816195739486,24.962170288683115,US - New York,US,New York,themis
2020-07-21,411398,32373,296833.1415789977,24284.008637361567,27.847694549074685,24.986845095105284,US - New York,US,New York,themis
2020-07-22,411954,32416,296846.34664741985,24284.95118694856,27.94187053714253,25.083442784586126,US - New York,US,New York,themis
2020-07-23,412807,32425,296858.67143928254,24285.82518801063,28.087781593024697,25.101541440213943,US - New York,US,New York,themis
2020-07-24,413557,32436,296870.17458202515,24286.635689602863,28.215415388440977,25.124442935001657,US - New York,US,New York,themis
2020-07-25,414317,32446,296880.9109245927,24287.387385409067,28.344501692039504,25.14520315167026,US - New York,US,New York,themis
2020-07-26,414945,32463,296890.93157266773,24288.084602054583,28.450534029168267,25.18225486845152,US - New York,US,New York,themis
2020-07-27,415580,32473,296900.28417295305,24288.731330979193,28.557610045489906,25.203303264314375,US - New York,US,New York,themis
2020-07-28,416085,32487,296909.0133160583,24289.33128590122,28.642221345143824,25.23368951918854,US - New York,US,New York,themis
2020-07-29,416657,32488,296917.1605790446,24289.887897788914,28.738228187923255,25.23427758621979,US - New York,US,New York,themis
2020-07-30,417454,32505,296924.76468444127,24290.404326818567,28.87245907706208,25.27179102655417,US - New York,US,New York,themis
2020-07-31,418144,32508,296931.8618762682,24290.883514383724,28.98813282594796,25.277213257094488,US - New York,US,New York,themis
2020-08-01,418899,32517,296938.48598176724,24291.32818521167,29.11453930857623,25.296527400400805,US - New York,US,New York,themis
2020-08-02,419452,32530,296944.6684783061,24291.740845855944,29.20651982150375,25.32511267797128,US - New York,US,New York,themis
2020-08-03,420042,32530,296950.4388179095,24292.12382796208,29.304584108753527,25.323935358247525,US - New York,US,New York,themis
2020-08-04,420675,32536,296955.8245174534,24292.47929707982,29.409680984738007,25.336613913573213,US - New York,US,New York,themis
2020-08-05,421159,32569,296960.8511795299,24292.809245931363,29.489610532001,25.411252276915587,US - New York,US,New York,themis
2020-08-06,421901,32574,296965.5427281653,24293.11552400236,29.612505604830215,25.421761146919746,US - New York,US,New York,themis
2020-08-07,422479,32577,296969.9215410451,24293.39985298165,29.707767358603594,25.42775622991175,US - New York,US,New York,themis
2020-08-08,423177,32586,296974.0084547632,24293.663820770496,29.822743567168537,25.447542439174807,US - New York,US,New York,themis
2020-08-09,423751,32588,296977.8228993668,24293.908895650206,29.916903346690205,25.451365853534412,US - New York,US,New York,themis
2020-08-10,424272,32597,296981.3830649497,24294.136446436394,30.002125272242875,25.471250586138623,US - New York,US,New York,themis
2020-08-11,424854,32603,296984.705915936,24294.347740578338,30.09723201007029,25.484318189803584,US - New York,US,New York,themis
2020-08-12,425318,32611,296987.8072376081,24294.543945643538,30.172763147196186,25.501996425612404,US - New York,US,New York,themis
2020-08-13,425960,32613,296990.7018082669,24294.726149894974,30.277326085015748,25.50600634748421,US - New York,US,New York,themis
2020-08-14,426610,32631,296993.4034340286,24294.89536498499,30.382925052383065,25.54658035308452,US - New York,US,New York,themis
2020-08-15,427302,32642,296995.92495569336,24295.05252233945,30.49507726252314,25.571188890572117,US - New York,US,New York,themis
2020-08-16,427912,32649,296998.2783711516,24295.198487106947,30.593608412208212,25.586699478982673,US - New York,US,New York,themis
2020-08-17,428385,32656,297000.4749078433,24295.334065895873,30.669730520946516,25.602235222023907,US - New York,US,New York,themis
2020-08-18,428923,32668,297002.525024258,24295.46000417126,30.756213813608035,25.629178388112962,US - New York,US,New York,themis
2020-08-19,429440,32673,297004.4384599112,24295.57699025706,30.839130388433496,25.640201419346063,US - New York,US,New York,themis
2020-08-20,430123,32671,297006.22433718736,24295.685666625417,30.948536967986517,25.635316743823523,US - New York,US,New York,themis
2020-08-21,430860,32667,297007.8911738661,24295.786630264076,31.06626487168312,25.62590188794785,US - New York,US,New York,themis
2020-08-22,431543,32673,297009.4468885571,24295.880430718043,31.175005297604848,25.639272700033533,US - New York,US,New York,themis
2020-08-23,432085,32685,297010.89888538443,24295.967579354376,31.26100214416505,25.666306931759596,US - New York,US,New York,themis
2020-08-24,432558,32686,297012.2540927547,24296.048553149143,31.33585459227325,25.668333374689034,US - New York,US,New York,themis
2020-08-25,433113,32715,297013.51896329335,24296.12379300944,31.423550213617844,25.733994213634602,US - New York,US,New York,themis
2020-08-26,433595,32721,297014.6995043153,24296.193706098653,31.49951002564253,25.7473985938735,US - New York,US,New York,themis
2020-08-27,434393,32721,297015.80134399707,24296.258672739667,31.62509493845502,25.747200046637737,US - New York,US,New York,themis
2020-08-28,435062,32724,297016.829739396,24296.319046758996,31.729999462284457,25.75382273939923,US - New York,US,New York,themis
2020-08-29,435756,32725,297017.7895768363,24296.375153955723,31.838508344845216,25.75592007958526,US - New York,US,New York,themis
2020-08-30,436469,32743,297018.6854213761,24296.427297181446,31.949649248543178,25.796575459849596,US - New York,US,New York,themis
2020-08-31,437154,32791,297019.52154769376,24296.475759283385,32.056089719482436,25.90504785068042,US - New York,US,New York,themis
2020-09-01,437757,32800,297020.30194119085,24296.520802446666,32.14950259134844,25.925241455955284,US - New York,US,New York,themis
2020-09-02,438405,32806,297021.0303059898,24296.562668187195,32.249625276630105,25.938661622303254,US - New York,US,New York,themis
2020-09-03,439322,32810,297021.7101116853,24296.60158204027,32.390886385911635,25.947572136420995,US - New York,US,New York,themis
2020-09-04,440192,32816,297022.3446032665,24296.637754362597,32.52436559427102,25.961001479879947,US - New York,US,New York,themis
2020-09-05,441012,32821,297022.93680005585,24296.67137937986,32.64969279746224,25.97217824143122,US - New York,US,New York,themis
2020-09-06,441748,32821,297023.48951390956,24296.702636713115,32.761780582162324,25.972083005657616,US - New York,US,New York,themis
2020-09-07,442315,32836,297024.00538047386,24296.731694346105,32.8478560798359,26.005811626427995,US - New York,US,New York,themis
2020-09-08,442817,32850,297024.4868620498,24296.758708714846,32.923874453318234,26.037264204825433,US - New York,US,New York,themis
2020-09-09,443409,32854,297024.93624644965,24296.783823883205,33.01332714346131,26.046192780534472,US - New York,US,New York,themis
2020-09-10,444071,32854,297025.3556692398,24296.807173655274,33.11309325102521,26.046121709212656,US - New York,US,New York,themis
2020-09-11,445102,32854,297025.74713174166,24296.82888317553,33.267936982592374,26.046055630439124,US - New York,US,New York,themis
2020-09-12,446028,32858,297026.1125019283,24296.84906880306,33.406397692089215,26.054997051545858,US - New York,US,New York,themis
2020-09-13,446862,32858,297026.45351410523,24296.867837579248,33.53060821593574,26.054939930673665,US - New York,US,New York,themis
2020-09-14,447524,32865,297026.77179014275,24296.885289245638,33.62886196267848,26.07063657615811,US - New York,US,New York,themis
2020-09-15,448213,32873,297027.0688493063,24296.90151706155,33.73082243279282,26.088578720951695,US - New York,US,New York,themis
2020-06-15,386464,31472,389698.662875362,10.0,0.8369894415422843,99.96822572445349,US - New York,US,New York,sir
2020-06-16,386973,31519,389698.6645109076,10.0,0.7043552162315214,99.96827310511121,US - New York,US,New York,sir
2020-06-17,387384,31537,389698.6660288422,10.0,0.5975120368528937,99.96829121349526,US - New York,US,New York,sir
2020-06-18,388083,31569,389698.6674380171,10.0,0.41632007534911036,99.96832335519021,US - New York,US,New York,sir
2020-06-19,388907,31588,389698.668746488,10.0,0.2035624831869815,99.96834240850956,US - New York,US,New York,sir
2020-06-20,389602,31656,389698.66996157076,10.0,0.02481249109880393,99.96841041192823,US - New York,US,New York,sir
2020-06-21,390268,31693,389698.6710900936,10.0,0.14588152497934345,99.96844729119995,US - New York,US,New York,sir
2020-06-22,390910,31729,389698.6721384228,10.0,0.3098738486038255,99.96848309117841,US - New York,US,New York,sir
2020-06-23,391411,31791,389698.67311246286,10.0,0.4374754126831242,99.96854455663554,US - New York,US,New York,sir
2020-06-24,391884,31813,389698.674017659,10.0,0.5576461356781647,99.96856630937039,US - New York,US,New York,sir
2020-06-25,392698,31846,389698.67485896766,10.0,0.7637739792492814,99.9685988821202,US - New York,US,New York,sir
2020-06-26,393527,31869,389698.67564092984,10.0,0.9728238110905124,99.96862154444757,US - New York,US,New York,sir
2020-06-27,394261,31890,389698.67636780004,10.0,1.1571835997473645,99.96864220758859,US - New York,US,New York,sir
2020-06-28,394872,31917,389698.6770435525,10.0,1.3101265616319946,99.96866873453018,US - New York,US,New York,sir
2020-06-29,395406,31948,389698.6776718807,10.0,1.4434081243378467,99.96869913609615,US - New York,US,New York,sir
2020-06-30,395909,31909,389698.6782561976,10.0,1.5686235331357459,99.96866087937573,US - New York,US,New York,sir
2020-07-01,396456,31926,389698.6787996079,10.0,1.7044315637528735,99.9686775668734,US - New York,US,New York,sir
2020-07-02,397363,31950,389698.67930497957,10.0,1.9287957598016003,99.96870109546165,US - New York,US,New York,sir
2020-07-03,398277,32030,389698.6797750051,10.0,2.1538577987167,99.9687792694349,US - New York,US,New York,sir
2020-07-04,399054,32044,389698.68021220196,10.0,2.344374392387507,99.9687929097491,US - New York,US,New York,sir
2020-07-05,399776,32082,389698.680618913,10.0,2.5207414604896314,99.96882987344928,US - New York,US,New York,sir
2020-07-06,400298,32099,389698.6809973033,10.0,2.6478570971368134,99.96884638150722,US - New York,US,New York,sir
2020-07-07,400746,32121,389698.6813493423,10.0,2.756688438726205,99.96886771893777,US - New York,US,New York,sir
2020-07-08,401314,32142,389698.68167686247,10.0,2.8943217338885585,99.96888805923714,US - New York,US,New York,sir
2020-07-09,402079,32165,389698.6819815855,10.0,3.0790760070569436,99.96891030623348,US - New York,US,New York,sir
2020-07-10,402999,32205,389698.6822651219,10.0,3.3003351707766275,99.96894892097501,US - New York,US,New York,sir
2020-07-11,403877,32216,389698.6825289713,10.0,3.5105533296099343,99.96895952321829,US - New York,US,New York,sir
2020-07-12,404624,32231,389698.68277451774,10.0,3.6886880722552933,99.96897396916012,US - New York,US,New York,sir
2020-07-13,405259,32254,389698.6830030219,10.0,3.839598132793614,99.96899609350778,US - New York,US,New York,sir
2020-07-14,406132,32265,389698.6832156636,10.0,4.04629942588528,99.96900666356733,US - New York,US,New York,sir
2020-07-15,406834,32284,389698.6834135512,10.0,4.211869358620177,99.9690249039772,US - New York,US,New York,sir
2020-07-16,407724,32293,389698.68359772157,10.0,4.420960356093444,99.96903353667977,US - New York,US,New York,sir
2020-07-17,408551,32320,389698.68376914057,10.0,4.6144339949870234,99.9690594059406,US - New York,US,New York,sir
2020-07-18,409380,32331,389698.68392869696,10.0,4.807591008672392,99.96906993288175,US - New York,US,New York,sir
2020-07-19,410024,32350,389698.6840772033,10.0,4.957103955572534,99.96908809891808,US - New York,US,New York,sir
2020-07-20,410698,32361,389698.68421542266,10.0,5.113079631402476,99.96909860634715,US - New York,US,New York,sir
2020-07-21,411398,32373,389698.68434407184,10.0,5.274531148894298,99.96911006085318,US - New York,US,New York,sir
2020-07-22,411954,32416,389698.68446382135,10.0,5.402378793792183,99.96915103652518,US - New York,US,New York,sir
2020-07-23,412807,32425,389698.6845752954,10.0,5.597849703300714,99.96915959907479,US - New York,US,New York,sir
2020-07-24,413557,32436,389698.6846790666,10.0,5.769051260390566,99.96917005796028,US - New York,US,New York,sir
2020-07-25,414317,32446,389698.6847756611,10.0,5.941903234561678,99.96917955988411,US - New York,US,New York,sir
2020-07-26,414945,32463,389698.68486557394,10.0,6.084255777133368,99.96919569971968,US - New York,US,New York,sir
2020-07-27,415580,32473,389698.68494927016,10.0,6.227757604006411,99.9692051858467,US - New York,US,New York,sir
2020-07-28,416085,32487,389698.6850271843,10.0,6.341568422994265,99.96921845661342,US - New York,US,New York,sir
2020-07-29,416657,32488,389698.68509972084,10.0,6.470145683446855,99.96921940408767,US - New York,US,New York,sir
2020-07-30,417454,32505,389698.68516724947,10.0,6.648712153375111,99.96923550223042,US - New York,US,New York,sir
2020-07-31,418144,32508,389698.685230112,10.0,6.802755694183824,99.96923834133136,US - New York,US,New York,sir
2020-08-01,418899,32517,389698.68528863025,10.0,6.97072915222279,99.96924685549098,US - New York,US,New York,sir
2020-08-02,419452,32530,389698.6853431064,10.0,7.09337770636297,99.96925914540424,US - New York,US,New York,sir
2020-08-03,420042,32530,389698.68539382267,10.0,7.223876328123695,99.96925914540424,US - New York,US,New York,sir
2020-08-04,420675,32536,389698.68544104137,10.0,7.363478827826382,99.96926481435948,US - New York,US,New York,sir
2020-08-05,421159,32569,389698.68548500165,10.0,7.469937604324815,99.96929595627743,US - New York,US,New York,sir
2020-08-06,421901,32574,389698.6855259261,10.0,7.632670809994259,99.96930066924541,US - New York,US,New York,sir
2020-08-07,422479,32577,389698.68556402414,10.0,7.759039960797072,99.96930349633176,US - New York,US,New York,sir
2020-08-08,423177,32586,389698.68559949234,10.0,7.911184776230197,99.96931197446757,US - New York,US,New York,sir
2020-08-09,423751,32588,389698.68563251424,10.0,8.03592542967114,99.96931385786179,US - New York,US,New York,sir
2020-08-10,424272,32597,389698.6856632599,10.0,8.148856001984605,99.96932233027579,US - New York,US,New York,sir
2020-08-11,424854,32603,389698.6856918844,10.0,8.274681257117875,99.96932797595314,US - New York,US,New York,sir
2020-08-12,425318,32611,389698.6857185329,10.0,8.37474884238784,99.96933550029131,US - New York,US,New York,sir
2020-08-13,425960,32613,389698.6857433417,10.0,8.512844928316817,99.96933738079908,US - New York,US,New York,sir
2020-08-14,426610,32631,389698.68576643884,10.0,8.652238398903252,99.96935429499555,US - New York,US,New York,sir
2020-08-15,427302,32642,389698.6857879437,10.0,8.80017276119847,99.96936462226579,US - New York,US,New York,sir
2020-08-16,427912,32649,389698.6858079666,10.0,8.930180549279612,99.96937119054182,US - New York,US,New York,sir
2020-08-17,428385,32656,389698.68582660827,10.0,9.030735010187502,99.96937775600196,US - New York,US,New York,sir
2020-08-18,428923,32668,389698.68584396335,10.0,9.144838154176076,99.96938900453043,US - New York,US,New York,sir
2020-08-19,429440,32673,389698.68586012063,10.0,9.254218083988302,99.96939368897867,US - New York,US,New York,sir
2020-08-20,430123,32671,389698.68587516365,10.0,9.398314929644858,99.96939181537144,US - New York,US,New York,sir
2020-08-21,430860,32667,389698.6858891699,10.0,9.553292046332935,99.9693880674687,US - New York,US,New York,sir
2020-08-22,431543,32673,389698.6859022111,10.0,9.696441396984515,99.96939368897867,US - New York,US,New York,sir
2020-08-23,432085,32685,389698.6859143527,10.0,9.809716626508045,99.96940492580694,US - New York,US,New York,sir
2020-08-24,432558,32686,389698.6859256564,10.0,9.908339245683491,99.96940586183686,US - New York,US,New York,sir
2020-08-25,433113,32715,389698.68593618023,10.0,10.023784569805054,99.96943298181262,US - New York,US,New York,sir
2020-08-26,433595,32721,389698.68594597845,10.0,10.123805406893888,99.96943858684025,US - New York,US,New York,sir
2020-08-27,434393,32721,389698.68595510157,10.0,10.288912124481389,99.96943858684025,US - New York,US,New York,sir
2020-08-28,435062,32724,389698.68596359604,10.0,10.426861926898685,99.9694413885833,US - New York,US,New York,sir
2020-08-29,435756,32725,389698.68597150454,10.0,10.569519186998104,99.9694423223835,US - New York,US,New York,sir
2020-08-30,436469,32743,389698.68597886735,10.0,10.715609589943995,99.9694591210335,US - New York,US,New York,sir
2020-08-31,437154,32791,389698.6859857223,10.0,10.855514078397478,99.96950382726968,US - New York,US,New York,sir
2020-09-01,437757,32800,389698.6859921047,10.0,10.978308515431005,99.96951219512195,US - New York,US,New York,sir
2020-09-02,438405,32806,389698.6859980474,10.0,11.109890170493628,99.96951777113942,US - New York,US,New York,sir
2020-09-03,439322,32810,389698.68600358063,10.0,11.295431140807738,99.96952148735141,US - New York,US,New York,sir
2020-09-04,440192,32816,389698.6860087321,10.0,11.470747762628097,99.96952705997074,US - New York,US,New York,sir
2020-09-05,441012,32821,389698.68601352815,10.0,11.635355497463076,99.9695317022638,US - New York,US,New York,sir
2020-09-06,441748,32821,389698.68601799343,10.0,11.782580562222481,99.9695317022638,US - New York,US,New York,sir
2020-09-07,442315,32836,389698.68602215097,10.0,11.895665753557767,99.96954562066026,US - New York,US,New York,sir
2020-09-08,442817,32850,389698.68602602213,10.0,11.995545332265444,99.96955859969559,US - New York,US,New York,sir
2020-09-09,443409,32854,389698.6860296265,10.0,12.113041000605193,99.9695623059597,US - New York,US,New York,sir
2020-09-10,444071,32854,389698.6860329822,10.0,12.244058712912532,99.9695623059597,US - New York,US,New York,sir
2020-09-11,445102,32854,389698.68603610643,10.0,12.447329817411193,99.9695623059597,US - New York,US,New York,sir
2020-09-12,446028,32858,389698.6860390152,10.0,12.629098164461608,99.96956601132145,US - New York,US,New York,sir
2020-09-13,446862,32858,389698.6860417235,10.0,12.792162671759186,99.96956601132145,US - New York,US,New York,sir
2020-09-14,447524,32865,389698.68604424514,10.0,12.921164888532202,99.96957249353416,US - New York,US,New York,sir
2020-09-15,448213,32873,389698.686046593,10.0,13.055023828716925,99.96957989839686,US - New York,US,New York,sir
2020-06-15,386464,31472,389700.70460734336,33957.36408862979,0.8375177525832573,7.89706433855423,US - New York,US,New York,seir
2020-06-16,386973,31519,389700.73091665946,33960.38889911553,0.7048892084614338,7.745768898491489,US - New York,US,New York,seir
2020-06-17,387384,31537,389700.7526250268,33963.12559305746,0.5980506745314206,7.692949846394592,US - New York,US,New York,seir
2020-06-18,388083,31569,389700.77053477964,33965.60157987009,0.41686199467115115,7.591629699610662,US - New York,US,New York,seir
2020-06-19,388907,31588,389700.7853112929,33967.841690408124,0.20410671736248387,7.534005604685716,US - New York,US,New York,seir
2020-06-20,389602,31656,389700.797503303,33969.868386965114,0.025358571902346434,7.3094149196522435,US - New York,US,New York,seir
2020-06-21,390268,31693,389700.8075614381,33971.70198162154,0.14533408800154682,7.189922006820243,US - New York,US,New York,seir
2020-06-22,390910,31729,389700.81586099876,33973.360882623376,0.30932545573181586,7.073531730036799,US - New York,US,New York,seir
2020-06-23,391411,31791,389700.822707688,33974.861708566255,0.43692622136628034,6.869433828964976,US - New York,US,New York,seir
2020-06-24,391884,31813,389700.8283571943,33976.21953410308,0.5570963965881951,6.799797359894012,US - New York,US,New York,seir
2020-06-25,392698,31846,389700.8330180665,33977.44796871098,0.7632244070337822,6.692984892014627,US - New York,US,New York,seir
2020-06-26,393527,31869,389700.8368634619,33978.55934296233,0.9722746181426225,6.619471407833108,US - New York,US,New York,seir
2020-06-27,394261,31890,389700.8400364511,33979.56481364416,1.1566348088065728,6.552413965644903,US - New York,US,New York,seir
2020-06-28,394872,31917,389700.8426539075,33980.474458929944,1.3095781281257,6.465126606291144,US - New York,US,New York,seir
2020-06-29,395406,31948,389700.84481384035,33981.29742319178,1.4428600441469408,6.364396591936219,US - New York,US,New York,seir
2020-06-30,395909,31909,389700.84659570124,33982.0419533371,1.5680758467978153,6.4967311834814705,US - New York,US,New York,seir
2020-07-01,396456,31926,389700.8480657771,33982.71552725102,1.7038843993338229,6.442133456277081,US - New York,US,New York,seir
2020-07-02,397363,31950,389700.8492789115,33983.32491212191,1.9282496661965298,6.364084231993466,US - New York,US,New York,seir
2020-07-03,398277,32030,389700.85027955024,33983.8762119915,2.1533128251065863,6.100144277213541,US - New York,US,New York,seir
2020-07-04,399054,32044,389700.85110526014,33984.374973276645,2.3438303825396716,6.055345691164163,US - New York,US,New York,seir
2020-07-05,399776,32082,389700.85178658593,33984.82619999785,2.520198364437602,5.931133345794681,US - New York,US,New York,seir
2020-07-06,400298,32099,389700.8523485215,33985.23441422887,2.6473146634453517,5.8763027328853585,US - New York,US,New York,seir
2020-07-07,400746,32121,389700.8528122931,33985.60372700278,2.7561465835484067,5.804936729873855,US - New York,US,New York,seir
2020-07-08,401314,32142,389700.853194965,33985.93784082614,2.893780631883016,5.736848487418767,US - New York,US,New York,seir
2020-07-09,402079,32165,389700.8535105329,33986.24010294094,3.0785359318609333,5.662179707573255,US - New York,US,New York,seir
2020-07-10,402999,32205,389700.85377097974,33986.51356002494,3.299796334239108,5.531791833643663,US - New York,US,New York,seir
2020-07-11,403877,32216,389700.85398594657,33986.760956827195,3.5100156765682207,5.496526436637679,US - New York,US,New York,seir
2020-07-12,404624,32231,389700.8541631807,33986.98476578024,3.6881514286891814,5.448123749744775,US - New York,US,New York,seir
2020-07-13,405259,32254,389700.85430938797,33987.18724207632,3.8390623504011088,5.373557518683938,US - New York,US,New York,seir
2020-07-14,406132,32265,389700.85443014884,33987.370427779046,4.045764817805826,5.33820061298325,US - New York,US,New York,seir
2020-07-15,406834,32284,389700.85452974215,33987.53614911973,4.211335697178173,5.276719579729069,US - New York,US,New York,seir
2020-07-16,407724,32293,389700.85461182456,33987.68606834,4.420427884592382,5.2478433974545595,US - New York,US,New York,seir
2020-07-17,408551,32320,389700.85467958346,33987.821701108995,4.613902626701818,5.160339421748127,US - New York,US,New York,seir
2020-07-18,409380,32331,389700.85473556624,33987.94441277313,4.807060741715217,5.124940189827512,US - New York,US,New York,seir
2020-07-19,410024,32350,389700.8547817134,33988.05542274055,4.956574546437917,5.063540719445292,US - New York,US,New York,seir
2020-07-20,410698,32361,389700.85481973167,33988.15584623309,5.112551115483477,5.028138333899097,US - New York,US,New York,seir
2020-07-21,411398,32373,389700.85485112265,33988.24670052752,5.274003555894133,4.989487228639661,US - New York,US,New York,seir
2020-07-22,411954,32416,389700.8548770735,33988.32890113852,5.40185193563517,4.850471684163748,US - New York,US,New York,seir
2020-07-23,412807,32425,389700.854898466,33988.4032631179,5.597323955633995,4.8215983442340775,US - New York,US,New York,seir
2020-07-24,413557,32436,389700.8549160827,33988.470532282576,5.768526487018066,4.786257652862794,US - New York,US,New York,seir
2020-07-25,414317,32446,389700.85493061924,33988.53139027277,5.941379443609786,4.754149634077458,US - New York,US,New York,seir
2020-07-26,414945,32463,389700.8549426457,33988.58645279885,6.083732797685066,4.6994623195602765,US - New York,US,New York,seir
2020-07-27,415580,32473,389700.85495256574,33988.636265908295,6.227235441415433,4.667373713264236,US - New York,US,New York,seir
2020-07-28,416085,32487,389700.8549607339,33988.681327189224,6.341046910911495,4.622406892570026,US - New York,US,New York,seir
2020-07-29,416657,32488,389700.85496746725,33988.7220925067,6.469624903105611,4.619312030616539,US - New York,US,New York,seir
2020-07-30,417454,32505,389700.85497303796,33988.75897559993,6.648192382145587,4.564709969542928,US - New York,US,New York,seir
2020-07-31,418144,32508,389700.8549776378,33988.79234394718,6.8022367945880315,4.555162864363166,US - New York,US,New York,seir
2020-08-01,418899,32517,389700.85498142627,33988.82252924557,6.970211200927606,4.526317093352918,US - New York,US,New York,seir
2020-08-02,419452,32530,389700.8549845469,33988.84983594813,7.092860450171439,4.484629068392656,US - New York,US,New York,seir
2020-08-03,420042,32530,389700.8549871263,33988.87454140845,7.2233598099413125,4.484705015088989,US - New York,US,New York,seir
2020-08-04,420675,32536,389700.85498925875,33988.89689362046,7.36296309757919,4.4655055741961585,US - New York,US,New York,seir
2020-08-05,421159,32569,389700.854991016,33988.91711398213,7.469422476780509,4.359719715011595,US - New York,US,New York,seir
2020-08-06,421901,32574,389700.85499246285,33988.93540562963,7.632156597765152,4.34375700138033,US - New York,US,New York,seir
2020-08-07,422479,32577,389700.8549936572,33988.951954133176,7.75852646080463,4.334198833941663,US - New York,US,New York,seir
2020-08-08,423177,32586,389700.85499464546,33988.96692677994,7.910672131366908,4.305428487018781,US - New York,US,New York,seir
2020-08-09,423751,32588,389700.8549954604,33988.98047186653,8.03541348682117,4.299068589255348,US - New York,US,New York,seir
2020-08-10,424272,32597,389700.85499613144,33988.99272481644,8.148344694881716,4.27030930704187,US - New York,US,New York,seir
2020-08-11,424854,32603,389700.8549966847,33989.00380966041,8.274170657052846,4.25115421789532,US - New York,US,New York,seir
2020-08-12,425318,32611,389700.85499714245,33989.01383889266,8.37423880551906,4.225610496129089,US - New York,US,New York,seir
2020-08-13,425960,32613,389700.8549975204,33989.0229123347,8.512335665902809,4.219246657267659,US - New York,US,New York,seir
2020-08-14,426610,32631,389700.85499783163,33989.03112022729,8.651729917762916,4.161782109733974,US - New York,US,New York,seir
2020-08-15,427302,32642,389700.85499808803,33989.038545394156,8.799665108497495,4.126703466068735,US - New York,US,New York,seir
2020-08-16,427912,32649,389700.85499829997,33989.0452632638,8.929673624880824,4.104399103383862,US - New York,US,New York,seir
2020-08-17,428385,32656,389700.8549984752,33989.05134121914,9.030228649818465,4.082102343272731,US - New York,US,New York,seir
2020-08-18,428923,32668,389700.8549986195,33989.05683946881,9.144332432949613,4.04388649280277,US - New York,US,New York,seir
2020-08-19,429440,32673,389700.85499873845,33989.06181326984,9.253712975331025,4.027979718023556,US - New York,US,New York,seir
2020-08-20,430123,32671,389700.8549988366,33989.06631309324,9.397810626533204,4.034361706385593,US - New York,US,New York,seir
2020-08-21,430860,32667,389700.8549989178,33989.070384414605,9.552788609080029,4.047112940933066,US - New York,US,New York,seir
2020-08-22,431543,32673,389700.8549989847,33989.07406754677,9.695938759524607,4.0280172238446665,US - New York,US,New York,seir
2020-08-23,432085,32685,389700.85499903985,33989.077399321104,9.809214622345177,3.9898344785715287,US - New York,US,New York,seir
2020-08-24,432558,32686,389700.8549990853,33989.080413469776,9.907837793062363,3.9866622207360205,US - New York,US,New York,seir
2020-08-25,433113,32715,389700.85499912297,33989.08314058561,10.023283762176852,3.8944922530509185,US - New York,US,New York,seir
2020-08-26,433595,32721,389700.854999154,33989.08560780647,10.123305158234299,3.87544881820992,US - New York,US,New York,seir
2020-08-27,434393,32721,389700.8549991796,33989.08783966578,10.28841279689599,3.875455639087372,US - New York,US,New York,seir
2020-08-28,435062,32724,389700.8549992007,33989.08985868438,10.426363369082873,3.8659389398740474,US - New York,US,New York,seir
2020-08-29,435756,32725,389700.8549992181,33989.091685376945,10.569021425013522,3.862770619944828,US - New York,US,New York,seir
2020-08-30,436469,32743,389700.85499923246,33989.093338075756,10.715112642769027,3.805678581912946,US - New York,US,New York,seir
2020-08-31,437154,32791,389700.85499924433,33989.0948331433,10.855017911481005,3.6537306978844892,US - New York,US,New York,seir
2020-09-01,437757,32800,389700.8549992541,33989.09618559762,10.977813033428568,3.6252932487732323,US - New York,US,New York,seir
2020-09-02,438405,32806,389700.85499926214,33989.09740916274,11.109395422209568,3.6063445990451233,US - New York,US,New York,seir
2020-09-03,439322,32810,389700.85499926883,33989.09851621993,11.29493742647333,3.5937169040534247,US - New York,US,New York,seir
2020-09-04,440192,32816,389700.85499927436,33989.09951773074,11.47025502524481,3.57477912521557,US - New York,US,New York,seir
2020-09-05,441012,32821,389700.85499927885,33989.10042369594,11.634863677342375,3.5590031494955716,US - New York,US,New York,seir
2020-09-06,441748,32821,389700.85499928263,33989.10124328321,11.782089562537323,3.559005646638453,US - New York,US,New York,seir
2020-09-07,442315,32836,389700.8549992857,33989.10198482111,11.895175384220359,3.5117005263159555,US - New York,US,New York,seir
2020-09-08,442817,32850,389700.8549992882,33989.10265570596,11.995055519709446,3.4675879930166196,US - New York,US,New York,seir
2020-09-09,443409,32854,389700.8549992903,33989.10326259141,12.11255184281548,3.454992581090304,US - New York,US,New York,seir
2020-09-10,444071,32854,389700.85499929206,33989.10381159102,12.243570285091335,3.4549942521185235,US - New York,US,New York,seir
2020-09-11,445102,32854,389700.8549992935,33989.10430828402,12.44684252164818,3.4549957639374775,US - New York,US,New York,seir
2020-09-12,446028,32858,389700.8549992947,33989.104757673675,12.6286118810266,3.4424029389301682,US - New York,US,New York,seir
2020-09-13,446862,32858,389700.85499929567,33989.10516421037,12.791677296504139,3.4424041761834876,US - New York,US,New York,seir
2020-09-14,447524,32865,389700.8549992965,33989.10553197094,12.920680231831927,3.4203728342338082,US - New York,US,New York,seir
2020-09-15,448213,32873,389700.8549992971,33989.10586468085,13.054539917562158,3.395205380345123,US - New York,US,New York,seir
2020-06-15,386464,31472,590686.9145582565,128468.32724342778,52.84396853478112,308.198802883286,US - New York,US,New York,seird
2020-06-16,386973,31519,613245.2099712295,133390.38154407236,58.47235077672849,323.20626144253424,US - New York,US,New York,seird
2020-06-17,387384,31537,636560.6803165374,138479.29150060937,64.32291481231476,339.1010289520543,US - New York,US,New York,seird
2020-06-18,388083,31569,660652.2623038485,143739.76398834406,70.23478542060552,355.3193448900632,US - New York,US,New York,seird
2020-06-19,388907,31588,685539.840847479,149175.92969161065,76.27346405374008,372.2550642383521,US - New York,US,New York,seird
2020-06-20,389602,31656,711242.9743962077,154792.1503066154,82.55629447390098,388.9820264929726,US - New York,US,New York,seird
2020-06-21,390268,31693,737780.5466022078,160593.22763166946,89.04459156328673,406.7151346722287,US - New York,US,New York,seird
2020-06-22,390910,31729,765172.1331589858,166583.45356305284,95.74125327031433,425.01955171311056,US - New York,US,New York,seird
2020-06-23,391411,31791,793437.310838724,172767.0183298996,102.71206247109153,443.44631603252367,US - New York,US,New York,seird
2020-06-24,391884,31813,822594.6464523803,179148.64845548564,109.90768861509537,463.1303192263718,US - New York,US,New York,seird
2020-06-25,392698,31846,852662.8757140207,185732.78206647924,117.12941642534993,483.22169838120715,US - New York,US,New York,seird
2020-06-26,393527,31869,883661.1172162065,192523.36306895266,124.54904421201252,504.1085790861108,US - New York,US,New York,seird
2020-06-27,394261,31890,915607.2402169566,199524.87974871977,132.23378427411197,525.6659760072744,US - New York,US,New York,seird
2020-06-28,394872,31917,948518.6219255959,206741.82236150658,140.20913661277476,547.7482920121145,US - New York,US,New York,seird
2020-06-29,395406,31948,982413.308715406,214177.83200760427,148.4568541487499,570.3951170890331,US - New York,US,New York,seird
2020-06-30,395909,31909,1017307.9716023547,221837.00520520314,156.95500016477388,595.2176665053845,US - New York,US,New York,seird
2020-07-01,396456,31926,1053218.1329285402,229723.70455044747,165.6582654641474,619.5505373377418,US - New York,US,New York,seird
2020-07-02,397363,31950,1090160.0185626163,237841.2326736296,174.34864810327494,644.4170036733321,US - New York,US,New York,seird
2020-07-03,398277,32030,1128148.503184998,246193.1389841956,183.25725642831446,668.6329659200612,US - New York,US,New York,seird
2020-07-04,399054,32044,1167196.7275089757,254783.4327343366,192.4909229099259,695.1049579775827,US - New York,US,New York,seird
2020-07-05,399776,32082,1207318.2804572112,263615.02924947266,201.9986893803558,721.6913822376181,US - New York,US,New York,seird
2020-07-06,400298,32099,1248525.5681067493,272690.7664791827,211.89902725138504,749.5304105398384,US - New York,US,New York,seird
2020-07-07,400746,32121,1290828.7388955038,282014.0791101804,222.10645618309445,777.9741574365069,US - New York,US,New York,seird
2020-07-08,401314,32142,1334237.9330189696,291587.3968166781,232.46732808199306,807.1849816958437,US - New York,US,New York,seird
2020-07-09,402079,32165,1378762.3477028557,301412.6861438628,242.90832092769224,837.0828109555814,US - New York,US,New York,seird
2020-07-10,402999,32205,1424408.4727524598,311492.5905007741,253.45211098599742,867.2181043340291,US - New York,US,New York,seird
2020-07-11,403877,32216,1471182.2048382226,321828.9197071635,264.26491353511653,898.9723109857323,US - New York,US,New York,seird
2020-07-12,404624,32231,1519088.7577286584,332422.61518700275,275.4321932778724,931.3754310663733,US - New York,US,New York,seird
2020-07-13,405259,32254,1568130.2768232403,343275.3188880338,286.9452070955217,964.2875887890922,US - New York,US,New York,seird
2020-07-14,406132,32265,1618307.6610570364,354388.06405189587,298.46839477239826,998.3668496881942,US - New York,US,New York,seird
2020-07-15,406834,32284,1669621.372739992,365760.62399567245,310.3937656980469,1032.9470449624348,US - New York,US,New York,seird
2020-07-16,407724,32293,1722068.5504173385,377393.44050855003,322.36134012649205,1068.6540132801226,US - New York,US,New York,seird
2020-07-17,408551,32320,1775644.414793713,389286.6046952162,334.62001434183566,1104.4758808639117,US - New York,US,New York,seird
2020-07-18,409380,32331,1830343.9618895755,401438.5970413626,347.10146120708765,1141.6522750343713,US - New York,US,New York,seird
2020-07-19,410024,32350,1886158.73319707,413848.47893014835,360.0117878946281,1179.2843243590366,US - New York,US,New York,seird
2020-07-20,410698,32361,1943077.7079171743,426515.23684168403,373.11594113367346,1217.9915232585026,US - New York,US,New York,seird
2020-07-21,411398,32373,2001089.8007280082,439435.96455566987,386.4121363565229,1257.415020404874,US - New York,US,New York,seird
2020-07-22,411954,32416,2060180.485115472,452608.1936383083,400.09964343481846,1296.2493633955712,US - New York,US,New York,seird
2020-07-23,412807,32425,2120332.120963557,466029.6437762311,413.63763719209146,1337.254105709271,US - New York,US,New York,seird
2020-07-24,413557,32436,2181527.0542982295,479695.9870089551,427.50335607866134,1378.899947616707,US - New York,US,New York,seird
2020-07-25,414317,32446,2243744.4040182536,493603.1062591786,441.552580275068,1421.3064977475763,US - New York,US,New York,seird
2020-07-26,414945,32463,2306959.746789719,507747.3181277882,455.9675973417487,1464.0800854135114,US - New York,US,New York,seird
2020-07-27,415580,32473,2371148.5672692284,522122.89429761935,470.5636862383244,1507.8677495076504,US - New York,US,New York,seird
2020-07-28,416085,32487,2436283.565400272,536723.9965052033,485.5254492231809,1552.1192985046428,US - New York,US,New York,seird
2020-07-29,416657,32488,2502333.625345581,551545.4390086563,500.5740033998183,1597.6897285417888,US - New York,US,New York,seird
2020-07-30,417454,32505,2569267.3176636505,566580.1771981171,515.4611807920514,1643.0554597696264,US - New York,US,New York,seird
2020-07-31,418144,32508,2637051.106190266,581820.6417440358,530.6562108245644,1689.7767987696436,US - New York,US,New York,seird
2020-08-01,418899,32517,2705647.566199433,597260.0843331662,545.8949690019391,1736.7625682970945,US - New York,US,New York,seird
2020-08-02,419452,32530,2775018.57310972,612890.2950503294,561.5819147625282,1784.077144329325,US - New York,US,New York,seird
2020-08-03,420042,32530,2845124.789725811,628702.044175449,577.3429299274385,1832.683812405315,US - New York,US,New York,seird
2020-08-04,420675,32536,2915923.1733073136,644687.003159332,593.153425639107,1881.457472213339,US - New York,US,New York,seird
2020-08-05,421159,32569,2987369.4306203164,660835.9984167193,609.3210475426897,1929.0337388827388,US - New York,US,New York,seird
2020-08-06,421901,32574,3059419.083184797,677138.3170458529,625.1509437486038,1978.769316159676,US - New York,US,New York,seird
2020-08-07,422479,32577,3132024.4439365924,693584.0879637823,641.3444085828154,2029.0606500407719,US - New York,US,New York,seird
2020-08-08,423177,32586,3205135.941125477,710163.3708456723,657.3984269290338,2079.351165671369,US - New York,US,New York,seird
2020-08-09,423751,32588,3278704.770609219,726864.2947440898,673.7338131613185,2130.4661063707185,US - New York,US,New York,seird
2020-08-10,424272,32597,3352679.745610402,743675.5924860134,690.219421882755,2181.4234208240437,US - New York,US,New York,seird
2020-08-11,424854,32603,3427007.4583751275,760586.5772894835,706.6317978352863,2232.872978834719,US - New York,US,New York,seird
2020-08-12,425318,32611,3501635.548104963,777584.8092025964,723.2982258227873,2284.4249155272655,US - New York,US,New York,seird
2020-08-13,425960,32613,3576510.6245150245,794657.8506000905,739.6353236254635,2336.62910679818,US - New York,US,New York,seird
2020-08-14,426610,32631,3651577.267821909,811794.1799963141,755.9521032844774,2387.8004964491256,US - New York,US,New York,seird
2020-08-15,427302,32642,3726780.467832102,828981.4488171854,772.1654632630087,2439.615981916504,US - New York,US,New York,seird
2020-08-16,427912,32649,3802065.916441205,846206.4270206395,788.515843547553,2491.829541549939,US - New York,US,New York,seird
2020-08-17,428385,32656,3877378.0052055744,863456.7670309112,805.1152596859307,2544.0983801779494,US - New York,US,New York,seird
2020-08-18,428923,32668,3952660.582197669,880720.504855924,821.5315061672303,2595.973138410445,US - New York,US,New York,seird
2020-08-19,429440,32673,4027859.3912313497,897984.3427615189,837.9329804469425,2648.398808684599,US - New York,US,New York,seird
2020-08-20,430123,32671,4102920.0462491605,915235.4312436403,853.8945943948966,2701.369505811393,US - New York,US,New York,seird
2020-08-21,430860,32667,4177787.766752672,932461.7263269974,869.6392718638704,2754.4455454342224,US - New York,US,New York,seird
2020-08-22,431543,32673,4252408.878759031,949650.9260606609,885.3963286993488,2806.5311604709113,US - New York,US,New York,seird
2020-08-23,432085,32685,4326731.351693846,966790.2014753692,901.3611561831228,2857.901794325743,US - New York,US,New York,seird
2020-08-24,432558,32686,4400703.559974025,983867.4041136103,917.3672802199993,2910.057529564983,US - New York,US,New York,seird
2020-08-25,433113,32715,4474274.49366519,1000870.9729094519,933.0501494217884,2959.364123213975,US - New York,US,New York,seird
2020-08-26,433595,32721,4547394.997626227,1017789.0752807567,948.7655525608523,3010.5072439129513,US - New York,US,New York,seird
2020-08-27,434393,32721,4620017.124118679,1034610.2417193466,963.5569919677986,3061.9151056488085,US - New York,US,New York,seird
2020-08-28,435062,32724,4692094.349241849,1051323.4029593628,978.4886635104534,3112.6983344314963,US - New York,US,New York,seird
2020-08-29,435756,32725,4763581.940210488,1067917.647456884,993.1764428282083,3163.3083191959786,US - New York,US,New York,seird
2020-08-30,436469,32743,4834436.903006626,1084382.306083967,1007.624345144014,3211.798876352096,US - New York,US,New York,seird
2020-08-31,437154,32791,4904617.394416418,1100707.6044084197,1021.9427008368717,3256.7369229618484,US - New York,US,New York,seird
2020-09-01,437757,32800,4974083.645171954,1116883.9795664586,1036.2659295389803,3305.1340840440807,US - New York,US,New York,seird
2020-09-02,438405,32806,5042798.588523977,1132901.6223523004,1050.2602818225105,3353.3366529058726,US - New York,US,New York,seird
2020-09-03,439322,32810,5110726.309789967,1148751.8070916808,1063.321279105068,3401.224648252608,US - New York,US,New York,seird
2020-09-04,440192,32816,5177832.473133542,1164426.6134736824,1076.2668274601858,3448.350236085088,US - New York,US,New York,seird
2020-09-05,441012,32821,5244085.9259430915,1179917.6370786044,1089.1027740612708,3495.008187071096,US - New York,US,New York,seird
2020-09-06,441748,32821,5309457.621624645,1195216.898131542,1101.9200135879832,3541.6224311615792,US - New York,US,New York,seird
2020-09-07,442315,32836,5373918.935865589,1210318.288206475,1114.952903669464,3585.949227087572,US - New York,US,New York,seird
2020-09-08,442817,32850,5437444.446609916,1225215.2534346187,1127.9213414593198,3629.726798887728,US - New York,US,New York,seird
2020-09-09,443409,32854,5500012.131309388,1239900.6243893416,1140.3925340508172,3673.9715845539104,US - New York,US,New York,seird
2020-09-10,444071,32854,5561600.124549097,1254369.3421196253,1152.4123675153517,3718.011024896893,US - New York,US,New York,seird
2020-09-11,445102,32854,5622188.458642118,1268616.9839943913,1163.1236118108025,3761.377561314882,US - New York,US,New York,seird
2020-09-12,446028,32858,5681760.931884525,1282638.145439614,1173.8574555598584,3803.579479699355,US - New York,US,New York,seird
2020-09-13,446862,32858,5740302.855687701,1296428.3304158885,1184.580665997042,3845.5485130436678,US - New York,US,New York,seird
2020-09-14,447524,32865,5797800.129500464,1309984.7062675562,1195.5283134536837,3885.956812011429,US - New York,US,New York,seird
2020-09-15,448213,32873,5854241.978389193,1323303.7070303953,1206.129447023891,3925.5033219675574,US - New York,US,New York,seird
