country,start_date,policy_length,policy,st_economic_costs,st_economic_costs_lb,st_economic_costs_ub,lt_economic_costs,d_costs,d_costs_lb,d_costs_ub,h_costs,h_costs_lb,h_costs_ub,mh_costs,mh_costs_lb,mh_costs_ub,num_cases,num_cases_lb,num_cases_ub,num_deaths,num_deaths_lb,num_deaths_ub,hospitalization_days,hospitalization_days_lb,hospitalization_days_ub,icu_days,icu_days_lb,icu_days_ub,ventilated_days,ventilated_days_lb,ventilated_days_ub
BR,2020-03-15,3,actual,27094568747.88475,27094568747.88475,27094568747.88475,0,194451963302.48077,,,1057496062.2439024,,,58438881495.226585,,,893160,,,44190,,,1432788.4705882352,,,52488.529411764706,,,297435,,
BR,2020-03-15,3,No_Measure-No_Measure-No_Measure,211400062.70957989,157472895.3179799,265327230.10117993,0,16358384346.490862,15112592003.423206,17604176689.558517,102701651.0487805,102701651.0487805,102701651.0487805,56594364541.31691,56549674373.936386,56639054708.69743,77473,57710.0,97236.0,3713,3457.0,3969.0,140101.23529411765,140101.23529411765,140101.23529411765,4954.764705882353,4954.764705882353,4954.764705882353,28077,28077.0,28077.0
BR,2020-03-15,3,No_Measure-No_Measure-Restrict_Mass_Gatherings,5708289216.993704,5524020552.623176,5892557881.364232,0,53138176960.00499,49075069253.64501,57201284666.36497,209906246.26829267,209906246.26829267,209906246.26829267,57017791609.66866,56865085694.41254,57170497524.92478,264722,197192.0,332252.0,12036,11207.0,12865.0,281719.35294117645,281719.35294117645,281719.35294117645,10820.64705882353,10820.64705882353,10820.64705882353,61317,61317.0,61317.0
BR,2020-03-15,3,No_Measure-No_Measure-Restrict_Mass_Gatherings_and_Schools,20472775173.790516,20419622955.3206,20525927392.260433,0,16137520653.197968,14910991038.791264,17364050267.604668,101932276.97560975,101932276.97560975,101932276.97560975,56591845447.73487,56547797490.92643,56635893404.54331,76359,56880.0,95838.0,3663,3411.0,3915.0,139076.0,139076.0,139076.0,4914.0,4914.0,4914.0,27846,27846.0,27846.0
BR,2020-03-15,3,No_Measure-No_Measure-Authorize_Schools_but_Restrict_Mass_Gatherings_and_Others,8441916844.851604,8395485398.191914,8488348291.511294,0,14220542532.864462,13141206494.328146,15299878571.40078,95044095.2195122,95044095.2195122,95044095.2195122,56570012549.58889,56531534186.57989,56608490912.5979,66704,49688.0,83720.0,3229,3007.0,3451.0,129936.94117647059,129936.94117647059,129936.94117647059,4543.058823529412,4543.058823529412,4543.058823529412,25744,25744.0,25744.0
BR,2020-03-15,3,No_Measure-No_Measure-Restrict_Mass_Gatherings_and_Schools_and_Others,22630522722.593372,22583720173.633156,22677325271.553585,0,14326543040.327423,13237624702.522131,15415461378.132713,95435010.80487806,95435010.80487806,95435010.80487806,56571217825.063965,56532431924.5979,56610003725.53002,67237,50085.0,84389.0,3253,3029.0,3477.0,130454.76470588235,130454.76470588235,130454.76470588235,4564.235294117648,4564.235294117648,4564.235294117648,25864,25864.0,25864.0
BR,2020-03-15,3,No_Measure-No_Measure-Lockdown,29811572858.957115,29761588653.508583,29861557064.405647,0,15236332345.782183,14078587925.90056,16394076765.663805,98727243.73170733,98727243.73170733,98727243.73170733,56581549726.838066,56540127144.938736,56622972308.7374,71806,53488.0,90124.0,3459,3221.0,3697.0,134827.11764705883,134827.11764705883,134827.11764705883,4740.882352941177,4740.882352941177,4740.882352941177,26865,26865.0,26865.0
BR,2020-03-15,3,No_Measure-Restrict_Mass_Gatherings-No_Measure,7013652473.860737,6496387712.104492,7530917235.616981,0,151869349354.85782,140282042542.4702,163456656167.24542,797203822.3170732,797203822.3170732,797203822.3170732,58099563660.07418,57670899409.73319,58528227910.41516,743106,553541.0,932671.0,34425,32055.0,36795.0,1074172.6470588236,1074172.6470588236,1074172.6470588236,40461.352941176476,40461.352941176476,40461.352941176476,229281,229281.0,229281.0
BR,2020-03-15,3,No_Measure-Restrict_Mass_Gatherings-Restrict_Mass_Gatherings,18029796065.70342,15974238593.55339,20085353537.853447,0,586770183425.9309,541880169941.156,631660196910.7058,2102883825.658537,2102883825.658537,2102883825.658537,63096870955.419044,61393402890.36026,64800339020.47783,2953028,2199716.0,3706340.0,132848,123703.0,141993.0,2799842.588235294,2799842.588235294,2799842.588235294,111775.41176470589,111775.41176470589,111775.41176470589,633394,633394.0,633394.0
BR,2020-03-15,3,No_Measure-Restrict_Mass_Gatherings-Restrict_Mass_Gatherings_and_Schools,27238864211.494274,26731600110.998478,27746128311.99007,0,149020237150.41635,137653479465.28198,160386994835.55075,787207891.3170732,787207891.3170732,787207891.3170732,58067075493.563225,57646698925.42887,58487452061.69758,728739,542839.0,914639.0,33780,31455.0,36105.0,1060915.7647058824,1060915.7647058824,1060915.7647058824,39922.23529411765,39922.23529411765,39922.23529411765,226226,226226.0,226226.0
BR,2020-03-15,3,No_Measure-Restrict_Mass_Gatherings-Authorize_Schools_but_Restrict_Mass_Gatherings_and_Others,14892377918.572853,14472350145.63408,15312405691.511627,0,124113780549.84079,114651668495.14421,133575892604.53737,697598649.8048781,697598649.8048781,697598649.8048781,57783677465.58346,57435594812.90502,58131760118.261894,603414,449484.0,757344.0,28141,26204.0,30078.0,942000.8235294118,942000.8235294118,942000.8235294118,35100.17647058824,35100.17647058824,35100.17647058824,198901,198901.0,198901.0
BR,2020-03-15,3,No_Measure-Restrict_Mass_Gatherings-Restrict_Mass_Gatherings_and_Schools_and_Others,29098529294.78793,28673655362.395252,29523403227.180603,0,125500535340.08273,115930728290.55742,135070342389.60806,702705466.6097562,702705466.6097562,702705466.6097562,57799422931.12364,57447324201.06486,58151521661.18243,610377,454671.0,766083.0,28455,26496.0,30414.0,948780.4117647059,948780.4117647059,948780.4117647059,35374.58823529412,35374.58823529412,35374.58823529412,200456,200456.0,200456.0
BR,2020-03-15,3,No_Measure-Restrict_Mass_Gatherings-Lockdown,36429305565.94621,35963056455.73849,36895554676.15394,0,137319677786.0604,126846620624.11655,147792734948.00424,745652793.4390244,745652793.4390244,745652793.4390244,57933834890.29473,57547447995.0793,58320221785.51017,669817,498948.0,840686.0,31131,28988.0,33274.0,1005786.2941176471,1005786.2941176471,1005786.2941176471,37683.705882352944,37683.705882352944,37683.705882352944,213541,213541.0,213541.0
BR,2020-03-15,3,No_Measure-Restrict_Mass_Gatherings_and_Schools-No_Measure,20468638474.617023,20416542260.487568,20520734688.74648,0,15820197864.159836,14618008340.907322,17022387387.41235,99817536.36585367,99817536.36585367,99817536.36585367,56588417309.61066,56545244477.77192,56631590141.449394,74843,55751.0,93935.0,3591,3344.0,3838.0,136207.4705882353,136207.4705882353,136207.4705882353,4809.529411764706,4809.529411764706,4809.529411764706,27254,27254.0,27254.0
BR,2020-03-15,3,No_Measure-Restrict_Mass_Gatherings_and_Schools-Restrict_Mass_Gatherings,25942590232.296696,25766002839.80834,26119177624.78505,0,50947330803.89199,47055470551.69784,54839191056.08614,202192930.097561,202192930.097561,202192930.097561,56992835849.55069,56846495507.394615,57139176191.70677,253686,188971.0,318401.0,11540,10746.0,12334.0,271449.29411764705,271449.29411764705,271449.29411764705,10410.705882352942,10410.705882352942,10410.705882352942,58994,58994.0,58994.0
BR,2020-03-15,3,No_Measure-Restrict_Mass_Gatherings_and_Schools-Restrict_Mass_Gatherings_and_Schools,40730152749.06065,40678796010.83886,40781509487.28245,0,15608221381.764668,14420953200.602367,16795489562.926968,99082567.60975611,99082567.60975611,99082567.60975611,56586013542.57501,56543453524.34555,56628573560.80447,73780,54959.0,92601.0,3543,3299.0,3787.0,135229.64705882352,135229.64705882352,135229.64705882352,4770.352941176471,4770.352941176471,4770.352941176471,27032,27032.0,27032.0
BR,2020-03-15,3,No_Measure-Restrict_Mass_Gatherings_and_Schools-Authorize_Schools_but_Restrict_Mass_Gatherings_and_Others,28700484130.438137,28655545279.0607,28745422981.81557,0,13779510234.649921,12734292846.782772,14824727622.517073,92502847.31707317,92502847.31707317,92502847.31707317,56565166573.335464,56527925144.06917,56602408002.60176,64561,48092.0,81030.0,3129,2914.0,3344.0,126502.35294117648,126502.35294117648,126502.35294117648,4415.64705882353,4415.64705882353,4415.64705882353,25022,25022.0,25022.0
BR,2020-03-15,3,No_Measure-Restrict_Mass_Gatherings_and_Schools-Restrict_Mass_Gatherings_and_Schools_and_Others,42889027248.23201,42843733666.71436,42934320829.74965,0,13881087580.439644,12826336958.365017,14935838202.51427,92877153.4390244,92877153.4390244,92877153.4390244,56566319838.79942,56528784439.90505,56603855237.69378,65071,48472.0,81670.0,3152,2935.0,3369.0,126999.23529411765,126999.23529411765,126999.23529411765,4435.764705882353,4435.764705882353,4435.764705882353,25136,25136.0,25136.0
BR,2020-03-15,3,No_Measure-Restrict_Mass_Gatherings_and_Schools-Lockdown,50069512545.064804,50021181927.80832,50117843162.3213,0,14746833351.897774,13623690055.790066,15869976648.005482,96022867.17073172,96022867.17073172,96022867.17073172,56576183650.47345,56536131419.30187,56616235881.64502,69433,51721.0,87145.0,3348,3117.0,3579.0,131174.0,131174.0,131174.0,4605.0,4605.0,4605.0,26095,26095.0,26095.0
BR,2020-03-15,3,No_Measure-Authorize_Schools_but_Restrict_Mass_Gatherings_and_Others-No_Measure,8405778029.644685,8368564109.2436,8442991950.04577,0,11439904777.558592,10570300762.958755,12309508792.158426,76109900.12195124,76109900.12195124,76109900.12195124,56540063828.403465,56509224153.11451,56570903503.69241,53460,39822.0,67098.0,2598,2419.0,2777.0,104214.41176470589,104214.41176470589,104214.41176470589,3613.588235294118,3613.588235294118,3613.588235294118,20477,20477.0,20477.0
BR,2020-03-15,3,No_Measure-Authorize_Schools_but_Restrict_Mass_Gatherings_and_Others-Restrict_Mass_Gatherings,13695338331.751448,13580673178.276278,13810003485.22662,0,33292265333.93331,30750624029.651585,35833906638.215034,139736602.097561,139736602.097561,139736602.097561,56791674694.36997,56696650142.75006,56886699245.98988,164728,122706.0,206750.0,7543,7024.0,8062.0,188266.0,188266.0,188266.0,7095.000000000001,7095.000000000001,7095.000000000001,40205,40205.0,40205.0
BR,2020-03-15,3,No_Measure-Authorize_Schools_but_Restrict_Mass_Gatherings_and_Others-Restrict_Mass_Gatherings_and_Schools,28668391967.52296,28631639196.304146,28705144738.741776,0,11307455252.668955,10447703395.176344,12167207110.161564,75651953.48780487,75651953.48780487,75651953.48780487,56538571367.21482,56508113852.44235,56569028881.98729,52800,39331.0,66269.0,2568,2391.0,2745.0,103605.94117647059,103605.94117647059,103605.94117647059,3589.058823529412,3589.058823529412,3589.058823529412,20338,20338.0,20338.0
BR,2020-03-15,3,No_Measure-Authorize_Schools_but_Restrict_Mass_Gatherings_and_Others-Authorize_Schools_but_Restrict_Mass_Gatherings_and_Others,16648262860.978611,16615493982.103657,16681031739.853565,0,10172240074.57381,9400658802.920984,10943821346.226639,71569584.65853658,71569584.65853658,71569584.65853658,56525629919.66542,56498473909.946625,56552785929.38423,47077,35068.0,59086.0,2311,2152.0,2470.0,98188.64705882352,98188.64705882352,98188.64705882352,3369.3529411764707,3369.3529411764707,3369.3529411764707,19093,19093.0,19093.0
BR,2020-03-15,3,No_Measure-Authorize_Schools_but_Restrict_Mass_Gatherings_and_Others-Restrict_Mass_Gatherings_and_Schools_and_Others,30836276612.25557,30803286709.21633,30869266515.294804,0,10234115272.937641,9457636544.017075,11010594001.858208,71800337.56097563,71800337.56097563,71800337.56097563,56526344491.99211,56499005316.58197,56553683667.402245,47393,35303.0,59483.0,2325,2165.0,2485.0,98495.29411764706,98495.29411764706,98495.29411764706,3381.7058823529414,3381.7058823529414,3381.7058823529414,19163,19163.0,19163.0
BR,2020-03-15,3,No_Measure-Authorize_Schools_but_Restrict_Mass_Gatherings_and_Others-Lockdown,38012248650.22758,37977373220.05847,38047124080.39668,0,10772939601.068167,9952694502.12746,11593184700.008875,73754322.29268293,73754322.29268293,73754322.29268293,56532468105.475204,56503566368.42666,56561369842.52375,50101,37320.0,62882.0,2447,2278.0,2616.0,101089.29411764706,101089.29411764706,101089.29411764706,3486.7058823529414,3486.7058823529414,3486.7058823529414,19758,19758.0,19758.0
BR,2020-03-15,3,No_Measure-Restrict_Mass_Gatherings_and_Schools_and_Others-No_Measure,22595996565.1777,22558002238.46816,22633990891.88724,0,11669320403.828962,10780437305.547674,12558203502.11025,77367473.78048782,77367473.78048782,77367473.78048782,56542605535.03382,56511119126.56312,56574091943.50452,54584,40660.0,68508.0,2650,2467.0,2833.0,105912.05882352941,105912.05882352941,105912.05882352941,3676.9411764705883,3676.9411764705883,3676.9411764705883,20836,20836.0,20836.0
BR,2020-03-15,3,No_Measure-Restrict_Mass_Gatherings_and_Schools_and_Others-Restrict_Mass_Gatherings,27896348849.626907,27778150038.2166,28014547661.037216,0,34299396906.240303,31679404463.18502,36919389349.295586,143289247.68292683,143289247.68292683,143289247.68292683,56803159861.608025,56705206920.231606,56901112802.98444,169807,126490.0,213124.0,7771,7236.0,8306.0,192993.82352941178,192993.82352941178,192993.82352941178,7284.176470588236,7284.176470588236,7284.176470588236,41277,41277.0,41277.0
BR,2020-03-15,3,No_Measure-Restrict_Mass_Gatherings_and_Schools_and_Others-Restrict_Mass_Gatherings_and_Schools,42858547743.108086,42821028209.047745,42896067277.16842,0,11536682796.203575,10661927821.518251,12411437770.8889,76894697.26829268,76894697.26829268,76894697.26829268,56541061063.83406,56509968122.404,56572154005.264114,53901,40151.0,67651.0,2620,2440.0,2800.0,105285.64705882352,105285.64705882352,105285.64705882352,3651.3529411764707,3651.3529411764707,3651.3529411764707,20691,20691.0,20691.0
BR,2020-03-15,3,No_Measure-Restrict_Mass_Gatherings_and_Schools_and_Others-Authorize_Schools_but_Restrict_Mass_Gatherings_and_Others,30837897456.126976,30804495520.38642,30871299391.867527,0,10361790003.213291,9575606312.369999,11147973694.056583,72671148.0,72671148.0,72671148.0,56527687707.06189,56500007074.62222,56555368339.50154,47987,35746.0,60228.0,2354,2192.0,2516.0,99680.94117647059,99680.94117647059,99680.94117647059,3424.058823529412,3424.058823529412,3424.058823529412,19403,19403.0,19403.0
BR,2020-03-15,3,No_Measure-Restrict_Mass_Gatherings_and_Schools_and_Others-Restrict_Mass_Gatherings_and_Schools_and_Others,45025941223.03119,44992310077.04619,45059572369.01618,0,10423755154.189873,9632649473.548094,11214860834.831652,72913764.80487806,72913764.80487806,72913764.80487806,56528427153.741714,56500556571.69623,56556297735.7872,48314,35989.0,60639.0,2368,2205.0,2531.0,100004.05882352941,100004.05882352941,100004.05882352941,3436.9411764705883,3436.9411764705883,3436.9411764705883,19476,19476.0,19476.0
BR,2020-03-15,3,No_Measure-Restrict_Mass_Gatherings_and_Schools_and_Others-Lockdown,52202158843.40796,52166579410.345215,52237738276.4707,0,10980255773.99285,10145195640.595177,11815315907.39052,74932407.80487806,74932407.80487806,74932407.80487806,56534754284.65962,56505269130.96461,56564239438.354645,51112,38073.0,64151.0,2494,2322.0,2666.0,102680.0,102680.0,102680.0,3546.0000000000005,3546.0000000000005,3546.0000000000005,20094,20094.0,20094.0
BR,2020-03-15,3,No_Measure-Lockdown-No_Measure,29791336868.805008,29746515351.24318,29836158386.366837,0,13680705064.83495,12640074388.846037,14721335740.823864,88299466.68292683,88299466.68292683,88299466.68292683,56564779890.20932,56527635697.050766,56601924083.367874,64390,47964.0,80816.0,3106,2892.0,3320.0,120671.64705882352,120671.64705882352,120671.64705882352,4227.352941176471,4227.352941176471,4227.352941176471,23955,23955.0,23955.0
BR,2020-03-15,3,No_Measure-Lockdown-Restrict_Mass_Gatherings,35168635578.05186,35023982084.262276,35313289071.84144,0,41847933087.45839,38648920367.905785,45046945807.010994,170205476.34146342,170205476.34146342,170205476.34146342,56889100751.7207,56769224460.00505,57008977043.43634,207812,154800.0,260824.0,9480,8827.0,10133.0,228861.76470588235,228861.76470588235,228861.76470588235,8710.235294117647,8710.235294117647,8710.235294117647,49358,49358.0,49358.0
BR,2020-03-15,3,No_Measure-Lockdown-Restrict_Mass_Gatherings_and_Schools,50053413254.08619,50009189320.37594,50097637187.79644,0,13512763938.926159,12486629374.49446,14538898503.357857,87707457.95121951,87707457.95121951,87707457.95121951,56562841951.96892,56526192984.56841,56599490919.369415,63533,47326.0,79740.0,3068,2857.0,3279.0,119883.05882352941,119883.05882352941,119883.05882352941,4195.941176470588,4195.941176470588,4195.941176470588,23777,23777.0,23777.0
BR,2020-03-15,3,No_Measure-Lockdown-Authorize_Schools_but_Restrict_Mass_Gatherings_and_Others,38028601709.69112,37989556836.027885,38067646583.35435,0,12033179996.117958,11119973161.702982,12946386830.532938,82413784.68292683,82413784.68292683,82413784.68292683,56546020105.32905,56513663094.49831,56578377116.15979,56094,41785.0,70403.0,2733,2545.0,2921.0,112860.23529411765,112860.23529411765,112860.23529411765,3910.764705882353,3910.764705882353,3910.764705882353,22161,22161.0,22161.0
BR,2020-03-15,3,No_Measure-Lockdown-Restrict_Mass_Gatherings_and_Schools_and_Others,52216874686.83977,52177543300.37099,52256206073.308556,0,12112772373.705492,11194471821.776777,13031072925.634207,82713348.21951221,82713348.21951221,82713348.21951221,56546949501.6147,56514355053.77668,56579543949.45273,56505,42091.0,70919.0,2751,2562.0,2940.0,113257.0,113257.0,113257.0,3927.0000000000005,3927.0000000000005,3927.0000000000005,22253,22253.0,22253.0
BR,2020-03-15,3,No_Measure-Lockdown-Lockdown,59395065152.53477,59353283399.405174,59436846905.66437,0,12814942938.35632,11842713113.910738,13787172762.801903,85249257.36585368,85249257.36585368,85249257.36585368,56554911555.92563,56520286456.34911,56589536655.50214,60026,44714.0,75338.0,2910,2710.0,3110.0,116621.41176470589,116621.41176470589,116621.41176470589,4063.588235294118,4063.588235294118,4063.588235294118,23027,23027.0,23027.0
BR,2020-03-15,3,Restrict_Mass_Gatherings-No_Measure-No_Measure,7738783640.391424,7036540753.984238,8441026526.798611,0,210737467197.3742,194695299263.71277,226779635131.0357,1281071896.902439,1281071896.902439,1281071896.902439,58700489589.852165,58118531484.998924,59282447694.70541,1008849,751494.0,1266204.0,47812,44521.0,51103.0,1742003.5882352942,1742003.5882352942,1742003.5882352942,62641.41176470589,62641.41176470589,62641.41176470589,354968,354968.0,354968.0
BR,2020-03-15,3,Restrict_Mass_Gatherings-No_Measure-Restrict_Mass_Gatherings,19049094022.7341,16733516629.119064,21364671416.349136,0,667013424739.4526,616029144058.8976,717997705420.0076,2661015183.9512196,2661015183.9512196,2661015183.9512196,63941576852.53283,62022626788.79685,65860526916.26881,3326576,2477973.0,4175179.0,151074,140674.0,161474.0,3566150.2352941176,3566150.2352941176,3566150.2352941176,137962.76470588235,137962.76470588235,137962.76470588235,781789,781789.0,781789.0
BR,2020-03-15,3,Restrict_Mass_Gatherings-No_Measure-Restrict_Mass_Gatherings_and_Schools,27962055277.027367,27270306945.383533,28653803608.671204,0,207742783178.20792,191926879580.09238,223558686776.32343,1270505312.195122,1270505312.195122,1270505312.195122,58666393635.60618,58093132509.134026,59239654762.07832,993771,740262.0,1247280.0,47134,43889.0,50379.0,1727985.8823529412,1727985.8823529412,1727985.8823529412,62072.117647058825,62072.117647058825,62072.117647058825,351742,351742.0,351742.0
BR,2020-03-15,3,Restrict_Mass_Gatherings-No_Measure-Authorize_Schools_but_Restrict_Mass_Gatherings_and_Others,15598773876.313847,14998545920.843378,16199001831.784315,0,181604406978.48447,167790689280.64902,195418124676.31992,1175786881.0975611,1175786881.0975611,1175786881.0975611,58369077276.3899,57871660313.95878,58866494238.82103,862291,642322.0,1082260.0,41216,38379.0,44053.0,1602266.1764705882,1602266.1764705882,1602266.1764705882,56978.82352941177,56978.82352941177,56978.82352941177,322880,322880.0,322880.0
BR,2020-03-15,3,Restrict_Mass_Gatherings-No_Measure-Restrict_Mass_Gatherings_and_Schools_and_Others,29805853008.28023,29200541497.03126,30411164519.5292,0,183057468306.27374,169131109091.2803,196983827521.26715,1181181990.7317076,1181181990.7317076,1181181990.7317076,58385591585.572716,57883961812.24092,58887221358.90451,869594,647762.0,1091426.0,41545,38685.0,44405.0,1609432.9411764706,1609432.9411764706,1609432.9411764706,57268.05882352941,57268.05882352941,57268.05882352941,324519,324519.0,324519.0
BR,2020-03-15,3,Restrict_Mass_Gatherings-No_Measure-Lockdown,37144575234.57915,36495861126.32918,37793289342.82912,0,195459454081.8478,180585653153.8827,210333255009.81287,1226579213.4146342,1226579213.4146342,1226579213.4146342,58526588464.41249,57988990376.4344,59064186552.39057,931946,694208.0,1169684.0,44353,41300.0,47406.0,1669698.2352941176,1669698.2352941176,1669698.2352941176,59707.76470588236,59707.76470588236,59707.76470588236,338344,338344.0,338344.0
BR,2020-03-15,3,Restrict_Mass_Gatherings-Restrict_Mass_Gatherings-No_Measure,32021553420.551563,26396723107.187286,37646383733.91583,0,1660074520809.6091,1533491035379.254,1786658006239.9644,9302408787.07317,9302408787.07317,9302408787.07317,74692028060.46716,70030655688.24713,79353400432.68723,8080668,6019304.0,10142032.0,376379,350470.0,402288.0,12554501.764705881,12554501.764705881,12554501.764705881,469105.23529411765,469105.23529411765,469105.23529411765,2658263,2658263.0,2658263.0
BR,2020-03-15,3,Restrict_Mass_Gatherings-Restrict_Mass_Gatherings-Restrict_Mass_Gatherings,65881750473.491135,52891153450.73555,78872347496.2467,0,3770491528627.5254,3482516719738.474,4058466337516.5767,17271641197.317074,17271641197.317074,17271641197.317074,98620509051.85643,87855026950.70859,109385991153.00427,18662382,13901643.0,23423121.0,854265,795460.0,913070.0,23134921.76470588,23134921.76470588,23134921.76470588,897205.2352941177,897205.2352941177,897205.2352941177,5084163,5084163.0,5084163.0
BR,2020-03-15,3,Restrict_Mass_Gatherings-Restrict_Mass_Gatherings-Restrict_Mass_Gatherings_and_Schools,51968793162.932236,46424874065.85576,57512712260.00871,0,1636885592049.931,1512073449649.942,1761697734449.9202,9213392147.487806,9213392147.487806,9213392147.487806,74429180770.79405,69834860609.43103,79023500932.15707,7964431,5932719.0,9996143.0,371128,345580.0,396676.0,12436215.235294119,12436215.235294119,12436215.235294119,464338.7647058824,464338.7647058824,464338.7647058824,2631253,2631253.0,2631253.0
BR,2020-03-15,3,Restrict_Mass_Gatherings-Restrict_Mass_Gatherings-Authorize_Schools_but_Restrict_Mass_Gatherings_and_Others,37060426696.58324,32257276907.833794,41863576485.33267,0,1424420798142.6072,1315855218601.1865,1532986377684.0278,8386236123.87805,8386236123.87805,8386236123.87805,72022718259.78793,68042283566.19095,76003152953.38493,6900239,5140001.0,8660477.0,323015,300779.0,345251.0,11336695.470588235,11336695.470588235,11336695.470588235,420105.52941176476,420105.52941176476,420105.52941176476,2380598,2380598.0,2380598.0
BR,2020-03-15,3,Restrict_Mass_Gatherings-Restrict_Mass_Gatherings-Restrict_Mass_Gatherings_and_Schools_and_Others,51415753011.52884,46569699976.66807,56261806046.3896,0,1436732194532.0515,1327224904840.9722,1546239484223.1306,8434843125.365854,8434843125.365854,8434843125.365854,72162086999.14919,68146097809.69003,76178076188.60835,6961871,5185910.0,8737832.0,325803,303375.0,348231.0,11401330.588235294,11401330.588235294,11401330.588235294,422701.4117647059,422701.4117647059,422701.4117647059,2395308,2395308.0,2395308.0
BR,2020-03-15,3,Restrict_Mass_Gatherings-Restrict_Mass_Gatherings-Lockdown,59986379340.04472,54782668276.973694,65190090403.11574,0,1539348686310.4993,1421997654597.379,1656699718023.6196,8836475373.804878,8836475373.804878,8836475373.804878,73323979341.03168,69011594143.42258,77636364538.64078,7475686,5568652.0,9382720.0,349041,325014.0,373068.0,11935280.11764706,11935280.11764706,11935280.11764706,444168.8823529412,444168.8823529412,444168.8823529412,2516957,2516957.0,2516957.0
BR,2020-03-15,3,Restrict_Mass_Gatherings-Restrict_Mass_Gatherings_and_Schools-No_Measure,27905803262.87072,27228405129.744946,28583201395.996494,0,203419591366.72855,187934678662.76694,218904504070.69012,1241219862.2195122,1241219862.2195122,1241219862.2195122,58619776836.50941,58058407912.14494,59181145760.87387,973156,724906.0,1221406.0,46153,42976.0,49330.0,1688222.7647058824,1688222.7647058824,1688222.7647058824,60631.23529411765,60631.23529411765,60631.23529411765,343577,343577.0,343577.0
BR,2020-03-15,3,Restrict_Mass_Gatherings-Restrict_Mass_Gatherings_and_Schools-Restrict_Mass_Gatherings,38974234077.37989,36745202651.895164,41203265502.86461,0,642208227433.1389,593122288393.9911,691294166472.287,2566329971.780488,2566329971.780488,2566329971.780488,63660415255.0312,61813186996.62882,65507643513.43357,3202240,2385354.0,4019126.0,145457,135444.0,155470.0,3439845.3529411764,3439845.3529411764,3439845.3529411764,132965.64705882352,132965.64705882352,132965.64705882352,753472,753472.0,753472.0
BR,2020-03-15,3,Restrict_Mass_Gatherings-Restrict_Mass_Gatherings_and_Schools-Restrict_Mass_Gatherings_and_Schools,48130810348.50028,47463464721.809296,48798155975.19128,0,200552925533.2684,185288717329.25473,215817133737.282,1231096987.463415,1231096987.463415,1231096987.463415,58587119072.1361,58034080794.770065,59140157349.502144,958714,714148.0,1203280.0,45504,42372.0,48636.0,1674796.5882352942,1674796.5882352942,1674796.5882352942,60085.41176470589,60085.41176470589,60085.41176470589,340484,340484.0,340484.0
BR,2020-03-15,3,Restrict_Mass_Gatherings-Restrict_Mass_Gatherings_and_Schools-Authorize_Schools_but_Restrict_Mass_Gatherings_and_Others,35782727769.94794,35203025046.12852,36362430493.767365,0,175523102878.9469,162173228912.2733,188872976845.62048,1140414655.9756098,1140414655.9756098,1140414655.9756098,58302398180.83004,57821990753.33978,58782805608.320305,832804,620357.0,1045251.0,39837,37095.0,42579.0,1554435.0,1554435.0,1554435.0,55209.0,55209.0,55209.0,312851,312851.0,312851.0
BR,2020-03-15,3,Restrict_Mass_Gatherings-Restrict_Mass_Gatherings_and_Schools-Restrict_Mass_Gatherings_and_Schools_and_Others,49988958278.27122,49404390294.14419,50573526262.39825,0,176914329895.92358,163456703691.84952,190371956099.99768,1145580792.292683,1145580792.292683,1145580792.292683,58318209224.21033,57833769890.2059,58802648558.21476,839796,625566.0,1054026.0,40152,37388.0,42916.0,1561293.4117647058,1561293.4117647058,1561293.4117647058,55486.58823529412,55486.58823529412,55486.58823529412,314424,314424.0,314424.0
BR,2020-03-15,3,Restrict_Mass_Gatherings-Restrict_Mass_Gatherings_and_Schools-Lockdown,57320454924.48346,56694326211.39111,57946583637.5758,0,188790687230.7946,174425019764.66748,203156354696.92166,1189036487.3414636,1189036487.3414636,1189036487.3414636,58453218167.85688,57934336899.96728,58972099435.74648,899500,670039.0,1128961.0,42841,39892.0,45790.0,1618983.3529411764,1618983.3529411764,1618983.3529411764,57821.64705882353,57821.64705882353,57821.64705882353,327656,327656.0,327656.0
BR,2020-03-15,3,Restrict_Mass_Gatherings-Authorize_Schools_but_Restrict_Mass_Gatherings_and_Others-No_Measure,15100511735.299145,14627389046.451565,15573634424.146725,0,143223647883.80453,132327659074.47958,154119636693.12946,911023136.3414634,911023136.3414634,911023136.3414634,57956160752.89393,57564077630.80851,58348243874.97935,679690,506302.0,853078.0,32506,30268.0,34744.0,1242451.1764705882,1242451.1764705882,1242451.1764705882,44000.82352941177,44000.82352941177,44000.82352941177,249338,249338.0,249338.0
BR,2020-03-15,3,Restrict_Mass_Gatherings-Authorize_Schools_but_Restrict_Mass_Gatherings_and_Others-Restrict_Mass_Gatherings,24106006690.741985,22607503787.305866,25604509594.178104,0,432972272641.70874,399886217239.3492,466058328044.0684,1775513081.3414636,1775513081.3414636,1775513081.3414636,61287216538.09317,60045387070.42505,62529046005.76129,2152758,1603593.0,2701923.0,98078,91326.0,104830.0,2384958.529411765,2384958.529411765,2384958.529411765,91226.4705882353,91226.4705882353,91226.4705882353,516950,516950.0,516950.0
BR,2020-03-15,3,Restrict_Mass_Gatherings-Authorize_Schools_but_Restrict_Mass_Gatherings_and_Others-Restrict_Mass_Gatherings_and_Schools,35339748956.93778,34873049612.321335,35806448301.55424,0,141390636237.6703,130636714576.661,152144557898.67957,904568580.2195122,904568580.2195122,904568580.2195122,57935295693.21574,57548535682.70314,58322055703.72833,670463,499429.0,841497.0,32091,29882.0,34300.0,1233891.3529411764,1233891.3529411764,1233891.3529411764,43652.64705882353,43652.64705882353,43652.64705882353,247365,247365.0,247365.0
BR,2020-03-15,3,Restrict_Mass_Gatherings-Authorize_Schools_but_Restrict_Mass_Gatherings_and_Others-Authorize_Schools_but_Restrict_Mass_Gatherings_and_Others,23116261247.09301,22705423713.47898,23527098780.707043,0,125437294095.4117,115901082000.73741,134973506190.08598,846874422.6585367,846874422.6585367,846874422.6585367,57753828241.81061,57413361663.80391,58094294819.81731,590214,439652.0,740776.0,28479,26518.0,30440.0,1157312.5294117648,1157312.5294117648,1157312.5294117648,40550.470588235294,40550.470588235294,40550.470588235294,229786,229786.0,229786.0
BR,2020-03-15,3,Restrict_Mass_Gatherings-Authorize_Schools_but_Restrict_Mass_Gatherings_and_Others-Restrict_Mass_Gatherings_and_Schools_and_Others,37315547230.74838,36901612630.14101,37729481831.35576,0,126324910349.92853,116724360754.93314,135925459944.9239,850157757.6585366,850157757.6585366,850157757.6585366,57763884264.395294,57420851105.4051,58106917423.38549,594661,442964.0,746358.0,28680,26706.0,30654.0,1161672.2352941176,1161672.2352941176,1161672.2352941176,40726.76470588236,40726.76470588236,40726.76470588236,230785,230785.0,230785.0
BR,2020-03-15,3,Restrict_Mass_Gatherings-Authorize_Schools_but_Restrict_Mass_Gatherings_and_Others-Lockdown,44587869432.18735,44147471963.120544,45028266901.25416,0,133886258075.59232,123706663671.56886,144065852479.6158,877788786.4390244,877788786.4390244,877788786.4390244,57849854551.47078,57484891258.22686,58214817844.71469,632679,471284.0,794074.0,30392,28300.0,32484.0,1198353.4117647058,1198353.4117647058,1198353.4117647058,42211.58823529412,42211.58823529412,42211.58823529412,239199,239199.0,239199.0
BR,2020-03-15,3,Restrict_Mass_Gatherings-Restrict_Mass_Gatherings_and_Schools_and_Others-No_Measure,29329619608.972374,28845794984.664093,29813444233.28066,0,146381701800.64987,135246121928.1875,157517281673.1122,928469598.0731708,928469598.0731708,928469598.0731708,57990930575.979645,57589978616.345955,58391882535.61333,695066,517756.0,872376.0,33222,30935.0,35509.0,1266013.9411764706,1266013.9411764706,1266013.9411764706,44878.05882352941,44878.05882352941,44878.05882352941,254309,254309.0,254309.0
BR,2020-03-15,3,Restrict_Mass_Gatherings-Restrict_Mass_Gatherings_and_Schools_and_Others-Restrict_Mass_Gatherings,38445820383.787,36908373568.34294,39983267199.23106,0,444119119045.885,410183685561.052,478054552530.7181,1817359438.0243905,1817359438.0243905,1817359438.0243905,61413729759.48861,60139626949.26851,62687832569.70871,2208705,1645268.0,2772142.0,100602,93677.0,107527.0,2440776.6470588236,2440776.6470588236,2440776.6470588236,93435.35294117648,93435.35294117648,93435.35294117648,529467,529467.0,529467.0
BR,2020-03-15,3,Restrict_Mass_Gatherings-Restrict_Mass_Gatherings_and_Schools_and_Others-Restrict_Mass_Gatherings_and_Schools,49568117354.703354,49090904354.46985,50045330354.93686,0,144495653101.988,133502704626.04858,155488601577.9275,921828185.4878049,921828185.4878049,921828185.4878049,57969452702.69218,57573979884.66467,58364925520.71968,685568,510681.0,860455.0,32795,30537.0,35053.0,1257203.8235294118,1257203.8235294118,1257203.8235294118,44520.17647058824,44520.17647058824,44520.17647058824,252281,252281.0,252281.0
BR,2020-03-15,3,Restrict_Mass_Gatherings-Restrict_Mass_Gatherings_and_Schools_and_Others-Authorize_Schools_but_Restrict_Mass_Gatherings_and_Others,37338148998.06633,36918448668.33391,37757849327.79876,0,128069735926.57448,118333325042.17119,137806146810.97778,862419100.8292683,862419100.8292683,862419100.8292683,57782614652.31276,57434803356.21408,58130425948.411446,602944,449134.0,756754.0,29076,27074.0,31078.0,1178354.0,1178354.0,1178354.0,41325.0,41325.0,41325.0,234175,234175.0,234175.0
BR,2020-03-15,3,Restrict_Mass_Gatherings-Restrict_Mass_Gatherings_and_Schools_and_Others-Restrict_Mass_Gatherings_and_Schools_and_Others,51537795169.2487,51114907725.64119,51960682612.856224,0,128983842086.06923,119178588764.56909,138789095407.56937,865800313.0243903,865800313.0243903,865800313.0243903,57792969167.13518,57442516666.99356,58143421667.276794,607523,452545.0,762501.0,29283,27267.0,31299.0,1182839.8823529412,1182839.8823529412,1182839.8823529412,41507.117647058825,41507.117647058825,41507.117647058825,235207,235207.0,235207.0
BR,2020-03-15,3,Restrict_Mass_Gatherings-Restrict_Mass_Gatherings_and_Schools_and_Others-Lockdown,58813195336.82731,58363059161.06513,59263331512.589485,0,136766167990.16943,126366809499.87677,147165526480.4621,894251730.6585367,894251730.6585367,894251730.6585367,57881490206.06033,57508456315.8736,58254524096.247086,646669,481705.0,811633.0,31045,28908.0,33182.0,1220612.294117647,1220612.294117647,1220612.294117647,43035.705882352944,43035.705882352944,43035.705882352944,243869,243869.0,243869.0
BR,2020-03-15,3,Restrict_Mass_Gatherings-Lockdown-No_Measure,36869113637.24159,36290668841.07321,37447558433.40998,0,174271674890.6684,161010272334.96985,187533077446.367,1081906041.512195,1081906041.512195,1081906041.512195,58298309741.6951,57818944775.732056,58777674707.658134,830996,619010.0,1042982.0,39545,36823.0,42267.0,1473196.1176470588,1473196.1176470588,1473196.1176470588,52599.88235294118,52599.88235294118,52599.88235294118,298066,298066.0,298066.0
BR,2020-03-15,3,Restrict_Mass_Gatherings-Lockdown-Restrict_Mass_Gatherings,46955326709.14524,45075813619.49972,48834839798.79077,0,542071729256.38086,500644205726.57404,583499252786.1877,2186191555.390244,2186191555.390244,2186191555.390244,62524971134.45532,60967393411.8912,64082548857.019455,2700121,2011325.0,3388917.0,122782,114330.0,131234.0,2932773.3529411764,2932773.3529411764,2932773.3529411764,112901.64705882354,112901.64705882354,112901.64705882354,639776,639776.0,639776.0
BR,2020-03-15,3,Restrict_Mass_Gatherings-Lockdown-Restrict_Mass_Gatherings_and_Schools,57101016131.05811,56530866562.7838,57671165699.33243,0,171908472624.48364,158828627620.6321,184988317628.3352,1073564531.7073171,1073564531.7073171,1073564531.7073171,58271366294.63043,57798875695.35447,58743856893.906395,819081,610135.0,1028027.0,39010,36325.0,41695.0,1462132.9411764706,1462132.9411764706,1462132.9411764706,52150.05882352941,52150.05882352941,52150.05882352941,295517,295517.0,295517.0
BR,2020-03-15,3,Restrict_Mass_Gatherings-Lockdown-Authorize_Schools_but_Restrict_Mass_Gatherings_and_Others,44813390483.17055,44315461242.74896,45311319723.59213,0,151282204587.93658,139778254086.80542,162786155089.06778,998902620.8780489,998902620.8780489,998902620.8780489,58036746873.16614,57624106228.85958,58449387517.472694,715327,532848.0,897806.0,34340,31976.0,36704.0,1363033.6470588236,1363033.6470588236,1363033.6470588236,48135.352941176476,48135.352941176476,48135.352941176476,272767,272767.0,272767.0
BR,2020-03-15,3,Restrict_Mass_Gatherings-Lockdown-Restrict_Mass_Gatherings_and_Schools_and_Others,59016245597.77509,58514310635.462555,59518180560.08763,0,152430386683.17218,140838200176.11926,164022573190.22516,1003151084.3414636,1003151084.3414636,1003151084.3414636,58049760682.47014,57633800442.671265,58465720922.26901,721082,537135.0,905029.0,34600,32218.0,36982.0,1368676.8235294118,1368676.8235294118,1368676.8235294118,48363.17647058824,48363.17647058824,48363.17647058824,274058,274058.0,274058.0
BR,2020-03-15,3,Restrict_Mass_Gatherings-Lockdown-Lockdown,66319017288.71073,65782850867.86823,66855183709.55322,0,162208996872.3347,149870491500.69733,174547502243.97205,1038918970.6097562,1038918970.6097562,1038918970.6097562,58160964870.15784,57716636561.250595,58605293179.06508,770259,573767.0,966751.0,36814,34280.0,39348.0,1416163.2352941176,1416163.2352941176,1416163.2352941176,50284.76470588236,50284.76470588236,50284.76470588236,284947,284947.0,284947.0
BR,2020-03-15,3,Restrict_Mass_Gatherings_and_Schools-No_Measure-No_Measure,20466597411.96414,20415022378.271454,20518172445.656834,0,15653148086.868296,14460990625.94851,16845305547.788084,98403359.19512196,98403359.19512196,98403359.19512196,56586725853.59686,56543984930.980896,56629466776.21282,74095,55194.0,92996.0,3553,3308.0,3798.0,134249.35294117648,134249.35294117648,134249.35294117648,4745.64705882353,4745.64705882353,4745.64705882353,26892,26892.0,26892.0
BR,2020-03-15,3,Restrict_Mass_Gatherings_and_Schools-No_Measure-Restrict_Mass_Gatherings,25940344517.639847,25764330150.762592,26116358884.5171,0,50762727397.58174,46881054580.41507,54644400214.74842,200740195.24390244,200740195.24390244,200740195.24390244,56990974795.67455,56845109327.53304,57136840263.816055,252863,188358.0,317368.0,11498,10706.0,12290.0,269440.29411764705,269440.29411764705,269440.29411764705,10344.705882352942,10344.705882352942,10344.705882352942,58620,58620.0,58620.0
BR,2020-03-15,3,Restrict_Mass_Gatherings_and_Schools-No_Measure-Restrict_Mass_Gatherings_and_Schools,40728114415.10116,40677276128.62274,40778952701.579575,0,15441179781.983376,14268170564.581041,16614188999.385712,97666017.6585366,97666017.6585366,97666017.6585366,56584324347.86604,56542193977.55453,56626454718.17756,73033,54402.0,91664.0,3505,3264.0,3746.0,133272.23529411765,133272.23529411765,133272.23529411765,4705.764705882353,4705.764705882353,4705.764705882353,26666,26666.0,26666.0
BR,2020-03-15,3,Restrict_Mass_Gatherings_and_Schools-No_Measure-Authorize_Schools_but_Restrict_Mass_Gatherings_and_Others,28698462168.638958,28654039040.311512,28742885296.9664,0,13612517699.930132,12577316019.375206,14647719380.485056,91093415.70731708,91093415.70731708,91093415.70731708,56563490946.45549,56526676903.80231,56600304989.10868,63820,47540.0,80100.0,3091,2878.0,3304.0,124549.88235294117,124549.88235294117,124549.88235294117,4352.117647058823,4352.117647058823,4352.117647058823,24662,24662.0,24662.0
BR,2020-03-15,3,Restrict_Mass_Gatherings_and_Schools-No_Measure-Restrict_Mass_Gatherings_and_Schools_and_Others,42887002557.73944,42842224699.2718,42931780416.20709,0,13714086868.209602,12673587032.384691,14754586704.034515,91464755.85365854,91464755.85365854,91464755.85365854,56564641950.61461,56527533938.33336,56601749962.89586,64329,47919.0,80739.0,3114,2900.0,3328.0,125041.76470588235,125041.76470588235,125041.76470588235,4372.235294117648,4372.235294117648,4372.235294117648,24776,24776.0,24776.0
BR,2020-03-15,3,Restrict_Mass_Gatherings_and_Schools-No_Measure-Lockdown,50067482397.18547,50019670231.672356,50115294562.69858,0,14579816284.647234,13470931952.29949,15688700616.994978,94610469.58536586,94610469.58536586,94610469.58536586,56574501239.67898,56534878656.42535,56614123822.93261,68689,51167.0,86211.0,3310,3082.0,3538.0,129218.88235294117,129218.88235294117,129218.88235294117,4541.117647058823,4541.117647058823,4541.117647058823,25733,25733.0,25733.0
BR,2020-03-15,3,Restrict_Mass_Gatherings_and_Schools-Restrict_Mass_Gatherings-No_Measure,27213959426.958366,26713047724.665657,27714871129.251076,0,147060990887.1825,135840322814.03474,158281658960.33023,771514321.1707318,771514321.1707318,771514321.1707318,58046436564.368164,57631324313.88102,58461548814.8553,719612,536040.0,903184.0,33335,31040.0,35630.0,1039537.4117647059,1039537.4117647059,1039537.4117647059,39160.58823529412,39160.58823529412,39160.58823529412,221910,221910.0,221910.0
BR,2020-03-15,3,Restrict_Mass_Gatherings_and_Schools-Restrict_Mass_Gatherings-Restrict_Mass_Gatherings,38032177244.032555,36043464573.76443,40020889914.300674,0,567642778415.8735,524215142923.0642,611070413908.6829,2031875403.5853658,2031875403.5853658,2031875403.5853658,62879720113.77637,61231647233.16937,64527792994.38336,2856999,2128184.0,3585814.0,128517,119670.0,137364.0,2705241.117647059,2705241.117647059,2705241.117647059,108009.88235294119,108009.88235294119,108009.88235294119,612056,612056.0,612056.0
BR,2020-03-15,3,Restrict_Mass_Gatherings_and_Schools-Restrict_Mass_Gatherings-Restrict_Mass_Gatherings_and_Schools,47440470022.64373,46949228809.71174,47931711235.57572,0,144304707835.3073,133295129252.79752,155314286417.81705,761863036.5365853,761863036.5365853,761863036.5365853,58015024778.956894,57607926592.791794,58422122965.121994,705721,525693.0,885749.0,32711,30459.0,34963.0,1026738.0,1026738.0,1026738.0,38640.0,38640.0,38640.0,218960,218960.0,218960.0
BR,2020-03-15,3,Restrict_Mass_Gatherings_and_Schools-Restrict_Mass_Gatherings-Authorize_Schools_but_Restrict_Mass_Gatherings_and_Others,35105261419.48751,34698380491.28348,35512142347.69154,0,120224008645.90521,111055400571.84239,129392616719.96802,675324766.1707318,675324766.1707318,675324766.1707318,57740972723.844795,57403785037.84345,58078160409.846146,584529,435417.0,733641.0,27259,25382.0,29136.0,911901.2352941176,911901.2352941176,911901.2352941176,33982.76470588236,33982.76470588236,33982.76470588236,192569,192569.0,192569.0
BR,2020-03-15,3,Restrict_Mass_Gatherings_and_Schools-Restrict_Mass_Gatherings-Restrict_Mass_Gatherings_and_Schools_and_Others,49310787924.917145,48899219101.47561,49722356748.35868,0,121562304917.98755,112294946302.56548,130829663533.4096,680255997.2195122,680255997.2195122,680255997.2195122,57756200350.57861,57415127742.87714,58097272958.28009,591263,440433.0,742093.0,27562,25665.0,29459.0,918450.7058823529,918450.7058823529,918450.7058823529,34247.29411764706,34247.29411764706,34247.29411764706,194068,194068.0,194068.0
BR,2020-03-15,3,Restrict_Mass_Gatherings_and_Schools-Restrict_Mass_Gatherings-Lockdown,56636224143.11862,56184641759.861755,57087806526.37549,0,132992757029.907,122847404274.36859,143138109785.4454,721735759.3170733,721735759.3170733,721735759.3170733,57886186936.1949,57511954554.44758,58260419317.94222,648746,483252.0,814240.0,30150,28074.0,32226.0,973504.9411764706,973504.9411764706,973504.9411764706,36478.05882352941,36478.05882352941,36478.05882352941,206709,206709.0,206709.0
BR,2020-03-15,3,Restrict_Mass_Gatherings_and_Schools-Restrict_Mass_Gatherings_and_Schools-No_Measure,40724138708.837456,40674315496.29871,40773961921.376205,0,15137044702.86246,13984017835.023077,16290071570.701845,95634324.36585367,95634324.36585367,95634324.36585367,56581029626.726875,56539740461.81259,56622318791.64116,71576,53317.0,89835.0,3436,3199.0,3673.0,130517.82352941176,130517.82352941176,130517.82352941176,4605.176470588236,4605.176470588236,4605.176470588236,26096,26096.0,26096.0
BR,2020-03-15,3,Restrict_Mass_Gatherings_and_Schools-Restrict_Mass_Gatherings_and_Schools-Restrict_Mass_Gatherings,46168596019.70561,46001807365.16712,46335384674.2441,0,48138713965.37068,44458327546.79626,51819100383.9451,191630497.75609758,191630497.75609758,191630497.75609758,56961005722.745636,56822785726.23868,57099225719.2526,239610,178486.0,300734.0,10904,10153.0,11655.0,257323.29411764705,257323.29411764705,257323.29411764705,9858.705882352942,9858.705882352942,9858.705882352942,55866,55866.0,55866.0
BR,2020-03-15,3,Restrict_Mass_Gatherings_and_Schools-Restrict_Mass_Gatherings_and_Schools-Restrict_Mass_Gatherings_and_Schools,60985783960.56362,60936667479.61191,61034900441.51534,0,14933930898.834267,13799962321.899584,16067899475.76895,94931388.14634149,94931388.14634149,94931388.14634149,56578734402.32313,56538030915.360146,56619437889.28611,70561,52561.0,88561.0,3390,3157.0,3623.0,129583.41176470589,129583.41176470589,129583.41176470589,4567.588235294118,4567.588235294118,4567.588235294118,25883,25883.0,25883.0
BR,2020-03-15,3,Restrict_Mass_Gatherings_and_Schools-Restrict_Mass_Gatherings_and_Schools-Authorize_Schools_but_Restrict_Mass_Gatherings_and_Others,48957269579.24346,48914276286.25039,49000262872.236534,0,13189145338.367542,12187874225.746033,14190416450.989052,88655383.75609757,88655383.75609757,88655383.75609757,56558843965.02722,56523214846.10562,56594473083.948814,61765,46009.0,77521.0,2995,2789.0,3201.0,121256.35294117648,121256.35294117648,121256.35294117648,4229.64705882353,4229.64705882353,4229.64705882353,23968,23968.0,23968.0
BR,2020-03-15,3,Restrict_Mass_Gatherings_and_Schools-Restrict_Mass_Gatherings_and_Schools-Restrict_Mass_Gatherings_and_Schools_and_Others,63145747208.39607,63102415557.42312,63189078859.36903,0,13286291344.973776,12275536063.20629,14297046626.741262,89011300.82926829,89011300.82926829,89011300.82926829,56559942959.17522,56524033438.454544,56595852479.8959,62251,46371.0,78131.0,3017,2809.0,3225.0,121726.94117647059,121726.94117647059,121726.94117647059,4249.058823529412,4249.058823529412,4249.058823529412,24078,24078.0,24078.0
BR,2020-03-15,3,Restrict_Mass_Gatherings_and_Schools-Restrict_Mass_Gatherings_and_Schools-Lockdown,70325686766.55164,70279457243.20251,70371916289.90074,0,14112285903.944515,13037790080.104187,15186781727.784843,92014054.53658538,92014054.53658538,92014054.53658538,56569354509.882996,56531043483.4315,56607665536.33448,66413,49471.0,83355.0,3204,2983.0,3425.0,125713.64705882352,125713.64705882352,125713.64705882352,4410.352941176471,4410.352941176471,4410.352941176471,24992,24992.0,24992.0
BR,2020-03-15,3,Restrict_Mass_Gatherings_and_Schools-Authorize_Schools_but_Restrict_Mass_Gatherings_and_Others-No_Measure,28663644041.03096,28628102809.67562,28699185272.386303,0,10933244675.147482,10102534105.8308,11763955244.464165,72884698.24390244,72884698.24390244,72884698.24390244,56534636696.808395,56505183201.38102,56564090192.23578,51060,38035.0,64085.0,2483,2312.0,2654.0,99815.05882352941,99815.05882352941,99815.05882352941,3457.9411764705883,3457.9411764705883,3457.9411764705883,19595,19595.0,19595.0
BR,2020-03-15,3,Restrict_Mass_Gatherings_and_Schools-Authorize_Schools_but_Restrict_Mass_Gatherings_and_Others-Restrict_Mass_Gatherings,33935115834.680557,33826737590.767204,34043494078.593906,0,31482048229.516014,29077830119.09995,33886266339.93208,132638429.2682927,132638429.2682927,132638429.2682927,56771257373.04837,56681442867.75972,56861071878.33702,155699,115981.0,195417.0,7133,6642.0,7624.0,178747.0588235294,178747.0588235294,178747.0588235294,6727.941176470588,6727.941176470588,6727.941176470588,38125,38125.0,38125.0
BR,2020-03-15,3,Restrict_Mass_Gatherings_and_Schools-Authorize_Schools_but_Restrict_Mass_Gatherings_and_Others-Restrict_Mass_Gatherings_and_Schools,48926358940.564514,48891251571.45758,48961466309.67145,0,10809567876.01207,9988627688.700113,11630508063.324026,72455224.97560976,72455224.97560976,72455224.97560976,56533227903.89851,56504133955.93931,56562321851.85772,50437,37571.0,63303.0,2455,2286.0,2624.0,99245.17647058824,99245.17647058824,99245.17647058824,3434.823529411765,3434.823529411765,3434.823529411765,19464,19464.0,19464.0
BR,2020-03-15,3,Restrict_Mass_Gatherings_and_Schools-Authorize_Schools_but_Restrict_Mass_Gatherings_and_Others-Authorize_Schools_but_Restrict_Mass_Gatherings_and_Others,36907092101.13021,36875747600.20286,36938436602.05757,0,9736227896.28076,8998560837.540846,10473894955.02067,68604795.43902439,68604795.43902439,68604795.43902439,56521001028.6758,56495025420.078926,56546976637.272675,45030,33543.0,56517.0,2212,2060.0,2364.0,94136.5294117647,94136.5294117647,94136.5294117647,3227.470588235294,3227.470588235294,3227.470588235294,18289,18289.0,18289.0
BR,2020-03-15,3,Restrict_Mass_Gatherings_and_Schools-Authorize_Schools_but_Restrict_Mass_Gatherings_and_Others-Restrict_Mass_Gatherings_and_Schools_and_Others,51095056735.92622,51063504854.30152,51126608617.550934,0,9793720820.5226,9051197192.0662,10536244448.979,68821904.85365854,68821904.85365854,68821904.85365854,56521674897.51552,56495527429.751465,56547822365.27957,45328,33765.0,56891.0,2225,2072.0,2378.0,94424.88235294117,94424.88235294117,94424.88235294117,3239.117647058824,3239.117647058824,3239.117647058824,18355,18355.0,18355.0
BR,2020-03-15,3,Restrict_Mass_Gatherings_and_Schools-Authorize_Schools_but_Restrict_Mass_Gatherings_and_Others-Lockdown,58270622198.583694,58237288480.177795,58303955916.98959,0,10305916226.000948,9524172051.851395,11087660400.150501,70666148.48780487,70666148.48780487,70666148.48780487,56527461576.57876,56499837476.75988,56555085676.39764,47887,35671.0,60103.0,2341,2180.0,2502.0,96871.5294117647,96871.5294117647,96871.5294117647,3338.470588235294,3338.470588235294,3338.470588235294,18918,18918.0,18918.0
BR,2020-03-15,3,Restrict_Mass_Gatherings_and_Schools-Restrict_Mass_Gatherings_and_Schools_and_Others-No_Measure,42853690668.88064,42817409961.61763,42889971376.14364,0,11149439881.459639,10303807970.052742,11995071792.866535,74077020.43902439,74077020.43902439,74077020.43902439,56537035941.23438,56506969632.19773,56567102250.27104,52121,38825.0,65417.0,2532,2358.0,2706.0,101423.88235294117,101423.88235294117,101423.88235294117,3518.117647058824,3518.117647058824,3518.117647058824,19936,19936.0,19936.0
BR,2020-03-15,3,Restrict_Mass_Gatherings_and_Schools-Restrict_Mass_Gatherings_and_Schools_and_Others-Restrict_Mass_Gatherings,48133943397.84705,48022585420.75597,48245301374.93814,0,32334410030.810936,29866206053.014526,34802614008.60734,135666097.17073172,135666097.17073172,135666097.17073172,56780933496.4214,56688649646.256996,56873217346.58581,159978,119168.0,200788.0,7326,6822.0,7830.0,182779.29411764705,182779.29411764705,182779.29411764705,6888.705882352941,6888.705882352941,6888.705882352941,39036,39036.0,39036.0
BR,2020-03-15,3,Restrict_Mass_Gatherings_and_Schools-Restrict_Mass_Gatherings_and_Schools_and_Others-Restrict_Mass_Gatherings_and_Schools,63116350994.54647,63080517792.99881,63152184196.09414,0,11025599532.119228,10189778890.268307,11861420173.970148,73633310.48780489,73633310.48780489,73633310.48780489,56535581922.227875,56505886467.18355,56565277377.2722,51478,38346.0,64610.0,2504,2332.0,2676.0,100834.70588235294,100834.70588235294,100834.70588235294,3494.294117647059,3494.294117647059,3494.294117647059,19801,19801.0,19801.0
BR,2020-03-15,3,Restrict_Mass_Gatherings_and_Schools-Restrict_Mass_Gatherings_and_Schools_and_Others-Authorize_Schools_but_Restrict_Mass_Gatherings_and_Others,51096625734.62329,51064672735.07081,51128578734.175766,0,9917005099.166014,9164809218.827887,10669200979.504139,69661869.14634147,69661869.14634147,69661869.14634147,56522975147.7935,56496495268.21925,56549455027.36776,45903,34193.0,57613.0,2253,2098.0,2408.0,95565.58823529411,95565.58823529411,95565.58823529411,3280.4117647058824,3280.4117647058824,3280.4117647058824,18589,18589.0,18589.0
BR,2020-03-15,3,Restrict_Mass_Gatherings_and_Schools-Restrict_Mass_Gatherings_and_Schools_and_Others-Restrict_Mass_Gatherings_and_Schools_and_Others,65284617656.35316,65252451818.71655,65316783493.98976,0,9978814877.447844,9221746072.37273,10735883682.522957,69888469.68292683,69888469.68292683,69888469.68292683,56523671629.68154,56497015368.330444,56550327891.03263,46211,34423.0,57999.0,2267,2111.0,2423.0,95865.23529411765,95865.23529411765,95865.23529411765,3292.764705882353,3292.764705882353,3292.764705882353,18659,18659.0,18659.0
BR,2020-03-15,3,Restrict_Mass_Gatherings_and_Schools-Restrict_Mass_Gatherings_and_Schools_and_Others-Lockdown,72460401414.48152,72426396437.50262,72494406391.46043,0,10500134641.621166,9703673563.137648,11296595720.104683,71789660.04878049,71789660.04878049,71789660.04878049,56529639213.13128,56501458832.323906,56557819593.93865,48850,36388.0,61312.0,2385,2221.0,2549.0,98387.88235294117,98387.88235294117,98387.88235294117,3395.117647058824,3395.117647058824,3395.117647058824,19239,19239.0,19239.0
BR,2020-03-15,3,Restrict_Mass_Gatherings_and_Schools-Lockdown-No_Measure,50048045914.19552,50005191784.56515,50090900043.8259,0,13085876119.328083,12089257138.666811,14082495099.989353,84596149.53658538,84596149.53658538,84596149.53658538,56558393965.36579,56522880172.99059,56593907757.741,61566,45861.0,77271.0,2971,2766.0,3176.0,115623.94117647059,115623.94117647059,115623.94117647059,4048.058823529412,4048.058823529412,4048.058823529412,22939,22939.0,22939.0
BR,2020-03-15,3,Restrict_Mass_Gatherings_and_Schools-Lockdown-Restrict_Mass_Gatherings,55407242471.51828,55269170586.17623,55545314356.86034,0,39949506252.39409,36897270055.689125,43001742449.09906,162714608.34146345,162714608.34146345,162714608.34146345,56867713330.62648,56753291306.16388,56982135355.08909,198354,147754.0,248954.0,9050,8427.0,9673.0,218814.9411764706,218814.9411764706,218814.9411764706,8323.058823529413,8323.058823529413,8323.058823529413,47164,47164.0,47164.0
BR,2020-03-15,3,Restrict_Mass_Gatherings_and_Schools-Lockdown-Restrict_Mass_Gatherings_and_Schools,70310228718.51877,70267942157.11273,70352515279.92482,0,12926724074.194017,11944511252.47721,13908936895.910826,84033800.56097563,84033800.56097563,84033800.56097563,56556544218.01381,56521500777.04351,56591587658.98411,60748,45251.0,76245.0,2935,2733.0,3137.0,114879.4705882353,114879.4705882353,114879.4705882353,4017.5294117647063,4017.5294117647063,4017.5294117647063,22766,22766.0,22766.0
BR,2020-03-15,3,Restrict_Mass_Gatherings_and_Schools-Lockdown-Authorize_Schools_but_Restrict_Mass_Gatherings_and_Others,58286366759.4221,58249016404.35171,58323717114.49249,0,11517747167.952625,10643499198.902802,12391995137.002447,78989269.24390244,78989269.24390244,78989269.24390244,56540509305.45522,56509556564.924706,56571462045.98574,53657,39969.0,67345.0,2616,2436.0,2796.0,108182.5294117647,108182.5294117647,108182.5294117647,3746.470588235294,3746.470588235294,3746.470588235294,21230,21230.0,21230.0
BR,2020-03-15,3,Restrict_Mass_Gatherings_and_Schools-Lockdown-Restrict_Mass_Gatherings_and_Schools_and_Others,72474590620.0898,72436967395.68079,72512213844.49883,0,11592957271.418169,10713656472.405855,12472258070.430481,79274002.90243903,79274002.90243903,79274002.90243903,56541397998.253914,56510219127.24027,56572576869.26756,54050,40262.0,67838.0,2633,2452.0,2814.0,108562.5294117647,108562.5294117647,108562.5294117647,3761.470588235294,3761.470588235294,3761.470588235294,21315,21315.0,21315.0
BR,2020-03-15,3,Restrict_Mass_Gatherings_and_Schools-Lockdown-Lockdown,79652330851.37608,79612371865.42847,79692289837.32368,0,12259897915.377842,11327011299.279163,13192784531.476522,81690086.63414635,81690086.63414635,81690086.63414635,56548986937.267685,56515872389.31847,56582101485.216896,57406,42762.0,72050.0,2784,2592.0,2976.0,111769.64705882352,111769.64705882352,111769.64705882352,3891.3529411764707,3891.3529411764707,3891.3529411764707,22051,22051.0,22051.0
BR,2020-03-15,3,Authorize_Schools_but_Restrict_Mass_Gatherings_and_Others-No_Measure-No_Measure,8388303477.199418,8355548241.791394,8421058712.607441,0,9989959952.546581,9231124805.257465,10748795099.835695,63884148.6585366,63884148.6585366,63884148.6585366,56525582432.26397,56498437729.06932,56552727135.45861,47056,35052.0,59060.0,2268,2112.0,2424.0,87269.11764705883,87269.11764705883,87269.11764705883,3063.8823529411766,3063.8823529411766,3063.8823529411766,17362,17362.0,17362.0
BR,2020-03-15,3,Authorize_Schools_but_Restrict_Mass_Gatherings_and_Others-No_Measure-Restrict_Mass_Gatherings,13672384562.98668,13563575185.518307,13781193940.455051,0,31448978042.902874,29047702964.8048,33850253121.00095,126300732.58536586,126300732.58536586,126300732.58536586,56772652598.12927,56682480806.67728,56862824389.58126,156316,116440.0,196192.0,7124,6634.0,7614.0,169723.0588235294,169723.0588235294,169723.0588235294,6478.941176470588,6478.941176470588,6478.941176470588,36714,36714.0,36714.0
BR,2020-03-15,3,Authorize_Schools_but_Restrict_Mass_Gatherings_and_Others-No_Measure-Restrict_Mass_Gatherings_and_Schools,28650944702.011555,28618642429.705643,28683246974.31747,0,9861827281.696932,9112819758.984293,10610834804.409569,63431540.78048781,63431540.78048781,63431540.78048781,56524112584.12364,56497343257.53098,56550881910.71629,46406,34568.0,58244.0,2239,2085.0,2393.0,86674.35294117648,86674.35294117648,86674.35294117648,3038.6470588235297,3038.6470588235297,3038.6470588235297,17219,17219.0,17219.0
BR,2020-03-15,3,Authorize_Schools_but_Restrict_Mass_Gatherings_and_Others-No_Measure-Authorize_Schools_but_Restrict_Mass_Gatherings_and_Others,16631047534.405033,16602669123.188486,16659425945.621582,0,8744247507.72299,8078995586.687147,9409499428.758835,59416203.00000001,59416203.00000001,59416203.00000001,56511363347.4849,56487845777.239624,56534880917.73018,40768,30368.0,51168.0,1986,1849.0,2123.0,81343.0,81343.0,81343.0,2823.0,2823.0,2823.0,15997,15997.0,15997.0
BR,2020-03-15,3,Authorize_Schools_but_Restrict_Mass_Gatherings_and_Others-No_Measure-Restrict_Mass_Gatherings_and_Schools_and_Others,30819047642.21506,30790453664.221,30847641620.209118,0,8806081818.53557,8135948795.252489,9476214841.818653,59645769.51219513,59645769.51219513,59645769.51219513,56512066613.28742,56488370399.96048,56535762826.61437,41079,30600.0,51558.0,2000,1862.0,2138.0,81646.4705882353,81646.4705882353,81646.4705882353,2835.529411764706,2835.529411764706,2835.529411764706,16068,16068.0,16068.0
BR,2020-03-15,3,Authorize_Schools_but_Restrict_Mass_Gatherings_and_Others-No_Measure-Lockdown,37994910532.45162,37964458314.26156,38025362750.641685,0,9336108888.38112,8626526349.117886,10045691427.644356,61570094.48780488,61570094.48780488,61570094.48780488,56518099774.57727,56492863612.660225,56543335936.49432,43747,32587.0,54907.0,2120,1974.0,2266.0,84198.70588235294,84198.70588235294,84198.70588235294,2939.294117647059,2939.294117647059,2939.294117647059,16656,16656.0,16656.0
BR,2020-03-15,3,Authorize_Schools_but_Restrict_Mass_Gatherings_and_Others-Restrict_Mass_Gatherings-No_Measure,14463075316.814363,14152563652.93099,14773586980.697739,0,91208121692.43379,84251044585.48976,98165198799.37785,478929132.00000006,478929132.00000006,478929132.00000006,57427908637.783516,57170583454.50837,57685233821.058655,446085,332290.0,559880.0,20675,19252.0,22098.0,645447.2941176471,645447.2941176471,645447.2941176471,24288.705882352944,24288.705882352944,24288.705882352944,137636,137636.0,137636.0
BR,2020-03-15,3,Authorize_Schools_but_Restrict_Mass_Gatherings_and_Others-Restrict_Mass_Gatherings-Restrict_Mass_Gatherings,23214296979.06355,21943268871.07515,24485325087.051945,0,362517505672.61725,334780217223.85034,390254794121.3842,1282226254.6097562,1282226254.6097562,1282226254.6097562,60548244732.28023,59494926680.566666,61601562783.99379,1825968,1360167.0,2291769.0,82073,76423.0,87723.0,1706875.4705882352,1706875.4705882352,1706875.4705882352,68202.52941176471,68202.52941176471,68202.52941176471,386481,386481.0,386481.0
BR,2020-03-15,3,Authorize_Schools_but_Restrict_Mass_Gatherings_and_Others-Restrict_Mass_Gatherings-Restrict_Mass_Gatherings_and_Schools,34703799676.34849,34399329339.62217,35008270013.0748,0,89485443762.82301,82660818794.88464,96310068730.76138,472911760.6829269,472911760.6829269,472911760.6829269,57408275989.23837,57155957334.85967,57660594643.617065,437403,325822.0,548984.0,20285,18889.0,21681.0,637471.5294117647,637471.5294117647,637471.5294117647,23963.470588235297,23963.470588235297,23963.470588235297,135793,135793.0,135793.0
BR,2020-03-15,3,Authorize_Schools_but_Restrict_Mass_Gatherings_and_Others-Restrict_Mass_Gatherings-Authorize_Schools_but_Restrict_Mass_Gatherings_and_Others,22493046778.53714,22241188378.990276,22744905178.084003,0,74468102795.64862,68792156874.21266,80144048717.08456,419063287.097561,419063287.097561,419063287.097561,57237362047.480804,57028643611.553955,57446080483.40765,361821,269521.0,454121.0,16885,15723.0,18047.0,566018.0588235294,566018.0588235294,566018.0588235294,21064.94117647059,21064.94117647059,21064.94117647059,119368,119368.0,119368.0
BR,2020-03-15,3,Authorize_Schools_but_Restrict_Mass_Gatherings_and_Others-Restrict_Mass_Gatherings-Restrict_Mass_Gatherings_and_Schools_and_Others,36691636945.37903,36436861572.60231,36946412318.15575,0,75302812837.80183,69563069131.7213,81042556543.88237,422129512.6829269,422129512.6829269,422129512.6829269,57246841437.33352,57035705666.54204,57457977208.125,366013,272644.0,459382.0,17074,15899.0,18249.0,570085.8823529412,570085.8823529412,570085.8823529412,21230.117647058825,21230.117647058825,21230.117647058825,120304,120304.0,120304.0
BR,2020-03-15,3,Authorize_Schools_but_Restrict_Mass_Gatherings_and_Others-Restrict_Mass_Gatherings-Lockdown,43957964207.4485,43678254034.50863,44237674380.388374,0,82422686679.6976,76138123122.89139,88707250236.5038,447924602.5609757,447924602.5609757,447924602.5609757,57327843637.69469,57096044063.354996,57559643212.03438,401834,299327.0,504341.0,18686,17400.0,19972.0,604325.0,604325.0,604325.0,22617.0,22617.0,22617.0,128163,128163.0,128163.0
BR,2020-03-15,3,Authorize_Schools_but_Restrict_Mass_Gatherings_and_Others-Restrict_Mass_Gatherings_and_Schools-No_Measure,28648488877.96397,28616814205.136883,28680163550.791054,0,9672359128.159952,8937937669.617277,10406780586.702627,62178712.68292683,62178712.68292683,62178712.68292683,56522077409.77549,56495828183.29403,56548326636.25695,45506,33898.0,57114.0,2196,2045.0,2347.0,84975.29411764706,84975.29411764706,84975.29411764706,2976.7058823529414,2976.7058823529414,2976.7058823529414,16868,16868.0,16868.0
BR,2020-03-15,3,Authorize_Schools_but_Restrict_Mass_Gatherings_and_Others-Restrict_Mass_Gatherings_and_Schools-Restrict_Mass_Gatherings,33919485878.964363,33815094256.08826,34023877501.84047,0,30190094243.18257,27882525053.991516,32497663432.373627,121866599.0487805,121866599.0487805,121866599.0487805,56758304618.974815,56671793880.04466,56844815357.904976,149971,111714.0,188228.0,6839,6368.0,7310.0,163823.35294117648,163823.35294117648,163823.35294117648,6242.64705882353,6242.64705882353,6242.64705882353,35375,35375.0,35375.0
BR,2020-03-15,3,Authorize_Schools_but_Restrict_Mass_Gatherings_and_Others-Restrict_Mass_Gatherings_and_Schools-Restrict_Mass_Gatherings_and_Schools,48911209234.88429,48879965695.61223,48942452774.156364,0,9552933762.982529,8828274508.93433,10277593017.030727,61751612.19512195,61751612.19512195,61751612.19512195,56520673139.475266,56494781199.15715,56546565079.79338,44885,33435.0,56335.0,2169,2020.0,2318.0,84405.88235294117,84405.88235294117,84405.88235294117,2954.117647058824,2954.117647058824,2954.117647058824,16740,16740.0,16740.0
BR,2020-03-15,3,Authorize_Schools_but_Restrict_Mass_Gatherings_and_Others-Restrict_Mass_Gatherings_and_Schools-Authorize_Schools_but_Restrict_Mass_Gatherings_and_Others,36892002426.70449,36864508112.14507,36919496741.26391,0,8479773688.476716,7834111596.511824,9125435780.441607,57913639.75609757,57913639.75609757,57913639.75609757,56508496012.95884,56485711105.4789,56531280920.43878,39500,29424.0,49576.0,1926,1793.0,2059.0,79312.35294117648,79312.35294117648,79312.35294117648,2747.6470588235297,2747.6470588235297,2747.6470588235297,15570,15570.0,15570.0
BR,2020-03-15,3,Authorize_Schools_but_Restrict_Mass_Gatherings_and_Others-Restrict_Mass_Gatherings_and_Schools-Restrict_Mass_Gatherings_and_Schools_and_Others,51079967061.5005,51052265366.24374,51107668756.75727,0,8541501691.656046,7890983029.974667,9192020353.337425,58130749.170731716,58130749.170731716,58130749.170731716,56509169881.79856,56486213115.151436,56532126648.44568,39798,29646.0,49950.0,1940,1806.0,2074.0,79601.88235294117,79601.88235294117,79601.88235294117,2759.117647058824,2759.117647058824,2759.117647058824,15635,15635.0,15635.0
BR,2020-03-15,3,Authorize_Schools_but_Restrict_Mass_Gatherings_and_Others-Restrict_Mass_Gatherings_and_Schools-Lockdown,58255502508.53072,58226027162.57292,58284977854.488525,0,9045136986.646667,8359657390.740373,9730616582.552963,59969060.85365854,59969060.85365854,59969060.85365854,56514931686.50865,56490505071.7212,56539358301.296104,42346,31544.0,53148.0,2054,1913.0,2195.0,82042.05882352941,82042.05882352941,82042.05882352941,2857.9411764705883,2857.9411764705883,2857.9411764705883,16195,16195.0,16195.0
BR,2020-03-15,3,Authorize_Schools_but_Restrict_Mass_Gatherings_and_Others-Authorize_Schools_but_Restrict_Mass_Gatherings_and_Others-No_Measure,16609627291.323313,16586714452.959335,16632540129.687288,0,7096134529.640012,6557374214.0096035,7634894845.27042,48223797.439024396,48223797.439024396,48223797.439024396,56493612104.55937,56474623927.89114,56512600281.22761,32918,24521.0,41315.0,1612,1501.0,1723.0,66143.23529411765,66143.23529411765,66143.23529411765,2272.764705882353,2272.764705882353,2272.764705882353,12879,12879.0,12879.0
BR,2020-03-15,3,Authorize_Schools_but_Restrict_Mass_Gatherings_and_Others-Authorize_Schools_but_Restrict_Mass_Gatherings_and_Others-Restrict_Mass_Gatherings,21771700309.73312,21703856806.07187,21839543813.394375,0,19770174676.46209,18262452926.370064,21277896426.554115,85073078.41463415,85073078.41463415,85073078.41463415,56639572547.5038,56583349725.483765,56695795369.523834,97465,72602.0,122328.0,4480,4172.0,4788.0,114818.5294117647,114818.5294117647,114818.5294117647,4289.470588235295,4289.470588235295,4289.470588235295,24307,24307.0,24307.0
BR,2020-03-15,3,Authorize_Schools_but_Restrict_Mass_Gatherings_and_Others-Authorize_Schools_but_Restrict_Mass_Gatherings_and_Others-Restrict_Mass_Gatherings_and_Schools,36872997077.26956,36850348922.16405,36895645232.37508,0,7021006201.276968,6487274183.078297,7554738219.475637,47960418.80487805,47960418.80487805,47960418.80487805,56492746024.809,56473977194.7094,56511514854.90859,32535,24235.0,40835.0,1595,1485.0,1705.0,65792.17647058824,65792.17647058824,65792.17647058824,2258.823529411765,2258.823529411765,2258.823529411765,12800,12800.0,12800.0
BR,2020-03-15,3,Authorize_Schools_but_Restrict_Mass_Gatherings_and_Others-Authorize_Schools_but_Restrict_Mass_Gatherings_and_Others-Authorize_Schools_but_Restrict_Mass_Gatherings_and_Others,24859416834.852116,24839082611.738106,24879751057.96613,0,6358570494.093031,5874123793.96124,6843017194.224821,45591197.48780488,45591197.48780488,45591197.48780488,56485231708.85466,56468380465.25199,56502082952.45734,29212,21760.0,36664.0,1445,1345.0,1545.0,62647.58823529412,62647.58823529412,62647.58823529412,2131.4117647058824,2131.4117647058824,2131.4117647058824,12078,12078.0,12078.0
BR,2020-03-15,3,Authorize_Schools_but_Restrict_Mass_Gatherings_and_Others-Authorize_Schools_but_Restrict_Mass_Gatherings_and_Others-Restrict_Mass_Gatherings_and_Schools_and_Others,39047067669.9087,39026605198.205536,39067530141.61186,0,6393947609.968684,5909116566.855143,6878778653.082225,45726445.97560976,45726445.97560976,45726445.97560976,56485645527.63879,56468688002.709045,56502603052.568535,29395,21896.0,36894.0,1453,1353.0,1553.0,62827.35294117647,62827.35294117647,62827.35294117647,2138.6470588235297,2138.6470588235297,2138.6470588235297,12119,12119.0,12119.0
BR,2020-03-15,3,Authorize_Schools_but_Restrict_Mass_Gatherings_and_Others-Authorize_Schools_but_Restrict_Mass_Gatherings_and_Others-Lockdown,46219942640.887375,46198385963.136345,46241499318.638405,0,6707501438.153576,6198215818.742345,7216787057.564807,46860635.04878049,46860635.04878049,46860635.04878049,56489202560.13839,56471338251.9713,56507066868.30547,30968,23068.0,38868.0,1524,1419.0,1629.0,64333.470588235294,64333.470588235294,64333.470588235294,2199.529411764706,2199.529411764706,2199.529411764706,12464,12464.0,12464.0
BR,2020-03-15,3,Authorize_Schools_but_Restrict_Mass_Gatherings_and_Others-Restrict_Mass_Gatherings_and_Schools_and_Others-No_Measure,30798555154.884647,30775189353.41856,30821920956.350735,0,7228510456.937399,6679922516.730515,7777098397.144282,48954020.63414635,48954020.63414635,48954020.63414635,56495084214.00454,56475720660.734314,56514447767.27476,33569,25006.0,42132.0,1642,1529.0,1755.0,67128.35294117648,67128.35294117648,67128.35294117648,2309.6470588235297,2309.6470588235297,2309.6470588235297,13088,13088.0,13088.0
BR,2020-03-15,3,Authorize_Schools_but_Restrict_Mass_Gatherings_and_Others-Restrict_Mass_Gatherings_and_Schools_and_Others-Restrict_Mass_Gatherings,35966028257.50576,35896353800.58236,36035702714.42915,0,20291420843.043163,18740096273.135998,21842745412.95033,86930965.53658536,86930965.53658536,86930965.53658536,56645519779.21006,56587779621.64824,56703259936.77188,100095,74561.0,125629.0,4598,4281.0,4915.0,117297.58823529411,117297.58823529411,117297.58823529411,4387.411764705883,4387.411764705883,4387.411764705883,24862,24862.0,24862.0
BR,2020-03-15,3,Authorize_Schools_but_Restrict_Mass_Gatherings_and_Others-Restrict_Mass_Gatherings_and_Schools_and_Others-Restrict_Mass_Gatherings_and_Schools,51061892196.51027,51038799264.382805,51084985128.63774,0,7149048919.513866,6605513809.269471,7692584029.758263,48680557.68292683,48680557.68292683,48680557.68292683,56494190998.59618,56475053575.80909,56513328421.38328,33174,24711.0,41637.0,1624,1512.0,1736.0,66767.35294117648,66767.35294117648,66767.35294117648,2294.6470588235297,2294.6470588235297,2294.6470588235297,13003,13003.0,13003.0
BR,2020-03-15,3,Authorize_Schools_but_Restrict_Mass_Gatherings_and_Others-Restrict_Mass_Gatherings_and_Schools_and_Others-Authorize_Schools_but_Restrict_Mass_Gatherings_and_Others,39048028169.980644,39027322844.56611,39068733495.39518,0,6468822435.513978,5979028515.0507,6958616355.977258,46239559.75609757,46239559.75609757,46239559.75609757,56486441506.9394,56469282725.87967,56503600287.99912,29747,22159.0,37335.0,1470,1369.0,1571.0,63527.64705882353,63527.64705882353,63527.64705882353,2163.3529411764707,2163.3529411764707,2163.3529411764707,12259,12259.0,12259.0
BR,2020-03-15,3,Authorize_Schools_but_Restrict_Mass_Gatherings_and_Others-Restrict_Mass_Gatherings_and_Schools_and_Others-Restrict_Mass_Gatherings_and_Schools_and_Others,53235698105.890945,53214859074.50049,53256537137.28141,0,6508491872.8988695,6014062175.495852,7002921570.301887,46377774.2195122,46377774.2195122,46377774.2195122,56486871154.85734,56469601569.86088,56504140739.8538,29937,22300.0,37574.0,1479,1377.0,1581.0,63712.41176470588,63712.41176470588,63712.41176470588,2170.5882352941176,2170.5882352941176,2170.5882352941176,12300,12300.0,12300.0
BR,2020-03-15,3,Authorize_Schools_but_Restrict_Mass_Gatherings_and_Others-Restrict_Mass_Gatherings_and_Schools_and_Others-Lockdown,60408704054.15215,60386738072.39319,60430670035.91112,0,6830908379.450737,6311925975.62703,7349890783.274444,47549334.585365854,47549334.585365854,47549334.585365854,56490536729.98884,56472333226.09706,56508740233.880615,31558,23508.0,39608.0,1552,1445.0,1659.0,65263.882352941175,65263.882352941175,65263.882352941175,2234.117647058824,2234.117647058824,2234.117647058824,12660,12660.0,12660.0
BR,2020-03-15,3,Authorize_Schools_but_Restrict_Mass_Gatherings_and_Others-Lockdown-No_Measure,37983007971.90099,37955592789.449776,38010423154.35221,0,8419542169.673135,7778352304.442981,9060732034.903288,55430524.975609764,55430524.975609764,55430524.975609764,56508235962.903244,56485516633.263405,56530955292.54308,39385,29338.0,49432.0,1912,1780.0,2044.0,75869.88235294117,75869.88235294117,75869.88235294117,2636.117647058824,2636.117647058824,2636.117647058824,14938,14938.0,14938.0
BR,2020-03-15,3,Authorize_Schools_but_Restrict_Mass_Gatherings_and_Others-Lockdown-Restrict_Mass_Gatherings,43202560916.49124,43115553799.17866,43289568033.80382,0,25234110534.337635,23304741341.135895,27163479727.53937,104371495.31707318,104371495.31707318,104371495.31707318,56701830792.118515,56629726826.26842,56773934757.968605,124997,93111.0,156883.0,5717,5323.0,6111.0,140522.11764705883,140522.11764705883,140522.11764705883,5313.882352941177,5313.882352941177,5313.882352941177,30112,30112.0,30112.0
BR,2020-03-15,3,Authorize_Schools_but_Restrict_Mass_Gatherings_and_Others-Lockdown-Restrict_Mass_Gatherings_and_Schools,58246039399.867355,58218976218.86295,58273102580.87175,0,8322224435.351651,7690559626.818723,8953889243.884579,55079353.46341464,55079353.46341464,55079353.46341464,56507089481.35378,56484661860.037186,56529517102.67039,38878,28960.0,48796.0,1890,1760.0,2020.0,75401.41176470589,75401.41176470589,75401.41176470589,2617.588235294118,2617.588235294118,2617.588235294118,14833,14833.0,14833.0
BR,2020-03-15,3,Authorize_Schools_but_Restrict_Mass_Gatherings_and_Others-Lockdown-Authorize_Schools_but_Restrict_Mass_Gatherings_and_Others,46229544912.91344,46205537868.501595,46253551957.32528,0,7447771358.221294,6880321387.355709,8015221329.086881,51946096.8292683,51946096.8292683,51946096.8292683,56497160091.839645,56477265131.934074,56517055051.745224,34487,25689.0,43285.0,1692,1575.0,1809.0,71245.29411764706,71245.29411764706,71245.29411764706,2448.7058823529414,2448.7058823529414,2448.7058823529414,13876,13876.0,13876.0
BR,2020-03-15,3,Authorize_Schools_but_Restrict_Mass_Gatherings_and_Others-Lockdown-Restrict_Mass_Gatherings_and_Schools_and_Others,60417359469.573204,60393183246.17141,60441535692.97499,0,7496344361.524411,6928387385.023327,8064301338.0254965,52124648.56097561,52124648.56097561,52124648.56097561,56497709588.91365,56477674428.108536,56517744749.718765,34730,25870.0,43590.0,1703,1586.0,1820.0,71481.58823529411,71481.58823529411,71481.58823529411,2458.4117647058824,2458.4117647058824,2458.4117647058824,13931,13931.0,13931.0
BR,2020-03-15,3,Authorize_Schools_but_Restrict_Mass_Gatherings_and_Others-Lockdown-Lockdown,67591609702.0185,67565989999.81541,67617229404.221596,0,7907191391.500038,7305262959.514286,8509119823.485788,53622466.243902445,53622466.243902445,53622466.243902445,56502406319.04821,56481174927.98735,56523637710.10907,36807,27418.0,46196.0,1796,1672.0,1920.0,73472.4705882353,73472.4705882353,73472.4705882353,2538.529411764706,2538.529411764706,2538.529411764706,14385,14385.0,14385.0
BR,2020-03-15,3,Restrict_Mass_Gatherings_and_Schools_and_Others-No_Measure-No_Measure,22579332434.668137,22545589412.254307,22613075457.081966,0,10289565562.36101,9506594761.673956,11072536363.048063,65701105.317073174,65701105.317073174,65701105.317073174,56528795746.429214,56500832450.88564,56556759041.97278,48477,36111.0,60843.0,2336,2175.0,2497.0,89750.94117647059,89750.94117647059,89750.94117647059,3151.058823529412,3151.058823529412,3151.058823529412,17856,17856.0,17856.0
BR,2020-03-15,3,Restrict_Mass_Gatherings_and_Schools_and_Others-No_Measure-Restrict_Mass_Gatherings,27871285800.874603,27759480318.068176,27983091283.68103,0,32314265873.787006,29844720784.309597,34783810963.26441,129724061.63414635,129724061.63414635,129724061.63414635,56782389776.73275,56689735072.57601,56875044480.88948,160622,119648.0,201596.0,7320,6816.0,7824.0,174321.11764705883,174321.11764705883,174321.11764705883,6654.882352941177,6654.882352941177,6654.882352941177,37711,37711.0,37711.0
BR,2020-03-15,3,Restrict_Mass_Gatherings_and_Schools_and_Others-No_Measure-Restrict_Mass_Gatherings_and_Schools,42841921814.30592,42808642669.76775,42875200958.8441,0,10157042439.879122,9383931973.809546,10930152905.9487,65237226.73170732,65237226.73170732,65237226.73170732,56527282933.497086,56499704059.77483,56554861807.21934,47808,35612.0,60004.0,2306,2147.0,2465.0,89137.17647058824,89137.17647058824,89137.17647058824,3125.823529411765,3125.823529411765,3125.823529411765,17713,17713.0,17713.0
BR,2020-03-15,3,Restrict_Mass_Gatherings_and_Schools_and_Others-No_Measure-Authorize_Schools_but_Restrict_Mass_Gatherings_and_Others,30821571683.5973,30792333733.964096,30850809633.230503,0,9004224567.703777,8319456415.189231,9688992720.21832,61106215.902439035,61106215.902439035,61106215.902439035,56514158320.256355,56489928438.98923,56538388201.52348,42004,31289.0,52719.0,2045,1904.0,2186.0,83654.35294117648,83654.35294117648,83654.35294117648,2903.6470588235297,2903.6470588235297,2903.6470588235297,16454,16454.0,16454.0
BR,2020-03-15,3,Restrict_Mass_Gatherings_and_Schools_and_Others-No_Measure-Restrict_Mass_Gatherings_and_Schools_and_Others,45009599078.341194,44980137375.85033,45039060780.83207,0,9066140653.618856,8376466866.326324,9755814440.91139,61340527.975609764,61340527.975609764,61340527.975609764,56514884199.10719,56490468890.8439,56539299507.37049,42325,31528.0,53122.0,2059,1917.0,2201.0,83965.82352941176,83965.82352941176,83965.82352941176,2916.1764705882356,2916.1764705882356,2916.1764705882356,16525,16525.0,16525.0
BR,2020-03-15,3,Restrict_Mass_Gatherings_and_Schools_and_Others-No_Measure-Lockdown,52185677535.35527,52154303018.80067,52217052051.909874,0,9613754062.524109,8884467209.046421,10343040916.001797,63318833.70731708,63318833.70731708,63318833.70731708,56521096003.478714,56495095520.528694,56547096486.428734,45072,33574.0,56570.0,2183,2033.0,2333.0,86591.41176470589,86591.41176470589,86591.41176470589,3022.588235294118,3022.588235294118,3022.588235294118,17128,17128.0,17128.0
BR,2020-03-15,3,Restrict_Mass_Gatherings_and_Schools_and_Others-Restrict_Mass_Gatherings-No_Measure,28687260627.618877,28367299498.53907,29007221756.698685,0,93978736434.28922,86806997136.09995,101150475732.47847,493409024.92682934,493409024.92682934,493409024.92682934,57458599066.953606,57193442985.047745,57723755148.85946,459657,342399.0,576915.0,21303,19836.0,22770.0,664950.2352941176,664950.2352941176,664950.2352941176,25024.764705882353,25024.764705882353,25024.764705882353,141807,141807.0,141807.0
BR,2020-03-15,3,Restrict_Mass_Gatherings_and_Schools_and_Others-Restrict_Mass_Gatherings-Restrict_Mass_Gatherings,37543883529.29706,36236520140.17793,38851246918.41618,0,372896799033.2536,344364536070.12463,401429061996.3826,1319678221.8292685,1319678221.8292685,1319678221.8292685,60666282583.168045,59582852996.3212,61749712170.014885,1878167,1399050.0,2357284.0,84423,78611.0,90235.0,1756740.8823529412,1756740.8823529412,1756740.8823529412,70193.11764705883,70193.11764705883,70193.11764705883,397761,397761.0,397761.0
BR,2020-03-15,3,Restrict_Mass_Gatherings_and_Schools_and_Others-Restrict_Mass_Gatherings-Restrict_Mass_Gatherings_and_Schools,48927272798.1792,48613538547.406715,49241007048.95168,0,92203103227.25331,85168607217.70421,99237599236.80241,487210135.9024391,487210135.9024391,487210135.9024391,57438376217.847496,57178380433.56661,57698372002.12837,450714,335738.0,565690.0,20901,19462.0,22340.0,656728.4705882353,656728.4705882353,656728.4705882353,24690.529411764706,24690.529411764706,24690.529411764706,139913,139913.0,139913.0
BR,2020-03-15,3,Restrict_Mass_Gatherings_and_Schools_and_Others-Restrict_Mass_Gatherings-Authorize_Schools_but_Restrict_Mass_Gatherings_and_Others,36710314851.60761,36450775180.17858,36969854523.03665,0,76735188550.14665,70883760095.60739,82586617004.68593,431738680.46341467,431738680.46341467,431738680.46341467,57262320068.90361,57047236059.87672,57477404077.930504,372858,277743.0,467973.0,17399,16201.0,18597.0,583120.1764705882,583120.1764705882,583120.1764705882,21704.823529411766,21704.823529411766,21704.823529411766,122994,122994.0,122994.0
BR,2020-03-15,3,Restrict_Mass_Gatherings_and_Schools_and_Others-Restrict_Mass_Gatherings-Restrict_Mass_Gatherings_and_Schools_and_Others,50909248833.816185,50646702142.27555,51171795525.35682,0,77592104353.27881,71676608256.25671,83507600450.30092,434894478.5121951,434894478.5121951,434894478.5121951,57272084383.16506,57054508416.2141,57489660350.11602,377176,280959.0,473393.0,17593,16382.0,18804.0,587311.9411764706,587311.9411764706,587311.9411764706,21874.058823529413,21874.058823529413,21874.058823529413,123953,123953.0,123953.0
BR,2020-03-15,3,Restrict_Mass_Gatherings_and_Schools_and_Others-Restrict_Mass_Gatherings-Lockdown,58178523084.74276,57890291202.35776,58466754967.127754,0,84928328774.18147,78453058774.3025,91403598774.06046,461469026.7804879,461469026.7804879,461469026.7804879,57355528792.744,57116667163.41624,57594390422.07178,414077,308447.0,519707.0,19254,17929.0,20579.0,622583.8823529412,622583.8823529412,622583.8823529412,23303.117647058825,23303.117647058825,23303.117647058825,132051,132051.0,132051.0
BR,2020-03-15,3,Restrict_Mass_Gatherings_and_Schools_and_Others-Restrict_Mass_Gatherings_and_Schools-No_Measure,42839362299.90966,42806738041.78418,42871986558.03515,0,9958793383.077665,9200350756.280552,10717236009.874779,63933977.04878049,63933977.04878049,63933977.04878049,56525161829.56535,56498125669.0026,56552197990.1281,46870,34914.0,58826.0,2261,2105.0,2417.0,87366.05882352941,87366.05882352941,87366.05882352941,3061.9411764705883,3061.9411764705883,3061.9411764705883,17351,17351.0,17351.0
BR,2020-03-15,3,Restrict_Mass_Gatherings_and_Schools_and_Others-Restrict_Mass_Gatherings_and_Schools-Restrict_Mass_Gatherings,48117530307.12902,48010358145.692375,48224702468.56567,0,30993523230.72337,28626800211.337708,33360246250.109028,125074598.2682927,125074598.2682927,125074598.2682927,56767331747.861275,56678516739.308044,56856146756.414505,153963,114687.0,193239.0,7021,6538.0,7504.0,168127.82352941178,168127.82352941178,168127.82352941178,6408.176470588236,6408.176470588236,6408.176470588236,36313,36313.0,36313.0
BR,2020-03-15,3,Restrict_Mass_Gatherings_and_Schools_and_Others-Restrict_Mass_Gatherings_and_Schools-Restrict_Mass_Gatherings_and_Schools,63102033540.349045,63069854059.245514,63134213021.45258,0,9834985743.778254,9086346209.026867,10583625278.529642,63493233.07317074,63493233.07317074,63493233.07317074,56523716855.77817,56497049287.902916,56550384423.65341,46231,34438.0,58024.0,2233,2079.0,2387.0,86781.88235294117,86781.88235294117,86781.88235294117,3038.117647058824,3038.117647058824,3038.117647058824,17216,17216.0,17216.0
BR,2020-03-15,3,Restrict_Mass_Gatherings_and_Schools_and_Others-Restrict_Mass_Gatherings_and_Schools-Authorize_Schools_but_Restrict_Mass_Gatherings_and_Others,51082406513.387764,51054082676.03894,51110730350.73659,0,8730920780.131527,8065832409.300683,9396009150.962372,59552637.878048785,59552637.878048785,59552637.878048785,56511191488.31772,56487719144.16907,56534663832.46638,40692,30312.0,51072.0,1983,1846.0,2120.0,81551.82352941176,81551.82352941176,81551.82352941176,2826.1764705882356,2826.1764705882356,2826.1764705882356,16015,16015.0,16015.0
BR,2020-03-15,3,Restrict_Mass_Gatherings_and_Schools_and_Others-Restrict_Mass_Gatherings_and_Schools-Restrict_Mass_Gatherings_and_Schools_and_Others,65270392977.73086,65241856302.29791,65298929653.16381,0,8792714203.392859,8122752907.825026,9462675498.96069,59776865.63414635,59776865.63414635,59776865.63414635,56511883447.59609,56488234721.6706,56535532173.52158,40998,30540.0,51456.0,1997,1859.0,2135.0,81848.64705882352,81848.64705882352,81848.64705882352,2838.3529411764707,2838.3529411764707,2838.3529411764707,16084,16084.0,16084.0
BR,2020-03-15,3,Restrict_Mass_Gatherings_and_Schools_and_Others-Restrict_Mass_Gatherings_and_Schools-Lockdown,72446130348.07167,72415768176.76335,72476492519.37999,0,9313894949.89193,8604582268.466946,10023207631.316916,61665005.70731708,61665005.70731708,61665005.70731708,56517812588.8637,56492651050.00608,56542974127.72131,43620,32493.0,54747.0,2115,1969.0,2261.0,84354.0,84354.0,84354.0,2940.0,2940.0,2940.0,16660,16660.0,16660.0
BR,2020-03-15,3,Restrict_Mass_Gatherings_and_Schools_and_Others-Authorize_Schools_but_Restrict_Mass_Gatherings_and_Others-No_Measure,30799321917.726173,30775759650.336277,30822884185.116066,0,7294334521.379968,6740922721.497596,7847746321.262339,49496794.17073171,49496794.17073171,49496794.17073171,56495719640.662125,56476193273.44405,56515246007.8802,33850,25215.0,42485.0,1657,1543.0,1771.0,67881.0,67881.0,67881.0,2334.0,2334.0,2334.0,13226,13226.0,13226.0
BR,2020-03-15,3,Restrict_Mass_Gatherings_and_Schools_and_Others-Authorize_Schools_but_Restrict_Mass_Gatherings_and_Others-Restrict_Mass_Gatherings,35967286185.1568,35897289742.413826,36037282627.899765,0,20392597490.830635,18836072895.776478,21949122085.88479,87590005.31707318,87590005.31707318,87590005.31707318,56646562240.737274,56588555249.20536,56704569232.26919,100556,74904.0,126208.0,4621,4303.0,4939.0,118199.17647058824,118199.17647058824,118199.17647058824,4418.823529411765,4418.823529411765,4418.823529411765,25040,25040.0,25040.0
BR,2020-03-15,3,Restrict_Mass_Gatherings_and_Schools_and_Others-Authorize_Schools_but_Restrict_Mass_Gatherings_and_Others-Restrict_Mass_Gatherings_and_Schools,51062656230.65841,51039369561.30052,51085942900.0163,0,7214864806.446185,6666514014.036551,7763215598.855819,49223331.2195122,49223331.2195122,49223331.2195122,56494824163.948944,56475526188.51882,56514122139.37906,33454,24920.0,41988.0,1639,1526.0,1752.0,67520.0,67520.0,67520.0,2319.0,2319.0,2319.0,13141,13141.0,13141.0
BR,2020-03-15,3,Restrict_Mass_Gatherings_and_Schools_and_Others-Authorize_Schools_but_Restrict_Mass_Gatherings_and_Others-Authorize_Schools_but_Restrict_Mass_Gatherings_and_Others,39048775831.96847,39027879498.0169,39069672165.92004,0,6530354178.4473095,6035752753.329042,7024955603.565577,46776401.34146342,46776401.34146342,46776401.34146342,56487061104.463165,56469744032.06525,56504378176.861084,30021,22363.0,37679.0,1484,1382.0,1586.0,64272.64705882353,64272.64705882353,64272.64705882353,2187.3529411764707,2187.3529411764707,2187.3529411764707,12395,12395.0,12395.0
BR,2020-03-15,3,Restrict_Mass_Gatherings_and_Schools_and_Others-Authorize_Schools_but_Restrict_Mass_Gatherings_and_Others-Restrict_Mass_Gatherings_and_Schools_and_Others,53236445767.87877,53215415727.95128,53257475807.80626,0,6570023615.832201,6070786413.774196,7069260817.890205,46919361.36585366,46919361.36585366,46919361.36585366,56487490752.38111,56470062876.04646,56504918628.71576,30211,22504.0,37918.0,1493,1390.0,1596.0,64458.35294117647,64458.35294117647,64458.35294117647,2195.6470588235297,2195.6470588235297,2195.6470588235297,12442,12442.0,12442.0
BR,2020-03-15,3,Restrict_Mass_Gatherings_and_Schools_and_Others-Authorize_Schools_but_Restrict_Mass_Gatherings_and_Others-Lockdown,60409459902.22013,60387300183.23075,60431619621.20952,0,6892464654.914818,6368666568.925873,7416262740.903762,48084989.780487806,48084989.780487806,48084989.780487806,56491163111.4271,56472799054.8923,56509527167.9619,31835,23714.0,39956.0,1566,1458.0,1674.0,66009.23529411765,66009.23529411765,66009.23529411765,2257.764705882353,2257.764705882353,2257.764705882353,12794,12794.0,12794.0
BR,2020-03-15,3,Restrict_Mass_Gatherings_and_Schools_and_Others-Restrict_Mass_Gatherings_and_Schools_and_Others-No_Measure,44988309812.542015,44964278209.889694,45012341415.194336,0,7431125432.840343,6867836943.319995,7994413922.36069,50251931.56097561,50251931.56097561,50251931.56097561,56497241498.813576,56477326187.16452,56517156810.46263,34523,25716.0,43330.0,1688,1572.0,1804.0,68897.5294117647,68897.5294117647,68897.5294117647,2372.470588235294,2372.470588235294,2372.470588235294,13444,13444.0,13444.0
BR,2020-03-15,3,Restrict_Mass_Gatherings_and_Schools_and_Others-Restrict_Mass_Gatherings_and_Schools_and_Others-Restrict_Mass_Gatherings,50161884273.57468,50089988660.23491,50233779886.91445,0,20935828625.613895,19335496772.98835,22536160478.239445,89513143.90243904,89513143.90243904,89513143.90243904,56652733341.621826,56593152481.92735,56712314201.316315,103285,76937.0,129633.0,4744,4417.0,5071.0,120761.17647058824,120761.17647058824,120761.17647058824,4520.823529411765,4520.823529411765,4520.823529411765,25618,25618.0,25618.0
BR,2020-03-15,3,Restrict_Mass_Gatherings_and_Schools_and_Others-Restrict_Mass_Gatherings_and_Schools_and_Others-Restrict_Mass_Gatherings_and_Schools,65251611381.1536,65227863562.61345,65275359199.693756,0,7351557587.783561,6793354638.266701,7909760537.300421,49971943.46341465,49971943.46341465,49971943.46341465,56496318886.44241,56476638750.49581,56515999022.389015,34115,25412.0,42818.0,1670,1555.0,1785.0,68524.35294117648,68524.35294117648,68524.35294117648,2357.6470588235297,2357.6470588235297,2357.6470588235297,13360,13360.0,13360.0
BR,2020-03-15,3,Restrict_Mass_Gatherings_and_Schools_and_Others-Restrict_Mass_Gatherings_and_Schools_and_Others-Authorize_Schools_but_Restrict_Mass_Gatherings_and_Others,53237439012.27135,53216155203.85894,53258722820.68376,0,6644996571.500495,6140763782.051752,7149229360.949238,47451457.3902439,47451457.3902439,47451457.3902439,56488313867.33969,56470675689.65573,56505952045.02365,30575,22775.0,38375.0,1510,1406.0,1614.0,65178.882352941175,65178.882352941175,65178.882352941175,2222.117647058824,2222.117647058824,2222.117647058824,12592,12592.0,12592.0
BR,2020-03-15,3,Restrict_Mass_Gatherings_and_Schools_and_Others-Restrict_Mass_Gatherings_and_Schools_and_Others-Restrict_Mass_Gatherings_and_Schools_and_Others,67425125320.34196,67403705077.26024,67446545563.42368,0,6684715073.946886,6175838330.048156,7193591817.845616,47593231.02439024,47593231.02439024,47593231.02439024,56488757083.086624,56471005840.1611,56506508326.012146,30771,22921.0,38621.0,1519,1414.0,1624.0,65368.470588235294,65368.470588235294,65368.470588235294,2229.529411764706,2229.529411764706,2229.529411764706,12634,12634.0,12634.0
BR,2020-03-15,3,Restrict_Mass_Gatherings_and_Schools_and_Others-Restrict_Mass_Gatherings_and_Schools_and_Others-Lockdown,74598278618.04602,74575693222.8884,74620864013.20366,0,7020278402.8647175,6486734467.401797,7553822338.327638,48799789.90243903,48799789.90243903,48799789.90243903,56492544768.679016,56473827948.59054,56511261588.767494,32446,24169.0,40723.0,1595,1485.0,1705.0,66969.5294117647,66969.5294117647,66969.5294117647,2294.470588235294,2294.470588235294,2294.470588235294,13002,13002.0,13002.0
BR,2020-03-15,3,Restrict_Mass_Gatherings_and_Schools_and_Others-Lockdown-No_Measure,52173259251.75465,52145052748.22143,52201465755.287865,0,8661761162.878971,8001259503.926364,9322262821.831575,56936054.19512196,56936054.19512196,56936054.19512196,56510804805.191574,56487429697.150665,56534179913.23248,40521,30184.0,50858.0,1967,1831.0,2103.0,77923.17647058824,77923.17647058824,77923.17647058824,2708.823529411765,2708.823529411765,2708.823529411765,15350,15350.0,15350.0
BR,2020-03-15,3,Restrict_Mass_Gatherings_and_Schools_and_Others-Lockdown-Restrict_Mass_Gatherings,57397808433.935036,57308735695.729095,57486881172.140976,0,25834343942.74774,23860668663.84936,27808019221.64612,106869439.97560978,106869439.97560978,106869439.97560978,56708540083.55291,56634724309.94554,56782355857.16028,127964,95321.0,160607.0,5853,5450.0,6256.0,143883.70588235295,143883.70588235295,143883.70588235295,5441.2941176470595,5441.2941176470595,5441.2941176470595,30834,30834.0,30834.0
BR,2020-03-15,3,Restrict_Mass_Gatherings_and_Schools_and_Others-Lockdown-Restrict_Mass_Gatherings_and_Schools,72436255206.70697,72408411619.39412,72464098794.01982,0,8555866963.04926,7904923070.83488,9206810855.26364,56574798.36585367,56574798.36585367,56574798.36585367,56509628926.679306,56486554572.18096,56532703281.17766,40001,29797.0,50205.0,1943,1809.0,2077.0,77442.41176470589,77442.41176470589,77442.41176470589,2689.588235294118,2689.588235294118,2689.588235294118,15241,15241.0,15241.0
BR,2020-03-15,3,Restrict_Mass_Gatherings_and_Schools_and_Others-Lockdown-Authorize_Schools_but_Restrict_Mass_Gatherings_and_Others,60419438733.933495,60394733144.01478,60444144323.8522,0,7659273545.021964,7077024894.719915,8241522195.324014,53365019.56097562,53365019.56097562,53365019.56097562,56499432703.19508,56478958849.2527,56519906557.13747,35492,26438.0,44546.0,1740,1620.0,1860.0,73184.35294117648,73184.35294117648,73184.35294117648,2516.6470588235297,2516.6470588235297,2516.6470588235297,14261,14261.0,14261.0
BR,2020-03-15,3,Restrict_Mass_Gatherings_and_Schools_and_Others-Lockdown-Restrict_Mass_Gatherings_and_Schools_and_Others,74607269662.75357,74582392165.15154,74632147160.35562,0,7712130692.324069,7125131779.938782,8299129604.709356,53545944.073170744,53545944.073170744,53545944.073170744,56499995768.09807,56479379451.95132,56520612084.24482,35741,26624.0,44858.0,1752,1631.0,1873.0,73423.4705882353,73423.4705882353,73423.4705882353,2526.529411764706,2526.529411764706,2526.529411764706,14317,14317.0,14317.0
BR,2020-03-15,3,Restrict_Mass_Gatherings_and_Schools_and_Others-Lockdown-Lockdown,81781675430.72191,81755310795.22438,81808040066.21944,0,8136149077.196408,7519282948.099944,8753015206.292873,55081726.243902445,55081726.243902445,55081726.243902445,56504821392.60802,56482972665.32822,56526670119.88781,37875,28213.0,47537.0,1848,1721.0,1975.0,75463.05882352941,75463.05882352941,75463.05882352941,2608.9411764705883,2608.9411764705883,2608.9411764705883,14784,14784.0,14784.0
BR,2020-03-15,3,Lockdown-No_Measure-No_Measure,29781644549.8972,29739295228.543278,29823993871.25113,0,12876639102.866663,11898473277.351593,13854804928.381733,81506196.14634147,81506196.14634147,81506196.14634147,56556747735.44862,56521652284.46721,56591843186.43004,60838,45318.0,76358.0,2923,2722.0,3124.0,111259.64705882352,111259.64705882352,111259.64705882352,3921.3529411764707,3921.3529411764707,3921.3529411764707,22221,22221.0,22221.0
BR,2020-03-15,3,Lockdown-No_Measure-Restrict_Mass_Gatherings,35156839436.54328,35015192962.8653,35298485910.22127,0,40893569581.21277,37767094662.01798,44020044500.407555,162956631.95121953,162956631.95121953,162956631.95121953,56879325130.93509,56761940797.14351,56996709464.72667,203489,151579.0,255399.0,9263,8625.0,9901.0,218847.64705882352,218847.64705882352,218847.64705882352,8379.35294117647,8379.35294117647,8379.35294117647,47483,47483.0,47483.0
BR,2020-03-15,3,Lockdown-No_Measure-Restrict_Mass_Gatherings_and_Schools,50043731849.95193,50001977383.756195,50085486316.14766,0,12708730686.998873,11740817716.593277,13676643657.404465,80918932.97560976,80918932.97560976,80918932.97560976,56554818842.42754,56520216355.899345,56589421328.95574,59985,44683.0,75287.0,2885,2686.0,3084.0,110479.05882352941,110479.05882352941,110479.05882352941,3889.9411764705883,3889.9411764705883,3889.9411764705883,22043,22043.0,22043.0
BR,2020-03-15,3,Lockdown-No_Measure-Authorize_Schools_but_Restrict_Mass_Gatherings_and_Others,38019018538.51876,37982415845.43619,38055621231.60133,0,11237911292.434647,10382844276.943275,12092978307.92602,75653139.87804879,75653139.87804879,75653139.87804879,56538078402.761604,56507745259.75485,56568411545.76835,52582,39168.0,65996.0,2552,2376.0,2728.0,103489.11764705883,103489.11764705883,103489.11764705883,3606.8823529411766,3606.8823529411766,3606.8823529411766,20439,20439.0,20439.0
BR,2020-03-15,3,Lockdown-No_Measure-Restrict_Mass_Gatherings_and_Schools_and_Others,52207286058.28064,52170399581.0859,52244172535.47538,0,11317487315.001678,10457334759.506819,12177639870.49654,75952110.21951221,75952110.21951221,75952110.21951221,56539003276.43759,56508434957.72839,56569571595.1468,52991,39473.0,66509.0,2570,2393.0,2747.0,103888.41176470589,103888.41176470589,103888.41176470589,3622.588235294118,3622.588235294118,3622.588235294118,20528,20528.0,20528.0
BR,2020-03-15,3,Lockdown-No_Measure-Lockdown,59385430136.18807,59346104207.106064,59424756065.27008,0,12015283783.04077,11101234665.070044,12929332901.011496,78470223.51219513,78470223.51219513,78470223.51219513,56546926888.56639,56514336963.33803,56579516813.794754,56495,42083.0,70907.0,2728,2540.0,2916.0,107228.70588235294,107228.70588235294,107228.70588235294,3758.294117647059,3758.294117647059,3758.294117647059,21297,21297.0,21297.0
BR,2020-03-15,3,Lockdown-Restrict_Mass_Gatherings-No_Measure,36206114819.11483,35796799896.41031,36615429741.81936,0,120189054682.65639,111017387348.38806,129360722016.9247,630497604.0,630497604.0,630497604.0,57748873722.92528,57409668953.014435,58088078492.83612,588023,438019.0,738027.0,27244,25368.0,29120.0,849592.2352941176,849592.2352941176,849592.2352941176,31993.764705882357,31993.764705882357,31993.764705882357,181298,181298.0,181298.0
BR,2020-03-15,3,Lockdown-Restrict_Mass_Gatherings-Restrict_Mass_Gatherings,46045493015.99562,44398077128.39405,47692908903.59719,0,470054959162.4632,434091697183.11224,506018221141.81415,1672678554.5853658,1672678554.5853658,1672678554.5853658,61770979741.95304,60405744085.72765,63136215398.17844,2366689,1762951.0,2970427.0,106421,99095.0,113747.0,2226802.705882353,2226802.705882353,2226802.705882353,88946.29411764706,88946.29411764706,88946.29411764706,504029,504029.0,504029.0
BR,2020-03-15,3,Lockdown-Restrict_Mass_Gatherings-Restrict_Mass_Gatherings_and_Schools,56439438962.18556,56038056351.15474,56840821573.216385,0,117927519714.87407,108932087244.65207,126922952185.09607,622593279.0000001,622593279.0000001,622593279.0000001,57723108415.67771,57390477258.91139,58055739572.44403,576629,429532.0,723726.0,26732,24892.0,28572.0,839111.9411764706,839111.9411764706,839111.9411764706,31567.058823529413,31567.058823529413,31567.058823529413,178880,178880.0,178880.0
BR,2020-03-15,3,Lockdown-Restrict_Mass_Gatherings-Authorize_Schools_but_Restrict_Mass_Gatherings_and_Others,44163912340.77244,43831663905.37454,44496160776.170334,0,98192996704.14809,90704918867.42888,105681074540.86731,551763408.6585367,551763408.6585367,551763408.6585367,57498515619.8353,57223176882.27421,57773854357.39639,477309,355548.0,599070.0,22264,20731.0,23797.0,745122.0588235294,745122.0588235294,745122.0588235294,27754.94117647059,27754.94117647059,27754.94117647059,157278,157278.0,157278.0
BR,2020-03-15,3,Lockdown-Restrict_Mass_Gatherings-Restrict_Mass_Gatherings_and_Schools_and_Others,58366112568.964294,58030027590.66539,58702197547.26319,0,99288395249.67384,91716823491.60583,106859967007.74185,555800101.4634147,555800101.4634147,555800101.4634147,57510986715.97979,57232468583.82592,57789504848.13366,482824,359657.0,605991.0,22512,20962.0,24062.0,750482.3529411765,750482.3529411765,750482.3529411765,27971.64705882353,27971.64705882353,27971.64705882353,158506,158506.0,158506.0
BR,2020-03-15,3,Lockdown-Restrict_Mass_Gatherings-Lockdown,65663197662.88307,65294330162.24229,66032065163.523865,0,108651866087.35146,100363728196.26672,116940003978.4362,589741539.9512196,589741539.9512196,589741539.9512196,57617478344.39911,57311792896.00228,57923163792.79594,529917,394736.0,665098.0,24632,22936.0,26328.0,795530.9411764706,795530.9411764706,795530.9411764706,29797.058823529413,29797.058823529413,29797.058823529413,168850,168850.0,168850.0
BR,2020-03-15,3,Lockdown-Restrict_Mass_Gatherings_and_Schools-No_Measure,50040460146.58186,49999540660.56232,50081379632.60142,0,12457526352.77231,11509056016.253168,13405996689.291452,79254427.46341464,79254427.46341464,79254427.46341464,56552107537.934845,56518197010.68502,56586018065.18467,58786,43790.0,73782.0,2828,2633.0,3023.0,108222.4705882353,108222.4705882353,108222.4705882353,3807.5294117647063,3807.5294117647063,3807.5294117647063,21576,21576.0,21576.0
BR,2020-03-15,3,Lockdown-Restrict_Mass_Gatherings_and_Schools-Restrict_Mass_Gatherings,55398191395.55624,55262427984.81892,55533954806.29356,0,39215123268.33436,36216391113.61326,42213855423.05546,157044849.36585367,157044849.36585367,157044849.36585367,56860212582.50114,56747703621.9258,56972721543.076485,195037,145283.0,244791.0,8883,8271.0,9495.0,210982.82352941178,210982.82352941178,210982.82352941178,8064.176470588236,8064.176470588236,8064.176470588236,45697,45697.0,45697.0
BR,2020-03-15,3,Lockdown-Restrict_Mass_Gatherings_and_Schools-Restrict_Mass_Gatherings_and_Schools,70302651136.98528,70262299219.19005,70343003054.7805,0,12298398840.168995,11364334662.594316,13232463017.743675,78687926.12195122,78687926.12195122,78687926.12195122,56550264574.49735,56516824398.652435,56583704750.34228,57971,43183.0,72759.0,2792,2600.0,2984.0,107472.17647058824,107472.17647058824,107472.17647058824,3776.823529411765,3776.823529411765,3776.823529411765,21402,21402.0,21402.0
BR,2020-03-15,3,Lockdown-Restrict_Mass_Gatherings_and_Schools-Authorize_Schools_but_Restrict_Mass_Gatherings_and_Others,58278857395.22326,58243422582.90998,58314292207.53654,0,10893861450.621342,10067704883.141895,11720018018.100784,73662377.0487805,73662377.0487805,73662377.0487805,56534286194.559555,56504920890.02059,56563651499.09851,50905,37919.0,63891.0,2474,2304.0,2644.0,100803.70588235294,100803.70588235294,100803.70588235294,3506.294117647059,3506.294117647059,3506.294117647059,19869,19869.0,19869.0
BR,2020-03-15,3,Lockdown-Restrict_Mass_Gatherings_and_Schools-Restrict_Mass_Gatherings_and_Schools_and_Others,72467073069.8108,72431368116.8523,72502778022.76932,0,10969047021.556135,10133610722.686964,11804483320.425306,73948890.29268293,73948890.29268293,73948890.29268293,56535168103.44375,56505578929.726494,56564757277.161,51295,38210.0,64380.0,2491,2319.0,2663.0,101184.35294117648,101184.35294117648,101184.35294117648,3521.6470588235297,3521.6470588235297,3521.6470588235297,19956,19956.0,19956.0
BR,2020-03-15,3,Lockdown-Restrict_Mass_Gatherings_and_Schools-Lockdown,79644783285.46983,79606748028.3595,79682818542.58017,0,11635897712.903059,10751127030.90551,12520668394.900608,76354889.70731708,76354889.70731708,76354889.70731708,56542732168.10437,56511211840.0612,56574252496.14754,54640,40701.0,68579.0,2642,2460.0,2824.0,104376.82352941176,104376.82352941176,104376.82352941176,3651.1764705882356,3651.1764705882356,3651.1764705882356,20690,20690.0,20690.0
BR,2020-03-15,3,Lockdown-Authorize_Schools_but_Restrict_Mass_Gatherings_and_Others-No_Measure,37990563723.8874,37961222083.90552,38019905363.86928,0,9052037062.553644,8362723085.7121105,9741351039.395176,60811991.12195122,60811991.12195122,60811991.12195122,56514497515.98105,56490181705.130325,56538813326.83177,42154,31401.0,52907.0,2056,1914.0,2198.0,83331.29411764706,83331.29411764706,83331.29411764706,2877.7058823529414,2877.7058823529414,2877.7058823529414,16307,16307.0,16307.0
BR,2020-03-15,3,Lockdown-Authorize_Schools_but_Restrict_Mass_Gatherings_and_Others-Restrict_Mass_Gatherings,43208037404.117355,43119633195.79104,43296441612.44367,0,25712146401.595566,23748944770.583412,27675348032.607716,109251118.39024392,109251118.39024392,109251118.39024392,56706369230.91489,56633107476.99118,56779630984.83859,127004,94606.0,159402.0,5826,5425.0,6227.0,147318.70588235295,147318.70588235295,147318.70588235295,5528.2941176470595,5528.2941176470595,5528.2941176470595,31327,31327.0,31327.0
BR,2020-03-15,3,Lockdown-Authorize_Schools_but_Restrict_Mass_Gatherings_and_Others-Restrict_Mass_Gatherings_and_Schools,58253600609.24053,58224608242.012085,58282592976.46898,0,8950500604.315172,8270703506.660615,9630297701.96973,60457260.439024396,60457260.439024396,60457260.439024396,56513355557.04125,56489329193.20894,56537381920.873566,41649,31024.0,52274.0,2033,1893.0,2173.0,82866.23529411765,82866.23529411765,82866.23529411765,2857.764705882353,2857.764705882353,2857.764705882353,16194,16194.0,16194.0
BR,2020-03-15,3,Lockdown-Authorize_Schools_but_Restrict_Mass_Gatherings_and_Others-Authorize_Schools_but_Restrict_Mass_Gatherings_and_Others,46237138866.607254,46211197178.58459,46263080554.62991,0,8080380736.245303,7469017200.175077,8691744272.31553,57341206.46341464,57341206.46341464,57341206.46341464,56503453303.18509,56481955078.154144,56524951528.21604,37270,27763.0,46777.0,1836,1710.0,1962.0,78726.17647058824,78726.17647058824,78726.17647058824,2690.823529411765,2690.823529411765,2690.823529411765,15248,15248.0,15248.0
BR,2020-03-15,3,Lockdown-Authorize_Schools_but_Restrict_Mass_Gatherings_and_Others-Restrict_Mass_Gatherings_and_Schools_and_Others,60424950694.57363,60398839827.56102,60451061561.58624,0,8128945562.038171,7512839941.394956,8745051182.681385,57517385.41463415,57517385.41463415,57517385.41463415,56504000538.95426,56482362113.02377,56525638964.88475,37512,27943.0,47081.0,1847,1720.0,1974.0,78962.0,78962.0,78962.0,2700.0,2700.0,2700.0,15300,15300.0,15300.0
BR,2020-03-15,3,Lockdown-Authorize_Schools_but_Restrict_Mass_Gatherings_and_Others-Lockdown,67599187283.552,67571632937.73808,67626741629.36591,0,8539751704.462546,7889674628.334666,9189828780.590425,59012237.12195123,59012237.12195123,59012237.12195123,56508685962.56467,56485851306.37843,56531520618.7509,39584,29486.0,49682.0,1940,1806.0,2074.0,80944.35294117648,80944.35294117648,80944.35294117648,2780.6470588235297,2780.6470588235297,2780.6470588235297,15757,15757.0,15757.0
BR,2020-03-15,3,Lockdown-Restrict_Mass_Gatherings_and_Schools_and_Others-No_Measure,52180061884.366455,52150119931.839615,52210003836.8933,0,9228472878.86816,8528889691.896651,9928056065.83967,61774153.609756105,61774153.609756105,61774153.609756105,56516442238.13595,56491628940.22234,56541255536.049545,43014,32041.0,53987.0,2096,1952.0,2240.0,84632.11764705883,84632.11764705883,84632.11764705883,2925.8823529411766,2925.8823529411766,2925.8823529411766,16580,16580.0,16580.0
BR,2020-03-15,3,Lockdown-Restrict_Mass_Gatherings_and_Schools_and_Others-Restrict_Mass_Gatherings,57404695656.041824,57313865639.295166,57495525672.78848,0,26405544240.49217,24388486934.555397,28422601546.428936,111712284.95121953,111712284.95121953,111712284.95121953,56714247616.94705,56638975563.02834,56789519670.86576,130488,97201.0,163775.0,5983,5571.0,6395.0,150597.11764705883,150597.11764705883,150597.11764705883,5658.882352941177,5658.882352941177,5658.882352941177,32067,32067.0,32067.0
BR,2020-03-15,3,Lockdown-Restrict_Mass_Gatherings_and_Schools_and_Others-Restrict_Mass_Gatherings_and_Schools,72443055110.6254,72413476074.31892,72472634146.93187,0,9122570501.5282,8428310002.3574295,9816831000.69897,61411711.3902439,61411711.3902439,61411711.3902439,56515264098.31885,56490751553.947815,56539776642.689896,42493,31653.0,53333.0,2072,1929.0,2215.0,84151.70588235294,84151.70588235294,84151.70588235294,2906.294117647059,2906.294117647059,2906.294117647059,16469,16469.0,16469.0
BR,2020-03-15,3,Lockdown-Restrict_Mass_Gatherings_and_Schools_and_Others-Authorize_Schools_but_Restrict_Mass_Gatherings_and_Others,60426222265.6916,60399786684.16603,60452657847.21717,0,8225928018.4394045,7600379116.201464,8851476920.677345,58194814.243902445,58194814.243902445,58194814.243902445,56505054307.00564,56483146785.800224,56526961828.211044,37978,28290.0,47666.0,1869,1740.0,1998.0,79885.17647058824,79885.17647058824,79885.17647058824,2732.823529411765,2732.823529411765,2732.823529411765,15486,15486.0,15486.0
BR,2020-03-15,3,Lockdown-Restrict_Mass_Gatherings_and_Schools_and_Others-Restrict_Mass_Gatherings_and_Schools_and_Others,74614053194.51169,74587442976.60939,74640663412.41397,0,8274550086.804022,7644242744.972593,8904857428.63545,58377518.341463424,58377518.341463424,58377518.341463424,56505617371.90862,56483565127.194016,56527669616.62324,38227,28475.0,47979.0,1880,1750.0,2010.0,80126.11764705883,80126.11764705883,80126.11764705883,2742.8823529411766,2742.8823529411766,2742.8823529411766,15543,15543.0,15543.0
BR,2020-03-15,3,Lockdown-Restrict_Mass_Gatherings_and_Schools_and_Others-Lockdown,81788467148.56017,81760369792.7624,81816564504.35794,0,8702828083.1446,8042653524.601994,9363002641.687204,59916266.48780489,59916266.48780489,59916266.48780489,56510449780.33306,56487165124.485405,56533734436.18072,40364,30067.0,50661.0,1977,1841.0,2113.0,82168.35294117648,82168.35294117648,82168.35294117648,2825.6470588235297,2825.6470588235297,2825.6470588235297,16012,16012.0,16012.0
BR,2020-03-15,3,Lockdown-Lockdown-No_Measure,59369546411.98697,59334272592.58347,59404820231.39046,0,10798800709.128857,9977361693.691648,11620239724.566063,70307858.63414635,70307858.63414635,70307858.63414635,56533763833.143524,56504531945.589615,56562995720.69744,50674,37747.0,63601.0,2452,2283.0,2621.0,96151.05882352941,96151.05882352941,96151.05882352941,3355.9411764705883,3355.9411764705883,3355.9411764705883,19017,19017.0,19017.0
BR,2020-03-15,3,Lockdown-Lockdown-Restrict_Mass_Gatherings,64658479114.6149,64545915055.04711,64771043174.18269,0,32602694569.833706,30109700737.81936,35095688401.84805,133698468.95121953,133698468.95121953,133698468.95121953,56784854598.99884,56691571252.09901,56878137945.89867,161712,120460.0,202964.0,7386,6877.0,7895.0,179885.82352941178,179885.82352941178,179885.82352941178,6825.176470588236,6825.176470588236,6825.176470588236,38676,38676.0,38676.0
BR,2020-03-15,3,Lockdown-Lockdown-Restrict_Mass_Gatherings_and_Schools,79632152163.78508,79597339493.56386,79666964834.0063,0,10666326651.708467,9854739793.378489,11477913510.03845,69846946.02439025,69846946.02439025,69846946.02439025,56532264588.04039,56503414861.00296,56561114315.07782,50011,37253.0,62769.0,2422,2255.0,2589.0,95539.94117647059,95539.94117647059,95539.94117647059,3331.058823529412,3331.058823529412,3331.058823529412,18876,18876.0,18876.0
BR,2020-03-15,3,Lockdown-Lockdown-Authorize_Schools_but_Restrict_Mass_Gatherings_and_Others,67611960297.29285,67581147891.575806,67642772703.00989,0,9522453233.0026,8799086025.573902,10245820440.4313,65756865.6585366,65756865.6585366,65756865.6585366,56519271130.47987,56493736476.325096,56544805784.63465,44265,32973.0,55557.0,2163,2014.0,2312.0,90112.0,90112.0,90112.0,3111.0,3111.0,3111.0,17629,17629.0,17629.0
BR,2020-03-15,3,Lockdown-Lockdown-Restrict_Mass_Gatherings_and_Schools_and_Others,81799979505.95657,81768946076.07526,81831012935.8379,0,9588579865.324419,8860315200.627983,10316844530.020855,65989398.14634147,65989398.14634147,65989398.14634147,56519990225.41622,56494272405.57011,56545708045.26233,44583,33210.0,55956.0,2178,2028.0,2328.0,90421.64705882352,90421.64705882352,90421.64705882352,3123.3529411764707,3123.3529411764707,3123.3529411764707,17699,17699.0,17699.0
BR,2020-03-15,3,Lockdown-Lockdown-Lockdown,88975981559.55583,88943054416.46448,89008908702.64719,0,10127494146.067694,9359673657.757854,10895314634.377533,67948721.63414635,67948721.63414635,67948721.63414635,56526138713.252464,56498851547.85345,56553425878.651474,47302,35235.0,59369.0,2300,2142.0,2458.0,93021.11764705883,93021.11764705883,93021.11764705883,3228.8823529411766,3228.8823529411766,3228.8823529411766,18297,18297.0,18297.0
DE,2020-03-15,3,actual,58780916230.00001,58780916230.00001,58780916230.00001,0,10903205479.36306,,,280895168.95,,,20703567559.696228,,,181623,,,8779,,,574883.0,,,27954.0,,,107321,,
DE,2020-03-15,3,No_Measure-No_Measure-No_Measure,745068578.9068782,734452289.5231786,755684868.290578,0,10518138526.95059,10413870187.799295,10622406866.101889,241518314.02058822,241518314.02058822,241518314.02058822,20777146571.09623,20769933269.49623,20784359872.696228,212510,209482.0,215538.0,9297,9219.0,9375.0,508396.4117647059,508396.4117647059,508396.4117647059,16690.58823529412,16690.58823529412,16690.58823529412,94580,94580.0,94580.0
DE,2020-03-15,3,No_Measure-No_Measure-Restrict_Mass_Gatherings,6272277828.39802,6255070183.650596,6289485473.145443,0,13229572094.063229,13092797850.94083,13366346337.185625,308390097.10588235,308390097.10588235,308390097.10588235,21091477861.09623,21079786023.49623,21103169698.696228,344460,339552.0,349368.0,11705,11607.0,11803.0,629270.1176470588,629270.1176470588,629270.1176470588,21651.88235294118,21651.88235294118,21651.88235294118,122694,122694.0,122694.0
DE,2020-03-15,3,No_Measure-No_Measure-Restrict_Mass_Gatherings_and_Schools,20999518902.330032,20988958709.587727,21010079095.07234,0,10485113171.08127,10382062281.976528,10588164060.18601,240852558.87352943,240852558.87352943,240852558.87352943,20774497564.696228,20767322378.29623,20781672751.09623,211398,208386.0,214410.0,9273,9196.0,9350.0,507173.4705882353,507173.4705882353,507173.4705882353,16641.529411764706,16641.529411764706,16641.529411764706,94302,94302.0,94302.0
DE,2020-03-15,3,No_Measure-No_Measure-Authorize_Schools_but_Restrict_Mass_Gatherings_and_Others,8678277583.588987,8667454437.840149,8689100729.337826,0,10633984339.534664,10529407502.127367,10738561176.94196,243790095.9029412,243790095.9029412,243790095.9029412,20787051758.696228,20779697907.29623,20794405610.09623,216668,213581.0,219755.0,9380,9302.0,9458.0,512514.0588235294,512514.0588235294,512514.0588235294,16858.94117647059,16858.94117647059,16858.94117647059,95534,95534.0,95534.0
DE,2020-03-15,3,No_Measure-No_Measure-Restrict_Mass_Gatherings_and_Schools_and_Others,23135019250.306026,23125528399.79028,23144510100.82177,0,9954838184.851059,9857917232.87654,10051759136.82558,227263294.87058824,227263294.87058824,227263294.87058824,20723508955.89623,20717060340.49623,20729957571.29623,189994,187287.0,192701.0,8779,8706.0,8852.0,482185.4117647059,482185.4117647059,482185.4117647059,15640.588235294119,15640.588235294119,15640.588235294119,88630,88630.0,88630.0
DE,2020-03-15,3,No_Measure-No_Measure-Lockdown,30147305119.809174,30136976325.712616,30157633913.905735,0,10345398549.068651,10243826549.210464,10446970548.926836,238049051.15588236,238049051.15588236,238049051.15588236,20763532298.09623,20756514336.89623,20770550259.29623,206795,203849.0,209741.0,9171,9095.0,9247.0,502027.1176470588,502027.1176470588,502027.1176470588,16434.88235294118,16434.88235294118,16434.88235294118,93131,93131.0,93131.0
DE,2020-03-15,3,No_Measure-Restrict_Mass_Gatherings-No_Measure,8061441639.199347,8018745083.018801,8104138195.379893,0,34324020197.820732,34115229242.890293,34674545073.519165,821741868.1970589,821741868.1970589,821741868.1970589,22307135960.89623,22278125529.29623,22336146392.496227,854769,842591.0,866947.0,30332,30079.0,30585.0,1630599.9411764706,1630599.9411764706,1630599.9411764706,58483.05882352941,58483.05882352941,58483.05882352941,331404,331404.0,331404.0
DE,2020-03-15,3,No_Measure-Restrict_Mass_Gatherings-Restrict_Mass_Gatherings,16545953629.667408,16454530128.356524,16637377130.978289,0,55183680504.57823,54727616326.22231,55781478603.70215,1331570069.967647,1331570069.967647,1331570069.967647,24630824364.49623,24568706117.296227,24692942611.696228,1830207,1804131.0,1856283.0,48732,48325.0,49139.0,2553491.3529411764,2553491.3529411764,2553491.3529411764,96284.64705882354,96284.64705882354,96284.64705882354,545613,545613.0,545613.0
DE,2020-03-15,3,No_Measure-Restrict_Mass_Gatherings-Restrict_Mass_Gatherings_and_Schools,28288976092.873936,28246717791.704277,28331234394.043594,0,34203244541.024708,33854507052.828827,34410248108.45258,816489832.632353,816489832.632353,816489832.632353,22286198805.09623,22257486148.49623,22314911461.696228,845980,833927.0,858033.0,30141,29889.0,30393.0,1620992.6470588236,1620992.6470588236,1620992.6470588236,58095.352941176476,58095.352941176476,58095.352941176476,329207,329207.0,329207.0
DE,2020-03-15,3,No_Measure-Restrict_Mass_Gatherings-Authorize_Schools_but_Restrict_Mass_Gatherings_and_Others,16131926137.451263,16087062848.496899,16176789426.40563,0,35462045817.5344,35099219237.30352,35683138476.99728,847339525.7705883,847339525.7705883,847339525.7705883,22410313807.29623,22379831176.09623,22440796438.49623,898081,885285.0,910877.0,31261,31000.0,31522.0,1677371.4117647058,1677371.4117647058,1677371.4117647058,60373.58823529412,60373.58823529412,60373.58823529412,342117,342117.0,342117.0
DE,2020-03-15,3,No_Measure-Restrict_Mass_Gatherings-Restrict_Mass_Gatherings_and_Schools_and_Others,29920518238.73203,29886509649.887283,29954526827.576775,0,30007596285.811012,29706309600.94634,30308882970.675686,715050106.1970589,715050106.1970589,715050106.1970589,21892792768.29623,21869685428.29623,21915900108.29623,680836,671136.0,690536.0,26452,26231.0,26673.0,1435199.9411764706,1435199.9411764706,1435199.9411764706,50611.05882352941,50611.05882352941,50611.05882352941,286796,286796.0,286796.0
DE,2020-03-15,3,No_Measure-Restrict_Mass_Gatherings-Lockdown,37323948458.47088,37283527322.30685,37364369594.6349,0,33237695657.710754,33041368499.616764,33575756736.57275,794274769.7029412,794274769.7029412,794274769.7029412,22198581489.09623,22171117105.29623,22226045872.89623,809200,797671.0,820729.0,29334,29089.0,29579.0,1580326.0588235294,1580326.0588235294,1580326.0588235294,56455.941176470595,56455.941176470595,56455.941176470595,319917,319917.0,319917.0
DE,2020-03-15,3,No_Measure-Restrict_Mass_Gatherings_and_Schools-No_Measure,20990858983.31493,20980421501.97567,21001296464.654186,0,10363354282.355984,10260486400.69124,10466222164.020723,238188803.15882352,238188803.15882352,238188803.15882352,20768613530.696228,20761521721.29623,20775705340.09623,208928,205951.0,211905.0,9177,9100.0,9254.0,501895.17647058825,501895.17647058825,501895.17647058825,16451.823529411766,16451.823529411766,16451.823529411766,93227,93227.0,93227.0
DE,2020-03-15,3,No_Measure-Restrict_Mass_Gatherings_and_Schools-Restrict_Mass_Gatherings,26459682147.23581,26443487748.073555,26475876546.398064,0,12745092188.918446,12614364222.382269,12875820155.454622,295714321.61176467,295714321.61176467,295714321.61176467,21043274044.09623,21032270662.29623,21054277425.89623,324225,319606.0,328844.0,11246,11152.0,11340.0,605696.2352941176,605696.2352941176,605696.2352941176,20722.764705882353,20722.764705882353,20722.764705882353,117429,117429.0,117429.0
DE,2020-03-15,3,No_Measure-Restrict_Mass_Gatherings_and_Schools-Restrict_Mass_Gatherings_and_Schools,41246483830.16726,41236088421.309044,41256879239.025475,0,10341150885.1471,10239479538.392914,10442822231.901285,237765203.22941178,237765203.22941178,237765203.22941178,20766762561.29623,20759699338.29623,20773825784.29623,208151,205186.0,211116.0,9161,9085.0,9237.0,501128.5882352941,501128.5882352941,501128.5882352941,16420.411764705885,16420.411764705885,16420.411764705885,93049,93049.0,93049.0
DE,2020-03-15,3,No_Measure-Restrict_Mass_Gatherings_and_Schools-Authorize_Schools_but_Restrict_Mass_Gatherings_and_Others,28927517931.44273,28916824509.177116,28938211353.708347,0,10514957534.96504,10411707952.068298,10618207117.861782,241219430.02058822,241219430.02058822,241219430.02058822,20780862803.09623,20773597093.09623,20788128513.09623,214070,211020.0,217120.0,9287,9210.0,9364.0,507436.4117647059,507436.4117647059,507436.4117647059,16675.58823529412,16675.58823529412,16675.58823529412,94495,94495.0,94495.0
DE,2020-03-15,3,No_Measure-Restrict_Mass_Gatherings_and_Schools-Restrict_Mass_Gatherings_and_Schools_and_Others,43389683442.1745,43380245182.260056,43399121702.088936,0,9892653257.739305,9795810737.524786,9989495777.953827,225877977.50588235,225877977.50588235,225877977.50588235,20721005263.696228,20714592381.29623,20727418146.09623,188943,186251.0,191635.0,8729,8656.0,8802.0,479326.1176470588,479326.1176470588,479326.1176470588,15543.882352941177,15543.882352941177,15543.882352941177,88082,88082.0,88082.0
DE,2020-03-15,3,No_Measure-Restrict_Mass_Gatherings_and_Schools-Lockdown,50398891008.481186,50388656877.46698,50409125139.49539,0,10250278012.04102,10290581110.118835,10351708834.731207,235959093.31764707,235959093.31764707,235959093.31764707,20758937034.29623,20751983392.49623,20765890676.09623,204866,201947.0,207785.0,9096,9020.0,9172.0,497850.35294117645,497850.35294117645,497850.35294117645,16286.64705882353,16286.64705882353,16286.64705882353,92291,92291.0,92291.0
DE,2020-03-15,3,No_Measure-Authorize_Schools_but_Restrict_Mass_Gatherings_and_Others-No_Measure,8722264362.521582,8710813635.597157,8733715089.446009,0,11252873940.845543,11142825993.092026,11221187967.83106,257312192.55,257312192.55,257312192.55,20816938839.89623,20809158574.696228,20824719105.09623,229214,225948.0,232480.0,9868,9786.0,9950.0,539247.0,539247.0,539247.0,17823.0,17823.0,17823.0,100997,100997.0,100997.0
DE,2020-03-15,3,No_Measure-Authorize_Schools_but_Restrict_Mass_Gatherings_and_Others-Restrict_Mass_Gatherings,14326434697.964373,14307298731.16905,14345570664.759693,0,14389732636.293657,14241012245.950819,14538453026.636496,335265055.3088235,335265055.3088235,335265055.3088235,21183561802.09623,21170559754.49623,21196563849.696228,383115,377657.0,388573.0,12675,12569.0,12781.0,680126.1764705882,680126.1764705882,680126.1764705882,23606.823529411766,23606.823529411766,23606.823529411766,133772,133772.0,133772.0
DE,2020-03-15,3,No_Measure-Authorize_Schools_but_Restrict_Mass_Gatherings_and_Others-Restrict_Mass_Gatherings_and_Schools,28975974911.486362,28964590799.32359,28987359023.64913,0,11213076364.039446,11103127763.18193,11181291044.128963,256508227.37352943,256508227.37352943,256508227.37352943,20813787189.29623,20806052185.89623,20821522192.696228,227891,224644.0,231138.0,9839,9757.0,9921.0,537783.4705882353,537783.4705882353,537783.4705882353,17763.529411764706,17763.529411764706,17763.529411764706,100660,100660.0,100660.0
DE,2020-03-15,3,No_Measure-Authorize_Schools_but_Restrict_Mass_Gatherings_and_Others-Authorize_Schools_but_Restrict_Mass_Gatherings_and_Others,16663964996.294617,16652188207.64209,16675741784.947142,0,11307677317.66292,11194875513.992292,11420479121.333548,261239573.2117647,261239573.2117647,261239573.2117647,20832613715.89623,20824611906.09623,20840615525.696228,235794,232435.0,239153.0,10011,9927.0,10095.0,546440.2352941176,546440.2352941176,546440.2352941176,18112.764705882353,18112.764705882353,18112.764705882353,102639,102639.0,102639.0
DE,2020-03-15,3,No_Measure-Authorize_Schools_but_Restrict_Mass_Gatherings_and_Others-Restrict_Mass_Gatherings_and_Schools_and_Others,31097118025.305733,31087010111.734657,31107225938.876804,0,10551411925.581392,10449035549.612652,10512054380.782133,240273448.68529415,240273448.68529415,240273448.68529415,20753043471.49623,20746175588.89623,20759911354.09623,202392,199509.0,205275.0,9248,9171.0,9325.0,507897.70588235295,507897.70588235295,507897.70588235295,16568.29411764706,16568.29411764706,16568.29411764706,93887,93887.0,93887.0
DE,2020-03-15,3,No_Measure-Authorize_Schools_but_Restrict_Mass_Gatherings_and_Others-Lockdown,38120647765.36817,38109540630.37228,38131754900.36406,0,11046042791.783726,10937641054.364763,11154444529.202686,253149861.45294118,253149861.45294118,253149861.45294118,20800706529.09623,20793159719.49623,20808253338.696228,222400,219232.0,225568.0,9717,9636.0,9798.0,531621.0588235294,531621.0588235294,531621.0588235294,17515.94117647059,17515.94117647059,17515.94117647059,99257,99257.0,99257.0
DE,2020-03-15,3,No_Measure-Restrict_Mass_Gatherings_and_Schools_and_Others-No_Measure,23004321087.939594,22996691944.71009,23011950231.169094,0,8149948714.219459,8070543510.082153,8229353918.356764,184388463.59411764,184388463.59411764,184388463.59411764,20634705304.29623,20629521637.09623,20639888971.49623,152716,150540.0,154892.0,7234,7174.0,7294.0,396527.8823529412,396527.8823529412,396527.8823529412,12599.117647058825,12599.117647058825,12599.117647058825,71395,71395.0,71395.0
DE,2020-03-15,3,No_Measure-Restrict_Mass_Gatherings_and_Schools_and_Others-Restrict_Mass_Gatherings,28230059974.502464,28220134375.01592,28239985573.989006,0,9185060750.337955,9094294166.162766,9275827334.513145,207351985.71764708,207351985.71764708,207351985.71764708,20744200745.09623,20737456736.89623,20750944753.29623,198680,195849.0,201511.0,8060,7993.0,8127.0,437986.35294117645,437986.35294117645,437986.35294117645,14303.64705882353,14303.64705882353,14303.64705882353,81054,81054.0,81054.0
DE,2020-03-15,3,No_Measure-Restrict_Mass_Gatherings_and_Schools_and_Others-Restrict_Mass_Gatherings_and_Schools,43261141494.461624,43253536893.51273,43268746095.410515,0,8136331069.369907,8056962466.720603,8215699672.019213,184120971.18235296,184120971.18235296,184120971.18235296,20633666665.09623,20628499673.29623,20638833656.89623,152280,150111.0,154449.0,7224,7164.0,7284.0,396039.64705882355,396039.64705882355,396039.64705882355,12579.352941176472,12579.352941176472,12579.352941176472,71283,71283.0,71283.0
DE,2020-03-15,3,No_Measure-Restrict_Mass_Gatherings_and_Schools_and_Others-Authorize_Schools_but_Restrict_Mass_Gatherings_and_Others,30926465030.106853,30918786802.31613,30934143257.897575,0,8172194798.325785,8092716391.21248,8251673205.43909,184828382.69411767,184828382.69411767,184828382.69411767,20637092268.696228,20631875250.696228,20642309286.696228,153718,151528.0,155908.0,7249,7189.0,7309.0,397301.8823529412,397301.8823529412,397301.8823529412,12632.117647058825,12632.117647058825,12632.117647058825,71582,71582.0,71582.0
DE,2020-03-15,3,No_Measure-Restrict_Mass_Gatherings_and_Schools_and_Others-Restrict_Mass_Gatherings_and_Schools_and_Others,45445628234.53439,45438391767.79465,45452864701.27414,0,8047594241.518099,7969908450.691349,8125280032.34485,179495178.92941177,179495178.92941177,179495178.92941177,20615962154.696228,20611045293.89623,20620879015.49623,144848,142784.0,146912.0,7055,6996.0,7114.0,387546.5882352941,387546.5882352941,387546.5882352941,12238.411764705883,12238.411764705883,12238.411764705883,69351,69351.0,69351.0
DE,2020-03-15,3,No_Measure-Restrict_Mass_Gatherings_and_Schools_and_Others-Lockdown,52418832275.18678,52411315325.24007,52426349225.1335,0,8081682711.315704,8144178749.0344,8160920594.365009,183024435.41470587,183024435.41470587,183024435.41470587,20629431113.49623,20624323676.696228,20634538550.29623,150502,148358.0,152646.0,7184,7124.0,7244.0,394016.29411764705,394016.29411764705,394016.29411764705,12498.705882352942,12498.705882352942,12498.705882352942,70826,70826.0,70826.0
DE,2020-03-15,3,No_Measure-Lockdown-No_Measure,30108465207.724426,30098690367.961624,30118240047.487225,0,9920136514.03742,9822792030.558899,10017480997.515942,225609195.17941177,225609195.17941177,225609195.17941177,20737142286.49623,20730500712.89623,20743783860.09623,195717,192929.0,198505.0,8722,8649.0,8795.0,477291.5882352941,477291.5882352941,477291.5882352941,15550.411764705883,15550.411764705883,15550.411764705883,88119,88119.0,88119.0
DE,2020-03-15,3,No_Measure-Lockdown-Restrict_Mass_Gatherings,35525069410.58823,35510277427.46081,35539861393.71565,0,11926944062.034452,11805110346.113605,12048777777.955297,275806503.5617647,275806503.5617647,275806503.5617647,20976322313.09623,20966271811.29623,20986372814.89623,296120,291901.0,300339.0,10529,10441.0,10617.0,567899.2352941176,567899.2352941176,567899.2352941176,19276.764705882353,19276.764705882353,19276.764705882353,109235,109235.0,109235.0
DE,2020-03-15,3,No_Measure-Lockdown-Restrict_Mass_Gatherings_and_Schools,50363669329.766304,50353936562.48455,50373402097.048065,0,9893904294.240873,9796622556.170353,9991186032.311396,225070095.92352942,225070095.92352942,225070095.92352942,20735005453.09623,20728392465.89623,20741618440.29623,194820,192044.0,197596.0,8703,8630.0,8776.0,476310.4705882353,476310.4705882353,476310.4705882353,15510.529411764706,15510.529411764706,15510.529411764706,87893,87893.0,87893.0
DE,2020-03-15,3,No_Measure-Lockdown-Authorize_Schools_but_Restrict_Mass_Gatherings_and_Others,38040506701.05753,38030539029.08994,38050474373.02512,0,10029705983.53927,9932073916.94075,10127338050.137793,227782375.23235294,227782375.23235294,227782375.23235294,20746254201.49623,20739481606.89623,20753026796.09623,199542,196699.0,202385.0,8801,8728.0,8874.0,481236.64705882355,481236.64705882355,481236.64705882355,15711.352941176472,15711.352941176472,15711.352941176472,89031,89031.0,89031.0
DE,2020-03-15,3,No_Measure-Lockdown-Restrict_Mass_Gatherings_and_Schools_and_Others,52516464973.4919,52507556125.63061,52525373821.35319,0,9386011298.026382,9436227402.974083,9477529113.846684,214846005.05,214846005.05,214846005.05,20695768236.89623,20689715066.696228,20701821407.09623,178349,175808.0,180890.0,8331,8262.0,8400.0,457537.0,457537.0,457537.0,14757.000000000002,14757.000000000002,14757.000000000002,83623,83623.0,83623.0
DE,2020-03-15,3,No_Measure-Lockdown-Lockdown,59515038720.21445,59505484760.977135,59524592679.45176,0,9786744437.537577,9690863156.953611,9882625718.121542,222924463.87941176,222924463.87941176,222924463.87941176,20726474794.89623,20719983299.89623,20732966289.89623,191239,188514.0,193964.0,8625,8553.0,8697.0,472369.5882352941,472369.5882352941,472369.5882352941,15352.411764705883,15352.411764705883,15352.411764705883,86997,86997.0,86997.0
DE,2020-03-15,3,Restrict_Mass_Gatherings-No_Measure-No_Measure,9863150061.432272,9794782279.734074,9931517843.13047,0,63696843649.79261,63063135085.09428,64188818293.722946,1549796567.7205882,1549796567.7205882,1549796567.7205882,23531317572.29623,23484864672.29623,23577770472.29623,1368656,1349156.0,1388156.0,56119,55650.0,56588.0,3175974.411764706,3175974.411764706,3175974.411764706,108577.58823529413,108577.58823529413,108577.58823529413,615273,615273.0,615273.0
DE,2020-03-15,3,Restrict_Mass_Gatherings-No_Measure-Restrict_Mass_Gatherings,17849043548.835068,17739052059.22297,17959035038.447163,0,81793654043.11458,81087675482.19386,82499632604.03531,1992579132.4882355,1992579132.4882355,1992579132.4882355,25516216638.496227,25441482260.09623,25590951016.89623,2201877,2170505.0,2233249.0,72113,71510.0,72716.0,3978657.7647058824,3978657.7647058824,3978657.7647058824,141388.23529411765,141388.23529411765,141388.23529411765,801200,801200.0,801200.0
DE,2020-03-15,3,Restrict_Mass_Gatherings-No_Measure-Restrict_Mass_Gatherings_and_Schools,30095161728.298073,30027169092.88919,30163154363.70695,0,63469355966.96047,62979074592.42069,63959637341.500244,1545230208.864706,1545230208.864706,1545230208.864706,23513422485.89623,23467224481.296227,23559620490.49623,1361144,1341751.0,1380537.0,55953,55485.0,56421.0,3167609.294117647,3167609.294117647,3167609.294117647,108240.70588235295,108240.70588235295,108240.70588235295,613364,613364.0,613364.0
DE,2020-03-15,3,Restrict_Mass_Gatherings-No_Measure-Authorize_Schools_but_Restrict_Mass_Gatherings_and_Others,17913495865.42396,17843252352.27917,17983739378.568752,0,64546320894.67911,64043612324.79089,65049029464.56733,1572474579.764706,1572474579.764706,1572474579.764706,23620812061.89623,23573084684.89623,23668539438.89623,1406224,1386189.0,1426259.0,56945,56469.0,57421.0,3217515.294117647,3217515.294117647,3217515.294117647,110250.70588235295,110250.70588235295,110250.70588235295,624754,624754.0,624754.0
DE,2020-03-15,3,Restrict_Mass_Gatherings-No_Measure-Restrict_Mass_Gatherings_and_Schools_and_Others,31817482264.091022,31756445612.214924,31878518915.96712,0,59887540324.2044,59437111384.18706,60337969264.22175,1458831442.6852942,1458831442.6852942,1458831442.6852942,23181696371.49623,23140224651.696228,23223168091.29623,1221892,1204483.0,1239301.0,52811,52369.0,53253.0,3009297.705882353,3009297.705882353,3009297.705882353,101867.29411764706,101867.29411764706,101867.29411764706,577248,577248.0,577248.0
DE,2020-03-15,3,Restrict_Mass_Gatherings-No_Measure-Lockdown,39150826742.489,39084376764.71844,39217276720.25956,0,62672989686.12624,62191811713.56179,63154167658.69068,1526359289.032353,1526359289.032353,1526359289.032353,23439864914.296227,23394715077.696228,23485014750.89623,1330266,1311313.0,1349219.0,55268,54806.0,55730.0,3133048.6470588236,3133048.6470588236,3133048.6470588236,106848.35294117648,106848.35294117648,106848.35294117648,605474,605474.0,605474.0
DE,2020-03-15,3,Restrict_Mass_Gatherings-Restrict_Mass_Gatherings-No_Measure,26396660593.910698,26164883295.83355,26628437891.987854,0,197449884366.34976,195736890239.49356,199021144572.43796,515408445.04117656,515408445.04117656,515408445.04117656,31323946390.296227,31166463912.696228,31481428867.89623,4639846,4573738.0,4705954.0,174129,172673.0,175585.0,9561212.823529411,9561212.823529411,9561212.823529411,342081.17647058825,342081.17647058825,342081.17647058825,1938460,1938460.0,1938460.0
DE,2020-03-15,3,Restrict_Mass_Gatherings-Restrict_Mass_Gatherings-Restrict_Mass_Gatherings,40648401671.27189,40285729872.583435,41011073469.96036,0,265746787265.5075,263549485859.541,267944088671.47406,2170583064.294118,2170583064.294118,2170583064.294118,37566213244.09622,37319793711.69623,37812632776.49623,7260225,7156783.0,7363667.0,234408,232447.0,236369.0,12599605.88235294,12599605.88235294,12599605.88235294,464084.11764705885,464084.11764705885,464084.11764705885,2629810,2629810.0,2629810.0
DE,2020-03-15,3,Restrict_Mass_Gatherings-Restrict_Mass_Gatherings-Restrict_Mass_Gatherings_and_Schools,46544313430.2411,46314113850.20313,46774513010.27906,0,196556913341.426,194853074904.38513,198260751778.4669,494382549.7029412,494382549.7029412,494382549.7029412,31248733189.696228,31092322702.09623,31405143677.296227,4608273,4542615.0,4673931.0,173362,171912.0,174812.0,9522406.05882353,9522406.05882353,9522406.05882353,340534.9411764706,340534.9411764706,340534.9411764706,1929698,1929698.0,1929698.0
DE,2020-03-15,3,Restrict_Mass_Gatherings-Restrict_Mass_Gatherings-Authorize_Schools_but_Restrict_Mass_Gatherings_and_Others,34850183477.71697,34610787554.53058,35089579400.903366,0,201570678974.03903,199952909145.73962,203330182723.10645,616409915.6352944,616409915.6352944,616409915.6352944,31687381968.89623,31524722970.696228,31850040967.09623,4792409,4724128.0,4860690.0,177810,176323.0,179297.0,9747480.705882354,9747480.705882354,9747480.705882354,349511.2941176471,349511.2941176471,349511.2941176471,1980564,1980564.0,1980564.0
DE,2020-03-15,3,Restrict_Mass_Gatherings-Restrict_Mass_Gatherings-Restrict_Mass_Gatherings_and_Schools_and_Others,46369364915.18748,46173152887.75374,46565576942.62122,0,177217180799.89465,175726162093.8152,178708199505.97415,27202643.22352934,27202643.22352934,27202643.22352934,29627896220.696228,29494578779.89623,29761213661.49623,3927878,3871914.0,3983842.0,156317,155010.0,157624.0,8658112.470588235,8658112.470588235,8658112.470588235,306213.5294117647,306213.5294117647,306213.5294117647,1735210,1735210.0,1735210.0
DE,2020-03-15,3,Restrict_Mass_Gatherings-Restrict_Mass_Gatherings-Lockdown,55236672052.4878,55013193551.29678,55460150553.67882,0,192836673963.08603,191174605211.04468,194498742715.12735,404242063.80588245,404242063.80588245,404242063.80588245,30928324907.496227,30776481097.296227,31080168717.696228,4473772,4410031.0,4537513.0,170076,168654.0,171498.0,9355988.11764706,9355988.11764706,9355988.11764706,333906.8823529412,333906.8823529412,333906.8823529412,1892139,1892139.0,1892139.0
DE,2020-03-15,3,Restrict_Mass_Gatherings-Restrict_Mass_Gatherings_and_Schools-No_Measure,30024669286.3071,29957679378.363125,30091659194.251072,0,62572851196.02164,61950267859.45575,63053700611.81953,1522398328.4,1522398328.4,1522398328.4,23465525972.696228,23420009277.296227,23511042668.09623,1341038,1321931.0,1360145.0,55130,54669.0,55591.0,3122056.0,3122056.0,3122056.0,106620.0,106620.0,106620.0,604180,604180.0,604180.0
DE,2020-03-15,3,Restrict_Mass_Gatherings-Restrict_Mass_Gatherings_and_Schools-Restrict_Mass_Gatherings,37734356935.64917,37629680602.8091,37839033268.48924,0,78705610855.67154,78033636289.85359,79377585421.48949,1917154938.7911766,1917154938.7911766,1917154938.7911766,25262755322.89623,25191632359.696228,25333878286.09623,2095479,2065623.0,2125335.0,69380,68800.0,69960.0,3836547.8235294116,3836547.8235294116,3836547.8235294116,135891.17647058825,135891.17647058825,135891.17647058825,770050,770050.0,770050.0
DE,2020-03-15,3,Restrict_Mass_Gatherings-Restrict_Mass_Gatherings_and_Schools-Restrict_Mass_Gatherings_and_Schools,50257210365.22604,50190588591.49122,50323832138.96088,0,62349554428.08116,61728653903.33782,62828721032.056496,1517897680.0058823,1517897680.0058823,1517897680.0058823,23447990598.49623,23402724034.09623,23493257162.89623,1333677,1314675.0,1352679.0,54967,54507.0,55427.0,3113816.117647059,3113816.117647059,3113816.117647059,106287.88235294119,106287.88235294119,106287.88235294119,602298,602298.0,602298.0
DE,2020-03-15,3,Restrict_Mass_Gatherings-Restrict_Mass_Gatherings_and_Schools-Authorize_Schools_but_Restrict_Mass_Gatherings_and_Others,38072392572.313644,38003565499.36404,38141219645.26325,0,63403678046.94292,62912152221.81114,63895203872.0747,1544712059.4441178,1544712059.4441178,1544712059.4441178,23553238576.696228,23506473608.49623,23600003544.89623,1377858,1358227.0,1397489.0,55943,55475.0,56411.0,3162936.882352941,3162936.882352941,3162936.882352941,108266.11764705883,108266.11764705883,108266.11764705883,613508,613508.0,613508.0
DE,2020-03-15,3,Restrict_Mass_Gatherings-Restrict_Mass_Gatherings_and_Schools-Restrict_Mass_Gatherings_and_Schools_and_Others,51990077069.60096,51930260519.67516,52049893619.52675,0,58845825390.237625,58264552462.30472,59285364397.40253,1433027495.2088237,1433027495.2088237,1433027495.2088237,23123430141.696228,23082787427.496227,23164072855.89623,1197433,1180372.0,1214494.0,51880,51446.0,52314.0,2958212.1764705884,2958212.1764705884,2958212.1764705884,100028.82352941178,100028.82352941178,100028.82352941178,566830,566830.0,566830.0
DE,2020-03-15,3,Restrict_Mass_Gatherings-Restrict_Mass_Gatherings_and_Schools-Lockdown,59314954461.18862,59249847296.771416,59380061625.60583,0,61567626711.18448,61097521678.91247,62037731743.45648,1499322752.4029412,1499322752.4029412,1499322752.4029412,23375845671.49623,23331608217.49623,23420083125.49623,1303392,1284822.0,1321962.0,54292,53838.0,54746.0,3079764.0588235296,3079764.0588235296,3079764.0588235296,104917.9411764706,104917.9411764706,104917.9411764706,594535,594535.0,594535.0
DE,2020-03-15,3,Restrict_Mass_Gatherings-Authorize_Schools_but_Restrict_Mass_Gatherings_and_Others-No_Measure,18299637096.455383,18223889100.373867,18375385092.536903,0,69593823115.58589,69040955143.22313,70146691087.94864,1695720501.764706,1695720501.764706,1695720501.764706,23883178041.09623,23831710610.09623,23934645472.09623,1516360,1494755.0,1537965.0,61389,60876.0,61902.0,3462915.294117647,3462915.294117647,3462915.294117647,119007.70588235295,119007.70588235295,119007.70588235295,674377,674377.0,674377.0
DE,2020-03-15,3,Restrict_Mass_Gatherings-Authorize_Schools_but_Restrict_Mass_Gatherings_and_Others-Restrict_Mass_Gatherings,26870793855.595627,26745084788.273125,26996502922.918137,0,91696073419.89586,90883887586.61662,92508259253.1751,2235377855.4911766,2235377855.4911766,2235377855.4911766,26265737753.296227,26180323972.29623,26351151534.296227,2516511,2480656.0,2552366.0,80896,80220.0,81572.0,4442425.823529412,4442425.823529412,4442425.823529412,158976.17647058825,158976.17647058825,158976.17647058825,900865,900865.0,900865.0
DE,2020-03-15,3,Restrict_Mass_Gatherings-Authorize_Schools_but_Restrict_Mass_Gatherings_and_Others-Restrict_Mass_Gatherings_and_Schools,38530067539.241905,38454719231.730316,38605415846.753494,0,69358308303.65698,68807170202.17276,70051180325.90918,1691018185.8882353,1691018185.8882353,1691018185.8882353,23864208582.49623,23813012722.29623,23915404442.696228,1508397,1486906.0,1529888.0,61218,60706.0,61730.0,3454333.7647058824,3454333.7647058824,3454333.7647058824,118660.23529411765,118660.23529411765,118660.23529411765,672408,672408.0,672408.0
DE,2020-03-15,3,Restrict_Mass_Gatherings-Authorize_Schools_but_Restrict_Mass_Gatherings_and_Others-Authorize_Schools_but_Restrict_Mass_Gatherings_and_Others,26357720730.919273,26279988316.148468,26435453145.690083,0,70621517576.5846,69916019665.19196,71185281567.20924,1719098334.9411764,1719098334.9411764,1719098334.9411764,23977930046.09623,23925114289.89623,24030745802.296227,1556135,1533964.0,1578306.0,62237,61717.0,62757.0,3505578.8235294116,3505578.8235294116,3505578.8235294116,120735.17647058824,120735.17647058824,120735.17647058824,684166,684166.0,684166.0
DE,2020-03-15,3,Restrict_Mass_Gatherings-Authorize_Schools_but_Restrict_Mass_Gatherings_and_Others-Restrict_Mass_Gatherings_and_Schools_and_Others,40218789692.8803,40150874190.35334,40286705195.407265,0,65753606404.838844,65244165642.00363,66263047167.67406,1601809605.1235294,1601809605.1235294,1601809605.1235294,23509653845.496227,23463508249.296227,23555799441.696228,1359562,1340191.0,1378933.0,57975,57490.0,58460.0,3291518.470588235,3291518.470588235,3291518.470588235,112068.52941176471,112068.52941176471,112068.52941176471,635055,635055.0,635055.0
DE,2020-03-15,3,Restrict_Mass_Gatherings-Authorize_Schools_but_Restrict_Mass_Gatherings_and_Others-Lockdown,47579046534.98676,47505335548.19584,47652757521.77768,0,68671028862.45164,67987401419.342766,69212922384.79251,1671603160.8558822,1671603160.8558822,1671603160.8558822,23786108155.49623,23736024782.696228,23836191528.296227,1475612,1454588.0,1496636.0,60513,60007.0,61019.0,3418885.117647059,3418885.117647059,3418885.117647059,117225.88235294119,117225.88235294119,117225.88235294119,664280,664280.0,664280.0
DE,2020-03-15,3,Restrict_Mass_Gatherings-Restrict_Mass_Gatherings_and_Schools_and_Others-No_Measure,30704367127.042175,30659188294.479973,30749545959.60438,0,45088116086.236946,44644319860.764656,45390178390.94123,1095813944.4941177,1095813944.4941177,1095813944.4941177,22425383604.49623,22394686575.29623,22456080633.696228,904407,891521.0,917293.0,39722,39390.0,40054.0,2285113.882352941,2285113.882352941,2285113.882352941,76097.11764705883,76097.11764705883,76097.11764705883,431217,431217.0,431217.0
DE,2020-03-15,3,Restrict_Mass_Gatherings-Restrict_Mass_Gatherings_and_Schools_and_Others-Restrict_Mass_Gatherings,37042225435.269165,36978906351.29637,37105544519.24196,0,52711387364.71694,52317645329.95102,53246863320.25087,1284335756.3823528,1284335756.3823528,1284335756.3823528,23290515267.49623,23247492735.49623,23333537799.496227,1267572,1249512.0,1285632.0,46521,46132.0,46910.0,2626367.6470588236,2626367.6470588236,2626367.6470588236,90075.35294117648,90075.35294117648,90075.35294117648,510427,510427.0,510427.0
DE,2020-03-15,3,Restrict_Mass_Gatherings-Restrict_Mass_Gatherings_and_Schools_and_Others-Restrict_Mass_Gatherings_and_Schools,50951437236.082016,50906419681.36382,50996454790.80022,0,44989662243.92497,44547240332.01924,45290350235.062706,1093841781.3235295,1093841781.3235295,1093841781.3235295,22417720067.09623,22387132619.09623,22448307515.09623,901190,888350.0,914030.0,39650,39319.0,39981.0,2281506.470588235,2281506.470588235,2281506.470588235,75951.52941176471,75951.52941176471,75951.52941176471,430392,430392.0,430392.0
DE,2020-03-15,3,Restrict_Mass_Gatherings-Restrict_Mass_Gatherings_and_Schools_and_Others-Authorize_Schools_but_Restrict_Mass_Gatherings_and_Others,38679676661.09003,38633691439.30779,38725661882.87226,0,45433405961.02,45126739667.488045,45881806175.319954,1105597284.914706,1105597284.914706,1105597284.914706,22463894249.696228,22432649314.496227,22495139184.89623,920573,907457.0,933689.0,40077,39742.0,40412.0,2303046.294117647,2303046.294117647,2303046.294117647,76818.70588235295,76818.70588235295,76818.70588235295,435306,435306.0,435306.0
DE,2020-03-15,3,Restrict_Mass_Gatherings-Restrict_Mass_Gatherings_and_Schools_and_Others-Restrict_Mass_Gatherings_and_Schools_and_Others,52963076199.86139,52920895031.57365,53005257368.14914,0,43524106358.79992,43097252428.175735,43809226368.656105,1058645655.6676471,1058645655.6676471,1058645655.6676471,22282573096.696228,22253912848.49623,22311233344.89623,844458,832427.0,856489.0,38369,38048.0,38690.0,2216989.3529411764,2216989.3529411764,2216989.3529411764,73355.64705882354,73355.64705882354,73355.64705882354,415682,415682.0,415682.0
DE,2020-03-15,3,Restrict_Mass_Gatherings-Restrict_Mass_Gatherings_and_Schools_and_Others-Lockdown,60069201232.295425,60024842813.1136,60113559651.47726,0,44587485960.029785,44290048559.28916,45026657281.53841,1085740400.9588234,1085740400.9588234,1085740400.9588234,22386356021.89623,22356216427.49623,22416495616.29623,888024,875372.0,900676.0,39356,39027.0,39685.0,2266667.1764705884,2266667.1764705884,2266667.1764705884,75353.82352941178,75353.82352941178,75353.82352941178,427005,427005.0,427005.0
DE,2020-03-15,3,Restrict_Mass_Gatherings-Lockdown-No_Measure,38796362583.64441,38734961303.59925,38857763863.68956,0,57993591957.882545,57417892146.099525,58427557848.89756,1410826581.214706,1410826581.214706,1410826581.214706,23199022112.09623,23157302643.49623,23240741580.696228,1229165,1211652.0,1246678.0,51107,50680.0,51534.0,2902228.294117647,2902228.294117647,2902228.294117647,98652.70588235295,98652.70588235295,98652.70588235295,559032,559032.0,559032.0
DE,2020-03-15,3,Restrict_Mass_Gatherings-Lockdown-Restrict_Mass_Gatherings,46187614142.0768,46093063253.00823,46282165031.14536,0,72057369968.98586,71454918027.48254,72659821910.48917,1756417629.9823532,1756417629.9823532,1756417629.9823532,24779888147.29623,24715644977.696228,24844131316.89623,1892781,1865813.0,1919749.0,63576,63044.0,64108.0,3527551.6470588236,3527551.6470588236,3527551.6470588236,124281.35294117648,124281.35294117648,124281.35294117648,704261,704261.0,704261.0
DE,2020-03-15,3,Restrict_Mass_Gatherings-Lockdown-Restrict_Mass_Gatherings_and_Schools,59031077407.41735,58970012707.22056,59092142107.61415,0,57786008720.55018,57353678582.301704,58218338858.79864,1406662647.7088237,1406662647.7088237,1406662647.7088237,23182963701.89623,23141472924.496227,23224454479.29623,1222424,1205007.0,1239841.0,50955,50529.0,51381.0,2894582.1764705884,2894582.1764705884,2894582.1764705884,98345.82352941178,98345.82352941178,98345.82352941178,557293,557293.0,557293.0
DE,2020-03-15,3,Restrict_Mass_Gatherings-Lockdown-Authorize_Schools_but_Restrict_Mass_Gatherings_and_Others,46833150530.61933,46770066351.33237,46896234709.90629,0,58738949071.85197,58294536837.999054,59325095226.47287,1431519454.2941177,1431519454.2941177,1431519454.2941177,23279304634.29623,23236441709.696228,23322167558.89623,1262866,1244873.0,1280859.0,51859,51425.0,52293.0,2940205.882352941,2940205.882352941,2940205.882352941,100178.11764705883,100178.11764705883,100178.11764705883,567676,567676.0,567676.0
DE,2020-03-15,3,Restrict_Mass_Gatherings-Lockdown-Restrict_Mass_Gatherings_and_Schools_and_Others,60808719749.744446,60753825680.10092,60863613819.38797,0,54477164464.01074,54081247933.663605,55014814915.125885,1328406598.8088236,1328406598.8088236,1328406598.8088236,22888826321.296227,22851528215.89623,22926124426.696228,1098951,1083294.0,1114608.0,48106,47704.0,48508.0,2750796.1764705884,2750796.1764705884,2750796.1764705884,92579.82352941178,92579.82352941178,92579.82352941178,524619,524619.0,524619.0
DE,2020-03-15,3,Restrict_Mass_Gatherings-Lockdown-Lockdown,68098052906.92922,68038369586.52674,68157736227.3317,0,57071136498.545586,56646535448.705894,57495737548.38527,1389434157.9941177,1389434157.9941177,1389434157.9941177,23117091107.49623,23076538916.89623,23157643298.09623,1194772,1177749.0,1211795.0,50327,49906.0,50748.0,2862943.882352941,2862943.882352941,2862943.882352941,97076.11764705883,97076.11764705883,97076.11764705883,550098,550098.0,550098.0
DE,2020-03-15,3,Restrict_Mass_Gatherings_and_Schools-No_Measure-No_Measure,20980723021.42316,20970432793.76756,20991013249.078762,0,10189507337.454271,10230860564.490639,10289888031.185902,234257542.43529415,234257542.43529415,234257542.43529415,20761726590.49623,20754734833.49623,20768718347.49623,206037,203102.0,208972.0,9037,8962.0,9112.0,493552.70588235295,493552.70588235295,493552.70588235295,16181.29411764706,16181.29411764706,16181.29411764706,91694,91694.0,91694.0
DE,2020-03-15,3,Restrict_Mass_Gatherings_and_Schools-No_Measure-Restrict_Mass_Gatherings,26443133638.024757,26427174143.548336,26459093132.50118,0,12517464007.481087,12389353948.47802,12645574066.484154,290700820.2176471,290700820.2176471,290700820.2176471,21032030060.09623,21021186285.696228,21042873834.49623,319505,314953.0,324057.0,11067,10975.0,11159.0,595356.3529411765,595356.3529411765,595356.3529411765,20372.64705882353,20372.64705882353,20372.64705882353,115445,115445.0,115445.0
DE,2020-03-15,3,Restrict_Mass_Gatherings_and_Schools-No_Measure-Restrict_Mass_Gatherings_and_Schools,41236309301.83453,41226057640.61989,41246560963.04917,0,10167246423.62139,10208657167.281757,10267569600.729021,233827550.97352943,233827550.97352943,233827550.97352943,20759849416.89623,20752883864.09623,20766814969.696228,205249,202325.0,208173.0,9021,8946.0,9096.0,492767.4705882353,492767.4705882353,492767.4705882353,16149.529411764706,16149.529411764706,16149.529411764706,91514,91514.0,91514.0
DE,2020-03-15,3,Restrict_Mass_Gatherings_and_Schools-No_Measure-Authorize_Schools_but_Restrict_Mass_Gatherings_and_Others,28912964359.041233,28902477793.140755,28923450924.941708,0,10295973479.136456,10194166183.998272,10397780774.274643,236364084.30882353,236364084.30882353,236364084.30882353,20770974290.89623,20763849130.696228,20778099451.09623,209919,206928.0,212910.0,9113,9037.0,9189.0,497346.17647058825,497346.17647058825,497346.17647058825,16337.823529411766,16337.823529411766,16337.823529411766,92581,92581.0,92581.0
DE,2020-03-15,3,Restrict_Mass_Gatherings_and_Schools-No_Measure-Restrict_Mass_Gatherings_and_Schools_and_Others,43379263491.035675,43369975990.84498,43388550991.226364,0,9716115202.328484,9620631309.328518,9811599095.328451,221900253.19117647,221900253.19117647,221900253.19117647,20713925365.29623,20707614917.49623,20720235813.09623,185971,183322.0,188620.0,8587,8515.0,8659.0,470883.82352941175,470883.82352941175,470883.82352941175,15270.176470588236,15270.176470588236,15270.176470588236,86531,86531.0,86531.0
DE,2020-03-15,3,Restrict_Mass_Gatherings_and_Schools-No_Measure-Lockdown,50388618311.02602,50378531433.69547,50398705188.35657,0,10216827275.828754,10116749851.569122,10175170779.320385,232004519.47352943,232004519.47352943,232004519.47352943,20751957188.29623,20745103598.89623,20758810777.696228,201936,199059.0,204813.0,8955,8880.0,9030.0,489457.4705882353,489457.4705882353,489457.4705882353,16014.529411764706,16014.529411764706,16014.529411764706,90749,90749.0,90749.0
DE,2020-03-15,3,Restrict_Mass_Gatherings_and_Schools-Restrict_Mass_Gatherings-No_Measure,28253424846.390873,28211671414.99375,28295178277.787994,0,33567456866.951397,33365741402.429733,33910906252.24106,802201197.7205882,802201197.7205882,802201197.7205882,22262043297.09623,22233673677.29623,22290412916.89623,835840,823931.0,847749.0,29627,29379.0,29875.0,1591694.4117647058,1591694.4117647058,1591694.4117647058,57094.58823529412,57094.58823529412,57094.58823529412,323536,323536.0,323536.0
DE,2020-03-15,3,Restrict_Mass_Gatherings_and_Schools-Restrict_Mass_Gatherings-Restrict_Mass_Gatherings,36629126882.75619,36540199681.987305,36718054083.52506,0,53646936816.32499,53207067216.70518,54086806415.9448,1293552001.4529412,1293552001.4529412,1293552001.4529412,24511800123.696228,24451378002.89623,24572222244.49623,1780243,1754879.0,1805607.0,47357,46961.0,47753.0,2480741.0588235296,2480741.0588235296,2480741.0588235296,93532.94117647059,93532.94117647059,93532.94117647059,530020,530020.0,530020.0
DE,2020-03-15,3,Restrict_Mass_Gatherings_and_Schools-Restrict_Mass_Gatherings-Restrict_Mass_Gatherings_and_Schools,48481807761.76653,48440482067.26004,48523133456.27303,0,33314149181.63326,33115339207.764713,33654693076.26981,797118727.4294118,797118727.4294118,797118727.4294118,22241682633.696228,22213603642.29623,22269761625.09623,827293,815506.0,839080.0,29443,29197.0,29689.0,1582396.5882352942,1582396.5882352942,1582396.5882352942,56719.41176470589,56719.41176470589,56719.41176470589,321410,321410.0,321410.0
DE,2020-03-15,3,Restrict_Mass_Gatherings_and_Schools-Restrict_Mass_Gatherings-Authorize_Schools_but_Restrict_Mass_Gatherings_and_Others,36282976326.626045,36239645177.189735,36326307476.062355,0,34283891371.65255,33932420086.050117,34635362657.25499,819061731.4941177,819061731.4941177,819061731.4941177,22337408958.49623,22307967348.696228,22366850568.29623,867477,855118.0,879836.0,30238,29985.0,30491.0,1622133.8823529412,1622133.8823529412,1622133.8823529412,58346.117647058825,58346.117647058825,58346.117647058825,330628,330628.0,330628.0
DE,2020-03-15,3,Restrict_Mass_Gatherings_and_Schools-Restrict_Mass_Gatherings-Restrict_Mass_Gatherings_and_Schools_and_Others,50084652969.511826,50051987194.02043,50117318745.00321,0,28904511347.442364,28614297602.870132,29194725092.0146,688162948.2764707,688162948.2764707,688162948.2764707,21828778289.89623,21806583332.496227,21850973247.29623,653964,644647.0,663281.0,25478,25265.0,25691.0,1382317.5294117648,1382317.5294117648,1382317.5294117648,48689.470588235294,48689.470588235294,48689.470588235294,275907,275907.0,275907.0
DE,2020-03-15,3,Restrict_Mass_Gatherings_and_Schools-Restrict_Mass_Gatherings-Lockdown,57520296685.57083,57480759071.50874,57559834299.63291,0,32523923427.003185,32192848949.22197,32713263984.016407,775594009.8764706,775594009.8764706,775594009.8764706,22156454664.29623,22129590594.89623,22183318733.696228,791516,780239.0,802793.0,28661,28421.0,28901.0,1543021.5294117648,1543021.5294117648,1543021.5294117648,55130.4705882353,55130.4705882353,55130.4705882353,312406,312406.0,312406.0
DE,2020-03-15,3,Restrict_Mass_Gatherings_and_Schools-Restrict_Mass_Gatherings_and_Schools-No_Measure,41227961420.38718,41217828964.53549,41238093876.23886,0,10191088185.947767,10092076576.99869,10148365874.128843,231262047.69705886,231262047.69705886,231262047.69705886,20754177398.696228,20747292840.696228,20761061956.696228,202868,199978.0,205758.0,8928,8854.0,9002.0,487669.9411764706,487669.9411764706,487669.9411764706,15967.058823529413,15967.058823529413,15967.058823529413,90480,90480.0,90480.0
DE,2020-03-15,3,Restrict_Mass_Gatherings_and_Schools-Restrict_Mass_Gatherings_and_Schools-Restrict_Mass_Gatherings,46722596051.42919,46706335037.50528,46738857065.3531,0,12660063115.979483,12530369592.049862,12789756639.909105,293403219.9323529,293403219.9323529,293403219.9323529,21046375668.49623,21035327024.89623,21057424312.09623,325527,320889.0,330165.0,11165,11072.0,11258.0,599994.6470588235,599994.6470588235,599994.6470588235,20577.352941176472,20577.352941176472,20577.352941176472,116605,116605.0,116605.0
DE,2020-03-15,3,Restrict_Mass_Gatherings_and_Schools-Restrict_Mass_Gatherings_and_Schools-Restrict_Mass_Gatherings_and_Schools,61482685214.93712,61472605349.686745,61492765080.1875,0,10159604464.733,10060671287.543922,10116803721.154076,230638177.85000002,230638177.85000002,230638177.85000002,20751714203.89623,20744865378.89623,20758563028.89623,201834,198959.0,204709.0,8905,8831.0,8979.0,486529.0,486529.0,486529.0,15921.000000000002,15921.000000000002,15921.000000000002,90219,90219.0,90219.0
DE,2020-03-15,3,Restrict_Mass_Gatherings_and_Schools-Restrict_Mass_Gatherings_and_Schools-Authorize_Schools_but_Restrict_Mass_Gatherings_and_Others,49159217560.740776,49148902790.804565,49169532330.67699,0,10146414592.040068,10045997296.820436,10246831887.259699,233168060.63823527,233168060.63823527,233168060.63823527,20762755700.89623,20755747268.49623,20769764133.29623,206469,203527.0,209411.0,8997,8922.0,9072.0,491128.76470588235,491128.76470588235,491128.76470588235,16108.235294117649,16108.235294117649,16108.235294117649,91280,91280.0,91280.0
DE,2020-03-15,3,Restrict_Mass_Gatherings_and_Schools-Restrict_Mass_Gatherings_and_Schools-Restrict_Mass_Gatherings_and_Schools_and_Others,63623465659.28427,63614378003.37854,63632553315.19,0,9534018949.525661,9441100676.218807,9626937222.832518,217995131.2117647,217995131.2117647,217995131.2117647,20704313188.29623,20698138525.89623,20710487850.696228,181936,179344.0,184528.0,8445,8375.0,8515.0,463280.23529411765,463280.23529411765,463280.23529411765,14989.764705882353,14989.764705882353,14989.764705882353,84942,84942.0,84942.0
DE,2020-03-15,3,Restrict_Mass_Gatherings_and_Schools-Restrict_Mass_Gatherings_and_Schools-Lockdown,70631575835.0437,70621709838.23865,70641441831.84877,0,10029473436.198267,9931993004.335745,10126953868.06079,228025409.98529413,228025409.98529413,228025409.98529413,20741499330.29623,20734795819.49623,20748202841.09623,197546,194732.0,200360.0,8810,8737.0,8883.0,481739.70588235295,481739.70588235295,481739.70588235295,15728.29411764706,15728.29411764706,15728.29411764706,89127,89127.0,89127.0
DE,2020-03-15,3,Restrict_Mass_Gatherings_and_Schools-Authorize_Schools_but_Restrict_Mass_Gatherings_and_Others-No_Measure,28961312651.842163,28950138902.084618,28972486401.59971,0,10955381372.819988,10848014078.007582,11062748667.632395,250696049.71470588,250696049.71470588,250696049.71470588,20803824828.89623,20796232757.49623,20811416900.29623,223709,220522.0,226896.0,9631,9551.0,9711.0,525558.2941176471,525558.2941176471,525558.2941176471,17361.70588235294,17361.70588235294,17361.70588235294,98383,98383.0,98383.0
DE,2020-03-15,3,Restrict_Mass_Gatherings_and_Schools-Authorize_Schools_but_Restrict_Mass_Gatherings_and_Others-Restrict_Mass_Gatherings,34505210652.14784,34487207136.300644,34523214167.99503,0,13737055531.874826,13595692986.276766,13878418077.47289,318732892.12352943,318732892.12352943,318732892.12352943,21129495390.89623,21117262793.89623,21141727987.89623,360419,355284.0,365554.0,12079,11978.0,12180.0,648298.4705882353,648298.4705882353,648298.4705882353,22413.529411764706,22413.529411764706,22413.529411764706,127010,127010.0,127010.0
DE,2020-03-15,3,Restrict_Mass_Gatherings_and_Schools-Authorize_Schools_but_Restrict_Mass_Gatherings_and_Others-Restrict_Mass_Gatherings_and_Schools,49216232784.636986,49205108119.44066,49227357449.83331,0,10928725621.519442,10821431529.683035,11036019713.35585,250152486.63529414,250152486.63529414,250152486.63529414,20801495037.29623,20793936316.696228,20809053757.89623,222731,219558.0,225904.0,9612,9532.0,9692.0,524580.7058823529,524580.7058823529,524580.7058823529,17321.29411764706,17321.29411764706,17321.29411764706,98154,98154.0,98154.0
DE,2020-03-15,3,Restrict_Mass_Gatherings_and_Schools-Authorize_Schools_but_Restrict_Mass_Gatherings_and_Others-Authorize_Schools_but_Restrict_Mass_Gatherings_and_Others,36896804088.62097,36885388422.09741,36908219755.14452,0,11088236597.818722,10979374727.40776,11055364547.461683,253311239.2264706,253311239.2264706,253311239.2264706,20815280828.696228,20807524385.49623,20823037271.89623,228518,225262.0,231774.0,9726,9645.0,9807.0,530300.5294117647,530300.5294117647,530300.5294117647,17555.470588235294,17555.470588235294,17555.470588235294,99481,99481.0,99481.0
DE,2020-03-15,3,Restrict_Mass_Gatherings_and_Schools-Authorize_Schools_but_Restrict_Mass_Gatherings_and_Others-Restrict_Mass_Gatherings_and_Schools_and_Others,51347210340.90064,51337218126.65244,51357202555.14884,0,10376966240.396015,10275896203.80183,10478036276.990202,236231266.7882353,236231266.7882353,236231266.7882353,20747433390.49623,20740644120.49623,20754222660.49623,200037,197187.0,202887.0,9105,9029.0,9181.0,499079.76470588235,499079.76470588235,499079.76470588235,16294.235294117649,16294.235294117649,16294.235294117649,92334,92334.0,92334.0
DE,2020-03-15,3,Restrict_Mass_Gatherings_and_Schools-Authorize_Schools_but_Restrict_Mass_Gatherings_and_Others-Lockdown,58357725660.15981,58346920044.61141,58368531275.70821,0,10727471015.10929,10621786532.119438,10833155498.099142,246089317.59117648,246089317.59117648,246089317.59117648,20786253721.696228,20778911781.29623,20793595662.09623,216333,213251.0,219415.0,9464,9385.0,9543.0,517099.82352941175,517099.82352941175,517099.82352941175,17022.176470588238,17022.176470588238,17022.176470588238,96459,96459.0,96459.0
DE,2020-03-15,3,Restrict_Mass_Gatherings_and_Schools-Restrict_Mass_Gatherings_and_Schools_and_Others-No_Measure,43247317178.39824,43239908915.69422,43254725441.10226,0,8053365784.3659935,7975423783.123243,7989573864.840743,179096162.55,179096162.55,179096162.55,20624273650.49623,20619240061.89623,20629307239.09623,148337,146224.0,150450.0,7044,6985.0,7103.0,385527.0,385527.0,385527.0,12231.0,12231.0,12231.0,69309,69309.0,69309.0
DE,2020-03-15,3,Restrict_Mass_Gatherings_and_Schools-Restrict_Mass_Gatherings_and_Schools_and_Others-Restrict_Mass_Gatherings,48466198250.550766,48456591700.71215,48475804800.38939,0,8896833765.623062,8808810579.796982,8984856951.449142,201080877.15,201080877.15,201080877.15,20729109508.09623,20722582280.09623,20735636736.09623,192345,189605.0,195085.0,7835,7770.0,7900.0,425211.0,425211.0,425211.0,13863.0,13863.0,13863.0,78557,78557.0,78557.0
DE,2020-03-15,3,Restrict_Mass_Gatherings_and_Schools-Restrict_Mass_Gatherings_and_Schools_and_Others-Restrict_Mass_Gatherings_and_Schools,63504204199.68192,63496816973.21843,63511591426.14542,0,8040981275.914997,7963070647.376247,7977157983.685748,178840501.39411765,178840501.39411765,178840501.39411765,20623280273.09623,20618260977.696228,20628299568.49623,147920,145813.0,150027.0,7035,6976.0,7094.0,385059.8823529412,385059.8823529412,385059.8823529412,12212.117647058823,12212.117647058823,12212.117647058823,69202,69202.0,69202.0
DE,2020-03-15,3,Restrict_Mass_Gatherings_and_Schools-Restrict_Mass_Gatherings_and_Schools_and_Others-Authorize_Schools_but_Restrict_Mass_Gatherings_and_Others,51169313866.88184,51161856519.61661,51176771214.14708,0,7933658338.7763195,7997377055.325569,8011673542.995069,179514882.97941178,179514882.97941178,179514882.97941178,20626560562.49623,20621493623.09623,20631627501.89623,149297,147170.0,151424.0,7059,7000.0,7118.0,386263.5882352941,386263.5882352941,386263.5882352941,12262.411764705883,12262.411764705883,12262.411764705883,69487,69487.0,69487.0
DE,2020-03-15,3,Restrict_Mass_Gatherings_and_Schools-Restrict_Mass_Gatherings_and_Schools_and_Others-Restrict_Mass_Gatherings_and_Schools_and_Others,65689798848.42221,65682765732.007515,65696831964.83691,0,7821233139.059629,7746118196.70999,7896348081.409269,174412701.95882353,174412701.95882353,174412701.95882353,20606328537.89623,20601549844.696228,20611107231.09623,140804,138798.0,142810.0,6874,6817.0,6931.0,376927.17647058825,376927.17647058825,376927.17647058825,11885.823529411766,11885.823529411766,11885.823529411766,67353,67353.0,67353.0
DE,2020-03-15,3,Restrict_Mass_Gatherings_and_Schools-Restrict_Mass_Gatherings_and_Schools_and_Others-Lockdown,72662161439.4537,72654858357.9523,72669464520.95511,0,7988997884.449904,7912346536.22971,8065649232.670099,177790128.00882354,177790128.00882354,177790128.00882354,20619225768.696228,20614263646.09623,20624187891.29623,146218,144135.0,148301.0,6997,6939.0,7055.0,383124.17647058825,383124.17647058825,383124.17647058825,12134.823529411766,12134.823529411766,12134.823529411766,68764,68764.0,68764.0
DE,2020-03-15,3,Restrict_Mass_Gatherings_and_Schools-Lockdown-No_Measure,50346040960.208435,50336560627.81295,50355521292.60392,0,9614778909.21909,9520141222.601679,9709416595.836502,218873781.9882353,218873781.9882353,218873781.9882353,20723027751.49623,20716586282.696228,20729469220.29623,189792,187088.0,192496.0,8480,8409.0,8551.0,463447.76470588235,463447.76470588235,463447.76470588235,15079.235294117649,15079.235294117649,15079.235294117649,85449,85449.0,85449.0
DE,2020-03-15,3,Restrict_Mass_Gatherings_and_Schools-Lockdown-Restrict_Mass_Gatherings,55748621002.72389,55734326877.28883,55762915128.15894,0,11517904687.5296,11541948748.21242,11635594547.614782,267045554.04705882,267045554.04705882,267045554.04705882,20952678978.09623,20942966748.696228,20962391207.49623,286195,282118.0,290272.0,10214,10129.0,10299.0,550408.9411764706,550408.9411764706,550408.9411764706,18655.058823529413,18655.058823529413,18655.058823529413,105712,105712.0,105712.0
DE,2020-03-15,3,Restrict_Mass_Gatherings_and_Schools-Lockdown-Restrict_Mass_Gatherings_and_Schools,70601378311.77362,70591940051.85919,70610816571.68806,0,9589879172.7171,9495304231.507689,9684454113.92651,218351092.2794118,218351092.2794118,218351092.2794118,20720981441.696228,20714568559.29623,20727394324.09623,188933,186241.0,191625.0,8462,8391.0,8533.0,462505.5882352941,462505.5882352941,462505.5882352941,15040.411764705883,15040.411764705883,15040.411764705883,85229,85229.0,85229.0
DE,2020-03-15,3,Restrict_Mass_Gatherings_and_Schools-Lockdown-Authorize_Schools_but_Restrict_Mass_Gatherings_and_Others,58277524993.167694,58267862346.68768,58287187639.647705,0,9720115633.557276,9625206050.171865,9815025216.942686,220944872.2882353,220944872.2882353,220944872.2882353,20731760896.696228,20725195553.49623,20738326239.89623,193458,190702.0,196214.0,8556,8485.0,8627.0,467229.76470588235,467229.76470588235,467229.76470588235,15232.235294117649,15232.235294117649,15232.235294117649,86316,86316.0,86316.0
DE,2020-03-15,3,Restrict_Mass_Gatherings_and_Schools-Lockdown-Restrict_Mass_Gatherings_and_Schools_and_Others,72756533520.47783,72747884119.58298,72765182921.37267,0,9244245911.440935,9154248815.139189,9334243007.742682,208552715.78529412,208552715.78529412,208552715.78529412,20683347446.09623,20677470558.696228,20689224333.49623,173135,170668.0,175602.0,8105,8037.0,8173.0,444511.70588235295,444511.70588235295,444511.70588235295,14318.29411764706,14318.29411764706,14318.29411764706,81137,81137.0,81137.0
DE,2020-03-15,3,Restrict_Mass_Gatherings_and_Schools-Lockdown-Lockdown,79753284126.35509,79744017662.40492,79762550590.30527,0,9486920688.473469,9393735747.182611,9580105629.764324,216298272.95,216298272.95,216298272.95,20712815260.09623,20706519105.49623,20719111414.696228,185505,182862.0,188148.0,8387,8317.0,8457.0,458743.0,458743.0,458743.0,14889.000000000002,14889.000000000002,14889.000000000002,84371,84371.0,84371.0
DE,2020-03-15,3,Authorize_Schools_but_Restrict_Mass_Gatherings_and_Others-No_Measure-No_Measure,8781488391.672657,8769196215.12733,8793780568.217985,0,12083820451.398506,11964581068.967106,12203059833.829908,279164007.5911765,279164007.5911765,279164007.5911765,20857178962.29623,20848826969.09623,20865530955.49623,246106,242600.0,249612.0,10648,10559.0,10737.0,585299.8235294118,585299.8235294118,585299.8235294118,19332.176470588238,19332.176470588238,19332.176470588238,109549,109549.0,109549.0
DE,2020-03-15,3,Authorize_Schools_but_Restrict_Mass_Gatherings_and_Others-No_Measure-Restrict_Mass_Gatherings,14363370830.281834,14343708957.47345,14383032703.09022,0,15026441657.595798,15013001922.908186,15181615313.051413,353214573.85588235,353214573.85588235,353214573.85588235,21208658279.09623,21195298901.49623,21222017656.696228,393650,388042.0,399258.0,13313,13202.0,13424.0,718985.1176470588,718985.1176470588,718985.1176470588,24828.88235294118,24828.88235294118,24828.88235294118,140697,140697.0,140697.0
DE,2020-03-15,3,Authorize_Schools_but_Restrict_Mass_Gatherings_and_Others-No_Measure-Restrict_Mass_Gatherings_and_Schools,29035461893.643967,29023232825.82021,29047690961.467728,0,12046682612.39752,11927537348.078117,12165827876.71692,278427776.95,278427776.95,278427776.95,20854205976.696228,20845896863.09623,20862515090.29623,244858,241370.0,248346.0,10621,10532.0,10710.0,583943.0,583943.0,583943.0,19278.0,19278.0,19278.0,109242,109242.0,109242.0
DE,2020-03-15,3,Authorize_Schools_but_Restrict_Mass_Gatherings_and_Others-No_Measure-Authorize_Schools_but_Restrict_Mass_Gatherings_and_Others,16721891790.613468,16709287576.500391,16734496004.726547,0,12265951414.375778,12145112880.66582,12386789948.085735,282801142.94411767,282801142.94411767,282801142.94411767,20871972424.29623,20863408415.29623,20880536433.29623,252316,248721.0,255911.0,10780,10690.0,10870.0,591926.8823529412,591926.8823529412,591926.8823529412,19601.117647058825,19601.117647058825,19601.117647058825,111073,111073.0,111073.0
DE,2020-03-15,3,Authorize_Schools_but_Restrict_Mass_Gatherings_and_Others-No_Measure-Restrict_Mass_Gatherings_and_Schools_and_Others,31166849656.597805,31155746027.642002,31177953285.55361,0,11506872894.027643,11395075016.885017,11618670771.17027,264741248.5235294,264741248.5235294,264741248.5235294,20800423047.29623,20792878619.89623,20807967474.696228,222281,219114.0,225448.0,10124,10040.0,10208.0,558914.4705882353,558914.4705882353,558914.4705882353,18267.529411764706,18267.529411764706,18267.529411764706,103516,103516.0,103516.0
DE,2020-03-15,3,Authorize_Schools_but_Restrict_Mass_Gatherings_and_Others-No_Measure-Lockdown,38181109426.66998,38169139805.81267,38193079047.527306,0,11891306747.616795,11773682202.815947,12008931292.417643,275306777.12352943,275306777.12352943,275306777.12352943,20841787568.09623,20833654737.29623,20849920398.89623,239645,236231.0,243059.0,10508,10420.0,10596.0,578238.4705882353,578238.4705882353,578238.4705882353,19047.529411764706,19047.529411764706,19047.529411764706,107936,107936.0,107936.0
DE,2020-03-15,3,Authorize_Schools_but_Restrict_Mass_Gatherings_and_Others-Restrict_Mass_Gatherings-No_Measure,16399366875.294268,16350696026.805325,16448037723.78321,0,39194207899.7205,38935690674.76208,39594459045.446915,939184364.7294118,939184364.7294118,939184364.7294118,22592028023.29623,22558958322.89623,22625097723.696228,974361,960479.0,988243.0,34576,34287.0,34865.0,1862238.5882352942,1862238.5882352942,1862238.5882352942,66865.41176470589,66865.41176470589,66865.41176470589,378904,378904.0,378904.0
DE,2020-03-15,3,Authorize_Schools_but_Restrict_Mass_Gatherings_and_Others-Restrict_Mass_Gatherings-Restrict_Mass_Gatherings,25330839374.184452,25227071105.726936,25434607642.641968,0,62991378486.02475,62451143968.05663,63531613003.99286,1521508841.2588234,1521508841.2588234,1521508841.2588234,25219406429.49623,25148900456.09623,25289912402.89623,2077282,2047685.0,2106879.0,55604,55139.0,56069.0,2917209.1764705884,2917209.1764705884,2917209.1764705884,110027.82352941178,110027.82352941178,110027.82352941178,623491,623491.0,623491.0
DE,2020-03-15,3,Authorize_Schools_but_Restrict_Mass_Gatherings_and_Others-Restrict_Mass_Gatherings-Restrict_Mass_Gatherings_and_Schools,36623027154.67262,36574850657.83596,36671203651.509285,0,38898709567.775154,38643197180.365845,39295955875.95246,933255718.6617647,933255718.6617647,933255718.6617647,22568458536.49623,22535724726.29623,22601192346.696228,964467,950726.0,978208.0,34361,34074.0,34648.0,1851393.2352941176,1851393.2352941176,1851393.2352941176,66427.76470588236,66427.76470588236,66427.76470588236,376424,376424.0,376424.0
DE,2020-03-15,3,Authorize_Schools_but_Restrict_Mass_Gatherings_and_Others-Restrict_Mass_Gatherings-Authorize_Schools_but_Restrict_Mass_Gatherings_and_Others,24581869354.328617,24529436524.82623,24634302183.831005,0,41185215351.38276,40904080798.654015,41608083824.8795,988210397.85,988210397.85,988210397.85,22771317159.696228,22735691358.696228,22806942960.696228,1049623,1034668.0,1064578.0,36360,36056.0,36664.0,1952769.0,1952769.0,1952769.0,70470.0,70470.0,70470.0,399330,399330.0,399330.0
DE,2020-03-15,3,Authorize_Schools_but_Restrict_Mass_Gatherings_and_Others-Restrict_Mass_Gatherings-Restrict_Mass_Gatherings_and_Schools_and_Others,38139928801.763145,38101632325.89189,38178225277.6344,0,33863175192.719185,33523747598.95097,34060868865.719402,808800385.482353,808800385.482353,808800385.482353,22097159324.09623,22071138553.496227,22123180094.696228,766625,755702.0,777548.0,29832,29583.0,30081.0,1622861.6470588236,1622861.6470588236,1622861.6470588236,57255.352941176476,57255.352941176476,57255.352941176476,324447,324447.0,324447.0
DE,2020-03-15,3,Authorize_Schools_but_Restrict_Mass_Gatherings_and_Others-Restrict_Mass_Gatherings-Lockdown,45641745518.42583,45595637585.24055,45687853451.611115,0,37931606064.83692,37545381265.737495,38176096943.16834,908181268.8264706,908181268.8264706,908181268.8264706,22469797341.29623,22438469029.09623,22501125653.49623,923051,909900.0,936202.0,33449,33169.0,33729.0,1805484.5294117648,1805484.5294117648,1805484.5294117648,64577.4705882353,64577.4705882353,64577.4705882353,365939,365939.0,365939.0
DE,2020-03-15,3,Authorize_Schools_but_Restrict_Mass_Gatherings_and_Others-Restrict_Mass_Gatherings_and_Schools-No_Measure,29025069990.82584,29012988176.685738,29037151804.965942,0,11900798703.827684,11783006837.938837,12018590569.716534,275252680.82058823,275252680.82058823,275252680.82058823,20847145135.89623,20838936074.696228,20855354197.09623,241894,238448.0,245340.0,10506,10418.0,10594.0,577668.4117647059,577668.4117647059,577668.4117647059,19051.58823529412,19051.58823529412,19051.58823529412,107959,107959.0,107959.0
DE,2020-03-15,3,Authorize_Schools_but_Restrict_Mass_Gatherings_and_Others-Restrict_Mass_Gatherings_and_Schools-Restrict_Mass_Gatherings,34593787248.908005,34574521558.62946,34613052939.186554,0,14896358587.217115,14744043363.358612,15048673811.07562,347566329.57058823,347566329.57058823,347566329.57058823,21189679291.696228,21176589102.696228,21202769480.696228,385683,380188.0,391178.0,13110,13001.0,13219.0,708263.4117647059,708263.4117647059,708263.4117647059,24418.58823529412,24418.58823529412,24418.58823529412,138372,138372.0,138372.0
DE,2020-03-15,3,Authorize_Schools_but_Restrict_Mass_Gatherings_and_Others-Restrict_Mass_Gatherings_and_Schools-Restrict_Mass_Gatherings_and_Schools,49280221522.26641,49268185286.647446,49292257757.88538,0,11875621841.773693,11757897950.076847,11993345733.470541,274753978.9235294,274753978.9235294,274753978.9235294,20844972569.49623,20836794476.89623,20853150662.09623,240982,237549.0,244415.0,10488,10400.0,10576.0,576770.4705882353,576770.4705882353,576770.4705882353,19014.529411764706,19014.529411764706,19014.529411764706,107749,107749.0,107749.0
DE,2020-03-15,3,Authorize_Schools_but_Restrict_Mass_Gatherings_and_Others-Restrict_Mass_Gatherings_and_Schools-Authorize_Schools_but_Restrict_Mass_Gatherings_and_Others,36966434044.75052,36954026168.88232,36978841920.61872,0,12094566459.143951,11975154526.84055,12213978391.447355,279124856.9852941,279124856.9852941,279124856.9852941,20862591320.696228,20854160714.89623,20871021926.49623,248378,244839.0,251917.0,10647,10558.0,10736.0,584759.7058823529,584759.7058823529,584759.7058823529,19337.29411764706,19337.29411764706,19337.29411764706,109578,109578.0,109578.0
DE,2020-03-15,3,Authorize_Schools_but_Restrict_Mass_Gatherings_and_Others-Restrict_Mass_Gatherings_and_Schools-Restrict_Mass_Gatherings_and_Schools_and_Others,51414158176.36357,51403212319.211685,51425104033.51546,0,11357754081.412699,11247325289.052628,11468182873.772772,261496303.40882352,261496303.40882352,261496303.40882352,20792921499.49623,20785484271.09623,20800358727.89623,219132,216010.0,222254.0,10007,9924.0,10090.0,552520.1764705882,552520.1764705882,552520.1764705882,18035.823529411766,18035.823529411766,18035.823529411766,102203,102203.0,102203.0
DE,2020-03-15,3,Authorize_Schools_but_Restrict_Mass_Gatherings_and_Others-Restrict_Mass_Gatherings_and_Schools-Lockdown,58430598703.36992,58418755299.955734,58442442106.784096,0,11769249818.203508,11652947299.129215,11885552337.2778,272648461.13235295,272648461.13235295,272648461.13235295,20835767748.696228,20827720677.09623,20843814820.29623,237118,233740.0,240496.0,10412,10325.0,10499.0,572962.6470588235,572962.6470588235,572962.6470588235,18858.352941176472,18858.352941176472,18858.352941176472,106864,106864.0,106864.0
DE,2020-03-15,3,Authorize_Schools_but_Restrict_Mass_Gatherings_and_Others-Authorize_Schools_but_Restrict_Mass_Gatherings_and_Others-No_Measure,16769332019.031845,16756051139.18196,16782612898.881731,0,12808348290.794077,12681965443.761898,12934731137.826254,297776152.9323529,297776152.9323529,297776152.9323529,20904205972.49623,20895182198.89623,20913229746.09623,265847,262059.0,269635.0,11321,11227.0,11415.0,621614.6470588235,621614.6470588235,621614.6470588235,20667.352941176472,20667.352941176472,20667.352941176472,117115,117115.0,117115.0
DE,2020-03-15,3,Authorize_Schools_but_Restrict_Mass_Gatherings_and_Others-Authorize_Schools_but_Restrict_Mass_Gatherings_and_Others-Restrict_Mass_Gatherings,22478168169.194443,22455708476.396564,22500627861.992325,0,16583152180.631485,16551934402.281208,16756103879.74976,390996185.3382353,390996185.3382353,390996185.3382353,21341944751.29623,21326684378.09623,21357205124.49623,449601,443195.0,456007.0,14678,14555.0,14801.0,790126.7647058824,790126.7647058824,790126.7647058824,27583.23529411765,27583.23529411765,27583.23529411765,156305,156305.0,156305.0
DE,2020-03-15,3,Authorize_Schools_but_Restrict_Mass_Gatherings_and_Others-Authorize_Schools_but_Restrict_Mass_Gatherings_and_Others-Restrict_Mass_Gatherings_and_Schools,37022295781.45808,37009092034.490105,37035499528.42605,0,12761768035.483202,12635500221.699026,12888035849.267382,296844694.5235294,296844694.5235294,296844694.5235294,20900546913.29623,20891575548.09623,20909518278.49623,264311,260545.0,268077.0,11287,11193.0,11381.0,619914.4705882353,619914.4705882353,619914.4705882353,20598.529411764706,20598.529411764706,20598.529411764706,116725,116725.0,116725.0
DE,2020-03-15,3,Authorize_Schools_but_Restrict_Mass_Gatherings_and_Others-Authorize_Schools_but_Restrict_Mass_Gatherings_and_Others-Authorize_Schools_but_Restrict_Mass_Gatherings_and_Others,24714899815.020935,24701236776.80156,24728562853.240314,0,13035596306.187664,12906375942.694376,13164816669.680952,302325752.85,302325752.85,302325752.85,20922508415.09623,20913224981.696228,20931791848.49623,273530,269633.0,277427.0,11486,11390.0,11582.0,629949.0,629949.0,629949.0,21003.0,21003.0,21003.0,119017,119017.0,119017.0
DE,2020-03-15,3,Authorize_Schools_but_Restrict_Mass_Gatherings_and_Others-Authorize_Schools_but_Restrict_Mass_Gatherings_and_Others-Restrict_Mass_Gatherings_and_Schools_and_Others,39127980764.53348,39116270590.64261,39139690938.42435,0,11968206096.123863,11850968481.339016,12085443710.90871,277951238.61470586,277951238.61470586,277951238.61470586,20829300075.696228,20821343527.696228,20837256623.696228,234403,231063.0,237743.0,10600,10512.0,10688.0,585184.2941176471,585184.2941176471,585184.2941176471,19206.705882352944,19206.705882352944,19206.705882352944,108838,108838.0,108838.0
DE,2020-03-15,3,Authorize_Schools_but_Restrict_Mass_Gatherings_and_Others-Authorize_Schools_but_Restrict_Mass_Gatherings_and_Others-Lockdown,46163722042.21924,46150840850.93928,46176603233.4992,0,12568350608.694937,12585431553.309315,12693003584.84856,292944904.06470585,292944904.06470585,292944904.06470585,20885260335.89623,20876508133.09623,20894012538.696228,257894,254220.0,261568.0,11146,11053.0,11239.0,612777.2941176471,612777.2941176471,612777.2941176471,20310.705882352944,20310.705882352944,20310.705882352944,115094,115094.0,115094.0
DE,2020-03-15,3,Authorize_Schools_but_Restrict_Mass_Gatherings_and_Others-Restrict_Mass_Gatherings_and_Schools_and_Others-No_Measure,30999685171.28558,30990965649.588997,31008404692.982166,0,9349422434.788671,9259320762.806927,9297790186.002417,211170418.84117648,211170418.84117648,211170418.84117648,20686842133.49623,20680917602.09623,20692766664.89623,174602,172115.0,177089.0,8191,8123.0,8259.0,452304.82352941175,452304.82352941175,452304.82352941175,14460.176470588236,14460.176470588236,14460.176470588236,81941,81941.0,81941.0
DE,2020-03-15,3,Authorize_Schools_but_Restrict_Mass_Gatherings_and_Others-Restrict_Mass_Gatherings_and_Schools_and_Others-Restrict_Mass_Gatherings,36266009977.89657,36254415503.328575,36277604452.46457,0,10411028723.517286,10448169263.900545,10515622103.902029,240218586.07058823,240218586.07058823,240218586.07058823,20823913921.49623,20816035986.09623,20831791856.89623,232142,228835.0,235449.0,9237,9160.0,9314.0,504793.4117647059,504793.4117647059,504793.4117647059,16615.58823529412,16615.58823529412,16615.58823529412,94155,94155.0,94155.0
DE,2020-03-15,3,Authorize_Schools_but_Restrict_Mass_Gatherings_and_Others-Restrict_Mass_Gatherings_and_Schools_and_Others-Restrict_Mass_Gatherings_and_Schools,51259412085.0398,51250671527.1027,51268152642.97691,0,9367350399.936443,9277217355.250696,9315749523.854187,211551061.20588237,211551061.20588237,211551061.20588237,20687778338.09623,20681839513.49623,20693717162.696228,174995,172502.0,177488.0,8205,8137.0,8273.0,453024.1176470588,453024.1176470588,453024.1176470588,14487.882352941177,14487.882352941177,14487.882352941177,82098,82098.0,82098.0
DE,2020-03-15,3,Authorize_Schools_but_Restrict_Mass_Gatherings_and_Others-Restrict_Mass_Gatherings_and_Schools_and_Others-Authorize_Schools_but_Restrict_Mass_Gatherings_and_Others,38925885601.8336,38917057392.89432,38934713810.77289,0,9271131775.794205,9321468142.773905,9362529329.582506,212418345.2764706,212418345.2764706,212418345.2764706,20691985303.29623,20685986923.696228,20697983682.89623,176761,174243.0,179279.0,8237,8168.0,8306.0,454577.5294117647,454577.5294117647,454577.5294117647,14552.470588235296,14552.470588235296,14552.470588235296,82464,82464.0,82464.0
DE,2020-03-15,3,Authorize_Schools_but_Restrict_Mass_Gatherings_and_Others-Restrict_Mass_Gatherings_and_Schools_and_Others-Restrict_Mass_Gatherings_and_Schools_and_Others,53437914014.683914,53429629241.95813,53446198787.409706,0,9084870115.931541,8996550602.66835,9173189629.19473,205852998.1147059,205852998.1147059,205852998.1147059,20666007412.29623,20660378273.696228,20671636550.89623,165856,163493.0,168219.0,7998,7931.0,8065.0,442574.29411764705,442574.29411764705,442574.29411764705,14067.705882352942,14067.705882352942,14067.705882352942,79717,79717.0,79717.0
DE,2020-03-15,3,Authorize_Schools_but_Restrict_Mass_Gatherings_and_Others-Restrict_Mass_Gatherings_and_Schools_and_Others-Lockdown,60415647859.12882,60407015988.43442,60424279729.823235,0,9300327990.999243,9210357038.617498,9390298943.38099,210192099.26764706,210192099.26764706,210192099.26764706,20682554173.49623,20676689197.09623,20688419149.89623,172802,170340.0,175264.0,8156,8088.0,8224.0,450533.35294117645,450533.35294117645,450533.35294117645,14387.64705882353,14387.64705882353,14387.64705882353,81530,81530.0,81530.0
DE,2020-03-15,3,Authorize_Schools_but_Restrict_Mass_Gatherings_and_Others-Lockdown-No_Measure,38135015517.64505,38123701526.28402,38146329509.00608,0,11363389408.782602,11252411594.10253,11474367223.462675,260608976.35294122,260608976.35294122,260608976.35294122,20810468784.696228,20802781425.29623,20818156144.09623,226498,223271.0,229725.0,9978,9895.0,10061.0,549047.0588235294,549047.0588235294,549047.0588235294,18001.94117647059,18001.94117647059,18001.94117647059,102011,102011.0,102011.0
DE,2020-03-15,3,Authorize_Schools_but_Restrict_Mass_Gatherings_and_Others-Lockdown-Restrict_Mass_Gatherings,43624131641.59,43606769731.078735,43641493552.10125,0,13760642020.655233,13620236342.529171,13901047698.781298,321240458.5588235,321240458.5588235,321240458.5588235,21098917471.696228,21087120817.29623,21110714126.09623,347583,342631.0,352535.0,12159,12058.0,12260.0,658491.1764705882,658491.1764705882,658491.1764705882,22502.823529411766,22502.823529411766,22502.823529411766,127516,127516.0,127516.0
DE,2020-03-15,3,Authorize_Schools_but_Restrict_Mass_Gatherings_and_Others-Lockdown-Restrict_Mass_Gatherings_and_Schools,58389521937.7096,58378264042.98997,58400779832.429245,0,11330447713.457281,11219553559.321209,11441341867.593351,259947636.84705883,259947636.84705883,259947636.84705883,20807857893.49623,20800208649.29623,20815507137.696228,225402,222191.0,228613.0,9954,9871.0,10037.0,547840.9411764706,547840.9411764706,547840.9411764706,17953.058823529413,17953.058823529413,17953.058823529413,101734,101734.0,101734.0
DE,2020-03-15,3,Authorize_Schools_but_Restrict_Mass_Gatherings_and_Others-Lockdown-Authorize_Schools_but_Restrict_Mass_Gatherings_and_Others,46069903915.52888,46058358525.522095,46081449305.53565,0,11353611362.165335,11382888579.006708,11466068066.09196,263241039.27058822,263241039.27058822,263241039.27058822,20821515046.09623,20813670461.49623,20829359630.696228,231135,227842.0,234428.0,10073,9989.0,10157.0,553841.4117647059,553841.4117647059,553841.4117647059,18196.58823529412,18196.58823529412,18196.58823529412,103114,103114.0,103114.0
DE,2020-03-15,3,Authorize_Schools_but_Restrict_Mass_Gatherings_and_Others-Lockdown-Restrict_Mass_Gatherings_and_Schools_and_Others,60530109549.85196,60519847370.51705,60540371729.18686,0,10713644931.150383,10750504830.448532,10818518952.620234,247531703.36470586,247531703.36470586,247531703.36470586,20760325856.89623,20753353157.49623,20767298556.29623,205449,202522.0,208376.0,9502,9423.0,9581.0,525059.2941176471,525059.2941176471,525059.2941176471,17037.70588235294,17037.70588235294,17037.70588235294,96547,96547.0,96547.0
DE,2020-03-15,3,Authorize_Schools_but_Restrict_Mass_Gatherings_and_Others-Lockdown-Lockdown,67538153110.84973,67527112590.61549,67549193631.08397,0,11198795965.403992,11089359785.378475,11308232145.429508,257328152.15,257328152.15,257328152.15,20797466737.09623,20789965189.29623,20804968284.89623,221040,217891.0,224189.0,9858,9776.0,9940.0,543031.0,543031.0,543031.0,17760.0,17760.0,17760.0,100640,100640.0,100640.0
DE,2020-03-15,3,Restrict_Mass_Gatherings_and_Schools_and_Others-No_Measure-No_Measure,22819352931.06514,22814360329.981125,22824345532.14915,0,5315151315.36187,5263487736.346222,5366814894.377518,114424820.04117647,114424820.04117647,114424820.04117647,20509027578.89623,20505635326.09623,20512419831.696228,99959,98535.0,101383.0,4727,4688.0,4766.0,247672.82352941178,247672.82352941178,247672.82352941178,7791.176470588236,7791.176470588236,7791.176470588236,44150,44150.0,44150.0
DE,2020-03-15,3,Restrict_Mass_Gatherings_and_Schools_and_Others-No_Measure-Restrict_Mass_Gatherings,28038114797.854706,28030923909.63609,28045305686.073322,0,6295640280.720718,6232761727.6191845,6358518833.822252,136315233.9852941,136315233.9852941,136315233.9852941,20613782441.696228,20608896549.49623,20618668333.89623,143933,141882.0,145984.0,5514,5468.0,5560.0,287179.70588235295,287179.70588235295,287179.70588235295,9416.29411764706,9416.29411764706,9416.29411764706,53359,53359.0,53359.0
DE,2020-03-15,3,Restrict_Mass_Gatherings_and_Schools_and_Others-No_Measure-Restrict_Mass_Gatherings_and_Schools,43076499399.31527,43071524328.431694,43081474470.198845,0,5304287526.429429,5252650091.333781,5355924961.525077,114227640.47352943,114227640.47352943,114227640.47352943,20508210484.29623,20504830142.49623,20511590826.09623,99616,98197.0,101035.0,4719,4680.0,4758.0,247317.4705882353,247317.4705882353,247317.4705882353,7776.529411764706,7776.529411764706,7776.529411764706,44067,44067.0,44067.0
DE,2020-03-15,3,Restrict_Mass_Gatherings_and_Schools_and_Others-No_Measure-Authorize_Schools_but_Restrict_Mass_Gatherings_and_Others,30743919546.93258,30738842800.886475,30748996292.97868,0,5363686279.263297,5310763419.929094,5416609138.597501,115388145.73529412,115388145.73529412,115388145.73529412,20513060643.49623,20509611217.89623,20516510069.09623,101652,100204.0,103100.0,4762,4722.0,4802.0,249434.70588235295,249434.70588235295,249434.70588235295,7862.2941176470595,7862.2941176470595,7862.2941176470595,44553,44553.0,44553.0
DE,2020-03-15,3,Restrict_Mass_Gatherings_and_Schools_and_Others-No_Measure-Restrict_Mass_Gatherings_and_Schools_and_Others,45263131835.92133,45258496850.92621,45267766820.916466,0,5239158925.431612,5189162471.886519,5289155378.976705,110077628.58235294,110077628.58235294,110077628.58235294,20491963880.29623,20488814611.89623,20495113148.696228,92796,91474.0,94118.0,4568,4530.0,4606.0,239715.64705882352,239715.64705882352,239715.64705882352,7470.352941176471,7470.352941176471,7470.352941176471,42332,42332.0,42332.0
DE,2020-03-15,3,Restrict_Mass_Gatherings_and_Schools_and_Others-No_Measure-Lockdown,52235392751.7903,52230487801.708466,52240297701.87213,0,5262770536.312777,5211237676.897128,5314303395.728425,113388181.52941176,113388181.52941176,113388181.52941176,20504792027.29623,20501459329.49623,20508124725.09623,98181,96782.0,99580.0,4689,4650.0,4728.0,245790.58823529413,245790.58823529413,245790.58823529413,7714.411764705883,7714.411764705883,7714.411764705883,43715,43715.0,43715.0
DE,2020-03-15,3,Restrict_Mass_Gatherings_and_Schools_and_Others-Restrict_Mass_Gatherings-No_Measure,28575366356.639584,28560521782.91086,28590210930.368313,0,12595695915.445175,12468114820.25155,12723277010.638798,290599497.9264706,290599497.9264706,290599497.9264706,20978821240.89623,20968735006.09623,20988907475.696228,297169,292935.0,301403.0,11114,11021.0,11207.0,587898.5294117647,587898.5294117647,587898.5294117647,20489.470588235294,20489.470588235294,20489.470588235294,116107,116107.0,116107.0
DE,2020-03-15,3,Restrict_Mass_Gatherings_and_Schools_and_Others-Restrict_Mass_Gatherings-Restrict_Mass_Gatherings,34919721357.14794,34886641868.92628,34952800845.369606,0,20286489628.256096,20068221415.335392,20363023920.408806,477246561.60294116,477246561.60294116,477246561.60294116,21848367120.49623,21825891063.49623,21870843177.49623,662187,652752.0,671622.0,17839,17690.0,17988.0,925452.0588235294,925452.0588235294,925452.0588235294,34333.94117647059,34333.94117647059,34333.94117647059,194559,194559.0,194559.0
DE,2020-03-15,3,Restrict_Mass_Gatherings_and_Schools_and_Others-Restrict_Mass_Gatherings-Restrict_Mass_Gatherings_and_Schools,48823568916.627556,48808868090.5424,48838269742.71271,0,12510268865.39076,12384035939.843693,12636501790.937828,288891363.3352941,288891363.3352941,288891363.3352941,20971927154.09623,20961938589.49623,20981915718.696228,294275,290082.0,298468.0,11052,10960.0,11144.0,584778.7058823529,584778.7058823529,584778.7058823529,20363.29411764706,20363.29411764706,20363.29411764706,115392,115392.0,115392.0
DE,2020-03-15,3,Restrict_Mass_Gatherings_and_Schools_and_Others-Restrict_Mass_Gatherings-Authorize_Schools_but_Restrict_Mass_Gatherings_and_Others,36544298403.76902,36528738597.86253,36559858209.675514,0,13015385288.26992,12884469942.135187,13004566713.636652,298968979.10882354,298968979.10882354,298968979.10882354,21012998664.29623,21002426460.696228,21023570867.89623,311516,307078.0,315954.0,11418,11323.0,11513.0,603178.1764705882,603178.1764705882,603178.1764705882,21107.823529411766,21107.823529411766,21107.823529411766,119611,119611.0,119611.0
DE,2020-03-15,3,Restrict_Mass_Gatherings_and_Schools_and_Others-Restrict_Mass_Gatherings-Restrict_Mass_Gatherings_and_Schools_and_Others,50835698726.01912,50823827274.28425,50847570177.754,0,11049980168.03592,10939304766.202404,11160655569.869438,253774225.14411765,253774225.14411765,253774225.14411765,20837113691.696228,20829047562.49623,20845179820.89623,237683,234297.0,241069.0,9775,9693.0,9857.0,520354.8823529412,520354.8823529412,520354.8823529412,17774.117647058825,17774.117647058825,17774.117647058825,100720,100720.0,100720.0
DE,2020-03-15,3,Restrict_Mass_Gatherings_and_Schools_and_Others-Restrict_Mass_Gatherings-Lockdown,57945252665.65833,57931154878.468155,57959350452.8485,0,12293087336.359884,12170021340.665926,12274419411.28584,281702495.7176471,281702495.7176471,281702495.7176471,20943226408.49623,20933647582.29623,20952805234.696228,282227,278206.0,286248.0,10791,10701.0,10881.0,571626.3529411765,571626.3529411765,571626.3529411765,19832.64705882353,19832.64705882353,19832.64705882353,112385,112385.0,112385.0
DE,2020-03-15,3,Restrict_Mass_Gatherings_and_Schools_and_Others-Restrict_Mass_Gatherings_and_Schools-No_Measure,43072940768.62688,43068014782.30452,43077866754.949234,0,5254762520.069781,5203198287.950132,5306326752.189429,113136719.05588236,113136719.05588236,113136719.05588236,20505792551.29623,20502445560.29623,20509139542.29623,98601,97196.0,100006.0,4680,4641.0,4719.0,245153.11764705883,245153.11764705883,245153.11764705883,7698.882352941177,7698.882352941177,7698.882352941177,43627,43627.0,43627.0
DE,2020-03-15,3,Restrict_Mass_Gatherings_and_Schools_and_Others-Restrict_Mass_Gatherings_and_Schools-Restrict_Mass_Gatherings,48298223869.978424,48291008439.4792,48305439300.477646,0,6297131340.786163,6234216186.19663,6360046495.375697,136271547.42058825,136271547.42058825,136271547.42058825,20614978306.09623,20610075738.49623,20619880873.696228,144435,142377.0,146493.0,5513,5467.0,5559.0,286952.4117647059,286952.4117647059,286952.4117647059,9415.588235294119,9415.588235294119,9415.588235294119,53355,53355.0,53355.0
DE,2020-03-15,3,Restrict_Mass_Gatherings_and_Schools_and_Others-Restrict_Mass_Gatherings_and_Schools-Restrict_Mass_Gatherings_and_Schools,63330115285.1977,63325206829.075775,63335023741.319626,0,5245074350.911896,5193536262.712247,5296612439.111543,112940376.82941176,112940376.82941176,112940376.82941176,20504994514.29623,20501659434.29623,20508329594.29623,98266,96866.0,99666.0,4673,4634.0,4712.0,244792.58823529413,244792.58823529413,244792.58823529413,7684.411764705883,7684.411764705883,7684.411764705883,43545,43545.0,43545.0
DE,2020-03-15,3,Restrict_Mass_Gatherings_and_Schools_and_Others-Restrict_Mass_Gatherings_and_Schools-Authorize_Schools_but_Restrict_Mass_Gatherings_and_Others,50997759819.380585,50992746182.056046,51002773456.70512,0,5305941535.424318,5254246583.704671,5357636487.143967,114163478.11176471,114163478.11176471,114163478.11176471,20509997134.29623,20506590588.29623,20513403680.29623,100366,98936.0,101796.0,4717,4678.0,4756.0,247026.23529411765,247026.23529411765,247026.23529411765,7774.764705882353,7774.764705882353,7774.764705882353,44057,44057.0,44057.0
DE,2020-03-15,3,Restrict_Mass_Gatherings_and_Schools_and_Others-Restrict_Mass_Gatherings_and_Schools-Restrict_Mass_Gatherings_and_Schools_and_Others,65517028205.010735,65512456328.737175,65521600081.284294,0,5180364052.634078,5130461717.200985,5230266388.067171,108795991.40294117,108795991.40294117,108795991.40294117,20488938486.29623,20485832097.49623,20492044875.09623,91526,90222.0,92830.0,4522,4484.0,4560.0,237184.0588235294,237184.0588235294,237184.0588235294,7378.941176470588,7378.941176470588,7378.941176470588,41814,41814.0,41814.0
DE,2020-03-15,3,Restrict_Mass_Gatherings_and_Schools_and_Others-Restrict_Mass_Gatherings_and_Schools-Lockdown,72489015649.7529,72484180820.47281,72493850479.033,0,5202434028.860688,5151005745.12504,5253862312.596335,112097990.18529412,112097990.18529412,112097990.18529412,20501580821.696228,20498295767.89623,20504865875.49623,96833,95454.0,98212.0,4642,4603.0,4681.0,243247.70588235295,243247.70588235295,243247.70588235295,7622.2941176470595,7622.2941176470595,7622.2941176470595,43193,43193.0,43193.0
DE,2020-03-15,3,Restrict_Mass_Gatherings_and_Schools_and_Others-Authorize_Schools_but_Restrict_Mass_Gatherings_and_Others-No_Measure,30762238606.387608,30756898907.334972,30767578305.440243,0,5618898365.676869,5564449558.040111,5673347173.313627,120989191.71764708,120989191.71764708,120989191.71764708,20525507638.49623,20521879547.89623,20529135729.09623,106877,105354.0,108400.0,4963,4922.0,5004.0,260506.35294117648,260506.35294117648,260506.35294117648,8261.64705882353,8261.64705882353,8261.64705882353,46816,46816.0,46816.0
DE,2020-03-15,3,Restrict_Mass_Gatherings_and_Schools_and_Others-Authorize_Schools_but_Restrict_Mass_Gatherings_and_Others-Restrict_Mass_Gatherings,36030088540.436485,36021852852.27191,36038324228.60105,0,6833583412.233924,6764611523.490171,6902555300.977678,150258526.3264706,150258526.3264706,150258526.3264706,20663615683.49623,20658019895.696228,20669211471.29623,164852,162503.0,167201.0,6017,5967.0,6067.0,313394.5294117647,313394.5294117647,313394.5294117647,10433.470588235296,10433.470588235296,10433.470588235296,59123,59123.0,59123.0
DE,2020-03-15,3,Restrict_Mass_Gatherings_and_Schools_and_Others-Authorize_Schools_but_Restrict_Mass_Gatherings_and_Others-Restrict_Mass_Gatherings_and_Schools,51019037976.66911,51013722819.89709,51024353133.44114,0,5606383137.625874,5551970931.477115,5660795343.7746315,120728440.22941175,120728440.22941175,120728440.22941175,20524454706.09623,20520843290.89623,20528066121.29623,106435,104919.0,107951.0,4954,4913.0,4995.0,260028.58823529413,260028.58823529413,260028.58823529413,8242.411764705883,8242.411764705883,8242.411764705883,46707,46707.0,46707.0
DE,2020-03-15,3,Restrict_Mass_Gatherings_and_Schools_and_Others-Authorize_Schools_but_Restrict_Mass_Gatherings_and_Others-Authorize_Schools_but_Restrict_Mass_Gatherings_and_Others,38688530193.97789,38683081807.682556,38693978580.273224,0,5683611365.336958,5627866675.893644,5739356054.780271,122254015.65,122254015.65,122254015.65,20530712745.49623,20527010806.696228,20534414684.29623,109062,107508.0,110616.0,5010,4968.0,5052.0,262821.0,262821.0,262821.0,8355.0,8355.0,8355.0,47345,47345.0,47345.0
DE,2020-03-15,3,Restrict_Mass_Gatherings_and_Schools_and_Others-Authorize_Schools_but_Restrict_Mass_Gatherings_and_Others-Restrict_Mass_Gatherings_and_Schools_and_Others,53199005431.069626,53194125023.2684,53203885838.87086,0,5337426380.358522,5284796332.928319,5390056427.788725,115310327.31470588,115310327.31470588,115310327.31470588,20503679539.89623,20500363517.49623,20506995562.29623,97714,96322.0,99106.0,4757,4717.0,4797.0,250102.29411764705,250102.29411764705,250102.29411764705,7842.705882352941,7842.705882352941,7842.705882352941,44442,44442.0,44442.0
DE,2020-03-15,3,Restrict_Mass_Gatherings_and_Schools_and_Others-Authorize_Schools_but_Restrict_Mass_Gatherings_and_Others-Lockdown,60176483334.58818,60171259334.85842,60181707334.31794,0,5551368764.691669,5497092506.926911,5605645022.456428,119630555.07941176,119630555.07941176,119630555.07941176,20520052400.49623,20516502922.49623,20523601878.49623,104587,103097.0,106077.0,4914,4873.0,4955.0,258017.58823529413,258017.58823529413,258017.58823529413,8161.411764705883,8161.411764705883,8161.411764705883,46248,46248.0,46248.0
DE,2020-03-15,3,Restrict_Mass_Gatherings_and_Schools_and_Others-Restrict_Mass_Gatherings_and_Schools_and_Others-No_Measure,45205212053.682655,45201400988.107994,45209023119.25732,0,4390872868.034597,4348907915.744834,4432837820.32436,91418001.14117646,91418001.14117646,91418001.14117646,20452609936.29623,20450020484.89623,20455199387.696228,76276,75189.0,77363.0,3896,3864.0,3928.0,202406.82352941178,202406.82352941178,202406.82352941178,6147.176470588236,6147.176470588236,6147.176470588236,34834,34834.0,34834.0
DE,2020-03-15,3,Restrict_Mass_Gatherings_and_Schools_and_Others-Restrict_Mass_Gatherings_and_Schools_and_Others-Restrict_Mass_Gatherings,50319507950.03738,50314988664.36512,50324027235.70963,0,4752989101.235588,4707700355.572715,4798277846.89846,98462188.79705882,98462188.79705882,98462188.79705882,20486384767.89623,20483314112.09623,20489455423.696228,90454,89165.0,91743.0,4150,4116.0,4184.0,215123.9411764706,215123.9411764706,215123.9411764706,6670.058823529413,6670.058823529413,6670.058823529413,37797,37797.0,37797.0
DE,2020-03-15,3,Restrict_Mass_Gatherings_and_Schools_and_Others-Restrict_Mass_Gatherings_and_Schools_and_Others-Restrict_Mass_Gatherings_and_Schools,65463091284.31098,65459287230.8165,65466895337.80547,0,4386770842.470932,4344816347.749169,4428725337.192694,91330718.52647059,91330718.52647059,91330718.52647059,20452290721.49623,20449706034.49623,20454875408.49623,76142,75057.0,77227.0,3893,3861.0,3925.0,202262.5294117647,202262.5294117647,202262.5294117647,6140.470588235295,6140.470588235295,6140.470588235295,34796,34796.0,34796.0
DE,2020-03-15,3,Restrict_Mass_Gatherings_and_Schools_and_Others-Restrict_Mass_Gatherings_and_Schools_and_Others-Authorize_Schools_but_Restrict_Mass_Gatherings_and_Others,53124901767.788956,53121076678.05394,53128726857.523964,0,4398120908.315372,4356135040.889609,4440106775.741136,91547494.35588236,91547494.35588236,91547494.35588236,20453329360.696228,20450730380.49623,20455928340.89623,76578,75487.0,77669.0,3901,3869.0,3933.0,202635.11764705883,202635.11764705883,202635.11764705883,6156.882352941177,6156.882352941177,6156.882352941177,34889,34889.0,34889.0
DE,2020-03-15,3,Restrict_Mass_Gatherings_and_Schools_and_Others-Restrict_Mass_Gatherings_and_Schools_and_Others-Restrict_Mass_Gatherings_and_Schools_and_Others,67665535961.709816,67661847607.5382,67669224315.88143,0,4315735297.298068,4273953352.4483047,4357517242.14783,89899329.29411764,89899329.29411764,89899329.29411764,20446787839.49623,20444281765.09623,20449293913.89623,73832,72780.0,74884.0,3841,3809.0,3873.0,199625.88235294117,199625.88235294117,199625.88235294117,6035.117647058824,6035.117647058824,6035.117647058824,34199,34199.0,34199.0
DE,2020-03-15,3,Restrict_Mass_Gatherings_and_Schools_and_Others-Restrict_Mass_Gatherings_and_Schools_and_Others-Lockdown,74625119036.62387,74621343031.45007,74628895041.79767,0,4370336596.296271,4328423931.846508,4412249260.746034,91002630.07647058,91002630.07647058,91002630.07647058,20451001951.29623,20448436321.89623,20453567580.696228,75601,74524.0,76678.0,3881,3849.0,3913.0,201649.5294117647,201649.5294117647,201649.5294117647,6116.470588235295,6116.470588235295,6116.470588235295,34660,34660.0,34660.0
DE,2020-03-15,3,Restrict_Mass_Gatherings_and_Schools_and_Others-Lockdown-No_Measure,52217683743.310425,52213031228.11485,52222336258.50599,0,5153603547.590871,5104714739.628333,5202492355.553409,107913399.85294119,107913399.85294119,107913399.85294119,20492759535.09623,20489598355.696228,20495920714.49623,93130,91803.0,94457.0,4491,4454.0,4528.0,234917.0588235294,234917.0588235294,234917.0588235294,7324.941176470588,7324.941176470588,7324.941176470588,41508,41508.0,41508.0
DE,2020-03-15,3,Restrict_Mass_Gatherings_and_Schools_and_Others-Lockdown-Restrict_Mass_Gatherings,57418540263.37524,57411948908.01151,57425131618.73896,0,5877219611.094423,5818636548.564554,5935802673.624291,127590019.56470588,127590019.56470588,127590019.56470588,20585348502.49623,20580869966.49623,20589827038.49623,131997,130117.0,133877.0,5200,5157.0,5243.0,270487.29411764705,270487.29411764705,270487.29411764705,8784.705882352942,8784.705882352942,8784.705882352942,49780,49780.0,49780.0
DE,2020-03-15,3,Restrict_Mass_Gatherings_and_Schools_and_Others-Lockdown-Restrict_Mass_Gatherings_and_Schools,72475047586.04594,72470409095.01073,72479686077.08116,0,5145331522.271541,5096463629.445002,5194199415.098078,107740997.25588235,107740997.25588235,107740997.25588235,20492090136.89623,20488938486.29623,20495241787.49623,92849,91526.0,94172.0,4485,4448.0,4522.0,234621.11764705883,234621.11764705883,234621.11764705883,7311.882352941177,7311.882352941177,7311.882352941177,41434,41434.0,41434.0
DE,2020-03-15,3,Restrict_Mass_Gatherings_and_Schools_and_Others-Lockdown-Authorize_Schools_but_Restrict_Mass_Gatherings_and_Others,60141244125.67287,60136521489.67556,60145966761.67017,0,5194968902.971523,5144841729.826429,5103362155.348616,108718154.18823528,108718154.18823528,108718154.18823528,20496108908.29623,20492900084.89623,20499317731.696228,94536,93189.0,95883.0,4521,4483.0,4559.0,236395.76470588235,236395.76470588235,236395.76470588235,7384.235294117648,7384.235294117648,7384.235294117648,41844,41844.0,41844.0
DE,2020-03-15,3,Restrict_Mass_Gatherings_and_Schools_and_Others-Lockdown-Restrict_Mass_Gatherings_and_Schools_and_Others,74666364092.20836,74661999072.29994,74670729112.11679,0,4978334551.50382,4931008293.331838,5025660809.675803,104388697.56764707,104388697.56764707,104388697.56764707,20479026152.09623,20476060313.09623,20481991991.09623,87365,86120.0,88610.0,4363,4327.0,4399.0,228475.35294117648,228475.35294117648,228475.35294117648,7064.64705882353,7064.64705882353,7064.64705882353,40033,40033.0,40033.0
DE,2020-03-15,3,Restrict_Mass_Gatherings_and_Schools_and_Others-Lockdown-Lockdown,81634996256.58719,81630413862.19337,81639578650.98102,0,5112191133.154218,5063406900.87168,5160975365.436756,107086260.11470589,107086260.11470589,107086260.11470589,20489388722.09623,20486275186.696228,20492502257.49623,91715,90408.0,93022.0,4461,4424.0,4498.0,233414.29411764705,233414.29411764705,233414.29411764705,7263.705882352941,7263.705882352941,7263.705882352941,41161,41161.0,41161.0
DE,2020-03-15,3,Lockdown-No_Measure-No_Measure,30054002381.011612,30045002376.108063,30063002385.915165,0,9013513825.52132,8924127640.32213,9102900010.720512,205208835.61764705,205208835.61764705,205208835.61764705,20700137191.696228,20694022084.29623,20706252299.09623,180183,177616.0,182750.0,7994,7927.0,8061.0,434112.35294117645,434112.35294117645,434112.35294117645,14144.64705882353,14144.64705882353,14144.64705882353,80153,80153.0,80153.0
DE,2020-03-15,3,Lockdown-No_Measure-Restrict_Mass_Gatherings,35459786944.16667,35445924061.66232,35473649826.67101,0,11074490528.201382,10961978966.558422,11187002089.844345,253693268.46764708,253693268.46764708,253693268.46764708,20931965749.09623,20922546530.29623,20941384967.89623,277500,273546.0,281454.0,9738,9657.0,9819.0,521581.35294117645,521581.35294117645,521581.35294117645,17744.64705882353,17744.64705882353,17744.64705882353,100553,100553.0,100553.0
DE,2020-03-15,3,Lockdown-No_Measure-Restrict_Mass_Gatherings_and_Schools,50309984843.95283,50301019899.45015,50318949788.45551,0,8994111343.28555,8904777445.92636,9083445240.64474,204837488.39411765,204837488.39411765,204837488.39411765,20698529206.696228,20692437921.29623,20704620492.09623,179508,176951.0,182065.0,7980,7913.0,8047.0,433439.8823529412,433439.8823529412,433439.8823529412,14117.117647058825,14117.117647058825,14117.117647058825,79997,79997.0,79997.0
DE,2020-03-15,3,Lockdown-No_Measure-Authorize_Schools_but_Restrict_Mass_Gatherings_and_Others,37984438107.98483,37975269813.157104,37993606402.81257,0,9105949248.417955,9016312081.586765,9195586415.249146,207043885.11470586,207043885.11470586,207043885.11470586,20708158059.09623,20701928606.09623,20714387512.09623,183550,180935.0,186165.0,8060,7993.0,8127.0,437434.29411764705,437434.29411764705,437434.29411764705,14280.705882352942,14280.705882352942,14280.705882352942,80924,80924.0,80924.0
DE,2020-03-15,3,Lockdown-No_Measure-Restrict_Mass_Gatherings_and_Schools_and_Others,52466268997.56507,52458075381.881546,52474462613.2486,0,8667168592.99571,8582386396.6241865,8751950789.367237,195420495.2411765,195420495.2411765,195420495.2411765,20661662279.49623,20656095078.09623,20667229480.89623,164032,161695.0,166369.0,7638,7574.0,7702.0,416200.82352941175,416200.82352941175,416200.82352941175,13422.176470588236,13422.176470588236,13422.176470588236,76059,76059.0,76059.0
DE,2020-03-15,3,Lockdown-No_Measure-Lockdown,59463892607.42402,59455067904.524826,59472717310.32322,0,8913412916.249353,8967155880.52072,9001403872.74599,203245967.5882353,203245967.5882353,203245967.5882353,20691723261.29623,20685727263.89623,20697719258.696228,176651,174134.0,179168.0,7922,7856.0,7988.0,430551.76470588235,430551.76470588235,430551.76470588235,13999.235294117649,13999.235294117649,13999.235294117649,79329,79329.0,79329.0
DE,2020-03-15,3,Lockdown-Restrict_Mass_Gatherings-No_Measure,36990404840.825935,36954734388.979904,37026075292.67196,0,28970451356.45357,28675756543.99334,29123412248.1458,688459783.1882353,688459783.1882353,688459783.1882353,21971953274.29623,21947716771.496227,21996189777.09623,714066,703892.0,724240.0,25509,25296.0,25722.0,1369295.7647058824,1369295.7647058824,1369295.7647058824,48943.23529411765,48943.23529411765,48943.23529411765,277345,277345.0,277345.0
DE,2020-03-15,3,Lockdown-Restrict_Mass_Gatherings-Restrict_Mass_Gatherings,45070677421.33302,44992040448.21975,45149314394.446304,0,47325919261.58865,46954684249.62893,47697154273.54838,1138054837.7617648,1138054837.7617648,1138054837.7617648,24020978782.296227,23967548418.49623,24074409146.09623,1574206,1551777.0,1596635.0,41732,41383.0,42081.0,2183447.2352941176,2183447.2352941176,2183447.2352941176,82273.76470588236,82273.76470588236,82273.76470588236,466218,466218.0,466218.0
DE,2020-03-15,3,Lockdown-Restrict_Mass_Gatherings-Restrict_Mass_Gatherings_and_Schools,57222241205.68738,57186949406.17076,57257533005.204,0,28742702234.42143,28449705920.13575,29035698548.707104,683902092.9647058,683902092.9647058,683902092.9647058,21953939077.89623,21929959852.696228,21977918303.09623,706504,696438.0,716570.0,25343,25131.0,25555.0,1360963.294117647,1360963.294117647,1360963.294117647,48606.705882352944,48606.705882352944,48606.705882352944,275438,275438.0,275438.0
DE,2020-03-15,3,Lockdown-Restrict_Mass_Gatherings-Authorize_Schools_but_Restrict_Mass_Gatherings_and_Others,45039989834.11872,45002454168.946365,45077525499.29108,0,29796118165.160965,29632439033.86285,30101531217.227085,710674081.05,710674081.05,710674081.05,22060930826.49623,22035426993.29623,22086434659.696228,751417,740711.0,762123.0,26315,26095.0,26535.0,1409937.0,1409937.0,1409937.0,50583.0,50583.0,50583.0,286637,286637.0,286637.0
DE,2020-03-15,3,Lockdown-Restrict_Mass_Gatherings-Restrict_Mass_Gatherings_and_Schools_and_Others,59060103292.550285,59030123143.7656,59090083441.33496,0,26359270435.249096,26094603939.76941,26623936930.728783,625685325.5088235,625685325.5088235,625685325.5088235,21700718364.496227,21680348172.29623,21721088556.696228,600207,591656.0,608758.0,23231,23037.0,23425.0,1255834.1764705882,1255834.1764705882,1255834.1764705882,44285.82352941177,44285.82352941177,44285.82352941177,250953,250953.0,250953.0
DE,2020-03-15,3,Lockdown-Restrict_Mass_Gatherings-Lockdown,66275388883.09578,66241674801.61835,66309102964.573204,0,27927842423.141983,27644001798.671635,28211683047.612328,664676657.1205883,664676657.1205883,664676657.1205883,21878671086.696228,21855763851.49623,21901578321.89623,674908,665292.0,684524.0,24645,24439.0,24851.0,1325730.4117647058,1325730.4117647058,1325730.4117647058,47188.58823529412,47188.58823529412,47188.58823529412,267402,267402.0,267402.0
DE,2020-03-15,3,Lockdown-Restrict_Mass_Gatherings_and_Schools-No_Measure,50302744871.173,50293881601.83284,50311608140.51315,0,8892610744.121143,8946296191.768509,8980659217.24178,202604206.10294116,202604206.10294116,202604206.10294116,20693609963.696228,20687587762.09623,20699632165.29623,177443,174915.0,179971.0,7900,7834.0,7966.0,429022.0588235294,429022.0588235294,429022.0588235294,13957.94117647059,13957.94117647059,13957.94117647059,79095,79095.0,79095.0
DE,2020-03-15,3,Lockdown-Restrict_Mass_Gatherings_and_Schools-Restrict_Mass_Gatherings,55696454632.26812,55682903787.33153,55710005477.20471,0,10865284565.54679,10754372155.182383,10976196975.911198,249380383.90588236,249380383.90588236,249380383.90588236,20917234224.29623,20908027021.29623,20926441427.29623,271316,267451.0,275181.0,9582,9502.0,9662.0,513422.1176470588,513422.1176470588,513422.1176470588,17430.88235294118,17430.88235294118,17430.88235294118,98775,98775.0,98775.0
DE,2020-03-15,3,Lockdown-Restrict_Mass_Gatherings_and_Schools-Restrict_Mass_Gatherings_and_Schools,70558082222.73819,70549261025.87907,70566903419.5973,0,8866577218.116596,8920325411.17196,8954562945.829231,202093233.18235296,202093233.18235296,202093233.18235296,20691563653.89623,20685570038.696228,20697557269.09623,176584,174068.0,179100.0,7881,7815.0,7947.0,428079.64705882355,428079.64705882355,428079.64705882355,13920.352941176472,13920.352941176472,13920.352941176472,78882,78882.0,78882.0
DE,2020-03-15,3,Lockdown-Restrict_Mass_Gatherings_and_Schools-Authorize_Schools_but_Restrict_Mass_Gatherings_and_Others,58236322010.06425,58227244872.27878,58245399147.84972,0,9018075895.045656,8928574676.598465,9107577113.492846,205134528.65882352,205134528.65882352,205134528.65882352,20703765282.29623,20697597766.49623,20709932798.09623,181706,179117.0,184295.0,7991,7924.0,8058.0,433645.17647058825,433645.17647058825,433645.17647058825,14144.823529411766,14144.823529411766,14144.823529411766,80154,80154.0,80154.0
DE,2020-03-15,3,Lockdown-Restrict_Mass_Gatherings_and_Schools-Restrict_Mass_Gatherings_and_Schools_and_Others,72710706070.49951,72702712299.10095,72718699841.89807,0,8491091616.233665,8407741250.052695,8574441982.414636,191640794.2382353,191640794.2382353,191640794.2382353,20652209709.89623,20646778293.89623,20657641125.89623,160064,157784.0,162344.0,7501,7438.0,7564.0,408872.76470588235,408872.76470588235,408872.76470588235,13150.235294117649,13150.235294117649,13150.235294117649,74518,74518.0,74518.0
DE,2020-03-15,3,Lockdown-Restrict_Mass_Gatherings_and_Schools-Lockdown,79709581336.66956,79700938947.85487,79718223725.48422,0,8900210957.686747,8813625687.460665,8986796227.912825,199933257.85882354,199933257.85882354,199933257.85882354,20683121137.09623,20677249014.09623,20688993260.09623,173040,170575.0,175505.0,7802,7737.0,7867.0,424133.17647058825,424133.17647058825,424133.17647058825,13760.823529411766,13760.823529411766,13760.823529411766,77978,77978.0,77978.0
DE,2020-03-15,3,Lockdown-Authorize_Schools_but_Restrict_Mass_Gatherings_and_Others-No_Measure,38023281526.10967,38013559276.94818,38033003775.271164,0,9645739484.939865,9550741012.226456,9740737957.653276,218793184.74411765,218793184.74411765,218793184.74411765,20734550452.89623,20727944612.29623,20741156293.49623,194629,191856.0,197402.0,8485,8414.0,8556.0,460618.8823529412,460618.8823529412,460618.8823529412,15119.117647058825,15119.117647058825,15119.117647058825,85675,85675.0,85675.0
DE,2020-03-15,3,Lockdown-Authorize_Schools_but_Restrict_Mass_Gatherings_and_Others-Restrict_Mass_Gatherings,43538664902.38707,43522519587.78603,43554810216.988106,0,12269241414.462086,12143121808.91213,12395361020.012043,283956411.5735294,283956411.5735294,283956411.5735294,21040846582.29623,21029876551.29623,21051816613.29623,323206,318601.0,327811.0,10831,10741.0,10921.0,578411.4705882353,578411.4705882353,578411.4705882353,19953.529411764706,19953.529411764706,19953.529411764706,113070,113070.0,113070.0
DE,2020-03-15,3,Lockdown-Authorize_Schools_but_Restrict_Mass_Gatherings_and_Others-Restrict_Mass_Gatherings_and_Schools,58278219189.104935,58268546024.50466,58287892353.70521,0,9616842298.554209,9521917028.816797,9711767568.291618,218221380.86176473,218221380.86176473,218221380.86176473,20732232572.29623,20725660082.49623,20738805062.09623,193656,190897.0,196415.0,8464,8393.0,8535.0,459581.23529411765,459581.23529411765,459581.23529411765,15076.764705882353,15076.764705882353,15076.764705882353,85435,85435.0,85435.0
DE,2020-03-15,3,Lockdown-Authorize_Schools_but_Restrict_Mass_Gatherings_and_Others-Authorize_Schools_but_Restrict_Mass_Gatherings_and_Others,45958797505.16908,45948836845.28167,45968758165.0565,0,9784300258.939373,9687812439.411407,9880788078.467339,221567499.85000002,221567499.85000002,221567499.85000002,20746023128.09623,20739255297.89623,20752790958.29623,199445,196604.0,202286.0,8585,8513.0,8657.0,465689.0,465689.0,465689.0,15324.000000000002,15324.000000000002,15324.000000000002,86836,86836.0,86836.0
DE,2020-03-15,3,Lockdown-Authorize_Schools_but_Restrict_Mass_Gatherings_and_Others-Restrict_Mass_Gatherings_and_Schools_and_Others,60421513464.19452,60412797448.538025,60430229479.85102,0,9169619637.816969,9080656984.121778,9116848370.74416,206386709.05294114,206386709.05294114,206386709.05294114,20686539594.09623,20680617444.89623,20692461743.29623,174475,171989.0,176961.0,8033,7966.0,8100.0,437885.0588235294,437885.0588235294,437885.0588235294,14203.94117647059,14203.94117647059,14203.94117647059,80489,80489.0,80489.0
DE,2020-03-15,3,Lockdown-Authorize_Schools_but_Restrict_Mass_Gatherings_and_Others-Lockdown,67427796993.06858,67418327178.79336,67437266807.3438,0,9495672638.20136,9402184427.438505,9589160848.964218,215794238.42647058,215794238.42647058,215794238.42647058,20722484609.89623,20716050287.696228,20728918932.09623,189564,186863.0,192265.0,8376,8306.0,8446.0,455148.5294117647,455148.5294117647,455148.5294117647,14897.470588235296,14897.470588235296,14897.470588235296,84419,84419.0,84419.0
DE,2020-03-15,3,Lockdown-Restrict_Mass_Gatherings_and_Schools_and_Others-No_Measure,52349819382.11256,52343284123.39023,52356354640.83489,0,7101216485.030686,7032512977.521822,7169919992.539551,157900024.75882354,157900024.75882354,157900024.75882354,20582539888.696228,20578099467.89623,20586980309.49623,130818,128954.0,132682.0,6285,6233.0,6337.0,341399.17647058825,341399.17647058825,341399.17647058825,10757.823529411766,10757.823529411766,10757.823529411766,60961,60961.0,60961.0
DE,2020-03-15,3,Lockdown-Restrict_Mass_Gatherings_and_Schools_and_Others-Restrict_Mass_Gatherings,57541553185.87077,57533208810.46351,57549897561.27804,0,7887201382.186045,7808997085.117849,7965405679.254239,175999189.82647058,175999189.82647058,175999189.82647058,20668930371.696228,20663260735.696228,20674600007.696228,167083,164703.0,169463.0,6936,6878.0,6994.0,374064.5294117647,374064.5294117647,374064.5294117647,12101.470588235296,12101.470588235296,12101.470588235296,68575,68575.0,68575.0
DE,2020-03-15,3,Lockdown-Restrict_Mass_Gatherings_and_Schools_and_Others-Restrict_Mass_Gatherings_and_Schools,72606965850.36269,72600448121.84079,72613483578.88458,0,7090352696.098247,7021675332.509381,7159030059.68711,157688224.79411766,157688224.79411766,157688224.79411766,20581722794.09623,20577294284.29623,20586151303.89623,130475,128616.0,132334.0,6277,6225.0,6329.0,341015.8823529412,341015.8823529412,341015.8823529412,10742.117647058823,10742.117647058823,10742.117647058823,60872,60872.0,60872.0
DE,2020-03-15,3,Lockdown-Restrict_Mass_Gatherings_and_Schools_and_Others-Authorize_Schools_but_Restrict_Mass_Gatherings_and_Others,60271220043.78136,60264646218.61807,60277793868.94465,0,7118952698.421348,7050191674.288483,7187713722.554212,158242155.27941176,158242155.27941176,158242155.27941176,20584421826.696228,20579955201.696228,20588888451.696228,131608,129733.0,133483.0,6297,6245.0,6349.0,342005.5882352941,342005.5882352941,342005.5882352941,10783.411764705883,10783.411764705883,10783.411764705883,61106,61106.0,61106.0
DE,2020-03-15,3,Lockdown-Restrict_Mass_Gatherings_and_Schools_and_Others-Restrict_Mass_Gatherings_and_Schools_and_Others,74796943049.21184,74790719828.05725,74803166270.36641,0,6908886645.31442,6841782289.08411,6975991001.544729,154046143.65588236,154046143.65588236,154046143.65588236,20567748808.89623,20563520403.89623,20571977213.89623,124609,122834.0,126384.0,6144,6093.0,6195.0,334317.1176470588,334317.1176470588,334317.1176470588,10473.882352941177,10473.882352941177,10473.882352941177,59352,59352.0,59352.0
DE,2020-03-15,3,Lockdown-Restrict_Mass_Gatherings_and_Schools_and_Others-Lockdown,81765974902.1606,81759527294.44044,81772422509.88075,0,7047874466.351039,6979301678.442174,7116447254.259903,156826476.81176472,156826476.81176472,156826476.81176472,20578382949.696228,20574002083.89623,20582763815.49623,129073,127234.0,130912.0,6246,6194.0,6298.0,339424.23529411765,339424.23529411765,339424.23529411765,10678.764705882353,10678.764705882353,10678.764705882353,60513,60513.0,60513.0
DE,2020-03-15,3,Lockdown-Lockdown-No_Measure,59428218649.53791,59419902322.45134,59436534976.62448,0,8547294369.292768,8463462954.983797,8631125783.601738,192147338.85,192147338.85,192147338.85,20667484376.29623,20661833797.89623,20673134954.696228,166476,164104.0,168848.0,7521,7458.0,7584.0,408549.0,408549.0,408549.0,13209.0,13209.0,13209.0,74851,74851.0,74851.0
DE,2020-03-15,3,Lockdown-Lockdown-Restrict_Mass_Gatherings,64803823219.62332,64791075257.86667,64816571181.37997,0,10419270432.476334,10314090571.658148,10382716372.52652,237053587.92058825,237053587.92058825,237053587.92058825,20878806956.09623,20870145276.89623,20887468635.29623,255185,251549.0,258821.0,9138,9062.0,9214.0,489722.4117647059,489722.4117647059,489722.4117647059,16540.58823529412,16540.58823529412,16540.58823529412,93730,93730.0,93730.0
DE,2020-03-15,3,Lockdown-Lockdown-Restrict_Mass_Gatherings_and_Schools,79683948677.59285,79675670916.94725,79692226438.23846,0,8525247835.603887,8441473937.918916,8609021733.288857,191697474.00882354,191697474.00882354,191697474.00882354,20665704872.89623,20660080498.696228,20671329247.09623,165729,163368.0,168090.0,7505,7442.0,7568.0,407724.17647058825,407724.17647058825,407724.17647058825,13175.823529411766,13175.823529411766,13175.823529411766,74663,74663.0,74663.0
DE,2020-03-15,3,Lockdown-Lockdown-Authorize_Schools_but_Restrict_Mass_Gatherings_and_Others,67359877984.501526,67351375837.290344,67368380131.712715,0,8658561480.343729,8574452940.4827585,8742670020.2047,194372861.9852941,194372861.9852941,194372861.9852941,20676336631.49623,20670559796.49623,20682113466.49623,170192,167767.0,172617.0,7602,7539.0,7665.0,412619.70588235295,412619.70588235295,412619.70588235295,13373.29411764706,13373.29411764706,13373.29411764706,75782,75782.0,75782.0
DE,2020-03-15,3,Lockdown-Lockdown-Restrict_Mass_Gatherings_and_Schools_and_Others,81844092981.34097,81836533958.91322,81851652003.76874,0,8072532161.253044,7993231532.795738,8151832789.710349,182534545.59117645,182534545.59117645,182534545.59117645,20631460747.89623,20626324724.696228,20636596771.09623,151354,149198.0,153510.0,7172,7112.0,7232.0,390859.82352941175,390859.82352941175,390859.82352941175,12501.176470588236,12501.176470588236,12501.176470588236,70840,70840.0,70840.0
DE,2020-03-15,3,Lockdown-Lockdown-Lockdown,88837004473.32289,88828880978.4411,88845127968.20467,0,8430807129.527585,8348397087.84117,8513217171.214,189801250.14705884,189801250.14705884,189801250.14705884,20658320052.89623,20652800495.49623,20663839610.29623,162629,160312.0,164946.0,7436,7374.0,7498.0,404242.9411764706,404242.9411764706,404242.9411764706,13036.058823529413,13036.058823529413,13036.058823529413,73871,73871.0,73871.0
US-NY,2020-03-15,3,actual,37547500000.0,37547500000.0,37547500000.0,0,191299370688.3754,,,3887181335.205439,,,121401777432.42055,,,385831,,,31462,,,1039916.3529411765,,,34121.64705882353,,,193356,,
US-NY,2020-03-15,3,No_Measure-No_Measure-No_Measure,641176164.5493044,630839564.4283122,651512764.6702964,0,51888280711.2812,51766513779.73157,52151781563.598816,897415938.51611,897415938.51611,897415938.51611,120051637395.23254,120045032923.88055,120058241866.58455,89819,88371.0,91267.0,8812,8771.0,8853.0,242325.88235294117,242325.88235294117,242325.88235294117,7766.117647058824,7766.117647058824,7766.117647058824,44008,44008.0,44008.0
US-NY,2020-03-15,3,No_Measure-No_Measure-Restrict_Mass_Gatherings,3613194676.3460374,3602022867.513612,3624366485.1784635,0,52994235424.28456,52723079948.12437,53265390900.44476,927784513.4126515,927784513.4126515,927784513.4126515,120084874123.64555,120077736003.71056,120092012243.58055,97106,95541.0,98671.0,8981,8939.0,9023.0,249751.64705882352,249751.64705882352,249751.64705882352,8067.352941176471,8067.352941176471,8067.352941176471,45715,45715.0,45715.0
US-NY,2020-03-15,3,No_Measure-No_Measure-Restrict_Mass_Gatherings_and_Schools,12515605081.669691,12505275620.084694,12525934543.254688,0,51875286233.28404,51753534332.70642,52138772054.62966,897043325.7463789,897043325.7463789,897043325.7463789,120051272507.31255,120044672597.05956,120057872417.56555,89739,88292.0,91186.0,8810,8769.0,8851.0,242231.41176470587,242231.41176470587,242231.41176470587,7762.588235294118,7762.588235294118,7762.588235294118,43988,43988.0,43988.0
US-NY,2020-03-15,3,No_Measure-No_Measure-Authorize_Schools_but_Restrict_Mass_Gatherings_and_Others,5405286872.353297,5395043073.200242,5415530671.506352,0,51887902077.54051,51624596627.858894,52009473606.45414,893384919.8566362,893384919.8566362,893384919.8566362,120047874488.55756,120041329311.49255,120054419665.62254,88994,87559.0,90429.0,8790,8749.0,8831.0,241334.58823529413,241334.58823529413,241334.58823529413,7726.411764705883,7726.411764705883,7726.411764705883,43783,43783.0,43783.0
US-NY,2020-03-15,3,No_Measure-No_Measure-Restrict_Mass_Gatherings_and_Schools_and_Others,13719727465.214762,13709619298.245613,13729835632.183908,0,51682260106.35808,51419240245.144455,51945279967.5717,887620576.817913,887620576.817913,887620576.817913,120042725007.78654,120036266491.60255,120049183523.97055,87865,86449.0,89281.0,8758,8717.0,8799.0,239903.70588235295,239903.70588235295,239903.70588235295,7670.2941176470595,7670.2941176470595,7670.2941176470595,43465,43465.0,43465.0
US-NY,2020-03-15,3,No_Measure-No_Measure-Lockdown,18074035692.679977,18063570598.91107,18084500786.44888,0,52075813814.8919,51953776325.846275,52339585224.70553,902599718.0387231,902599718.0387231,902599718.0387231,120056659165.23155,120049972594.09755,120063345736.36555,90920,89454.0,92386.0,8841,8800.0,8882.0,243601.88235294117,243601.88235294117,243601.88235294117,7817.117647058824,7817.117647058824,7817.117647058824,44297,44297.0,44297.0
US-NY,2020-03-15,3,No_Measure-Restrict_Mass_Gatherings-No_Measure,3979544343.617665,3962461826.981246,3996626860.2540836,0,66452437654.967445,66251610453.57349,66794998777.12941,1349650014.9275792,1349650014.9275792,1349650014.9275792,120318949724.32555,120308035014.41855,120329864434.23254,148426,146033.0,150819.0,11277,11225.0,11329.0,358554.23529411765,358554.23529411765,358554.23529411765,11971.764705882353,11971.764705882353,11971.764705882353,67840,67840.0,67840.0
US-NY,2020-03-15,3,No_Measure-Restrict_Mass_Gatherings-Restrict_Mass_Gatherings,7211933817.301875,7189818632.788869,7234049001.814882,0,72639736460.1952,72257098502.18036,72880640497.44205,1535600775.0886788,1535600775.0886788,1535600775.0886788,120518547977.66455,120504417692.96255,120532678262.36655,192187,189089.0,195285.0,12311,12254.0,12368.0,404070.0588235294,404070.0588235294,404070.0588235294,13813.94117647059,13813.94117647059,13813.94117647059,78279,78279.0,78279.0
US-NY,2020-03-15,3,No_Measure-Restrict_Mass_Gatherings-Restrict_Mass_Gatherings_and_Schools,15851153539.019964,15834128130.671507,15868178947.368422,0,66368649941.72596,66167942988.108,66711090816.111916,1347329281.9243276,1347329281.9243276,1347329281.9243276,120316783202.30055,120305904981.18555,120327661423.41556,147951,145566.0,150336.0,11264,11212.0,11316.0,357985.17647058825,357985.17647058825,357985.17647058825,11948.823529411766,11948.823529411766,11948.823529411766,67710,67710.0,67710.0
US-NY,2020-03-15,3,No_Measure-Restrict_Mass_Gatherings-Authorize_Schools_but_Restrict_Mass_Gatherings_and_Others,8713323411.978222,8696826255.293406,8729820568.663036,0,65698360407.32536,65357031824.8674,66039688989.78332,1324360737.2154891,1324360737.2154891,1324360737.2154891,120295806707.99956,120285266008.21056,120306347407.78854,143352,141041.0,145663.0,11138,11086.0,11190.0,352315.35294117645,352315.35294117645,352315.35294117645,11723.64705882353,11723.64705882353,11723.64705882353,66434,66434.0,66434.0
US-NY,2020-03-15,3,No_Measure-Restrict_Mass_Gatherings-Restrict_Mass_Gatherings_and_Schools_and_Others,16990943436.17665,16975167271.627344,17006719600.725952,0,64572060665.610535,64379880132.21114,64905975119.777916,1292649102.2021875,1292649102.2021875,1292649102.2021875,120267131078.58655,120257051049.79655,120277211107.37656,137065,134855.0,139275.0,10963,10912.0,11014.0,344488.29411764705,344488.29411764705,344488.29411764705,11412.705882352942,11412.705882352942,11412.705882352942,64672,64672.0,64672.0
US-NY,2020-03-15,3,No_Measure-Restrict_Mass_Gatherings-Lockdown,21434419116.757412,21416858318.209316,21451979915.305504,0,67075462284.05218,66725998086.647644,67424926481.45672,1366606716.5976944,1366606716.5976944,1366606716.5976944,120338037923.64055,120326817620.10056,120349258227.18056,152611,150151.0,155071.0,11372,11319.0,11425.0,362683.17647058825,362683.17647058825,362683.17647058825,12140.823529411766,12140.823529411766,12140.823529411766,68798,68798.0,68798.0
US-NY,2020-03-15,3,No_Measure-Restrict_Mass_Gatherings_and_Schools-No_Measure,12512592619.479734,12502313127.646704,12522872111.312765,0,51886861081.37794,51623480476.83632,52008507765.151566,893306043.1569613,893306043.1569613,893306043.1569613,120049347723.53455,120042779740.97455,120055915706.09454,89317,87877.0,90757.0,8789,8748.0,8830.0,241253.29411764705,241253.29411764705,241253.29411764705,7728.705882352941,7728.705882352941,7728.705882352941,43796,43796.0,43796.0
US-NY,2020-03-15,3,No_Measure-Restrict_Mass_Gatherings_and_Schools-Restrict_Mass_Gatherings,15482712280.701754,15471626134.30127,15493798427.102238,0,52811707634.34986,52540732529.85365,53082682738.846054,922563529.7443098,922563529.7443098,922563529.7443098,120081371199.61356,120074287812.86655,120088454586.36055,96338,94785.0,97891.0,8952,8910.0,8994.0,248398.64705882352,248398.64705882352,248398.64705882352,8019.352941176471,8019.352941176471,8019.352941176471,45443,45443.0,45443.0
US-NY,2020-03-15,3,No_Measure-Restrict_Mass_Gatherings_and_Schools-Restrict_Mass_Gatherings_and_Schools,24387071506.35209,24376799153.05505,24397343859.649124,0,51873971820.184784,51610606246.615166,51995603472.98641,892980997.30269,892980997.30269,892980997.30269,120049014763.30756,120042451341.84656,120055578184.76855,89244,87805.0,90683.0,8787,8746.0,8828.0,241169.29411764705,241169.29411764705,241169.29411764705,7725.705882352941,7725.705882352941,7725.705882352941,43779,43779.0,43779.0
US-NY,2020-03-15,3,No_Measure-Restrict_Mass_Gatherings_and_Schools-Authorize_Schools_but_Restrict_Mass_Gatherings_and_Others,17276953176.043556,17266766485.178463,17287139866.90865,0,51751170611.00784,51487985409.10222,51872621892.14547,889481897.7978126,889481897.7978126,889481897.7978126,120045744455.32455,120039235767.05154,120052253143.59755,88527,87100.0,89954.0,8768,8727.0,8809.0,240307.70588235295,240307.70588235295,240307.70588235295,7691.2941176470595,7691.2941176470595,7691.2941176470595,43584,43584.0,43584.0
US-NY,2020-03-15,3,No_Measure-Restrict_Mass_Gatherings_and_Schools-Restrict_Mass_Gatherings_and_Schools_and_Others,25591715003.024803,25581649667.271626,25601780338.77798,0,51552101033.683975,51289171358.30236,51815030709.065605,883934505.5054686,883934505.5054686,883934505.5054686,120040800224.00854,120034369074.41855,120047231373.59856,87443,86033.0,88853.0,8737,8696.0,8778.0,238941.23529411765,238941.23529411765,238941.23529411765,7636.764705882353,7636.764705882353,7636.764705882353,43275,43275.0,43275.0
US-NY,2020-03-15,3,No_Measure-Restrict_Mass_Gatherings_and_Schools-Lockdown,29945252268.60254,29934851421.657593,29955653115.54749,0,51926343396.88608,51804441186.58845,52189979527.95169,898391044.4871415,898391044.4871415,898391044.4871415,120054241782.76155,120047596261.51855,120060887304.00455,90390,88933.0,91847.0,8817,8776.0,8858.0,242503.17647058822,242503.17647058822,242503.17647058822,7778.823529411765,7778.823529411765,7778.823529411765,44080,44080.0,44080.0
US-NY,2020-03-15,3,No_Measure-Authorize_Schools_but_Restrict_Mass_Gatherings_and_Others-No_Measure,5375997459.165154,5366231941.923775,5385762976.406533,0,50617549975.1164,50361147600.67735,50873952349.55545,856544456.7321904,856544456.7321904,856544456.7321904,120029160299.36055,120022920715.92854,120035399882.79256,84891,83523.0,86259.0,8585,8545.0,8625.0,231718.88235294117,231718.88235294117,231718.88235294117,7391.117647058824,7391.117647058824,7391.117647058824,41883,41883.0,41883.0
US-NY,2020-03-15,3,No_Measure-Authorize_Schools_but_Restrict_Mass_Gatherings_and_Others-Restrict_Mass_Gatherings,8332346884.452511,8321988868.723533,8342704900.181488,0,51248081777.76439,51132165753.41734,51505731722.87944,877789089.0851315,877789089.0851315,877789089.0851315,120052385415.46855,120045767260.81955,120059003570.11755,89983,88532.0,91434.0,8703,8663.0,8743.0,236914.17647058822,236914.17647058822,236914.17647058822,7601.823529411765,7601.823529411765,7601.823529411765,43077,43077.0,43077.0
US-NY,2020-03-15,3,No_Measure-Authorize_Schools_but_Restrict_Mass_Gatherings_and_Others-Restrict_Mass_Gatherings_and_Schools,17250576285.54144,17240810768.30006,17260341802.782818,0,50604871147.53125,50348468773.0922,50861273521.9703,856263016.5164056,856263016.5164056,856263016.5164056,120028891194.51955,120022651611.08755,120035130777.95155,84832,83464.0,86200.0,8583,8543.0,8623.0,231650.70588235295,231650.70588235295,231650.70588235295,7388.2941176470595,7388.2941176470595,7388.2941176470595,41867,41867.0,41867.0
US-NY,2020-03-15,3,No_Measure-Authorize_Schools_but_Restrict_Mass_Gatherings_and_Others-Authorize_Schools_but_Restrict_Mass_Gatherings_and_Others,10141907078.039927,10132205807.622505,10151608348.45735,0,50514601226.26318,50258334130.572136,50770868321.95423,853737121.489802,853737121.489802,853737121.489802,120026546789.63354,120020348256.09254,120032745323.17455,84318,82959.0,85677.0,8569,8529.0,8609.0,231029.58823529413,231029.58823529413,231029.58823529413,7363.411764705883,7363.411764705883,7363.411764705883,41726,41726.0,41726.0
US-NY,2020-03-15,3,No_Measure-Authorize_Schools_but_Restrict_Mass_Gatherings_and_Others-Restrict_Mass_Gatherings_and_Schools_and_Others,18458410707.803993,18448802238.354507,18468019177.25348,0,50360471206.937355,50104399513.88231,50616542899.9924,849360806.9760568,849360806.9760568,849360806.9760568,120022715466.47356,120016576227.21954,120028854705.72755,83478,82132.0,84824.0,8545,8505.0,8585.0,229945.29411764705,229945.29411764705,229945.29411764705,7320.705882352941,7320.705882352941,7320.705882352941,41484,41484.0,41484.0
US-NY,2020-03-15,3,No_Measure-Authorize_Schools_but_Restrict_Mass_Gatherings_and_Others-Lockdown,22805651784.634,22795807743.496674,22815495825.771324,0,50721686170.75762,50465118455.62658,50978253885.88867,859483781.4439847,859483781.4439847,859483781.4439847,120032134135.90855,120025844380.38754,120038423891.42955,85543,84164.0,86922.0,8601,8561.0,8641.0,232441.9411764706,232441.9411764706,232441.9411764706,7420.058823529413,7420.058823529413,7420.058823529413,42047,42047.0,42047.0
US-NY,2020-03-15,3,No_Measure-Restrict_Mass_Gatherings_and_Schools_and_Others-No_Measure,13654174289.171204,13645122625.52934,13663225952.813066,0,48926636555.75644,48677633278.63596,49175639832.8769,803896630.5793674,803896630.5793674,803896630.5793674,120000840435.66956,119995056962.13754,120006623909.20155,78682,77414.0,79950.0,8290,8251.0,8329.0,218019.11764705883,218019.11764705883,218019.11764705883,6909.882352941177,6909.882352941177,6909.882352941177,39156,39156.0,39156.0
US-NY,2020-03-15,3,No_Measure-Restrict_Mass_Gatherings_and_Schools_and_Others-Restrict_Mass_Gatherings,16593676769.509981,16584311010.284332,16603042528.735632,0,49203311258.081314,49095380538.96084,49452975897.96978,815479506.8725983,815479506.8725983,815479506.8725983,120013301358.13754,120007317196.24956,120019285520.02554,81414,80102.0,82726.0,8354,8315.0,8393.0,220848.0588235294,220848.0588235294,220848.0588235294,7024.941176470588,7024.941176470588,7024.941176470588,39808,39808.0,39808.0
US-NY,2020-03-15,3,No_Measure-Restrict_Mass_Gatherings_and_Schools_and_Others-Restrict_Mass_Gatherings_and_Schools,25528967271.627346,25519915607.98548,25538018935.269207,0,48920304657.44986,48671301380.329384,49169307934.57033,803763246.7484481,803763246.7484481,803763246.7484481,120000708163.79855,119994924690.26656,120006491637.33055,78653,77385.0,79921.0,8289,8250.0,8328.0,217981.17647058822,217981.17647058822,217981.17647058822,6908.823529411765,6908.823529411765,6908.823529411765,39150,39150.0,39150.0
US-NY,2020-03-15,3,No_Measure-Restrict_Mass_Gatherings_and_Schools_and_Others-Authorize_Schools_but_Restrict_Mass_Gatherings_and_Others,18422082698.124622,18413059588.62674,18431105807.622505,0,48875064480.01182,48626121326.77936,49124007633.24429,802456535.1389298,802456535.1389298,802456535.1389298,119999504033.66255,119993738804.52655,120005269262.79855,78389,77125.0,79653.0,8282,8243.0,8321.0,217660.0588235294,217660.0588235294,217660.0588235294,6895.941176470588,6895.941176470588,6895.941176470588,39077,39077.0,39077.0
US-NY,2020-03-15,3,No_Measure-Restrict_Mass_Gatherings_and_Schools_and_Others-Restrict_Mass_Gatherings_and_Schools_and_Others,26741998548.094376,26733018269.81246,26750978826.376286,0,48810663266.96206,48567706299.68017,49053620234.24396,800654221.2902749,800654221.2902749,800654221.2902749,119997852915.82455,119992115053.28255,120003590778.36655,78027,76769.0,79285.0,8272,8234.0,8310.0,217214.70588235295,217214.70588235295,217214.70588235295,6878.2941176470595,6878.2941176470595,6878.2941176470595,38977,38977.0,38977.0
US-NY,2020-03-15,3,No_Measure-Restrict_Mass_Gatherings_and_Schools_and_Others-Lockdown,31082179612.825165,31073077979.431335,31091281246.218994,0,48997820596.27277,48748712102.3483,49105195169.42924,805954240.2822938,805954240.2822938,805954240.2822938,120002760658.34856,119996945257.12355,120008576059.57355,79103,77828.0,80378.0,8301,8262.0,8340.0,218517.4705882353,218517.4705882353,218517.4705882353,6930.529411764706,6930.529411764706,6930.529411764706,39273,39273.0,39273.0
US-NY,2020-03-15,3,No_Measure-Lockdown-No_Measure,18113490381.125225,18102389957.652752,18124590804.597702,0,53739018028.914314,53468012862.47412,54010023195.354515,951195610.1093704,951195610.1093704,951195610.1093704,120081868359.40456,120074775850.45955,120088960868.34955,96447,94892.0,98002.0,9109,9067.0,9151.0,256247.70588235295,256247.70588235295,256247.70588235295,8261.29411764706,8261.29411764706,8261.29411764706,46814,46814.0,46814.0
US-NY,2020-03-15,3,No_Measure-Lockdown-Restrict_Mass_Gatherings,21122436539.624924,21109901270.417423,21134971808.832424,0,55399844133.834015,55255759662.55266,55685662525.88337,1005018032.7002661,1005018032.7002661,1005018032.7002661,120138699652.94455,120130690363.10056,120146708942.78854,108907,107151.0,110663.0,9407,9363.0,9451.0,269430.9411764706,269430.9411764706,269430.9411764706,8794.058823529413,8794.058823529413,8794.058823529413,49833,49833.0,49833.0
US-NY,2020-03-15,3,No_Measure-Lockdown-Restrict_Mass_Gatherings_and_Schools,29987605202.661827,29976519056.261345,29998691349.06231,0,53713570187.91201,53442595083.41582,53984545292.40821,950588268.4008276,950588268.4008276,950588268.4008276,120081302783.12856,120074219396.38155,120088386169.87555,96323,94770.0,97876.0,9105,9063.0,9147.0,256098.70588235295,256098.70588235295,256098.70588235295,8255.29411764706,8255.29411764706,8255.29411764706,46780,46780.0,46780.0
US-NY,2020-03-15,3,No_Measure-Lockdown-Authorize_Schools_but_Restrict_Mass_Gatherings_and_Others,22874417301.875378,22863466787.658802,22885367816.091953,0,53513553659.35215,53242864143.32395,53784243175.38035,944869781.0005913,944869781.0005913,944869781.0005913,120076071202.57555,120069074476.70955,120083067928.44154,95176,93642.0,96710.0,9074,9032.0,9116.0,254684.64705882352,254684.64705882352,254684.64705882352,8199.35294117647,8199.35294117647,8199.35294117647,46463,46463.0,46463.0
US-NY,2020-03-15,3,No_Measure-Lockdown-Restrict_Mass_Gatherings_and_Schools_and_Others,31184303508.77193,31173552873.563217,31195054143.98064,0,53186297925.78076,52916029276.96857,53456566574.592964,935624655.3724505,935624655.3724505,935624655.3724505,120068011740.64255,120061142725.54855,120074880755.73656,93409,91903.0,94915.0,9023,8981.0,9065.0,252389.64705882352,252389.64705882352,252389.64705882352,8109.352941176471,8109.352941176471,8109.352941176471,45953,45953.0,45953.0
US-NY,2020-03-15,3,No_Measure-Lockdown-Lockdown,35550518814.27707,35539225650.332726,35561811978.22141,0,54023769221.95167,53746462219.14889,54159342303.98644,959286358.7052913,959286358.7052913,959286358.7052913,120089553811.21954,120082338152.60155,120096769469.83755,98132,96550.0,99714.0,9153,9110.0,9196.0,258235.9411764706,258235.9411764706,258235.9411764706,8341.058823529413,8341.058823529413,8341.058823529413,47266,47266.0,47266.0
US-NY,2020-03-15,3,Restrict_Mass_Gatherings-No_Measure-No_Measure,4915206533.575317,4883040290.3811245,4947372776.76951,0,127532655554.88571,127017059903.96408,128189985126.57533,2738772194.538871,2738772194.538871,2738772194.538871,120916782092.45355,120896229780.35954,120937334404.54755,279498,274992.0,284004.0,21639,21539.0,21739.0,732592.2941176471,732592.2941176471,732592.2941176471,24045.705882352944,24045.705882352944,24045.705882352944,136259,136259.0,136259.0
US-NY,2020-03-15,3,Restrict_Mass_Gatherings-No_Measure-Restrict_Mass_Gatherings,8088931518.451301,8052674894.131882,8125188142.77072,0,132682779731.76031,131993253412.64041,133230572130.11224,2892716315.954774,2892716315.954774,2892716315.954774,121078897234.21056,121055731412.38956,121102063056.03156,315041,309962.0,320120.0,22494,22390.0,22598.0,770310.0,770310.0,770310.0,25569.0,25569.0,25569.0,144891,144891.0,144891.0
US-NY,2020-03-15,3,Restrict_Mass_Gatherings-No_Measure-Restrict_Mass_Gatherings_and_Schools,16787308287.961283,16755184875.98306,16819431699.939503,0,127461696978.94937,126946191513.85974,128118936364.80698,2736747257.3898907,2736747257.3898907,2736747257.3898907,120914930286.25955,120894405340.75955,120935455231.75955,279092,274592.0,283592.0,21628,21528.0,21728.0,732094.2352941176,732094.2352941176,732094.2352941176,24025.764705882353,24025.764705882353,24025.764705882353,136146,136146.0,136146.0
US-NY,2020-03-15,3,Restrict_Mass_Gatherings-No_Measure-Authorize_Schools_but_Restrict_Mass_Gatherings_and_Others,9656131276.46703,9624436176.648518,9687826376.285542,0,126946920313.2986,126296478785.87955,127455627919.94965,2718236661.025717,2718236661.025717,2718236661.025717,120898204736.22655,120877953456.66655,120918456015.78654,275425,270985.0,279865.0,21526,21427.0,21625.0,727523.6470588235,727523.6470588235,727523.6470588235,23844.352941176472,23844.352941176472,23844.352941176472,135118,135118.0,135118.0
US-NY,2020-03-15,3,Restrict_Mass_Gatherings-No_Measure-Restrict_Mass_Gatherings_and_Schools_and_Others,17941189655.172413,17910094192.377495,17972285117.96733,0,125995474847.60933,125488029842.60628,126644653773.38036,2691309731.488324,2691309731.488324,2691309731.488324,120874281771.97156,120854413624.72755,120894149919.21555,270180,265824.0,274536.0,21378,21279.0,21477.0,720873.4705882353,720873.4705882353,720873.4705882353,23580.529411764706,23580.529411764706,23580.529411764706,133623,133623.0,133623.0
US-NY,2020-03-15,3,Restrict_Mass_Gatherings-No_Measure-Lockdown,22380717725.347855,22347894736.842106,22413540713.8536,0,128525940339.24643,127861331918.01424,129048814839.71063,2766726645.4699974,2766726645.4699974,2766726645.4699974,120942666329.27855,120921694396.07655,120963638262.48055,285173,280575.0,289771.0,21793,21692.0,21894.0,739496.4117647059,739496.4117647059,739496.4117647059,24319.58823529412,24319.58823529412,24319.58823529412,137811,137811.0,137811.0
US-NY,2020-03-15,3,Restrict_Mass_Gatherings-Restrict_Mass_Gatherings-No_Measure,9791308166.969147,9727603871.748337,9855012462.189959,0,198375704224.62778,197469421732.8885,199281986716.3671,4934720603.495419,4934720603.495419,4934720603.495419,122166614440.43355,122125911192.95755,122207317687.90955,553518,544594.0,562442.0,33653,33498.0,33808.0,1299080.2352941176,1299080.2352941176,1299080.2352941176,44362.76470588236,44362.76470588236,44362.76470588236,251389,251389.0,251389.0
US-NY,2020-03-15,3,Restrict_Mass_Gatherings-Restrict_Mass_Gatherings-Restrict_Mass_Gatherings,13846049848.75983,13764049485.783424,13928050211.736237,0,221768567351.55774,220859366397.2161,222819502226.66742,5651692830.106415,5651692830.106415,5651692830.106415,122891646737.47356,122839253393.26054,122944040081.68655,712478,700991.0,723965.0,37624,37451.0,37797.0,1475062.4705882352,1475062.4705882352,1475062.4705882352,51441.529411764706,51441.529411764706,51441.529411764706,291502,291502.0,291502.0
US-NY,2020-03-15,3,Restrict_Mass_Gatherings-Restrict_Mass_Gatherings-Restrict_Mass_Gatherings_and_Schools,21652930550.514217,21589440411.37326,21716420689.655174,0,198040944176.93384,197135112614.35452,199088509660.28113,4925223826.374519,4925223826.374519,4925223826.374519,122158066940.90755,122117500526.40155,122198633355.41354,551644,542750.0,560538.0,33601,33446.0,33756.0,1296737.4117647058,1296737.4117647058,1296737.4117647058,44269.58823529412,44269.58823529412,44269.58823529412,250861,250861.0,250861.0
US-NY,2020-03-15,3,Restrict_Mass_Gatherings-Restrict_Mass_Gatherings-Authorize_Schools_but_Restrict_Mass_Gatherings_and_Others,14508240290.381124,14445392619.479734,14571087961.282516,0,197651009884.37003,196752427109.3893,198549592659.35077,4912925829.847769,4912925829.847769,4912925829.847769,122132707230.46754,122092551314.87155,122172863146.06355,546084,537280.0,554888.0,33525,33371.0,33679.0,1293981.8823529412,1293981.8823529412,1293981.8823529412,44135.117647058825,44135.117647058825,44135.117647058825,250099,250099.0,250099.0
US-NY,2020-03-15,3,Restrict_Mass_Gatherings-Restrict_Mass_Gatherings-Restrict_Mass_Gatherings_and_Schools_and_Others,22632688747.7314,22573032002.41984,22692345493.042953,0,192977768265.35654,192103592335.21555,193851944195.49756,4768333820.462607,4768333820.462607,4768333820.462607,122006164099.81155,121968046995.46855,122044281204.15456,518340,509983.0,526697.0,32731,32580.0,32882.0,1258236.8235294118,1258236.8235294118,1258236.8235294118,42720.17647058824,42720.17647058824,42720.17647058824,242081,242081.0,242081.0
US-NY,2020-03-15,3,Restrict_Mass_Gatherings-Restrict_Mass_Gatherings-Lockdown,27397855414.398064,27331224319.419235,27464486509.376892,0,202572224145.40622,201642090954.7912,203502357336.02127,5061099396.947975,5061099396.947975,5061099396.947975,122282612310.20155,122240039012.13554,122325185608.26755,578950,569616.0,588284.0,34348,34190.0,34506.0,1330273.0588235294,1330273.0588235294,1330273.0588235294,45601.941176470595,45601.941176470595,45601.941176470595,258411,258411.0,258411.0
US-NY,2020-03-15,3,Restrict_Mass_Gatherings-Restrict_Mass_Gatherings_and_Schools-No_Measure,16773409558.378704,16741514579.55233,16805304537.205082,0,126996357585.6129,126345495190.97786,127505486059.47995,2719080126.3671303,2719080126.3671303,2719080126.3671303,120906049826.50655,120885670836.17455,120926428816.83855,277145,272677.0,281613.0,21530,21431.0,21629.0,727478.8235294118,727478.8235294118,727478.8235294118,23865.176470588238,23865.176470588238,23865.176470588238,135236,135236.0,135236.0
US-NY,2020-03-15,3,Restrict_Mass_Gatherings-Restrict_Mass_Gatherings_and_Schools-Restrict_Mass_Gatherings,19943229764.065334,19907308650.93769,19979150877.19298,0,131925773898.6126,131242850035.29527,132466963841.16196,2871027166.272539,2871027166.272539,2871027166.272539,121065670047.11055,121042718596.94255,121088621497.27855,312141,307109.0,317173.0,22373,22270.0,22476.0,764707.2941176471,764707.2941176471,764707.2941176471,25368.705882352944,25368.705882352944,25368.705882352944,143756,143756.0,143756.0
US-NY,2020-03-15,3,Restrict_Mass_Gatherings-Restrict_Mass_Gatherings_and_Schools-Restrict_Mass_Gatherings_and_Schools,28645561282.516636,28613709134.90623,28677413430.12704,0,126925504226.48056,126274732017.67752,127434542514.51561,2717066439.2181497,2717066439.2181497,2717066439.2181497,120904229948.00555,120883878324.26755,120924581571.74355,276746,272284.0,281208.0,21519,21420.0,21618.0,726985.7647058824,726985.7647058824,726985.7647058824,23845.235294117647,23845.235294117647,23845.235294117647,135123,135123.0,135123.0
US-NY,2020-03-15,3,Restrict_Mass_Gatherings-Restrict_Mass_Gatherings_and_Schools-Authorize_Schools_but_Restrict_Mass_Gatherings_and_Others,21514784029.038113,21483345916.515427,21546222141.5608,0,126275731374.61237,125767564882.95332,126925631787.03941,2698786071.7927876,2698786071.7927876,2698786071.7927876,120887759819.51656,120867672739.52055,120907846899.51254,273135,268731.0,277539.0,21418,21319.0,21517.0,722467.7058823529,722467.7058823529,722467.7058823529,23666.29411764706,23666.29411764706,23666.29411764706,134109,134109.0,134109.0
US-NY,2020-03-15,3,Restrict_Mass_Gatherings-Restrict_Mass_Gatherings_and_Schools-Restrict_Mass_Gatherings_and_Schools_and_Others,29800427767.6951,29769589292.196007,29831266243.19419,0,125479044369.63225,124836302558.97179,125980052259.52472,2672155793.7481527,2672155793.7481527,2672155793.7481527,120864210865.37955,120844506917.69955,120883914813.05956,267972,263652.0,272292.0,21272,21174.0,21370.0,715885.3529411765,715885.3529411765,715885.3529411765,23405.64705882353,23405.64705882353,23405.64705882353,132632,132632.0,132632.0
US-NY,2020-03-15,3,Restrict_Mass_Gatherings-Restrict_Mass_Gatherings_and_Schools-Lockdown,34238306836.055656,34205769388.989716,34270844283.121597,0,127834823785.37648,127176712603.14285,128492934967.61009,2746743598.3594446,2746743598.3594446,2746743598.3594446,120931541808.81755,120910752319.57555,120952331298.05956,282734,278176.0,287292.0,21682,21582.0,21782.0,734303.4117647059,734303.4117647059,734303.4117647059,24136.58823529412,24136.58823529412,24136.58823529412,136774,136774.0,136774.0
US-NY,2020-03-15,3,Restrict_Mass_Gatherings-Authorize_Schools_but_Restrict_Mass_Gatherings_and_Others-No_Measure,9513938777.979431,9484535148.215366,9543342407.743496,0,120993714104.16039,120371681519.22765,121474012768.32513,2537443349.800473,2537443349.800473,2537443349.800473,120807352205.24554,120788565038.46455,120826139372.02655,255506,251387.0,259625.0,20519,20424.0,20614.0,680295.1176470588,680295.1176470588,680295.1176470588,22200.88235294118,22200.88235294118,22200.88235294118,125805,125805.0,125805.0
US-NY,2020-03-15,3,Restrict_Mass_Gatherings-Authorize_Schools_but_Restrict_Mass_Gatherings_and_Others-Restrict_Mass_Gatherings,12610988747.731398,12578729703.56927,12643247791.893528,0,124425846579.47891,123927743526.27702,125065683553.44879,2643932645.396098,2643932645.396098,2643932645.396098,120920476582.64355,120899864976.26254,120941088189.02455,280308,275789.0,284827.0,21110,21013.0,21207.0,706368.5294117647,706368.5294117647,706368.5294117647,23255.470588235297,23255.470588235297,23255.470588235297,131781,131781.0,131781.0
US-NY,2020-03-15,3,Restrict_Mass_Gatherings-Authorize_Schools_but_Restrict_Mass_Gatherings_and_Others-Restrict_Mass_Gatherings_and_Schools,21386989957.652752,21357614882.03267,21416365033.27284,0,120942442647.85579,120320470186.81105,121422681188.13252,2536139205.106415,2536139205.106415,2536139205.106415,120806107025.21855,120787338102.83356,120824875947.60355,255233,251118.0,259348.0,20511,20416.0,20606.0,679964.4705882353,679964.4705882353,679964.4705882353,22188.529411764706,22188.529411764706,22188.529411764706,125735,125735.0,125735.0
US-NY,2020-03-15,3,Restrict_Mass_Gatherings-Authorize_Schools_but_Restrict_Mass_Gatherings_and_Others-Authorize_Schools_but_Restrict_Mass_Gatherings_and_Others,14264536237.144585,14235439564.428312,14293632909.860859,0,120516555913.48975,120042799581.2396,121132046166.50792,2524072071.681939,2524072071.681939,2524072071.681939,120794955138.16354,120776364098.63956,120813546177.68755,252788,248712.0,256864.0,20445,20351.0,20539.0,676987.8823529412,676987.8823529412,676987.8823529412,22070.117647058825,22070.117647058825,22070.117647058825,125064,125064.0,125064.0
US-NY,2020-03-15,3,Restrict_Mass_Gatherings-Authorize_Schools_but_Restrict_Mass_Gatherings_and_Others-Restrict_Mass_Gatherings_and_Schools_and_Others,22555840834.845734,22527250998.18512,22584430671.50635,0,119832020471.32143,119217597417.31528,120304709604.55959,2500588308.564883,2500588308.564883,2500588308.564883,120775023135.53355,120756755934.03854,120793290337.02855,248418,244413.0,252423.0,20316,20222.0,20410.0,671163.7647058824,671163.7647058824,671163.7647058824,21841.235294117647,21841.235294117647,21841.235294117647,123767,123767.0,123767.0
US-NY,2020-03-15,3,Restrict_Mass_Gatherings-Authorize_Schools_but_Restrict_Mass_Gatherings_and_Others-Lockdown,26964666061.70599,26934848396.854206,26994483726.557774,0,121608005738.51314,120985101357.20439,122089176199.05388,2554681079.663021,2554681079.663021,2554681079.663021,120823790406.04155,120804738695.51855,120842842116.56454,259110,254933.0,263287.0,20614,20519.0,20709.0,684531.1764705882,684531.1764705882,684531.1764705882,22370.823529411766,22370.823529411766,22370.823529411766,126768,126768.0,126768.0
US-NY,2020-03-15,3,Restrict_Mass_Gatherings-Restrict_Mass_Gatherings_and_Schools_and_Others-No_Measure,17614137628.554146,17588317543.85965,17639957713.24864,0,112148108190.37817,111716627074.98747,112721323226.53688,2271192957.840674,2271192957.840674,2271192957.840674,120665315021.28654,120648817526.20355,120681812516.36955,224365,220748.0,227982.0,19026,18938.0,19114.0,610938.1176470588,610938.1176470588,610938.1176470588,19770.88235294118,19770.88235294118,19770.88235294118,112035,112035.0,112035.0
US-NY,2020-03-15,3,Restrict_Mass_Gatherings-Restrict_Mass_Gatherings_and_Schools_and_Others-Restrict_Mass_Gatherings,20625325287.356323,20598034664.246822,20652615910.46582,0,113978971941.74818,113396764525.23889,114419445437.48946,2325527049.586166,2325527049.586166,2325527049.586166,120723578499.91255,120706141418.43555,120741015581.38956,237139,233316.0,240962.0,19328,19239.0,19417.0,624242.0588235294,624242.0588235294,624242.0588235294,20308.94117647059,20308.94117647059,20308.94117647059,115084,115084.0,115084.0
US-NY,2020-03-15,3,Restrict_Mass_Gatherings-Restrict_Mass_Gatherings_and_Schools_and_Others-Restrict_Mass_Gatherings_and_Schools,29488081125.22686,29462275317.604355,29513886932.849365,0,112122299606.04787,111690848552.60117,112695484580.26257,2270450521.0242386,2270450521.0242386,2270450521.0242386,120664639978.63455,120648151605.74956,120681128351.51955,224217,220602.0,227832.0,19022,18934.0,19110.0,610757.5294117647,610757.5294117647,610757.5294117647,19763.470588235294,19763.470588235294,19763.470588235294,111993,111993.0,111993.0
US-NY,2020-03-15,3,Restrict_Mass_Gatherings-Restrict_Mass_Gatherings_and_Schools_and_Others-Authorize_Schools_but_Restrict_Mass_Gatherings_and_Others,22374058015.728977,22348402117.362373,22399713914.095585,0,111902836453.40828,111471701050.37358,112475705777.21098,2264244575.746379,2264244575.746379,2264244575.746379,120658874749.49855,120642482159.69255,120675267339.30455,222953,219359.0,226547.0,18988,18900.0,19076.0,609226.4117647059,609226.4117647059,609226.4117647059,19702.58823529412,19702.58823529412,19702.58823529412,111648,111648.0,111648.0
US-NY,2020-03-15,3,Restrict_Mass_Gatherings-Restrict_Mass_Gatherings_and_Schools_and_Others-Restrict_Mass_Gatherings_and_Schools_and_Others,30683487356.32184,30658038475.499092,30708936237.144585,0,111716352658.3969,111149815232.90077,112141156163.12502,2255005027.564292,2255005027.564292,2255005027.564292,120650523377.22955,120634263059.29456,120666783695.16455,221122,217557.0,224687.0,18937,18850.0,19024.0,606948.1176470588,606948.1176470588,606948.1176470588,19611.88235294118,19611.88235294118,19611.88235294118,111134,111134.0,111134.0
US-NY,2020-03-15,3,Restrict_Mass_Gatherings-Restrict_Mass_Gatherings_and_Schools_and_Others-Lockdown,35053985783.42408,35027922988.505745,35080048578.34241,0,112509548618.77844,111935822529.57173,113083274707.98515,2281355893.585575,2281355893.585575,2281355893.585575,120674802107.20654,120658149534.75755,120691454679.65555,226445,222794.0,230096.0,19082,18994.0,19170.0,613445.4117647059,613445.4117647059,613445.4117647059,19870.58823529412,19870.58823529412,19870.58823529412,112600,112600.0,112600.0
US-NY,2020-03-15,3,Restrict_Mass_Gatherings-Lockdown-No_Measure,22584894131.881428,22548780278.28191,22621007985.48094,0,136849910605.3974,136142996905.36176,137415090384.66505,3021564210.7227316,3021564210.7227316,3021564210.7227316,121073122882.87656,121050048283.03555,121096197482.71754,313775,308716.0,318834.0,23204,23097.0,23311.0,805879.5294117647,805879.5294117647,805879.5294117647,26645.470588235297,26645.470588235297,26645.470588235297,150991,150991.0,150991.0
US-NY,2020-03-15,3,Restrict_Mass_Gatherings-Lockdown-Restrict_Mass_Gatherings,25885242468.239563,25842996612.220207,25927488324.258923,0,144459276453.95184,143845809069.02475,145072743838.87894,3255711409.4738398,3255711409.4738398,3255711409.4738398,121316142798.69556,121289150214.81355,121343135382.57755,367056,361138.0,372974.0,24503,24390.0,24616.0,863298.1176470588,863298.1176470588,863298.1176470588,28959.88235294118,28959.88235294118,28959.88235294118,164106,164106.0,164106.0
US-NY,2020-03-15,3,Restrict_Mass_Gatherings-Lockdown-Restrict_Mass_Gatherings_and_Schools,34456410526.31579,34420353781.004234,34492467271.62734,0,136771823489.63849,136065030037.37885,137336883021.13014,3019231372.080993,3019231372.080993,3019231372.080993,121070897066.56454,121047858955.51555,121093935177.61356,313287,308236.0,318338.0,23192,23085.0,23299.0,805308.6470588235,805308.6470588235,805308.6470588235,26622.352941176472,26622.352941176472,26622.352941176472,150860,150860.0,150860.0
US-NY,2020-03-15,3,Restrict_Mass_Gatherings-Lockdown-Authorize_Schools_but_Restrict_Mass_Gatherings_and_Others,27319772534.78524,27284229764.065334,27355315305.505142,0,136015374207.86108,135457292906.472,136715189430.01816,2998068468.6668634,2998068468.6668634,2998068468.6668634,121050682275.79655,121027972563.87555,121073391987.71754,308855,303876.0,313834.0,23075,22969.0,23181.0,800099.8823529412,800099.8823529412,800099.8823529412,26414.117647058825,26414.117647058825,26414.117647058825,149680,149680.0,149680.0
US-NY,2020-03-15,3,Restrict_Mass_Gatherings-Lockdown-Restrict_Mass_Gatherings_and_Schools_and_Others,35597985057.47127,35563156140.350876,35632813974.59165,0,135096911958.89459,134398599833.93752,135653490163.08365,2968425820.0561633,2968425820.0561633,2968425820.0561633,121022385217.60056,121000131615.57954,121044638819.62155,302651,297772.0,307530.0,22911,22805.0,23017.0,792822.4705882353,792822.4705882353,792822.4705882353,26121.529411764706,26121.529411764706,26121.529411764706,148022,148022.0,148022.0
US-NY,2020-03-15,3,Restrict_Mass_Gatherings-Lockdown-Lockdown,40058279128.85663,40021387174.83363,40095171082.879616,0,137847752633.7148,137275038478.38058,138420466789.04904,3053387680.3133316,3053387680.3133316,3053387680.3133316,121104038011.89854,121080466252.26656,121127609771.53055,320553,315385.0,325721.0,23380,23272.0,23488.0,813702.9411764706,813702.9411764706,813702.9411764706,26959.058823529413,26959.058823529413,26959.058823529413,152768,152768.0,152768.0
US-NY,2020-03-15,3,Restrict_Mass_Gatherings_and_Schools-No_Measure-No_Measure,12505761040.532366,12495595765.275257,12515926315.789474,0,51389004431.4507,51131760322.57964,51504514619.55374,883158223.913686,883158223.913686,883158223.913686,120044982751.79155,120038487746.81555,120051477756.76755,88360,86936.0,89784.0,8707,8667.0,8747.0,238521.5294117647,238521.5294117647,238521.5294117647,7640.470588235295,7640.470588235295,7640.470588235295,43296,43296.0,43296.0
US-NY,2020-03-15,3,Restrict_Mass_Gatherings_and_Schools-No_Measure-Restrict_Mass_Gatherings,15476608832.425892,15465622625.52934,15487595039.322445,0,52327176143.803764,52062307473.03414,52592044814.57339,912887957.1016849,912887957.1016849,912887957.1016849,120077471459.96855,120070451928.60754,120084490991.32954,95483,93944.0,97022.0,8872,8831.0,8913.0,245784.29411764705,245784.29411764705,245784.29411764705,7935.705882352941,7935.705882352941,7935.705882352941,44969,44969.0,44969.0
US-NY,2020-03-15,3,Restrict_Mass_Gatherings_and_Schools-No_Measure-Restrict_Mass_Gatherings_and_Schools,24380204234.724743,24370046098.00363,24390362371.445854,0,51376040015.397545,51118810937.4985,51491535172.528595,882798572.4209282,882798572.4209282,882798572.4209282,120044626986.06955,120038136542.19255,120051117429.94655,88282,86859.0,89705.0,8705,8665.0,8745.0,238425.70588235295,238425.70588235295,238425.70588235295,7637.2941176470595,7637.2941176470595,7637.2941176470595,43278,43278.0,43278.0
US-NY,2020-03-15,3,Restrict_Mass_Gatherings_and_Schools-No_Measure-Authorize_Schools_but_Restrict_Mass_Gatherings_and_Others,17270014519.056263,17259942044.76709,17280086993.345432,0,51247192496.38202,50990143790.14697,51504241202.617065,879217839.0851315,879217839.0851315,879217839.0851315,120041311067.09656,120034875356.40755,120047746777.78555,87555,86144.0,88966.0,8685,8645.0,8725.0,237549.17647058822,237549.17647058822,237549.17647058822,7601.823529411765,7601.823529411765,7601.823529411765,43077,43077.0,43077.0
US-NY,2020-03-15,3,Restrict_Mass_Gatherings_and_Schools-No_Measure-Restrict_Mass_Gatherings_and_Schools_and_Others,25584626436.78161,25574675317.604355,25594577555.958862,0,51047807268.64616,50791014088.93511,51304600448.35721,873555918.6003547,873555918.6003547,873555918.6003547,120036271052.70155,120029912880.69556,120042629224.70755,86450,85056.0,87844.0,8654,8614.0,8694.0,236149.58823529413,236149.58823529413,236149.58823529413,7546.411764705883,7546.411764705883,7546.411764705883,42763,42763.0,42763.0
US-NY,2020-03-15,3,Restrict_Mass_Gatherings_and_Schools-No_Measure-Lockdown,29938413551.11918,29928119782.214157,29948707320.024197,0,51570205636.75482,51306794970.2692,51691882382.47245,888230580.882353,888230580.882353,888230580.882353,120049872249.91956,120043295145.16154,120056449354.67755,89432,87990.0,90874.0,8735,8694.0,8776.0,239762.23529411765,239762.23529411765,239762.23529411765,7690.764705882353,7690.764705882353,7690.764705882353,43581,43581.0,43581.0
US-NY,2020-03-15,3,Restrict_Mass_Gatherings_and_Schools-Restrict_Mass_Gatherings-No_Measure,15817680943.738657,15801190925.589836,15834170961.887478,0,64977695605.37907,64642278054.01168,65313113156.74645,1307069515.1492758,1307069515.1492758,1307069515.1492758,120295396209.08955,120284860070.39955,120305932347.77956,143262,140952.0,145572.0,11016,10965.0,11067.0,347482.8823529412,347482.8823529412,347482.8823529412,11582.117647058823,11582.117647058823,11582.117647058823,65632,65632.0,65632.0
US-NY,2020-03-15,3,Restrict_Mass_Gatherings_and_Schools-Restrict_Mass_Gatherings-Restrict_Mass_Gatherings,19042246581.97217,19020845251.05868,19063647912.885662,0,70894762542.27388,70661257602.34561,71270001402.97015,1489632281.4439845,1489632281.4439845,1489632281.4439845,120489995497.92455,120476321323.12254,120503669672.72655,185927,182929.0,188925.0,12031,11975.0,12087.0,392182.9411764706,392182.9411764706,392182.9411764706,13390.058823529413,13390.058823529413,13390.058823529413,75877,75877.0,75877.0
US-NY,2020-03-15,3,Restrict_Mass_Gatherings_and_Schools-Restrict_Mass_Gatherings-Restrict_Mass_Gatherings_and_Schools,27689532849.36479,27673092800.967937,27705972897.761646,0,64906210945.42273,64570898610.859344,65241523279.986115,1304961011.084836,1304961011.084836,1304961011.084836,120293384764.43056,120282880553.43355,120303888975.42755,142821,140518.0,145124.0,11005,10954.0,11056.0,346958.35294117645,346958.35294117645,346958.35294117645,11561.64705882353,11561.64705882353,11561.64705882353,65516,65516.0,65516.0
US-NY,2020-03-15,3,Restrict_Mass_Gatherings_and_Schools-Restrict_Mass_Gatherings-Authorize_Schools_but_Restrict_Mass_Gatherings_and_Others,20555264851.784634,20539303085.299454,20571226618.269814,0,64190127947.060776,63997556608.38939,64524433206.50016,1284747100.8720071,1284747100.8720071,1284747100.8720071,120274684258.53055,120264485641.16655,120284882875.89455,138721,136485.0,140957.0,10894,10843.0,10945.0,341986.4117647059,341986.4117647059,341986.4117647059,11362.588235294119,11362.588235294119,11362.588235294119,64388,64388.0,64388.0
US-NY,2020-03-15,3,Restrict_Mass_Gatherings_and_Schools-Restrict_Mass_Gatherings-Restrict_Mass_Gatherings_and_Schools_and_Others,28832399455.53539,28817165819.721718,28847633091.349064,0,63175060019.425064,62848183919.24825,63501936119.601875,1252046828.2958913,1252046828.2958913,1252046828.2958913,120245698474.38554,120235965089.11955,120255431859.65155,132366,130232.0,134500.0,10714,10664.0,10764.0,333901.35294117645,333901.35294117645,333901.35294117645,11042.64705882353,11042.64705882353,11042.64705882353,62575,62575.0,62575.0
US-NY,2020-03-15,3,Restrict_Mass_Gatherings_and_Schools-Restrict_Mass_Gatherings-Lockdown,33278316515.4265,33261255414.398064,33295377616.45493,0,65647996311.65709,65447214203.17913,65990512340.90305,1329411418.8959503,1329411418.8959503,1329411418.8959503,120318165215.29755,120307264188.68755,120329066241.90755,148254,145864.0,150644.0,11141,11089.0,11193.0,352963.1176470588,352963.1176470588,352963.1176470588,11802.882352941177,11802.882352941177,11802.882352941177,66883,66883.0,66883.0
US-NY,2020-03-15,3,Restrict_Mass_Gatherings_and_Schools-Restrict_Mass_Gatherings_and_Schools-No_Measure,24377263157.894737,24367147852.389595,24387378463.39988,0,51251927252.56202,50994788360.49497,51509066144.62907,879165423.6624298,879165423.6624298,879165423.6624298,120042747813.28156,120036284735.99855,120049210890.56454,87870,86453.0,89287.0,8685,8645.0,8725.0,237472.5294117647,237472.5294117647,237472.5294117647,7604.470588235295,7604.470588235295,7604.470588235295,43092,43092.0,43092.0
US-NY,2020-03-15,3,Restrict_Mass_Gatherings_and_Schools-Restrict_Mass_Gatherings_and_Schools-Restrict_Mass_Gatherings,27346269207.50151,27335368663.036903,27357169751.96612,0,52150844973.42763,51886156674.32201,52415533272.53326,907795001.6257759,907795001.6257759,907795001.6257759,120074059757.91655,120067094959.74355,120081024556.08955,94735,93208.0,96262.0,8844,8803.0,8885.0,244470.41176470587,244470.41176470587,244470.41176470587,7888.588235294118,7888.588235294118,7888.588235294118,44702,44702.0,44702.0
US-NY,2020-03-15,3,Restrict_Mass_Gatherings_and_Schools-Restrict_Mass_Gatherings_and_Schools-Restrict_Mass_Gatherings_and_Schools,36251763460.37508,36241662431.941925,36261864488.80823,0,51239083084.284874,50981974254.16182,51496191914.40791,878824310.8926988,878824310.8926988,878824310.8926988,120042428536.35155,120035974581.26656,120048882491.43655,87800,86385.0,89215.0,8683,8643.0,8723.0,237392.0588235294,237392.0588235294,237392.0588235294,7600.941176470588,7600.941176470588,7600.941176470588,43072,43072.0,43072.0
US-NY,2020-03-15,3,Restrict_Mass_Gatherings_and_Schools-Restrict_Mass_Gatherings_and_Schools-Authorize_Schools_but_Restrict_Mass_Gatherings_and_Others,29141759346.642467,29131736842.105263,29151781851.179672,0,51116522370.65992,50859578881.228874,51373465860.090965,875391633.9417677,875391633.9417677,875391633.9417677,120039231205.95255,120032827422.95654,120045634988.94855,87099,85695.0,88503.0,8664,8624.0,8704.0,236545.76470588235,236545.76470588235,236545.76470588235,7567.235294117648,7567.235294117648,7567.235294117648,42881,42881.0,42881.0
US-NY,2020-03-15,3,Restrict_Mass_Gatherings_and_Schools-Restrict_Mass_Gatherings_and_Schools-Restrict_Mass_Gatherings_and_Schools_and_Others,37456721052.63158,37446819903.20629,37466622202.05687,0,50923769660.67064,50667081697.76359,51180457623.577675,870007192.3958025,870007192.3958025,870007192.3958025,120034414685.40855,120028088441.09555,120040740929.72156,86043,84656.0,87430.0,8634,8594.0,8674.0,235219.70588235295,235219.70588235295,235219.70588235295,7514.2941176470595,7514.2941176470595,7514.2941176470595,42581,42581.0,42581.0
US-NY,2020-03-15,3,Restrict_Mass_Gatherings_and_Schools-Restrict_Mass_Gatherings_and_Schools-Lockdown,41809730066.54568,41799500544.46461,41819959588.62674,0,51426841652.47558,51169462264.85653,51542487119.32662,884082657.3307714,884082657.3307714,884082657.3307714,120047518722.83556,120040982667.96855,120054054777.70255,88916,87483.0,90349.0,8712,8672.0,8752.0,238690.5294117647,238690.5294117647,238690.5294117647,7652.470588235295,7652.470588235295,7652.470588235295,43364,43364.0,43364.0
US-NY,2020-03-15,3,Restrict_Mass_Gatherings_and_Schools-Authorize_Schools_but_Restrict_Mass_Gatherings_and_Others-No_Measure,17241481790.683605,17231866182.698124,17251097398.669086,0,50007913677.58279,49757722953.67432,50258104401.49126,843318446.6080402,843318446.6080402,843318446.6080402,120023080354.39355,120016936554.04056,120029224154.74655,83558,82211.0,84905.0,8485,8446.0,8524.0,228181.0,228181.0,228181.0,7275.000000000001,7275.000000000001,7275.000000000001,41225,41225.0,41225.0
US-NY,2020-03-15,3,Restrict_Mass_Gatherings_and_Schools-Authorize_Schools_but_Restrict_Mass_Gatherings_and_Others-Restrict_Mass_Gatherings,20197017422.867516,20186830732.00242,20207204113.73261,0,50766673869.95362,50509384668.16658,50882229150.97267,864112793.6373042,864112793.6373042,864112793.6373042,120045785505.21555,120039276816.94255,120052294193.48856,88536,87109.0,89963.0,8601,8561.0,8641.0,233261.5294117647,233261.5294117647,233261.5294117647,7481.470588235295,7481.470588235295,7481.470588235295,42395,42395.0,42395.0
US-NY,2020-03-15,3,Restrict_Mass_Gatherings_and_Schools-Authorize_Schools_but_Restrict_Mass_Gatherings_and_Others-Restrict_Mass_Gatherings_and_Schools,29116074894.13188,29106466424.682396,29125683363.581367,0,50001160912.06021,49750985219.12374,50251336604.99668,843037006.3922554,843037006.3922554,843037006.3922554,120022820371.75055,120016681132.49655,120028959611.00455,83501,82155.0,84847.0,8484,8445.0,8523.0,228112.82352941178,228112.82352941178,228112.82352941178,7272.176470588236,7272.176470588236,7272.176470588236,41209,41209.0,41209.0
US-NY,2020-03-15,3,Restrict_Mass_Gatherings_and_Schools-Authorize_Schools_but_Restrict_Mass_Gatherings_and_Others-Authorize_Schools_but_Restrict_Mass_Gatherings_and_Others,22007505626.1343,21997954264.97278,22017056987.295826,0,49911101424.40014,49661045979.23968,50161156869.560616,840575283.919598,840575283.919598,840575283.919598,120020539822.25055,120014437071.78854,120026642572.71255,83001,81663.0,84339.0,8470,8431.0,8509.0,227506.0,227506.0,227506.0,7248.000000000001,7248.000000000001,7248.000000000001,41072,41072.0,41072.0
US-NY,2020-03-15,3,Restrict_Mass_Gatherings_and_Schools-Authorize_Schools_but_Restrict_Mass_Gatherings_and_Others-Restrict_Mass_Gatherings_and_Schools_and_Others,30324773079.249847,30315307380.520267,30334238777.97943,0,49782163719.55262,49532288646.056145,50032038793.049095,836906800.5838014,836906800.5838014,836906800.5838014,120017196536.68355,120011148519.40955,120023244553.95755,82268,80942.0,83594.0,8450,8411.0,8489.0,226590.4705882353,226590.4705882353,226590.4705882353,7212.529411764706,7212.529411764706,7212.529411764706,40871,40871.0,40871.0
US-NY,2020-03-15,3,Restrict_Mass_Gatherings_and_Schools-Authorize_Schools_but_Restrict_Mass_Gatherings_and_Others-Lockdown,34671021899.57653,34661334906.231094,34680708892.92196,0,50111809377.672005,49855572343.92496,50368046411.41905,846175598.7658882,846175598.7658882,846175598.7658882,120025981213.35754,120019791802.01456,120032170624.70055,84194,82837.0,85551.0,8501,8461.0,8541.0,228881.76470588235,228881.76470588235,228881.76470588235,7303.235294117648,7303.235294117648,7303.235294117648,41385,41385.0,41385.0
US-NY,2020-03-15,3,Restrict_Mass_Gatherings_and_Schools-Restrict_Mass_Gatherings_and_Schools_and_Others-No_Measure,25520829340.59286,25511906170.59891,25529752510.58681,0,48366633338.57942,48123796619.07353,48609470058.08532,792081148.980195,792081148.980195,792081148.980195,119995508510.93855,119989807137.18855,120001209884.68855,77513,76263.0,78763.0,8198,8160.0,8236.0,214837.82352941178,214837.82352941178,214837.82352941178,6807.176470588236,6807.176470588236,6807.176470588236,38574,38574.0,38574.0
US-NY,2020-03-15,3,Restrict_Mass_Gatherings_and_Schools-Restrict_Mass_Gatherings_and_Schools_and_Others-Restrict_Mass_Gatherings,28459860677.555958,28450630550.514217,28469090804.597702,0,48636419996.63372,48534670866.09982,48879903047.93562,803349056.8652084,803349056.8652084,803349056.8652084,120007668400.87254,120001770899.86555,120013565901.87955,80179,78886.0,81472.0,8261,8223.0,8299.0,217601.4705882353,217601.4705882353,217601.4705882353,6918.529411764706,6918.529411764706,6918.529411764706,39205,39205.0,39205.0
US-NY,2020-03-15,3,Restrict_Mass_Gatherings_and_Schools-Restrict_Mass_Gatherings_and_Schools_and_Others-Restrict_Mass_Gatherings_and_Schools,37395622323.049,37386706291.59105,37404538354.50696,0,48360301440.27285,48117479751.73895,48603123128.80675,791919592.5953296,791919592.5953296,791919592.5953296,119995376239.06755,119989679426.41655,120001073051.71855,77484,76235.0,78733.0,8197,8159.0,8235.0,214801.58823529413,214801.58823529413,214801.58823529413,6805.411764705883,6805.411764705883,6805.411764705883,38564,38564.0,38564.0
US-NY,2020-03-15,3,Restrict_Mass_Gatherings_and_Schools-Restrict_Mass_Gatherings_and_Schools_and_Others-Authorize_Schools_but_Restrict_Mass_Gatherings_and_Others,30288787719.298244,30279900241.984272,30297675196.61222,0,48315166479.63882,48072404914.99292,48557928044.28471,790673409.1782441,790673409.1782441,790673409.1782441,119994204036.62456,119988525468.36955,119999882604.87955,77227,75982.0,78472.0,8190,8152.0,8228.0,214489.58823529413,214489.58823529413,214489.58823529413,6793.411764705883,6793.411764705883,6793.411764705883,38496,38496.0,38496.0
US-NY,2020-03-15,3,Restrict_Mass_Gatherings_and_Schools-Restrict_Mass_Gatherings_and_Schools_and_Others-Restrict_Mass_Gatherings_and_Schools_and_Others,38608767816.09196,38599923169.99395,38617612462.18996,0,48256796545.455635,48014125166.64173,48499467924.26952,788863172.7756429,788863172.7756429,788863172.7756429,119992593968.67755,119986942767.01656,119998245170.33855,76874,75635.0,78113.0,8181,8143.0,8219.0,214054.9411764706,214054.9411764706,214054.9411764706,6775.058823529413,6775.058823529413,6775.058823529413,38392,38392.0,38392.0
US-NY,2020-03-15,3,Restrict_Mass_Gatherings_and_Schools-Restrict_Mass_Gatherings_and_Schools_and_Others-Lockdown,42948756140.350876,42939790139.14095,42957722141.5608,0,48437652038.40376,48194725133.06587,48680578943.74166,794065269.2137156,794065269.2137156,794065269.2137156,119997378561.52855,119991649821.18456,120003107301.87254,77923,76667.0,79179.0,8209,8171.0,8247.0,215328.41176470587,215328.41176470587,215328.41176470587,6826.588235294118,6826.588235294118,6826.588235294118,38684,38684.0,38684.0
US-NY,2020-03-15,3,Restrict_Mass_Gatherings_and_Schools-Lockdown-No_Measure,29974834361.766483,29963955232.909863,29985713490.623108,0,52937887763.94483,52667348557.63664,53208426970.25304,932487838.1244458,932487838.1244458,932487838.1244458,120073142977.01755,120066191862.14156,120080094091.89355,94534,93010.0,96058.0,8978,8936.0,9020.0,251258.70588235295,251258.70588235295,251258.70588235295,8096.2941176470595,8096.2941176470595,8096.2941176470595,45879,45879.0,45879.0
US-NY,2020-03-15,3,Restrict_Mass_Gatherings_and_Schools-Lockdown-Restrict_Mass_Gatherings,32967733091.349064,32955676104.053238,32979790078.64489,0,54341106157.224815,54062190840.41804,54620021474.03159,974964458.4688146,974964458.4688146,974964458.4688146,120119720920.00555,120112017223.79456,120127424616.21655,104746,103057.0,106435.0,9214,9171.0,9257.0,261640.11764705883,261640.11764705883,261640.11764705883,8517.882352941177,8517.882352941177,8517.882352941177,48268,48268.0,48268.0
US-NY,2020-03-15,3,Restrict_Mass_Gatherings_and_Schools-Lockdown-Restrict_Mass_Gatherings_and_Schools,41849091954.02299,41838227102.23836,41859956805.807625,0,52918636542.50111,52648127398.13691,53189145686.86531,931999841.5237955,931999841.5237955,931999841.5237955,120072668622.72156,120065726630.04355,120079610615.39955,94430,92908.0,95952.0,8975,8933.0,9017.0,251134.29411764705,251134.29411764705,251134.29411764705,8091.705882352941,8091.705882352941,8091.705882352941,45853,45853.0,45853.0
US-NY,2020-03-15,3,Restrict_Mass_Gatherings_and_Schools-Lockdown-Authorize_Schools_but_Restrict_Mass_Gatherings_and_Others,34737117604.35572,34726359830.61101,34747875378.100426,0,52750655279.77413,52480371599.98993,53020938959.55833,927337269.8788059,927337269.8788059,927337269.8788059,120068212428.99855,120061338852.80556,120075086005.19154,93453,91946.0,94960.0,8949,8907.0,8991.0,249990.35294117648,249990.35294117648,249990.35294117648,8045.64705882353,8045.64705882353,8045.64705882353,45592,45592.0,45592.0
US-NY,2020-03-15,3,Restrict_Mass_Gatherings_and_Schools-Lockdown-Restrict_Mass_Gatherings_and_Schools_and_Others,43048638535.99516,43038059225.65033,43059217846.33999,0,52479905639.857925,52215893734.4923,52743917545.22356,919623950.9680756,919623950.9680756,919623950.9680756,120061197458.73656,120054437910.01855,120067957007.45454,91915,90433.0,93397.0,8907,8866.0,8948.0,248088.0588235294,248088.0588235294,248088.0588235294,7969.941176470589,7969.941176470589,7969.941176470589,45163,45163.0,45163.0
US-NY,2020-03-15,3,Restrict_Mass_Gatherings_and_Schools-Lockdown-Lockdown,47409842589.2317,47398799274.04719,47420885904.416214,0,53165321190.839005,52894436272.174805,53436206109.5032,938872801.0641443,938872801.0641443,938872801.0641443,120079537637.81555,120072481617.66255,120086593657.96855,95936,94389.0,97483.0,9013,8971.0,9055.0,252826.70588235295,252826.70588235295,252826.70588235295,8159.2941176470595,8159.2941176470595,8159.2941176470595,46236,46236.0,46236.0
US-NY,2020-03-15,3,Authorize_Schools_but_Restrict_Mass_Gatherings_and_Others-No_Measure-No_Measure,5304954748.9413185,5296331397.459166,5313578100.423472,0,45603991561.86924,45373578143.42449,45834404980.31397,752027464.3807273,752027464.3807273,752027464.3807273,119983768242.11255,119978258434.52055,119989278049.70454,74939,73731.0,76147.0,7736,7700.0,7772.0,203523.70588235295,203523.70588235295,203523.70588235295,6485.2941176470595,6485.2941176470595,6485.2941176470595,36750,36750.0,36750.0
US-NY,2020-03-15,3,Authorize_Schools_but_Restrict_Mass_Gatherings_and_Others-No_Measure-Restrict_Mass_Gatherings,8264502238.354507,8255243557.168784,8273760919.54023,0,46312009241.39614,46216095987.09282,46549656416.46746,775354456.4365947,775354456.4365947,775354456.4365947,120009036730.57256,120003120985.16956,120014952475.97556,80479,79182.0,81776.0,7866,7829.0,7903.0,209228.35294117648,209228.35294117648,209228.35294117648,6716.64705882353,6716.64705882353,6716.64705882353,38061,38061.0,38061.0
US-NY,2020-03-15,3,Authorize_Schools_but_Restrict_Mass_Gatherings_and_Others-No_Measure-Restrict_Mass_Gatherings_and_Schools,17179562129.461584,17170945916.515427,17188178342.407745,0,45597268858.29066,45366870470.81792,45827667245.7634,751789946.7188885,751789946.7188885,751789946.7188885,119983517381.66756,119978012135.17455,119989022628.16055,74884,73677.0,76091.0,7735,7699.0,7771.0,203460.82352941178,203460.82352941178,203460.82352941178,6483.176470588236,6483.176470588236,6483.176470588236,36738,36738.0,36738.0
US-NY,2020-03-15,3,Authorize_Schools_but_Restrict_Mass_Gatherings_and_Others-No_Measure-Authorize_Schools_but_Restrict_Mass_Gatherings_and_Others,10070878644.888083,10062319540.229885,10079437749.54628,0,45506968875.0786,45276690735.38185,45737247014.77534,749252484.7768253,749252484.7768253,749252484.7768253,119981163854.58356,119975695096.88255,119986632612.28455,74368,73169.0,75567.0,7721,7685.0,7757.0,202845.23529411765,202845.23529411765,202845.23529411765,6457.764705882353,6457.764705882353,6457.764705882353,36594,36594.0,36594.0
US-NY,2020-03-15,3,Authorize_Schools_but_Restrict_Mass_Gatherings_and_Others-No_Measure-Restrict_Mass_Gatherings_and_Schools_and_Others,18387653539.019962,18379187235.329704,18396119842.710224,0,45365202032.92592,45135119295.86518,45595284769.986664,745214177.3943245,745214177.3943245,745214177.3943245,119977505853.18555,119972096389.77155,119982915316.59955,73566,72380.0,74752.0,7699,7663.0,7735.0,201843.58823529413,201843.58823529413,201843.58823529413,6418.411764705883,6418.411764705883,6418.411764705883,36371,36371.0,36371.0
US-NY,2020-03-15,3,Authorize_Schools_but_Restrict_Mass_Gatherings_and_Others-No_Measure-Lockdown,22735344343.617664,22726635329.703568,22744053357.53176,0,45733259948.10076,45502666157.99202,45963853738.2095,755562880.8010641,755562880.8010641,755562880.8010641,119987211871.85754,119981647331.07755,119992776412.63754,75694,74474.0,76914.0,7756,7720.0,7792.0,204390.76470588235,204390.76470588235,204390.76470588235,6520.235294117648,6520.235294117648,6520.235294117648,36948,36948.0,36948.0
US-NY,2020-03-15,3,Authorize_Schools_but_Restrict_Mass_Gatherings_and_Others-Restrict_Mass_Gatherings-No_Measure,8522560314.579553,8509139866.908651,8535980762.250454,0,56158577312.542816,55870895079.96546,56304525624.352165,1078027002.4017146,1078027002.4017146,1078027002.4017146,120173920459.42255,120165345593.30255,120182495325.54256,116629,114749.0,118509.0,9516,9472.0,9560.0,287453.17647058825,287453.17647058825,287453.17647058825,9509.823529411766,9509.823529411766,9509.823529411766,53889,53889.0,53889.0
US-NY,2020-03-15,3,Authorize_Schools_but_Restrict_Mass_Gatherings_and_Others-Restrict_Mass_Gatherings-Restrict_Mass_Gatherings,11700475620.084694,11682893405.928614,11718057834.240774,0,61317294752.059265,60997265462.33161,61637324041.78693,1236632110.885309,1236632110.885309,1236632110.885309,120338712966.29256,120327478979.45555,120349946953.12955,152759,150296.0,155222.0,10395,10347.0,10443.0,326367.4705882353,326367.4705882353,326367.4705882353,11076.529411764706,11076.529411764706,11076.529411764706,62767,62767.0,62767.0
US-NY,2020-03-15,3,Authorize_Schools_but_Restrict_Mass_Gatherings_and_Others-Restrict_Mass_Gatherings-Restrict_Mass_Gatherings_and_Schools,20395076104.053238,20381691349.06231,20408460859.044163,0,56100282533.21963,55812675455.50228,56246155690.16898,1076284044.191546,1076284044.191546,1076284044.191546,120172333196.97055,120163781136.34555,120180885257.59555,116281,114406.0,118156.0,9507,9463.0,9551.0,287030.64705882355,287030.64705882355,287030.64705882355,9492.352941176472,9492.352941176472,9492.352941176472,53790,53790.0,53790.0
US-NY,2020-03-15,3,Authorize_Schools_but_Restrict_Mass_Gatherings_and_Others-Restrict_Mass_Gatherings-Authorize_Schools_but_Restrict_Mass_Gatherings_and_Others,13267082879.612825,13254069328.493649,13280096430.732002,0,55527123761.85435,55240298294.681,55813949229.0277,1060089680.8306236,1060089680.8306236,1060089680.8306236,120157641897.09155,120149327013.61455,120165956780.56856,113060,111237.0,114883.0,9418,9374.0,9462.0,283027.1176470588,283027.1176470588,283027.1176470588,9333.882352941177,9333.882352941177,9333.882352941177,52892,52892.0,52892.0
US-NY,2020-03-15,3,Authorize_Schools_but_Restrict_Mass_Gatherings_and_Others-Restrict_Mass_Gatherings-Restrict_Mass_Gatherings_and_Schools_and_Others,21577661524.500908,21564840713.8536,21590482335.148216,0,55354622035.64995,55068202404.7206,55641041666.57929,1056144827.5938517,1056144827.5938517,1056144827.5938517,120150024861.76155,120141833127.95755,120158216595.56555,111390,109594.0,113186.0,9393,9349.0,9437.0,282127.4705882353,282127.4705882353,282127.4705882353,9291.529411764706,9291.529411764706,9291.529411764706,52652,52652.0,52652.0
US-NY,2020-03-15,3,Authorize_Schools_but_Restrict_Mass_Gatherings_and_Others-Restrict_Mass_Gatherings-Lockdown,25981539745.916515,25967569630.973988,25995509860.859043,0,56837182833.553986,56542447216.01406,57131918451.09392,1101033575.3029854,1101033575.3029854,1101033575.3029854,120195631290.66255,120186705219.91956,120204557361.40555,121389,119432.0,123346.0,9643,9598.0,9688.0,293122.1176470588,293122.1176470588,293122.1176470588,9735.882352941177,9735.882352941177,9735.882352941177,55170,55170.0,55170.0
US-NY,2020-03-15,3,Authorize_Schools_but_Restrict_Mass_Gatherings_and_Others-Restrict_Mass_Gatherings_and_Schools-No_Measure,17177456261.343012,17168875741.07683,17186036781.609196,0,45504394719.77202,45274071487.15927,45734717952.38476,749154118.6077446,749154118.6077446,749154118.6077446,119982171857.46255,119976689416.46455,119987654298.46056,74589,73387.0,75791.0,7720,7684.0,7756.0,202780.17647058822,202780.17647058822,202780.17647058822,6458.823529411765,6458.823529411765,6458.823529411765,36600,36600.0,36600.0
US-NY,2020-03-15,3,Authorize_Schools_but_Restrict_Mass_Gatherings_and_Others-Restrict_Mass_Gatherings_and_Schools-Restrict_Mass_Gatherings,20134248275.86207,20125075257.108288,20143421294.61585,0,46289384363.68916,46057813560.40041,46379221246.2099,770681046.8149571,770681046.8149571,770681046.8149571,120005679761.70856,119999818749.49355,120011540773.92355,79743,78458.0,81028.0,7840,7804.0,7876.0,208040.4705882353,208040.4705882353,208040.4705882353,6672.529411764706,6672.529411764706,6672.529411764706,37811,37811.0,37811.0
US-NY,2020-03-15,3,Authorize_Schools_but_Restrict_Mass_Gatherings_and_Others-Restrict_Mass_Gatherings_and_Schools-Restrict_Mass_Gatherings_and_Schools,29052085057.471264,29043504537.205082,29060665577.737446,0,45497717109.10944,45267393876.4967,45728040341.72218,748885322.7534733,748885322.7534733,748885322.7534733,119981934680.31454,119976452239.31654,119987417121.31255,74537,73335.0,75739.0,7719,7683.0,7755.0,202721.17647058822,202721.17647058822,202721.17647058822,6455.823529411765,6455.823529411765,6455.823529411765,36583,36583.0,36583.0
US-NY,2020-03-15,3,Authorize_Schools_but_Restrict_Mass_Gatherings_and_Others-Restrict_Mass_Gatherings_and_Schools-Authorize_Schools_but_Restrict_Mass_Gatherings_and_Others,21943651421.657593,21935128009.67937,21952174833.635815,0,45413839210.03595,45183636225.19921,45644042194.872696,746609367.9426545,746609367.9426545,746609367.9426545,119979740791.69556,119974294839.48955,119985186743.90155,74056,72862.0,75250.0,7706,7670.0,7742.0,202154.23529411765,202154.23529411765,202154.23529411765,6433.764705882353,6433.764705882353,6433.764705882353,36458,36458.0,36458.0
US-NY,2020-03-15,3,Authorize_Schools_but_Restrict_Mass_Gatherings_and_Others-Restrict_Mass_Gatherings_and_Schools-Restrict_Mass_Gatherings_and_Schools_and_Others,30260804658.197216,30252366908.650936,30269242407.743496,0,45284661009.63643,45054638396.46369,45514683622.80917,742830222.5835057,742830222.5835057,742830222.5835057,119976324528.54456,119970933309.52655,119981715747.56255,73307,72125.0,74489.0,7686,7650.0,7722.0,201228.64705882352,201228.64705882352,201228.64705882352,6396.352941176471,6396.352941176471,6396.352941176471,36246,36246.0,36246.0
US-NY,2020-03-15,3,Authorize_Schools_but_Restrict_Mass_Gatherings_and_Others-Restrict_Mass_Gatherings_and_Schools-Lockdown,34607474652.14761,34598808469.449486,34616140834.84573,0,45621089495.22239,45390585890.94564,45851593099.49914,752392883.5353236,752392883.5353236,752392883.5353236,119985378310.05956,119979841135.87355,119990915484.24554,75292,74078.0,76506.0,7738,7702.0,7774.0,203579.41176470587,203579.41176470587,203579.41176470587,6490.588235294118,6490.588235294118,6490.588235294118,36780,36780.0,36780.0
US-NY,2020-03-15,3,Authorize_Schools_but_Restrict_Mass_Gatherings_and_Others-Authorize_Schools_but_Restrict_Mass_Gatherings_and_Others-No_Measure,10051433272.837265,10043188263.762856,10059678281.911676,0,44670064491.34281,44588077635.300644,44893785268.15298,724984264.1146911,724984264.1146911,724984264.1146911,119968739420.90755,119963471351.56255,119974007490.25255,71644,70489.0,72799.0,7586,7551.0,7621.0,196519.5294117647,196519.5294117647,196519.5294117647,6236.470588235295,6236.470588235295,6236.470588235295,35340,35340.0,35340.0
US-NY,2020-03-15,3,Authorize_Schools_but_Restrict_Mass_Gatherings_and_Others-Authorize_Schools_but_Restrict_Mass_Gatherings_and_Others-Restrict_Mass_Gatherings,12997703085.299456,12989036902.601332,13006369267.99758,0,45232434478.50036,45001930874.22362,45462938082.7771,740307180.1285841,740307180.1285841,740307180.1285841,119985524265.22755,119979987091.04155,119991061439.41354,75324,74110.0,76538.0,7672,7636.0,7708.0,200260.23529411765,200260.23529411765,200260.23529411765,6388.764705882353,6388.764705882353,6388.764705882353,36203,36203.0,36203.0
US-NY,2020-03-15,3,Authorize_Schools_but_Restrict_Mass_Gatherings_and_Others-Authorize_Schools_but_Restrict_Mass_Gatherings_and_Others-Restrict_Mass_Gatherings_and_Schools,21926133454.32547,21917895583.787052,21934371324.863884,0,44663537190.40024,44581565365.33007,44887242936.2384,724784457.7298255,724784457.7298255,724784457.7298255,119968547854.74956,119963284346.50356,119973811362.99554,71602,70448.0,72756.0,7585,7550.0,7620.0,196466.29411764705,196466.29411764705,196466.29411764705,6234.705882352941,6234.705882352941,6234.705882352941,35330,35330.0,35330.0
US-NY,2020-03-15,3,Authorize_Schools_but_Restrict_Mass_Gatherings_and_Others-Authorize_Schools_but_Restrict_Mass_Gatherings_and_Others-Authorize_Schools_but_Restrict_Mass_Gatherings_and_Others,14818506473.07925,14810311433.756805,14826701512.401693,0,44599045791.51847,44517164152.28031,44822661351.52464,722973682.6041975,722973682.6041975,722973682.6041975,119966869370.31755,119961633228.66556,119972105511.96954,71234,70086.0,72382.0,7575,7540.0,7610.0,196024.29411764705,196024.29411764705,196024.29411764705,6216.705882352941,6216.705882352941,6216.705882352941,35228,35228.0,35228.0
US-NY,2020-03-15,3,Authorize_Schools_but_Restrict_Mass_Gatherings_and_Others-Authorize_Schools_but_Restrict_Mass_Gatherings_and_Others-Restrict_Mass_Gatherings_and_Schools_and_Others,23136858983.66606,23128728191.167576,23144989776.16455,0,44637710715.65725,44414230434.39909,44719457076.14742,720014107.8924032,720014107.8924032,720014107.8924032,119964219371.79855,119959024280.03755,119969414463.55956,70653,69514.0,71792.0,7559,7524.0,7594.0,195292.23529411765,195292.23529411765,195292.23529411765,6187.764705882353,6187.764705882353,6187.764705882353,35064,35064.0,35064.0
US-NY,2020-03-15,3,Authorize_Schools_but_Restrict_Mass_Gatherings_and_Others-Authorize_Schools_but_Restrict_Mass_Gatherings_and_Others-Lockdown,27479745553.53902,27471450574.712643,27488040532.365395,0,44747790863.77373,44523964870.15955,44971616857.387886,727046912.5406444,727046912.5406444,727046912.5406444,119970855770.84355,119965555773.80556,119976155767.88155,72108,70946.0,73270.0,7598,7563.0,7633.0,197027.23529411765,197027.23529411765,197027.23529411765,6256.764705882353,6256.764705882353,6256.764705882353,35455,35455.0,35455.0
US-NY,2020-03-15,3,Authorize_Schools_but_Restrict_Mass_Gatherings_and_Others-Restrict_Mass_Gatherings_and_Schools_and_Others-No_Measure,18344236963.097397,18336470235.934666,18352003690.26013,0,43605445545.587036,43388627844.01945,43822263247.154625,690041058.4540349,690041058.4540349,690041058.4540349,119949765249.06755,119944802773.35555,119954727724.77956,67484,66396.0,68572.0,7392,7358.0,7426.0,187426.9411764706,187426.9411764706,187426.9411764706,5917.058823529412,5917.058823529412,5917.058823529412,33530,33530.0,33530.0
US-NY,2020-03-15,3,Authorize_Schools_but_Restrict_Mass_Gatherings_and_Others-Restrict_Mass_Gatherings_and_Schools_and_Others-Restrict_Mass_Gatherings,21279356382.335148,21271346944.948578,21287365819.721718,0,43932081150.21184,43708856395.47768,44013571984.17801,699037194.6127697,699037194.6127697,699037194.6127697,119959425656.74956,119954308103.67155,119964543209.82755,69602,68480.0,70724.0,7442,7407.0,7477.0,189636.17647058822,189636.17647058822,189636.17647058822,6005.823529411765,6005.823529411765,6005.823529411765,34033,34033.0,34033.0
US-NY,2020-03-15,3,Authorize_Schools_but_Restrict_Mass_Gatherings_and_Others-Restrict_Mass_Gatherings_and_Schools_and_Others-Restrict_Mass_Gatherings_and_Schools,30219065638.233513,30211306049.606777,30226825226.860252,0,43599188802.140465,43382386131.54487,43815991472.736046,689944530.2616022,689944530.2616022,689944530.2616022,119949655782.69154,119944697868.07855,119954613697.30455,67460,66373.0,68547.0,7391,7357.0,7425.0,187401.82352941178,187401.82352941178,187401.82352941178,5916.176470588236,5916.176470588236,5916.176470588236,33525,33525.0,33525.0
US-NY,2020-03-15,3,Authorize_Schools_but_Restrict_Mass_Gatherings_and_Others-Restrict_Mass_Gatherings_and_Schools_and_Others-Authorize_Schools_but_Restrict_Mass_Gatherings_and_Others,23112809255.898365,23105063944.343616,23120554567.453117,0,43567063350.47558,43350290741.82399,43783835959.12717,689078248.3372747,689078248.3372747,689078248.3372747,119948853029.26755,119943904236.85255,119953801821.68256,67284,66199.0,68369.0,7386,7352.0,7420.0,187194.64705882352,187194.64705882352,187194.64705882352,5907.352941176471,5907.352941176471,5907.352941176471,33475,33475.0,33475.0
US-NY,2020-03-15,3,Authorize_Schools_but_Restrict_Mass_Gatherings_and_Others-Restrict_Mass_Gatherings_and_Schools_and_Others-Restrict_Mass_Gatherings_and_Schools_and_Others,31433117725.34785,31425408106.47308,31440827344.222626,0,43515280841.12296,43298583387.33138,43731978294.91456,687523624.7044044,687523624.7044044,687523624.7044044,119947452771.87456,119942526784.95454,119952378758.79456,66977,65897.0,68057.0,7378,7344.0,7412.0,186802.4705882353,186802.4705882353,186802.4705882353,5892.529411764706,5892.529411764706,5892.529411764706,33391,33391.0,33391.0
US-NY,2020-03-15,3,Authorize_Schools_but_Restrict_Mass_Gatherings_and_Others-Restrict_Mass_Gatherings_and_Schools_and_Others-Lockdown,35770800302.48034,35763012159.70962,35778588445.25106,0,43638217329.04792,43421354534.56432,43855080123.5315,690995407.293822,690995407.293822,690995407.293822,119950764129.74855,119945787970.73955,119955740288.75755,67703,66612.0,68794.0,7397,7363.0,7431.0,187662.58823529413,187662.58823529413,187662.58823529413,5926.411764705883,5926.411764705883,5926.411764705883,33583,33583.0,33583.0
US-NY,2020-03-15,3,Authorize_Schools_but_Restrict_Mass_Gatherings_and_Others-Lockdown-No_Measure,22761135874.16818,22752012825.166363,22770258923.169994,0,46813470870.569016,46576109283.96569,46909098536.404335,787328261.7499261,787328261.7499261,787328261.7499261,120003691122.54456,119997862038.02255,120009520207.06654,79307,78029.0,80585.0,7930,7893.0,7967.0,212654.29411764705,212654.29411764705,212654.29411764705,6810.705882352941,6810.705882352941,6810.705882352941,38594,38594.0,38594.0
US-NY,2020-03-15,3,Authorize_Schools_but_Restrict_Mass_Gatherings_and_Others-Lockdown-Restrict_Mass_Gatherings,25746660496.067757,25736480943.738655,25756840048.396854,0,48118618268.11292,47873136097.53503,48222366517.92281,827235825.0443394,827235825.0443394,827235825.0443394,120045557450.26555,120039053323.09155,120052061577.43954,88486,87060.0,89912.0,8152,8114.0,8190.0,222434.5294117647,222434.5294117647,222434.5294117647,7205.470588235295,7205.470588235295,7205.470588235295,40831,40831.0,40831.0
US-NY,2020-03-15,3,Authorize_Schools_but_Restrict_Mass_Gatherings_and_Others-Lockdown-Restrict_Mass_Gatherings_and_Schools,34635471990.32063,34626356079.85481,34644587900.786446,0,46800280989.93586,46562934434.30454,46895893624.79917,786865015.1492758,786865015.1492758,786865015.1492758,120003266940.33755,119997442416.91455,120009091463.76054,79214,77937.0,80491.0,7928,7891.0,7965.0,212540.88235294117,212540.88235294117,212540.88235294117,6806.117647058824,6806.117647058824,6806.117647058824,38568,38568.0,38568.0
US-NY,2020-03-15,3,Authorize_Schools_but_Restrict_Mass_Gatherings_and_Others-Lockdown-Authorize_Schools_but_Restrict_Mass_Gatherings_and_Others,27526474410.163338,27517422746.521477,27535526073.805202,0,46709319643.955795,46472108367.07247,46946530920.83911,784396225.7611587,784396225.7611587,784396225.7611587,120000712724.89755,119994929251.36555,120006496198.42955,78654,77386.0,79922.0,7914,7877.0,7951.0,211941.58823529413,211941.58823529413,211941.58823529413,6781.411764705883,6781.411764705883,6781.411764705883,38428,38428.0,38428.0
US-NY,2020-03-15,3,Authorize_Schools_but_Restrict_Mass_Gatherings_and_Others-Lockdown-Restrict_Mass_Gatherings_and_Schools_and_Others,35841136297.640656,35832213127.646706,35850059467.634605,0,46515935633.14251,46278994913.755196,46752876352.52983,778973534.2151936,778973534.2151936,778973534.2151936,119995704638.19556,119990003264.44556,120001406011.94556,77556,76306.0,78806.0,7884,7847.0,7921.0,210598.5294117647,210598.5294117647,210598.5294117647,6728.470588235295,6728.470588235295,6728.470588235295,38128,38128.0,38128.0
US-NY,2020-03-15,3,Authorize_Schools_but_Restrict_Mass_Gatherings_and_Others-Lockdown-Lockdown,40195151845.130066,40185878886.87235,40204424803.38778,0,46891185071.4686,46795241755.22128,47128862308.48392,793453428.8353531,793453428.8353531,793453428.8353531,120009451790.58154,120003526922.98055,120015376658.18256,80570,79271.0,81869.0,7964,7927.0,8001.0,214167.29411764705,214167.29411764705,214167.29411764705,6870.705882352941,6870.705882352941,6870.705882352941,38934,38934.0,38934.0
US-NY,2020-03-15,3,Restrict_Mass_Gatherings_and_Schools_and_Others-No_Measure-No_Measure,13493721415.607986,13487253901.99637,13500188929.2196,0,37327885007.476295,37137386943.28701,37518383071.66558,568036682.0130062,568036682.0130062,568036682.0130062,119898320613.44655,119894188257.75255,119902452969.14055,56205,55299.0,57111.0,6332,6302.0,6362.0,154351.23529411765,154351.23529411765,154351.23529411765,4867.764705882353,4867.764705882353,4867.764705882353,27584,27584.0,27584.0
US-NY,2020-03-15,3,Restrict_Mass_Gatherings_and_Schools_and_Others-No_Measure-Restrict_Mass_Gatherings,16436586146.400484,16429747428.91712,16443424863.883848,0,37824125219.804085,37632845545.0708,38015404894.53737,581696562.370677,581696562.370677,581696562.370677,119912929813.54355,119908560280.70155,119917299346.38554,59408,58450.0,60366.0,6408,6378.0,6438.0,157690.70588235295,157690.70588235295,157690.70588235295,5003.2941176470595,5003.2941176470595,5003.2941176470595,28352,28352.0,28352.0
US-NY,2020-03-15,3,Restrict_Mass_Gatherings_and_Schools_and_Others-No_Measure-Restrict_Mass_Gatherings_and_Schools,25368500120.992134,25362039745.916515,25374960496.067757,0,37321523047.225716,37131040014.00844,37512006080.44301,567888942.5436003,567888942.5436003,567888942.5436003,119898179219.37755,119894051424.78255,119902307013.97255,56174,55269.0,57079.0,6331,6301.0,6361.0,154310.4705882353,154310.4705882353,154310.4705882353,4866.529411764706,4866.529411764706,4866.529411764706,27577,27577.0,27577.0
US-NY,2020-03-15,3,Restrict_Mass_Gatherings_and_Schools_and_Others-No_Measure-Authorize_Schools_but_Restrict_Mass_Gatherings_and_Others,18261472776.76951,18255040955.83787,18267904597.70115,0,37270086250.22911,37079663340.899826,37460509159.558395,566511308.380136,566511308.380136,566511308.380136,119896883867.26155,119892774317.06255,119900993417.46056,55890,54989.0,56791.0,6323,6293.0,6353.0,153972.0588235294,153972.0588235294,153972.0588235294,4852.941176470588,4852.941176470588,4852.941176470588,27500,27500.0,27500.0
US-NY,2020-03-15,3,Restrict_Mass_Gatherings_and_Schools_and_Others-No_Measure-Restrict_Mass_Gatherings_and_Schools_and_Others,26581145916.515427,26574756926.79976,26587534906.231094,0,37199277984.01277,37014841260.63406,37383714707.39148,564545188.1466155,564545188.1466155,564545188.1466155,119895077672.05756,119890995488.45255,119899159855.66255,55494,54599.0,56389.0,6312,6283.0,6341.0,153489.4705882353,153489.4705882353,153489.4705882353,4833.529411764706,4833.529411764706,4833.529411764706,27390,27390.0,27390.0
US-NY,2020-03-15,3,Restrict_Mass_Gatherings_and_Schools_and_Others-No_Measure-Lockdown,30921748154.869934,30915230671.50635,30928265638.233517,0,37399114140.90863,37208510859.91535,37589717421.901924,570011802.2465267,570011802.2465267,570011802.2465267,119900254519.42255,119896090236.03555,119904418802.80956,56629,55716.0,57542.0,6343,6313.0,6373.0,154837.82352941178,154837.82352941178,154837.82352941178,4887.176470588236,4887.176470588236,4887.176470588236,27694,27694.0,27694.0
US-NY,2020-03-15,3,Restrict_Mass_Gatherings_and_Schools_and_Others-Restrict_Mass_Gatherings-No_Measure,16555578402.90381,16546826557.773745,16564330248.033878,0,42189624738.993904,41976628763.40889,42402620714.57892,719438617.3514632,719438617.3514632,719438617.3514632,119988958772.77455,119983366865.40054,119994550680.14854,76077,74851.0,77303.0,7154,7121.0,7187.0,193201.17647058822,193201.17647058822,193201.17647058822,6278.823529411765,6278.823529411765,6278.823529411765,35580,35580.0,35580.0
US-NY,2020-03-15,3,Restrict_Mass_Gatherings_and_Schools_and_Others-Restrict_Mass_Gatherings-Restrict_Mass_Gatherings,19592257773.744705,19581621355.11192,19602894192.377495,0,44410006180.21258,44181250027.78241,44638762332.64274,788383610.8483595,788383610.8483595,788383610.8483595,120063509935.92955,120056713898.41956,120070305973.43954,92422,90932.0,93912.0,7537,7502.0,7572.0,210064.5294117647,210064.5294117647,210064.5294117647,6962.470588235295,6962.470588235295,6962.470588235295,39454,39454.0,39454.0
US-NY,2020-03-15,3,Restrict_Mass_Gatherings_and_Schools_and_Others-Restrict_Mass_Gatherings-Restrict_Mass_Gatherings_and_Schools,28428950816.696915,28420220387.174835,28437681246.218994,0,42150821676.66645,41937870793.99744,42363772559.33546,718263895.2113509,718263895.2113509,718263895.2113509,119987918842.20255,119982340618.12555,119993497066.27956,75849,74626.0,77072.0,7148,7115.0,7181.0,192913.82352941178,192913.82352941178,192913.82352941178,6267.176470588236,6267.176470588236,6267.176470588236,35514,35514.0,35514.0
US-NY,2020-03-15,3,Restrict_Mass_Gatherings_and_Schools_and_Others-Restrict_Mass_Gatherings-Authorize_Schools_but_Restrict_Mass_Gatherings_and_Others,21312193647.912888,21303655958.862675,21320731336.963097,0,41860745660.44652,41648200614.021515,42073290706.87154,710127607.8924032,710127607.8924032,710127607.8924032,119980406712.14955,119974951637.74554,119985861786.55354,74202,73006.0,75398.0,7103,7070.0,7136.0,190898.23529411765,190898.23529411765,190898.23529411765,6187.764705882353,6187.764705882353,6187.764705882353,35064,35064.0,35064.0
US-NY,2020-03-15,3,Restrict_Mass_Gatherings_and_Schools_and_Others-Restrict_Mass_Gatherings-Restrict_Mass_Gatherings_and_Schools_and_Others,29622201209.921356,29613863399.87901,29630539019.963703,0,41569121454.11059,41356997274.90158,41781245633.31961,702135320.5734556,702135320.5734556,702135320.5734556,119972424788.89955,119967097425.26755,119977752152.53156,72452,71284.0,73620.0,7058,7025.0,7091.0,188946.64705882352,188946.64705882352,188946.64705882352,6108.352941176471,6108.352941176471,6108.352941176471,34614,34614.0,34614.0
US-NY,2020-03-15,3,Restrict_Mass_Gatherings_and_Schools_and_Others-Restrict_Mass_Gatherings-Lockdown,33991685964.91228,33982755656.382336,34000616273.442226,0,42425268935.69465,42211897185.80964,42638640685.57966,725759724.6526752,725759724.6526752,725759724.6526752,119996055842.81856,119990349907.96954,120001761777.66756,77633,76382.0,78884.0,7190,7157.0,7223.0,194744.35294117648,194744.35294117648,194744.35294117648,6341.64705882353,6341.64705882353,6341.64705882353,35936,35936.0,35936.0
US-NY,2020-03-15,3,Restrict_Mass_Gatherings_and_Schools_and_Others-Restrict_Mass_Gatherings_and_Schools-No_Measure,25367300846.94495,25360854748.94132,25373746944.948578,0,37271829842.98111,37081376871.70783,37462282814.254395,566442730.9340822,566442730.9340822,566442730.9340822,119897412954.74554,119893294282.34856,119901531627.14255,56006,55103.0,56909.0,6323,6293.0,6353.0,153927.35294117648,153927.35294117648,153927.35294117648,4853.64705882353,4853.64705882353,4853.64705882353,27504,27504.0,27504.0
US-NY,2020-03-15,3,Restrict_Mass_Gatherings_and_Schools_and_Others-Restrict_Mass_Gatherings_and_Schools-Restrict_Mass_Gatherings,28307003206.29159,28300243012.704174,28313763399.87901,0,37690659333.289986,37499544999.2487,37881773667.33127,577925117.7579072,577925117.7579072,577925117.7579072,119910001587.98555,119905682227.23254,119914320948.73856,58766,57819.0,59713.0,6387,6357.0,6417.0,156736.5294117647,156736.5294117647,156736.5294117647,4967.470588235295,4967.470588235295,4967.470588235295,28149,28149.0,28149.0
US-NY,2020-03-15,3,Restrict_Mass_Gatherings_and_Schools_and_Others-Restrict_Mass_Gatherings_and_Schools-Restrict_Mass_Gatherings_and_Schools,37242143799.15305,37235704839.68542,37248582758.62069,0,37265603161.47853,37075165221.17725,37456041101.779816,566327885.8261898,566327885.8261898,566327885.8261898,119897312610.56755,119893198499.26955,119901426721.86555,55984,55082.0,56886.0,6322,6292.0,6352.0,153904.76470588235,153904.76470588235,153904.76470588235,4852.235294117648,4852.235294117648,4852.235294117648,27496,27496.0,27496.0
US-NY,2020-03-15,3,Restrict_Mass_Gatherings_and_Schools_and_Others-Restrict_Mass_Gatherings_and_Schools-Authorize_Schools_but_Restrict_Mass_Gatherings_and_Others,30135166424.682396,30128756019.35874,30141576830.00605,0,37220167581.4045,37035685765.10979,37404649397.69921,564978962.9396985,564978962.9396985,564978962.9396985,119896049186.14455,119891953319.24255,119900145053.04655,55707,54809.0,56605.0,6315,6286.0,6344.0,153572.0,153572.0,153572.0,4839.0,4839.0,4839.0,27421,27421.0,27421.0
US-NY,2020-03-15,3,Restrict_Mass_Gatherings_and_Schools_and_Others-Restrict_Mass_Gatherings_and_Schools-Restrict_Mass_Gatherings_and_Schools_and_Others,38454803871.74834,38448443436.17665,38461164307.32002,0,37149284160.32816,36964907560.837456,37333660759.81887,562968381.4292048,562968381.4292048,562968381.4292048,119894220185.44556,119890156246.23656,119898284124.65456,55306,54415.0,56197.0,6304,6275.0,6333.0,153076.76470588235,153076.76470588235,153076.76470588235,4819.235294117648,4819.235294117648,4819.235294117648,27309,27309.0,27309.0
US-NY,2020-03-15,3,Restrict_Mass_Gatherings_and_Schools_and_Others-Restrict_Mass_Gatherings_and_Schools-Lockdown,42795470356.9268,42788974289.1712,42801966424.682396,0,37343359595.85345,37152801407.77617,37533917783.93073,568562484.998522,568562484.998522,568562484.998522,119899438082.70155,119895287482.61156,119903588682.79155,56450,55540.0,57360.0,6334,6304.0,6364.0,154456.88235294117,154456.88235294117,154456.88235294117,4874.117647058823,4874.117647058823,4874.117647058823,27620,27620.0,27620.0
US-NY,2020-03-15,3,Restrict_Mass_Gatherings_and_Schools_and_Others-Authorize_Schools_but_Restrict_Mass_Gatherings_and_Others-No_Measure,18251221839.08046,18244954204.476707,18257489473.68421,0,36829885766.0182,36645704569.16349,37014066962.87291,553632020.0635531,553632020.0635531,553632020.0635531,119890334129.09755,119886329484.17555,119894338774.01955,54454,53576.0,55332.0,6252,6223.0,6281.0,150606.0588235294,150606.0588235294,150606.0588235294,4735.941176470588,4735.941176470588,4735.941176470588,26837,26837.0,26837.0
US-NY,2020-03-15,3,Restrict_Mass_Gatherings_and_Schools_and_Others-Authorize_Schools_but_Restrict_Mass_Gatherings_and_Others-Restrict_Mass_Gatherings,21190410223.83545,21183835632.183907,21196984815.48699,0,37253529026.461655,37068701497.81094,37438356555.11236,565442241.4646764,565442241.4646764,565442241.4646764,119902594363.20955,119898393591.03055,119906795135.38855,57142,56221.0,58063.0,6317,6288.0,6346.0,153507.58823529413,153507.58823529413,153507.58823529413,4852.411764705883,4852.411764705883,4852.411764705883,27497,27497.0,27497.0
US-NY,2020-03-15,3,Restrict_Mass_Gatherings_and_Schools_and_Others-Authorize_Schools_but_Restrict_Mass_Gatherings_and_Others-Restrict_Mass_Gatherings_and_Schools,30126043375.68058,30119782879.612823,30132303871.748337,0,36823613991.599625,36639447825.71691,37007780157.48233,553480858.040201,553480858.040201,553480858.040201,119890220101.62254,119886220017.79955,119894220185.44556,54429,53552.0,55306.0,6251,6222.0,6280.0,150578.0,150578.0,150578.0,4734.0,4734.0,4734.0,26826,26826.0,26826.0
US-NY,2020-03-15,3,Restrict_Mass_Gatherings_and_Schools_and_Others-Authorize_Schools_but_Restrict_Mass_Gatherings_and_Others-Authorize_Schools_but_Restrict_Mass_Gatherings_and_Others,23019451482.15366,23013212401.69389,23025690562.61343,0,36784886084.13217,36600765011.16546,36969007157.09888,552344702.8155484,552344702.8155484,552344702.8155484,119889202976.54555,119885216576.01955,119893189377.07155,54206,53332.0,55080.0,6245,6216.0,6274.0,150297.11764705883,150297.11764705883,150297.11764705883,4722.882352941177,4722.882352941177,4722.882352941177,26763,26763.0,26763.0
US-NY,2020-03-15,3,Restrict_Mass_Gatherings_and_Schools_and_Others-Authorize_Schools_but_Restrict_Mass_Gatherings_and_Others-Restrict_Mass_Gatherings_and_Schools_and_Others,31339738535.99516,31333535148.215366,31345941923.774956,0,36727162481.74499,36543116563.638275,36911208399.85169,550779367.905705,550779367.905705,550779367.905705,119887789035.85555,119883825440.82455,119891752630.88655,53896,53027.0,54765.0,6236,6207.0,6265.0,149907.29411764705,149907.29411764705,149907.29411764705,4707.705882352941,4707.705882352941,4707.705882352941,26677,26677.0,26677.0
US-NY,2020-03-15,3,Restrict_Mass_Gatherings_and_Schools_and_Others-Authorize_Schools_but_Restrict_Mass_Gatherings_and_Others-Lockdown,35678534724.74289,35672231397.45917,35684838052.02662,0,36881923801.89481,36697667450.18011,37066180153.60952,555167249.3349098,555167249.3349098,555167249.3349098,119891811925.17355,119887784474.75655,119895839375.59055,54778,53895.0,55661.0,6260,6231.0,6289.0,150986.0588235294,150986.0588235294,150986.0588235294,4750.941176470588,4750.941176470588,4750.941176470588,26922,26922.0,26922.0
US-NY,2020-03-15,3,Restrict_Mass_Gatherings_and_Schools_and_Others-Restrict_Mass_Gatherings_and_Schools_and_Others-No_Measure,26557545916.515427,26551542407.743496,26563549425.287357,0,36170849570.897125,36128958440.77442,36354474621.78784,534684860.5158143,534684860.5158143,534684860.5158143,119879998678.76355,119876162794.50455,119883834563.02255,52188,51347.0,53029.0,6146,6117.0,6175.0,145692.0588235294,145692.0588235294,145692.0588235294,4561.941176470588,4561.941176470588,4561.941176470588,25851,25851.0,25851.0
US-NY,2020-03-15,3,Restrict_Mass_Gatherings_and_Schools_and_Others-Restrict_Mass_Gatherings_and_Schools_and_Others-Restrict_Mass_Gatherings,29485162734.422264,29479037870.538414,29491287598.30611,0,36334287620.985535,36150407043.57082,36518168198.40024,539172375.7759385,539172375.7759385,539172375.7759385,119884865371.39655,119880951948.45454,119888778794.33855,53255,52397.0,54113.0,6171,6142.0,6200.0,146793.76470588235,146793.76470588235,146793.76470588235,4606.235294117648,4606.235294117648,4606.235294117648,26102,26102.0,26102.0
US-NY,2020-03-15,3,Restrict_Mass_Gatherings_and_Schools_and_Others-Restrict_Mass_Gatherings_and_Schools_and_Others-Restrict_Mass_Gatherings_and_Schools,38432467392.61948,38426463883.84755,38438470901.39141,0,36170684230.205124,36128793100.08242,36354309281.09584,534635899.2388413,534635899.2388413,534635899.2388413,119879948506.67455,119876112622.41556,119883784390.93355,52177,51336.0,53018.0,6146,6117.0,6175.0,145677.41176470587,145677.41176470587,145677.41176470587,4561.588235294118,4561.588235294118,4561.588235294118,25849,25849.0,25849.0
US-NY,2020-03-15,3,Restrict_Mass_Gatherings_and_Schools_and_Others-Restrict_Mass_Gatherings_and_Schools_and_Others-Authorize_Schools_but_Restrict_Mass_Gatherings_and_Others,31326924863.883846,31320928493.64791,31332921234.11978,0,36157749876.09598,36115873776.94527,36341359896.01469,534291680.83062375,534291680.83062375,534291680.83062375,119879601863.15054,119875770539.99055,119883433186.31055,52101,51261.0,52941.0,6144,6115.0,6173.0,145599.11764705883,145599.11764705883,145599.11764705883,4557.882352941177,4557.882352941177,4557.882352941177,25828,25828.0,25828.0
US-NY,2020-03-15,3,Restrict_Mass_Gatherings_and_Schools_and_Others-Restrict_Mass_Gatherings_and_Schools_and_Others-Restrict_Mass_Gatherings_and_Schools_and_Others,39648261282.51664,39642286327.88869,39654236237.144585,0,36131715827.18567,36089884820.950966,36315280754.188385,533445965.8217558,533445965.8217558,533445965.8217558,119878858404.01355,119875040764.15054,119882676043.87656,51938,51101.0,52775.0,6140,6111.0,6169.0,145390.41176470587,145390.41176470587,145390.41176470587,4549.588235294118,4549.588235294118,4549.588235294118,25781,25781.0,25781.0
US-NY,2020-03-15,3,Restrict_Mass_Gatherings_and_Schools_and_Others-Restrict_Mass_Gatherings_and_Schools_and_Others-Lockdown,43983680943.738655,43977656019.35874,43989705868.118576,0,36202719496.03801,36160783272.9993,36386389639.84472,535427836.0552764,535427836.0552764,535427836.0552764,119880723893.50455,119876874325.94855,119884573461.06055,52347,51503.0,53191.0,6151,6122.0,6180.0,145880.0,145880.0,145880.0,4569.0,4569.0,4569.0,25891,25891.0,25891.0
US-NY,2020-03-15,3,Restrict_Mass_Gatherings_and_Schools_and_Others-Lockdown-No_Measure,30933348275.86207,30926645190.562614,30940051361.161526,0,37871635479.420425,37680641393.155136,38062629565.68571,584124946.5341413,584124946.5341413,584124946.5341413,119907666305.29755,119903383433.33655,119911949177.25854,58254,57315.0,59193.0,6419,6389.0,6449.0,158496.11764705883,158496.11764705883,158496.11764705883,5016.882352941177,5016.882352941177,5016.882352941177,28429,28429.0,28429.0
US-NY,2020-03-15,3,Restrict_Mass_Gatherings_and_Schools_and_Others-Lockdown-Restrict_Mass_Gatherings,33886149848.75983,33878918511.796734,33893381185.722927,0,38447528888.0358,38255422509.84252,38639635266.22909,603798571.4232929,603798571.4232929,603798571.4232929,119928624555.20255,119924004161.91556,119933244948.48955,62849,61836.0,63862.0,6529,6499.0,6559.0,163313.29411764705,163313.29411764705,163313.29411764705,5211.705882352941,5211.705882352941,5211.705882352941,29533,29533.0,29533.0
US-NY,2020-03-15,3,Restrict_Mass_Gatherings_and_Schools_and_Others-Lockdown-Restrict_Mass_Gatherings_and_Schools,42808041318.81428,42801345372.05082,42814737265.577736,0,37865093147.505844,37674114092.21256,38056072202.79913,583926534.5107892,583926534.5107892,583926534.5107892,119907470178.04056,119903191867.17854,119911748488.90256,58211,57273.0,59149.0,6418,6388.0,6448.0,158447.0588235294,158447.0588235294,158447.0588235294,5014.941176470588,5014.941176470588,5014.941176470588,28418,28418.0,28418.0
US-NY,2020-03-15,3,Restrict_Mass_Gatherings_and_Schools_and_Others-Lockdown-Authorize_Schools_but_Restrict_Mass_Gatherings_and_Others,35700178765.88022,35693525650.332726,35706831881.427704,0,37794209726.429504,37603320856.96822,37985098595.89079,581970269.9157553,581970269.9157553,581970269.9157553,119905641177.34155,119901390233.07355,119909892121.60954,57810,56878.0,58742.0,6407,6377.0,6437.0,157965.29411764705,157965.29411764705,157965.29411764705,4995.705882352941,4995.705882352941,4995.705882352941,28309,28309.0,28309.0
US-NY,2020-03-15,3,Restrict_Mass_Gatherings_and_Schools_and_Others-Lockdown-Restrict_Mass_Gatherings_and_Schools_and_Others,44018281427.7072,44011699697.51966,44024863157.89474,0,37684718645.66171,37493980085.92043,37875457205.403,578856205.7345551,578856205.7345551,578856205.7345551,119902831540.35754,119898626207.07954,119907036873.63554,57194,56272.0,58116.0,6390,6360.0,6420.0,157189.4705882353,157189.4705882353,157189.4705882353,4965.529411764706,4965.529411764706,4965.529411764706,28138,28138.0,28138.0
US-NY,2020-03-15,3,Restrict_Mass_Gatherings_and_Schools_and_Others-Lockdown-Lockdown,48362552873.56322,48355778402.90381,48369327344.222626,0,37974824723.825645,37783680327.840355,38165969119.81093,586864147.9456104,586864147.9456104,586864147.9456104,119910352792.60855,119906024309.65755,119914681275.55956,58843,57894.0,59792.0,6435,6405.0,6465.0,159176.4705882353,159176.4705882353,159176.4705882353,5043.529411764706,5043.529411764706,5043.529411764706,28580,28580.0,28580.0
US-NY,2020-03-15,3,Lockdown-No_Measure-No_Measure,18216156805.80762,18203400241.984272,18228913369.630974,0,60693861767.90653,60383993415.25088,61003730120.56219,1102179898.4259534,1102179898.4259534,1102179898.4259534,120147466085.22255,120139315401.30956,120155616769.13554,110829,109042.0,112616.0,10300,10252.0,10348.0,296928.70588235295,296928.70588235295,296928.70588235295,9572.29411764706,9572.29411764706,9572.29411764706,54243,54243.0,54243.0
US-NY,2020-03-15,3,Lockdown-No_Measure-Restrict_Mass_Gatherings,21207199516.03146,21193300786.44888,21221098245.614037,0,62057796107.75505,61739626799.460815,62375965416.049286,1143548219.184156,1143548219.184156,1143548219.184156,120192858142.47055,120183977682.71754,120201738602.22356,120781,118834.0,122728.0,10530,10481.0,10579.0,307038.0588235294,307038.0588235294,307038.0588235294,9982.94117647059,9982.94117647059,9982.94117647059,56570,56570.0,56570.0
US-NY,2020-03-15,3,Lockdown-No_Measure-Restrict_Mass_Gatherings_and_Schools,30090328735.632183,30077586448.88082,30103071022.383545,0,60674430174.798805,60364591884.08715,60984268465.51045,1101617017.9943838,1101617017.9943838,1101617017.9943838,120146936997.73856,120138795436.02354,120155078559.45355,110713,108928.0,112498.0,10297,10249.0,10345.0,296792.35294117645,296792.35294117645,296792.35294117645,9566.64705882353,9566.64705882353,9566.64705882353,54211,54211.0,54211.0
US-NY,2020-03-15,3,Lockdown-No_Measure-Authorize_Schools_but_Restrict_Mass_Gatherings_and_Others,22977833272.837265,22965212341.197823,22990454204.476707,0,60487663650.76009,60319814807.34043,60797246414.947754,1096471805.3872302,1096471805.3872302,1096471805.3872302,120142147843.78854,120134083820.75655,120150211866.82056,109663,107895.0,111431.0,10268,10220.0,10316.0,295522.82352941175,295522.82352941175,295522.82352941175,9516.176470588236,9516.176470588236,9516.176470588236,53925,53925.0,53925.0
US-NY,2020-03-15,3,Lockdown-No_Measure-Restrict_Mass_Gatherings_and_Schools_and_Others,31289325650.33273,31276883182.093163,31301768118.572292,0,60352691807.60532,60049380817.83624,60514268876.6064,1088648458.2840676,1088648458.2840676,1088648458.2840676,120135114629.13055,120127164633.57355,120143064624.68755,108121,106378.0,109864.0,10225,10178.0,10272.0,293589.4117647059,293589.4117647059,293589.4117647059,9439.588235294119,9439.588235294119,9439.588235294119,53491,53491.0,53491.0
US-NY,2020-03-15,3,Lockdown-No_Measure-Lockdown,35651943133.69631,35639015245.00907,35664871022.383545,0,60946517571.223,60636288475.23935,61256746667.20666,1109285336.9051137,1109285336.9051137,1109285336.9051137,120154357905.81155,120146097755.52255,120162618056.10056,112340,110529.0,114151.0,10339,10291.0,10387.0,298674.64705882355,298674.64705882355,298674.64705882355,9642.352941176472,9642.352941176472,9642.352941176472,54640,54640.0,54640.0
US-NY,2020-03-15,3,Lockdown-Restrict_Mass_Gatherings-No_Measure,21731382214.15608,21709031457.955235,21753732970.356926,0,81614161409.48108,81331489349.3282,82038567390.40196,1752854009.4590602,1752854009.4590602,1752854009.4590602,120527779642.04056,120513498841.07155,120542060443.00955,194211,191080.0,197342.0,13852,13788.0,13916.0,464365.9411764706,464365.9411764706,464365.9411764706,15613.058823529413,15613.058823529413,15613.058823529413,88474,88474.0,88474.0
US-NY,2020-03-15,3,Lockdown-Restrict_Mass_Gatherings-Restrict_Mass_Gatherings,25103722686.02541,25074076346.037506,25133369026.01331,0,90719402637.69089,90238363002.55598,91058708352.0578,2028052627.475613,2028052627.475613,2028052627.475613,120816798241.27455,120797855997.12755,120835740485.42155,257577,253424.0,261730.0,15379,15308.0,15450.0,531817.0588235294,531817.0588235294,531817.0588235294,18334.94117647059,18334.94117647059,18334.94117647059,103898,103898.0,103898.0
US-NY,2020-03-15,3,Lockdown-Restrict_Mass_Gatherings-Restrict_Mass_Gatherings_and_Schools,33601877797.943134,33579598427.102238,33624157168.784027,0,81504444864.13329,81221923113.70041,81928700535.33417,1749776484.000887,1749776484.000887,1749776484.000887,120524901588.57155,120510666398.59254,120539136778.55055,193580,190459.0,196701.0,13835,13771.0,13899.0,463613.4705882353,463613.4705882353,463613.4705882353,15582.529411764706,15582.529411764706,15582.529411764706,88301,88301.0,88301.0
US-NY,2020-03-15,3,Lockdown-Restrict_Mass_Gatherings-Authorize_Schools_but_Restrict_Mass_Gatherings_and_Others,26455017422.86751,26433416212.94616,26476618632.788868,0,80620573146.23967,80203641417.49739,81037504874.98196,1720916328.591487,1720916328.591487,1720916328.591487,120498155304.03555,120484353418.46155,120511957189.60954,187716,184690.0,190742.0,13676,13613.0,13739.0,456498.8823529412,456498.8823529412,456498.8823529412,15299.117647058825,15299.117647058825,15299.117647058825,86695,86695.0,86695.0
US-NY,2020-03-15,3,Lockdown-Restrict_Mass_Gatherings-Restrict_Mass_Gatherings_and_Schools_and_Others,34712592437.99153,34692033454.32547,34733151421.65759,0,79110328346.1936,78701487139.48189,79519169552.90532,1674139735.4419155,1674139735.4419155,1674139735.4419155,120456672108.63055,120443536143.51054,120469808073.75055,178621,175741.0,181501.0,13419,13357.0,13481.0,444946.17647058825,444946.17647058825,444946.17647058825,14840.823529411766,14840.823529411766,14840.823529411766,84098,84098.0,84098.0
US-NY,2020-03-15,3,Lockdown-Restrict_Mass_Gatherings-Lockdown,39217745069.57048,39194402056.8663,39241088082.27465,0,82922337750.58614,82631680385.2067,83354729036.7336,1793578703.1850429,1793578703.1850429,1793578703.1850429,120566986849.04456,120552072055.31454,120581901642.77455,202807,199537.0,206077.0,14076,14011.0,14141.0,474395.5294117647,474395.5294117647,474395.5294117647,16013.470588235296,16013.470588235296,16013.470588235296,90743,90743.0,90743.0
US-NY,2020-03-15,3,Lockdown-Restrict_Mass_Gatherings_and_Schools-No_Measure,30086338294.01089,30073660254.083485,30099016333.938293,0,60500939858.13067,60332970766.93501,60810642870.09433,1096629368.9033403,1096629368.9033403,1096629368.9033403,120144387343.39755,120136286831.57355,120152487855.22156,110154,108378.0,111930.0,10269,10221.0,10317.0,295489.70588235295,295489.70588235295,295489.70588235295,9521.29411764706,9521.29411764706,9521.29411764706,53954,53954.0,53954.0
US-NY,2020-03-15,3,Lockdown-Restrict_Mass_Gatherings_and_Schools-Restrict_Mass_Gatherings,33087025166.364185,33073047912.885662,33101002419.84271,0,62121021045.89423,61802686396.908005,62439355694.88047,1145228589.4176767,1145228589.4176767,1145228589.4176767,120195941445.39455,120187010813.55255,120204872077.23656,121457,119499.0,123415.0,10539,10490.0,10588.0,307393.64705882355,307393.64705882355,307393.64705882355,10002.352941176472,10002.352941176472,10002.352941176472,56680,56680.0,56680.0
US-NY,2020-03-15,3,Lockdown-Restrict_Mass_Gatherings_and_Schools-Restrict_Mass_Gatherings_and_Schools,41960517362.371445,41947853599.51603,41973181125.22686,0,60481523295.99494,60313584266.743286,60791196246.014595,1096078594.1102571,1096078594.1102571,1096078594.1102571,120143862817.01254,120135771427.38655,120151954206.63855,110039,108265.0,111813.0,10266,10218.0,10314.0,295355.17647058825,295355.17647058825,295355.17647058825,9515.823529411766,9515.823529411766,9515.823529411766,53923,53923.0,53923.0
US-NY,2020-03-15,3,Lockdown-Restrict_Mass_Gatherings_and_Schools-Authorize_Schools_but_Restrict_Mass_Gatherings_and_Others,34847043920.14519,34834515789.47369,34859572050.816696,0,60269113528.31793,60107356087.65285,60572604889.75101,1089990599.5787764,1089990599.5787764,1089990599.5787764,120138448792.49956,120130444063.75455,120146453521.24455,108852,107097.0,110607.0,10233,10186.0,10280.0,293844.4705882353,293844.4705882353,293844.4705882353,9456.529411764706,9456.529411764706,9456.529411764706,53587,53587.0,53587.0
US-NY,2020-03-15,3,Lockdown-Restrict_Mass_Gatherings_and_Schools-Restrict_Mass_Gatherings_and_Schools_and_Others,43156680278.28191,43144359165.15427,43169001391.40956,0,60065377631.13882,59762322167.89374,60226699173.6159,1080262516.0730124,1080262516.0730124,1080262516.0730124,120130229692.10155,120122357235.22755,120138102148.97556,107050,105324.0,108776.0,10179,10132.0,10226.0,291434.4117647059,291434.4117647059,291434.4117647059,9361.588235294119,9361.588235294119,9361.588235294119,53049,53049.0,53049.0
US-NY,2020-03-15,3,Lockdown-Restrict_Mass_Gatherings_and_Schools-Lockdown,47521639201.451904,47508796975.19661,47534481427.7072,0,60740781555.11399,60430732830.794334,61050830279.43365,1103367233.3357966,1103367233.3357966,1103367233.3357966,120150969009.25455,120142763592.15355,120159174426.35555,111597,109798.0,113396.0,10306,10258.0,10354.0,297150.5294117647,297150.5294117647,297150.5294117647,9587.470588235296,9587.470588235296,9587.470588235296,54329,54329.0,54329.0
US-NY,2020-03-15,3,Lockdown-Authorize_Schools_but_Restrict_Mass_Gatherings_and_Others-No_Measure,22937636176.648518,22925664851.784634,22949607501.5124,0,58893878134.99477,58597455189.49626,59190301080.49327,1046020011.49128,1046020011.49128,1046020011.49128,120116464295.31955,120108815332.29655,120124113258.34254,104032,102355.0,105709.0,9988,9942.0,10034.0,282368.70588235295,282368.70588235295,282368.70588235295,9056.29411764706,9056.29411764706,9056.29411764706,51319,51319.0,51319.0
US-NY,2020-03-15,3,Lockdown-Authorize_Schools_but_Restrict_Mass_Gatherings_and_Others-Restrict_Mass_Gatherings,25906428070.175438,25893671506.35209,25919184633.99879,0,59786448926.5818,59482476574.04472,60090421279.11888,1074302582.3233817,1074302582.3233817,1074302582.3233817,120147639406.98454,120139488723.07155,120155790090.89755,110867,109080.0,112654.0,10146,10099.0,10193.0,289279.9411764706,289279.9411764706,289279.9411764706,9337.058823529413,9337.058823529413,9337.058823529413,52910,52910.0,52910.0
US-NY,2020-03-15,3,Lockdown-Authorize_Schools_but_Restrict_Mass_Gatherings_and_Others-Restrict_Mass_Gatherings_and_Schools,34812065093.768906,34800100907.44102,34824029280.096794,0,58880883656.99762,58584475742.47111,59177291571.524124,1045647398.7215489,1045647398.7215489,1045647398.7215489,120116099407.39955,120108455005.47556,120123743809.32355,103952,102276.0,105628.0,9986,9940.0,10032.0,282274.23529411765,282274.23529411765,282274.23529411765,9052.764705882353,9052.764705882353,9052.764705882353,51299,51299.0,51299.0
US-NY,2020-03-15,3,Lockdown-Authorize_Schools_but_Restrict_Mass_Gatherings_and_Others-Authorize_Schools_but_Restrict_Mass_Gatherings_and_Others,27702089534.18028,27690203871.748337,27713975196.61222,0,58764279067.37925,58468036493.54474,59060521641.213745,1042250721.7706178,1042250721.7706178,1042250721.7706178,120112920321.39655,120105326091.56155,120120514551.23155,103255,101590.0,104920.0,9968,9922.0,10014.0,281443.9411764706,281443.9411764706,281443.9411764706,9019.058823529413,9019.058823529413,9019.058823529413,51108,51108.0,51108.0
US-NY,2020-03-15,3,Lockdown-Authorize_Schools_but_Restrict_Mass_Gatherings_and_Others-Restrict_Mass_Gatherings_and_Schools_and_Others,36016373079.24985,36004623049.001816,36028123109.49788,0,58552410414.69423,58256453429.32772,58848367400.06074,1036332427.9855158,1036332427.9855158,1036332427.9855158,120107670496.44756,120100162927.49355,120115178065.40155,102104,100458.0,103750.0,9935,9889.0,9981.0,279976.64705882355,279976.64705882355,279976.64705882355,8961.35294117647,8961.35294117647,8961.35294117647,50781,50781.0,50781.0
US-NY,2020-03-15,3,Lockdown-Authorize_Schools_but_Restrict_Mass_Gatherings_and_Others-Lockdown,40370809800.362976,40358702843.315186,40382916757.41077,0,59093864601.61063,58797156067.64413,59390573135.57713,1051515336.8681643,1051515336.8681643,1051515336.8681643,120121686753.67455,120113951129.77055,120129422377.57855,105177,103481.0,106873.0,10019,9973.0,10065.0,283722.70588235295,283722.70588235295,283722.70588235295,9110.29411764706,9110.29411764706,9110.29411764706,51625,51625.0,51625.0
US-NY,2020-03-15,3,Lockdown-Restrict_Mass_Gatherings_and_Schools_and_Others-No_Measure,31212700604.96068,31201493103.448277,31223908106.47308,0,57172827211.36849,56883908579.99257,57461745842.74442,991469825.6355305,991469825.6355305,991469825.6355305,120086155792.46455,120078994867.03455,120093316717.89455,97387,95817.0,98957.0,9689,9644.0,9734.0,268239.5882352941,268239.5882352941,268239.5882352941,8554.411764705883,8554.411764705883,8554.411764705883,48475,48475.0,48475.0
US-NY,2020-03-15,3,Lockdown-Restrict_Mass_Gatherings_and_Schools_and_Others-Restrict_Mass_Gatherings,34165559286.1464,34153823532.970356,34177295039.322445,0,57748840867.75987,57458809944.45594,58038871791.063805,1011221978.717115,1011221978.717115,1011221978.717115,120107150531.16154,120099652084.40555,120114648977.91756,101990,100346.0,103634.0,9799,9754.0,9844.0,273073.8823529412,273073.8823529412,273073.8823529412,8750.117647058823,8750.117647058823,8750.117647058823,49584,49584.0,49584.0
US-NY,2020-03-15,3,Lockdown-Restrict_Mass_Gatherings_and_Schools_and_Others-Restrict_Mass_Gatherings_and_Schools,43087357955.23291,43076157592.2565,43098558318.20932,0,57166209724.59392,56877306124.18999,57455113324.99785,991233702.3352056,991233702.3352056,991233702.3352056,120085936859.71255,120078780495.38155,120093093224.04355,97339,95770.0,98908.0,9688,9643.0,9733.0,268180.8823529412,268180.8823529412,268180.8823529412,8552.117647058823,8552.117647058823,8552.117647058823,48462,48462.0,48462.0
US-NY,2020-03-15,3,Lockdown-Restrict_Mass_Gatherings_and_Schools_and_Others-Authorize_Schools_but_Restrict_Mass_Gatherings_and_Others,35979245553.53902,35968095160.31458,35990395946.76346,0,57088904219.379005,56800105835.779076,57377702602.978935,989033708.8013597,989033708.8013597,989033708.8013597,120083948220.54855,120076823783.91055,120091072657.18655,96903,95341.0,98465.0,9676,9631.0,9721.0,267640.5882352941,267640.5882352941,267640.5882352941,8530.411764705883,8530.411764705883,8530.411764705883,48339,48339.0,48339.0
US-NY,2020-03-15,3,Lockdown-Restrict_Mass_Gatherings_and_Schools_and_Others-Restrict_Mass_Gatherings_and_Schools_and_Others,44297198306.1101,44286119298.24561,44308277313.974594,0,56973201488.080635,56684553414.20071,57261849561.960556,985767088.2352941,985767088.2352941,985767088.2352941,120081042800.48555,120073963974.83755,120088121626.13354,96266,94714.0,97818.0,9658,9613.0,9703.0,266832.5294117647,266832.5294117647,266832.5294117647,8498.470588235296,8498.470588235296,8498.470588235296,48158,48158.0,48158.0
US-NY,2020-03-15,3,Lockdown-Restrict_Mass_Gatherings_and_Schools_and_Others-Lockdown,48642312099.213554,48631033212.341194,48653590986.08591,0,57282769221.29629,56993700280.20036,57430104241.624214,994562245.4552174,994562245.4552174,994562245.4552174,120089102262.41855,120081895725.99855,120096308798.83855,98033,96453.0,99613.0,9706,9661.0,9751.0,269002.23529411765,269002.23529411765,269002.23529411765,8584.764705882353,8584.764705882353,8584.764705882353,48647,48647.0,48647.0
US-NY,2020-03-15,3,Lockdown-Lockdown-No_Measure,35710693284.93648,35696815970.96189,35724570598.91107,0,63275096597.20831,62951076381.71151,63599116812.705124,1181440636.1217854,1181440636.1217854,1181440636.1217854,120191895750.58154,120183028974.12555,120200762527.03755,120570,118626.0,122514.0,10737,10687.0,10787.0,317434.29411764705,317434.29411764705,317434.29411764705,10302.705882352942,10302.705882352942,10302.705882352942,58382,58382.0,58382.0
US-NY,2020-03-15,3,Lockdown-Lockdown-Restrict_Mass_Gatherings,38738149667.27163,38722544827.586205,38753754506.95705,0,65429119939.57655,65095566228.73717,65620939729.64794,1244516518.9181201,1244516518.9181201,1244516518.9181201,120260553973.82855,120250583411.41455,120270524536.24255,135623,133437.0,137809.0,11088,11037.0,11139.0,332862.8823529412,332862.8823529412,332862.8823529412,10928.117647058823,10928.117647058823,10928.117647058823,61926,61926.0,61926.0
US-NY,2020-03-15,3,Lockdown-Lockdown-Restrict_Mass_Gatherings_and_Schools,47584522565.03327,47570666666.666664,47598378463.39988,0,63249047517.32601,62925072394.74521,63573022639.90682,1180663593.666864,1180663593.666864,1180663593.666864,120191147730.34555,120182294637.18655,120200000823.50455,120406,118465.0,122347.0,10733,10683.0,10783.0,317241.8823529412,317241.8823529412,317241.8823529412,10295.117647058823,10295.117647058823,10295.117647058823,58339,58339.0,58339.0
US-NY,2020-03-15,3,Lockdown-Lockdown-Authorize_Schools_but_Restrict_Mass_Gatherings_and_Others,40469271627.34422,40455579915.305504,40482963339.38294,0,63003415037.02812,62821519547.57131,63327044447.25293,1173723355.9340823,1173723355.9340823,1173723355.9340823,120184597992.18155,120175849804.29955,120193346180.06355,118970,117052.0,120888.0,10695,10645.0,10745.0,315537.35294117645,315537.35294117645,315537.35294117645,10226.64705882353,10226.64705882353,10226.64705882353,57951,57951.0,57951.0
US-NY,2020-03-15,3,Lockdown-Lockdown-Restrict_Mass_Gatherings_and_Schools_and_Others,48776766424.682396,48763317422.867516,48790215426.49728,0,62777481847.89328,62460259490.835045,62952970284.18351,1163348191.2503695,1163348191.2503695,1163348191.2503695,120175010562.08356,120166417451.56755,120183603672.59955,116868,114984.0,118752.0,10638,10589.0,10687.0,312985.5294117647,312985.5294117647,312985.5294117647,10124.470588235296,10124.470588235296,10124.470588235296,57372,57372.0,57372.0
US-NY,2020-03-15,3,Lockdown-Lockdown-Lockdown,53151776406.53358,53137642105.26316,53165910707.80399,0,63656825384.12031,63332264053.63151,63981386714.609116,1192076135.3827963,1192076135.3827963,1192076135.3827963,120202171906.62856,120193140930.60855,120211202882.64854,122823,120843.0,124803.0,10796,10746.0,10846.0,320048.4705882353,320048.4705882353,320048.4705882353,10407.529411764706,10407.529411764706,10407.529411764706,58976,58976.0,58976.0
ES,2020-03-15,3,actual,48567240905.5,48567240905.5,48567240905.5,0,4119659745536.16,,,730022203.7843137,,,18734816685.71273,,,236311,,,26847,,,795993.0588235294,,,26371.94117647059,,,149441,,
ES,2020-03-15,3,No_Measure-No_Measure-No_Measure,726234788.6548553,713390862.1639748,739078715.1457355,0,5360729314718.468,5280008216803.116,5441308678713.051,661018320.1568627,661018320.1568627,661018320.1568627,18861998095.31273,18854285615.31273,18869710575.31273,333604,327704.0,339504.0,34945,34419.0,35471.0,719048.4117647059,719048.4117647059,719048.4117647059,23914.58823529412,23914.58823529412,23914.58823529412,135516,135516.0,135516.0
ES,2020-03-15,3,No_Measure-No_Measure-Restrict_Mass_Gatherings,5535265252.903564,5512681711.646548,5557848794.16058,0,8031236535122.641,7910442057017.046,8152172747149.005,892665209.627451,892665209.627451,892665209.627451,19192697472.91273,19179136580.11273,19206258365.71273,586587,576213.0,596961.0,52354,51566.0,53142.0,939237.6470588235,939237.6470588235,939237.6470588235,32955.352941176476,32955.352941176476,32955.352941176476,186747,186747.0,186747.0
ES,2020-03-15,3,No_Measure-No_Measure-Restrict_Mass_Gatherings_and_Schools,18045244199.1217,18032467757.668312,18058020640.575085,0,5340931158166.782,5260517029370.693,5421345286962.872,659238773.1764706,659238773.1764706,659238773.1764706,18859722260.11273,18852050303.31273,18867394216.91273,331863,325994.0,337732.0,34816,34292.0,35340.0,717343.5882352941,717343.5882352941,717343.5882352941,23845.411764705885,23845.411764705885,23845.411764705885,135124,135124.0,135124.0
ES,2020-03-15,3,No_Measure-No_Measure-Authorize_Schools_but_Restrict_Mass_Gatherings_and_Others,7605329117.9628105,7593155687.973488,7617502547.952133,0,5160753409408.282,5083243726148.744,5238404826588.589,642855451.9215686,642855451.9215686,642855451.9215686,18839216213.71273,18831906351.31273,18846526076.11273,316176,310584.0,321768.0,33642,33136.0,34148.0,701640.2941176471,701640.2941176471,701640.2941176471,23208.705882352944,23208.705882352944,23208.705882352944,131516,131516.0,131516.0
ES,2020-03-15,3,No_Measure-No_Measure-Restrict_Mass_Gatherings_and_Schools_and_Others,19816889277.941196,19806574951.888012,19827203603.99438,0,4563124526053.06,4494374978036.049,4631874074070.071,585105453.9411765,585105453.9411765,585105453.9411765,18776150349.71273,18769956836.11273,18782343863.31273,267931,263193.0,272669.0,29746,29298.0,30194.0,645701.4705882353,645701.4705882353,645701.4705882353,20976.529411764706,20976.529411764706,20976.529411764706,118867,118867.0,118867.0
ES,2020-03-15,3,No_Measure-No_Measure-Lockdown,26069631077.520218,26057836434.51554,26081425720.524895,0,5045484281331.276,4969521212607.651,5121305616134.135,632214403.8235295,632214403.8235295,632214403.8235295,18826361208.91273,18819278799.31273,18833443618.51273,306342,300924.0,311760.0,32890,32395.0,33385.0,691420.4117647059,691420.4117647059,691420.4117647059,22795.58823529412,22795.58823529412,22795.58823529412,129175,129175.0,129175.0
ES,2020-03-15,3,No_Measure-Restrict_Mass_Gatherings-No_Measure,7194334830.160818,7142408359.213875,7246261301.107761,0,19658932419024.89,19363187456774.14,19954677381275.64,2324231666.6078434,2324231666.6078434,2324231666.6078434,20188930279.31273,20157749637.71273,20220110920.91273,1348699,1324846.0,1372552.0,128152,126224.0,130080.0,2408470.470588235,2408470.470588235,2408470.470588235,86574.52941176471,86574.52941176471,86574.52941176471,490589,490589.0,490589.0
ES,2020-03-15,3,No_Measure-Restrict_Mass_Gatherings-Restrict_Mass_Gatherings,14307742038.745623,14205317167.322586,14410166910.16866,0,34497862128834.598,33978935496290.785,35016788761378.41,3658814499.4705887,3658814499.4705887,3658814499.4705887,21903354452.11273,21841850692.11273,21964858212.11273,2660223,2613173.0,2707273.0,224883,221500.0,228266.0,3685237.2352941176,3685237.2352941176,3685237.2352941176,138490.76470588235,138490.76470588235,138490.76470588235,784781,784781.0,784781.0
ES,2020-03-15,3,No_Measure-Restrict_Mass_Gatherings-Restrict_Mass_Gatherings_and_Schools,24488085244.1745,24436672530.28719,24539497958.061806,0,19500845357655.51,19207402682099.96,19794288033211.06,2309442745.6078434,2309442745.6078434,2309442745.6078434,20171487002.51273,20140614860.11273,20202359144.912727,1335355,1311738.0,1358972.0,127121,125208.0,129034.0,2394211.470588235,2394211.470588235,2394211.470588235,86001.52941176471,86001.52941176471,86001.52941176471,487342,487342.0,487342.0
ES,2020-03-15,3,No_Measure-Restrict_Mass_Gatherings-Authorize_Schools_but_Restrict_Mass_Gatherings_and_Others,13886593567.760332,13838642183.21548,13934544952.305183,0,18479439851936.55,18201345841495.426,18757533862377.676,2219100218.470588,2219100218.470588,2219100218.470588,20053957957.71273,20025164263.31273,20082751652.11273,1245446,1223419.0,1267473.0,120463,118650.0,122276.0,2308234.2352941176,2308234.2352941176,2308234.2352941176,82477.76470588236,82477.76470588236,82477.76470588236,467374,467374.0,467374.0
ES,2020-03-15,3,No_Measure-Restrict_Mass_Gatherings-Restrict_Mass_Gatherings_and_Schools_and_Others,25457067640.908318,25422312846.598675,25491822435.217964,0,14243252280910.383,14028864095044.2,14457498732855.797,1814021198.0980392,1814021198.0980392,1814021198.0980392,19605934765.71273,19585065317.71273,19626804213.71273,902711,886746.0,918676.0,92848,91451.0,94245.0,1916695.8823529412,1916695.8823529412,1916695.8823529412,66803.11764705883,66803.11764705883,66803.11764705883,378551,378551.0,378551.0
ES,2020-03-15,3,No_Measure-Restrict_Mass_Gatherings-Lockdown,32210478756.722015,32165387866.992252,32255569646.451782,0,17586667918365.9,17322080287733.068,17851255548998.734,2135251345.4705882,2135251345.4705882,2135251345.4705882,19956785938.51273,19929709904.912727,19983861972.11273,1171110,1150397.0,1191823.0,114643,112918.0,116368.0,2227402.2352941176,2227402.2352941176,2227402.2352941176,79228.76470588236,79228.76470588236,79228.76470588236,448963,448963.0,448963.0
ES,2020-03-15,3,No_Measure-Restrict_Mass_Gatherings_and_Schools-No_Measure,18036103241.94624,18023487893.808163,18048718590.084316,0,5276939937382.185,5197446616596.983,5356433258167.386,651102836.8039216,651102836.8039216,651102836.8039216,18854233327.31273,18846658103.31273,18861808551.31273,327664,321869.0,333459.0,34399,33881.0,34917.0,708893.2352941176,708893.2352941176,708893.2352941176,23542.764705882353,23542.764705882353,23542.764705882353,133409,133409.0,133409.0
ES,2020-03-15,3,No_Measure-Restrict_Mass_Gatherings_and_Schools-Restrict_Mass_Gatherings,22802256761.082344,22780659372.147427,22823854150.017265,0,7729192705897.3955,7613002701835.311,7845524443880.248,863021009.4313726,863021009.4313726,863021009.4313726,19159186093.71273,19146217362.51273,19172154824.91273,560951,551030.0,570872.0,50385,49627.0,51143.0,910157.8823529412,910157.8823529412,910157.8823529412,31817.117647058825,31817.117647058825,31817.117647058825,180297,180297.0,180297.0
ES,2020-03-15,3,No_Measure-Restrict_Mass_Gatherings_and_Schools-Restrict_Mass_Gatherings_and_Schools,35354699034.441345,35342157702.15084,35367240366.73184,0,5254839734659.36,5175653398679.771,5334026070638.949,649051918.3137255,649051918.3137255,649051918.3137255,18851709124.11273,18844178344.91273,18859239903.31273,325733,319972.0,331494.0,34255,33739.0,34771.0,706921.8235294118,706921.8235294118,706921.8235294118,23463.176470588238,23463.176470588238,23463.176470588238,132958,132958.0,132958.0
ES,2020-03-15,3,No_Measure-Restrict_Mass_Gatherings_and_Schools-Authorize_Schools_but_Restrict_Mass_Gatherings_and_Others,24911002614.24607,24899133955.39382,24922871273.098324,0,5049943268240.284,4973980021738.004,5125764780821.799,629979581.117647,629979581.117647,629979581.117647,18828932471.31273,18821805616.91273,18836059325.71273,308309,302857.0,313761.0,32919,32424.0,33414.0,688546.0588235294,688546.0588235294,688546.0588235294,22723.94117647059,22723.94117647059,22723.94117647059,128769,128769.0,128769.0
ES,2020-03-15,3,No_Measure-Restrict_Mass_Gatherings_and_Schools-Restrict_Mass_Gatherings_and_Schools_and_Others,37131486037.73058,37121315389.49916,37141656685.962006,0,4504964892386.554,4437136110550.158,4572793674222.949,577582152.2352941,577582152.2352941,577582152.2352941,18771224820.11273,18765117581.71273,18777332058.51273,264163,259491.0,268835.0,29367,28925.0,29809.0,637829.1176470588,637829.1176470588,637829.1176470588,20697.88235294118,20697.88235294118,20697.88235294118,117288,117288.0,117288.0
ES,2020-03-15,3,No_Measure-Restrict_Mass_Gatherings_and_Schools-Lockdown,43372866404.70691,43361417894.63648,43384314914.77734,0,4918112374062.22,4843990978876.994,4992233769247.445,617459744.9411765,617459744.9411765,617459744.9411765,18814613402.51273,18807738837.71273,18821487967.31273,297355,292096.0,302614.0,32060,31577.0,32543.0,676442.4705882353,676442.4705882353,676442.4705882353,22239.529411764706,22239.529411764706,22239.529411764706,126024,126024.0,126024.0
ES,2020-03-15,3,No_Measure-Authorize_Schools_but_Restrict_Mass_Gatherings_and_Others-No_Measure,7505338061.76296,7494934481.305347,7515741642.220573,0,4460356266199.781,4393140538937.412,4527571993462.149,553884020.0196078,553884020.0196078,553884020.0196078,18779173903.31273,18772926794.51273,18785421012.11273,270244,265465.0,275023.0,29076,28638.0,29514.0,609098.1764705882,609098.1764705882,609098.1764705882,19901.823529411766,19901.823529411766,19901.823529411766,112777,112777.0,112777.0
ES,2020-03-15,3,No_Measure-Authorize_Schools_but_Restrict_Mass_Gatherings_and_Others-Restrict_Mass_Gatherings,12105683020.711878,12089229733.18339,12122136308.240364,0,6107574342179.389,6015787852376.995,6199502565902.55,696163936.0980393,696163936.0980393,696163936.0980393,18984562474.51273,18974682656.91273,18994442292.11273,427365,419807.0,434923.0,39814,39215.0,40413.0,744226.8823529412,744226.8823529412,744226.8823529412,25457.117647058825,25457.117647058825,25457.117647058825,144257,144257.0,144257.0
ES,2020-03-15,3,No_Measure-Authorize_Schools_but_Restrict_Mass_Gatherings_and_Others-Restrict_Mass_Gatherings_and_Schools,24825614449.385345,24815254407.6616,24835974491.109093,0,4447004100366.485,4380095284706.754,4513912916026.217,552670866.6078432,552670866.6078432,552670866.6078432,18777658858.51273,18771437893.71273,18783879823.31273,269085,264326.0,273844.0,28989,28553.0,29425.0,607942.4705882353,607942.4705882353,607942.4705882353,19854.529411764706,19854.529411764706,19854.529411764706,112509,112509.0,112509.0
ES,2020-03-15,3,No_Measure-Authorize_Schools_but_Restrict_Mass_Gatherings_and_Others-Authorize_Schools_but_Restrict_Mass_Gatherings_and_Others,14397779189.937965,14387810996.819025,14407747383.056904,0,4329904210170.112,4264825508260.533,4395124646000.4585,541984865.372549,541984865.372549,541984865.372549,18764406464.91273,18758420796.11273,18770392133.71273,258947,254368.0,263526.0,28226,27801.0,28651.0,597680.3529411765,597680.3529411765,597680.3529411765,19439.64705882353,19439.64705882353,19439.64705882353,110158,110158.0,110158.0
ES,2020-03-15,3,No_Measure-Authorize_Schools_but_Restrict_Mass_Gatherings_and_Others-Restrict_Mass_Gatherings_and_Schools_and_Others,26650167797.6005,26641333788.498802,26659001806.70219,0,3965393329632.8237,3905698144484.171,4024946780860.7085,506838237.0,506838237.0,506838237.0,18725857136.91273,18720552519.31273,18731161754.51273,229457,225399.0,233515.0,25849,25460.0,26238.0,563643.0,563643.0,563643.0,18081.0,18081.0,18081.0,102459,102459.0,102459.0
ES,2020-03-15,3,No_Measure-Authorize_Schools_but_Restrict_Mass_Gatherings_and_Others-Lockdown,32869868052.047554,32860139321.964886,32879596782.130222,0,4256379541119.657,4192233505049.901,4320525577189.4136,535146631.54901963,535146631.54901963,535146631.54901963,18756227314.51273,18750385437.71273,18762069191.31273,252690,248221.0,257159.0,27746,27328.0,28164.0,591117.9411764706,591117.9411764706,591117.9411764706,19174.058823529413,19174.058823529413,19174.058823529413,108653,108653.0,108653.0
ES,2020-03-15,3,No_Measure-Restrict_Mass_Gatherings_and_Schools_and_Others-No_Measure,19591626399.721397,19585295867.817078,19597956931.625713,0,2934158493224.768,2889963076039.055,2978353910410.4805,368242726.1960784,368242726.1960784,368242726.1960784,18640885215.31273,18637083877.71273,18644686552.91273,164454,161546.0,167362.0,19127,18839.0,19415.0,417243.76470588235,417243.76470588235,417243.76470588235,12976.235294117649,12976.235294117649,12976.235294117649,73532,73532.0,73532.0
ES,2020-03-15,3,No_Measure-Restrict_Mass_Gatherings_and_Schools_and_Others-Restrict_Mass_Gatherings,23890189155.678574,23883146765.47552,23897231545.881622,0,3129242729580.0923,3082130935825.918,3176354523334.2666,385262526.4509804,385262526.4509804,385262526.4509804,18665060572.11273,18660831780.11273,18669289364.11273,182948,179713.0,186183.0,20399,20092.0,20706.0,433448.0588235294,433448.0588235294,433448.0588235294,13639.94117647059,13639.94117647059,13639.94117647059,77293,77293.0,77293.0
ES,2020-03-15,3,No_Measure-Restrict_Mass_Gatherings_and_Schools_and_Others-Restrict_Mass_Gatherings_and_Schools,36914171155.37827,36907844977.34734,36920497333.4092,0,2932777249835.7324,2888581843107.5874,2976972656563.877,368130217.98039216,368130217.98039216,368130217.98039216,18640732272.91273,18636933549.71273,18644530996.11273,164337,161431.0,167243.0,19118,18830.0,19406.0,417120.82352941175,417120.82352941175,417120.82352941175,12972.176470588236,12972.176470588236,12972.176470588236,73509,73509.0,73509.0
ES,2020-03-15,3,No_Measure-Restrict_Mass_Gatherings_and_Schools_and_Others-Authorize_Schools_but_Restrict_Mass_Gatherings_and_Others,26506161258.397408,26499874265.226955,26512448251.56786,0,2920806384908.096,2876764475811.5425,2964848294004.6504,367002970.1960784,367002970.1960784,367002970.1960784,18639384549.71273,18635609356.11273,18643159743.31273,163306,160418.0,166194.0,19040,18753.0,19327.0,416046.76470588235,416046.76470588235,416046.76470588235,12928.235294117649,12928.235294117649,12928.235294117649,73260,73260.0,73260.0
ES,2020-03-15,3,No_Measure-Restrict_Mass_Gatherings_and_Schools_and_Others-Restrict_Mass_Gatherings_and_Schools_and_Others,38816944015.92288,38810759338.77702,38823128693.06875,0,2887810689572.0503,2844382640282.259,2931238738861.8423,363820666.5098039,363820666.5098039,363820666.5098039,18635899554.51273,18632185799.31273,18639613309.71273,160640,157799.0,163481.0,18825,18542.0,19108.0,412955.5882352941,412955.5882352941,412955.5882352941,12805.411764705883,12805.411764705883,12805.411764705883,72564,72564.0,72564.0
ES,2020-03-15,3,No_Measure-Restrict_Mass_Gatherings_and_Schools_and_Others-Lockdown,44990312526.72495,44984053833.731514,44996571219.71839,0,2912058640830.4717,2868170203221.588,2955947078439.355,366174619.74509805,366174619.74509805,366174619.74509805,18638448594.51273,18634690394.51273,18642206794.51273,162590,159715.0,165465.0,18983,18697.0,19269.0,415240.70588235295,415240.70588235295,415240.70588235295,12896.29411764706,12896.29411764706,12896.29411764706,73079,73079.0,73079.0
ES,2020-03-15,3,No_Measure-Lockdown-No_Measure,25941257120.712215,25931733022.678722,25950781218.74571,0,4137924222040.8555,4075619519638.5386,4200228924443.1724,515897240.5882353,515897240.5882353,515897240.5882353,18749275624.91273,18743556624.91273,18754994624.91273,247372,242997.0,251747.0,26974,26568.0,27380.0,570320.2941176471,570320.2941176471,570320.2941176471,18474.705882352944,18474.705882352944,18474.705882352944,104690,104690.0,104690.0
ES,2020-03-15,3,No_Measure-Lockdown-Restrict_Mass_Gatherings,30466208231.159664,30451968888.248337,30480447574.070995,0,5419849177872.381,5338346041146.382,5501494048519.146,626563532.4313726,626563532.4313726,626563532.4313726,18909391938.51273,18900841543.31273,18917942333.71273,369860,363319.0,376401.0,35331,34799.0,35863.0,675401.8823529412,675401.8823529412,675401.8823529412,22796.117647058825,22796.117647058825,22796.117647058825,129178,129178.0,129178.0
ES,2020-03-15,3,No_Measure-Lockdown-Restrict_Mass_Gatherings_and_Schools,43261992841.976906,43252505751.8672,43271479932.08661,0,4127027615696.642,4064876405697.132,4189178825696.1523,514899552.2156863,514899552.2156863,514899552.2156863,18748036399.31273,18742339621.71273,18753733176.91273,246424,242066.0,250782.0,26903,26498.0,27308.0,569357.9411764706,569357.9411764706,569357.9411764706,18436.058823529413,18436.058823529413,18436.058823529413,104471,104471.0,104471.0
ES,2020-03-15,3,No_Measure-Lockdown-Authorize_Schools_but_Restrict_Mass_Gatherings_and_Others,32837936744.62921,32828774018.08682,32847099471.171604,0,4029112241854.1187,3968495846078.2104,4089728637630.027,505833641.9803922,505833641.9803922,505833641.9803922,18737053304.91273,18731551300.11273,18742555309.71273,238022,233813.0,242231.0,26265,25870.0,26660.0,560646.8235294118,560646.8235294118,560646.8235294118,18084.176470588238,18084.176470588238,18084.176470588238,102477,102477.0,102477.0
ES,2020-03-15,3,No_Measure-Lockdown-Restrict_Mass_Gatherings_and_Schools_and_Others,45104063999.763596,45095793817.26548,45112334182.2617,0,3740887575964.236,3684568622367.169,3797206529561.303,477837810.78431374,477837810.78431374,477837810.78431374,18706753716.11273,18701787663.31273,18711719768.91273,214843,211044.0,218642.0,24386,24019.0,24753.0,533487.0588235294,533487.0588235294,533487.0588235294,17002.94117647059,17002.94117647059,17002.94117647059,96350,96350.0,96350.0
ES,2020-03-15,3,No_Measure-Lockdown-Lockdown,51312777254.71922,51303806098.60584,51321748410.832596,0,3969872378332.8623,3910165194178.1064,4029721296408.3853,500311643.7647059,500311643.7647059,500311643.7647059,18730526455.31273,18725139484.11273,18735913426.51273,233029,228908.0,237150.0,25879,25489.0,26269.0,555327.8823529412,555327.8823529412,555327.8823529412,17870.117647058825,17870.117647058825,17870.117647058825,101264,101264.0,101264.0
ES,2020-03-15,3,Restrict_Mass_Gatherings-No_Measure-No_Measure,8499099252.825404,8424095075.99205,8574103429.658758,0,30759226421601.133,30296369602832.99,31222083240369.277,3996548427.117647,3996548427.117647,3996548427.117647,20972411056.91273,20927372788.11273,21017449325.71273,1948057,1913603.0,1982511.0,200512,197495.0,203529.0,4288972.05882353,4288972.05882353,4288972.05882353,145801.9411764706,145801.9411764706,145801.9411764706,826211,826211.0,826211.0
ES,2020-03-15,3,Restrict_Mass_Gatherings-No_Measure-Restrict_Mass_Gatherings,14616205260.449316,14508324985.672695,14724085535.225937,0,40429854819712.93,39821492505071.09,41038075400434.0,4868433247.431373,4868433247.431373,4868433247.431373,22088579463.31273,22023799860.112732,22153359066.51273,2801919,2752363.0,2851475.0,263552,259587.0,267517.0,5123459.882352941,5123459.882352941,5123459.882352941,179711.11764705883,179711.11764705883,179711.11764705883,1018363,1018363.0,1018363.0
ES,2020-03-15,3,Restrict_Mass_Gatherings-No_Measure-Restrict_Mass_Gatherings_and_Schools,25804983911.967926,25730277975.461563,25879689848.47429,0,30666530071808.37,30205196334925.71,31128005542611.8,3987999717.3137255,3987999717.3137255,3987999717.3137255,20962254112.912727,20917394930.51273,21007113295.31273,1940287,1905970.0,1974604.0,199908,196900.0,202916.0,4280755.823529412,4280755.823529412,4280755.823529412,145470.17647058825,145470.17647058825,145470.17647058825,824331,824331.0,824331.0
ES,2020-03-15,3,Restrict_Mass_Gatherings-No_Measure-Authorize_Schools_but_Restrict_Mass_Gatherings_and_Others,15229445674.81211,15157743910.942598,15301147438.681625,0,29727411186876.797,29280197788956.09,30174766318718.273,3899184001.411765,3899184001.411765,3899184001.411765,20860309506.51273,20817254260.11273,20903364752.91273,1862300,1829363.0,1895237.0,193786,190870.0,196702.0,4195011.705882353,4195011.705882353,4195011.705882353,142031.29411764708,142031.29411764708,142031.29411764708,804844,804844.0,804844.0
ES,2020-03-15,3,Restrict_Mass_Gatherings-No_Measure-Restrict_Mass_Gatherings_and_Schools_and_Others,26994694627.78926,26932743363.369347,27056645892.20917,0,26501888590647.48,26103185792302.258,26900591388992.7,3579569409.1372547,3579569409.1372547,3579569409.1372547,20529244112.912727,20492043815.31273,20566444410.51273,1609037,1580579.0,1637495.0,172759,170160.0,175358.0,3883863.2352941176,3883863.2352941176,3883863.2352941176,129709.76470588236,129709.76470588236,129709.76470588236,735022,735022.0,735022.0
ES,2020-03-15,3,Restrict_Mass_Gatherings-No_Measure-Lockdown,33602466501.87984,33532756635.084763,33672176368.67492,0,29092180037399.637,28654494111244.67,29529865963554.6,3838104496.4509807,3838104496.4509807,3838104496.4509807,20792642298.51273,20750783140.11273,20834501456.91273,1810535,1778513.0,1842557.0,189645,186792.0,192498.0,4135871.0588235296,4135871.0588235296,4135871.0588235296,139669.9411764706,139669.9411764706,139669.9411764706,791463,791463.0,791463.0
ES,2020-03-15,3,Restrict_Mass_Gatherings-Restrict_Mass_Gatherings-No_Measure,19025668902.590298,18839799870.773712,19211537934.406883,0,74609652704053.42,73487177958886.0,75732127449220.84,9579606563.411766,9579606563.411766,9579606563.411766,24736360122.51273,24624750079.31273,24847970165.71273,4827455,4742074.0,4912836.0,486362,479045.0,493679.0,10088160.705882354,10088160.705882354,10088160.705882354,353477.2941176471,353477.2941176471,353477.2941176471,2003038,2003038.0,2003038.0
ES,2020-03-15,3,Restrict_Mass_Gatherings-Restrict_Mass_Gatherings-Restrict_Mass_Gatherings,25769889417.34656,25540052795.133987,25999726039.559128,0,89156465778245.89,87815120347514.83,90497811208976.97,11010438696.803923,11010438696.803923,11010438696.803923,26229096247.31273,26091084685.71273,26367107808.912727,5969389,5863811.0,6074967.0,581189,572445.0,589933.0,11478917.235294119,11478917.235294119,11478917.235294119,408682.7647058824,408682.7647058824,408682.7647058824,2315869,2315869.0,2315869.0
ES,2020-03-15,3,Restrict_Mass_Gatherings-Restrict_Mass_Gatherings-Restrict_Mass_Gatherings_and_Schools,36310607076.86922,36125408541.55419,36495805612.18425,0,74384200334149.3,73265102076743.89,75503156857633.94,9556938043.705883,9556938043.705883,9556938043.705883,24713625300.112732,24602417874.51273,24824832725.71273,4810063,4724990.0,4895136.0,484892,477597.0,492187.0,10066032.352941176,10066032.352941176,10066032.352941176,352604.64705882355,352604.64705882355,352604.64705882355,1998093,1998093.0,1998093.0
ES,2020-03-15,3,Restrict_Mass_Gatherings-Restrict_Mass_Gatherings-Authorize_Schools_but_Restrict_Mass_Gatherings_and_Others,25731433355.43548,25549299946.98471,25913566763.88624,0,73477912738625.58,72372616489968.39,74583350721203.52,9482399655.549019,9482399655.549019,9482399655.549019,24609497669.71273,24500130781.71273,24718864557.71273,4730406,4646741.0,4814071.0,478985,471779.0,486191.0,9996600.94117647,9996600.94117647,9996600.94117647,349666.05882352946,349666.05882352946,349666.05882352946,1981441,1981441.0,1981441.0
ES,2020-03-15,3,Restrict_Mass_Gatherings-Restrict_Mass_Gatherings-Restrict_Mass_Gatherings_and_Schools_and_Others,36653093216.4916,36495633208.52349,36810553224.45972,0,65032947058145.26,64054586447765.46,66011307668525.055,8623426100.509804,8623426100.509804,8623426100.509804,23771876589.71273,23677325506.51273,23866427672.912727,4089631,4017300.0,4161962.0,423934,417556.0,430312.0,9156728.588235294,9156728.588235294,9156728.588235294,316627.4117647059,316627.4117647059,316627.4117647059,1794222,1794222.0,1794222.0
ES,2020-03-15,3,Restrict_Mass_Gatherings-Restrict_Mass_Gatherings-Lockdown,43953705670.36075,43776233083.37049,44131178257.35101,0,71898239275588.45,70816590032426.25,72979888518750.67,9322306467.176472,9322306467.176472,9322306467.176472,24451309476.112732,24344741303.31273,24557877648.912727,4609393,4527869.0,4690917.0,468687,461636.0,475738.0,9840115.588235294,9840115.588235294,9840115.588235294,343507.4117647059,343507.4117647059,343507.4117647059,1946542,1946542.0,1946542.0
ES,2020-03-15,3,Restrict_Mass_Gatherings-Restrict_Mass_Gatherings_and_Schools-No_Measure,25747632514.781105,25673941030.773853,25821323998.788357,0,30255259233778.5,29800217477561.805,30710442723915.957,3933984398.1764708,3933984398.1764708,3933984398.1764708,20927815928.91273,20883565901.71273,20972065956.11273,1913942,1880091.0,1947793.0,197227,194260.0,200194.0,4224193.588235294,4224193.588235294,4224193.588235294,143470.4117647059,143470.4117647059,143470.4117647059,812999,812999.0,812999.0
ES,2020-03-15,3,Restrict_Mass_Gatherings-Restrict_Mass_Gatherings_and_Schools-Restrict_Mass_Gatherings,31850904089.71865,31744582501.614483,31957225677.822823,0,39849919663796.055,39250446827152.61,40449392500439.5,4799494341.607843,4799494341.607843,4799494341.607843,22035677079.31273,21971833431.31273,22099520727.31273,2761449,2712609.0,2810289.0,259772,255864.0,263680.0,5052682.470588235,5052682.470588235,5052682.470588235,177129.52941176473,177129.52941176473,177129.52941176473,1003734,1003734.0,1003734.0
ES,2020-03-15,3,Restrict_Mass_Gatherings-Restrict_Mass_Gatherings_and_Schools-Restrict_Mass_Gatherings_and_Schools,43054274747.89292,42980870619.52919,43127678876.256645,0,30166848332387.26,29712892760557.113,30620662170296.633,3925896868.3529415,3925896868.3529415,3925896868.3529415,20918113890.51273,20874036413.71273,20962191367.31273,1906520,1872801.0,1940239.0,196650,193691.0,199609.0,4216407.176470588,4216407.176470588,4216407.176470588,143156.82352941178,143156.82352941178,143156.82352941178,811222,811222.0,811222.0
ES,2020-03-15,3,Restrict_Mass_Gatherings-Restrict_Mass_Gatherings_and_Schools-Authorize_Schools_but_Restrict_Mass_Gatherings_and_Others,32483462640.298412,32412975607.103798,32553949673.493023,0,29253831066029.82,28813830550904.082,29693973315076.33,3839637873.509804,3839637873.509804,3839637873.509804,20819007215.31273,20776681386.51273,20861333044.11273,1830704,1798325.0,1863083.0,190699,187830.0,193568.0,4133156.588235294,4133156.588235294,4133156.588235294,139816.4117647059,139816.4117647059,139816.4117647059,792293,792293.0,792293.0
ES,2020-03-15,3,Restrict_Mass_Gatherings-Restrict_Mass_Gatherings_and_Schools-Restrict_Mass_Gatherings_and_Schools_and_Others,44294555703.10123,44233009348.90628,44356102057.296165,0,26323732015801.8,25927638049739.54,26719825981864.062,3552822703.7058825,3552822703.7058825,3552822703.7058825,20515470146.51273,20478512988.11273,20552427304.912727,1598500,1570228.0,1626772.0,171598,169016.0,174180.0,3854646.3529411764,3854646.3529411764,3854646.3529411764,128744.64705882354,128744.64705882354,128744.64705882354,729553,729553.0,729553.0
ES,2020-03-15,3,Restrict_Mass_Gatherings-Restrict_Mass_Gatherings_and_Schools-Lockdown,50858769250.89418,50790234929.91352,50927303571.87484,0,28631031091367.625,28200251146862.56,29061811035872.695,3779722454.1960783,3779722454.1960783,3779722454.1960783,20752712567.31273,20711559296.91273,20793865837.71273,1779989,1748507.0,1811471.0,186639,183831.0,189447.0,4075134.7647058824,4075134.7647058824,4075134.7647058824,137500.23529411765,137500.23529411765,137500.23529411765,779168,779168.0,779168.0
ES,2020-03-15,3,Restrict_Mass_Gatherings-Authorize_Schools_but_Restrict_Mass_Gatherings_and_Others-No_Measure,14716263326.463947,14653637211.669092,14778889441.258802,0,26015856170923.633,25624361716788.867,26407350625058.4,3410129053.745098,3410129053.745098,3410129053.745098,20552155407.31273,20514549877.71273,20589760936.91273,1626564,1597796.0,1655332.0,169591,167039.0,172143.0,3682276.705882353,3682276.705882353,3682276.705882353,123938.29411764706,123938.29411764706,123938.29411764706,702317,702317.0,702317.0
ES,2020-03-15,3,Restrict_Mass_Gatherings-Authorize_Schools_but_Restrict_Mass_Gatherings_and_Others-Restrict_Mass_Gatherings,20535296631.22162,20445066959.15484,20625526303.2884,0,34049048194976.914,33536758874753.36,34561195781279.7,4132281323.117647,4132281323.117647,4132281323.117647,21489338068.112732,21435157242.51273,21543518893.71273,2343503,2302055.0,2384951.0,221957,218618.0,225296.0,4373173.05882353,4373173.05882353,4373173.05882353,152029.9411764706,152029.9411764706,152029.9411764706,861503,861503.0,861503.0
ES,2020-03-15,3,Restrict_Mass_Gatherings-Authorize_Schools_but_Restrict_Mass_Gatherings_and_Others-Restrict_Mass_Gatherings_and_Schools,32026031640.66744,31963636281.16208,32088427000.172794,0,25945105851708.965,25554685776419.656,26335525926998.277,3403598778.54902,3403598778.54902,3403598778.54902,20544330508.11273,20506863541.71273,20581797474.51273,1620578,1591916.0,1649240.0,169130,166585.0,171675.0,3675990.9411764704,3675990.9411764704,3675990.9411764704,123685.05882352941,123685.05882352941,123685.05882352941,700882,700882.0,700882.0
ES,2020-03-15,3,Restrict_Mass_Gatherings-Authorize_Schools_but_Restrict_Mass_Gatherings_and_Others-Authorize_Schools_but_Restrict_Mass_Gatherings_and_Others,21503297179.946,21442969910.29934,21563624449.592655,0,25307256562713.324,24926505876117.965,25688007249308.684,3344359593.8431373,3344359593.8431373,3344359593.8431373,20474093344.912727,20437868218.51273,20510318471.31273,1566847,1539135.0,1594559.0,164972,162490.0,167454.0,3618990.588235294,3618990.588235294,3618990.588235294,121387.41176470589,121387.41176470589,121387.41176470589,687862,687862.0,687862.0
ES,2020-03-15,3,Restrict_Mass_Gatherings-Authorize_Schools_but_Restrict_Mass_Gatherings_and_Others-Restrict_Mass_Gatherings_and_Schools_and_Others,33444507925.848206,33390820313.116325,33498195538.580086,0,23140215650334.855,22791860722467.395,23488428844281.55,3133078835.784314,3133078835.784314,3133078835.784314,20248688927.31273,20216450760.91273,20280927093.71273,1394414,1369752.0,1419076.0,150845,148575.0,153115.0,3413997.0588235296,3413997.0588235296,3413997.0588235296,113227.9411764706,113227.9411764706,113227.9411764706,641625,641625.0,641625.0
ES,2020-03-15,3,Restrict_Mass_Gatherings-Authorize_Schools_but_Restrict_Mass_Gatherings_and_Others-Lockdown,39918807457.39491,39859723218.60017,39977891696.18965,0,24922340268718.605,24547421901271.098,25297258636166.11,3308566068.8039217,3308566068.8039217,3308566068.8039217,20431940066.51273,20396461351.31273,20467418781.71273,1534600,1507459.0,1561741.0,162463,160019.0,164907.0,3584567.2352941176,3584567.2352941176,3584567.2352941176,119998.76470588236,119998.76470588236,119998.76470588236,679993,679993.0,679993.0
ES,2020-03-15,3,Restrict_Mass_Gatherings-Restrict_Mass_Gatherings_and_Schools_and_Others-No_Measure,25392656438.024902,25359040181.60589,25426272694.443913,0,14832155393814.555,14608872538820.646,15055296514887.697,2008883206.9803922,2008883206.9803922,2008883206.9803922,19567257332.11273,19547071549.71273,19587443114.51273,873123,857681.0,888565.0,96687,95232.0,98142.0,2223240.8235294116,2223240.8235294116,2223240.8235294116,71889.17647058824,71889.17647058824,71889.17647058824,407372,407372.0,407372.0
ES,2020-03-15,3,Restrict_Mass_Gatherings-Restrict_Mass_Gatherings_and_Schools_and_Others-Restrict_Mass_Gatherings,29898520167.544888,29860526091.43551,29936514243.654266,0,16048212726792.934,15806664338610.443,16289619381054.654,2115307764.509804,2115307764.509804,2115307764.509804,19715912116.11273,19693097554.51273,19738726677.71273,986843,969390.0,1004296.0,104614,103040.0,106188.0,2324561.588235294,2324561.588235294,2324561.588235294,76039.41176470589,76039.41176470589,76039.41176470589,430890,430890.0,430890.0
ES,2020-03-15,3,Restrict_Mass_Gatherings-Restrict_Mass_Gatherings_and_Schools_and_Others-Restrict_Mass_Gatherings_and_Schools,42713496652.25087,42679915226.81895,42747078077.682785,0,14821565845478.932,14598436477659.043,15044553479378.053,2007911995.8235297,2007911995.8235297,2007911995.8235297,19566080852.11273,19545915984.91273,19586245719.31273,872223,856797.0,887649.0,96618,95164.0,98072.0,2222302.411764706,2222302.411764706,2222302.411764706,71851.58823529413,71851.58823529413,71851.58823529413,407159,407159.0,407159.0
ES,2020-03-15,3,Restrict_Mass_Gatherings-Restrict_Mass_Gatherings_and_Schools_and_Others-Authorize_Schools_but_Restrict_Mass_Gatherings_and_Others,32290165474.82207,32256893174.400608,32323437775.24353,0,14726260072550.617,14504807216273.611,14947854662748.39,1998991647.5882354,1998991647.5882354,1998991647.5882354,19555533055.31273,19535553810.51273,19575512300.11273,864154,848870.0,879438.0,95997,94553.0,97441.0,2213714.294117647,2213714.294117647,2213714.294117647,71505.70588235295,71505.70588235295,71505.70588235295,405199,405199.0,405199.0
ES,2020-03-15,3,Restrict_Mass_Gatherings-Restrict_Mass_Gatherings_and_Schools_and_Others-Restrict_Mass_Gatherings_and_Schools_and_Others,44557328951.8225,44524931779.951775,44589726123.69323,0,14441566176371.926,14224257316930.012,14658875035813.842,1971192919.4901962,1971192919.4901962,1971192919.4901962,19525855693.71273,19506401943.31273,19545309444.11273,841451,826569.0,856333.0,94141,92724.0,95558.0,2186721.411764706,2186721.411764706,2186721.411764706,70432.58823529413,70432.58823529413,70432.58823529413,399118,399118.0,399118.0
ES,2020-03-15,3,Restrict_Mass_Gatherings-Restrict_Mass_Gatherings_and_Schools_and_Others-Lockdown,50764942853.74797,50731864300.692215,50798021406.80372,0,14665639425773.316,14445107455938.959,14886313129528.443,1993246638.9607844,1993246638.9607844,1993246638.9607844,19548968296.91273,19529105392.91273,19568831200.91273,859132,843937.0,874327.0,95602,94164.0,97040.0,2208163.6470588236,2208163.6470588236,2208163.6470588236,71283.35294117648,71283.35294117648,71283.35294117648,403939,403939.0,403939.0
ES,2020-03-15,3,Restrict_Mass_Gatherings-Lockdown-No_Measure,32804841251.302624,32749240111.217274,32860442391.387978,0,23325196810575.36,22974217757284.918,23676175863865.8,3077236136.9607844,3077236136.9607844,3077236136.9607844,20313686832.91273,20280299637.71273,20347074028.11273,1444137,1418596.0,1469678.0,152051,149763.0,154339.0,3337372.6470588236,3337372.6470588236,3337372.6470588236,111537.35294117648,111537.35294117648,111537.35294117648,632045,632045.0,632045.0
ES,2020-03-15,3,Restrict_Mass_Gatherings-Lockdown-Restrict_Mass_Gatherings,38320261549.30943,38242425177.838005,38398097920.78086,0,29717422542097.55,29270347812977.008,30164639005138.86,3647351973.019608,3647351973.019608,3647351973.019608,21068556924.11273,21021817988.11273,21115295860.11273,2021608,1985853.0,2057363.0,193721,190806.0,196636.0,3882041.1764705884,3882041.1764705884,3882041.1764705884,133730.82352941178,133730.82352941178,133730.82352941178,757808,757808.0,757808.0
ES,2020-03-15,3,Restrict_Mass_Gatherings-Lockdown-Restrict_Mass_Gatherings_and_Schools,50117419990.77726,50061999536.437454,50172840445.11706,0,23270253803609.137,22920195605388.637,23620312001829.637,3072172503.4509807,3072172503.4509807,3072172503.4509807,20307549528.91273,20274270831.31273,20340828226.51273,1439442,1413984.0,1464900.0,151693,149411.0,153975.0,3332501.0588235296,3332501.0588235296,3332501.0588235296,111340.9411764706,111340.9411764706,111340.9411764706,630932,630932.0,630932.0
ES,2020-03-15,3,Restrict_Mass_Gatherings-Lockdown-Authorize_Schools_but_Restrict_Mass_Gatherings_and_Others,39619589685.82796,39565797580.134796,39673381791.52112,0,22771152777679.832,22428615262750.215,23113832026530.215,3025862782.411765,3025862782.411765,3025862782.411765,20252266733.71273,20219965821.71273,20284567645.71273,1397151,1372441.0,1421861.0,148440,146207.0,150673.0,3287964.705882353,3287964.705882353,3287964.705882353,109544.29411764706,109544.29411764706,109544.29411764706,620751,620751.0,620751.0
ES,2020-03-15,3,Restrict_Mass_Gatherings-Lockdown-Restrict_Mass_Gatherings_and_Schools_and_Others,51663538782.03705,51614568591.119705,51712508972.9544,0,21216768797525.504,20897560198401.2,21535977396649.81,2876651706.372549,2876651706.372549,2876651706.372549,20088554312.912727,20059148848.91273,20117959776.912727,1271912,1249417.0,1294407.0,138307,136226.0,140388.0,3143639.3529411764,3143639.3529411764,3143639.3529411764,103772.64705882354,103772.64705882354,103772.64705882354,588045,588045.0,588045.0
ES,2020-03-15,3,Restrict_Mass_Gatherings-Lockdown-Lockdown,58048148521.81693,57995366514.7495,58100930528.88438,0,22456680037703.09,22118747054333.61,22794754754993.336,2996508076.1960783,2996508076.1960783,2996508076.1960783,20217948812.11273,20186254440.912727,20249643183.31273,1370898,1346652.0,1395144.0,146390,144187.0,148593.0,3259695.7647058824,3259695.7647058824,3259695.7647058824,108406.23529411765,108406.23529411765,108406.23529411765,614302,614302.0,614302.0
ES,2020-03-15,3,Restrict_Mass_Gatherings_and_Schools-No_Measure-No_Measure,18026463766.267998,18014020396.1287,18038907136.4073,0,5200828641641.24,5122562962037.804,5279094321244.678,640610075.137255,640610075.137255,640610075.137255,18848445045.71273,18840973090.51273,18855917000.91273,323236,317520.0,328952.0,33903,33393.0,34413.0,697257.2352941176,697257.2352941176,697257.2352941176,23167.764705882353,23167.764705882353,23167.764705882353,131284,131284.0,131284.0
ES,2020-03-15,3,Restrict_Mass_Gatherings_and_Schools-No_Measure-Restrict_Mass_Gatherings,22795871805.760693,22774387617.53383,22817355993.987556,0,7671651052319.443,7556228337721.52,7787215500838.136,854105984.3333334,854105984.3333334,854105984.3333334,19155352076.11273,19142451319.31273,19168252832.91273,558018,548149.0,567887.0,50010,49257.0,50763.0,900055.0,900055.0,900055.0,31503.000000000004,31503.000000000004,31503.000000000004,178517,178517.0,178517.0
ES,2020-03-15,3,Restrict_Mass_Gatherings_and_Schools-No_Measure-Restrict_Mass_Gatherings_and_Schools,35344904996.25787,35332537818.90284,35357272173.61291,0,5177654243080.402,5099695553511.362,5255612932649.44,638447366.4901961,638447366.4901961,638447366.4901961,18845828031.31273,18838401828.11273,18853254234.51273,321234,315553.0,326915.0,33752,33244.0,34260.0,695190.4117647059,695190.4117647059,695190.4117647059,23083.58823529412,23083.58823529412,23083.58823529412,130807,130807.0,130807.0
ES,2020-03-15,3,Restrict_Mass_Gatherings_and_Schools-No_Measure-Authorize_Schools_but_Restrict_Mass_Gatherings_and_Others,24901445862.162178,24889744827.435318,24913146896.88904,0,4974752592274.004,4899863572982.44,5049641611565.567,619547786.5686275,619547786.5686275,619547786.5686275,18823193863.31273,18816167663.31273,18830220063.31273,303919,298544.0,309294.0,32429,31941.0,32917.0,676989.1176470588,676989.1176470588,676989.1176470588,22350.88235294118,22350.88235294118,22350.88235294118,126655,126655.0,126655.0
ES,2020-03-15,3,Restrict_Mass_Gatherings_and_Schools-No_Measure-Restrict_Mass_Gatherings_and_Schools_and_Others,37121687645.67372,37111691152.37777,37131684138.96967,0,4428239600890.463,4361626795871.906,4494994139829.788,566983014.3921568,566983014.3921568,566983014.3921568,18765341112.91273,18759338450.51273,18771343775.31273,259662,255070.0,264254.0,28867,28432.0,29302.0,626104.5294117647,626104.5294117647,626104.5294117647,20318.470588235294,20318.470588235294,20318.470588235294,115138,115138.0,115138.0
ES,2020-03-15,3,Restrict_Mass_Gatherings_and_Schools-No_Measure-Lockdown,43366026469.61634,43354699868.00074,43377353071.23194,0,4860109417127.976,4786908735835.524,4933310098420.427,608890257.1764706,608890257.1764706,608890257.1764706,18810506180.11273,18803704818.51273,18817307541.71273,294213,289010.0,299416.0,31682,31205.0,32159.0,666739.5882352941,666739.5882352941,666739.5882352941,21937.411764705885,21937.411764705885,21937.411764705885,124312,124312.0,124312.0
ES,2020-03-15,3,Restrict_Mass_Gatherings_and_Schools-Restrict_Mass_Gatherings-No_Measure,24504915141.75094,24453204187.536636,24556626095.965237,0,19538634715293.062,19244731112853.67,19832680051653.223,2303492257.2352943,2303492257.2352943,2303492257.2352943,20181592965.71273,20150541736.91273,20212644194.51273,1343086,1319332.0,1366840.0,127368,125452.0,129284.0,2385011.117647059,2385011.117647059,2385011.117647059,85842.88235294117,85842.88235294117,85842.88235294117,486443,486443.0,486443.0
ES,2020-03-15,3,Restrict_Mass_Gatherings_and_Schools-Restrict_Mass_Gatherings-Restrict_Mass_Gatherings,31520079374.300667,31419609392.028275,31620549356.57306,0,33780872255719.367,33272546830646.324,34289055946871.65,3576865683.9607844,3576865683.9607844,3576865683.9607844,21837024509.71273,21776694615.31273,21897354404.112732,2609481,2563329.0,2655633.0,220209,216896.0,223522.0,3601759.6470588236,3601759.6470588236,3601759.6470588236,135408.35294117648,135408.35294117648,135408.35294117648,767314,767314.0,767314.0
ES,2020-03-15,3,Restrict_Mass_Gatherings_and_Schools-Restrict_Mass_Gatherings-Restrict_Mass_Gatherings_and_Schools,41798426092.72835,41747233249.44707,41849618936.00963,0,19379473254163.094,19087871948876.473,19671074559449.715,2288600607.372549,2288600607.372549,2288600607.372549,20164005896.912727,20133265781.71273,20194746012.11273,1329632,1306116.0,1353148.0,126330,124429.0,128231.0,2370665.3529411764,2370665.3529411764,2370665.3529411764,85265.64705882354,85265.64705882354,85265.64705882354,483172,483172.0,483172.0
ES,2020-03-15,3,Restrict_Mass_Gatherings_and_Schools-Restrict_Mass_Gatherings-Authorize_Schools_but_Restrict_Mass_Gatherings_and_Others,31139051846.574177,31092343492.88124,31185760200.267117,0,17997572197552.387,17726844541393.9,18268299853710.87,2159717558.5882354,2159717558.5882354,2159717558.5882354,20011719711.31273,19983672428.11273,20039766994.51273,1213134,1191678.0,1234590.0,117322,115557.0,119087.0,2246561.294117647,2246561.294117647,2246561.294117647,80268.70588235295,80268.70588235295,80268.70588235295,454856,454856.0,454856.0
ES,2020-03-15,3,Restrict_Mass_Gatherings_and_Schools-Restrict_Mass_Gatherings-Restrict_Mass_Gatherings_and_Schools_and_Others,42710884328.21883,42677348618.457466,42744420037.98019,0,13756018766315.682,13548996877215.514,13962898921495.084,1752312908.7254903,1752312908.7254903,1752312908.7254903,19564512212.11273,19544374796.11273,19584649628.11273,871023,855618.0,886428.0,89672,88323.0,91021.0,1852418.5294117648,1852418.5294117648,1852418.5294117648,64511.4705882353,64511.4705882353,64511.4705882353,365565,365565.0,365565.0
ES,2020-03-15,3,Restrict_Mass_Gatherings_and_Schools-Restrict_Mass_Gatherings-Lockdown,49450543734.94051,49406917923.605385,49494169546.275635,0,17024540458965.107,16768393540545.232,17280687377384.984,2066895018.2549021,2066895018.2549021,2066895018.2549021,19907105802.51273,19880909514.51273,19933302090.51273,1133105,1113065.0,1153145.0,110979,109309.0,112649.0,2156803.294117647,2156803.294117647,2156803.294117647,76677.70588235295,76677.70588235295,76677.70588235295,434507,434507.0,434507.0
ES,2020-03-15,3,Restrict_Mass_Gatherings_and_Schools-Restrict_Mass_Gatherings_and_Schools-No_Measure,35336134118.32029,35323921503.47048,35348346733.17009,0,5115964963891.263,5039068800567.527,5193002861135.768,630596934.9607843,630596934.9607843,630596934.9607843,18840561322.51273,18833227930.51273,18847894714.51273,317205,311595.0,322815.0,33350,32848.0,33852.0,687046.6470588235,687046.6470588235,687046.6470588235,22791.352941176472,22791.352941176472,22791.352941176472,129151,129151.0,129151.0
ES,2020-03-15,3,Restrict_Mass_Gatherings_and_Schools-Restrict_Mass_Gatherings_and_Schools-Restrict_Mass_Gatherings,40112726048.9011,40091346353.63551,40134105744.16668,0,7628825522657.096,7514028342687.429,7743480968705.994,848636496.137255,848636496.137255,848636496.137255,19151782112.91273,19138944101.71273,19164620124.11273,555287,545466.0,565108.0,49730,48982.0,50478.0,894315.2352941176,894315.2352941176,894315.2352941176,31300.764705882353,31300.764705882353,31300.764705882353,177371,177371.0,177371.0
ES,2020-03-15,3,Restrict_Mass_Gatherings_and_Schools-Restrict_Mass_Gatherings_and_Schools-Restrict_Mass_Gatherings_and_Schools,52655404761.190346,52643255277.50465,52667554244.87604,0,5097548066414.965,5020958861752.923,5174279004997.775,628936951.4705882,628936951.4705882,628936951.4705882,18838442351.31273,18831146868.11273,18845737834.51273,315584,310003.0,321165.0,33230,32730.0,33730.0,685459.2352941176,685459.2352941176,685459.2352941176,22726.764705882353,22726.764705882353,22726.764705882353,128785,128785.0,128785.0
ES,2020-03-15,3,Restrict_Mass_Gatherings_and_Schools-Restrict_Mass_Gatherings_and_Schools-Authorize_Schools_but_Restrict_Mass_Gatherings_and_Others,42217860364.09053,42206272530.071724,42229448198.10934,0,4929790026801.299,4855514893460.417,5004065160142.179,613687819.2941177,613687819.2941177,613687819.2941177,18819359845.71273,18812401620.11273,18826318071.31273,300986,295663.0,306309.0,32136,31652.0,32620.0,670832.6470588235,670832.6470588235,670832.6470588235,22134.352941176472,22134.352941176472,22134.352941176472,125428,125428.0,125428.0
ES,2020-03-15,3,Restrict_Mass_Gatherings_and_Schools-Restrict_Mass_Gatherings_and_Schools-Restrict_Mass_Gatherings_and_Schools_and_Others,54436985379.07837,54427121678.920715,54446849079.23603,0,4375132297244.4883,4309298498341.859,4440824362226.349,560061314.2156863,560061314.2156863,560061314.2156863,18760836501.71273,18754913578.51273,18766759424.91273,256216,251685.0,260747.0,28520,28091.0,28949.0,618863.9411764706,618863.9411764706,618863.9411764706,20062.058823529413,20062.058823529413,20062.058823529413,113685,113685.0,113685.0
ES,2020-03-15,3,Restrict_Mass_Gatherings_and_Schools-Restrict_Mass_Gatherings_and_Schools-Lockdown,60683664409.96636,60672429239.69189,60694899580.240845,0,4822513158878.852,4749926311249.243,4895100006508.46,603779562.0392157,603779562.0392157,603779562.0392157,18807406808.91273,18800660349.71273,18814153268.11273,291842,286681.0,297003.0,31437,30964.0,31910.0,661318.3529411765,661318.3529411765,661318.3529411765,21749.64705882353,21749.64705882353,21749.64705882353,123248,123248.0,123248.0
ES,2020-03-15,3,Restrict_Mass_Gatherings_and_Schools-Authorize_Schools_but_Restrict_Mass_Gatherings_and_Others-No_Measure,24811462183.94175,24801352489.93774,24821571877.94576,0,4339127438066.2363,4273753258851.451,4404501617281.022,538065895.9803922,538065895.9803922,538065895.9803922,18769160751.31273,18763090114.51273,18775231388.11273,262584,257940.0,267228.0,28286,27860.0,28712.0,592053.8235294118,592053.8235294118,592053.8235294118,19326.176470588238,19326.176470588238,19326.176470588238,109515,109515.0,109515.0
ES,2020-03-15,3,Restrict_Mass_Gatherings_and_Schools-Authorize_Schools_but_Restrict_Mass_Gatherings_and_Others-Restrict_Mass_Gatherings,29408857393.67115,29392750239.07691,29424964548.265392,0,5974514688912.96,5884581542241.677,6064306101663.476,679529965.0392157,679529965.0392157,679529965.0392157,18972778066.51273,18963106093.71273,18982450039.31273,418350,410951.0,425749.0,38946,38360.0,39532.0,726454.3529411765,726454.3529411765,726454.3529411765,24848.64705882353,24848.64705882353,24848.64705882353,140809,140809.0,140809.0
ES,2020-03-15,3,Restrict_Mass_Gatherings_and_Schools-Authorize_Schools_but_Restrict_Mass_Gatherings_and_Others-Restrict_Mass_Gatherings_and_Schools,42131784287.234695,42121718131.964554,42141850442.50484,0,4326082189064.3623,4261156655372.9824,4391149456676.5107,536877453.117647,536877453.117647,536877453.117647,18767673157.71273,18761628664.91273,18773717650.51273,261446,256822.0,266070.0,28201,27777.0,28625.0,590917.0588235294,590917.0588235294,590917.0588235294,19279.94117647059,19279.94117647059,19279.94117647059,109253,109253.0,109253.0
ES,2020-03-15,3,Restrict_Mass_Gatherings_and_Schools-Authorize_Schools_but_Restrict_Mass_Gatherings_and_Others-Authorize_Schools_but_Restrict_Mass_Gatherings_and_Others,31704336522.518734,31694655685.04332,31714017359.99415,0,4210965805674.0513,4147586902204.9365,4274344709143.167,526315255.37254906,526315255.37254906,526315255.37254906,18754653445.71273,18748840327.31273,18760466564.11273,251486,247039.0,255933.0,27450,27037.0,27863.0,580784.3529411765,580784.3529411765,580784.3529411765,18869.64705882353,18869.64705882353,18869.64705882353,106928,106928.0,106928.0
ES,2020-03-15,3,Restrict_Mass_Gatherings_and_Schools-Authorize_Schools_but_Restrict_Mass_Gatherings_and_Others-Restrict_Mass_Gatherings_and_Schools_and_Others,43958185854.702515,43949613078.00403,43966758631.40101,0,3853833471890.5117,3795826352844.2036,3911840590936.8193,491798198.88235295,491798198.88235295,491798198.88235295,18716981248.91273,18711833495.31273,18722129002.51273,222667,218729.0,226605.0,25122,24744.0,25500.0,547321.9411764706,547321.9411764706,547321.9411764706,17536.058823529413,17536.058823529413,17536.058823529413,99371,99371.0,99371.0
ES,2020-03-15,3,Restrict_Mass_Gatherings_and_Schools-Authorize_Schools_but_Restrict_Mass_Gatherings_and_Others-Lockdown,50176686617.031525,50167240888.718994,50186132345.344055,0,4138527258264.7383,4076222744098.645,4200831772430.831,519591513.0,519591513.0,519591513.0,18746631159.31273,18740959218.51273,18752303100.11273,245349,241010.0,249688.0,26978,26572.0,27384.0,574308.0,574308.0,574308.0,18609.0,18609.0,18609.0,105451,105451.0,105451.0
ES,2020-03-15,3,Restrict_Mass_Gatherings_and_Schools-Restrict_Mass_Gatherings_and_Schools_and_Others-No_Measure,36905186937.64474,36899019675.99242,36911354199.29705,0,2862496861470.9595,2819375661038.397,2905618061903.5215,358486345.6666667,358486345.6666667,358486345.6666667,18635337458.51273,18631634160.91273,18639040756.11273,160210,157377.0,163043.0,18660,18379.0,18941.0,406451.0,406451.0,406451.0,12627.0,12627.0,12627.0,71553,71553.0,71553.0
ES,2020-03-15,3,Restrict_Mass_Gatherings_and_Schools-Restrict_Mass_Gatherings_and_Schools_and_Others-Restrict_Mass_Gatherings,41193335228.46083,41186638971.192024,41200031485.72964,0,3004773605094.274,2959503484878.499,3049901991389.281,370699875.9607843,370699875.9607843,370699875.9607843,18653259170.51273,18649238223.31273,18657280117.71273,173920,170844.0,176996.0,19587,19292.0,19882.0,418027.64705882355,418027.64705882355,418027.64705882355,13104.352941176472,13104.352941176472,13104.352941176472,74258,74258.0,74258.0
ES,2020-03-15,3,Restrict_Mass_Gatherings_and_Schools-Restrict_Mass_Gatherings_and_Schools_and_Others-Restrict_Mass_Gatherings_and_Schools,54227749108.79516,54221586201.01623,54233912016.57409,0,2861269063425.6743,2818147873450.6797,2904390253400.669,358368902.17647064,358368902.17647064,358368902.17647064,18635194973.71273,18631494290.51273,18638895656.91273,160101,157270.0,162932.0,18652,18371.0,18933.0,406339.5882352941,406339.5882352941,406339.5882352941,12622.411764705883,12622.411764705883,12622.411764705883,71527,71527.0,71527.0
ES,2020-03-15,3,Restrict_Mass_Gatherings_and_Schools-Restrict_Mass_Gatherings_and_Schools_and_Others-Authorize_Schools_but_Restrict_Mass_Gatherings_and_Others,43820181129.96305,43814048699.29783,43826313560.62827,0,2851907119670.3267,2808939406411.787,2894874832928.8667,357519727.84313726,357519727.84313726,357519727.84313726,18634112612.11273,18630430229.71273,18637794994.51273,159273,156456.0,162090.0,18591,18311.0,18871.0,405525.5882352941,405525.5882352941,405525.5882352941,12589.411764705883,12589.411764705883,12589.411764705883,71340,71340.0,71340.0
ES,2020-03-15,3,Restrict_Mass_Gatherings_and_Schools-Restrict_Mass_Gatherings_and_Schools_and_Others-Restrict_Mass_Gatherings_and_Schools_and_Others,56130946471.99498,56124918534.29104,56136974409.69892,0,2818604575477.052,2776097323740.5796,2861111827213.5234,354292003.7058824,354292003.7058824,354292003.7058824,18630617159.31273,18626997522.51273,18634236796.11273,156599,153830.0,159368.0,18374,18097.0,18651.0,402399.35294117645,402399.35294117645,402399.35294117645,12464.64705882353,12464.64705882353,12464.64705882353,70633,70633.0,70633.0
ES,2020-03-15,3,Restrict_Mass_Gatherings_and_Schools-Restrict_Mass_Gatherings_and_Schools_and_Others-Lockdown,62304493491.6059,62298387184.181,62310599799.03081,0,2844080183603.59,2801265936603.9365,2886894430603.2427,356793171.627451,356793171.627451,356793171.627451,18633273389.71273,18629606693.71273,18636940085.71273,158631,155826.0,161436.0,18540,18261.0,18819.0,404820.64705882355,404820.64705882355,404820.64705882355,12561.352941176472,12561.352941176472,12561.352941176472,71181,71181.0,71181.0
ES,2020-03-15,3,Restrict_Mass_Gatherings_and_Schools-Lockdown-No_Measure,43246349374.89835,43237138755.7487,43255559994.048,0,4010096564384.1147,3949633457088.437,4070559671679.7925,499324647.0,499324647.0,499324647.0,18738642860.11273,18733112096.91273,18744173623.31273,239238,235007.0,243469.0,26141,25747.0,26535.0,552492.0,552492.0,552492.0,17871.0,17871.0,17871.0,101269,101269.0,101269.0
ES,2020-03-15,3,Restrict_Mass_Gatherings_and_Schools-Lockdown-Restrict_Mass_Gatherings,47791569942.897766,47777284884.31587,47805855001.47965,0,5401293507020.236,5320097067516.731,5482631680444.51,620450806.627451,620450806.627451,620450806.627451,18910930512.91273,18902352666.51273,18919508359.31273,371037,364475.0,377599.0,35210,34680.0,35740.0,667722.6470588235,667722.6470588235,667722.6470588235,22596.352941176472,22596.352941176472,22596.352941176472,128046,128046.0,128046.0
ES,2020-03-15,3,Restrict_Mass_Gatherings_and_Schools-Lockdown-Restrict_Mass_Gatherings_and_Schools,60567224420.11141,60558048631.94886,60576400208.273964,0,3999967310249.47,3939657690127.815,4060276930371.1255,498388039.7254902,498388039.7254902,498388039.7254902,18737487295.31273,18731977447.31273,18742997143.31273,238354,234139.0,242569.0,26075,25682.0,26468.0,551600.5294117647,551600.5294117647,551600.5294117647,17834.470588235294,17834.470588235294,17834.470588235294,101062,101062.0,101062.0
ES,2020-03-15,3,Restrict_Mass_Gatherings_and_Schools-Lockdown-Authorize_Schools_but_Restrict_Mass_Gatherings_and_Others,50144509315.76684,50135631767.931274,50153386863.6024,0,3909571929498.343,3850785391262.1714,3968500201655.282,490073156.9019608,490073156.9019608,490073156.9019608,18727309436.11273,18721978674.51273,18732640197.71273,230568,226490.0,234646.0,25486,25102.0,25870.0,543604.1176470588,543604.1176470588,543604.1176470588,17511.88235294118,17511.88235294118,17511.88235294118,99234,99234.0,99234.0
ES,2020-03-15,3,Restrict_Mass_Gatherings_and_Schools-Lockdown-Restrict_Mass_Gatherings_and_Schools_and_Others,62413747413.43605,62405707986.22744,62421786840.64466,0,3640069964185.187,3585285599974.01,3694854328396.364,464003996.17647064,464003996.17647064,464003996.17647064,18698877836.11273,18694050346.51273,18703705325.71273,208818,205125.0,212511.0,23729,23372.0,24086.0,518344.5882352941,518344.5882352941,518344.5882352941,16504.411764705885,16504.411764705885,16504.411764705885,93525,93525.0,93525.0
ES,2020-03-15,3,Restrict_Mass_Gatherings_and_Schools-Lockdown-Lockdown,68620094338.205986,68611397476.115974,68628791200.296,0,3854770886519.3833,3796763469432.387,3912778303606.379,484970337.5686275,484970337.5686275,484970337.5686275,18721229648.91273,18716007384.91273,18726451912.91273,225917,221922.0,229912.0,25128,24750.0,25506.0,538698.1176470588,538698.1176470588,538698.1176470588,17313.88235294118,17313.88235294118,17313.88235294118,98112,98112.0,98112.0
ES,2020-03-15,3,Authorize_Schools_but_Restrict_Mass_Gatherings_and_Others-No_Measure-No_Measure,7427680199.100389,7418650265.696292,7436710132.504485,0,3834885349256.61,3777183939192.6196,3892586759320.601,466148139.7647059,466148139.7647059,466148139.7647059,18732542157.71273,18727119892.11273,18737964423.31273,234571,230423.0,238719.0,24999,24623.0,25375.0,511230.8823529412,511230.8823529412,511230.8823529412,16778.117647058825,16778.117647058825,16778.117647058825,95076,95076.0,95076.0
ES,2020-03-15,3,Authorize_Schools_but_Restrict_Mass_Gatherings_and_Others-No_Measure-Restrict_Mass_Gatherings,12051277018.871185,12035785937.361168,12066768100.381203,0,5594910856284.902,5510655119358.199,5679166593211.605,618266375.882353,618266375.882353,618266375.882353,18951892932.11273,18942590896.91273,18961194967.31273,402373,395257.0,409489.0,36472,35923.0,37021.0,655726.9411764706,655726.9411764706,655726.9411764706,22717.058823529413,22717.058823529413,22717.058823529413,128730,128730.0,128730.0
ES,2020-03-15,3,Authorize_Schools_but_Restrict_Mass_Gatherings_and_Others-No_Measure-Restrict_Mass_Gatherings_and_Schools,24747847739.888103,24738863522.154568,24756831957.62164,0,3821072711443.6787,3763666548618.399,3878620608189.7266,464897088.4901961,464897088.4901961,464897088.4901961,18730961752.91273,18725566938.51273,18736356567.31273,233362,229235.0,237489.0,24909,24534.0,25284.0,510027.4117647059,510027.4117647059,510027.4117647059,16729.58823529412,16729.58823529412,16729.58823529412,94801,94801.0,94801.0
ES,2020-03-15,3,Authorize_Schools_but_Restrict_Mass_Gatherings_and_Others-No_Measure-Authorize_Schools_but_Restrict_Mass_Gatherings_and_Others,14319130821.07991,14310553690.508034,14327707951.651785,0,3699817139133.152,3644111062331.455,3755523215934.848,453817929.6666667,453817929.6666667,453817929.6666667,18717179943.31273,18712029575.31273,18722330311.31273,222819,218879.0,226759.0,24118,23755.0,24481.0,499409.0,499409.0,499409.0,16299.000000000002,16299.000000000002,16299.000000000002,92361,92361.0,92361.0
ES,2020-03-15,3,Authorize_Schools_but_Restrict_Mass_Gatherings_and_Others-No_Measure-Restrict_Mass_Gatherings_and_Schools_and_Others,26569967272.88007,26562552626.502453,26577381919.257687,0,3328257638445.5654,3278076880299.7554,3378438396591.3765,418230489.2745098,418230489.2745098,418230489.2745098,18677698581.71273,18673246258.51273,18682150904.91273,192616,189210.0,196022.0,21696,21369.0,22023.0,464982.4705882353,464982.4705882353,464982.4705882353,14922.529411764706,14922.529411764706,14922.529411764706,84561,84561.0,84561.0
ES,2020-03-15,3,Authorize_Schools_but_Restrict_Mass_Gatherings_and_Others-No_Measure-Lockdown,32790065906.742016,32781750008.57334,32798381804.910686,0,3619551613826.8286,3565073392587.041,3674029835066.6167,446353395.15686274,446353395.15686274,446353395.15686274,18708307976.91273,18703314472.91273,18713301480.91273,216032,212212.0,219852.0,23595,23240.0,23950.0,492221.4117647059,492221.4117647059,492221.4117647059,16009.588235294119,16009.588235294119,16009.588235294119,90721,90721.0,90721.0
ES,2020-03-15,3,Authorize_Schools_but_Restrict_Mass_Gatherings_and_Others-Restrict_Mass_Gatherings-No_Measure,13342960228.945314,13304622196.838383,13381298261.052246,0,14475424599062.557,14257641259728.67,14693349672317.21,1694290032.137255,1694290032.137255,1694290032.137255,19727518744.91273,19704497645.71273,19750539844.11273,995722,978111.0,1013333.0,94362,92942.0,95782.0,1756722.2352941176,1756722.2352941176,1756722.2352941176,63088.76470588236,63088.76470588236,63088.76470588236,357503,357503.0,357503.0
ES,2020-03-15,3,Authorize_Schools_but_Restrict_Mass_Gatherings_and_Others-Restrict_Mass_Gatherings-Restrict_Mass_Gatherings,19959366259.62377,19879322474.345264,20039410044.902275,0,26459915257868.297,26061924351073.938,26858047898583.43,2756887237.8431373,2756887237.8431373,2756887237.8431373,21143505236.112732,21095440799.31273,21191569672.912727,2078943,2042174.0,2115712.0,172486,169891.0,175081.0,2770644.588235294,2770644.588235294,2770644.588235294,104479.41176470589,104479.41176470589,104479.41176470589,592050,592050.0,592050.0
ES,2020-03-15,3,Authorize_Schools_but_Restrict_Mass_Gatherings_and_Others-Restrict_Mass_Gatherings-Restrict_Mass_Gatherings_and_Schools,30643054236.48347,30605118937.66481,30680989535.302128,0,14353095793010.27,14137012529242.4,14569037322857.375,1682936777.7254903,1682936777.7254903,1682936777.7254903,19713884648.91273,19691105381.71273,19736663916.11273,985292,967866.0,1002718.0,93564,92156.0,94972.0,1745795.5294117648,1745795.5294117648,1745795.5294117648,62648.4705882353,62648.4705882353,62648.4705882353,355008,355008.0,355008.0
ES,2020-03-15,3,Authorize_Schools_but_Restrict_Mass_Gatherings_and_Others-Restrict_Mass_Gatherings-Authorize_Schools_but_Restrict_Mass_Gatherings_and_Others,20030207658.27669,19995933966.97628,20064481349.577103,0,13224740765059.373,13025835820023.084,13423787444016.432,1577400854.1764708,1577400854.1764708,1577400854.1764708,19589537248.91273,19568956692.11273,19610117805.71273,890167,874423.0,905911.0,86209,84912.0,87506.0,1644091.5882352942,1644091.5882352942,1644091.5882352942,58558.41176470589,58558.41176470589,58558.41176470589,331831,331831.0,331831.0
ES,2020-03-15,3,Authorize_Schools_but_Restrict_Mass_Gatherings_and_Others-Restrict_Mass_Gatherings-Restrict_Mass_Gatherings_and_Schools_and_Others,31790993891.032433,31766551245.83928,31815436536.225586,0,10077596645210.426,9925821861593.324,10229229694906.758,1276440548.0980392,1276440548.0980392,1276440548.0980392,19255792095.31273,19241114853.71273,19270469336.91273,634854,623626.0,646082.0,65693,64704.0,66682.0,1353169.8823529412,1353169.8823529412,1353169.8823529412,46913.117647058825,46913.117647058825,46913.117647058825,265841,265841.0,265841.0
ES,2020-03-15,3,Authorize_Schools_but_Restrict_Mass_Gatherings_and_Others-Restrict_Mass_Gatherings-Lockdown,38381757358.73772,38349856528.433075,38413658189.04235,0,12480234742488.844,12292533953311.055,12668077265587.404,1506536200.1764708,1506536200.1764708,1506536200.1764708,19508977127.31273,19489821418.51273,19528132836.11273,828539,813885.0,843193.0,81356,80132.0,82580.0,1575589.5882352942,1575589.5882352942,1575589.5882352942,55816.41176470589,55816.41176470589,55816.41176470589,316293,316293.0,316293.0
ES,2020-03-15,3,Authorize_Schools_but_Restrict_Mass_Gatherings_and_Others-Restrict_Mass_Gatherings_and_Schools-No_Measure,24741612993.198296,24732739799.23612,24750486187.16047,0,3777491138378.3765,3720698856274.995,3834425154402.5264,459360558.09803927,459360558.09803927,459360558.09803927,18727217932.11273,18721889784.91273,18732546079.31273,230498,226422.0,234574.0,24625,24254.0,24996.0,504301.8823529412,504301.8823529412,504301.8823529412,16523.117647058825,16523.117647058825,16523.117647058825,93631,93631.0,93631.0
ES,2020-03-15,3,Authorize_Schools_but_Restrict_Mass_Gatherings_and_Others-Restrict_Mass_Gatherings_and_Schools-Restrict_Mass_Gatherings,29330901290.681587,29316174313.950943,29345628267.41223,0,5364383406974.243,5283657786160.731,5445109027787.753,595842146.3921568,595842146.3921568,595842146.3921568,18925967234.51273,18917124026.51273,18934810442.51273,382540,375775.0,389305.0,34969,34443.0,35495.0,633805.5294117647,633805.5294117647,633805.5294117647,21854.470588235297,21854.470588235297,21854.470588235297,123842,123842.0,123842.0
ES,2020-03-15,3,Authorize_Schools_but_Restrict_Mass_Gatherings_and_Others-Restrict_Mass_Gatherings_and_Schools-Restrict_Mass_Gatherings_and_Schools,42061763118.49246,42052935640.20085,42070590596.78408,0,3763666789142.463,3707039689949.7344,3820152154414.4233,458085970.254902,458085970.254902,458085970.254902,18725627069.71273,18720326373.71273,18730927765.71273,229281,225226.0,233336.0,24534,24165.0,24903.0,503074.29411764705,503074.29411764705,503074.29411764705,16473.70588235294,16473.70588235294,16473.70588235294,93351,93351.0,93351.0
ES,2020-03-15,3,Authorize_Schools_but_Restrict_Mass_Gatherings_and_Others-Restrict_Mass_Gatherings_and_Schools-Authorize_Schools_but_Restrict_Mass_Gatherings_and_Others,31633065792.11451,31624645400.984554,31641486183.24446,0,3641502512402.8306,3586717233154.4536,3696287791651.2075,446881001.92156863,446881001.92156863,446881001.92156863,18711857024.91273,18706800775.31273,18716913274.51273,218747,214879.0,222615.0,23738,23381.0,24095.0,492312.29411764705,492312.29411764705,492312.29411764705,16038.705882352942,16038.705882352942,16038.705882352942,90886,90886.0,90886.0
ES,2020-03-15,3,Authorize_Schools_but_Restrict_Mass_Gatherings_and_Others-Restrict_Mass_Gatherings_and_Schools-Restrict_Mass_Gatherings_and_Schools_and_Others,43884592332.846466,43877321364.29061,43891863301.40232,0,3271325300861.08,3222065308895.8853,3320585292826.275,411109600.17647064,411109600.17647064,411109600.17647064,18672790045.71273,18668423997.71273,18677156093.71273,188861,185521.0,192201.0,21325,21004.0,21646.0,457645.5882352941,457645.5882352941,457645.5882352941,14656.411764705883,14656.411764705883,14656.411764705883,83053,83053.0,83053.0
ES,2020-03-15,3,Authorize_Schools_but_Restrict_Mass_Gatherings_and_Others-Restrict_Mass_Gatherings_and_Schools-Lockdown,50103846315.27138,50095689333.48132,50112003297.06144,0,3559702580718.0576,3506145162260.3735,3613259999175.7417,439193343.0196079,439193343.0196079,439193343.0196079,18702892247.31273,18697994168.91273,18707790325.71273,211889,208142.0,215636.0,23205,22856.0,23554.0,484901.17647058825,484901.17647058825,484901.17647058825,15740.823529411766,15740.823529411766,15740.823529411766,89198,89198.0,89198.0
ES,2020-03-15,3,Authorize_Schools_but_Restrict_Mass_Gatherings_and_Others-Authorize_Schools_but_Restrict_Mass_Gatherings_and_Others-No_Measure,14262874423.049854,14255292152.546848,14270456693.55286,0,3304349493069.926,3254628542848.183,3354070443291.669,403533025.47058827,403533025.47058827,403533025.47058827,18683399280.91273,18678846303.31273,18687952258.51273,196977,193494.0,200460.0,21540,21216.0,21864.0,447166.23529411765,447166.23529411765,447166.23529411765,14428.764705882353,14428.764705882353,14428.764705882353,81763,81763.0,81763.0
ES,2020-03-15,3,Authorize_Schools_but_Restrict_Mass_Gatherings_and_Others-Authorize_Schools_but_Restrict_Mass_Gatherings_and_Others-Restrict_Mass_Gatherings,18744922465.144375,18733382523.732822,18756462406.555927,0,4374002671292.7456,4308164846226.4365,4439840496359.056,495440797.1960785,495440797.1960785,495440797.1960785,18817753296.91273,18810823829.71273,18824682764.11273,299757,294456.0,305058.0,28513,28084.0,28942.0,534360.7647058824,534360.7647058824,534360.7647058824,18019.235294117647,18019.235294117647,18019.235294117647,102109,102109.0,102109.0
ES,2020-03-15,3,Authorize_Schools_but_Restrict_Mass_Gatherings_and_Others-Authorize_Schools_but_Restrict_Mass_Gatherings_and_Others-Restrict_Mass_Gatherings_and_Schools,31583912738.51492,31576360945.125618,31591464531.904217,0,3294987648661.4746,3245420175156.1865,3344555122166.763,402687498.4509804,402687498.4509804,402687498.4509804,18682341756.11273,18677807079.31273,18686876432.91273,196168,192699.0,199637.0,21479,21156.0,21802.0,446354.0588235294,446354.0588235294,446354.0588235294,14395.94117647059,14395.94117647059,14395.94117647059,81577,81577.0,81577.0
ES,2020-03-15,3,Authorize_Schools_but_Restrict_Mass_Gatherings_and_Others-Authorize_Schools_but_Restrict_Mass_Gatherings_and_Others-Authorize_Schools_but_Restrict_Mass_Gatherings_and_Others,21162856459.93069,21155574606.69137,21170138313.17001,0,3213647059538.9937,3165307462510.7505,3261986656567.237,395228742.64705884,395228742.64705884,395228742.64705884,18673159983.31273,18668787399.31273,18677532567.31273,189144,185799.0,192489.0,20949,20634.0,21264.0,439199.82352941175,439199.82352941175,439199.82352941175,14106.176470588236,14106.176470588236,14106.176470588236,79935,79935.0,79935.0
ES,2020-03-15,3,Authorize_Schools_but_Restrict_Mass_Gatherings_and_Others-Authorize_Schools_but_Restrict_Mass_Gatherings_and_Others-Restrict_Mass_Gatherings_and_Schools_and_Others,33435366493.450035,33428863983.546944,33441869003.35313,0,2962407971192.145,2917751930392.06,3007064011992.2295,370868405.2156863,370868405.2156863,370868405.2156863,18646693104.91273,18642788498.51273,18650597711.31273,168897,165910.0,171884.0,19311,19020.0,19602.0,415580.9411764706,415580.9411764706,415580.9411764706,13165.058823529413,13165.058823529413,13165.058823529413,74602,74602.0,74602.0
ES,2020-03-15,3,Authorize_Schools_but_Restrict_Mass_Gatherings_and_Others-Authorize_Schools_but_Restrict_Mass_Gatherings_and_Others-Lockdown,39639390626.768135,39632272043.78082,39646509209.755455,0,3164075685360.8413,3116350094545.3125,3211801276176.37,390637356.4313726,390637356.4313726,390637356.4313726,18667650135.31273,18663375591.31273,18671924679.31273,184929,181659.0,188199.0,20626,20315.0,20937.0,434780.8823529412,434780.8823529412,434780.8823529412,13928.117647058825,13928.117647058825,13928.117647058825,78926,78926.0,78926.0
ES,2020-03-15,3,Authorize_Schools_but_Restrict_Mass_Gatherings_and_Others-Restrict_Mass_Gatherings_and_Schools_and_Others-No_Measure,26422564712.43532,26417755859.27967,26427373565.590977,0,2263106466011.6646,2229039335635.5566,2297173596387.773,276625751.15686274,276625751.15686274,276625751.15686274,18589186762.51273,18586299157.71273,18592074367.31273,124905,122696.0,127114.0,14753,14531.0,14975.0,315854.4117647059,315854.4117647059,315854.4117647059,9697.588235294119,9697.588235294119,9697.588235294119,54953,54953.0,54953.0
ES,2020-03-15,3,Authorize_Schools_but_Restrict_Mass_Gatherings_and_Others-Restrict_Mass_Gatherings_and_Schools_and_Others-Restrict_Mass_Gatherings,30703102432.5714,30697901730.81094,30708303134.33186,0,2369775314679.0767,2334019804473.584,2405530824884.57,285846011.15686274,285846011.15686274,285846011.15686274,18602538503.31273,18599415602.51273,18605661404.11273,135119,132730.0,137508.0,15448,15215.0,15681.0,324611.4117647059,324611.4117647059,324611.4117647059,10057.588235294119,10057.588235294119,10057.588235294119,56993,56993.0,56993.0
ES,2020-03-15,3,Authorize_Schools_but_Restrict_Mass_Gatherings_and_Others-Restrict_Mass_Gatherings_and_Schools_and_Others-Restrict_Mass_Gatherings_and_Schools,43745207430.2434,43740402930.961136,43750011929.525665,0,2262185668458.3447,2228118548539.804,2296252788376.885,276558435.4313726,276558435.4313726,276558435.4313726,18589092644.11273,18586207653.71273,18591977634.51273,124833,122626.0,127040.0,14747,14525.0,14969.0,315782.8823529412,315782.8823529412,315782.8823529412,9695.117647058823,9695.117647058823,9695.117647058823,54939,54939.0,54939.0
ES,2020-03-15,3,Authorize_Schools_but_Restrict_Mass_Gatherings_and_Others-Restrict_Mass_Gatherings_and_Schools_and_Others-Authorize_Schools_but_Restrict_Mass_Gatherings_and_Others,33338037830.826176,33333257277.847538,33342818383.804817,0,2254665523732.2124,2220751864843.7754,2288579182620.65,275855655.1372549,275855655.1372549,275855655.1372549,18588249500.11273,18585378888.91273,18591120111.31273,124188,121992.0,126384.0,14698,14477.0,14919.0,315111.23529411765,315111.23529411765,315111.23529411765,9667.764705882353,9667.764705882353,9667.764705882353,54784,54784.0,54784.0
ES,2020-03-15,3,Authorize_Schools_but_Restrict_Mass_Gatherings_and_Others-Restrict_Mass_Gatherings_and_Schools_and_Others-Restrict_Mass_Gatherings_and_Schools_and_Others,45650860378.03334,45646147310.09219,45655573445.97449,0,2233179991277.671,2199715035429.262,2266786681046.847,273771306.74509805,273771306.74509805,273771306.74509805,18585989351.31273,18583159263.31273,18588819439.31273,122459,120294.0,124624.0,14558,14339.0,14777.0,313087.70588235295,313087.70588235295,313087.70588235295,9587.29411764706,9587.29411764706,9587.29411764706,54328,54328.0,54328.0
ES,2020-03-15,3,Authorize_Schools_but_Restrict_Mass_Gatherings_and_Others-Restrict_Mass_Gatherings_and_Schools_and_Others-Lockdown,51822881365.02222,51818116050.60043,51827646679.444,0,2249907933758.3438,2216136045392.162,2283821556045.293,275409178.39215684,275409178.39215684,275409178.39215684,18587729234.51273,18584867773.71273,18590590695.31273,123790,121601.0,125979.0,14667,14446.0,14888.0,314680.5294117647,314680.5294117647,314680.5294117647,9650.470588235296,9650.470588235296,9650.470588235296,54686,54686.0,54686.0
ES,2020-03-15,3,Authorize_Schools_but_Restrict_Mass_Gatherings_and_Others-Lockdown-No_Measure,32708352411.019695,32701479821.878727,32715225000.160664,0,3039938606189.171,2994349585822.224,3085669360476.886,371799541.9607843,371799541.9607843,371799541.9607843,18659240917.71273,18655114087.31273,18663367748.11273,178496,175339.0,181653.0,19817,19519.0,20115.0,414493.64705882355,414493.64705882355,414493.64705882355,13242.352941176472,13242.352941176472,13242.352941176472,75040,75040.0,75040.0
ES,2020-03-15,3,Authorize_Schools_but_Restrict_Mass_Gatherings_and_Others-Lockdown-Restrict_Mass_Gatherings,37118655150.51083,37109096221.49025,37128214079.53142,0,3759636109461.043,3703007253396.8906,3816264965525.1953,433052397.17647064,433052397.17647064,433052397.17647064,18750513543.31273,18744773628.11273,18756253458.51273,248319,243928.0,252710.0,24508,24139.0,24877.0,472501.5882352941,472501.5882352941,472501.5882352941,15637.411764705883,15637.411764705883,15637.411764705883,88612,88612.0,88612.0
ES,2020-03-15,3,Authorize_Schools_but_Restrict_Mass_Gatherings_and_Others-Lockdown-Restrict_Mass_Gatherings_and_Schools,50029719443.92546,50022872978.02481,50036565909.82611,0,3032418393488.847,2986829435867.308,3078149085031.154,371093228.3333334,371093228.3333334,371093228.3333334,18658380780.11273,18654269636.11273,18662491924.11273,177838,174693.0,180983.0,19768,19470.0,20066.0,413812.0,413812.0,413812.0,13215.0,13215.0,13215.0,74885,74885.0,74885.0
ES,2020-03-15,3,Authorize_Schools_but_Restrict_Mass_Gatherings_and_Others-Lockdown-Authorize_Schools_but_Restrict_Mass_Gatherings_and_Others,39611375628.46117,39604751210.10324,39618000046.81909,0,2964725562538.116,2920069228926.1274,3009381896150.1045,364773836.2352941,364773836.2352941,364773836.2352941,18650827778.51273,18646849968.91273,18654805588.11273,172060,169017.0,175103.0,19326,19035.0,19617.0,407732.1176470588,407732.1176470588,407732.1176470588,12969.882352941177,12969.882352941177,12969.882352941177,73496,73496.0,73496.0
ES,2020-03-15,3,Authorize_Schools_but_Restrict_Mass_Gatherings_and_Others-Lockdown-Restrict_Mass_Gatherings_and_Schools_and_Others,51894095495.07242,51888069734.30517,51900121255.83966,0,2769975159741.0674,2728234930800.7725,2811715388681.3623,345688836.0588236,345688836.0588236,345688836.0588236,18630491668.11273,18626873338.51273,18634109997.71273,156503,153735.0,159271.0,18057,17785.0,18329.0,389184.5294117647,389184.5294117647,389184.5294117647,12233.470588235296,12233.470588235296,12233.470588235296,69323,69323.0,69323.0
ES,2020-03-15,3,Authorize_Schools_but_Restrict_Mass_Gatherings_and_Others-Lockdown-Lockdown,58089581682.67913,58083090057.4595,58096073307.89876,0,2923441993793.921,2879399593191.671,2967484394396.171,360888991.60784316,360888991.60784316,360888991.60784316,18646321860.11273,18642423789.71273,18650219930.51273,168613,165631.0,171595.0,19057,18770.0,19344.0,403978.4705882353,403978.4705882353,403978.4705882353,12819.529411764706,12819.529411764706,12819.529411764706,72644,72644.0,72644.0
ES,2020-03-15,3,Restrict_Mass_Gatherings_and_Schools_and_Others-No_Measure-No_Measure,19359042483.401794,19356824184.91125,19361260781.892338,0,1075376412804.9204,1059110312245.2914,1091642513364.5494,114587592.62745097,114587592.62745097,114587592.62745097,18501223967.31273,18499891930.51273,18502556004.11273,57614,56595.0,58633.0,7010,6904.0,7116.0,133857.64705882352,133857.64705882352,133857.64705882352,3954.3529411764707,3954.3529411764707,3954.3529411764707,22408,22408.0,22408.0
ES,2020-03-15,3,Restrict_Mass_Gatherings_and_Schools_and_Others-No_Measure-Restrict_Mass_Gatherings,23656584256.049778,23653673691.690742,23659494820.408813,0,1263248231727.054,1244219205171.498,1282277258282.6099,130821864.17647061,130821864.17647061,130821864.17647061,18524786247.31273,18523038520.91273,18526533973.71273,75639,74302.0,76976.0,8235,8111.0,8359.0,149266.58823529413,149266.58823529413,149266.58823529413,4588.411764705883,4588.411764705883,4588.411764705883,26001,26001.0,26001.0
ES,2020-03-15,3,Restrict_Mass_Gatherings_and_Schools_and_Others-No_Measure-Restrict_Mass_Gatherings_and_Schools,36681587239.05867,36679375471.378204,36683799006.739136,0,1073995169415.8849,1057729084542.6078,1090261254289.1619,114465088.49019608,114465088.49019608,114465088.49019608,18501071024.91273,18499742909.71273,18502399140.11273,57497,56481.0,58513.0,7001,6895.0,7107.0,133740.41176470587,133740.41176470587,133740.41176470587,3949.588235294118,3949.588235294118,3949.588235294118,22381,22381.0,22381.0
ES,2020-03-15,3,Restrict_Mass_Gatherings_and_Schools_and_Others-No_Measure-Authorize_Schools_but_Restrict_Mass_Gatherings_and_Others,26273485910.736683,26271315504.853394,26275656316.619972,0,1061563874338.8851,1045604695839.4614,1077523052838.309,113335834.68627451,113335834.68627451,113335834.68627451,18499668399.31273,18498365120.91273,18500971677.71273,56424,55427.0,57421.0,6920,6816.0,7024.0,132652.17647058822,132652.17647058822,132652.17647058822,3905.823529411765,3905.823529411765,3905.823529411765,22133,22133.0,22133.0
ES,2020-03-15,3,Restrict_Mass_Gatherings_and_Schools_and_Others-No_Measure-Restrict_Mass_Gatherings_and_Schools_and_Others,38583217207.839264,38581166533.474106,38585267882.204414,0,1022276109447.5441,1006930832585.1548,1037621386309.9335,109504639.7647059,109504639.7647059,109504639.7647059,18495552026.51273,18494320644.11273,18496783408.91273,53275,52333.0,54217.0,6664,6564.0,6764.0,128922.88235294117,128922.88235294117,128922.88235294117,3758.117647058824,3758.117647058824,3758.117647058824,21296,21296.0,21296.0
ES,2020-03-15,3,Restrict_Mass_Gatherings_and_Schools_and_Others-No_Measure-Lockdown,44757715548.785194,44755571266.14222,44759859831.42816,0,1053583336064.8773,1037624220310.8615,1069542451818.8931,112583507.92156863,112583507.92156863,112583507.92156863,18498779503.31273,18497491911.31273,18500067095.31273,55744,54759.0,56729.0,6868,6764.0,6972.0,131925.29411764705,131925.29411764705,131925.29411764705,3876.7058823529414,3876.7058823529414,3876.7058823529414,21968,21968.0,21968.0
ES,2020-03-15,3,Restrict_Mass_Gatherings_and_Schools_and_Others-Restrict_Mass_Gatherings-No_Measure,23746121662.24807,23741626287.97626,23750617036.51988,0,1884912594307.5476,1856522146875.0442,1913303041740.051,205997299.70588237,205997299.70588237,205997299.70588237,18578551383.31273,18575852015.31273,18581250751.31273,116769,114704.0,118834.0,12287,12102.0,12472.0,226008.35294117648,226008.35294117648,226008.35294117648,7412.64705882353,7412.64705882353,7412.64705882353,42005,42005.0,42005.0
ES,2020-03-15,3,Restrict_Mass_Gatherings_and_Schools_and_Others-Restrict_Mass_Gatherings-Restrict_Mass_Gatherings,28280599047.665703,28271218627.453976,28289979467.877434,0,3204751099127.0737,3156406461551.0547,3253095736703.0933,319409836.15686274,319409836.15686274,319409836.15686274,18744388004.11273,18738755279.31273,18750020728.91273,243633,239324.0,247942.0,20891,20576.0,21206.0,333635.4117647059,333635.4117647059,333635.4117647059,11842.588235294119,11842.588235294119,11842.588235294119,67108,67108.0,67108.0
ES,2020-03-15,3,Restrict_Mass_Gatherings_and_Schools_and_Others-Restrict_Mass_Gatherings-Restrict_Mass_Gatherings_and_Schools,41066770306.04502,41062314116.63369,41071226495.456345,0,1873708971785.0168,1845472021984.104,1901945921585.93,204953016.9019608,204953016.9019608,204953016.9019608,18577259869.71273,18574584031.31273,18579935708.11273,115781,113734.0,117828.0,12214,12030.0,12398.0,225016.11764705883,225016.11764705883,225016.11764705883,7371.882352941177,7371.882352941177,7371.882352941177,41774,41774.0,41774.0
ES,2020-03-15,3,Restrict_Mass_Gatherings_and_Schools_and_Others-Restrict_Mass_Gatherings-Authorize_Schools_but_Restrict_Mass_Gatherings_and_Others,30641595263.23694,30637480852.886467,30645709673.587406,0,1769961576835.33,1743259483088.2913,1796663670582.369,195369074.19607842,195369074.19607842,195369074.19607842,18565604874.51273,18563134266.51273,18568075482.51273,106865,104975.0,108755.0,11538,11364.0,11712.0,215790.76470588235,215790.76470588235,215790.76470588235,7000.235294117648,7000.235294117648,7000.235294117648,39668,39668.0,39668.0
ES,2020-03-15,3,Restrict_Mass_Gatherings_and_Schools_and_Others-Restrict_Mass_Gatherings-Restrict_Mass_Gatherings_and_Schools_and_Others,42909916870.55824,42906657996.32827,42913175744.788216,0,1499383585609.76,1476825441638.7559,1521941729580.7642,169671472.0980392,169671472.0980392,169671472.0980392,18536622943.31273,18534666064.91273,18538579821.71273,84694,83197.0,86191.0,9774,9627.0,9921.0,190987.88235294117,190987.88235294117,190987.88235294117,6005.117647058824,6005.117647058824,6005.117647058824,34029,34029.0,34029.0
ES,2020-03-15,3,Restrict_Mass_Gatherings_and_Schools_and_Others-Restrict_Mass_Gatherings-Lockdown,49115449621.004845,49111546373.51363,49119352868.496056,0,1705196818189.6914,1679569056229.0508,1730824580150.3318,189291863.70588237,189291863.70588237,189291863.70588237,18558485863.31273,18556142053.71273,18560829672.91273,101419,99626.0,103212.0,11116,10949.0,11283.0,209937.35294117648,209937.35294117648,209937.35294117648,6764.64705882353,6764.64705882353,6764.64705882353,38333,38333.0,38333.0
ES,2020-03-15,3,Restrict_Mass_Gatherings_and_Schools_and_Others-Restrict_Mass_Gatherings_and_Schools-No_Measure,36680890619.31679,36678689736.31979,36683091502.31379,0,1069237987287.168,1053125332071.2894,1085350642503.0463,113881370.19607843,113881370.19607843,113881370.19607843,18500652720.91273,18499331141.71273,18501974300.11273,57177,56166.0,58188.0,6970,6865.0,7075.0,133116.76470588235,133116.76470588235,133116.76470588235,3928.2352941176473,3928.2352941176473,3928.2352941176473,22260,22260.0,22260.0
ES,2020-03-15,3,Restrict_Mass_Gatherings_and_Schools_and_Others-Restrict_Mass_Gatherings_and_Schools-Restrict_Mass_Gatherings,40976444848.76373,40973586530.88534,40979303166.64213,0,1247440610980.3567,1228565113429.0952,1266316108531.6182,129258830.84313726,129258830.84313726,129258830.84313726,18523021527.31273,18521305173.71273,18524737880.91273,74289,72976.0,75602.0,8132,8009.0,8255.0,147732.58823529413,147732.58823529413,147732.58823529413,4528.411764705883,4528.411764705883,4528.411764705883,25661,25661.0,25661.0
ES,2020-03-15,3,Restrict_Mass_Gatherings_and_Schools_and_Others-Restrict_Mass_Gatherings_and_Schools-Restrict_Mass_Gatherings_and_Schools,54003450613.53052,54001254084.40691,54005647142.65413,0,1068010184013.0989,1051897539254.7886,1084122828771.4093,113756871.43137255,113756871.43137255,113756871.43137255,18500508928.91273,18499189964.11273,18501827893.71273,57067,56058.0,58076.0,6962,6857.0,7067.0,133010.88235294117,133010.88235294117,133010.88235294117,3923.117647058824,3923.117647058824,3923.117647058824,22231,22231.0,22231.0
ES,2020-03-15,3,Restrict_Mass_Gatherings_and_Schools_and_Others-Restrict_Mass_Gatherings_and_Schools-Authorize_Schools_but_Restrict_Mass_Gatherings_and_Others,43595479901.41013,43593322557.14701,43597637245.67326,0,1056192816717.0537,1040233669590.3339,1072151963843.7736,112688812.70588237,112688812.70588237,112688812.70588237,18499184735.31273,18497889300.11273,18500480170.51273,56054,55063.0,57045.0,6885,6781.0,6989.0,131985.35294117648,131985.35294117648,131985.35294117648,3881.6470588235297,3881.6470588235297,3881.6470588235297,21996,21996.0,21996.0
ES,2020-03-15,3,Restrict_Mass_Gatherings_and_Schools_and_Others-Restrict_Mass_Gatherings_and_Schools-Restrict_Mass_Gatherings_and_Schools_and_Others,55905542092.89011,55903500126.27173,55907584059.50849,0,1018900092276.1027,1003554836328.8494,1034245348223.356,109054732.27450982,109054732.27450982,109054732.27450982,18495267056.91273,18494040903.31273,18496493210.51273,53057,52119.0,53995.0,6642,6542.0,6742.0,128448.4705882353,128448.4705882353,128448.4705882353,3741.5294117647063,3741.5294117647063,3741.5294117647063,21202,21202.0,21202.0
ES,2020-03-15,3,Restrict_Mass_Gatherings_and_Schools_and_Others-Restrict_Mass_Gatherings_and_Schools-Lockdown,62079783555.30622,62077650157.34672,62081916953.265724,0,1048672666762.1377,1032866980665.5205,1064478352858.7549,111974497.78431372,111974497.78431372,111974497.78431372,18498340284.11273,18497059228.11273,18499621340.11273,55408,54428.0,56388.0,6836,6733.0,6939.0,131298.0588235294,131298.0588235294,131298.0588235294,3853.9411764705883,3853.9411764705883,3853.9411764705883,21839,21839.0,21839.0
ES,2020-03-15,3,Restrict_Mass_Gatherings_and_Schools_and_Others-Authorize_Schools_but_Restrict_Mass_Gatherings_and_Others-No_Measure,26267392664.931942,26265328928.94663,26269456400.917255,0,1018903062225.4147,1003557753990.3214,1034248370460.508,107926025.64705883,107926025.64705883,107926025.64705883,18496009546.51273,18494770320.91273,18497248772.11273,53625,52677.0,54573.0,6642,6542.0,6742.0,127004.82352941176,127004.82352941176,127004.82352941176,3705.1764705882356,3705.1764705882356,3705.1764705882356,20996,20996.0,20996.0
ES,2020-03-15,3,Restrict_Mass_Gatherings_and_Schools_and_Others-Authorize_Schools_but_Restrict_Mass_Gatherings_and_Others-Restrict_Mass_Gatherings,30547449282.058784,30545000228.278744,30549898335.838825,0,1122502685061.9907,1105622416197.3433,1139382953926.6382,116795482.49019608,116795482.49019608,116795482.49019608,18509072396.11273,18507601796.11273,18510542996.11273,63618,62493.0,64743.0,7317,7207.0,7427.0,135423.41176470587,135423.41176470587,135423.41176470587,4051.588235294118,4051.588235294118,4051.588235294118,22959,22959.0,22959.0
ES,2020-03-15,3,Restrict_Mass_Gatherings_and_Schools_and_Others-Authorize_Schools_but_Restrict_Mass_Gatherings_and_Others-Restrict_Mass_Gatherings_and_Schools,43590026674.99325,43587965115.944626,43592088234.04187,0,1017982243756.959,1002636940750.6497,1033327546763.2683,107847061.3137255,107847061.3137255,107847061.3137255,18495910199.31273,18494672280.91273,18497148117.71273,53549,52602.0,54496.0,6636,6536.0,6736.0,126925.82352941176,126925.82352941176,126925.82352941176,3702.1764705882356,3702.1764705882356,3702.1764705882356,20979,20979.0,20979.0
ES,2020-03-15,3,Restrict_Mass_Gatherings_and_Schools_and_Others-Authorize_Schools_but_Restrict_Mass_Gatherings_and_Others-Authorize_Schools_but_Restrict_Mass_Gatherings_and_Others,33182822244.58893,33180786808.78063,33184857680.39723,0,1010462015370.283,995270178622.8601,1025653852117.7057,107140633.70588237,107140633.70588237,107140633.70588237,18495046140.11273,18493823908.11273,18496268372.11273,52888,51953.0,53823.0,6587,6488.0,6686.0,126252.35294117648,126252.35294117648,126252.35294117648,3674.6470588235297,3674.6470588235297,3674.6470588235297,20823,20823.0,20823.0
ES,2020-03-15,3,Restrict_Mass_Gatherings_and_Schools_and_Others-Authorize_Schools_but_Restrict_Mass_Gatherings_and_Others-Restrict_Mass_Gatherings_and_Schools_and_Others,45495350905.34249,45493387308.44507,45497314502.23991,0,987288338381.6364,972403481211.0428,1002173195552.2297,104888121.37254903,104888121.37254903,104888121.37254903,18492609519.31273,18491430424.91273,18493788613.71273,51024,50122.0,51926.0,6436,6339.0,6533.0,124067.35294117648,124067.35294117648,124067.35294117648,3587.6470588235297,3587.6470588235297,3587.6470588235297,20330,20330.0,20330.0
ES,2020-03-15,3,Restrict_Mass_Gatherings_and_Schools_and_Others-Authorize_Schools_but_Restrict_Mass_Gatherings_and_Others-Lockdown,51667654894.1015,51665634696.85005,51669675091.35295,0,1005550995739.0153,990359195593.0806,1020742795884.95,106693803.62745097,106693803.62745097,106693803.62745097,18494519338.51273,18493306256.91273,18495732420.11273,52485,51557.0,53413.0,6555,6456.0,6654.0,125820.64705882352,125820.64705882352,125820.64705882352,3657.3529411764707,3657.3529411764707,3657.3529411764707,20725,20725.0,20725.0
ES,2020-03-15,3,Restrict_Mass_Gatherings_and_Schools_and_Others-Restrict_Mass_Gatherings_and_Schools_and_Others-No_Measure,38569165081.48356,38567362577.90145,38570967585.065674,0,920382424697.0248,906418375537.319,934346473856.7306,95858650.27450982,95858650.27450982,95858650.27450982,18487114050.51273,18486031688.91273,18488196412.11273,46820,45992.0,47648.0,6000,5909.0,6091.0,114507.4705882353,114507.4705882353,114507.4705882353,3255.5294117647063,3255.5294117647063,3255.5294117647063,18448,18448.0,18448.0
ES,2020-03-15,3,Restrict_Mass_Gatherings_and_Schools_and_Others-Restrict_Mass_Gatherings_and_Schools_and_Others-Restrict_Mass_Gatherings,42828967479.615295,42827138852.79286,42830796106.43772,0,927442588949.217,913478477044.1031,941406700854.3308,96479286.23529413,96479286.23529413,96479286.23529413,18488014711.31273,18486916663.31273,18489112759.31273,47509,46669.0,48349.0,6046,5955.0,6137.0,115091.11764705883,115091.11764705883,115091.11764705883,3279.8823529411766,3279.8823529411766,3279.8823529411766,18586,18586.0,18586.0
ES,2020-03-15,3,Restrict_Mass_Gatherings_and_Schools_and_Others-Restrict_Mass_Gatherings_and_Schools_and_Others-Restrict_Mass_Gatherings_and_Schools,55891953654.050095,55890151150.46799,55893756157.6322,0,920228995039.6261,906418349393.3989,934039640685.8534,95852882.96078432,95852882.96078432,95852882.96078432,18487107514.51273,18486025152.91273,18488189876.11273,46815,45987.0,47643.0,5999,5909.0,6089.0,114499.64705882352,114499.64705882352,114499.64705882352,3255.3529411764707,3255.3529411764707,3255.3529411764707,18447,18447.0,18447.0
ES,2020-03-15,3,Restrict_Mass_Gatherings_and_Schools_and_Others-Restrict_Mass_Gatherings_and_Schools_and_Others-Authorize_Schools_but_Restrict_Mass_Gatherings_and_Others,45486088039.712204,45484287713.06678,45487888366.35762,0,919768543975.1263,905957903557.6831,933579184392.5696,95809103.80392158,95809103.80392158,95809103.80392158,18487047383.31273,18485966328.91273,18488128437.71273,46769,45942.0,47596.0,5996,5906.0,6086.0,114452.23529411765,114452.23529411765,114452.23529411765,3253.764705882353,3253.764705882353,3253.764705882353,18438,18438.0,18438.0
ES,2020-03-15,3,Restrict_Mass_Gatherings_and_Schools_and_Others-Restrict_Mass_Gatherings_and_Schools_and_Others-Restrict_Mass_Gatherings_and_Schools_and_Others,57802411101.1223,57800615128.35027,57804207073.89433,0,918233876157.4762,904423246197.6011,932044506117.3514,95657535.13725491,95657535.13725491,95657535.13725491,18486889212.11273,18485810772.11273,18487967652.11273,46648,45823.0,47473.0,5986,5896.0,6076.0,114312.23529411765,114312.23529411765,114312.23529411765,3247.764705882353,3247.764705882353,3247.764705882353,18404,18404.0,18404.0
ES,2020-03-15,3,Restrict_Mass_Gatherings_and_Schools_and_Others-Restrict_Mass_Gatherings_and_Schools_and_Others-Lockdown,63971737040.48479,63969938890.77606,63973535190.19351,0,919461590542.217,905650955353.5579,933272225730.8762,95770157.33333334,95770157.33333334,95770157.33333334,18487010781.71273,18485931034.51273,18488090528.91273,46741,45915.0,47567.0,5994,5904.0,6084.0,114427.0,114427.0,114427.0,3252.0,3252.0,3252.0,18428,18428.0,18428.0
ES,2020-03-15,3,Restrict_Mass_Gatherings_and_Schools_and_Others-Lockdown-No_Measure,44748520168.1924,44746536978.86474,44750503357.52006,0,988671563479.8079,973786659250.1583,1003556467709.4574,104261262.23529413,104261262.23529413,104261262.23529413,18493257890.51273,18492067031.31273,18494448749.71273,51520,50609.0,52431.0,6445,6348.0,6542.0,123245.11764705883,123245.11764705883,123245.11764705883,3567.8823529411766,3567.8823529411766,3567.8823529411766,20218,20218.0,20218.0
ES,2020-03-15,3,Restrict_Mass_Gatherings_and_Schools_and_Others-Lockdown-Restrict_Mass_Gatherings,49022141760.45364,49019888630.976006,49024394889.931274,0,1061728430848.6357,1045769053655.42,1077687808041.8517,110536601.64705883,110536601.64705883,110536601.64705883,18502456656.91273,18501103704.91273,18503809608.91273,58557,57522.0,59592.0,6921,6817.0,7025.0,129191.82352941176,129191.82352941176,129191.82352941176,3813.1764705882356,3813.1764705882356,3813.1764705882356,21608,21608.0,21608.0
ES,2020-03-15,3,Restrict_Mass_Gatherings_and_Schools_and_Others-Lockdown-Restrict_Mass_Gatherings_and_Schools,62071197716.98757,62069216704.5966,62073178729.37854,0,988057656613.9894,973172757613.1239,1002942555614.8549,104211362.43137255,104211362.43137255,104211362.43137255,18493184687.31273,18491995135.31273,18494374239.31273,51464,50554.0,52374.0,6441,6344.0,6538.0,123188.88235294117,123188.88235294117,123188.88235294117,3566.117647058824,3566.117647058824,3566.117647058824,20208,20208.0,20208.0
ES,2020-03-15,3,Restrict_Mass_Gatherings_and_Schools_and_Others-Lockdown-Authorize_Schools_but_Restrict_Mass_Gatherings_and_Others,51664456974.09894,51662493377.20152,51666420570.99636,0,982839594660.4845,967954737489.891,997724451831.078,103750524.39215687,103750524.39215687,103750524.39215687,18492599061.71273,18491419967.31273,18493778156.11273,51016,50114.0,51918.0,6407,6310.0,6504.0,122734.5294117647,122734.5294117647,122734.5294117647,3548.470588235294,3548.470588235294,3548.470588235294,20108,20108.0,20108.0
ES,2020-03-15,3,Restrict_Mass_Gatherings_and_Schools_and_Others-Lockdown-Restrict_Mass_Gatherings_and_Schools_and_Others,63978422413.07012,63976504531.84326,63980340294.29698,0,968106561910.6016,953528621571.4293,982684502249.7738,102328015.19607843,102328015.19607843,102328015.19607843,18491025192.91273,18489873549.71273,18492176836.11273,49812,48931.0,50693.0,6311,6216.0,6406.0,121368.76470588235,121368.76470588235,121368.76470588235,3493.2352941176473,3493.2352941176473,3493.2352941176473,19795,19795.0,19795.0
ES,2020-03-15,3,Restrict_Mass_Gatherings_and_Schools_and_Others-Lockdown-Lockdown,70149529086.64778,70147576374.43384,70151481798.86174,0,979463185330.243,964731757817.0481,994194612843.4379,103414082.52941176,103414082.52941176,103414082.52941176,18492216052.11273,18491043493.71273,18493388610.51273,50723,49826.0,51620.0,6385,6289.0,6481.0,122419.76470588235,122419.76470588235,122419.76470588235,3535.2352941176473,3535.2352941176473,3535.2352941176473,20033,20033.0,20033.0
ES,2020-03-15,3,Lockdown-No_Measure-No_Measure,25807749947.181248,25800587825.460064,25814912068.902435,0,3084925302500.037,3038426835216.6567,3131423769783.4165,370458813.3137255,370458813.3137255,370458813.3137255,18669107663.31273,18664806975.31273,18673408351.31273,186044,182754.0,189334.0,20110,19807.0,20413.0,408973.82352941175,408973.82352941175,408973.82352941175,13278.176470588236,13278.176470588236,13278.176470588236,75243,75243.0,75243.0
ES,2020-03-15,3,Lockdown-No_Measure-Restrict_Mass_Gatherings,30334359883.389046,30322452039.676315,30346267727.101776,0,4371598081990.0957,4305759373259.2905,4437295056800.133,481323382.2352941,481323382.2352941,481323382.2352941,18830220063.31273,18823069679.31273,18837370447.31273,309294,303824.0,314764.0,28497,28068.0,28926.0,514217.1176470588,514217.1176470588,514217.1176470588,17607.88235294118,17607.88235294118,17607.88235294118,99778,99778.0,99778.0
ES,2020-03-15,3,Lockdown-No_Measure-Restrict_Mass_Gatherings_and_Schools,43128773024.08946,43121641379.48199,43135904668.69694,0,3075716825003.576,3029371834436.651,3122061815570.501,369636355.54901963,369636355.54901963,369636355.54901963,18668040988.11273,18663758600.91273,18672323375.31273,185228,181952.0,188504.0,20050,19748.0,20352.0,408192.9411764706,408192.9411764706,408192.9411764706,13246.058823529413,13246.058823529413,13246.058823529413,75061,75061.0,75061.0
ES,2020-03-15,3,Lockdown-No_Measure-Authorize_Schools_but_Restrict_Mass_Gatherings_and_Others,32706221189.996887,32699387785.7164,32713054594.277374,0,2987162678572.992,2942340769891.5503,3032126321175.202,361592855.627451,361592855.627451,361592855.627451,18657961168.91273,18653857868.11273,18662064469.71273,177517,174378.0,180656.0,19473,19180.0,19766.0,400488.64705882355,400488.64705882355,400488.64705882355,12933.352941176472,12933.352941176472,12933.352941176472,73289,73289.0,73289.0
ES,2020-03-15,3,Lockdown-No_Measure-Restrict_Mass_Gatherings_and_Schools_and_Others,44971775910.780914,44965843758.29148,44977708063.27035,0,2696788988324.217,2656122808815.9844,2737455167832.449,333515484.1764706,333515484.1764706,333515484.1764706,18627317786.51273,18623755666.51273,18630879906.51273,154075,151350.0,156800.0,17580,17315.0,17845.0,373276.5882352941,373276.5882352941,373276.5882352941,11848.411764705883,11848.411764705883,11848.411764705883,67141,67141.0,67141.0
ES,2020-03-15,3,Lockdown-No_Measure-Lockdown,51181107415.757454,51174465581.90598,51187749249.608925,0,2928678272830.8813,2884635511442.5356,2972721034219.2275,356169357.6666667,356169357.6666667,356169357.6666667,18651461770.51273,18647473503.31273,18655450037.71273,172545,169494.0,175596.0,19091,18804.0,19378.0,395270.0,395270.0,395270.0,12723.0,12723.0,12723.0,72097,72097.0,72097.0
ES,2020-03-15,3,Lockdown-Restrict_Mass_Gatherings-No_Measure,31335339321.30399,31305728628.40078,31364950014.207203,0,11205872786722.572,11037211203489.607,11374392636034.768,1304882303.0588236,1304882303.0588236,1304882303.0588236,19431285002.51273,19413504468.11273,19449065536.91273,769105,755503.0,782707.0,73048,71949.0,74147.0,1356060.5294117648,1356060.5294117648,1356060.5294117648,48524.470588235294,48524.470588235294,48524.470588235294,274972,274972.0,274972.0
ES,2020-03-15,3,Lockdown-Restrict_Mass_Gatherings-Restrict_Mass_Gatherings,37594547048.52429,37529545895.79697,37659548201.25161,0,21256704607089.926,20936843889146.332,21576565325033.527,2191149438.098039,2191149438.098039,2191149438.098039,20632782196.11273,20593750511.31273,20671813880.91273,1688243,1658384.0,1718102.0,138567,136482.0,140652.0,2200936.882352941,2200936.882352941,2200936.882352941,83063.11764705883,83063.11764705883,83063.11764705883,470691,470691.0,470691.0
ES,2020-03-15,3,Lockdown-Restrict_Mass_Gatherings-Restrict_Mass_Gatherings_and_Schools,48639850333.393,48610561827.1204,48669138839.66559,0,11107650611081.875,10940370433330.252,11274789054912.732,1295787442.27451,1295787442.27451,1295787442.27451,19420303215.31273,19402716146.51273,19437890284.11273,760704,747250.0,774158.0,72408,71318.0,73498.0,1347318.4705882352,1347318.4705882352,1347318.4705882352,48171.529411764706,48171.529411764706,48171.529411764706,272972,272972.0,272972.0
ES,2020-03-15,3,Lockdown-Restrict_Mass_Gatherings-Authorize_Schools_but_Restrict_Mass_Gatherings_and_Others,38115515824.20193,38088323707.96504,38142707940.438805,0,10500324778112.236,10342253846488.32,10658253975815.387,1242836066.0588236,1242836066.0588236,1242836066.0588236,19349105260.11273,19332777024.91273,19365433495.31273,706238,693747.0,718729.0,68449,67419.0,69479.0,1297056.5294117648,1297056.5294117648,1297056.5294117648,46103.470588235294,46103.470588235294,46103.470588235294,261253,261253.0,261253.0
ES,2020-03-15,3,Lockdown-Restrict_Mass_Gatherings-Restrict_Mass_Gatherings_and_Schools_and_Others,49947683811.133255,49929060117.72147,49966307504.54503,0,7730134478379.548,7613809882915.639,7846459073843.457,974222631.0392158,974222631.0392158,974222631.0392158,19058223194.51273,19047040098.51273,19069406290.51273,483715,475160.0,492270.0,50391,49633.0,51149.0,1036591.3529411765,1036591.3529411765,1036591.3529411765,35726.64705882353,35726.64705882353,35726.64705882353,202451,202451.0,202451.0
ES,2020-03-15,3,Lockdown-Restrict_Mass_Gatherings-Lockdown,56494743097.782455,56469436208.72203,56520049986.84287,0,9913430642644.021,9764261642928.81,10062457908438.467,1187488701.509804,1187488701.509804,1187488701.509804,19285164879.31273,19269968679.31273,19300361079.31273,657324,645699.0,668949.0,64623,63651.0,65595.0,1243625.5882352942,1243625.5882352942,1243625.5882352942,43960.41176470589,43960.41176470589,43960.41176470589,249109,249109.0,249109.0
ES,2020-03-15,3,Lockdown-Restrict_Mass_Gatherings_and_Schools-No_Measure,43123646338.176575,43116606124.91022,43130686551.44293,0,3040268299603.6963,2994537142699.614,3085999456507.7793,365203342.5882353,365203342.5882353,365203342.5882353,18664962532.11273,18660735047.31273,18669190016.91273,182873,179639.0,186107.0,19819,19521.0,20117.0,403610.29411764705,403610.29411764705,403610.29411764705,13080.705882352942,13080.705882352942,13080.705882352942,74124,74124.0,74124.0
ES,2020-03-15,3,Lockdown-Restrict_Mass_Gatherings_and_Schools-Restrict_Mass_Gatherings,47656118764.89962,47644230513.61713,47668007016.182106,0,4360857336687.841,4295172078529.5703,4426400860925.344,479518771.4313726,479518771.4313726,479518771.4313726,18829595221.71273,18822456602.51273,18836733840.91273,308816,303355.0,314277.0,28427,27999.0,28855.0,512228.8823529412,512228.8823529412,512228.8823529412,17543.117647058825,17543.117647058825,17543.117647058825,99411,99411.0,99411.0
ES,2020-03-15,3,Lockdown-Restrict_Mass_Gatherings_and_Schools-Restrict_Mass_Gatherings_and_Schools,60444628053.28761,60437620494.071655,60451635612.50357,0,3030752915733.3823,2985175240774.538,3076330590692.226,364337459.0,364337459.0,364337459.0,18663871020.11273,18659663143.31273,18668078896.91273,182038,178819.0,185257.0,19757,19460.0,20054.0,402783.0,402783.0,402783.0,13047.0,13047.0,13047.0,73933,73933.0,73933.0
ES,2020-03-15,3,Lockdown-Restrict_Mass_Gatherings_and_Schools-Authorize_Schools_but_Restrict_Mass_Gatherings_and_Others,50023001417.28973,50016274682.90721,50029728151.67223,0,2947405041401.5605,2903055269063.681,2991613079818.672,356782208.9607843,356782208.9607843,356782208.9607843,18654346760.91273,18650307512.91273,18658386008.91273,174752,171662.0,177842.0,19213,18924.0,19502.0,395542.64705882355,395542.64705882355,395542.64705882355,12753.352941176472,12753.352941176472,12753.352941176472,72269,72269.0,72269.0
ES,2020-03-15,3,Lockdown-Restrict_Mass_Gatherings_and_Schools-Restrict_Mass_Gatherings_and_Schools_and_Others,62287796387.16777,62281983966.19647,62293608808.13907,0,2649677827252.9062,2609920686815.955,2689576701610.626,327653214.5098039,327653214.5098039,327653214.5098039,18623247165.71273,18619756941.71273,18626737389.71273,150961,148291.0,153631.0,17273,17013.0,17533.0,367232.5882352941,367232.5882352941,367232.5882352941,11629.411764705883,11629.411764705883,11629.411764705883,65900,65900.0,65900.0
ES,2020-03-15,3,Lockdown-Restrict_Mass_Gatherings_and_Schools-Lockdown,68498042205.55553,68491502687.728645,68504581723.38241,0,2889392887036.2607,2845810581941.198,2932975192131.3228,351385541.54901963,351385541.54901963,351385541.54901963,18647940173.71273,18644013344.91273,18651867002.51273,169851,166847.0,172855.0,18835,18551.0,19119.0,390348.9411764706,390348.9411764706,390348.9411764706,12544.058823529413,12544.058823529413,12544.058823529413,71083,71083.0,71083.0
ES,2020-03-15,3,Lockdown-Authorize_Schools_but_Restrict_Mass_Gatherings_and_Others-No_Measure,32662789126.02747,32656724180.399742,32668854071.655197,0,2681927101201.7354,2641567409764.636,2722286792638.8345,322745732.13725495,322745732.13725495,322745732.13725495,18631881221.71273,18628239362.51273,18635523080.91273,157566,154780.0,160352.0,17483,17220.0,17746.0,360117.23529411765,360117.23529411765,360117.23529411765,11488.764705882353,11488.764705882353,11488.764705882353,65103,65103.0,65103.0
ES,2020-03-15,3,Lockdown-Authorize_Schools_but_Restrict_Mass_Gatherings_and_Others-Restrict_Mass_Gatherings,37074317480.876976,37065542249.066,37083092712.68795,0,3408377302872.058,3357119452141.897,3459493419681.4507,384694893.6666667,384694893.6666667,384694893.6666667,18723889800.91273,18718620477.71273,18729159124.11273,227952,223921.0,231983.0,22218,21884.0,22552.0,418787.0,418787.0,418787.0,13911.0,13911.0,13911.0,78829,78829.0,78829.0
ES,2020-03-15,3,Lockdown-Authorize_Schools_but_Restrict_Mass_Gatherings_and_Others-Restrict_Mass_Gatherings_and_Schools,49984280244.32476,49978237068.063965,49990323420.585556,0,2675174204109.492,2634814564960.233,2715533843258.7515,322136026.7254902,322136026.7254902,322136026.7254902,18631095594.51273,18627466807.31273,18634724381.71273,156965,154189.0,159741.0,17439,17176.0,17702.0,359513.5294117647,359513.5294117647,359513.5294117647,11465.470588235296,11465.470588235296,11465.470588235296,64971,64971.0,64971.0
ES,2020-03-15,3,Lockdown-Authorize_Schools_but_Restrict_Mass_Gatherings_and_Others-Authorize_Schools_but_Restrict_Mass_Gatherings_and_Others,39566489370.78058,39560659534.315735,39572319207.24542,0,2610715844645.6587,2571572276432.3496,2650001146779.736,316167084.4509804,316167084.4509804,316167084.4509804,18623874621.71273,18620373940.11273,18627375303.31273,151441,148763.0,154119.0,17019,16763.0,17275.0,353771.0588235294,353771.0588235294,353771.0588235294,11233.94117647059,11233.94117647059,11233.94117647059,63659,63659.0,63659.0
ES,2020-03-15,3,Lockdown-Authorize_Schools_but_Restrict_Mass_Gatherings_and_Others-Restrict_Mass_Gatherings_and_Schools_and_Others,51852361441.72382,51847075839.43233,51857647044.01533,0,2436977624881.7017,2400301489672.7607,2473653760090.642,299470082.88235295,299470082.88235295,299470082.88235295,18605431336.91273,18602257455.31273,18608605218.51273,137332,134904.0,139760.0,15886,15647.0,16125.0,337621.9411764706,337621.9411764706,337621.9411764706,10588.058823529413,10588.058823529413,10588.058823529413,59999,59999.0,59999.0
ES,2020-03-15,3,Lockdown-Authorize_Schools_but_Restrict_Mass_Gatherings_and_Others-Lockdown,58044573516.54371,58038878650.153854,58050268382.93356,0,2568806699442.934,2530135335547.38,2607336329417.721,312178097.627451,312178097.627451,312178097.627451,18619295500.11273,18615875864.91273,18622715135.31273,147938,145322.0,150554.0,16745,16493.0,16997.0,349926.64705882355,349926.64705882355,349926.64705882355,11079.352941176472,11079.352941176472,11079.352941176472,62783,62783.0,62783.0
ES,2020-03-15,3,Lockdown-Restrict_Mass_Gatherings_and_Schools_and_Others-No_Measure,44865992026.04001,44861932039.10687,44870052012.973145,0,1931795052146.9954,1902638632903.899,1960951471390.092,231653319.03921568,231653319.03921568,231653319.03921568,18563797016.91273,18561359088.91273,18566234944.91273,105482,103617.0,107347.0,12593,12403.0,12783.0,265966.35294117645,265966.35294117645,265966.35294117645,8090.64705882353,8090.64705882353,8090.64705882353,45847,45847.0,45847.0
ES,2020-03-15,3,Lockdown-Restrict_Mass_Gatherings_and_Schools_and_Others-Restrict_Mass_Gatherings,49138655766.156166,49134341077.629906,49142970454.68243,0,2000247513446.505,1970170061354.8088,2030324965538.2012,237512431.60784316,237512431.60784316,237512431.60784316,18572420615.31273,18569829744.91273,18575011485.71273,112079,110097.0,114061.0,13039,12843.0,13235.0,271525.4705882353,271525.4705882353,271525.4705882353,8319.529411764706,8319.529411764706,8319.529411764706,47144,47144.0,47144.0
ES,2020-03-15,3,Lockdown-Restrict_Mass_Gatherings_and_Schools_and_Others-Restrict_Mass_Gatherings_and_Schools,62188673928.708565,62184616118.71213,62192731738.705,0,1931181155738.7449,1902024741724.4324,1960337569753.0574,231594950.627451,231594950.627451,231594950.627451,18563726428.11273,18561289807.31273,18566163048.91273,105428,103564.0,107292.0,12589,12399.0,12779.0,265911.64705882355,265911.64705882355,265911.64705882355,8088.352941176471,8088.352941176471,8088.352941176471,45834,45834.0,45834.0
ES,2020-03-15,3,Lockdown-Restrict_Mass_Gatherings_and_Schools_and_Others-Authorize_Schools_but_Restrict_Mass_Gatherings_and_Others,51781876585.465904,51777836190.96301,51785916979.9688,0,1925656150809.899,1896653182139.337,1954659119480.4607,231067868.25490195,231067868.25490195,231067868.25490195,18563106815.31273,18560680652.11273,18565532978.51273,104954,103098.0,106810.0,12553,12364.0,12742.0,265414.29411764705,265414.29411764705,265414.29411764705,8067.705882352941,8067.705882352941,8067.705882352941,45717,45717.0,45717.0
ES,2020-03-15,3,Lockdown-Restrict_Mass_Gatherings_and_Schools_and_Others-Restrict_Mass_Gatherings_and_Schools_and_Others,64095896447.85442,64091901769.022095,64099891126.68676,0,1911076652293.0947,1882227196940.475,1939926107645.7139,229673944.88235295,229673944.88235295,229673944.88235295,18561565626.51273,18559166914.51273,18563964338.51273,103775,101940.0,105610.0,12458,12270.0,12646.0,264052.9411764706,264052.9411764706,264052.9411764706,8014.058823529413,8014.058823529413,8014.058823529413,45413,45413.0,45413.0
ES,2020-03-15,3,Lockdown-Restrict_Mass_Gatherings_and_Schools_and_Others-Lockdown,70266968290.44499,70262938780.62556,70270997800.26442,0,1922279788538.7134,1893276846012.0713,1951282731065.3555,230760365.54901963,230760365.54901963,230760365.54901963,18562735570.51273,18560315943.31273,18565155197.71273,104670,102819.0,106521.0,12531,12342.0,12720.0,265104.9411764706,265104.9411764706,265104.9411764706,8056.058823529413,8056.058823529413,8056.058823529413,45651,45651.0,45651.0
ES,2020-03-15,3,Lockdown-Lockdown-No_Measure,51118476947.08922,51112943174.01467,51124010720.16376,0,2486560648790.6055,2449116899932.896,2524004397648.3154,299527004.07843137,299527004.07843137,299527004.07843137,18613853626.51273,18610530724.11273,18617176528.91273,143775,141233.0,146317.0,16209,15965.0,16453.0,336278.70588235295,336278.70588235295,336278.70588235295,10619.29411764706,10619.29411764706,10619.29411764706,60176,60176.0,60176.0
ES,2020-03-15,3,Lockdown-Lockdown-Restrict_Mass_Gatherings,55499127631.87997,55491429983.732216,55506825280.027725,0,3069811207313.126,3023618260775.8394,3115862419929.6445,349572520.15686274,349572520.15686274,349572520.15686274,18687320880.91273,18682698621.71273,18691943140.11273,199977,196441.0,203513.0,20011,19710.0,20312.0,383747.4117647059,383747.4117647059,383747.4117647059,12574.588235294119,12574.588235294119,12574.588235294119,71256,71256.0,71256.0
ES,2020-03-15,3,Lockdown-Lockdown-Restrict_Mass_Gatherings_and_Schools,68440281544.27035,68434765186.68935,68445797901.85134,0,2481189136264.5664,2443745429237.1284,2518632843292.004,299053457.4313726,299053457.4313726,299053457.4313726,18613256236.11273,18609943791.31273,18616568680.91273,143318,140784.0,145852.0,16174,15930.0,16418.0,335813.8823529412,335813.8823529412,335813.8823529412,10601.117647058823,10601.117647058823,10601.117647058823,60073,60073.0,60073.0
ES,2020-03-15,3,Lockdown-Lockdown-Authorize_Schools_but_Restrict_Mass_Gatherings_and_Others,58025634167.31139,58020274549.17232,58030993785.45047,0,2433612713647.476,2396936400659.8794,2470289026635.0728,294620706.54901963,294620706.54901963,294620706.54901963,18607922860.11273,18604704533.71273,18611141186.51273,139238,136776.0,141700.0,15864,15625.0,16103.0,331554.9411764706,331554.9411764706,331554.9411764706,10429.058823529413,10429.058823529413,10429.058823529413,59098,59098.0,59098.0
ES,2020-03-15,3,Lockdown-Lockdown-Restrict_Mass_Gatherings_and_Schools_and_Others,70318738021.95001,70313794198.71938,70323681845.18065,0,2299481639974.16,2264800571359.529,2334162708588.7905,281617065.6666667,281617065.6666667,281617065.6666667,18593822093.71273,18590853442.51273,18596790744.91273,128451,126180.0,130722.0,14990,14764.0,15216.0,318932.0,318932.0,318932.0,9927.0,9927.0,9927.0,56253,56253.0,56253.0
ES,2020-03-15,3,Lockdown-Lockdown-Lockdown,76506387237.4606,76501114696.78926,76511659778.13194,0,2406755192847.551,2370539299551.7495,2442971086143.3516,292121784.0,292121784.0,292121784.0,18604946365.71273,18601780327.31273,18608112404.11273,136961,134539.0,139383.0,15689,15453.0,15925.0,329157.0,329157.0,329157.0,10332.0,10332.0,10332.0,58548,58548.0,58548.0
