mode,split_id,test_region_id,country,province,continent,start_date_used,months,pred_cases,actual_cases,ape_cases_pct,pred_deaths,actual_deaths,ape_deaths_pct,train_z_metric,train_policy_counts
robust,1,Australia__New_South_Wales,Australia,New South Wales,Oceania,2020-07-03,1,1346061.0,401.0,335576.05985037406,6252.0,1.0,625100.0,0.3914917470339575,"{'Authorize_Schools_but_Restrict_Mass_Gatherings_and_Others': 17, 'Lockdown': 11, 'Mass_Gatherings_Authorized_But_Others_Restricted': 31, 'No_Measure': 0, 'Restrict_Mass_Gatherings': 0, 'Restrict_Mass_Gatherings_and_Schools': 1, 'Restrict_Mass_Gatherings_and_Schools_and_Others': 42}"
robust,1,Australia__Queensland,Australia,Queensland,Oceania,2020-07-03,1,0.0,21.0,100.0,0.0,0.0,,0.3914917470339575,"{'Authorize_Schools_but_Restrict_Mass_Gatherings_and_Others': 17, 'Lockdown': 11, 'Mass_Gatherings_Authorized_But_Others_Restricted': 31, 'No_Measure': 0, 'Restrict_Mass_Gatherings': 0, 'Restrict_Mass_Gatherings_and_Schools': 1, 'Restrict_Mass_Gatherings_and_Schools_and_Others': 42}"
robust,1,Austria__None,Austria,None,Europe,2020-07-03,1,494424.0,3316.0,14810.253317249697,3339.0,14.0,23750.0,0.3914917470339575,"{'Authorize_Schools_but_Restrict_Mass_Gatherings_and_Others': 17, 'Lockdown': 11, 'Mass_Gatherings_Authorized_But_Others_Restricted': 31, 'No_Measure': 0, 'Restrict_Mass_Gatherings': 0, 'Restrict_Mass_Gatherings_and_Schools': 1, 'Restrict_Mass_Gatherings_and_Schools_and_Others': 42}"
robust,1,Belgium__None,Belgium,None,Europe,2020-07-03,1,381.0,8810.0,95.67536889897843,51.0,81.0,37.03703703703704,0.3914917470339575,"{'Authorize_Schools_but_Restrict_Mass_Gatherings_and_Others': 17, 'Lockdown': 11, 'Mass_Gatherings_Authorized_But_Others_Restricted': 31, 'No_Measure': 0, 'Restrict_Mass_Gatherings': 0, 'Restrict_Mass_Gatherings_and_Schools': 1, 'Restrict_Mass_Gatherings_and_Schools_and_Others': 42}"
robust,1,Chad__None,Chad,None,Africa,2020-07-03,1,4.0,67.0,94.02985074626866,0.0,1.0,100.0,0.3914917470339575,"{'Authorize_Schools_but_Restrict_Mass_Gatherings_and_Others': 17, 'Lockdown': 11, 'Mass_Gatherings_Authorized_But_Others_Restricted': 31, 'No_Measure': 0, 'Restrict_Mass_Gatherings': 0, 'Restrict_Mass_Gatherings_and_Schools': 1, 'Restrict_Mass_Gatherings_and_Schools_and_Others': 42}"
robust,1,Chile__None,Chile,None,South America,2020-07-03,1,86332.0,71115.0,21.397736061309146,5342.0,3553.0,50.35181536729524,0.3914917470339575,"{'Authorize_Schools_but_Restrict_Mass_Gatherings_and_Others': 17, 'Lockdown': 11, 'Mass_Gatherings_Authorized_But_Others_Restricted': 31, 'No_Measure': 0, 'Restrict_Mass_Gatherings': 0, 'Restrict_Mass_Gatherings_and_Schools': 1, 'Restrict_Mass_Gatherings_and_Schools_and_Others': 42}"
robust,1,Czechia__None,Czechia,None,Europe,2020-07-03,1,1119.0,4846.0,76.90879075526207,48.0,32.0,50.0,0.3914917470339575,"{'Authorize_Schools_but_Restrict_Mass_Gatherings_and_Others': 17, 'Lockdown': 11, 'Mass_Gatherings_Authorized_But_Others_Restricted': 31, 'No_Measure': 0, 'Restrict_Mass_Gatherings': 0, 'Restrict_Mass_Gatherings_and_Schools': 1, 'Restrict_Mass_Gatherings_and_Schools_and_Others': 42}"
robust,1,Ecuador__None,Ecuador,None,South America,2020-07-03,1,15465.0,26428.0,41.48251854094143,1480.0,1039.0,42.4446583253128,0.3914917470339575,"{'Authorize_Schools_but_Restrict_Mass_Gatherings_and_Others': 17, 'Lockdown': 11, 'Mass_Gatherings_Authorized_But_Others_Restricted': 31, 'No_Measure': 0, 'Restrict_Mass_Gatherings': 0, 'Restrict_Mass_Gatherings_and_Schools': 1, 'Restrict_Mass_Gatherings_and_Schools_and_Others': 42}"
robust,1,El_Salvador__None,El Salvador,None,North America,2020-07-03,1,4139.0,10755.0,61.515574151557416,208.0,276.0,24.637681159420293,0.3914917470339575,"{'Authorize_Schools_but_Restrict_Mass_Gatherings_and_Others': 17, 'Lockdown': 11, 'Mass_Gatherings_Authorized_But_Others_Restricted': 31, 'No_Measure': 0, 'Restrict_Mass_Gatherings': 0, 'Restrict_Mass_Gatherings_and_Schools': 1, 'Restrict_Mass_Gatherings_and_Schools_and_Others': 42}"
robust,1,Estonia__None,Estonia,None,Europe,2020-07-03,1,9.0,98.0,90.81632653061224,0.0,-6.0,,0.3914917470339575,"{'Authorize_Schools_but_Restrict_Mass_Gatherings_and_Others': 17, 'Lockdown': 11, 'Mass_Gatherings_Authorized_But_Others_Restricted': 31, 'No_Measure': 0, 'Restrict_Mass_Gatherings': 0, 'Restrict_Mass_Gatherings_and_Schools': 1, 'Restrict_Mass_Gatherings_and_Schools_and_Others': 42}"
robust,1,Gabon__None,Gabon,None,Africa,2020-07-03,1,2309.0,2026.0,13.968410661401776,20.0,7.0,185.71428571428572,0.3914917470339575,"{'Authorize_Schools_but_Restrict_Mass_Gatherings_and_Others': 17, 'Lockdown': 11, 'Mass_Gatherings_Authorized_But_Others_Restricted': 31, 'No_Measure': 0, 'Restrict_Mass_Gatherings': 0, 'Restrict_Mass_Gatherings_and_Schools': 1, 'Restrict_Mass_Gatherings_and_Schools_and_Others': 42}"
robust,1,Guyana__None,Guyana,None,South America,2020-07-03,1,89.0,225.0,60.44444444444444,2.0,8.0,75.0,0.3914917470339575,"{'Authorize_Schools_but_Restrict_Mass_Gatherings_and_Others': 17, 'Lockdown': 11, 'Mass_Gatherings_Authorized_But_Others_Restricted': 31, 'No_Measure': 0, 'Restrict_Mass_Gatherings': 0, 'Restrict_Mass_Gatherings_and_Schools': 1, 'Restrict_Mass_Gatherings_and_Schools_and_Others': 42}"
robust,1,Hungary__None,Hungary,None,Europe,2020-07-03,1,1892.0,379.0,399.2084432717678,109.0,9.0,1111.111111111111,0.3914917470339575,"{'Authorize_Schools_but_Restrict_Mass_Gatherings_and_Others': 17, 'Lockdown': 11, 'Mass_Gatherings_Authorized_But_Others_Restricted': 31, 'No_Measure': 0, 'Restrict_Mass_Gatherings': 0, 'Restrict_Mass_Gatherings_and_Schools': 1, 'Restrict_Mass_Gatherings_and_Schools_and_Others': 42}"
robust,1,"Korea,_South__None","Korea, South",None,Asia,2020-07-03,1,26.0,1365.0,98.09523809523809,3.0,19.0,84.21052631578947,0.3914917470339575,"{'Authorize_Schools_but_Restrict_Mass_Gatherings_and_Others': 17, 'Lockdown': 11, 'Mass_Gatherings_Authorized_But_Others_Restricted': 31, 'No_Measure': 0, 'Restrict_Mass_Gatherings': 0, 'Restrict_Mass_Gatherings_and_Schools': 1, 'Restrict_Mass_Gatherings_and_Schools_and_Others': 42}"
robust,1,Kosovo__None,Kosovo,None,Europe,2020-07-03,1,6799.0,6096.0,11.532152230971128,118.0,211.0,44.07582938388626,0.3914917470339575,"{'Authorize_Schools_but_Restrict_Mass_Gatherings_and_Others': 17, 'Lockdown': 11, 'Mass_Gatherings_Authorized_But_Others_Restricted': 31, 'No_Measure': 0, 'Restrict_Mass_Gatherings': 0, 'Restrict_Mass_Gatherings_and_Schools': 1, 'Restrict_Mass_Gatherings_and_Schools_and_Others': 42}"
robust,1,Lebanon__None,Lebanon,None,Asia,2020-07-03,1,372.0,3207.0,88.40037418147801,6.0,30.0,80.0,0.3914917470339575,"{'Authorize_Schools_but_Restrict_Mass_Gatherings_and_Others': 17, 'Lockdown': 11, 'Mass_Gatherings_Authorized_But_Others_Restricted': 31, 'No_Measure': 0, 'Restrict_Mass_Gatherings': 0, 'Restrict_Mass_Gatherings_and_Schools': 1, 'Restrict_Mass_Gatherings_and_Schools_and_Others': 42}"
robust,1,Lithuania__None,Lithuania,None,Europe,2020-07-03,1,27.0,306.0,91.17647058823529,3.0,1.0,200.0,0.3914917470339575,"{'Authorize_Schools_but_Restrict_Mass_Gatherings_and_Others': 17, 'Lockdown': 11, 'Mass_Gatherings_Authorized_But_Others_Restricted': 31, 'No_Measure': 0, 'Restrict_Mass_Gatherings': 0, 'Restrict_Mass_Gatherings_and_Schools': 1, 'Restrict_Mass_Gatherings_and_Schools_and_Others': 42}"
robust,1,Luxembourg__None,Luxembourg,None,Europe,2020-07-03,1,20.0,2441.0,99.18066366243343,2.0,8.0,75.0,0.3914917470339575,"{'Authorize_Schools_but_Restrict_Mass_Gatherings_and_Others': 17, 'Lockdown': 11, 'Mass_Gatherings_Authorized_But_Others_Restricted': 31, 'No_Measure': 0, 'Restrict_Mass_Gatherings': 0, 'Restrict_Mass_Gatherings_and_Schools': 1, 'Restrict_Mass_Gatherings_and_Schools_and_Others': 42}"
robust,1,Mexico__None,Mexico,None,North America,2020-07-03,1,152456.0,197796.0,22.92260713057898,22261.0,18503.0,20.31021996433011,0.3914917470339575,"{'Authorize_Schools_but_Restrict_Mass_Gatherings_and_Others': 17, 'Lockdown': 11, 'Mass_Gatherings_Authorized_But_Others_Restricted': 31, 'No_Measure': 0, 'Restrict_Mass_Gatherings': 0, 'Restrict_Mass_Gatherings_and_Schools': 1, 'Restrict_Mass_Gatherings_and_Schools_and_Others': 42}"
robust,1,Morocco__None,Morocco,None,Africa,2020-07-03,1,2650.0,13395.0,80.21649869354238,44.0,185.0,76.21621621621621,0.3914917470339575,"{'Authorize_Schools_but_Restrict_Mass_Gatherings_and_Others': 17, 'Lockdown': 11, 'Mass_Gatherings_Authorized_But_Others_Restricted': 31, 'No_Measure': 0, 'Restrict_Mass_Gatherings': 0, 'Restrict_Mass_Gatherings_and_Schools': 1, 'Restrict_Mass_Gatherings_and_Schools_and_Others': 42}"
robust,1,Nepal__None,Nepal,None,Asia,2020-07-03,1,138977.0,5518.0,2418.611815875317,315.0,24.0,1212.5,0.3914917470339575,"{'Authorize_Schools_but_Restrict_Mass_Gatherings_and_Others': 17, 'Lockdown': 11, 'Mass_Gatherings_Authorized_But_Others_Restricted': 31, 'No_Measure': 0, 'Restrict_Mass_Gatherings': 0, 'Restrict_Mass_Gatherings_and_Schools': 1, 'Restrict_Mass_Gatherings_and_Schools_and_Others': 42}"
robust,2,Angola__None,Angola,None,Africa,2020-07-03,1,448.0,998.0,55.11022044088176,17.0,40.0,57.49999999999999,0.41278897658555247,"{'Authorize_Schools_but_Restrict_Mass_Gatherings_and_Others': 20, 'Lockdown': 14, 'Mass_Gatherings_Authorized_But_Others_Restricted': 30, 'No_Measure': 0, 'Restrict_Mass_Gatherings': 0, 'Restrict_Mass_Gatherings_and_Schools': 1, 'Restrict_Mass_Gatherings_and_Schools_and_Others': 38}"
robust,2,Australia__Australian_Capital_Territory,Australia,Australian Capital Territory,Oceania,2020-07-03,1,0.0,5.0,100.0,0.0,0.0,,0.41278897658555247,"{'Authorize_Schools_but_Restrict_Mass_Gatherings_and_Others': 20, 'Lockdown': 14, 'Mass_Gatherings_Authorized_But_Others_Restricted': 30, 'No_Measure': 0, 'Restrict_Mass_Gatherings': 0, 'Restrict_Mass_Gatherings_and_Schools': 1, 'Restrict_Mass_Gatherings_and_Schools_and_Others': 38}"
robust,2,Bahrain__None,Bahrain,None,Asia,2020-07-03,1,8564.0,13275.0,35.48775894538607,45.0,55.0,18.181818181818183,0.41278897658555247,"{'Authorize_Schools_but_Restrict_Mass_Gatherings_and_Others': 20, 'Lockdown': 14, 'Mass_Gatherings_Authorized_But_Others_Restricted': 30, 'No_Measure': 0, 'Restrict_Mass_Gatherings': 0, 'Restrict_Mass_Gatherings_and_Schools': 1, 'Restrict_Mass_Gatherings_and_Schools_and_Others': 38}"
robust,2,Belgium__None,Belgium,None,Europe,2020-07-03,1,421.0,8810.0,95.22133938706015,55.0,81.0,32.098765432098766,0.41278897658555247,"{'Authorize_Schools_but_Restrict_Mass_Gatherings_and_Others': 20, 'Lockdown': 14, 'Mass_Gatherings_Authorized_But_Others_Restricted': 30, 'No_Measure': 0, 'Restrict_Mass_Gatherings': 0, 'Restrict_Mass_Gatherings_and_Schools': 1, 'Restrict_Mass_Gatherings_and_Schools_and_Others': 38}"
robust,2,Canada__New_Brunswick,Canada,New Brunswick,North America,2020-07-03,1,272.0,5.0,5340.0,1.0,0.0,,0.41278897658555247,"{'Authorize_Schools_but_Restrict_Mass_Gatherings_and_Others': 20, 'Lockdown': 14, 'Mass_Gatherings_Authorized_But_Others_Restricted': 30, 'No_Measure': 0, 'Restrict_Mass_Gatherings': 0, 'Restrict_Mass_Gatherings_and_Schools': 1, 'Restrict_Mass_Gatherings_and_Schools_and_Others': 38}"
robust,2,Canada__Quebec,Canada,Quebec,North America,2020-07-03,1,795.0,4061.0,80.42354099975375,221.0,119.0,85.71428571428571,0.41278897658555247,"{'Authorize_Schools_but_Restrict_Mass_Gatherings_and_Others': 20, 'Lockdown': 14, 'Mass_Gatherings_Authorized_But_Others_Restricted': 30, 'No_Measure': 0, 'Restrict_Mass_Gatherings': 0, 'Restrict_Mass_Gatherings_and_Schools': 1, 'Restrict_Mass_Gatherings_and_Schools_and_Others': 38}"
robust,2,Colombia__None,Colombia,None,South America,2020-07-03,1,70490.0,221590.0,68.1889976984521,2591.0,7373.0,64.85826664858266,0.41278897658555247,"{'Authorize_Schools_but_Restrict_Mass_Gatherings_and_Others': 20, 'Lockdown': 14, 'Mass_Gatherings_Authorized_But_Others_Restricted': 30, 'No_Measure': 0, 'Restrict_Mass_Gatherings': 0, 'Restrict_Mass_Gatherings_and_Schools': 1, 'Restrict_Mass_Gatherings_and_Schools_and_Others': 38}"
robust,2,Cuba__None,Cuba,None,North America,2020-07-03,1,249.0,332.0,25.0,6.0,2.0,200.0,0.41278897658555247,"{'Authorize_Schools_but_Restrict_Mass_Gatherings_and_Others': 20, 'Lockdown': 14, 'Mass_Gatherings_Authorized_But_Others_Restricted': 30, 'No_Measure': 0, 'Restrict_Mass_Gatherings': 0, 'Restrict_Mass_Gatherings_and_Schools': 1, 'Restrict_Mass_Gatherings_and_Schools_and_Others': 38}"
robust,2,Djibouti__None,Djibouti,None,Africa,2020-07-03,1,941.0,512.0,83.7890625,41.0,4.0,925.0,0.41278897658555247,"{'Authorize_Schools_but_Restrict_Mass_Gatherings_and_Others': 20, 'Lockdown': 14, 'Mass_Gatherings_Authorized_But_Others_Restricted': 30, 'No_Measure': 0, 'Restrict_Mass_Gatherings': 0, 'Restrict_Mass_Gatherings_and_Schools': 1, 'Restrict_Mass_Gatherings_and_Schools_and_Others': 38}"
robust,2,Finland__None,Finland,None,Europe,2020-07-03,1,578.0,235.0,145.95744680851064,19.0,2.0,850.0,0.41278897658555247,"{'Authorize_Schools_but_Restrict_Mass_Gatherings_and_Others': 20, 'Lockdown': 14, 'Mass_Gatherings_Authorized_But_Others_Restricted': 30, 'No_Measure': 0, 'Restrict_Mass_Gatherings': 0, 'Restrict_Mass_Gatherings_and_Schools': 1, 'Restrict_Mass_Gatherings_and_Schools_and_Others': 38}"
robust,2,Ghana__None,Ghana,None,Africa,2020-07-03,1,8700.0,18424.0,52.778983933999136,69.0,74.0,6.756756756756757,0.41278897658555247,"{'Authorize_Schools_but_Restrict_Mass_Gatherings_and_Others': 20, 'Lockdown': 14, 'Mass_Gatherings_Authorized_But_Others_Restricted': 30, 'No_Measure': 0, 'Restrict_Mass_Gatherings': 0, 'Restrict_Mass_Gatherings_and_Schools': 1, 'Restrict_Mass_Gatherings_and_Schools_and_Others': 38}"
robust,2,Guinea__None,Guinea,None,Africa,2020-07-03,1,16319.0,1919.0,750.3908285565399,89.0,14.0,535.7142857142857,0.41278897658555247,"{'Authorize_Schools_but_Restrict_Mass_Gatherings_and_Others': 20, 'Lockdown': 14, 'Mass_Gatherings_Authorized_But_Others_Restricted': 30, 'No_Measure': 0, 'Restrict_Mass_Gatherings': 0, 'Restrict_Mass_Gatherings_and_Schools': 1, 'Restrict_Mass_Gatherings_and_Schools_and_Others': 38}"
robust,2,Haiti__None,Haiti,None,North America,2020-07-03,1,1013.0,1217.0,16.76253081347576,17.0,53.0,67.9245283018868,0.41278897658555247,"{'Authorize_Schools_but_Restrict_Mass_Gatherings_and_Others': 20, 'Lockdown': 14, 'Mass_Gatherings_Authorized_But_Others_Restricted': 30, 'No_Measure': 0, 'Restrict_Mass_Gatherings': 0, 'Restrict_Mass_Gatherings_and_Schools': 1, 'Restrict_Mass_Gatherings_and_Schools_and_Others': 38}"
robust,2,"Korea,_South__None","Korea, South",None,Asia,2020-07-03,1,27.0,1365.0,98.02197802197801,3.0,19.0,84.21052631578947,0.41278897658555247,"{'Authorize_Schools_but_Restrict_Mass_Gatherings_and_Others': 20, 'Lockdown': 14, 'Mass_Gatherings_Authorized_But_Others_Restricted': 30, 'No_Measure': 0, 'Restrict_Mass_Gatherings': 0, 'Restrict_Mass_Gatherings_and_Schools': 1, 'Restrict_Mass_Gatherings_and_Schools_and_Others': 38}"
robust,2,Kosovo__None,Kosovo,None,Europe,2020-07-03,1,6751.0,6096.0,10.744750656167978,117.0,211.0,44.54976303317535,0.41278897658555247,"{'Authorize_Schools_but_Restrict_Mass_Gatherings_and_Others': 20, 'Lockdown': 14, 'Mass_Gatherings_Authorized_But_Others_Restricted': 30, 'No_Measure': 0, 'Restrict_Mass_Gatherings': 0, 'Restrict_Mass_Gatherings_and_Schools': 1, 'Restrict_Mass_Gatherings_and_Schools_and_Others': 38}"
robust,2,Kuwait__None,Kuwait,None,Asia,2020-07-03,1,43655.0,19471.0,124.20522828822351,326.0,100.0,225.99999999999997,0.41278897658555247,"{'Authorize_Schools_but_Restrict_Mass_Gatherings_and_Others': 20, 'Lockdown': 14, 'Mass_Gatherings_Authorized_But_Others_Restricted': 30, 'No_Measure': 0, 'Restrict_Mass_Gatherings': 0, 'Restrict_Mass_Gatherings_and_Schools': 1, 'Restrict_Mass_Gatherings_and_Schools_and_Others': 38}"
robust,2,Liberia__None,Liberia,None,Africa,2020-07-03,1,431.0,347.0,24.207492795389047,14.0,41.0,65.85365853658537,0.41278897658555247,"{'Authorize_Schools_but_Restrict_Mass_Gatherings_and_Others': 20, 'Lockdown': 14, 'Mass_Gatherings_Authorized_But_Others_Restricted': 30, 'No_Measure': 0, 'Restrict_Mass_Gatherings': 0, 'Restrict_Mass_Gatherings_and_Schools': 1, 'Restrict_Mass_Gatherings_and_Schools_and_Others': 38}"
robust,2,Lithuania__None,Lithuania,None,Europe,2020-07-03,1,28.0,306.0,90.84967320261438,3.0,1.0,200.0,0.41278897658555247,"{'Authorize_Schools_but_Restrict_Mass_Gatherings_and_Others': 20, 'Lockdown': 14, 'Mass_Gatherings_Authorized_But_Others_Restricted': 30, 'No_Measure': 0, 'Restrict_Mass_Gatherings': 0, 'Restrict_Mass_Gatherings_and_Schools': 1, 'Restrict_Mass_Gatherings_and_Schools_and_Others': 38}"
robust,2,Malaysia__None,Malaysia,None,Asia,2020-07-03,1,223.0,344.0,35.174418604651166,2.0,4.0,50.0,0.41278897658555247,"{'Authorize_Schools_but_Restrict_Mass_Gatherings_and_Others': 20, 'Lockdown': 14, 'Mass_Gatherings_Authorized_But_Others_Restricted': 30, 'No_Measure': 0, 'Restrict_Mass_Gatherings': 0, 'Restrict_Mass_Gatherings_and_Schools': 1, 'Restrict_Mass_Gatherings_and_Schools_and_Others': 38}"
robust,2,Mexico__None,Mexico,None,North America,2020-07-03,1,151309.0,197796.0,23.502497522700157,22160.0,18503.0,19.764362535805006,0.41278897658555247,"{'Authorize_Schools_but_Restrict_Mass_Gatherings_and_Others': 20, 'Lockdown': 14, 'Mass_Gatherings_Authorized_But_Others_Restricted': 30, 'No_Measure': 0, 'Restrict_Mass_Gatherings': 0, 'Restrict_Mass_Gatherings_and_Schools': 1, 'Restrict_Mass_Gatherings_and_Schools_and_Others': 38}"
robust,2,New_Zealand__None,New Zealand,None,Oceania,2020-07-03,1,657038.0,36.0,1825005.5555555555,3132.0,0.0,,0.41278897658555247,"{'Authorize_Schools_but_Restrict_Mass_Gatherings_and_Others': 20, 'Lockdown': 14, 'Mass_Gatherings_Authorized_But_Others_Restricted': 30, 'No_Measure': 0, 'Restrict_Mass_Gatherings': 0, 'Restrict_Mass_Gatherings_and_Schools': 1, 'Restrict_Mass_Gatherings_and_Schools_and_Others': 38}"
robust,3,Australia__Queensland,Australia,Queensland,Oceania,2020-07-03,1,0.0,21.0,100.0,0.0,0.0,,0.4018033387957188,"{'Authorize_Schools_but_Restrict_Mass_Gatherings_and_Others': 22, 'Lockdown': 11, 'Mass_Gatherings_Authorized_But_Others_Restricted': 29, 'No_Measure': 0, 'Restrict_Mass_Gatherings': 0, 'Restrict_Mass_Gatherings_and_Schools': 0, 'Restrict_Mass_Gatherings_and_Schools_and_Others': 42}"
robust,3,Austria__None,Austria,None,Europe,2020-07-03,1,703826.0,3316.0,21125.1507840772,5044.0,14.0,35928.57142857143,0.4018033387957188,"{'Authorize_Schools_but_Restrict_Mass_Gatherings_and_Others': 22, 'Lockdown': 11, 'Mass_Gatherings_Authorized_But_Others_Restricted': 29, 'No_Measure': 0, 'Restrict_Mass_Gatherings': 0, 'Restrict_Mass_Gatherings_and_Schools': 0, 'Restrict_Mass_Gatherings_and_Schools_and_Others': 42}"
robust,3,Azerbaijan__None,Azerbaijan,None,Asia,2020-07-03,1,11711.0,13109.0,10.66442901823175,238.0,232.0,2.586206896551724,0.4018033387957188,"{'Authorize_Schools_but_Restrict_Mass_Gatherings_and_Others': 22, 'Lockdown': 11, 'Mass_Gatherings_Authorized_But_Others_Restricted': 29, 'No_Measure': 0, 'Restrict_Mass_Gatherings': 0, 'Restrict_Mass_Gatherings_and_Schools': 0, 'Restrict_Mass_Gatherings_and_Schools_and_Others': 42}"
robust,3,Bolivia__None,Bolivia,None,South America,2020-07-03,1,27313.0,45290.0,39.69308898211526,870.0,1942.0,55.20082389289392,0.4018033387957188,"{'Authorize_Schools_but_Restrict_Mass_Gatherings_and_Others': 22, 'Lockdown': 11, 'Mass_Gatherings_Authorized_But_Others_Restricted': 29, 'No_Measure': 0, 'Restrict_Mass_Gatherings': 0, 'Restrict_Mass_Gatherings_and_Schools': 0, 'Restrict_Mass_Gatherings_and_Schools_and_Others': 42}"
robust,3,Bulgaria__None,Bulgaria,None,Europe,2020-07-03,1,2515.0,6737.0,62.668843698975806,119.0,174.0,31.60919540229885,0.4018033387957188,"{'Authorize_Schools_but_Restrict_Mass_Gatherings_and_Others': 22, 'Lockdown': 11, 'Mass_Gatherings_Authorized_But_Others_Restricted': 29, 'No_Measure': 0, 'Restrict_Mass_Gatherings': 0, 'Restrict_Mass_Gatherings_and_Schools': 0, 'Restrict_Mass_Gatherings_and_Schools_and_Others': 42}"
robust,3,Canada__Alberta,Canada,Alberta,North America,2020-07-03,1,572393.0,2887.0,19726.567370973327,8040.0,46.0,17378.26086956522,0.4018033387957188,"{'Authorize_Schools_but_Restrict_Mass_Gatherings_and_Others': 22, 'Lockdown': 11, 'Mass_Gatherings_Authorized_But_Others_Restricted': 29, 'No_Measure': 0, 'Restrict_Mass_Gatherings': 0, 'Restrict_Mass_Gatherings_and_Schools': 0, 'Restrict_Mass_Gatherings_and_Schools_and_Others': 42}"
robust,3,Central_African_Republic__None,Central African Republic,None,Africa,2020-07-03,1,651.0,649.0,0.30816640986132515,12.0,11.0,9.090909090909092,0.4018033387957188,"{'Authorize_Schools_but_Restrict_Mass_Gatherings_and_Others': 22, 'Lockdown': 11, 'Mass_Gatherings_Authorized_But_Others_Restricted': 29, 'No_Measure': 0, 'Restrict_Mass_Gatherings': 0, 'Restrict_Mass_Gatherings_and_Schools': 0, 'Restrict_Mass_Gatherings_and_Schools_and_Others': 42}"
robust,3,Colombia__None,Colombia,None,South America,2020-07-03,1,69966.0,221590.0,68.42547046346856,2573.0,7373.0,65.10240065102401,0.4018033387957188,"{'Authorize_Schools_but_Restrict_Mass_Gatherings_and_Others': 22, 'Lockdown': 11, 'Mass_Gatherings_Authorized_But_Others_Restricted': 29, 'No_Measure': 0, 'Restrict_Mass_Gatherings': 0, 'Restrict_Mass_Gatherings_and_Schools': 0, 'Restrict_Mass_Gatherings_and_Schools_and_Others': 42}"
robust,3,Finland__None,Finland,None,Europe,2020-07-03,1,644.0,235.0,174.04255319148936,20.0,2.0,900.0,0.4018033387957188,"{'Authorize_Schools_but_Restrict_Mass_Gatherings_and_Others': 22, 'Lockdown': 11, 'Mass_Gatherings_Authorized_But_Others_Restricted': 29, 'No_Measure': 0, 'Restrict_Mass_Gatherings': 0, 'Restrict_Mass_Gatherings_and_Schools': 0, 'Restrict_Mass_Gatherings_and_Schools_and_Others': 42}"
robust,3,Guatemala__None,Guatemala,None,North America,2020-07-03,1,28421.0,29864.0,4.831904634342353,1699.0,1117.0,52.10384959713519,0.4018033387957188,"{'Authorize_Schools_but_Restrict_Mass_Gatherings_and_Others': 22, 'Lockdown': 11, 'Mass_Gatherings_Authorized_But_Others_Restricted': 29, 'No_Measure': 0, 'Restrict_Mass_Gatherings': 0, 'Restrict_Mass_Gatherings_and_Schools': 0, 'Restrict_Mass_Gatherings_and_Schools_and_Others': 42}"
robust,3,Guyana__None,Guyana,None,South America,2020-07-03,1,87.0,225.0,61.33333333333333,2.0,8.0,75.0,0.4018033387957188,"{'Authorize_Schools_but_Restrict_Mass_Gatherings_and_Others': 22, 'Lockdown': 11, 'Mass_Gatherings_Authorized_But_Others_Restricted': 29, 'No_Measure': 0, 'Restrict_Mass_Gatherings': 0, 'Restrict_Mass_Gatherings_and_Schools': 0, 'Restrict_Mass_Gatherings_and_Schools_and_Others': 42}"
robust,3,Iceland__None,Iceland,None,Europe,2020-07-03,1,59877.0,88.0,67942.04545454546,352.0,0.0,,0.4018033387957188,"{'Authorize_Schools_but_Restrict_Mass_Gatherings_and_Others': 22, 'Lockdown': 11, 'Mass_Gatherings_Authorized_But_Others_Restricted': 29, 'No_Measure': 0, 'Restrict_Mass_Gatherings': 0, 'Restrict_Mass_Gatherings_and_Schools': 0, 'Restrict_Mass_Gatherings_and_Schools_and_Others': 42}"
robust,3,Indonesia__None,Indonesia,None,Asia,2020-07-03,1,20516.0,52914.0,61.22765241712968,938.0,2299.0,59.19965202261853,0.4018033387957188,"{'Authorize_Schools_but_Restrict_Mass_Gatherings_and_Others': 22, 'Lockdown': 11, 'Mass_Gatherings_Authorized_But_Others_Restricted': 29, 'No_Measure': 0, 'Restrict_Mass_Gatherings': 0, 'Restrict_Mass_Gatherings_and_Schools': 0, 'Restrict_Mass_Gatherings_and_Schools_and_Others': 42}"
robust,3,Kosovo__None,Kosovo,None,Europe,2020-07-03,1,6575.0,6096.0,7.85761154855643,114.0,211.0,45.97156398104265,0.4018033387957188,"{'Authorize_Schools_but_Restrict_Mass_Gatherings_and_Others': 22, 'Lockdown': 11, 'Mass_Gatherings_Authorized_But_Others_Restricted': 29, 'No_Measure': 0, 'Restrict_Mass_Gatherings': 0, 'Restrict_Mass_Gatherings_and_Schools': 0, 'Restrict_Mass_Gatherings_and_Schools_and_Others': 42}"
robust,3,Liberia__None,Liberia,None,Africa,2020-07-03,1,427.0,347.0,23.054755043227665,14.0,41.0,65.85365853658537,0.4018033387957188,"{'Authorize_Schools_but_Restrict_Mass_Gatherings_and_Others': 22, 'Lockdown': 11, 'Mass_Gatherings_Authorized_But_Others_Restricted': 29, 'No_Measure': 0, 'Restrict_Mass_Gatherings': 0, 'Restrict_Mass_Gatherings_and_Schools': 0, 'Restrict_Mass_Gatherings_and_Schools_and_Others': 42}"
robust,3,Libya__None,Libya,None,Africa,2020-07-03,1,436.0,3235.0,86.52241112828439,19.0,69.0,72.46376811594203,0.4018033387957188,"{'Authorize_Schools_but_Restrict_Mass_Gatherings_and_Others': 22, 'Lockdown': 11, 'Mass_Gatherings_Authorized_But_Others_Restricted': 29, 'No_Measure': 0, 'Restrict_Mass_Gatherings': 0, 'Restrict_Mass_Gatherings_and_Schools': 0, 'Restrict_Mass_Gatherings_and_Schools_and_Others': 42}"
robust,3,Madagascar__None,Madagascar,None,Africa,2020-07-03,1,14921.0,9167.0,62.768626595396526,72.0,94.0,23.404255319148938,0.4018033387957188,"{'Authorize_Schools_but_Restrict_Mass_Gatherings_and_Others': 22, 'Lockdown': 11, 'Mass_Gatherings_Authorized_But_Others_Restricted': 29, 'No_Measure': 0, 'Restrict_Mass_Gatherings': 0, 'Restrict_Mass_Gatherings_and_Schools': 0, 'Restrict_Mass_Gatherings_and_Schools_and_Others': 42}"
robust,3,Mauritania__None,Mauritania,None,Africa,2020-07-03,1,3120.0,1591.0,96.10307982401005,101.0,28.0,260.7142857142857,0.4018033387957188,"{'Authorize_Schools_but_Restrict_Mass_Gatherings_and_Others': 22, 'Lockdown': 11, 'Mass_Gatherings_Authorized_But_Others_Restricted': 29, 'No_Measure': 0, 'Restrict_Mass_Gatherings': 0, 'Restrict_Mass_Gatherings_and_Schools': 0, 'Restrict_Mass_Gatherings_and_Schools_and_Others': 42}"
robust,3,Mauritius__None,Mauritius,None,Africa,2020-07-03,1,0.0,3.0,100.0,0.0,0.0,,0.4018033387957188,"{'Authorize_Schools_but_Restrict_Mass_Gatherings_and_Others': 22, 'Lockdown': 11, 'Mass_Gatherings_Authorized_But_Others_Restricted': 29, 'No_Measure': 0, 'Restrict_Mass_Gatherings': 0, 'Restrict_Mass_Gatherings_and_Schools': 0, 'Restrict_Mass_Gatherings_and_Schools_and_Others': 42}"
robust,3,Moldova__None,Moldova,None,Europe,2020-07-03,1,5351.0,8142.0,34.27904691721936,180.0,230.0,21.73913043478261,0.4018033387957188,"{'Authorize_Schools_but_Restrict_Mass_Gatherings_and_Others': 22, 'Lockdown': 11, 'Mass_Gatherings_Authorized_But_Others_Restricted': 29, 'No_Measure': 0, 'Restrict_Mass_Gatherings': 0, 'Restrict_Mass_Gatherings_and_Schools': 0, 'Restrict_Mass_Gatherings_and_Schools_and_Others': 42}"
robust,3,Niger__None,Niger,None,Africa,2020-07-03,1,80.0,70.0,14.285714285714285,6.0,1.0,500.0,0.4018033387957188,"{'Authorize_Schools_but_Restrict_Mass_Gatherings_and_Others': 22, 'Lockdown': 11, 'Mass_Gatherings_Authorized_But_Others_Restricted': 29, 'No_Measure': 0, 'Restrict_Mass_Gatherings': 0, 'Restrict_Mass_Gatherings_and_Schools': 0, 'Restrict_Mass_Gatherings_and_Schools_and_Others': 42}"
robust,4,Andorra__None,Andorra,None,Europe,2020-07-03,1,1.0,84.0,98.80952380952381,0.0,0.0,,0.40969515594870864,"{'Authorize_Schools_but_Restrict_Mass_Gatherings_and_Others': 18, 'Lockdown': 15, 'Mass_Gatherings_Authorized_But_Others_Restricted': 26, 'No_Measure': 0, 'Restrict_Mass_Gatherings': 0, 'Restrict_Mass_Gatherings_and_Schools': 1, 'Restrict_Mass_Gatherings_and_Schools_and_Others': 42}"
robust,4,Australia__New_South_Wales,Australia,New South Wales,Oceania,2020-07-03,1,1398927.0,401.0,348759.60099750623,7130.0,1.0,712900.0,0.40969515594870864,"{'Authorize_Schools_but_Restrict_Mass_Gatherings_and_Others': 18, 'Lockdown': 15, 'Mass_Gatherings_Authorized_But_Others_Restricted': 26, 'No_Measure': 0, 'Restrict_Mass_Gatherings': 0, 'Restrict_Mass_Gatherings_and_Schools': 1, 'Restrict_Mass_Gatherings_and_Schools_and_Others': 42}"
robust,4,Australia__Queensland,Australia,Queensland,Oceania,2020-07-03,1,0.0,21.0,100.0,0.0,0.0,,0.40969515594870864,"{'Authorize_Schools_but_Restrict_Mass_Gatherings_and_Others': 18, 'Lockdown': 15, 'Mass_Gatherings_Authorized_But_Others_Restricted': 26, 'No_Measure': 0, 'Restrict_Mass_Gatherings': 0, 'Restrict_Mass_Gatherings_and_Schools': 1, 'Restrict_Mass_Gatherings_and_Schools_and_Others': 42}"
robust,4,Brazil__None,Brazil,None,South America,2020-07-03,1,590557.0,1224917.0,51.78799869705457,24328.0,31554.0,22.900424668821703,0.40969515594870864,"{'Authorize_Schools_but_Restrict_Mass_Gatherings_and_Others': 18, 'Lockdown': 15, 'Mass_Gatherings_Authorized_But_Others_Restricted': 26, 'No_Measure': 0, 'Restrict_Mass_Gatherings': 0, 'Restrict_Mass_Gatherings_and_Schools': 1, 'Restrict_Mass_Gatherings_and_Schools_and_Others': 42}"
robust,4,Canada__British_Columbia,Canada,British Columbia,North America,2020-07-03,1,93.0,840.0,88.92857142857142,9.0,18.0,50.0,0.40969515594870864,"{'Authorize_Schools_but_Restrict_Mass_Gatherings_and_Others': 18, 'Lockdown': 15, 'Mass_Gatherings_Authorized_But_Others_Restricted': 26, 'No_Measure': 0, 'Restrict_Mass_Gatherings': 0, 'Restrict_Mass_Gatherings_and_Schools': 1, 'Restrict_Mass_Gatherings_and_Schools_and_Others': 42}"
robust,4,Canada__Quebec,Canada,Quebec,North America,2020-07-03,1,797.0,4061.0,80.37429204629402,221.0,119.0,85.71428571428571,0.40969515594870864,"{'Authorize_Schools_but_Restrict_Mass_Gatherings_and_Others': 18, 'Lockdown': 15, 'Mass_Gatherings_Authorized_But_Others_Restricted': 26, 'No_Measure': 0, 'Restrict_Mass_Gatherings': 0, 'Restrict_Mass_Gatherings_and_Schools': 1, 'Restrict_Mass_Gatherings_and_Schools_and_Others': 42}"
robust,4,Colombia__None,Colombia,None,South America,2020-07-03,1,70007.0,221590.0,68.40696782345775,2574.0,7373.0,65.08883765088838,0.40969515594870864,"{'Authorize_Schools_but_Restrict_Mass_Gatherings_and_Others': 18, 'Lockdown': 15, 'Mass_Gatherings_Authorized_But_Others_Restricted': 26, 'No_Measure': 0, 'Restrict_Mass_Gatherings': 0, 'Restrict_Mass_Gatherings_and_Schools': 1, 'Restrict_Mass_Gatherings_and_Schools_and_Others': 42}"
robust,4,Cote_d'Ivoire__None,Cote d'Ivoire,None,Africa,2020-07-03,1,5420.0,5831.0,7.048533699193964,44.0,31.0,41.935483870967744,0.40969515594870864,"{'Authorize_Schools_but_Restrict_Mass_Gatherings_and_Others': 18, 'Lockdown': 15, 'Mass_Gatherings_Authorized_But_Others_Restricted': 26, 'No_Measure': 0, 'Restrict_Mass_Gatherings': 0, 'Restrict_Mass_Gatherings_and_Schools': 1, 'Restrict_Mass_Gatherings_and_Schools_and_Others': 42}"
robust,4,Croatia__None,Croatia,None,Europe,2020-07-03,1,1425.0,2224.0,35.92625899280576,22.0,41.0,46.34146341463415,0.40969515594870864,"{'Authorize_Schools_but_Restrict_Mass_Gatherings_and_Others': 18, 'Lockdown': 15, 'Mass_Gatherings_Authorized_But_Others_Restricted': 26, 'No_Measure': 0, 'Restrict_Mass_Gatherings': 0, 'Restrict_Mass_Gatherings_and_Schools': 1, 'Restrict_Mass_Gatherings_and_Schools_and_Others': 42}"
robust,4,Djibouti__None,Djibouti,None,Africa,2020-07-03,1,918.0,512.0,79.296875,41.0,4.0,925.0,0.40969515594870864,"{'Authorize_Schools_but_Restrict_Mass_Gatherings_and_Others': 18, 'Lockdown': 15, 'Mass_Gatherings_Authorized_But_Others_Restricted': 26, 'No_Measure': 0, 'Restrict_Mass_Gatherings': 0, 'Restrict_Mass_Gatherings_and_Schools': 1, 'Restrict_Mass_Gatherings_and_Schools_and_Others': 42}"
robust,4,El_Salvador__None,El Salvador,None,North America,2020-07-03,1,3629.0,10755.0,66.25755462575546,201.0,276.0,27.173913043478258,0.40969515594870864,"{'Authorize_Schools_but_Restrict_Mass_Gatherings_and_Others': 18, 'Lockdown': 15, 'Mass_Gatherings_Authorized_But_Others_Restricted': 26, 'No_Measure': 0, 'Restrict_Mass_Gatherings': 0, 'Restrict_Mass_Gatherings_and_Schools': 1, 'Restrict_Mass_Gatherings_and_Schools_and_Others': 42}"
robust,4,Estonia__None,Estonia,None,Europe,2020-07-03,1,9.0,98.0,90.81632653061224,0.0,-6.0,,0.40969515594870864,"{'Authorize_Schools_but_Restrict_Mass_Gatherings_and_Others': 18, 'Lockdown': 15, 'Mass_Gatherings_Authorized_But_Others_Restricted': 26, 'No_Measure': 0, 'Restrict_Mass_Gatherings': 0, 'Restrict_Mass_Gatherings_and_Schools': 1, 'Restrict_Mass_Gatherings_and_Schools_and_Others': 42}"
robust,4,Georgia__None,Georgia,None,Asia,2020-07-03,1,38.0,234.0,83.76068376068376,1.0,2.0,50.0,0.40969515594870864,"{'Authorize_Schools_but_Restrict_Mass_Gatherings_and_Others': 18, 'Lockdown': 15, 'Mass_Gatherings_Authorized_But_Others_Restricted': 26, 'No_Measure': 0, 'Restrict_Mass_Gatherings': 0, 'Restrict_Mass_Gatherings_and_Schools': 1, 'Restrict_Mass_Gatherings_and_Schools_and_Others': 42}"
robust,4,Germany__None,Germany,None,Europe,2020-07-03,1,6438.0,15630.0,58.809980806142036,394.0,143.0,175.52447552447552,0.40969515594870864,"{'Authorize_Schools_but_Restrict_Mass_Gatherings_and_Others': 18, 'Lockdown': 15, 'Mass_Gatherings_Authorized_But_Others_Restricted': 26, 'No_Measure': 0, 'Restrict_Mass_Gatherings': 0, 'Restrict_Mass_Gatherings_and_Schools': 1, 'Restrict_Mass_Gatherings_and_Schools_and_Others': 42}"
robust,4,Iceland__None,Iceland,None,Europe,2020-07-03,1,59717.0,88.0,67760.22727272728,350.0,0.0,,0.40969515594870864,"{'Authorize_Schools_but_Restrict_Mass_Gatherings_and_Others': 18, 'Lockdown': 15, 'Mass_Gatherings_Authorized_But_Others_Restricted': 26, 'No_Measure': 0, 'Restrict_Mass_Gatherings': 0, 'Restrict_Mass_Gatherings_and_Schools': 1, 'Restrict_Mass_Gatherings_and_Schools_and_Others': 42}"
robust,4,Latvia__None,Latvia,None,Europe,2020-07-03,1,15.0,126.0,88.09523809523809,4.0,2.0,100.0,0.40969515594870864,"{'Authorize_Schools_but_Restrict_Mass_Gatherings_and_Others': 18, 'Lockdown': 15, 'Mass_Gatherings_Authorized_But_Others_Restricted': 26, 'No_Measure': 0, 'Restrict_Mass_Gatherings': 0, 'Restrict_Mass_Gatherings_and_Schools': 1, 'Restrict_Mass_Gatherings_and_Schools_and_Others': 42}"
robust,4,Libya__None,Libya,None,Africa,2020-07-03,1,436.0,3235.0,86.52241112828439,19.0,69.0,72.46376811594203,0.40969515594870864,"{'Authorize_Schools_but_Restrict_Mass_Gatherings_and_Others': 18, 'Lockdown': 15, 'Mass_Gatherings_Authorized_But_Others_Restricted': 26, 'No_Measure': 0, 'Restrict_Mass_Gatherings': 0, 'Restrict_Mass_Gatherings_and_Schools': 1, 'Restrict_Mass_Gatherings_and_Schools_and_Others': 42}"
robust,4,Mozambique__None,Mozambique,None,Africa,2020-07-03,1,185.0,1060.0,82.54716981132076,4.0,8.0,50.0,0.40969515594870864,"{'Authorize_Schools_but_Restrict_Mass_Gatherings_and_Others': 18, 'Lockdown': 15, 'Mass_Gatherings_Authorized_But_Others_Restricted': 26, 'No_Measure': 0, 'Restrict_Mass_Gatherings': 0, 'Restrict_Mass_Gatherings_and_Schools': 1, 'Restrict_Mass_Gatherings_and_Schools_and_Others': 42}"
robust,4,Namibia__None,Namibia,None,Africa,2020-07-03,1,838.0,2095.0,60.0,7.0,12.0,41.66666666666667,0.40969515594870864,"{'Authorize_Schools_but_Restrict_Mass_Gatherings_and_Others': 18, 'Lockdown': 15, 'Mass_Gatherings_Authorized_But_Others_Restricted': 26, 'No_Measure': 0, 'Restrict_Mass_Gatherings': 0, 'Restrict_Mass_Gatherings_and_Schools': 1, 'Restrict_Mass_Gatherings_and_Schools_and_Others': 42}"
robust,4,Oman__None,Oman,None,Asia,2020-07-03,1,22494.0,34053.0,33.94414589022994,102.0,218.0,53.21100917431193,0.40969515594870864,"{'Authorize_Schools_but_Restrict_Mass_Gatherings_and_Others': 18, 'Lockdown': 15, 'Mass_Gatherings_Authorized_But_Others_Restricted': 26, 'No_Measure': 0, 'Restrict_Mass_Gatherings': 0, 'Restrict_Mass_Gatherings_and_Schools': 1, 'Restrict_Mass_Gatherings_and_Schools_and_Others': 42}"
robust,4,Peru__None,Peru,None,South America,2020-07-03,1,49239.0,140810.0,65.03160286911441,1711.0,9595.0,82.16779572694112,0.40969515594870864,"{'Authorize_Schools_but_Restrict_Mass_Gatherings_and_Others': 18, 'Lockdown': 15, 'Mass_Gatherings_Authorized_But_Others_Restricted': 26, 'No_Measure': 0, 'Restrict_Mass_Gatherings': 0, 'Restrict_Mass_Gatherings_and_Schools': 1, 'Restrict_Mass_Gatherings_and_Schools_and_Others': 42}"
robust,5,Algeria__None,Algeria,None,Africa,2020-07-03,1,2651.0,17004.0,84.40955069395436,137.0,302.0,54.63576158940398,0.4018033387957188,"{'Authorize_Schools_but_Restrict_Mass_Gatherings_and_Others': 23, 'Lockdown': 12, 'Mass_Gatherings_Authorized_But_Others_Restricted': 28, 'No_Measure': 0, 'Restrict_Mass_Gatherings': 0, 'Restrict_Mass_Gatherings_and_Schools': 1, 'Restrict_Mass_Gatherings_and_Schools_and_Others': 41}"
robust,5,Australia__Queensland,Australia,Queensland,Oceania,2020-07-03,1,0.0,21.0,100.0,0.0,0.0,,0.4018033387957188,"{'Authorize_Schools_but_Restrict_Mass_Gatherings_and_Others': 23, 'Lockdown': 12, 'Mass_Gatherings_Authorized_But_Others_Restricted': 28, 'No_Measure': 0, 'Restrict_Mass_Gatherings': 0, 'Restrict_Mass_Gatherings_and_Schools': 1, 'Restrict_Mass_Gatherings_and_Schools_and_Others': 41}"
robust,5,Australia__South_Australia,Australia,South Australia,Oceania,2020-07-03,1,0.0,14.0,100.0,0.0,0.0,,0.4018033387957188,"{'Authorize_Schools_but_Restrict_Mass_Gatherings_and_Others': 23, 'Lockdown': 12, 'Mass_Gatherings_Authorized_But_Others_Restricted': 28, 'No_Measure': 0, 'Restrict_Mass_Gatherings': 0, 'Restrict_Mass_Gatherings_and_Schools': 1, 'Restrict_Mass_Gatherings_and_Schools_and_Others': 41}"
robust,5,Azerbaijan__None,Azerbaijan,None,Asia,2020-07-03,1,11783.0,13109.0,10.115188038752002,239.0,232.0,3.0172413793103448,0.4018033387957188,"{'Authorize_Schools_but_Restrict_Mass_Gatherings_and_Others': 23, 'Lockdown': 12, 'Mass_Gatherings_Authorized_But_Others_Restricted': 28, 'No_Measure': 0, 'Restrict_Mass_Gatherings': 0, 'Restrict_Mass_Gatherings_and_Schools': 1, 'Restrict_Mass_Gatherings_and_Schools_and_Others': 41}"
robust,5,Bahrain__None,Bahrain,None,Asia,2020-07-03,1,8483.0,13275.0,36.09792843691149,45.0,55.0,18.181818181818183,0.4018033387957188,"{'Authorize_Schools_but_Restrict_Mass_Gatherings_and_Others': 23, 'Lockdown': 12, 'Mass_Gatherings_Authorized_But_Others_Restricted': 28, 'No_Measure': 0, 'Restrict_Mass_Gatherings': 0, 'Restrict_Mass_Gatherings_and_Schools': 1, 'Restrict_Mass_Gatherings_and_Schools_and_Others': 41}"
robust,5,Canada__Alberta,Canada,Alberta,North America,2020-07-03,1,591992.0,2887.0,20405.438171111884,8441.0,46.0,18250.0,0.4018033387957188,"{'Authorize_Schools_but_Restrict_Mass_Gatherings_and_Others': 23, 'Lockdown': 12, 'Mass_Gatherings_Authorized_But_Others_Restricted': 28, 'No_Measure': 0, 'Restrict_Mass_Gatherings': 0, 'Restrict_Mass_Gatherings_and_Schools': 1, 'Restrict_Mass_Gatherings_and_Schools_and_Others': 41}"
robust,5,Canada__Manitoba,Canada,Manitoba,North America,2020-07-03,1,7.0,118.0,94.0677966101695,0.0,1.0,100.0,0.4018033387957188,"{'Authorize_Schools_but_Restrict_Mass_Gatherings_and_Others': 23, 'Lockdown': 12, 'Mass_Gatherings_Authorized_But_Others_Restricted': 28, 'No_Measure': 0, 'Restrict_Mass_Gatherings': 0, 'Restrict_Mass_Gatherings_and_Schools': 1, 'Restrict_Mass_Gatherings_and_Schools_and_Others': 41}"
robust,5,Canada__Quebec,Canada,Quebec,North America,2020-07-03,1,792.0,4061.0,80.49741442994336,221.0,119.0,85.71428571428571,0.4018033387957188,"{'Authorize_Schools_but_Restrict_Mass_Gatherings_and_Others': 23, 'Lockdown': 12, 'Mass_Gatherings_Authorized_But_Others_Restricted': 28, 'No_Measure': 0, 'Restrict_Mass_Gatherings': 0, 'Restrict_Mass_Gatherings_and_Schools': 1, 'Restrict_Mass_Gatherings_and_Schools_and_Others': 41}"
robust,5,Croatia__None,Croatia,None,Europe,2020-07-03,1,1415.0,2224.0,36.37589928057554,22.0,41.0,46.34146341463415,0.4018033387957188,"{'Authorize_Schools_but_Restrict_Mass_Gatherings_and_Others': 23, 'Lockdown': 12, 'Mass_Gatherings_Authorized_But_Others_Restricted': 28, 'No_Measure': 0, 'Restrict_Mass_Gatherings': 0, 'Restrict_Mass_Gatherings_and_Schools': 1, 'Restrict_Mass_Gatherings_and_Schools_and_Others': 41}"
robust,5,Ecuador__None,Ecuador,None,South America,2020-07-03,1,14749.0,26428.0,44.19176630846072,1449.0,1039.0,39.46102021174206,0.4018033387957188,"{'Authorize_Schools_but_Restrict_Mass_Gatherings_and_Others': 23, 'Lockdown': 12, 'Mass_Gatherings_Authorized_But_Others_Restricted': 28, 'No_Measure': 0, 'Restrict_Mass_Gatherings': 0, 'Restrict_Mass_Gatherings_and_Schools': 1, 'Restrict_Mass_Gatherings_and_Schools_and_Others': 41}"
robust,5,Egypt__None,Egypt,None,Africa,2020-07-03,1,38090.0,20717.0,83.85866679538543,1592.0,1632.0,2.450980392156863,0.4018033387957188,"{'Authorize_Schools_but_Restrict_Mass_Gatherings_and_Others': 23, 'Lockdown': 12, 'Mass_Gatherings_Authorized_But_Others_Restricted': 28, 'No_Measure': 0, 'Restrict_Mass_Gatherings': 0, 'Restrict_Mass_Gatherings_and_Schools': 1, 'Restrict_Mass_Gatherings_and_Schools_and_Others': 41}"
robust,5,El_Salvador__None,El Salvador,None,North America,2020-07-03,1,4017.0,10755.0,62.649930264993024,207.0,276.0,25.0,0.4018033387957188,"{'Authorize_Schools_but_Restrict_Mass_Gatherings_and_Others': 23, 'Lockdown': 12, 'Mass_Gatherings_Authorized_But_Others_Restricted': 28, 'No_Measure': 0, 'Restrict_Mass_Gatherings': 0, 'Restrict_Mass_Gatherings_and_Schools': 1, 'Restrict_Mass_Gatherings_and_Schools_and_Others': 41}"
robust,5,Honduras__None,Honduras,None,North America,2020-07-03,1,23796.0,21378.0,11.310693236037048,614.0,771.0,20.363164721141374,0.4018033387957188,"{'Authorize_Schools_but_Restrict_Mass_Gatherings_and_Others': 23, 'Lockdown': 12, 'Mass_Gatherings_Authorized_But_Others_Restricted': 28, 'No_Measure': 0, 'Restrict_Mass_Gatherings': 0, 'Restrict_Mass_Gatherings_and_Schools': 1, 'Restrict_Mass_Gatherings_and_Schools_and_Others': 41}"
robust,5,Iceland__None,Iceland,None,Europe,2020-07-03,1,59823.0,88.0,67880.68181818181,351.0,0.0,,0.4018033387957188,"{'Authorize_Schools_but_Restrict_Mass_Gatherings_and_Others': 23, 'Lockdown': 12, 'Mass_Gatherings_Authorized_But_Others_Restricted': 28, 'No_Measure': 0, 'Restrict_Mass_Gatherings': 0, 'Restrict_Mass_Gatherings_and_Schools': 1, 'Restrict_Mass_Gatherings_and_Schools_and_Others': 41}"
robust,5,Indonesia__None,Indonesia,None,Asia,2020-07-03,1,20710.0,52914.0,60.86101976792532,946.0,2299.0,58.85167464114832,0.4018033387957188,"{'Authorize_Schools_but_Restrict_Mass_Gatherings_and_Others': 23, 'Lockdown': 12, 'Mass_Gatherings_Authorized_But_Others_Restricted': 28, 'No_Measure': 0, 'Restrict_Mass_Gatherings': 0, 'Restrict_Mass_Gatherings_and_Schools': 1, 'Restrict_Mass_Gatherings_and_Schools_and_Others': 41}"
robust,5,Kosovo__None,Kosovo,None,Europe,2020-07-03,1,6575.0,6096.0,7.85761154855643,114.0,211.0,45.97156398104265,0.4018033387957188,"{'Authorize_Schools_but_Restrict_Mass_Gatherings_and_Others': 23, 'Lockdown': 12, 'Mass_Gatherings_Authorized_But_Others_Restricted': 28, 'No_Measure': 0, 'Restrict_Mass_Gatherings': 0, 'Restrict_Mass_Gatherings_and_Schools': 1, 'Restrict_Mass_Gatherings_and_Schools_and_Others': 41}"
robust,5,Kuwait__None,Kuwait,None,Asia,2020-07-03,1,37183.0,19471.0,90.96605207744851,284.0,100.0,184.0,0.4018033387957188,"{'Authorize_Schools_but_Restrict_Mass_Gatherings_and_Others': 23, 'Lockdown': 12, 'Mass_Gatherings_Authorized_But_Others_Restricted': 28, 'No_Measure': 0, 'Restrict_Mass_Gatherings': 0, 'Restrict_Mass_Gatherings_and_Schools': 1, 'Restrict_Mass_Gatherings_and_Schools_and_Others': 41}"
robust,5,Mongolia__None,Mongolia,None,Asia,2020-07-03,1,17.0,73.0,76.71232876712328,0.0,0.0,,0.4018033387957188,"{'Authorize_Schools_but_Restrict_Mass_Gatherings_and_Others': 23, 'Lockdown': 12, 'Mass_Gatherings_Authorized_But_Others_Restricted': 28, 'No_Measure': 0, 'Restrict_Mass_Gatherings': 0, 'Restrict_Mass_Gatherings_and_Schools': 1, 'Restrict_Mass_Gatherings_and_Schools_and_Others': 41}"
robust,5,Netherlands__None,Netherlands,None,Europe,2020-07-03,1,123.0,5407.0,97.72517107453301,16.0,24.0,33.33333333333333,0.4018033387957188,"{'Authorize_Schools_but_Restrict_Mass_Gatherings_and_Others': 23, 'Lockdown': 12, 'Mass_Gatherings_Authorized_But_Others_Restricted': 28, 'No_Measure': 0, 'Restrict_Mass_Gatherings': 0, 'Restrict_Mass_Gatherings_and_Schools': 1, 'Restrict_Mass_Gatherings_and_Schools_and_Others': 41}"
robust,5,Nicaragua__None,Nicaragua,None,North America,2020-07-03,1,619.0,1383.0,55.242227042660886,15.0,40.0,62.5,0.4018033387957188,"{'Authorize_Schools_but_Restrict_Mass_Gatherings_and_Others': 23, 'Lockdown': 12, 'Mass_Gatherings_Authorized_But_Others_Restricted': 28, 'No_Measure': 0, 'Restrict_Mass_Gatherings': 0, 'Restrict_Mass_Gatherings_and_Schools': 1, 'Restrict_Mass_Gatherings_and_Schools_and_Others': 41}"
robust,5,Pakistan__None,Pakistan,None,Asia,2020-07-03,1,110953.0,55178.0,101.08195295226359,2304.0,1380.0,66.95652173913044,0.4018033387957188,"{'Authorize_Schools_but_Restrict_Mass_Gatherings_and_Others': 23, 'Lockdown': 12, 'Mass_Gatherings_Authorized_But_Others_Restricted': 28, 'No_Measure': 0, 'Restrict_Mass_Gatherings': 0, 'Restrict_Mass_Gatherings_and_Schools': 1, 'Restrict_Mass_Gatherings_and_Schools_and_Others': 41}"
robust,6,Australia__New_South_Wales,Australia,New South Wales,Oceania,2020-07-03,1,1392477.0,401.0,347151.12219451374,7014.0,1.0,701300.0,0.4114709485717998,"{'Authorize_Schools_but_Restrict_Mass_Gatherings_and_Others': 25, 'Lockdown': 10, 'Mass_Gatherings_Authorized_But_Others_Restricted': 27, 'No_Measure': 0, 'Restrict_Mass_Gatherings': 0, 'Restrict_Mass_Gatherings_and_Schools': 1, 'Restrict_Mass_Gatherings_and_Schools_and_Others': 39}"
robust,6,Australia__South_Australia,Australia,South Australia,Oceania,2020-07-03,1,0.0,14.0,100.0,0.0,0.0,,0.4114709485717998,"{'Authorize_Schools_but_Restrict_Mass_Gatherings_and_Others': 25, 'Lockdown': 10, 'Mass_Gatherings_Authorized_But_Others_Restricted': 27, 'No_Measure': 0, 'Restrict_Mass_Gatherings': 0, 'Restrict_Mass_Gatherings_and_Schools': 1, 'Restrict_Mass_Gatherings_and_Schools_and_Others': 39}"
robust,6,Australia__Western_Australia,Australia,Western Australia,Oceania,2020-07-03,1,0.0,58.0,100.0,0.0,0.0,,0.4114709485717998,"{'Authorize_Schools_but_Restrict_Mass_Gatherings_and_Others': 25, 'Lockdown': 10, 'Mass_Gatherings_Authorized_But_Others_Restricted': 27, 'No_Measure': 0, 'Restrict_Mass_Gatherings': 0, 'Restrict_Mass_Gatherings_and_Schools': 1, 'Restrict_Mass_Gatherings_and_Schools_and_Others': 39}"
robust,6,Bosnia_and_Herzegovina__None,Bosnia and Herzegovina,None,Europe,2020-07-03,1,1554.0,7894.0,80.31416265518115,79.0,182.0,56.59340659340659,0.4114709485717998,"{'Authorize_Schools_but_Restrict_Mass_Gatherings_and_Others': 25, 'Lockdown': 10, 'Mass_Gatherings_Authorized_But_Others_Restricted': 27, 'No_Measure': 0, 'Restrict_Mass_Gatherings': 0, 'Restrict_Mass_Gatherings_and_Schools': 1, 'Restrict_Mass_Gatherings_and_Schools_and_Others': 39}"
robust,6,Brazil__None,Brazil,None,South America,2020-07-03,1,580900.0,1224917.0,52.5763786444306,23942.0,31554.0,24.123724408949737,0.4114709485717998,"{'Authorize_Schools_but_Restrict_Mass_Gatherings_and_Others': 25, 'Lockdown': 10, 'Mass_Gatherings_Authorized_But_Others_Restricted': 27, 'No_Measure': 0, 'Restrict_Mass_Gatherings': 0, 'Restrict_Mass_Gatherings_and_Schools': 1, 'Restrict_Mass_Gatherings_and_Schools_and_Others': 39}"
robust,6,Bulgaria__None,Bulgaria,None,Europe,2020-07-03,1,2800.0,6737.0,58.43847409826333,124.0,174.0,28.735632183908045,0.4114709485717998,"{'Authorize_Schools_but_Restrict_Mass_Gatherings_and_Others': 25, 'Lockdown': 10, 'Mass_Gatherings_Authorized_But_Others_Restricted': 27, 'No_Measure': 0, 'Restrict_Mass_Gatherings': 0, 'Restrict_Mass_Gatherings_and_Schools': 1, 'Restrict_Mass_Gatherings_and_Schools_and_Others': 39}"
robust,6,Cambodia__None,Cambodia,None,Asia,2020-07-03,1,26.0,102.0,74.50980392156863,0.0,0.0,,0.4114709485717998,"{'Authorize_Schools_but_Restrict_Mass_Gatherings_and_Others': 25, 'Lockdown': 10, 'Mass_Gatherings_Authorized_But_Others_Restricted': 27, 'No_Measure': 0, 'Restrict_Mass_Gatherings': 0, 'Restrict_Mass_Gatherings_and_Schools': 1, 'Restrict_Mass_Gatherings_and_Schools_and_Others': 39}"
robust,6,Canada__Newfoundland_and_Labrador,Canada,Newfoundland and Labrador,North America,2020-07-03,1,0.0,5.0,100.0,0.0,0.0,,0.4114709485717998,"{'Authorize_Schools_but_Restrict_Mass_Gatherings_and_Others': 25, 'Lockdown': 10, 'Mass_Gatherings_Authorized_But_Others_Restricted': 27, 'No_Measure': 0, 'Restrict_Mass_Gatherings': 0, 'Restrict_Mass_Gatherings_and_Schools': 1, 'Restrict_Mass_Gatherings_and_Schools_and_Others': 39}"
robust,6,Costa_Rica__None,Costa Rica,None,North America,2020-07-03,1,3551.0,15216.0,76.66272344900105,28.0,163.0,82.82208588957054,0.4114709485717998,"{'Authorize_Schools_but_Restrict_Mass_Gatherings_and_Others': 25, 'Lockdown': 10, 'Mass_Gatherings_Authorized_But_Others_Restricted': 27, 'No_Measure': 0, 'Restrict_Mass_Gatherings': 0, 'Restrict_Mass_Gatherings_and_Schools': 1, 'Restrict_Mass_Gatherings_and_Schools_and_Others': 39}"
robust,6,Croatia__None,Croatia,None,Europe,2020-07-03,1,1805.0,2224.0,18.839928057553955,26.0,41.0,36.58536585365854,0.4114709485717998,"{'Authorize_Schools_but_Restrict_Mass_Gatherings_and_Others': 25, 'Lockdown': 10, 'Mass_Gatherings_Authorized_But_Others_Restricted': 27, 'No_Measure': 0, 'Restrict_Mass_Gatherings': 0, 'Restrict_Mass_Gatherings_and_Schools': 1, 'Restrict_Mass_Gatherings_and_Schools_and_Others': 39}"
robust,6,Cyprus__None,Cyprus,None,Europe,2020-07-03,1,42.0,178.0,76.40449438202246,1.0,0.0,,0.4114709485717998,"{'Authorize_Schools_but_Restrict_Mass_Gatherings_and_Others': 25, 'Lockdown': 10, 'Mass_Gatherings_Authorized_But_Others_Restricted': 27, 'No_Measure': 0, 'Restrict_Mass_Gatherings': 0, 'Restrict_Mass_Gatherings_and_Schools': 1, 'Restrict_Mass_Gatherings_and_Schools_and_Others': 39}"
robust,6,Haiti__None,Haiti,None,North America,2020-07-03,1,1079.0,1217.0,11.33935907970419,18.0,53.0,66.0377358490566,0.4114709485717998,"{'Authorize_Schools_but_Restrict_Mass_Gatherings_and_Others': 25, 'Lockdown': 10, 'Mass_Gatherings_Authorized_But_Others_Restricted': 27, 'No_Measure': 0, 'Restrict_Mass_Gatherings': 0, 'Restrict_Mass_Gatherings_and_Schools': 1, 'Restrict_Mass_Gatherings_and_Schools_and_Others': 39}"
robust,6,Honduras__None,Honduras,None,North America,2020-07-03,1,27984.0,21378.0,30.900926185798482,718.0,771.0,6.8741893644617384,0.4114709485717998,"{'Authorize_Schools_but_Restrict_Mass_Gatherings_and_Others': 25, 'Lockdown': 10, 'Mass_Gatherings_Authorized_But_Others_Restricted': 27, 'No_Measure': 0, 'Restrict_Mass_Gatherings': 0, 'Restrict_Mass_Gatherings_and_Schools': 1, 'Restrict_Mass_Gatherings_and_Schools_and_Others': 39}"
robust,6,Indonesia__None,Indonesia,None,Asia,2020-07-03,1,20566.0,52914.0,61.13315946630381,940.0,2299.0,59.11265767725098,0.4114709485717998,"{'Authorize_Schools_but_Restrict_Mass_Gatherings_and_Others': 25, 'Lockdown': 10, 'Mass_Gatherings_Authorized_But_Others_Restricted': 27, 'No_Measure': 0, 'Restrict_Mass_Gatherings': 0, 'Restrict_Mass_Gatherings_and_Schools': 1, 'Restrict_Mass_Gatherings_and_Schools_and_Others': 39}"
robust,6,Kosovo__None,Kosovo,None,Europe,2020-07-03,1,7057.0,6096.0,15.764435695538056,122.0,211.0,42.18009478672986,0.4114709485717998,"{'Authorize_Schools_but_Restrict_Mass_Gatherings_and_Others': 25, 'Lockdown': 10, 'Mass_Gatherings_Authorized_But_Others_Restricted': 27, 'No_Measure': 0, 'Restrict_Mass_Gatherings': 0, 'Restrict_Mass_Gatherings_and_Schools': 1, 'Restrict_Mass_Gatherings_and_Schools_and_Others': 39}"
robust,6,Kuwait__None,Kuwait,None,Asia,2020-07-03,1,52096.0,19471.0,167.55687946176366,379.0,100.0,279.0,0.4114709485717998,"{'Authorize_Schools_but_Restrict_Mass_Gatherings_and_Others': 25, 'Lockdown': 10, 'Mass_Gatherings_Authorized_But_Others_Restricted': 27, 'No_Measure': 0, 'Restrict_Mass_Gatherings': 0, 'Restrict_Mass_Gatherings_and_Schools': 1, 'Restrict_Mass_Gatherings_and_Schools_and_Others': 39}"
robust,6,Lebanon__None,Lebanon,None,Asia,2020-07-03,1,375.0,3207.0,88.3068288119738,6.0,30.0,80.0,0.4114709485717998,"{'Authorize_Schools_but_Restrict_Mass_Gatherings_and_Others': 25, 'Lockdown': 10, 'Mass_Gatherings_Authorized_But_Others_Restricted': 27, 'No_Measure': 0, 'Restrict_Mass_Gatherings': 0, 'Restrict_Mass_Gatherings_and_Schools': 1, 'Restrict_Mass_Gatherings_and_Schools_and_Others': 39}"
robust,6,Mauritania__None,Mauritania,None,Africa,2020-07-03,1,3140.0,1591.0,97.36015084852295,101.0,28.0,260.7142857142857,0.4114709485717998,"{'Authorize_Schools_but_Restrict_Mass_Gatherings_and_Others': 25, 'Lockdown': 10, 'Mass_Gatherings_Authorized_But_Others_Restricted': 27, 'No_Measure': 0, 'Restrict_Mass_Gatherings': 0, 'Restrict_Mass_Gatherings_and_Schools': 1, 'Restrict_Mass_Gatherings_and_Schools_and_Others': 39}"
robust,6,Mongolia__None,Mongolia,None,Asia,2020-07-03,1,18.0,73.0,75.34246575342466,0.0,0.0,,0.4114709485717998,"{'Authorize_Schools_but_Restrict_Mass_Gatherings_and_Others': 25, 'Lockdown': 10, 'Mass_Gatherings_Authorized_But_Others_Restricted': 27, 'No_Measure': 0, 'Restrict_Mass_Gatherings': 0, 'Restrict_Mass_Gatherings_and_Schools': 1, 'Restrict_Mass_Gatherings_and_Schools_and_Others': 39}"
robust,6,Nepal__None,Nepal,None,Asia,2020-07-03,1,196431.0,5518.0,3459.8223994200803,441.0,24.0,1737.5,0.4114709485717998,"{'Authorize_Schools_but_Restrict_Mass_Gatherings_and_Others': 25, 'Lockdown': 10, 'Mass_Gatherings_Authorized_But_Others_Restricted': 27, 'No_Measure': 0, 'Restrict_Mass_Gatherings': 0, 'Restrict_Mass_Gatherings_and_Schools': 1, 'Restrict_Mass_Gatherings_and_Schools_and_Others': 39}"
robust,6,Nigeria__None,Nigeria,None,Africa,2020-07-03,1,16936.0,16266.0,4.1190212713635805,365.0,276.0,32.2463768115942,0.4114709485717998,"{'Authorize_Schools_but_Restrict_Mass_Gatherings_and_Others': 25, 'Lockdown': 10, 'Mass_Gatherings_Authorized_But_Others_Restricted': 27, 'No_Measure': 0, 'Restrict_Mass_Gatherings': 0, 'Restrict_Mass_Gatherings_and_Schools': 1, 'Restrict_Mass_Gatherings_and_Schools_and_Others': 39}"
robust,7,Andorra__None,Andorra,None,Europe,2020-07-03,1,1.0,84.0,98.80952380952381,0.0,0.0,,0.3914917470339575,"{'Authorize_Schools_but_Restrict_Mass_Gatherings_and_Others': 16, 'Lockdown': 14, 'Mass_Gatherings_Authorized_But_Others_Restricted': 27, 'No_Measure': 0, 'Restrict_Mass_Gatherings': 0, 'Restrict_Mass_Gatherings_and_Schools': 1, 'Restrict_Mass_Gatherings_and_Schools_and_Others': 44}"
robust,7,Australia__Tasmania,Australia,Tasmania,Oceania,2020-07-03,1,0.0,1.0,100.0,0.0,0.0,,0.3914917470339575,"{'Authorize_Schools_but_Restrict_Mass_Gatherings_and_Others': 16, 'Lockdown': 14, 'Mass_Gatherings_Authorized_But_Others_Restricted': 27, 'No_Measure': 0, 'Restrict_Mass_Gatherings': 0, 'Restrict_Mass_Gatherings_and_Schools': 1, 'Restrict_Mass_Gatherings_and_Schools_and_Others': 44}"
robust,7,Austria__None,Austria,None,Europe,2020-07-03,1,546983.0,3316.0,16395.265379975874,3737.0,14.0,26592.857142857145,0.3914917470339575,"{'Authorize_Schools_but_Restrict_Mass_Gatherings_and_Others': 16, 'Lockdown': 14, 'Mass_Gatherings_Authorized_But_Others_Restricted': 27, 'No_Measure': 0, 'Restrict_Mass_Gatherings': 0, 'Restrict_Mass_Gatherings_and_Schools': 1, 'Restrict_Mass_Gatherings_and_Schools_and_Others': 44}"
robust,7,Bangladesh__None,Bangladesh,None,Asia,2020-07-03,1,62663.0,84341.0,25.702801721582624,756.0,1237.0,38.88439773645918,0.3914917470339575,"{'Authorize_Schools_but_Restrict_Mass_Gatherings_and_Others': 16, 'Lockdown': 14, 'Mass_Gatherings_Authorized_But_Others_Restricted': 27, 'No_Measure': 0, 'Restrict_Mass_Gatherings': 0, 'Restrict_Mass_Gatherings_and_Schools': 1, 'Restrict_Mass_Gatherings_and_Schools_and_Others': 44}"
robust,7,Belarus__None,Belarus,None,Europe,2020-07-03,1,4608.0,4980.0,7.46987951807229,36.0,156.0,76.92307692307693,0.3914917470339575,"{'Authorize_Schools_but_Restrict_Mass_Gatherings_and_Others': 16, 'Lockdown': 14, 'Mass_Gatherings_Authorized_But_Others_Restricted': 27, 'No_Measure': 0, 'Restrict_Mass_Gatherings': 0, 'Restrict_Mass_Gatherings_and_Schools': 1, 'Restrict_Mass_Gatherings_and_Schools_and_Others': 44}"
robust,7,Canada__Manitoba,Canada,Manitoba,North America,2020-07-03,1,7.0,118.0,94.0677966101695,0.0,1.0,100.0,0.3914917470339575,"{'Authorize_Schools_but_Restrict_Mass_Gatherings_and_Others': 16, 'Lockdown': 14, 'Mass_Gatherings_Authorized_But_Others_Restricted': 27, 'No_Measure': 0, 'Restrict_Mass_Gatherings': 0, 'Restrict_Mass_Gatherings_and_Schools': 1, 'Restrict_Mass_Gatherings_and_Schools_and_Others': 44}"
robust,7,Canada__Saskatchewan,Canada,Saskatchewan,North America,2020-07-03,1,59.0,572.0,89.6853146853147,3.0,4.0,25.0,0.3914917470339575,"{'Authorize_Schools_but_Restrict_Mass_Gatherings_and_Others': 16, 'Lockdown': 14, 'Mass_Gatherings_Authorized_But_Others_Restricted': 27, 'No_Measure': 0, 'Restrict_Mass_Gatherings': 0, 'Restrict_Mass_Gatherings_and_Schools': 1, 'Restrict_Mass_Gatherings_and_Schools_and_Others': 44}"
robust,7,Croatia__None,Croatia,None,Europe,2020-07-03,1,730.0,2224.0,67.17625899280576,16.0,41.0,60.97560975609756,0.3914917470339575,"{'Authorize_Schools_but_Restrict_Mass_Gatherings_and_Others': 16, 'Lockdown': 14, 'Mass_Gatherings_Authorized_But_Others_Restricted': 27, 'No_Measure': 0, 'Restrict_Mass_Gatherings': 0, 'Restrict_Mass_Gatherings_and_Schools': 1, 'Restrict_Mass_Gatherings_and_Schools_and_Others': 44}"
robust,7,Czechia__None,Czechia,None,Europe,2020-07-03,1,1122.0,4846.0,76.8468840280644,48.0,32.0,50.0,0.3914917470339575,"{'Authorize_Schools_but_Restrict_Mass_Gatherings_and_Others': 16, 'Lockdown': 14, 'Mass_Gatherings_Authorized_But_Others_Restricted': 27, 'No_Measure': 0, 'Restrict_Mass_Gatherings': 0, 'Restrict_Mass_Gatherings_and_Schools': 1, 'Restrict_Mass_Gatherings_and_Schools_and_Others': 44}"
robust,7,Georgia__None,Georgia,None,Asia,2020-07-03,1,37.0,234.0,84.1880341880342,1.0,2.0,50.0,0.3914917470339575,"{'Authorize_Schools_but_Restrict_Mass_Gatherings_and_Others': 16, 'Lockdown': 14, 'Mass_Gatherings_Authorized_But_Others_Restricted': 27, 'No_Measure': 0, 'Restrict_Mass_Gatherings': 0, 'Restrict_Mass_Gatherings_and_Schools': 1, 'Restrict_Mass_Gatherings_and_Schools_and_Others': 44}"
robust,7,Greece__None,Greece,None,Europe,2020-07-03,1,146.0,1344.0,89.13690476190477,11.0,17.0,35.294117647058826,0.3914917470339575,"{'Authorize_Schools_but_Restrict_Mass_Gatherings_and_Others': 16, 'Lockdown': 14, 'Mass_Gatherings_Authorized_But_Others_Restricted': 27, 'No_Measure': 0, 'Restrict_Mass_Gatherings': 0, 'Restrict_Mass_Gatherings_and_Schools': 1, 'Restrict_Mass_Gatherings_and_Schools_and_Others': 44}"
robust,7,Guatemala__None,Guatemala,None,North America,2020-07-03,1,30715.0,29864.0,2.8495847843557462,1747.0,1117.0,56.40107430617726,0.3914917470339575,"{'Authorize_Schools_but_Restrict_Mass_Gatherings_and_Others': 16, 'Lockdown': 14, 'Mass_Gatherings_Authorized_But_Others_Restricted': 27, 'No_Measure': 0, 'Restrict_Mass_Gatherings': 0, 'Restrict_Mass_Gatherings_and_Schools': 1, 'Restrict_Mass_Gatherings_and_Schools_and_Others': 44}"
robust,7,Haiti__None,Haiti,None,North America,2020-07-03,1,976.0,1217.0,19.80279375513558,16.0,53.0,69.81132075471697,0.3914917470339575,"{'Authorize_Schools_but_Restrict_Mass_Gatherings_and_Others': 16, 'Lockdown': 14, 'Mass_Gatherings_Authorized_But_Others_Restricted': 27, 'No_Measure': 0, 'Restrict_Mass_Gatherings': 0, 'Restrict_Mass_Gatherings_and_Schools': 1, 'Restrict_Mass_Gatherings_and_Schools_and_Others': 44}"
robust,7,India__None,India,None,Asia,2020-07-03,1,355401.0,1235089.0,71.22466478124248,11019.0,20527.0,46.319481658303694,0.3914917470339575,"{'Authorize_Schools_but_Restrict_Mass_Gatherings_and_Others': 16, 'Lockdown': 14, 'Mass_Gatherings_Authorized_But_Others_Restricted': 27, 'No_Measure': 0, 'Restrict_Mass_Gatherings': 0, 'Restrict_Mass_Gatherings_and_Schools': 1, 'Restrict_Mass_Gatherings_and_Schools_and_Others': 44}"
robust,7,Luxembourg__None,Luxembourg,None,Europe,2020-07-03,1,20.0,2441.0,99.18066366243343,2.0,8.0,75.0,0.3914917470339575,"{'Authorize_Schools_but_Restrict_Mass_Gatherings_and_Others': 16, 'Lockdown': 14, 'Mass_Gatherings_Authorized_But_Others_Restricted': 27, 'No_Measure': 0, 'Restrict_Mass_Gatherings': 0, 'Restrict_Mass_Gatherings_and_Schools': 1, 'Restrict_Mass_Gatherings_and_Schools_and_Others': 44}"
robust,7,Netherlands__None,Netherlands,None,Europe,2020-07-03,1,118.0,5407.0,97.81764379508046,15.0,24.0,37.5,0.3914917470339575,"{'Authorize_Schools_but_Restrict_Mass_Gatherings_and_Others': 16, 'Lockdown': 14, 'Mass_Gatherings_Authorized_But_Others_Restricted': 27, 'No_Measure': 0, 'Restrict_Mass_Gatherings': 0, 'Restrict_Mass_Gatherings_and_Schools': 1, 'Restrict_Mass_Gatherings_and_Schools_and_Others': 44}"
robust,7,Nicaragua__None,Nicaragua,None,North America,2020-07-03,1,591.0,1383.0,57.26681127982647,15.0,40.0,62.5,0.3914917470339575,"{'Authorize_Schools_but_Restrict_Mass_Gatherings_and_Others': 16, 'Lockdown': 14, 'Mass_Gatherings_Authorized_But_Others_Restricted': 27, 'No_Measure': 0, 'Restrict_Mass_Gatherings': 0, 'Restrict_Mass_Gatherings_and_Schools': 1, 'Restrict_Mass_Gatherings_and_Schools_and_Others': 44}"
robust,7,Norway__None,Norway,None,Europe,2020-07-03,1,231773.0,436.0,53058.944954128434,1388.0,5.0,27660.000000000004,0.3914917470339575,"{'Authorize_Schools_but_Restrict_Mass_Gatherings_and_Others': 16, 'Lockdown': 14, 'Mass_Gatherings_Authorized_But_Others_Restricted': 27, 'No_Measure': 0, 'Restrict_Mass_Gatherings': 0, 'Restrict_Mass_Gatherings_and_Schools': 1, 'Restrict_Mass_Gatherings_and_Schools_and_Others': 44}"
robust,7,Oman__None,Oman,None,Asia,2020-07-03,1,20909.0,34053.0,38.5986550377353,95.0,218.0,56.42201834862385,0.3914917470339575,"{'Authorize_Schools_but_Restrict_Mass_Gatherings_and_Others': 16, 'Lockdown': 14, 'Mass_Gatherings_Authorized_But_Others_Restricted': 27, 'No_Measure': 0, 'Restrict_Mass_Gatherings': 0, 'Restrict_Mass_Gatherings_and_Schools': 1, 'Restrict_Mass_Gatherings_and_Schools_and_Others': 44}"
robust,7,Pakistan__None,Pakistan,None,Asia,2020-07-03,1,104183.0,55178.0,88.81257022726449,2170.0,1380.0,57.2463768115942,0.3914917470339575,"{'Authorize_Schools_but_Restrict_Mass_Gatherings_and_Others': 16, 'Lockdown': 14, 'Mass_Gatherings_Authorized_But_Others_Restricted': 27, 'No_Measure': 0, 'Restrict_Mass_Gatherings': 0, 'Restrict_Mass_Gatherings_and_Schools': 1, 'Restrict_Mass_Gatherings_and_Schools_and_Others': 44}"
robust,7,Panama__None,Panama,None,North America,2020-07-03,1,15649.0,32441.0,51.7616596282482,278.0,802.0,65.33665835411472,0.3914917470339575,"{'Authorize_Schools_but_Restrict_Mass_Gatherings_and_Others': 16, 'Lockdown': 14, 'Mass_Gatherings_Authorized_But_Others_Restricted': 27, 'No_Measure': 0, 'Restrict_Mass_Gatherings': 0, 'Restrict_Mass_Gatherings_and_Schools': 1, 'Restrict_Mass_Gatherings_and_Schools_and_Others': 44}"
robust,8,Albania__None,Albania,None,Europe,2020-07-03,1,1045.0,2931.0,64.34663937222791,20.0,102.0,80.3921568627451,0.3544949562100602,"{'Authorize_Schools_but_Restrict_Mass_Gatherings_and_Others': 20, 'Lockdown': 16, 'Mass_Gatherings_Authorized_But_Others_Restricted': 27, 'No_Measure': 0, 'Restrict_Mass_Gatherings': 0, 'Restrict_Mass_Gatherings_and_Schools': 1, 'Restrict_Mass_Gatherings_and_Schools_and_Others': 40}"
robust,8,Algeria__None,Algeria,None,Africa,2020-07-03,1,2492.0,17004.0,85.34462479416608,130.0,302.0,56.95364238410596,0.3544949562100602,"{'Authorize_Schools_but_Restrict_Mass_Gatherings_and_Others': 20, 'Lockdown': 16, 'Mass_Gatherings_Authorized_But_Others_Restricted': 27, 'No_Measure': 0, 'Restrict_Mass_Gatherings': 0, 'Restrict_Mass_Gatherings_and_Schools': 1, 'Restrict_Mass_Gatherings_and_Schools_and_Others': 40}"
robust,8,Azerbaijan__None,Azerbaijan,None,Asia,2020-07-03,1,11966.0,13109.0,8.71920054924098,241.0,232.0,3.8793103448275863,0.3544949562100602,"{'Authorize_Schools_but_Restrict_Mass_Gatherings_and_Others': 20, 'Lockdown': 16, 'Mass_Gatherings_Authorized_But_Others_Restricted': 27, 'No_Measure': 0, 'Restrict_Mass_Gatherings': 0, 'Restrict_Mass_Gatherings_and_Schools': 1, 'Restrict_Mass_Gatherings_and_Schools_and_Others': 40}"
robust,8,Burkina_Faso__None,Burkina Faso,None,Africa,2020-07-03,1,79.0,166.0,52.40963855421686,2.0,1.0,100.0,0.3544949562100602,"{'Authorize_Schools_but_Restrict_Mass_Gatherings_and_Others': 20, 'Lockdown': 16, 'Mass_Gatherings_Authorized_But_Others_Restricted': 27, 'No_Measure': 0, 'Restrict_Mass_Gatherings': 0, 'Restrict_Mass_Gatherings_and_Schools': 1, 'Restrict_Mass_Gatherings_and_Schools_and_Others': 40}"
robust,8,Cameroon__None,Cameroon,None,Africa,2020-07-03,1,5775.0,5126.0,12.660944206008583,126.0,78.0,61.53846153846154,0.3544949562100602,"{'Authorize_Schools_but_Restrict_Mass_Gatherings_and_Others': 20, 'Lockdown': 16, 'Mass_Gatherings_Authorized_But_Others_Restricted': 27, 'No_Measure': 0, 'Restrict_Mass_Gatherings': 0, 'Restrict_Mass_Gatherings_and_Schools': 1, 'Restrict_Mass_Gatherings_and_Schools_and_Others': 40}"
robust,8,Canada__Manitoba,Canada,Manitoba,North America,2020-07-03,1,6.0,118.0,94.91525423728814,0.0,1.0,100.0,0.3544949562100602,"{'Authorize_Schools_but_Restrict_Mass_Gatherings_and_Others': 20, 'Lockdown': 16, 'Mass_Gatherings_Authorized_But_Others_Restricted': 27, 'No_Measure': 0, 'Restrict_Mass_Gatherings': 0, 'Restrict_Mass_Gatherings_and_Schools': 1, 'Restrict_Mass_Gatherings_and_Schools_and_Others': 40}"
robust,8,Canada__New_Brunswick,Canada,New Brunswick,North America,2020-07-03,1,113.0,5.0,2160.0,0.0,0.0,,0.3544949562100602,"{'Authorize_Schools_but_Restrict_Mass_Gatherings_and_Others': 20, 'Lockdown': 16, 'Mass_Gatherings_Authorized_But_Others_Restricted': 27, 'No_Measure': 0, 'Restrict_Mass_Gatherings': 0, 'Restrict_Mass_Gatherings_and_Schools': 1, 'Restrict_Mass_Gatherings_and_Schools_and_Others': 40}"
robust,8,Canada__Saskatchewan,Canada,Saskatchewan,North America,2020-07-03,1,57.0,572.0,90.03496503496503,3.0,4.0,25.0,0.3544949562100602,"{'Authorize_Schools_but_Restrict_Mass_Gatherings_and_Others': 20, 'Lockdown': 16, 'Mass_Gatherings_Authorized_But_Others_Restricted': 27, 'No_Measure': 0, 'Restrict_Mass_Gatherings': 0, 'Restrict_Mass_Gatherings_and_Schools': 1, 'Restrict_Mass_Gatherings_and_Schools_and_Others': 40}"
robust,8,Congo_(Kinshasa)__None,Congo (Kinshasa),None,Africa,2020-07-03,1,2706.0,1799.0,50.416898276820454,53.0,33.0,60.60606060606061,0.3544949562100602,"{'Authorize_Schools_but_Restrict_Mass_Gatherings_and_Others': 20, 'Lockdown': 16, 'Mass_Gatherings_Authorized_But_Others_Restricted': 27, 'No_Measure': 0, 'Restrict_Mass_Gatherings': 0, 'Restrict_Mass_Gatherings_and_Schools': 1, 'Restrict_Mass_Gatherings_and_Schools_and_Others': 40}"
robust,8,Costa_Rica__None,Costa Rica,None,North America,2020-07-03,1,3178.0,15216.0,79.11409043112513,26.0,163.0,84.04907975460122,0.3544949562100602,"{'Authorize_Schools_but_Restrict_Mass_Gatherings_and_Others': 20, 'Lockdown': 16, 'Mass_Gatherings_Authorized_But_Others_Restricted': 27, 'No_Measure': 0, 'Restrict_Mass_Gatherings': 0, 'Restrict_Mass_Gatherings_and_Schools': 1, 'Restrict_Mass_Gatherings_and_Schools_and_Others': 40}"
robust,8,Czechia__None,Czechia,None,Europe,2020-07-03,1,1083.0,4846.0,77.65167148163434,48.0,32.0,50.0,0.3544949562100602,"{'Authorize_Schools_but_Restrict_Mass_Gatherings_and_Others': 20, 'Lockdown': 16, 'Mass_Gatherings_Authorized_But_Others_Restricted': 27, 'No_Measure': 0, 'Restrict_Mass_Gatherings': 0, 'Restrict_Mass_Gatherings_and_Schools': 1, 'Restrict_Mass_Gatherings_and_Schools_and_Others': 40}"
robust,8,Denmark__None,Denmark,None,Europe,2020-07-03,1,305.0,1241.0,75.42304593070105,15.0,10.0,50.0,0.3544949562100602,"{'Authorize_Schools_but_Restrict_Mass_Gatherings_and_Others': 20, 'Lockdown': 16, 'Mass_Gatherings_Authorized_But_Others_Restricted': 27, 'No_Measure': 0, 'Restrict_Mass_Gatherings': 0, 'Restrict_Mass_Gatherings_and_Schools': 1, 'Restrict_Mass_Gatherings_and_Schools_and_Others': 40}"
robust,8,Djibouti__None,Djibouti,None,Africa,2020-07-03,1,747.0,512.0,45.8984375,40.0,4.0,900.0,0.3544949562100602,"{'Authorize_Schools_but_Restrict_Mass_Gatherings_and_Others': 20, 'Lockdown': 16, 'Mass_Gatherings_Authorized_But_Others_Restricted': 27, 'No_Measure': 0, 'Restrict_Mass_Gatherings': 0, 'Restrict_Mass_Gatherings_and_Schools': 1, 'Restrict_Mass_Gatherings_and_Schools_and_Others': 40}"
robust,8,Ecuador__None,Ecuador,None,South America,2020-07-03,1,15175.0,26428.0,42.579839564098684,1467.0,1039.0,41.1934552454283,0.3544949562100602,"{'Authorize_Schools_but_Restrict_Mass_Gatherings_and_Others': 20, 'Lockdown': 16, 'Mass_Gatherings_Authorized_But_Others_Restricted': 27, 'No_Measure': 0, 'Restrict_Mass_Gatherings': 0, 'Restrict_Mass_Gatherings_and_Schools': 1, 'Restrict_Mass_Gatherings_and_Schools_and_Others': 40}"
robust,8,Finland__None,Finland,None,Europe,2020-07-03,1,373.0,235.0,58.723404255319146,14.0,2.0,600.0,0.3544949562100602,"{'Authorize_Schools_but_Restrict_Mass_Gatherings_and_Others': 20, 'Lockdown': 16, 'Mass_Gatherings_Authorized_But_Others_Restricted': 27, 'No_Measure': 0, 'Restrict_Mass_Gatherings': 0, 'Restrict_Mass_Gatherings_and_Schools': 1, 'Restrict_Mass_Gatherings_and_Schools_and_Others': 40}"
robust,8,Georgia__None,Georgia,None,Asia,2020-07-03,1,34.0,234.0,85.47008547008546,1.0,2.0,50.0,0.3544949562100602,"{'Authorize_Schools_but_Restrict_Mass_Gatherings_and_Others': 20, 'Lockdown': 16, 'Mass_Gatherings_Authorized_But_Others_Restricted': 27, 'No_Measure': 0, 'Restrict_Mass_Gatherings': 0, 'Restrict_Mass_Gatherings_and_Schools': 1, 'Restrict_Mass_Gatherings_and_Schools_and_Others': 40}"
robust,8,"Korea,_South__None","Korea, South",None,Asia,2020-07-03,1,26.0,1365.0,98.09523809523809,3.0,19.0,84.21052631578947,0.3544949562100602,"{'Authorize_Schools_but_Restrict_Mass_Gatherings_and_Others': 20, 'Lockdown': 16, 'Mass_Gatherings_Authorized_But_Others_Restricted': 27, 'No_Measure': 0, 'Restrict_Mass_Gatherings': 0, 'Restrict_Mass_Gatherings_and_Schools': 1, 'Restrict_Mass_Gatherings_and_Schools_and_Others': 40}"
robust,8,Madagascar__None,Madagascar,None,Africa,2020-07-03,1,5531.0,9167.0,39.664012217737536,49.0,94.0,47.87234042553192,0.3544949562100602,"{'Authorize_Schools_but_Restrict_Mass_Gatherings_and_Others': 20, 'Lockdown': 16, 'Mass_Gatherings_Authorized_But_Others_Restricted': 27, 'No_Measure': 0, 'Restrict_Mass_Gatherings': 0, 'Restrict_Mass_Gatherings_and_Schools': 1, 'Restrict_Mass_Gatherings_and_Schools_and_Others': 40}"
robust,8,Malaysia__None,Malaysia,None,Asia,2020-07-03,1,198.0,344.0,42.44186046511628,2.0,4.0,50.0,0.3544949562100602,"{'Authorize_Schools_but_Restrict_Mass_Gatherings_and_Others': 20, 'Lockdown': 16, 'Mass_Gatherings_Authorized_But_Others_Restricted': 27, 'No_Measure': 0, 'Restrict_Mass_Gatherings': 0, 'Restrict_Mass_Gatherings_and_Schools': 1, 'Restrict_Mass_Gatherings_and_Schools_and_Others': 40}"
robust,8,Mauritius__None,Mauritius,None,Africa,2020-07-03,1,0.0,3.0,100.0,0.0,0.0,,0.3544949562100602,"{'Authorize_Schools_but_Restrict_Mass_Gatherings_and_Others': 20, 'Lockdown': 16, 'Mass_Gatherings_Authorized_But_Others_Restricted': 27, 'No_Measure': 0, 'Restrict_Mass_Gatherings': 0, 'Restrict_Mass_Gatherings_and_Schools': 1, 'Restrict_Mass_Gatherings_and_Schools_and_Others': 40}"
robust,8,Morocco__None,Morocco,None,Africa,2020-07-03,1,2463.0,13395.0,81.61254199328107,41.0,185.0,77.83783783783784,0.3544949562100602,"{'Authorize_Schools_but_Restrict_Mass_Gatherings_and_Others': 20, 'Lockdown': 16, 'Mass_Gatherings_Authorized_But_Others_Restricted': 27, 'No_Measure': 0, 'Restrict_Mass_Gatherings': 0, 'Restrict_Mass_Gatherings_and_Schools': 1, 'Restrict_Mass_Gatherings_and_Schools_and_Others': 40}"
robust,9,Australia__Western_Australia,Australia,Western Australia,Oceania,2020-07-03,1,0.0,58.0,100.0,0.0,0.0,,0.3699510072283045,"{'Authorize_Schools_but_Restrict_Mass_Gatherings_and_Others': 24, 'Lockdown': 13, 'Mass_Gatherings_Authorized_But_Others_Restricted': 29, 'No_Measure': 0, 'Restrict_Mass_Gatherings': 0, 'Restrict_Mass_Gatherings_and_Schools': 1, 'Restrict_Mass_Gatherings_and_Schools_and_Others': 38}"
robust,9,Benin__None,Benin,None,Africa,2020-07-03,1,0.0,715.0,100.0,6.0,17.0,64.70588235294117,0.3699510072283045,"{'Authorize_Schools_but_Restrict_Mass_Gatherings_and_Others': 24, 'Lockdown': 13, 'Mass_Gatherings_Authorized_But_Others_Restricted': 29, 'No_Measure': 0, 'Restrict_Mass_Gatherings': 0, 'Restrict_Mass_Gatherings_and_Schools': 1, 'Restrict_Mass_Gatherings_and_Schools_and_Others': 38}"
robust,9,Cambodia__None,Cambodia,None,Asia,2020-07-03,1,24.0,102.0,76.47058823529412,0.0,0.0,,0.3699510072283045,"{'Authorize_Schools_but_Restrict_Mass_Gatherings_and_Others': 24, 'Lockdown': 13, 'Mass_Gatherings_Authorized_But_Others_Restricted': 29, 'No_Measure': 0, 'Restrict_Mass_Gatherings': 0, 'Restrict_Mass_Gatherings_and_Schools': 1, 'Restrict_Mass_Gatherings_and_Schools_and_Others': 38}"
robust,9,Cameroon__None,Cameroon,None,Africa,2020-07-03,1,7028.0,5126.0,37.1049551307062,151.0,78.0,93.58974358974359,0.3699510072283045,"{'Authorize_Schools_but_Restrict_Mass_Gatherings_and_Others': 24, 'Lockdown': 13, 'Mass_Gatherings_Authorized_But_Others_Restricted': 29, 'No_Measure': 0, 'Restrict_Mass_Gatherings': 0, 'Restrict_Mass_Gatherings_and_Schools': 1, 'Restrict_Mass_Gatherings_and_Schools_and_Others': 38}"
robust,9,Canada__Alberta,Canada,Alberta,North America,2020-07-03,1,561771.0,2887.0,19358.642189123657,7826.0,46.0,16913.043478260868,0.3699510072283045,"{'Authorize_Schools_but_Restrict_Mass_Gatherings_and_Others': 24, 'Lockdown': 13, 'Mass_Gatherings_Authorized_But_Others_Restricted': 29, 'No_Measure': 0, 'Restrict_Mass_Gatherings': 0, 'Restrict_Mass_Gatherings_and_Schools': 1, 'Restrict_Mass_Gatherings_and_Schools_and_Others': 38}"
robust,9,Canada__Manitoba,Canada,Manitoba,North America,2020-07-03,1,7.0,118.0,94.0677966101695,0.0,1.0,100.0,0.3699510072283045,"{'Authorize_Schools_but_Restrict_Mass_Gatherings_and_Others': 24, 'Lockdown': 13, 'Mass_Gatherings_Authorized_But_Others_Restricted': 29, 'No_Measure': 0, 'Restrict_Mass_Gatherings': 0, 'Restrict_Mass_Gatherings_and_Schools': 1, 'Restrict_Mass_Gatherings_and_Schools_and_Others': 38}"
robust,9,Canada__Nova_Scotia,Canada,Nova Scotia,North America,2020-07-03,1,172366.0,7.0,2462271.4285714286,4944.0,1.0,494300.0,0.3699510072283045,"{'Authorize_Schools_but_Restrict_Mass_Gatherings_and_Others': 24, 'Lockdown': 13, 'Mass_Gatherings_Authorized_But_Others_Restricted': 29, 'No_Measure': 0, 'Restrict_Mass_Gatherings': 0, 'Restrict_Mass_Gatherings_and_Schools': 1, 'Restrict_Mass_Gatherings_and_Schools_and_Others': 38}"
robust,9,Costa_Rica__None,Costa Rica,None,North America,2020-07-03,1,3471.0,15216.0,77.1884858044164,28.0,163.0,82.82208588957054,0.3699510072283045,"{'Authorize_Schools_but_Restrict_Mass_Gatherings_and_Others': 24, 'Lockdown': 13, 'Mass_Gatherings_Authorized_But_Others_Restricted': 29, 'No_Measure': 0, 'Restrict_Mass_Gatherings': 0, 'Restrict_Mass_Gatherings_and_Schools': 1, 'Restrict_Mass_Gatherings_and_Schools_and_Others': 38}"
robust,9,Denmark__None,Denmark,None,Europe,2020-07-03,1,323.0,1241.0,73.97260273972603,16.0,10.0,60.0,0.3699510072283045,"{'Authorize_Schools_but_Restrict_Mass_Gatherings_and_Others': 24, 'Lockdown': 13, 'Mass_Gatherings_Authorized_But_Others_Restricted': 29, 'No_Measure': 0, 'Restrict_Mass_Gatherings': 0, 'Restrict_Mass_Gatherings_and_Schools': 1, 'Restrict_Mass_Gatherings_and_Schools_and_Others': 38}"
robust,9,El_Salvador__None,El Salvador,None,North America,2020-07-03,1,3589.0,10755.0,66.62947466294746,200.0,276.0,27.536231884057973,0.3699510072283045,"{'Authorize_Schools_but_Restrict_Mass_Gatherings_and_Others': 24, 'Lockdown': 13, 'Mass_Gatherings_Authorized_But_Others_Restricted': 29, 'No_Measure': 0, 'Restrict_Mass_Gatherings': 0, 'Restrict_Mass_Gatherings_and_Schools': 1, 'Restrict_Mass_Gatherings_and_Schools_and_Others': 38}"
robust,9,Guatemala__None,Guatemala,None,North America,2020-07-03,1,18393.0,29864.0,38.410795606750604,1475.0,1117.0,32.05013428827216,0.3699510072283045,"{'Authorize_Schools_but_Restrict_Mass_Gatherings_and_Others': 24, 'Lockdown': 13, 'Mass_Gatherings_Authorized_But_Others_Restricted': 29, 'No_Measure': 0, 'Restrict_Mass_Gatherings': 0, 'Restrict_Mass_Gatherings_and_Schools': 1, 'Restrict_Mass_Gatherings_and_Schools_and_Others': 38}"
robust,9,Lebanon__None,Lebanon,None,Asia,2020-07-03,1,370.0,3207.0,88.4627377611475,6.0,30.0,80.0,0.3699510072283045,"{'Authorize_Schools_but_Restrict_Mass_Gatherings_and_Others': 24, 'Lockdown': 13, 'Mass_Gatherings_Authorized_But_Others_Restricted': 29, 'No_Measure': 0, 'Restrict_Mass_Gatherings': 0, 'Restrict_Mass_Gatherings_and_Schools': 1, 'Restrict_Mass_Gatherings_and_Schools_and_Others': 38}"
robust,9,Mexico__None,Mexico,None,North America,2020-07-03,1,149353.0,197796.0,24.49139517482659,21987.0,18503.0,18.82937901961844,0.3699510072283045,"{'Authorize_Schools_but_Restrict_Mass_Gatherings_and_Others': 24, 'Lockdown': 13, 'Mass_Gatherings_Authorized_But_Others_Restricted': 29, 'No_Measure': 0, 'Restrict_Mass_Gatherings': 0, 'Restrict_Mass_Gatherings_and_Schools': 1, 'Restrict_Mass_Gatherings_and_Schools_and_Others': 38}"
robust,9,Mongolia__None,Mongolia,None,Asia,2020-07-03,1,17.0,73.0,76.71232876712328,0.0,0.0,,0.3699510072283045,"{'Authorize_Schools_but_Restrict_Mass_Gatherings_and_Others': 24, 'Lockdown': 13, 'Mass_Gatherings_Authorized_But_Others_Restricted': 29, 'No_Measure': 0, 'Restrict_Mass_Gatherings': 0, 'Restrict_Mass_Gatherings_and_Schools': 1, 'Restrict_Mass_Gatherings_and_Schools_and_Others': 38}"
robust,9,Mozambique__None,Mozambique,None,Africa,2020-07-03,1,186.0,1060.0,82.45283018867924,4.0,8.0,50.0,0.3699510072283045,"{'Authorize_Schools_but_Restrict_Mass_Gatherings_and_Others': 24, 'Lockdown': 13, 'Mass_Gatherings_Authorized_But_Others_Restricted': 29, 'No_Measure': 0, 'Restrict_Mass_Gatherings': 0, 'Restrict_Mass_Gatherings_and_Schools': 1, 'Restrict_Mass_Gatherings_and_Schools_and_Others': 38}"
robust,9,New_Zealand__None,New Zealand,None,Oceania,2020-07-03,1,632081.0,36.0,1755680.5555555555,2873.0,0.0,,0.3699510072283045,"{'Authorize_Schools_but_Restrict_Mass_Gatherings_and_Others': 24, 'Lockdown': 13, 'Mass_Gatherings_Authorized_But_Others_Restricted': 29, 'No_Measure': 0, 'Restrict_Mass_Gatherings': 0, 'Restrict_Mass_Gatherings_and_Schools': 1, 'Restrict_Mass_Gatherings_and_Schools_and_Others': 38}"
robust,9,Niger__None,Niger,None,Africa,2020-07-03,1,80.0,70.0,14.285714285714285,6.0,1.0,500.0,0.3699510072283045,"{'Authorize_Schools_but_Restrict_Mass_Gatherings_and_Others': 24, 'Lockdown': 13, 'Mass_Gatherings_Authorized_But_Others_Restricted': 29, 'No_Measure': 0, 'Restrict_Mass_Gatherings': 0, 'Restrict_Mass_Gatherings_and_Schools': 1, 'Restrict_Mass_Gatherings_and_Schools_and_Others': 38}"
robust,9,Nigeria__None,Nigeria,None,Africa,2020-07-03,1,11663.0,16266.0,28.29829091356203,259.0,276.0,6.159420289855073,0.3699510072283045,"{'Authorize_Schools_but_Restrict_Mass_Gatherings_and_Others': 24, 'Lockdown': 13, 'Mass_Gatherings_Authorized_But_Others_Restricted': 29, 'No_Measure': 0, 'Restrict_Mass_Gatherings': 0, 'Restrict_Mass_Gatherings_and_Schools': 1, 'Restrict_Mass_Gatherings_and_Schools_and_Others': 38}"
robust,9,Oman__None,Oman,None,Asia,2020-07-03,1,22606.0,34053.0,33.61524682113177,103.0,218.0,52.752293577981646,0.3699510072283045,"{'Authorize_Schools_but_Restrict_Mass_Gatherings_and_Others': 24, 'Lockdown': 13, 'Mass_Gatherings_Authorized_But_Others_Restricted': 29, 'No_Measure': 0, 'Restrict_Mass_Gatherings': 0, 'Restrict_Mass_Gatherings_and_Schools': 1, 'Restrict_Mass_Gatherings_and_Schools_and_Others': 38}"
robust,9,Panama__None,Panama,None,North America,2020-07-03,1,16352.0,32441.0,49.59464874695601,290.0,802.0,63.84039900249376,0.3699510072283045,"{'Authorize_Schools_but_Restrict_Mass_Gatherings_and_Others': 24, 'Lockdown': 13, 'Mass_Gatherings_Authorized_But_Others_Restricted': 29, 'No_Measure': 0, 'Restrict_Mass_Gatherings': 0, 'Restrict_Mass_Gatherings_and_Schools': 1, 'Restrict_Mass_Gatherings_and_Schools_and_Others': 38}"
robust,9,South_Sudan__None,South Sudan,None,Africa,2020-07-03,1,367.0,416.0,11.778846153846153,14.0,9.0,55.55555555555556,0.3699510072283045,"{'Authorize_Schools_but_Restrict_Mass_Gatherings_and_Others': 24, 'Lockdown': 13, 'Mass_Gatherings_Authorized_But_Others_Restricted': 29, 'No_Measure': 0, 'Restrict_Mass_Gatherings': 0, 'Restrict_Mass_Gatherings_and_Schools': 1, 'Restrict_Mass_Gatherings_and_Schools_and_Others': 38}"
robust,10,Afghanistan__None,Afghanistan,None,Asia,2020-07-03,1,35782.0,4111.0,770.3964972026271,703.0,462.0,52.16450216450217,0.41278897658555247,"{'Authorize_Schools_but_Restrict_Mass_Gatherings_and_Others': 21, 'Lockdown': 16, 'Mass_Gatherings_Authorized_But_Others_Restricted': 23, 'No_Measure': 0, 'Restrict_Mass_Gatherings': 0, 'Restrict_Mass_Gatherings_and_Schools': 1, 'Restrict_Mass_Gatherings_and_Schools_and_Others': 45}"
robust,10,Andorra__None,Andorra,None,Europe,2020-07-03,1,1.0,84.0,98.80952380952381,0.0,0.0,,0.41278897658555247,"{'Authorize_Schools_but_Restrict_Mass_Gatherings_and_Others': 21, 'Lockdown': 16, 'Mass_Gatherings_Authorized_But_Others_Restricted': 23, 'No_Measure': 0, 'Restrict_Mass_Gatherings': 0, 'Restrict_Mass_Gatherings_and_Schools': 1, 'Restrict_Mass_Gatherings_and_Schools_and_Others': 45}"
robust,10,Australia__Australian_Capital_Territory,Australia,Australian Capital Territory,Oceania,2020-07-03,1,0.0,5.0,100.0,0.0,0.0,,0.41278897658555247,"{'Authorize_Schools_but_Restrict_Mass_Gatherings_and_Others': 21, 'Lockdown': 16, 'Mass_Gatherings_Authorized_But_Others_Restricted': 23, 'No_Measure': 0, 'Restrict_Mass_Gatherings': 0, 'Restrict_Mass_Gatherings_and_Schools': 1, 'Restrict_Mass_Gatherings_and_Schools_and_Others': 45}"
robust,10,Australia__Queensland,Australia,Queensland,Oceania,2020-07-03,1,0.0,21.0,100.0,0.0,0.0,,0.41278897658555247,"{'Authorize_Schools_but_Restrict_Mass_Gatherings_and_Others': 21, 'Lockdown': 16, 'Mass_Gatherings_Authorized_But_Others_Restricted': 23, 'No_Measure': 0, 'Restrict_Mass_Gatherings': 0, 'Restrict_Mass_Gatherings_and_Schools': 1, 'Restrict_Mass_Gatherings_and_Schools_and_Others': 45}"
robust,10,Australia__Western_Australia,Australia,Western Australia,Oceania,2020-07-03,1,0.0,58.0,100.0,0.0,0.0,,0.41278897658555247,"{'Authorize_Schools_but_Restrict_Mass_Gatherings_and_Others': 21, 'Lockdown': 16, 'Mass_Gatherings_Authorized_But_Others_Restricted': 23, 'No_Measure': 0, 'Restrict_Mass_Gatherings': 0, 'Restrict_Mass_Gatherings_and_Schools': 1, 'Restrict_Mass_Gatherings_and_Schools_and_Others': 45}"
robust,10,Bangladesh__None,Bangladesh,None,Asia,2020-07-03,1,67699.0,84341.0,19.731803037668513,815.0,1237.0,34.114793856103475,0.41278897658555247,"{'Authorize_Schools_but_Restrict_Mass_Gatherings_and_Others': 21, 'Lockdown': 16, 'Mass_Gatherings_Authorized_But_Others_Restricted': 23, 'No_Measure': 0, 'Restrict_Mass_Gatherings': 0, 'Restrict_Mass_Gatherings_and_Schools': 1, 'Restrict_Mass_Gatherings_and_Schools_and_Others': 45}"
robust,10,Burkina_Faso__None,Burkina Faso,None,Africa,2020-07-03,1,96.0,166.0,42.168674698795186,3.0,1.0,200.0,0.41278897658555247,"{'Authorize_Schools_but_Restrict_Mass_Gatherings_and_Others': 21, 'Lockdown': 16, 'Mass_Gatherings_Authorized_But_Others_Restricted': 23, 'No_Measure': 0, 'Restrict_Mass_Gatherings': 0, 'Restrict_Mass_Gatherings_and_Schools': 1, 'Restrict_Mass_Gatherings_and_Schools_and_Others': 45}"
robust,10,Burundi__None,Burundi,None,Africa,2020-07-03,1,40.0,204.0,80.3921568627451,0.0,0.0,,0.41278897658555247,"{'Authorize_Schools_but_Restrict_Mass_Gatherings_and_Others': 21, 'Lockdown': 16, 'Mass_Gatherings_Authorized_But_Others_Restricted': 23, 'No_Measure': 0, 'Restrict_Mass_Gatherings': 0, 'Restrict_Mass_Gatherings_and_Schools': 1, 'Restrict_Mass_Gatherings_and_Schools_and_Others': 45}"
robust,10,Canada__British_Columbia,Canada,British Columbia,North America,2020-07-03,1,93.0,840.0,88.92857142857142,9.0,18.0,50.0,0.41278897658555247,"{'Authorize_Schools_but_Restrict_Mass_Gatherings_and_Others': 21, 'Lockdown': 16, 'Mass_Gatherings_Authorized_But_Others_Restricted': 23, 'No_Measure': 0, 'Restrict_Mass_Gatherings': 0, 'Restrict_Mass_Gatherings_and_Schools': 1, 'Restrict_Mass_Gatherings_and_Schools_and_Others': 45}"
robust,10,Canada__Nova_Scotia,Canada,Nova Scotia,North America,2020-07-03,1,173045.0,7.0,2471971.4285714286,5024.0,1.0,502300.0,0.41278897658555247,"{'Authorize_Schools_but_Restrict_Mass_Gatherings_and_Others': 21, 'Lockdown': 16, 'Mass_Gatherings_Authorized_But_Others_Restricted': 23, 'No_Measure': 0, 'Restrict_Mass_Gatherings': 0, 'Restrict_Mass_Gatherings_and_Schools': 1, 'Restrict_Mass_Gatherings_and_Schools_and_Others': 45}"
robust,10,Canada__Saskatchewan,Canada,Saskatchewan,North America,2020-07-03,1,61.0,572.0,89.33566433566433,3.0,4.0,25.0,0.41278897658555247,"{'Authorize_Schools_but_Restrict_Mass_Gatherings_and_Others': 21, 'Lockdown': 16, 'Mass_Gatherings_Authorized_But_Others_Restricted': 23, 'No_Measure': 0, 'Restrict_Mass_Gatherings': 0, 'Restrict_Mass_Gatherings_and_Schools': 1, 'Restrict_Mass_Gatherings_and_Schools_and_Others': 45}"
robust,10,Georgia__None,Georgia,None,Asia,2020-07-03,1,36.0,234.0,84.61538461538461,1.0,2.0,50.0,0.41278897658555247,"{'Authorize_Schools_but_Restrict_Mass_Gatherings_and_Others': 21, 'Lockdown': 16, 'Mass_Gatherings_Authorized_But_Others_Restricted': 23, 'No_Measure': 0, 'Restrict_Mass_Gatherings': 0, 'Restrict_Mass_Gatherings_and_Schools': 1, 'Restrict_Mass_Gatherings_and_Schools_and_Others': 45}"
robust,10,Honduras__None,Honduras,None,North America,2020-07-03,1,25087.0,21378.0,17.349611750397607,646.0,771.0,16.212710765239947,0.41278897658555247,"{'Authorize_Schools_but_Restrict_Mass_Gatherings_and_Others': 21, 'Lockdown': 16, 'Mass_Gatherings_Authorized_But_Others_Restricted': 23, 'No_Measure': 0, 'Restrict_Mass_Gatherings': 0, 'Restrict_Mass_Gatherings_and_Schools': 1, 'Restrict_Mass_Gatherings_and_Schools_and_Others': 45}"
robust,10,Iceland__None,Iceland,None,Europe,2020-07-03,1,59292.0,88.0,67277.27272727272,342.0,0.0,,0.41278897658555247,"{'Authorize_Schools_but_Restrict_Mass_Gatherings_and_Others': 21, 'Lockdown': 16, 'Mass_Gatherings_Authorized_But_Others_Restricted': 23, 'No_Measure': 0, 'Restrict_Mass_Gatherings': 0, 'Restrict_Mass_Gatherings_and_Schools': 1, 'Restrict_Mass_Gatherings_and_Schools_and_Others': 45}"
robust,10,Indonesia__None,Indonesia,None,Asia,2020-07-03,1,20648.0,52914.0,60.97819102694939,943.0,2299.0,58.98216615919966,0.41278897658555247,"{'Authorize_Schools_but_Restrict_Mass_Gatherings_and_Others': 21, 'Lockdown': 16, 'Mass_Gatherings_Authorized_But_Others_Restricted': 23, 'No_Measure': 0, 'Restrict_Mass_Gatherings': 0, 'Restrict_Mass_Gatherings_and_Schools': 1, 'Restrict_Mass_Gatherings_and_Schools_and_Others': 45}"
robust,10,Madagascar__None,Madagascar,None,Africa,2020-07-03,1,16211.0,9167.0,76.8408421511945,74.0,94.0,21.27659574468085,0.41278897658555247,"{'Authorize_Schools_but_Restrict_Mass_Gatherings_and_Others': 21, 'Lockdown': 16, 'Mass_Gatherings_Authorized_But_Others_Restricted': 23, 'No_Measure': 0, 'Restrict_Mass_Gatherings': 0, 'Restrict_Mass_Gatherings_and_Schools': 1, 'Restrict_Mass_Gatherings_and_Schools_and_Others': 45}"
robust,10,Mauritius__None,Mauritius,None,Africa,2020-07-03,1,0.0,3.0,100.0,0.0,0.0,,0.41278897658555247,"{'Authorize_Schools_but_Restrict_Mass_Gatherings_and_Others': 21, 'Lockdown': 16, 'Mass_Gatherings_Authorized_But_Others_Restricted': 23, 'No_Measure': 0, 'Restrict_Mass_Gatherings': 0, 'Restrict_Mass_Gatherings_and_Schools': 1, 'Restrict_Mass_Gatherings_and_Schools_and_Others': 45}"
robust,10,Morocco__None,Morocco,None,Africa,2020-07-03,1,2627.0,13395.0,80.38820455393804,44.0,185.0,76.21621621621621,0.41278897658555247,"{'Authorize_Schools_but_Restrict_Mass_Gatherings_and_Others': 21, 'Lockdown': 16, 'Mass_Gatherings_Authorized_But_Others_Restricted': 23, 'No_Measure': 0, 'Restrict_Mass_Gatherings': 0, 'Restrict_Mass_Gatherings_and_Schools': 1, 'Restrict_Mass_Gatherings_and_Schools_and_Others': 45}"
robust,10,Namibia__None,Namibia,None,Africa,2020-07-03,1,839.0,2095.0,59.95226730310262,7.0,12.0,41.66666666666667,0.41278897658555247,"{'Authorize_Schools_but_Restrict_Mass_Gatherings_and_Others': 21, 'Lockdown': 16, 'Mass_Gatherings_Authorized_But_Others_Restricted': 23, 'No_Measure': 0, 'Restrict_Mass_Gatherings': 0, 'Restrict_Mass_Gatherings_and_Schools': 1, 'Restrict_Mass_Gatherings_and_Schools_and_Others': 45}"
robust,10,Nepal__None,Nepal,None,Asia,2020-07-03,1,133498.0,5518.0,2319.318593693367,303.0,24.0,1162.5,0.41278897658555247,"{'Authorize_Schools_but_Restrict_Mass_Gatherings_and_Others': 21, 'Lockdown': 16, 'Mass_Gatherings_Authorized_But_Others_Restricted': 23, 'No_Measure': 0, 'Restrict_Mass_Gatherings': 0, 'Restrict_Mass_Gatherings_and_Schools': 1, 'Restrict_Mass_Gatherings_and_Schools_and_Others': 45}"
robust,10,Peru__None,Peru,None,South America,2020-07-03,1,46710.0,140810.0,66.82764008238051,1636.0,9595.0,82.94945284002084,0.41278897658555247,"{'Authorize_Schools_but_Restrict_Mass_Gatherings_and_Others': 21, 'Lockdown': 16, 'Mass_Gatherings_Authorized_But_Others_Restricted': 23, 'No_Measure': 0, 'Restrict_Mass_Gatherings': 0, 'Restrict_Mass_Gatherings_and_Schools': 1, 'Restrict_Mass_Gatherings_and_Schools_and_Others': 45}"
robust,11,Albania__None,Albania,None,Europe,2020-07-03,1,998.0,2931.0,65.95018764926647,19.0,102.0,81.37254901960785,0.35285048845575534,"{'Authorize_Schools_but_Restrict_Mass_Gatherings_and_Others': 19, 'Lockdown': 14, 'Mass_Gatherings_Authorized_But_Others_Restricted': 31, 'No_Measure': 0, 'Restrict_Mass_Gatherings': 0, 'Restrict_Mass_Gatherings_and_Schools': 1, 'Restrict_Mass_Gatherings_and_Schools_and_Others': 39}"
robust,11,Algeria__None,Algeria,None,Africa,2020-07-03,1,2390.0,17004.0,85.94448365090567,124.0,302.0,58.94039735099338,0.35285048845575534,"{'Authorize_Schools_but_Restrict_Mass_Gatherings_and_Others': 19, 'Lockdown': 14, 'Mass_Gatherings_Authorized_But_Others_Restricted': 31, 'No_Measure': 0, 'Restrict_Mass_Gatherings': 0, 'Restrict_Mass_Gatherings_and_Schools': 1, 'Restrict_Mass_Gatherings_and_Schools_and_Others': 39}"
robust,11,Australia__Queensland,Australia,Queensland,Oceania,2020-07-03,1,0.0,21.0,100.0,0.0,0.0,,0.35285048845575534,"{'Authorize_Schools_but_Restrict_Mass_Gatherings_and_Others': 19, 'Lockdown': 14, 'Mass_Gatherings_Authorized_But_Others_Restricted': 31, 'No_Measure': 0, 'Restrict_Mass_Gatherings': 0, 'Restrict_Mass_Gatherings_and_Schools': 1, 'Restrict_Mass_Gatherings_and_Schools_and_Others': 39}"
robust,11,Australia__Victoria,Australia,Victoria,Oceania,2020-07-03,1,320.0,10499.0,96.9520906753024,4.0,142.0,97.1830985915493,0.35285048845575534,"{'Authorize_Schools_but_Restrict_Mass_Gatherings_and_Others': 19, 'Lockdown': 14, 'Mass_Gatherings_Authorized_But_Others_Restricted': 31, 'No_Measure': 0, 'Restrict_Mass_Gatherings': 0, 'Restrict_Mass_Gatherings_and_Schools': 1, 'Restrict_Mass_Gatherings_and_Schools_and_Others': 39}"
robust,11,Azerbaijan__None,Azerbaijan,None,Asia,2020-07-03,1,11257.0,13109.0,14.127698527729041,234.0,232.0,0.8620689655172413,0.35285048845575534,"{'Authorize_Schools_but_Restrict_Mass_Gatherings_and_Others': 19, 'Lockdown': 14, 'Mass_Gatherings_Authorized_But_Others_Restricted': 31, 'No_Measure': 0, 'Restrict_Mass_Gatherings': 0, 'Restrict_Mass_Gatherings_and_Schools': 1, 'Restrict_Mass_Gatherings_and_Schools_and_Others': 39}"
robust,11,Benin__None,Benin,None,Africa,2020-07-03,1,0.0,715.0,100.0,6.0,17.0,64.70588235294117,0.35285048845575534,"{'Authorize_Schools_but_Restrict_Mass_Gatherings_and_Others': 19, 'Lockdown': 14, 'Mass_Gatherings_Authorized_But_Others_Restricted': 31, 'No_Measure': 0, 'Restrict_Mass_Gatherings': 0, 'Restrict_Mass_Gatherings_and_Schools': 1, 'Restrict_Mass_Gatherings_and_Schools_and_Others': 39}"
robust,11,Bolivia__None,Bolivia,None,South America,2020-07-03,1,24721.0,45290.0,45.41620666813866,790.0,1942.0,59.320288362512876,0.35285048845575534,"{'Authorize_Schools_but_Restrict_Mass_Gatherings_and_Others': 19, 'Lockdown': 14, 'Mass_Gatherings_Authorized_But_Others_Restricted': 31, 'No_Measure': 0, 'Restrict_Mass_Gatherings': 0, 'Restrict_Mass_Gatherings_and_Schools': 1, 'Restrict_Mass_Gatherings_and_Schools_and_Others': 39}"
robust,11,Burkina_Faso__None,Burkina Faso,None,Africa,2020-07-03,1,78.0,166.0,53.01204819277109,2.0,1.0,100.0,0.35285048845575534,"{'Authorize_Schools_but_Restrict_Mass_Gatherings_and_Others': 19, 'Lockdown': 14, 'Mass_Gatherings_Authorized_But_Others_Restricted': 31, 'No_Measure': 0, 'Restrict_Mass_Gatherings': 0, 'Restrict_Mass_Gatherings_and_Schools': 1, 'Restrict_Mass_Gatherings_and_Schools_and_Others': 39}"
robust,11,Cameroon__None,Cameroon,None,Africa,2020-07-03,1,5107.0,5126.0,0.37065938353492,112.0,78.0,43.58974358974359,0.35285048845575534,"{'Authorize_Schools_but_Restrict_Mass_Gatherings_and_Others': 19, 'Lockdown': 14, 'Mass_Gatherings_Authorized_But_Others_Restricted': 31, 'No_Measure': 0, 'Restrict_Mass_Gatherings': 0, 'Restrict_Mass_Gatherings_and_Schools': 1, 'Restrict_Mass_Gatherings_and_Schools_and_Others': 39}"
robust,11,Congo_(Kinshasa)__None,Congo (Kinshasa),None,Africa,2020-07-03,1,2427.0,1799.0,34.9082823790995,47.0,33.0,42.42424242424242,0.35285048845575534,"{'Authorize_Schools_but_Restrict_Mass_Gatherings_and_Others': 19, 'Lockdown': 14, 'Mass_Gatherings_Authorized_But_Others_Restricted': 31, 'No_Measure': 0, 'Restrict_Mass_Gatherings': 0, 'Restrict_Mass_Gatherings_and_Schools': 1, 'Restrict_Mass_Gatherings_and_Schools_and_Others': 39}"
robust,11,Denmark__None,Denmark,None,Europe,2020-07-03,1,294.0,1241.0,76.30942788074134,14.0,10.0,40.0,0.35285048845575534,"{'Authorize_Schools_but_Restrict_Mass_Gatherings_and_Others': 19, 'Lockdown': 14, 'Mass_Gatherings_Authorized_But_Others_Restricted': 31, 'No_Measure': 0, 'Restrict_Mass_Gatherings': 0, 'Restrict_Mass_Gatherings_and_Schools': 1, 'Restrict_Mass_Gatherings_and_Schools_and_Others': 39}"
robust,11,Gabon__None,Gabon,None,Africa,2020-07-03,1,1851.0,2026.0,8.637709772951629,17.0,7.0,142.85714285714286,0.35285048845575534,"{'Authorize_Schools_but_Restrict_Mass_Gatherings_and_Others': 19, 'Lockdown': 14, 'Mass_Gatherings_Authorized_But_Others_Restricted': 31, 'No_Measure': 0, 'Restrict_Mass_Gatherings': 0, 'Restrict_Mass_Gatherings_and_Schools': 1, 'Restrict_Mass_Gatherings_and_Schools_and_Others': 39}"
robust,11,Greece__None,Greece,None,Europe,2020-07-03,1,132.0,1344.0,90.17857142857143,10.0,17.0,41.17647058823529,0.35285048845575534,"{'Authorize_Schools_but_Restrict_Mass_Gatherings_and_Others': 19, 'Lockdown': 14, 'Mass_Gatherings_Authorized_But_Others_Restricted': 31, 'No_Measure': 0, 'Restrict_Mass_Gatherings': 0, 'Restrict_Mass_Gatherings_and_Schools': 1, 'Restrict_Mass_Gatherings_and_Schools_and_Others': 39}"
robust,11,Hungary__None,Hungary,None,Europe,2020-07-03,1,976.0,379.0,157.5197889182058,67.0,9.0,644.4444444444445,0.35285048845575534,"{'Authorize_Schools_but_Restrict_Mass_Gatherings_and_Others': 19, 'Lockdown': 14, 'Mass_Gatherings_Authorized_But_Others_Restricted': 31, 'No_Measure': 0, 'Restrict_Mass_Gatherings': 0, 'Restrict_Mass_Gatherings_and_Schools': 1, 'Restrict_Mass_Gatherings_and_Schools_and_Others': 39}"
robust,11,Lebanon__None,Lebanon,None,Asia,2020-07-03,1,342.0,3207.0,89.33582787652011,6.0,30.0,80.0,0.35285048845575534,"{'Authorize_Schools_but_Restrict_Mass_Gatherings_and_Others': 19, 'Lockdown': 14, 'Mass_Gatherings_Authorized_But_Others_Restricted': 31, 'No_Measure': 0, 'Restrict_Mass_Gatherings': 0, 'Restrict_Mass_Gatherings_and_Schools': 1, 'Restrict_Mass_Gatherings_and_Schools_and_Others': 39}"
robust,11,Malaysia__None,Malaysia,None,Asia,2020-07-03,1,185.0,344.0,46.22093023255814,2.0,4.0,50.0,0.35285048845575534,"{'Authorize_Schools_but_Restrict_Mass_Gatherings_and_Others': 19, 'Lockdown': 14, 'Mass_Gatherings_Authorized_But_Others_Restricted': 31, 'No_Measure': 0, 'Restrict_Mass_Gatherings': 0, 'Restrict_Mass_Gatherings_and_Schools': 1, 'Restrict_Mass_Gatherings_and_Schools_and_Others': 39}"
robust,11,Moldova__None,Moldova,None,Europe,2020-07-03,1,4971.0,8142.0,38.946204863669855,170.0,230.0,26.08695652173913,0.35285048845575534,"{'Authorize_Schools_but_Restrict_Mass_Gatherings_and_Others': 19, 'Lockdown': 14, 'Mass_Gatherings_Authorized_But_Others_Restricted': 31, 'No_Measure': 0, 'Restrict_Mass_Gatherings': 0, 'Restrict_Mass_Gatherings_and_Schools': 1, 'Restrict_Mass_Gatherings_and_Schools_and_Others': 39}"
robust,11,Monaco__None,Monaco,None,Europe,2020-07-03,1,13.0,17.0,23.52941176470588,1.0,0.0,,0.35285048845575534,"{'Authorize_Schools_but_Restrict_Mass_Gatherings_and_Others': 19, 'Lockdown': 14, 'Mass_Gatherings_Authorized_But_Others_Restricted': 31, 'No_Measure': 0, 'Restrict_Mass_Gatherings': 0, 'Restrict_Mass_Gatherings_and_Schools': 1, 'Restrict_Mass_Gatherings_and_Schools_and_Others': 39}"
robust,11,Mozambique__None,Mozambique,None,Africa,2020-07-03,1,169.0,1060.0,84.0566037735849,4.0,8.0,50.0,0.35285048845575534,"{'Authorize_Schools_but_Restrict_Mass_Gatherings_and_Others': 19, 'Lockdown': 14, 'Mass_Gatherings_Authorized_But_Others_Restricted': 31, 'No_Measure': 0, 'Restrict_Mass_Gatherings': 0, 'Restrict_Mass_Gatherings_and_Schools': 1, 'Restrict_Mass_Gatherings_and_Schools_and_Others': 39}"
robust,11,Netherlands__None,Netherlands,None,Europe,2020-07-03,1,104.0,5407.0,98.07656741261329,14.0,24.0,41.66666666666667,0.35285048845575534,"{'Authorize_Schools_but_Restrict_Mass_Gatherings_and_Others': 19, 'Lockdown': 14, 'Mass_Gatherings_Authorized_But_Others_Restricted': 31, 'No_Measure': 0, 'Restrict_Mass_Gatherings': 0, 'Restrict_Mass_Gatherings_and_Schools': 1, 'Restrict_Mass_Gatherings_and_Schools_and_Others': 39}"
robust,11,Peru__None,Peru,None,South America,2020-07-03,1,43180.0,140810.0,69.33456430651232,1530.0,9595.0,84.05419489317353,0.35285048845575534,"{'Authorize_Schools_but_Restrict_Mass_Gatherings_and_Others': 19, 'Lockdown': 14, 'Mass_Gatherings_Authorized_But_Others_Restricted': 31, 'No_Measure': 0, 'Restrict_Mass_Gatherings': 0, 'Restrict_Mass_Gatherings_and_Schools': 1, 'Restrict_Mass_Gatherings_and_Schools_and_Others': 39}"
robust,12,Afghanistan__None,Afghanistan,None,Asia,2020-07-03,1,42410.0,4111.0,931.6224762831429,821.0,462.0,77.7056277056277,0.47705985922806143,"{'Authorize_Schools_but_Restrict_Mass_Gatherings_and_Others': 16, 'Lockdown': 16, 'Mass_Gatherings_Authorized_But_Others_Restricted': 29, 'No_Measure': 0, 'Restrict_Mass_Gatherings': 0, 'Restrict_Mass_Gatherings_and_Schools': 1, 'Restrict_Mass_Gatherings_and_Schools_and_Others': 42}"
robust,12,Algeria__None,Algeria,None,Africa,2020-07-03,1,2718.0,17004.0,84.01552575864503,141.0,302.0,53.31125827814569,0.47705985922806143,"{'Authorize_Schools_but_Restrict_Mass_Gatherings_and_Others': 16, 'Lockdown': 16, 'Mass_Gatherings_Authorized_But_Others_Restricted': 29, 'No_Measure': 0, 'Restrict_Mass_Gatherings': 0, 'Restrict_Mass_Gatherings_and_Schools': 1, 'Restrict_Mass_Gatherings_and_Schools_and_Others': 42}"
robust,12,Australia__South_Australia,Australia,South Australia,Oceania,2020-07-03,1,0.0,14.0,100.0,0.0,0.0,,0.47705985922806143,"{'Authorize_Schools_but_Restrict_Mass_Gatherings_and_Others': 16, 'Lockdown': 16, 'Mass_Gatherings_Authorized_But_Others_Restricted': 29, 'No_Measure': 0, 'Restrict_Mass_Gatherings': 0, 'Restrict_Mass_Gatherings_and_Schools': 1, 'Restrict_Mass_Gatherings_and_Schools_and_Others': 42}"
robust,12,Austria__None,Austria,None,Europe,2020-07-03,1,808433.0,3316.0,24279.764776839565,6042.0,14.0,43057.142857142855,0.47705985922806143,"{'Authorize_Schools_but_Restrict_Mass_Gatherings_and_Others': 16, 'Lockdown': 16, 'Mass_Gatherings_Authorized_But_Others_Restricted': 29, 'No_Measure': 0, 'Restrict_Mass_Gatherings': 0, 'Restrict_Mass_Gatherings_and_Schools': 1, 'Restrict_Mass_Gatherings_and_Schools_and_Others': 42}"
robust,12,Bangladesh__None,Bangladesh,None,Asia,2020-07-03,1,70012.0,84341.0,16.989364603217886,842.0,1237.0,31.932093775262732,0.47705985922806143,"{'Authorize_Schools_but_Restrict_Mass_Gatherings_and_Others': 16, 'Lockdown': 16, 'Mass_Gatherings_Authorized_But_Others_Restricted': 29, 'No_Measure': 0, 'Restrict_Mass_Gatherings': 0, 'Restrict_Mass_Gatherings_and_Schools': 1, 'Restrict_Mass_Gatherings_and_Schools_and_Others': 42}"
robust,12,Belgium__None,Belgium,None,Europe,2020-07-03,1,509.0,8810.0,94.22247446083996,62.0,81.0,23.456790123456788,0.47705985922806143,"{'Authorize_Schools_but_Restrict_Mass_Gatherings_and_Others': 16, 'Lockdown': 16, 'Mass_Gatherings_Authorized_But_Others_Restricted': 29, 'No_Measure': 0, 'Restrict_Mass_Gatherings': 0, 'Restrict_Mass_Gatherings_and_Schools': 1, 'Restrict_Mass_Gatherings_and_Schools_and_Others': 42}"
robust,12,Congo_(Kinshasa)__None,Congo (Kinshasa),None,Africa,2020-07-03,1,3405.0,1799.0,89.27181767648695,66.0,33.0,100.0,0.47705985922806143,"{'Authorize_Schools_but_Restrict_Mass_Gatherings_and_Others': 16, 'Lockdown': 16, 'Mass_Gatherings_Authorized_But_Others_Restricted': 29, 'No_Measure': 0, 'Restrict_Mass_Gatherings': 0, 'Restrict_Mass_Gatherings_and_Schools': 1, 'Restrict_Mass_Gatherings_and_Schools_and_Others': 42}"
robust,12,Cote_d'Ivoire__None,Cote d'Ivoire,None,Africa,2020-07-03,1,5553.0,5831.0,4.767621334247985,45.0,31.0,45.16129032258064,0.47705985922806143,"{'Authorize_Schools_but_Restrict_Mass_Gatherings_and_Others': 16, 'Lockdown': 16, 'Mass_Gatherings_Authorized_But_Others_Restricted': 29, 'No_Measure': 0, 'Restrict_Mass_Gatherings': 0, 'Restrict_Mass_Gatherings_and_Schools': 1, 'Restrict_Mass_Gatherings_and_Schools_and_Others': 42}"
robust,12,Djibouti__None,Djibouti,None,Africa,2020-07-03,1,996.0,512.0,94.53125,41.0,4.0,925.0,0.47705985922806143,"{'Authorize_Schools_but_Restrict_Mass_Gatherings_and_Others': 16, 'Lockdown': 16, 'Mass_Gatherings_Authorized_But_Others_Restricted': 29, 'No_Measure': 0, 'Restrict_Mass_Gatherings': 0, 'Restrict_Mass_Gatherings_and_Schools': 1, 'Restrict_Mass_Gatherings_and_Schools_and_Others': 42}"
robust,12,Estonia__None,Estonia,None,Europe,2020-07-03,1,10.0,98.0,89.79591836734694,0.0,-6.0,,0.47705985922806143,"{'Authorize_Schools_but_Restrict_Mass_Gatherings_and_Others': 16, 'Lockdown': 16, 'Mass_Gatherings_Authorized_But_Others_Restricted': 29, 'No_Measure': 0, 'Restrict_Mass_Gatherings': 0, 'Restrict_Mass_Gatherings_and_Schools': 1, 'Restrict_Mass_Gatherings_and_Schools_and_Others': 42}"
robust,12,Georgia__None,Georgia,None,Asia,2020-07-03,1,40.0,234.0,82.90598290598291,1.0,2.0,50.0,0.47705985922806143,"{'Authorize_Schools_but_Restrict_Mass_Gatherings_and_Others': 16, 'Lockdown': 16, 'Mass_Gatherings_Authorized_But_Others_Restricted': 29, 'No_Measure': 0, 'Restrict_Mass_Gatherings': 0, 'Restrict_Mass_Gatherings_and_Schools': 1, 'Restrict_Mass_Gatherings_and_Schools_and_Others': 42}"
robust,12,Ghana__None,Ghana,None,Africa,2020-07-03,1,9193.0,18424.0,50.103126356925756,72.0,74.0,2.7027027027027026,0.47705985922806143,"{'Authorize_Schools_but_Restrict_Mass_Gatherings_and_Others': 16, 'Lockdown': 16, 'Mass_Gatherings_Authorized_But_Others_Restricted': 29, 'No_Measure': 0, 'Restrict_Mass_Gatherings': 0, 'Restrict_Mass_Gatherings_and_Schools': 1, 'Restrict_Mass_Gatherings_and_Schools_and_Others': 42}"
robust,12,Iceland__None,Iceland,None,Europe,2020-07-03,1,60110.0,88.0,68206.81818181819,356.0,0.0,,0.47705985922806143,"{'Authorize_Schools_but_Restrict_Mass_Gatherings_and_Others': 16, 'Lockdown': 16, 'Mass_Gatherings_Authorized_But_Others_Restricted': 29, 'No_Measure': 0, 'Restrict_Mass_Gatherings': 0, 'Restrict_Mass_Gatherings_and_Schools': 1, 'Restrict_Mass_Gatherings_and_Schools_and_Others': 42}"
robust,12,Kosovo__None,Kosovo,None,Europe,2020-07-03,1,7146.0,6096.0,17.224409448818896,124.0,211.0,41.23222748815166,0.47705985922806143,"{'Authorize_Schools_but_Restrict_Mass_Gatherings_and_Others': 16, 'Lockdown': 16, 'Mass_Gatherings_Authorized_But_Others_Restricted': 29, 'No_Measure': 0, 'Restrict_Mass_Gatherings': 0, 'Restrict_Mass_Gatherings_and_Schools': 1, 'Restrict_Mass_Gatherings_and_Schools_and_Others': 42}"
robust,12,Libya__None,Libya,None,Africa,2020-07-03,1,461.0,3235.0,85.74961360123648,19.0,69.0,72.46376811594203,0.47705985922806143,"{'Authorize_Schools_but_Restrict_Mass_Gatherings_and_Others': 16, 'Lockdown': 16, 'Mass_Gatherings_Authorized_But_Others_Restricted': 29, 'No_Measure': 0, 'Restrict_Mass_Gatherings': 0, 'Restrict_Mass_Gatherings_and_Schools': 1, 'Restrict_Mass_Gatherings_and_Schools_and_Others': 42}"
robust,12,Lithuania__None,Lithuania,None,Europe,2020-07-03,1,30.0,306.0,90.19607843137256,3.0,1.0,200.0,0.47705985922806143,"{'Authorize_Schools_but_Restrict_Mass_Gatherings_and_Others': 16, 'Lockdown': 16, 'Mass_Gatherings_Authorized_But_Others_Restricted': 29, 'No_Measure': 0, 'Restrict_Mass_Gatherings': 0, 'Restrict_Mass_Gatherings_and_Schools': 1, 'Restrict_Mass_Gatherings_and_Schools_and_Others': 42}"
robust,12,Luxembourg__None,Luxembourg,None,Europe,2020-07-03,1,19.0,2441.0,99.22163047931176,2.0,8.0,75.0,0.47705985922806143,"{'Authorize_Schools_but_Restrict_Mass_Gatherings_and_Others': 16, 'Lockdown': 16, 'Mass_Gatherings_Authorized_But_Others_Restricted': 29, 'No_Measure': 0, 'Restrict_Mass_Gatherings': 0, 'Restrict_Mass_Gatherings_and_Schools': 1, 'Restrict_Mass_Gatherings_and_Schools_and_Others': 42}"
robust,12,Mauritania__None,Mauritania,None,Africa,2020-07-03,1,2828.0,1591.0,77.74984286612194,95.0,28.0,239.28571428571428,0.47705985922806143,"{'Authorize_Schools_but_Restrict_Mass_Gatherings_and_Others': 16, 'Lockdown': 16, 'Mass_Gatherings_Authorized_But_Others_Restricted': 29, 'No_Measure': 0, 'Restrict_Mass_Gatherings': 0, 'Restrict_Mass_Gatherings_and_Schools': 1, 'Restrict_Mass_Gatherings_and_Schools_and_Others': 42}"
robust,12,Netherlands__None,Netherlands,None,Europe,2020-07-03,1,130.0,5407.0,97.5957092657666,16.0,24.0,33.33333333333333,0.47705985922806143,"{'Authorize_Schools_but_Restrict_Mass_Gatherings_and_Others': 16, 'Lockdown': 16, 'Mass_Gatherings_Authorized_But_Others_Restricted': 29, 'No_Measure': 0, 'Restrict_Mass_Gatherings': 0, 'Restrict_Mass_Gatherings_and_Schools': 1, 'Restrict_Mass_Gatherings_and_Schools_and_Others': 42}"
robust,12,New_Zealand__None,New Zealand,None,Oceania,2020-07-03,1,465406.0,36.0,1292694.4444444445,1603.0,0.0,,0.47705985922806143,"{'Authorize_Schools_but_Restrict_Mass_Gatherings_and_Others': 16, 'Lockdown': 16, 'Mass_Gatherings_Authorized_But_Others_Restricted': 29, 'No_Measure': 0, 'Restrict_Mass_Gatherings': 0, 'Restrict_Mass_Gatherings_and_Schools': 1, 'Restrict_Mass_Gatherings_and_Schools_and_Others': 42}"
robust,12,Nicaragua__None,Nicaragua,None,North America,2020-07-03,1,578.0,1383.0,58.20679681851048,14.0,40.0,65.0,0.47705985922806143,"{'Authorize_Schools_but_Restrict_Mass_Gatherings_and_Others': 16, 'Lockdown': 16, 'Mass_Gatherings_Authorized_But_Others_Restricted': 29, 'No_Measure': 0, 'Restrict_Mass_Gatherings': 0, 'Restrict_Mass_Gatherings_and_Schools': 1, 'Restrict_Mass_Gatherings_and_Schools_and_Others': 42}"
robust,13,Australia__Tasmania,Australia,Tasmania,Oceania,2020-07-03,1,0.0,1.0,100.0,0.0,0.0,,0.3699510072283045,"{'Authorize_Schools_but_Restrict_Mass_Gatherings_and_Others': 19, 'Lockdown': 15, 'Mass_Gatherings_Authorized_But_Others_Restricted': 27, 'No_Measure': 0, 'Restrict_Mass_Gatherings': 0, 'Restrict_Mass_Gatherings_and_Schools': 1, 'Restrict_Mass_Gatherings_and_Schools_and_Others': 42}"
robust,13,Burkina_Faso__None,Burkina Faso,None,Africa,2020-07-03,1,79.0,166.0,52.40963855421686,2.0,1.0,100.0,0.3699510072283045,"{'Authorize_Schools_but_Restrict_Mass_Gatherings_and_Others': 19, 'Lockdown': 15, 'Mass_Gatherings_Authorized_But_Others_Restricted': 27, 'No_Measure': 0, 'Restrict_Mass_Gatherings': 0, 'Restrict_Mass_Gatherings_and_Schools': 1, 'Restrict_Mass_Gatherings_and_Schools_and_Others': 42}"
robust,13,Burundi__None,Burundi,None,Africa,2020-07-03,1,37.0,204.0,81.86274509803921,0.0,0.0,,0.3699510072283045,"{'Authorize_Schools_but_Restrict_Mass_Gatherings_and_Others': 19, 'Lockdown': 15, 'Mass_Gatherings_Authorized_But_Others_Restricted': 27, 'No_Measure': 0, 'Restrict_Mass_Gatherings': 0, 'Restrict_Mass_Gatherings_and_Schools': 1, 'Restrict_Mass_Gatherings_and_Schools_and_Others': 42}"
robust,13,Cambodia__None,Cambodia,None,Asia,2020-07-03,1,23.0,102.0,77.45098039215686,0.0,0.0,,0.3699510072283045,"{'Authorize_Schools_but_Restrict_Mass_Gatherings_and_Others': 19, 'Lockdown': 15, 'Mass_Gatherings_Authorized_But_Others_Restricted': 27, 'No_Measure': 0, 'Restrict_Mass_Gatherings': 0, 'Restrict_Mass_Gatherings_and_Schools': 1, 'Restrict_Mass_Gatherings_and_Schools_and_Others': 42}"
robust,13,Cameroon__None,Cameroon,None,Africa,2020-07-03,1,6887.0,5126.0,34.35427233710496,148.0,78.0,89.74358974358975,0.3699510072283045,"{'Authorize_Schools_but_Restrict_Mass_Gatherings_and_Others': 19, 'Lockdown': 15, 'Mass_Gatherings_Authorized_But_Others_Restricted': 27, 'No_Measure': 0, 'Restrict_Mass_Gatherings': 0, 'Restrict_Mass_Gatherings_and_Schools': 1, 'Restrict_Mass_Gatherings_and_Schools_and_Others': 42}"
robust,13,Canada__Ontario,Canada,Ontario,North America,2020-07-03,1,2329.0,3970.0,41.33501259445843,182.0,84.0,116.66666666666667,0.3699510072283045,"{'Authorize_Schools_but_Restrict_Mass_Gatherings_and_Others': 19, 'Lockdown': 15, 'Mass_Gatherings_Authorized_But_Others_Restricted': 27, 'No_Measure': 0, 'Restrict_Mass_Gatherings': 0, 'Restrict_Mass_Gatherings_and_Schools': 1, 'Restrict_Mass_Gatherings_and_Schools_and_Others': 42}"
robust,13,Canada__Saskatchewan,Canada,Saskatchewan,North America,2020-07-03,1,57.0,572.0,90.03496503496503,3.0,4.0,25.0,0.3699510072283045,"{'Authorize_Schools_but_Restrict_Mass_Gatherings_and_Others': 19, 'Lockdown': 15, 'Mass_Gatherings_Authorized_But_Others_Restricted': 27, 'No_Measure': 0, 'Restrict_Mass_Gatherings': 0, 'Restrict_Mass_Gatherings_and_Schools': 1, 'Restrict_Mass_Gatherings_and_Schools_and_Others': 42}"
robust,13,Chile__None,Chile,None,South America,2020-07-03,1,81266.0,71115.0,14.274063137172185,5286.0,3553.0,48.775682521812556,0.3699510072283045,"{'Authorize_Schools_but_Restrict_Mass_Gatherings_and_Others': 19, 'Lockdown': 15, 'Mass_Gatherings_Authorized_But_Others_Restricted': 27, 'No_Measure': 0, 'Restrict_Mass_Gatherings': 0, 'Restrict_Mass_Gatherings_and_Schools': 1, 'Restrict_Mass_Gatherings_and_Schools_and_Others': 42}"
robust,13,Croatia__None,Croatia,None,Europe,2020-07-03,1,1375.0,2224.0,38.17446043165468,22.0,41.0,46.34146341463415,0.3699510072283045,"{'Authorize_Schools_but_Restrict_Mass_Gatherings_and_Others': 19, 'Lockdown': 15, 'Mass_Gatherings_Authorized_But_Others_Restricted': 27, 'No_Measure': 0, 'Restrict_Mass_Gatherings': 0, 'Restrict_Mass_Gatherings_and_Schools': 1, 'Restrict_Mass_Gatherings_and_Schools_and_Others': 42}"
robust,13,El_Salvador__None,El Salvador,None,North America,2020-07-03,1,4075.0,10755.0,62.110646211064626,207.0,276.0,25.0,0.3699510072283045,"{'Authorize_Schools_but_Restrict_Mass_Gatherings_and_Others': 19, 'Lockdown': 15, 'Mass_Gatherings_Authorized_But_Others_Restricted': 27, 'No_Measure': 0, 'Restrict_Mass_Gatherings': 0, 'Restrict_Mass_Gatherings_and_Schools': 1, 'Restrict_Mass_Gatherings_and_Schools_and_Others': 42}"
robust,13,Estonia__None,Estonia,None,Europe,2020-07-03,1,8.0,98.0,91.83673469387756,0.0,-6.0,,0.3699510072283045,"{'Authorize_Schools_but_Restrict_Mass_Gatherings_and_Others': 19, 'Lockdown': 15, 'Mass_Gatherings_Authorized_But_Others_Restricted': 27, 'No_Measure': 0, 'Restrict_Mass_Gatherings': 0, 'Restrict_Mass_Gatherings_and_Schools': 1, 'Restrict_Mass_Gatherings_and_Schools_and_Others': 42}"
robust,13,Greece__None,Greece,None,Europe,2020-07-03,1,133.0,1344.0,90.10416666666666,10.0,17.0,41.17647058823529,0.3699510072283045,"{'Authorize_Schools_but_Restrict_Mass_Gatherings_and_Others': 19, 'Lockdown': 15, 'Mass_Gatherings_Authorized_But_Others_Restricted': 27, 'No_Measure': 0, 'Restrict_Mass_Gatherings': 0, 'Restrict_Mass_Gatherings_and_Schools': 1, 'Restrict_Mass_Gatherings_and_Schools_and_Others': 42}"
robust,13,Guyana__None,Guyana,None,South America,2020-07-03,1,87.0,225.0,61.33333333333333,2.0,8.0,75.0,0.3699510072283045,"{'Authorize_Schools_but_Restrict_Mass_Gatherings_and_Others': 19, 'Lockdown': 15, 'Mass_Gatherings_Authorized_But_Others_Restricted': 27, 'No_Measure': 0, 'Restrict_Mass_Gatherings': 0, 'Restrict_Mass_Gatherings_and_Schools': 1, 'Restrict_Mass_Gatherings_and_Schools_and_Others': 42}"
robust,13,Lithuania__None,Lithuania,None,Europe,2020-07-03,1,24.0,306.0,92.15686274509804,3.0,1.0,200.0,0.3699510072283045,"{'Authorize_Schools_but_Restrict_Mass_Gatherings_and_Others': 19, 'Lockdown': 15, 'Mass_Gatherings_Authorized_But_Others_Restricted': 27, 'No_Measure': 0, 'Restrict_Mass_Gatherings': 0, 'Restrict_Mass_Gatherings_and_Schools': 1, 'Restrict_Mass_Gatherings_and_Schools_and_Others': 42}"
robust,13,Malta__None,Malta,None,Europe,2020-07-03,1,15.0,218.0,93.11926605504587,1.0,0.0,,0.3699510072283045,"{'Authorize_Schools_but_Restrict_Mass_Gatherings_and_Others': 19, 'Lockdown': 15, 'Mass_Gatherings_Authorized_But_Others_Restricted': 27, 'No_Measure': 0, 'Restrict_Mass_Gatherings': 0, 'Restrict_Mass_Gatherings_and_Schools': 1, 'Restrict_Mass_Gatherings_and_Schools_and_Others': 42}"
robust,13,Mauritania__None,Mauritania,None,Africa,2020-07-03,1,2843.0,1591.0,78.69264613450659,96.0,28.0,242.85714285714283,0.3699510072283045,"{'Authorize_Schools_but_Restrict_Mass_Gatherings_and_Others': 19, 'Lockdown': 15, 'Mass_Gatherings_Authorized_But_Others_Restricted': 27, 'No_Measure': 0, 'Restrict_Mass_Gatherings': 0, 'Restrict_Mass_Gatherings_and_Schools': 1, 'Restrict_Mass_Gatherings_and_Schools_and_Others': 42}"
robust,13,Monaco__None,Monaco,None,Europe,2020-07-03,1,15.0,17.0,11.76470588235294,1.0,0.0,,0.3699510072283045,"{'Authorize_Schools_but_Restrict_Mass_Gatherings_and_Others': 19, 'Lockdown': 15, 'Mass_Gatherings_Authorized_But_Others_Restricted': 27, 'No_Measure': 0, 'Restrict_Mass_Gatherings': 0, 'Restrict_Mass_Gatherings_and_Schools': 1, 'Restrict_Mass_Gatherings_and_Schools_and_Others': 42}"
robust,13,Mozambique__None,Mozambique,None,Africa,2020-07-03,1,185.0,1060.0,82.54716981132076,4.0,8.0,50.0,0.3699510072283045,"{'Authorize_Schools_but_Restrict_Mass_Gatherings_and_Others': 19, 'Lockdown': 15, 'Mass_Gatherings_Authorized_But_Others_Restricted': 27, 'No_Measure': 0, 'Restrict_Mass_Gatherings': 0, 'Restrict_Mass_Gatherings_and_Schools': 1, 'Restrict_Mass_Gatherings_and_Schools_and_Others': 42}"
robust,13,Namibia__None,Namibia,None,Africa,2020-07-03,1,833.0,2095.0,60.23866348448688,7.0,12.0,41.66666666666667,0.3699510072283045,"{'Authorize_Schools_but_Restrict_Mass_Gatherings_and_Others': 19, 'Lockdown': 15, 'Mass_Gatherings_Authorized_But_Others_Restricted': 27, 'No_Measure': 0, 'Restrict_Mass_Gatherings': 0, 'Restrict_Mass_Gatherings_and_Schools': 1, 'Restrict_Mass_Gatherings_and_Schools_and_Others': 42}"
robust,13,Norway__None,Norway,None,Europe,2020-07-03,1,92671.0,436.0,21154.81651376147,569.0,5.0,11280.0,0.3699510072283045,"{'Authorize_Schools_but_Restrict_Mass_Gatherings_and_Others': 19, 'Lockdown': 15, 'Mass_Gatherings_Authorized_But_Others_Restricted': 27, 'No_Measure': 0, 'Restrict_Mass_Gatherings': 0, 'Restrict_Mass_Gatherings_and_Schools': 1, 'Restrict_Mass_Gatherings_and_Schools_and_Others': 42}"
robust,13,Panama__None,Panama,None,North America,2020-07-03,1,16268.0,32441.0,49.85358034585863,288.0,802.0,64.08977556109726,0.3699510072283045,"{'Authorize_Schools_but_Restrict_Mass_Gatherings_and_Others': 19, 'Lockdown': 15, 'Mass_Gatherings_Authorized_But_Others_Restricted': 27, 'No_Measure': 0, 'Restrict_Mass_Gatherings': 0, 'Restrict_Mass_Gatherings_and_Schools': 1, 'Restrict_Mass_Gatherings_and_Schools_and_Others': 42}"
robust,14,Albania__None,Albania,None,Europe,2020-07-03,1,1019.0,2931.0,65.23370863186626,19.0,102.0,81.37254901960785,0.3914917470339575,"{'Authorize_Schools_but_Restrict_Mass_Gatherings_and_Others': 20, 'Lockdown': 13, 'Mass_Gatherings_Authorized_But_Others_Restricted': 29, 'No_Measure': 0, 'Restrict_Mass_Gatherings': 0, 'Restrict_Mass_Gatherings_and_Schools': 1, 'Restrict_Mass_Gatherings_and_Schools_and_Others': 40}"
robust,14,Argentina__None,Argentina,None,South America,2020-07-03,1,47414.0,138159.0,65.68156978553695,999.0,2498.0,60.00800640512411,0.3914917470339575,"{'Authorize_Schools_but_Restrict_Mass_Gatherings_and_Others': 20, 'Lockdown': 13, 'Mass_Gatherings_Authorized_But_Others_Restricted': 29, 'No_Measure': 0, 'Restrict_Mass_Gatherings': 0, 'Restrict_Mass_Gatherings_and_Schools': 1, 'Restrict_Mass_Gatherings_and_Schools_and_Others': 40}"
robust,14,Australia__Tasmania,Australia,Tasmania,Oceania,2020-07-03,1,0.0,1.0,100.0,0.0,0.0,,0.3914917470339575,"{'Authorize_Schools_but_Restrict_Mass_Gatherings_and_Others': 20, 'Lockdown': 13, 'Mass_Gatherings_Authorized_But_Others_Restricted': 29, 'No_Measure': 0, 'Restrict_Mass_Gatherings': 0, 'Restrict_Mass_Gatherings_and_Schools': 1, 'Restrict_Mass_Gatherings_and_Schools_and_Others': 40}"
robust,14,Austria__None,Austria,None,Europe,2020-07-03,1,570216.0,3316.0,17095.89867310012,3919.0,14.0,27892.857142857145,0.3914917470339575,"{'Authorize_Schools_but_Restrict_Mass_Gatherings_and_Others': 20, 'Lockdown': 13, 'Mass_Gatherings_Authorized_But_Others_Restricted': 29, 'No_Measure': 0, 'Restrict_Mass_Gatherings': 0, 'Restrict_Mass_Gatherings_and_Schools': 1, 'Restrict_Mass_Gatherings_and_Schools_and_Others': 40}"
robust,14,Bangladesh__None,Bangladesh,None,Asia,2020-07-03,1,59951.0,84341.0,28.918319678448206,725.0,1237.0,41.39046079223929,0.3914917470339575,"{'Authorize_Schools_but_Restrict_Mass_Gatherings_and_Others': 20, 'Lockdown': 13, 'Mass_Gatherings_Authorized_But_Others_Restricted': 29, 'No_Measure': 0, 'Restrict_Mass_Gatherings': 0, 'Restrict_Mass_Gatherings_and_Schools': 1, 'Restrict_Mass_Gatherings_and_Schools_and_Others': 40}"
robust,14,Belgium__None,Belgium,None,Europe,2020-07-03,1,407.0,8810.0,95.38024971623156,53.0,81.0,34.5679012345679,0.3914917470339575,"{'Authorize_Schools_but_Restrict_Mass_Gatherings_and_Others': 20, 'Lockdown': 13, 'Mass_Gatherings_Authorized_But_Others_Restricted': 29, 'No_Measure': 0, 'Restrict_Mass_Gatherings': 0, 'Restrict_Mass_Gatherings_and_Schools': 1, 'Restrict_Mass_Gatherings_and_Schools_and_Others': 40}"
robust,14,Burkina_Faso__None,Burkina Faso,None,Africa,2020-07-03,1,94.0,166.0,43.373493975903614,3.0,1.0,200.0,0.3914917470339575,"{'Authorize_Schools_but_Restrict_Mass_Gatherings_and_Others': 20, 'Lockdown': 13, 'Mass_Gatherings_Authorized_But_Others_Restricted': 29, 'No_Measure': 0, 'Restrict_Mass_Gatherings': 0, 'Restrict_Mass_Gatherings_and_Schools': 1, 'Restrict_Mass_Gatherings_and_Schools_and_Others': 40}"
robust,14,Canada__Nova_Scotia,Canada,Nova Scotia,North America,2020-07-03,1,172654.0,7.0,2466385.714285714,4978.0,1.0,497700.0,0.3914917470339575,"{'Authorize_Schools_but_Restrict_Mass_Gatherings_and_Others': 20, 'Lockdown': 13, 'Mass_Gatherings_Authorized_But_Others_Restricted': 29, 'No_Measure': 0, 'Restrict_Mass_Gatherings': 0, 'Restrict_Mass_Gatherings_and_Schools': 1, 'Restrict_Mass_Gatherings_and_Schools_and_Others': 40}"
robust,14,Colombia__None,Colombia,None,South America,2020-07-03,1,64606.0,221590.0,70.84435218195767,2386.0,7373.0,67.63868167638681,0.3914917470339575,"{'Authorize_Schools_but_Restrict_Mass_Gatherings_and_Others': 20, 'Lockdown': 13, 'Mass_Gatherings_Authorized_But_Others_Restricted': 29, 'No_Measure': 0, 'Restrict_Mass_Gatherings': 0, 'Restrict_Mass_Gatherings_and_Schools': 1, 'Restrict_Mass_Gatherings_and_Schools_and_Others': 40}"
robust,14,Costa_Rica__None,Costa Rica,None,North America,2020-07-03,1,3082.0,15216.0,79.74500525762356,26.0,163.0,84.04907975460122,0.3914917470339575,"{'Authorize_Schools_but_Restrict_Mass_Gatherings_and_Others': 20, 'Lockdown': 13, 'Mass_Gatherings_Authorized_But_Others_Restricted': 29, 'No_Measure': 0, 'Restrict_Mass_Gatherings': 0, 'Restrict_Mass_Gatherings_and_Schools': 1, 'Restrict_Mass_Gatherings_and_Schools_and_Others': 40}"
robust,14,Djibouti__None,Djibouti,None,Africa,2020-07-03,1,692.0,512.0,35.15625,40.0,4.0,900.0,0.3914917470339575,"{'Authorize_Schools_but_Restrict_Mass_Gatherings_and_Others': 20, 'Lockdown': 13, 'Mass_Gatherings_Authorized_But_Others_Restricted': 29, 'No_Measure': 0, 'Restrict_Mass_Gatherings': 0, 'Restrict_Mass_Gatherings_and_Schools': 1, 'Restrict_Mass_Gatherings_and_Schools_and_Others': 40}"
robust,14,Ecuador__None,Ecuador,None,South America,2020-07-03,1,14868.0,26428.0,43.74148630240654,1454.0,1039.0,39.94225216554379,0.3914917470339575,"{'Authorize_Schools_but_Restrict_Mass_Gatherings_and_Others': 20, 'Lockdown': 13, 'Mass_Gatherings_Authorized_But_Others_Restricted': 29, 'No_Measure': 0, 'Restrict_Mass_Gatherings': 0, 'Restrict_Mass_Gatherings_and_Schools': 1, 'Restrict_Mass_Gatherings_and_Schools_and_Others': 40}"
robust,14,El_Salvador__None,El Salvador,None,North America,2020-07-03,1,4038.0,10755.0,62.45467224546722,207.0,276.0,25.0,0.3914917470339575,"{'Authorize_Schools_but_Restrict_Mass_Gatherings_and_Others': 20, 'Lockdown': 13, 'Mass_Gatherings_Authorized_But_Others_Restricted': 29, 'No_Measure': 0, 'Restrict_Mass_Gatherings': 0, 'Restrict_Mass_Gatherings_and_Schools': 1, 'Restrict_Mass_Gatherings_and_Schools_and_Others': 40}"
robust,14,Germany__None,Germany,None,Europe,2020-07-03,1,5961.0,15630.0,61.86180422264875,386.0,143.0,169.93006993006995,0.3914917470339575,"{'Authorize_Schools_but_Restrict_Mass_Gatherings_and_Others': 20, 'Lockdown': 13, 'Mass_Gatherings_Authorized_But_Others_Restricted': 29, 'No_Measure': 0, 'Restrict_Mass_Gatherings': 0, 'Restrict_Mass_Gatherings_and_Schools': 1, 'Restrict_Mass_Gatherings_and_Schools_and_Others': 40}"
robust,14,Haiti__None,Haiti,None,North America,2020-07-03,1,966.0,1217.0,20.624486442070666,16.0,53.0,69.81132075471697,0.3914917470339575,"{'Authorize_Schools_but_Restrict_Mass_Gatherings_and_Others': 20, 'Lockdown': 13, 'Mass_Gatherings_Authorized_But_Others_Restricted': 29, 'No_Measure': 0, 'Restrict_Mass_Gatherings': 0, 'Restrict_Mass_Gatherings_and_Schools': 1, 'Restrict_Mass_Gatherings_and_Schools_and_Others': 40}"
robust,14,India__None,India,None,Asia,2020-07-03,1,352899.0,1235089.0,71.42724127572993,10944.0,20527.0,46.684854094607104,0.3914917470339575,"{'Authorize_Schools_but_Restrict_Mass_Gatherings_and_Others': 20, 'Lockdown': 13, 'Mass_Gatherings_Authorized_But_Others_Restricted': 29, 'No_Measure': 0, 'Restrict_Mass_Gatherings': 0, 'Restrict_Mass_Gatherings_and_Schools': 1, 'Restrict_Mass_Gatherings_and_Schools_and_Others': 40}"
robust,14,Madagascar__None,Madagascar,None,Africa,2020-07-03,1,14902.0,9167.0,62.56136140503982,72.0,94.0,23.404255319148938,0.3914917470339575,"{'Authorize_Schools_but_Restrict_Mass_Gatherings_and_Others': 20, 'Lockdown': 13, 'Mass_Gatherings_Authorized_But_Others_Restricted': 29, 'No_Measure': 0, 'Restrict_Mass_Gatherings': 0, 'Restrict_Mass_Gatherings_and_Schools': 1, 'Restrict_Mass_Gatherings_and_Schools_and_Others': 40}"
robust,14,Malaysia__None,Malaysia,None,Asia,2020-07-03,1,191.0,344.0,44.47674418604651,2.0,4.0,50.0,0.3914917470339575,"{'Authorize_Schools_but_Restrict_Mass_Gatherings_and_Others': 20, 'Lockdown': 13, 'Mass_Gatherings_Authorized_But_Others_Restricted': 29, 'No_Measure': 0, 'Restrict_Mass_Gatherings': 0, 'Restrict_Mass_Gatherings_and_Schools': 1, 'Restrict_Mass_Gatherings_and_Schools_and_Others': 40}"
robust,14,Mauritius__None,Mauritius,None,Africa,2020-07-03,1,0.0,3.0,100.0,0.0,0.0,,0.3914917470339575,"{'Authorize_Schools_but_Restrict_Mass_Gatherings_and_Others': 20, 'Lockdown': 13, 'Mass_Gatherings_Authorized_But_Others_Restricted': 29, 'No_Measure': 0, 'Restrict_Mass_Gatherings': 0, 'Restrict_Mass_Gatherings_and_Schools': 1, 'Restrict_Mass_Gatherings_and_Schools_and_Others': 40}"
robust,14,Nicaragua__None,Nicaragua,None,North America,2020-07-03,1,613.0,1383.0,55.6760665220535,15.0,40.0,62.5,0.3914917470339575,"{'Authorize_Schools_but_Restrict_Mass_Gatherings_and_Others': 20, 'Lockdown': 13, 'Mass_Gatherings_Authorized_But_Others_Restricted': 29, 'No_Measure': 0, 'Restrict_Mass_Gatherings': 0, 'Restrict_Mass_Gatherings_and_Schools': 1, 'Restrict_Mass_Gatherings_and_Schools_and_Others': 40}"
robust,14,Panama__None,Panama,None,North America,2020-07-03,1,15277.0,32441.0,52.90835670910268,271.0,802.0,66.20947630922693,0.3914917470339575,"{'Authorize_Schools_but_Restrict_Mass_Gatherings_and_Others': 20, 'Lockdown': 13, 'Mass_Gatherings_Authorized_But_Others_Restricted': 29, 'No_Measure': 0, 'Restrict_Mass_Gatherings': 0, 'Restrict_Mass_Gatherings_and_Schools': 1, 'Restrict_Mass_Gatherings_and_Schools_and_Others': 40}"
robust,15,Afghanistan__None,Afghanistan,None,Asia,2020-07-03,1,39822.0,4111.0,868.6694234979324,775.0,462.0,67.74891774891775,0.4114709485717998,"{'Authorize_Schools_but_Restrict_Mass_Gatherings_and_Others': 24, 'Lockdown': 16, 'Mass_Gatherings_Authorized_But_Others_Restricted': 26, 'No_Measure': 0, 'Restrict_Mass_Gatherings': 0, 'Restrict_Mass_Gatherings_and_Schools': 1, 'Restrict_Mass_Gatherings_and_Schools_and_Others': 39}"
robust,15,Angola__None,Angola,None,Africa,2020-07-03,1,457.0,998.0,54.208416833667336,17.0,40.0,57.49999999999999,0.4114709485717998,"{'Authorize_Schools_but_Restrict_Mass_Gatherings_and_Others': 24, 'Lockdown': 16, 'Mass_Gatherings_Authorized_But_Others_Restricted': 26, 'No_Measure': 0, 'Restrict_Mass_Gatherings': 0, 'Restrict_Mass_Gatherings_and_Schools': 1, 'Restrict_Mass_Gatherings_and_Schools_and_Others': 39}"
robust,15,Australia__Queensland,Australia,Queensland,Oceania,2020-07-03,1,0.0,21.0,100.0,0.0,0.0,,0.4114709485717998,"{'Authorize_Schools_but_Restrict_Mass_Gatherings_and_Others': 24, 'Lockdown': 16, 'Mass_Gatherings_Authorized_But_Others_Restricted': 26, 'No_Measure': 0, 'Restrict_Mass_Gatherings': 0, 'Restrict_Mass_Gatherings_and_Schools': 1, 'Restrict_Mass_Gatherings_and_Schools_and_Others': 39}"
robust,15,Australia__South_Australia,Australia,South Australia,Oceania,2020-07-03,1,0.0,14.0,100.0,0.0,0.0,,0.4114709485717998,"{'Authorize_Schools_but_Restrict_Mass_Gatherings_and_Others': 24, 'Lockdown': 16, 'Mass_Gatherings_Authorized_But_Others_Restricted': 26, 'No_Measure': 0, 'Restrict_Mass_Gatherings': 0, 'Restrict_Mass_Gatherings_and_Schools': 1, 'Restrict_Mass_Gatherings_and_Schools_and_Others': 39}"
robust,15,Australia__Tasmania,Australia,Tasmania,Oceania,2020-07-03,1,0.0,1.0,100.0,0.0,0.0,,0.4114709485717998,"{'Authorize_Schools_but_Restrict_Mass_Gatherings_and_Others': 24, 'Lockdown': 16, 'Mass_Gatherings_Authorized_But_Others_Restricted': 26, 'No_Measure': 0, 'Restrict_Mass_Gatherings': 0, 'Restrict_Mass_Gatherings_and_Schools': 1, 'Restrict_Mass_Gatherings_and_Schools_and_Others': 39}"
robust,15,Burkina_Faso__None,Burkina Faso,None,Africa,2020-07-03,1,97.0,166.0,41.566265060240966,3.0,1.0,200.0,0.4114709485717998,"{'Authorize_Schools_but_Restrict_Mass_Gatherings_and_Others': 24, 'Lockdown': 16, 'Mass_Gatherings_Authorized_But_Others_Restricted': 26, 'No_Measure': 0, 'Restrict_Mass_Gatherings': 0, 'Restrict_Mass_Gatherings_and_Schools': 1, 'Restrict_Mass_Gatherings_and_Schools_and_Others': 39}"
robust,15,Canada__Newfoundland_and_Labrador,Canada,Newfoundland and Labrador,North America,2020-07-03,1,0.0,5.0,100.0,0.0,0.0,,0.4114709485717998,"{'Authorize_Schools_but_Restrict_Mass_Gatherings_and_Others': 24, 'Lockdown': 16, 'Mass_Gatherings_Authorized_But_Others_Restricted': 26, 'No_Measure': 0, 'Restrict_Mass_Gatherings': 0, 'Restrict_Mass_Gatherings_and_Schools': 1, 'Restrict_Mass_Gatherings_and_Schools_and_Others': 39}"
robust,15,Canada__Nova_Scotia,Canada,Nova Scotia,North America,2020-07-03,1,173390.0,7.0,2476900.0,5065.0,1.0,506400.0,0.4114709485717998,"{'Authorize_Schools_but_Restrict_Mass_Gatherings_and_Others': 24, 'Lockdown': 16, 'Mass_Gatherings_Authorized_But_Others_Restricted': 26, 'No_Measure': 0, 'Restrict_Mass_Gatherings': 0, 'Restrict_Mass_Gatherings_and_Schools': 1, 'Restrict_Mass_Gatherings_and_Schools_and_Others': 39}"
robust,15,Chad__None,Chad,None,Africa,2020-07-03,1,4.0,67.0,94.02985074626866,0.0,1.0,100.0,0.4114709485717998,"{'Authorize_Schools_but_Restrict_Mass_Gatherings_and_Others': 24, 'Lockdown': 16, 'Mass_Gatherings_Authorized_But_Others_Restricted': 26, 'No_Measure': 0, 'Restrict_Mass_Gatherings': 0, 'Restrict_Mass_Gatherings_and_Schools': 1, 'Restrict_Mass_Gatherings_and_Schools_and_Others': 39}"
robust,15,Cyprus__None,Cyprus,None,Europe,2020-07-03,1,40.0,178.0,77.52808988764045,1.0,0.0,,0.4114709485717998,"{'Authorize_Schools_but_Restrict_Mass_Gatherings_and_Others': 24, 'Lockdown': 16, 'Mass_Gatherings_Authorized_But_Others_Restricted': 26, 'No_Measure': 0, 'Restrict_Mass_Gatherings': 0, 'Restrict_Mass_Gatherings_and_Schools': 1, 'Restrict_Mass_Gatherings_and_Schools_and_Others': 39}"
robust,15,Hungary__None,Hungary,None,Europe,2020-07-03,1,2145.0,379.0,465.96306068601587,120.0,9.0,1233.3333333333335,0.4114709485717998,"{'Authorize_Schools_but_Restrict_Mass_Gatherings_and_Others': 24, 'Lockdown': 16, 'Mass_Gatherings_Authorized_But_Others_Restricted': 26, 'No_Measure': 0, 'Restrict_Mass_Gatherings': 0, 'Restrict_Mass_Gatherings_and_Schools': 1, 'Restrict_Mass_Gatherings_and_Schools_and_Others': 39}"
robust,15,Libya__None,Libya,None,Africa,2020-07-03,1,452.0,3235.0,86.02782071097373,19.0,69.0,72.46376811594203,0.4114709485717998,"{'Authorize_Schools_but_Restrict_Mass_Gatherings_and_Others': 24, 'Lockdown': 16, 'Mass_Gatherings_Authorized_But_Others_Restricted': 26, 'No_Measure': 0, 'Restrict_Mass_Gatherings': 0, 'Restrict_Mass_Gatherings_and_Schools': 1, 'Restrict_Mass_Gatherings_and_Schools_and_Others': 39}"
robust,15,Madagascar__None,Madagascar,None,Africa,2020-07-03,1,17538.0,9167.0,91.31667939347659,77.0,94.0,18.085106382978726,0.4114709485717998,"{'Authorize_Schools_but_Restrict_Mass_Gatherings_and_Others': 24, 'Lockdown': 16, 'Mass_Gatherings_Authorized_But_Others_Restricted': 26, 'No_Measure': 0, 'Restrict_Mass_Gatherings': 0, 'Restrict_Mass_Gatherings_and_Schools': 1, 'Restrict_Mass_Gatherings_and_Schools_and_Others': 39}"
robust,15,Malawi__None,Malawi,None,Africa,2020-07-03,1,1188.0,2748.0,56.76855895196506,22.0,111.0,80.18018018018019,0.4114709485717998,"{'Authorize_Schools_but_Restrict_Mass_Gatherings_and_Others': 24, 'Lockdown': 16, 'Mass_Gatherings_Authorized_But_Others_Restricted': 26, 'No_Measure': 0, 'Restrict_Mass_Gatherings': 0, 'Restrict_Mass_Gatherings_and_Schools': 1, 'Restrict_Mass_Gatherings_and_Schools_and_Others': 39}"
robust,15,Mali__None,Mali,None,Africa,2020-07-03,1,416.0,240.0,73.33333333333333,19.0,6.0,216.66666666666666,0.4114709485717998,"{'Authorize_Schools_but_Restrict_Mass_Gatherings_and_Others': 24, 'Lockdown': 16, 'Mass_Gatherings_Authorized_But_Others_Restricted': 26, 'No_Measure': 0, 'Restrict_Mass_Gatherings': 0, 'Restrict_Mass_Gatherings_and_Schools': 1, 'Restrict_Mass_Gatherings_and_Schools_and_Others': 39}"
robust,15,Mauritania__None,Mauritania,None,Africa,2020-07-03,1,3226.0,1591.0,102.76555625392834,103.0,28.0,267.85714285714283,0.4114709485717998,"{'Authorize_Schools_but_Restrict_Mass_Gatherings_and_Others': 24, 'Lockdown': 16, 'Mass_Gatherings_Authorized_But_Others_Restricted': 26, 'No_Measure': 0, 'Restrict_Mass_Gatherings': 0, 'Restrict_Mass_Gatherings_and_Schools': 1, 'Restrict_Mass_Gatherings_and_Schools_and_Others': 39}"
robust,15,Monaco__None,Monaco,None,Europe,2020-07-03,1,15.0,17.0,11.76470588235294,1.0,0.0,,0.4114709485717998,"{'Authorize_Schools_but_Restrict_Mass_Gatherings_and_Others': 24, 'Lockdown': 16, 'Mass_Gatherings_Authorized_But_Others_Restricted': 26, 'No_Measure': 0, 'Restrict_Mass_Gatherings': 0, 'Restrict_Mass_Gatherings_and_Schools': 1, 'Restrict_Mass_Gatherings_and_Schools_and_Others': 39}"
robust,15,Mozambique__None,Mozambique,None,Africa,2020-07-03,1,188.0,1060.0,82.26415094339623,4.0,8.0,50.0,0.4114709485717998,"{'Authorize_Schools_but_Restrict_Mass_Gatherings_and_Others': 24, 'Lockdown': 16, 'Mass_Gatherings_Authorized_But_Others_Restricted': 26, 'No_Measure': 0, 'Restrict_Mass_Gatherings': 0, 'Restrict_Mass_Gatherings_and_Schools': 1, 'Restrict_Mass_Gatherings_and_Schools_and_Others': 39}"
robust,15,Niger__None,Niger,None,Africa,2020-07-03,1,81.0,70.0,15.714285714285714,6.0,1.0,500.0,0.4114709485717998,"{'Authorize_Schools_but_Restrict_Mass_Gatherings_and_Others': 24, 'Lockdown': 16, 'Mass_Gatherings_Authorized_But_Others_Restricted': 26, 'No_Measure': 0, 'Restrict_Mass_Gatherings': 0, 'Restrict_Mass_Gatherings_and_Schools': 1, 'Restrict_Mass_Gatherings_and_Schools_and_Others': 39}"
robust,15,Oman__None,Oman,None,Asia,2020-07-03,1,22976.0,34053.0,32.52870525357531,104.0,218.0,52.293577981651374,0.4114709485717998,"{'Authorize_Schools_but_Restrict_Mass_Gatherings_and_Others': 24, 'Lockdown': 16, 'Mass_Gatherings_Authorized_But_Others_Restricted': 26, 'No_Measure': 0, 'Restrict_Mass_Gatherings': 0, 'Restrict_Mass_Gatherings_and_Schools': 1, 'Restrict_Mass_Gatherings_and_Schools_and_Others': 39}"
robust,15,Pakistan__None,Pakistan,None,Asia,2020-07-03,1,113101.0,55178.0,104.97480880060894,2346.0,1380.0,70.0,0.4114709485717998,"{'Authorize_Schools_but_Restrict_Mass_Gatherings_and_Others': 24, 'Lockdown': 16, 'Mass_Gatherings_Authorized_But_Others_Restricted': 26, 'No_Measure': 0, 'Restrict_Mass_Gatherings': 0, 'Restrict_Mass_Gatherings_and_Schools': 1, 'Restrict_Mass_Gatherings_and_Schools_and_Others': 39}"
robust,16,Argentina__None,Argentina,None,South America,2020-07-03,1,51133.0,138159.0,62.989743701098014,1073.0,2498.0,57.04563650920736,0.3544949562100602,"{'Authorize_Schools_but_Restrict_Mass_Gatherings_and_Others': 21, 'Lockdown': 14, 'Mass_Gatherings_Authorized_But_Others_Restricted': 28, 'No_Measure': 0, 'Restrict_Mass_Gatherings': 0, 'Restrict_Mass_Gatherings_and_Schools': 1, 'Restrict_Mass_Gatherings_and_Schools_and_Others': 39}"
robust,16,Australia__Western_Australia,Australia,Western Australia,Oceania,2020-07-03,1,0.0,58.0,100.0,0.0,0.0,,0.3544949562100602,"{'Authorize_Schools_but_Restrict_Mass_Gatherings_and_Others': 21, 'Lockdown': 14, 'Mass_Gatherings_Authorized_But_Others_Restricted': 28, 'No_Measure': 0, 'Restrict_Mass_Gatherings': 0, 'Restrict_Mass_Gatherings_and_Schools': 1, 'Restrict_Mass_Gatherings_and_Schools_and_Others': 39}"
robust,16,Bahrain__None,Bahrain,None,Asia,2020-07-03,1,8432.0,13275.0,36.48210922787194,44.0,55.0,20.0,0.3544949562100602,"{'Authorize_Schools_but_Restrict_Mass_Gatherings_and_Others': 21, 'Lockdown': 14, 'Mass_Gatherings_Authorized_But_Others_Restricted': 28, 'No_Measure': 0, 'Restrict_Mass_Gatherings': 0, 'Restrict_Mass_Gatherings_and_Schools': 1, 'Restrict_Mass_Gatherings_and_Schools_and_Others': 39}"
robust,16,Benin__None,Benin,None,Africa,2020-07-03,1,0.0,715.0,100.0,6.0,17.0,64.70588235294117,0.3544949562100602,"{'Authorize_Schools_but_Restrict_Mass_Gatherings_and_Others': 21, 'Lockdown': 14, 'Mass_Gatherings_Authorized_But_Others_Restricted': 28, 'No_Measure': 0, 'Restrict_Mass_Gatherings': 0, 'Restrict_Mass_Gatherings_and_Schools': 1, 'Restrict_Mass_Gatherings_and_Schools_and_Others': 39}"
robust,16,Bosnia_and_Herzegovina__None,Bosnia and Herzegovina,None,Europe,2020-07-03,1,1526.0,7894.0,80.66886242715987,78.0,182.0,57.14285714285714,0.3544949562100602,"{'Authorize_Schools_but_Restrict_Mass_Gatherings_and_Others': 21, 'Lockdown': 14, 'Mass_Gatherings_Authorized_But_Others_Restricted': 28, 'No_Measure': 0, 'Restrict_Mass_Gatherings': 0, 'Restrict_Mass_Gatherings_and_Schools': 1, 'Restrict_Mass_Gatherings_and_Schools_and_Others': 39}"
robust,16,Brazil__None,Brazil,None,South America,2020-07-03,1,524809.0,1224917.0,57.155546049242524,21699.0,31554.0,31.23217341699943,0.3544949562100602,"{'Authorize_Schools_but_Restrict_Mass_Gatherings_and_Others': 21, 'Lockdown': 14, 'Mass_Gatherings_Authorized_But_Others_Restricted': 28, 'No_Measure': 0, 'Restrict_Mass_Gatherings': 0, 'Restrict_Mass_Gatherings_and_Schools': 1, 'Restrict_Mass_Gatherings_and_Schools_and_Others': 39}"
robust,16,Bulgaria__None,Bulgaria,None,Europe,2020-07-03,1,2450.0,6737.0,63.63366483598041,118.0,174.0,32.18390804597701,0.3544949562100602,"{'Authorize_Schools_but_Restrict_Mass_Gatherings_and_Others': 21, 'Lockdown': 14, 'Mass_Gatherings_Authorized_But_Others_Restricted': 28, 'No_Measure': 0, 'Restrict_Mass_Gatherings': 0, 'Restrict_Mass_Gatherings_and_Schools': 1, 'Restrict_Mass_Gatherings_and_Schools_and_Others': 39}"
robust,16,Canada__Newfoundland_and_Labrador,Canada,Newfoundland and Labrador,North America,2020-07-03,1,0.0,5.0,100.0,0.0,0.0,,0.3544949562100602,"{'Authorize_Schools_but_Restrict_Mass_Gatherings_and_Others': 21, 'Lockdown': 14, 'Mass_Gatherings_Authorized_But_Others_Restricted': 28, 'No_Measure': 0, 'Restrict_Mass_Gatherings': 0, 'Restrict_Mass_Gatherings_and_Schools': 1, 'Restrict_Mass_Gatherings_and_Schools_and_Others': 39}"
robust,16,Canada__Nova_Scotia,Canada,Nova Scotia,North America,2020-07-03,1,167922.0,7.0,2398785.714285714,4475.0,1.0,447400.0,0.3544949562100602,"{'Authorize_Schools_but_Restrict_Mass_Gatherings_and_Others': 21, 'Lockdown': 14, 'Mass_Gatherings_Authorized_But_Others_Restricted': 28, 'No_Measure': 0, 'Restrict_Mass_Gatherings': 0, 'Restrict_Mass_Gatherings_and_Schools': 1, 'Restrict_Mass_Gatherings_and_Schools_and_Others': 39}"
robust,16,Canada__Saskatchewan,Canada,Saskatchewan,North America,2020-07-03,1,58.0,572.0,89.86013986013987,3.0,4.0,25.0,0.3544949562100602,"{'Authorize_Schools_but_Restrict_Mass_Gatherings_and_Others': 21, 'Lockdown': 14, 'Mass_Gatherings_Authorized_But_Others_Restricted': 28, 'No_Measure': 0, 'Restrict_Mass_Gatherings': 0, 'Restrict_Mass_Gatherings_and_Schools': 1, 'Restrict_Mass_Gatherings_and_Schools_and_Others': 39}"
robust,16,Chile__None,Chile,None,South America,2020-07-03,1,80223.0,71115.0,12.807424593967518,5274.0,3553.0,48.43793976920912,0.3544949562100602,"{'Authorize_Schools_but_Restrict_Mass_Gatherings_and_Others': 21, 'Lockdown': 14, 'Mass_Gatherings_Authorized_But_Others_Restricted': 28, 'No_Measure': 0, 'Restrict_Mass_Gatherings': 0, 'Restrict_Mass_Gatherings_and_Schools': 1, 'Restrict_Mass_Gatherings_and_Schools_and_Others': 39}"
robust,16,Cote_d'Ivoire__None,Cote d'Ivoire,None,Africa,2020-07-03,1,5099.0,5831.0,12.553592865717716,42.0,31.0,35.483870967741936,0.3544949562100602,"{'Authorize_Schools_but_Restrict_Mass_Gatherings_and_Others': 21, 'Lockdown': 14, 'Mass_Gatherings_Authorized_But_Others_Restricted': 28, 'No_Measure': 0, 'Restrict_Mass_Gatherings': 0, 'Restrict_Mass_Gatherings_and_Schools': 1, 'Restrict_Mass_Gatherings_and_Schools_and_Others': 39}"
robust,16,Croatia__None,Croatia,None,Europe,2020-07-03,1,1333.0,2224.0,40.06294964028777,22.0,41.0,46.34146341463415,0.3544949562100602,"{'Authorize_Schools_but_Restrict_Mass_Gatherings_and_Others': 21, 'Lockdown': 14, 'Mass_Gatherings_Authorized_But_Others_Restricted': 28, 'No_Measure': 0, 'Restrict_Mass_Gatherings': 0, 'Restrict_Mass_Gatherings_and_Schools': 1, 'Restrict_Mass_Gatherings_and_Schools_and_Others': 39}"
robust,16,Ecuador__None,Ecuador,None,South America,2020-07-03,1,16284.0,26428.0,38.38353261692144,1515.0,1039.0,45.813282001924925,0.3544949562100602,"{'Authorize_Schools_but_Restrict_Mass_Gatherings_and_Others': 21, 'Lockdown': 14, 'Mass_Gatherings_Authorized_But_Others_Restricted': 28, 'No_Measure': 0, 'Restrict_Mass_Gatherings': 0, 'Restrict_Mass_Gatherings_and_Schools': 1, 'Restrict_Mass_Gatherings_and_Schools_and_Others': 39}"
robust,16,Finland__None,Finland,None,Europe,2020-07-03,1,367.0,235.0,56.17021276595745,14.0,2.0,600.0,0.3544949562100602,"{'Authorize_Schools_but_Restrict_Mass_Gatherings_and_Others': 21, 'Lockdown': 14, 'Mass_Gatherings_Authorized_But_Others_Restricted': 28, 'No_Measure': 0, 'Restrict_Mass_Gatherings': 0, 'Restrict_Mass_Gatherings_and_Schools': 1, 'Restrict_Mass_Gatherings_and_Schools_and_Others': 39}"
robust,16,Gabon__None,Gabon,None,Africa,2020-07-03,1,2517.0,2026.0,24.234945705824284,21.0,7.0,200.0,0.3544949562100602,"{'Authorize_Schools_but_Restrict_Mass_Gatherings_and_Others': 21, 'Lockdown': 14, 'Mass_Gatherings_Authorized_But_Others_Restricted': 28, 'No_Measure': 0, 'Restrict_Mass_Gatherings': 0, 'Restrict_Mass_Gatherings_and_Schools': 1, 'Restrict_Mass_Gatherings_and_Schools_and_Others': 39}"
robust,16,Kosovo__None,Kosovo,None,Europe,2020-07-03,1,6464.0,6096.0,6.036745406824147,112.0,211.0,46.91943127962085,0.3544949562100602,"{'Authorize_Schools_but_Restrict_Mass_Gatherings_and_Others': 21, 'Lockdown': 14, 'Mass_Gatherings_Authorized_But_Others_Restricted': 28, 'No_Measure': 0, 'Restrict_Mass_Gatherings': 0, 'Restrict_Mass_Gatherings_and_Schools': 1, 'Restrict_Mass_Gatherings_and_Schools_and_Others': 39}"
robust,16,Latvia__None,Latvia,None,Europe,2020-07-03,1,15.0,126.0,88.09523809523809,4.0,2.0,100.0,0.3544949562100602,"{'Authorize_Schools_but_Restrict_Mass_Gatherings_and_Others': 21, 'Lockdown': 14, 'Mass_Gatherings_Authorized_But_Others_Restricted': 28, 'No_Measure': 0, 'Restrict_Mass_Gatherings': 0, 'Restrict_Mass_Gatherings_and_Schools': 1, 'Restrict_Mass_Gatherings_and_Schools_and_Others': 39}"
robust,16,Namibia__None,Namibia,None,Africa,2020-07-03,1,829.0,2095.0,60.42959427207637,6.0,12.0,50.0,0.3544949562100602,"{'Authorize_Schools_but_Restrict_Mass_Gatherings_and_Others': 21, 'Lockdown': 14, 'Mass_Gatherings_Authorized_But_Others_Restricted': 28, 'No_Measure': 0, 'Restrict_Mass_Gatherings': 0, 'Restrict_Mass_Gatherings_and_Schools': 1, 'Restrict_Mass_Gatherings_and_Schools_and_Others': 39}"
robust,16,Nigeria__None,Nigeria,None,Africa,2020-07-03,1,16488.0,16266.0,1.364810033198082,356.0,276.0,28.985507246376812,0.3544949562100602,"{'Authorize_Schools_but_Restrict_Mass_Gatherings_and_Others': 21, 'Lockdown': 14, 'Mass_Gatherings_Authorized_But_Others_Restricted': 28, 'No_Measure': 0, 'Restrict_Mass_Gatherings': 0, 'Restrict_Mass_Gatherings_and_Schools': 1, 'Restrict_Mass_Gatherings_and_Schools_and_Others': 39}"
robust,16,Panama__None,Panama,None,North America,2020-07-03,1,16235.0,32441.0,49.95530347399895,288.0,802.0,64.08977556109726,0.3544949562100602,"{'Authorize_Schools_but_Restrict_Mass_Gatherings_and_Others': 21, 'Lockdown': 14, 'Mass_Gatherings_Authorized_But_Others_Restricted': 28, 'No_Measure': 0, 'Restrict_Mass_Gatherings': 0, 'Restrict_Mass_Gatherings_and_Schools': 1, 'Restrict_Mass_Gatherings_and_Schools_and_Others': 39}"
robust,17,Andorra__None,Andorra,None,Europe,2020-07-03,1,1.0,84.0,98.80952380952381,0.0,0.0,,0.41278897658555247,"{'Authorize_Schools_but_Restrict_Mass_Gatherings_and_Others': 17, 'Lockdown': 13, 'Mass_Gatherings_Authorized_But_Others_Restricted': 31, 'No_Measure': 0, 'Restrict_Mass_Gatherings': 0, 'Restrict_Mass_Gatherings_and_Schools': 1, 'Restrict_Mass_Gatherings_and_Schools_and_Others': 42}"
robust,17,Australia__Australian_Capital_Territory,Australia,Australian Capital Territory,Oceania,2020-07-03,1,0.0,5.0,100.0,0.0,0.0,,0.41278897658555247,"{'Authorize_Schools_but_Restrict_Mass_Gatherings_and_Others': 17, 'Lockdown': 13, 'Mass_Gatherings_Authorized_But_Others_Restricted': 31, 'No_Measure': 0, 'Restrict_Mass_Gatherings': 0, 'Restrict_Mass_Gatherings_and_Schools': 1, 'Restrict_Mass_Gatherings_and_Schools_and_Others': 42}"
robust,17,Australia__South_Australia,Australia,South Australia,Oceania,2020-07-03,1,0.0,14.0,100.0,0.0,0.0,,0.41278897658555247,"{'Authorize_Schools_but_Restrict_Mass_Gatherings_and_Others': 17, 'Lockdown': 13, 'Mass_Gatherings_Authorized_But_Others_Restricted': 31, 'No_Measure': 0, 'Restrict_Mass_Gatherings': 0, 'Restrict_Mass_Gatherings_and_Schools': 1, 'Restrict_Mass_Gatherings_and_Schools_and_Others': 42}"
robust,17,Austria__None,Austria,None,Europe,2020-07-03,1,1115233.0,3316.0,33531.87575392039,9888.0,14.0,70528.57142857143,0.41278897658555247,"{'Authorize_Schools_but_Restrict_Mass_Gatherings_and_Others': 17, 'Lockdown': 13, 'Mass_Gatherings_Authorized_But_Others_Restricted': 31, 'No_Measure': 0, 'Restrict_Mass_Gatherings': 0, 'Restrict_Mass_Gatherings_and_Schools': 1, 'Restrict_Mass_Gatherings_and_Schools_and_Others': 42}"
robust,17,Bahrain__None,Bahrain,None,Asia,2020-07-03,1,8360.0,13275.0,37.024482109227876,44.0,55.0,20.0,0.41278897658555247,"{'Authorize_Schools_but_Restrict_Mass_Gatherings_and_Others': 17, 'Lockdown': 13, 'Mass_Gatherings_Authorized_But_Others_Restricted': 31, 'No_Measure': 0, 'Restrict_Mass_Gatherings': 0, 'Restrict_Mass_Gatherings_and_Schools': 1, 'Restrict_Mass_Gatherings_and_Schools_and_Others': 42}"
robust,17,Belgium__None,Belgium,None,Europe,2020-07-03,1,765.0,8810.0,91.31668558456299,83.0,81.0,2.4691358024691357,0.41278897658555247,"{'Authorize_Schools_but_Restrict_Mass_Gatherings_and_Others': 17, 'Lockdown': 13, 'Mass_Gatherings_Authorized_But_Others_Restricted': 31, 'No_Measure': 0, 'Restrict_Mass_Gatherings': 0, 'Restrict_Mass_Gatherings_and_Schools': 1, 'Restrict_Mass_Gatherings_and_Schools_and_Others': 42}"
robust,17,Burundi__None,Burundi,None,Africa,2020-07-03,1,41.0,204.0,79.90196078431373,0.0,0.0,,0.41278897658555247,"{'Authorize_Schools_but_Restrict_Mass_Gatherings_and_Others': 17, 'Lockdown': 13, 'Mass_Gatherings_Authorized_But_Others_Restricted': 31, 'No_Measure': 0, 'Restrict_Mass_Gatherings': 0, 'Restrict_Mass_Gatherings_and_Schools': 1, 'Restrict_Mass_Gatherings_and_Schools_and_Others': 42}"
robust,17,Denmark__None,Denmark,None,Europe,2020-07-03,1,319.0,1241.0,74.29492344883158,15.0,10.0,50.0,0.41278897658555247,"{'Authorize_Schools_but_Restrict_Mass_Gatherings_and_Others': 17, 'Lockdown': 13, 'Mass_Gatherings_Authorized_But_Others_Restricted': 31, 'No_Measure': 0, 'Restrict_Mass_Gatherings': 0, 'Restrict_Mass_Gatherings_and_Schools': 1, 'Restrict_Mass_Gatherings_and_Schools_and_Others': 42}"
robust,17,Finland__None,Finland,None,Europe,2020-07-03,1,1204.0,235.0,412.3404255319149,31.0,2.0,1450.0,0.41278897658555247,"{'Authorize_Schools_but_Restrict_Mass_Gatherings_and_Others': 17, 'Lockdown': 13, 'Mass_Gatherings_Authorized_But_Others_Restricted': 31, 'No_Measure': 0, 'Restrict_Mass_Gatherings': 0, 'Restrict_Mass_Gatherings_and_Schools': 1, 'Restrict_Mass_Gatherings_and_Schools_and_Others': 42}"
robust,17,France__None,France,None,Europe,2020-07-03,1,6541.0,21259.0,69.23185474387317,1310.0,368.0,255.97826086956525,0.41278897658555247,"{'Authorize_Schools_but_Restrict_Mass_Gatherings_and_Others': 17, 'Lockdown': 13, 'Mass_Gatherings_Authorized_But_Others_Restricted': 31, 'No_Measure': 0, 'Restrict_Mass_Gatherings': 0, 'Restrict_Mass_Gatherings_and_Schools': 1, 'Restrict_Mass_Gatherings_and_Schools_and_Others': 42}"
robust,17,Greece__None,Greece,None,Europe,2020-07-03,1,184.0,1344.0,86.30952380952381,11.0,17.0,35.294117647058826,0.41278897658555247,"{'Authorize_Schools_but_Restrict_Mass_Gatherings_and_Others': 17, 'Lockdown': 13, 'Mass_Gatherings_Authorized_But_Others_Restricted': 31, 'No_Measure': 0, 'Restrict_Mass_Gatherings': 0, 'Restrict_Mass_Gatherings_and_Schools': 1, 'Restrict_Mass_Gatherings_and_Schools_and_Others': 42}"
robust,17,Guatemala__None,Guatemala,None,North America,2020-07-03,1,35948.0,29864.0,20.372354674524512,1853.0,1117.0,65.89077887197851,0.41278897658555247,"{'Authorize_Schools_but_Restrict_Mass_Gatherings_and_Others': 17, 'Lockdown': 13, 'Mass_Gatherings_Authorized_But_Others_Restricted': 31, 'No_Measure': 0, 'Restrict_Mass_Gatherings': 0, 'Restrict_Mass_Gatherings_and_Schools': 1, 'Restrict_Mass_Gatherings_and_Schools_and_Others': 42}"
robust,17,Guyana__None,Guyana,None,South America,2020-07-03,1,85.0,225.0,62.22222222222222,2.0,8.0,75.0,0.41278897658555247,"{'Authorize_Schools_but_Restrict_Mass_Gatherings_and_Others': 17, 'Lockdown': 13, 'Mass_Gatherings_Authorized_But_Others_Restricted': 31, 'No_Measure': 0, 'Restrict_Mass_Gatherings': 0, 'Restrict_Mass_Gatherings_and_Schools': 1, 'Restrict_Mass_Gatherings_and_Schools_and_Others': 42}"
robust,17,Haiti__None,Haiti,None,North America,2020-07-03,1,1036.0,1217.0,14.872637633525063,17.0,53.0,67.9245283018868,0.41278897658555247,"{'Authorize_Schools_but_Restrict_Mass_Gatherings_and_Others': 17, 'Lockdown': 13, 'Mass_Gatherings_Authorized_But_Others_Restricted': 31, 'No_Measure': 0, 'Restrict_Mass_Gatherings': 0, 'Restrict_Mass_Gatherings_and_Schools': 1, 'Restrict_Mass_Gatherings_and_Schools_and_Others': 42}"
robust,17,Honduras__None,Honduras,None,North America,2020-07-03,1,26468.0,21378.0,23.809523809523807,680.0,771.0,11.802853437094681,0.41278897658555247,"{'Authorize_Schools_but_Restrict_Mass_Gatherings_and_Others': 17, 'Lockdown': 13, 'Mass_Gatherings_Authorized_But_Others_Restricted': 31, 'No_Measure': 0, 'Restrict_Mass_Gatherings': 0, 'Restrict_Mass_Gatherings_and_Schools': 1, 'Restrict_Mass_Gatherings_and_Schools_and_Others': 42}"
robust,17,Liberia__None,Liberia,None,Africa,2020-07-03,1,421.0,347.0,21.32564841498559,14.0,41.0,65.85365853658537,0.41278897658555247,"{'Authorize_Schools_but_Restrict_Mass_Gatherings_and_Others': 17, 'Lockdown': 13, 'Mass_Gatherings_Authorized_But_Others_Restricted': 31, 'No_Measure': 0, 'Restrict_Mass_Gatherings': 0, 'Restrict_Mass_Gatherings_and_Schools': 1, 'Restrict_Mass_Gatherings_and_Schools_and_Others': 42}"
robust,17,Mali__None,Mali,None,Africa,2020-07-03,1,395.0,240.0,64.58333333333334,18.0,6.0,200.0,0.41278897658555247,"{'Authorize_Schools_but_Restrict_Mass_Gatherings_and_Others': 17, 'Lockdown': 13, 'Mass_Gatherings_Authorized_But_Others_Restricted': 31, 'No_Measure': 0, 'Restrict_Mass_Gatherings': 0, 'Restrict_Mass_Gatherings_and_Schools': 1, 'Restrict_Mass_Gatherings_and_Schools_and_Others': 42}"
robust,17,Mongolia__None,Mongolia,None,Asia,2020-07-03,1,16.0,73.0,78.08219178082192,0.0,0.0,,0.41278897658555247,"{'Authorize_Schools_but_Restrict_Mass_Gatherings_and_Others': 17, 'Lockdown': 13, 'Mass_Gatherings_Authorized_But_Others_Restricted': 31, 'No_Measure': 0, 'Restrict_Mass_Gatherings': 0, 'Restrict_Mass_Gatherings_and_Schools': 1, 'Restrict_Mass_Gatherings_and_Schools_and_Others': 42}"
robust,17,Nepal__None,Nepal,None,Asia,2020-07-03,1,161782.0,5518.0,2831.8956143530263,365.0,24.0,1420.8333333333335,0.41278897658555247,"{'Authorize_Schools_but_Restrict_Mass_Gatherings_and_Others': 17, 'Lockdown': 13, 'Mass_Gatherings_Authorized_But_Others_Restricted': 31, 'No_Measure': 0, 'Restrict_Mass_Gatherings': 0, 'Restrict_Mass_Gatherings_and_Schools': 1, 'Restrict_Mass_Gatherings_and_Schools_and_Others': 42}"
robust,17,Netherlands__None,Netherlands,None,Europe,2020-07-03,1,152.0,5407.0,97.18882929535788,18.0,24.0,25.0,0.41278897658555247,"{'Authorize_Schools_but_Restrict_Mass_Gatherings_and_Others': 17, 'Lockdown': 13, 'Mass_Gatherings_Authorized_But_Others_Restricted': 31, 'No_Measure': 0, 'Restrict_Mass_Gatherings': 0, 'Restrict_Mass_Gatherings_and_Schools': 1, 'Restrict_Mass_Gatherings_and_Schools_and_Others': 42}"
robust,17,Panama__None,Panama,None,North America,2020-07-03,1,16146.0,32441.0,50.22964766807435,286.0,802.0,64.33915211970074,0.41278897658555247,"{'Authorize_Schools_but_Restrict_Mass_Gatherings_and_Others': 17, 'Lockdown': 13, 'Mass_Gatherings_Authorized_But_Others_Restricted': 31, 'No_Measure': 0, 'Restrict_Mass_Gatherings': 0, 'Restrict_Mass_Gatherings_and_Schools': 1, 'Restrict_Mass_Gatherings_and_Schools_and_Others': 42}"
robust,18,Afghanistan__None,Afghanistan,None,Asia,2020-07-03,1,42788.0,4111.0,940.8173193870106,827.0,462.0,79.004329004329,0.4769511112233234,"{'Authorize_Schools_but_Restrict_Mass_Gatherings_and_Others': 21, 'Lockdown': 14, 'Mass_Gatherings_Authorized_But_Others_Restricted': 33, 'No_Measure': 0, 'Restrict_Mass_Gatherings': 0, 'Restrict_Mass_Gatherings_and_Schools': 1, 'Restrict_Mass_Gatherings_and_Schools_and_Others': 37}"
robust,18,Angola__None,Angola,None,Africa,2020-07-03,1,468.0,998.0,53.106212424849694,18.0,40.0,55.00000000000001,0.4769511112233234,"{'Authorize_Schools_but_Restrict_Mass_Gatherings_and_Others': 21, 'Lockdown': 14, 'Mass_Gatherings_Authorized_But_Others_Restricted': 33, 'No_Measure': 0, 'Restrict_Mass_Gatherings': 0, 'Restrict_Mass_Gatherings_and_Schools': 1, 'Restrict_Mass_Gatherings_and_Schools_and_Others': 37}"
robust,18,Australia__Queensland,Australia,Queensland,Oceania,2020-07-03,1,0.0,21.0,100.0,0.0,0.0,,0.4769511112233234,"{'Authorize_Schools_but_Restrict_Mass_Gatherings_and_Others': 21, 'Lockdown': 14, 'Mass_Gatherings_Authorized_But_Others_Restricted': 33, 'No_Measure': 0, 'Restrict_Mass_Gatherings': 0, 'Restrict_Mass_Gatherings_and_Schools': 1, 'Restrict_Mass_Gatherings_and_Schools_and_Others': 37}"
robust,18,Australia__Western_Australia,Australia,Western Australia,Oceania,2020-07-03,1,0.0,58.0,100.0,0.0,0.0,,0.4769511112233234,"{'Authorize_Schools_but_Restrict_Mass_Gatherings_and_Others': 21, 'Lockdown': 14, 'Mass_Gatherings_Authorized_But_Others_Restricted': 33, 'No_Measure': 0, 'Restrict_Mass_Gatherings': 0, 'Restrict_Mass_Gatherings_and_Schools': 1, 'Restrict_Mass_Gatherings_and_Schools_and_Others': 37}"
robust,18,Bahrain__None,Bahrain,None,Asia,2020-07-03,1,8751.0,13275.0,34.07909604519774,45.0,55.0,18.181818181818183,0.4769511112233234,"{'Authorize_Schools_but_Restrict_Mass_Gatherings_and_Others': 21, 'Lockdown': 14, 'Mass_Gatherings_Authorized_But_Others_Restricted': 33, 'No_Measure': 0, 'Restrict_Mass_Gatherings': 0, 'Restrict_Mass_Gatherings_and_Schools': 1, 'Restrict_Mass_Gatherings_and_Schools_and_Others': 37}"
robust,18,Cuba__None,Cuba,None,North America,2020-07-03,1,259.0,332.0,21.987951807228914,6.0,2.0,200.0,0.4769511112233234,"{'Authorize_Schools_but_Restrict_Mass_Gatherings_and_Others': 21, 'Lockdown': 14, 'Mass_Gatherings_Authorized_But_Others_Restricted': 33, 'No_Measure': 0, 'Restrict_Mass_Gatherings': 0, 'Restrict_Mass_Gatherings_and_Schools': 1, 'Restrict_Mass_Gatherings_and_Schools_and_Others': 37}"
robust,18,Cyprus__None,Cyprus,None,Europe,2020-07-03,1,43.0,178.0,75.84269662921348,1.0,0.0,,0.4769511112233234,"{'Authorize_Schools_but_Restrict_Mass_Gatherings_and_Others': 21, 'Lockdown': 14, 'Mass_Gatherings_Authorized_But_Others_Restricted': 33, 'No_Measure': 0, 'Restrict_Mass_Gatherings': 0, 'Restrict_Mass_Gatherings_and_Schools': 1, 'Restrict_Mass_Gatherings_and_Schools_and_Others': 37}"
robust,18,Ecuador__None,Ecuador,None,South America,2020-07-03,1,15811.0,26428.0,40.17330104434691,1495.0,1039.0,43.888354186718,0.4769511112233234,"{'Authorize_Schools_but_Restrict_Mass_Gatherings_and_Others': 21, 'Lockdown': 14, 'Mass_Gatherings_Authorized_But_Others_Restricted': 33, 'No_Measure': 0, 'Restrict_Mass_Gatherings': 0, 'Restrict_Mass_Gatherings_and_Schools': 1, 'Restrict_Mass_Gatherings_and_Schools_and_Others': 37}"
robust,18,El_Salvador__None,El Salvador,None,North America,2020-07-03,1,4197.0,10755.0,60.976290097629004,209.0,276.0,24.27536231884058,0.4769511112233234,"{'Authorize_Schools_but_Restrict_Mass_Gatherings_and_Others': 21, 'Lockdown': 14, 'Mass_Gatherings_Authorized_But_Others_Restricted': 33, 'No_Measure': 0, 'Restrict_Mass_Gatherings': 0, 'Restrict_Mass_Gatherings_and_Schools': 1, 'Restrict_Mass_Gatherings_and_Schools_and_Others': 37}"
robust,18,Estonia__None,Estonia,None,Europe,2020-07-03,1,10.0,98.0,89.79591836734694,0.0,-6.0,,0.4769511112233234,"{'Authorize_Schools_but_Restrict_Mass_Gatherings_and_Others': 21, 'Lockdown': 14, 'Mass_Gatherings_Authorized_But_Others_Restricted': 33, 'No_Measure': 0, 'Restrict_Mass_Gatherings': 0, 'Restrict_Mass_Gatherings_and_Schools': 1, 'Restrict_Mass_Gatherings_and_Schools_and_Others': 37}"
robust,18,Ethiopia__None,Ethiopia,None,Africa,2020-07-03,1,116209.0,14031.0,728.2303470885895,957.0,240.0,298.75,0.4769511112233234,"{'Authorize_Schools_but_Restrict_Mass_Gatherings_and_Others': 21, 'Lockdown': 14, 'Mass_Gatherings_Authorized_But_Others_Restricted': 33, 'No_Measure': 0, 'Restrict_Mass_Gatherings': 0, 'Restrict_Mass_Gatherings_and_Schools': 1, 'Restrict_Mass_Gatherings_and_Schools_and_Others': 37}"
robust,18,Finland__None,Finland,None,Europe,2020-07-03,1,744.0,235.0,216.59574468085108,22.0,2.0,1000.0,0.4769511112233234,"{'Authorize_Schools_but_Restrict_Mass_Gatherings_and_Others': 21, 'Lockdown': 14, 'Mass_Gatherings_Authorized_But_Others_Restricted': 33, 'No_Measure': 0, 'Restrict_Mass_Gatherings': 0, 'Restrict_Mass_Gatherings_and_Schools': 1, 'Restrict_Mass_Gatherings_and_Schools_and_Others': 37}"
robust,18,Hungary__None,Hungary,None,Europe,2020-07-03,1,3987.0,379.0,951.9788918205804,196.0,9.0,2077.777777777778,0.4769511112233234,"{'Authorize_Schools_but_Restrict_Mass_Gatherings_and_Others': 21, 'Lockdown': 14, 'Mass_Gatherings_Authorized_But_Others_Restricted': 33, 'No_Measure': 0, 'Restrict_Mass_Gatherings': 0, 'Restrict_Mass_Gatherings_and_Schools': 1, 'Restrict_Mass_Gatherings_and_Schools_and_Others': 37}"
robust,18,Kuwait__None,Kuwait,None,Asia,2020-07-03,1,45277.0,19471.0,132.5355657131118,336.0,100.0,236.0,0.4769511112233234,"{'Authorize_Schools_but_Restrict_Mass_Gatherings_and_Others': 21, 'Lockdown': 14, 'Mass_Gatherings_Authorized_But_Others_Restricted': 33, 'No_Measure': 0, 'Restrict_Mass_Gatherings': 0, 'Restrict_Mass_Gatherings_and_Schools': 1, 'Restrict_Mass_Gatherings_and_Schools_and_Others': 37}"
robust,18,Libya__None,Libya,None,Africa,2020-07-03,1,462.0,3235.0,85.71870170015457,19.0,69.0,72.46376811594203,0.4769511112233234,"{'Authorize_Schools_but_Restrict_Mass_Gatherings_and_Others': 21, 'Lockdown': 14, 'Mass_Gatherings_Authorized_But_Others_Restricted': 33, 'No_Measure': 0, 'Restrict_Mass_Gatherings': 0, 'Restrict_Mass_Gatherings_and_Schools': 1, 'Restrict_Mass_Gatherings_and_Schools_and_Others': 37}"
robust,18,Mali__None,Mali,None,Africa,2020-07-03,1,424.0,240.0,76.66666666666667,19.0,6.0,216.66666666666666,0.4769511112233234,"{'Authorize_Schools_but_Restrict_Mass_Gatherings_and_Others': 21, 'Lockdown': 14, 'Mass_Gatherings_Authorized_But_Others_Restricted': 33, 'No_Measure': 0, 'Restrict_Mass_Gatherings': 0, 'Restrict_Mass_Gatherings_and_Schools': 1, 'Restrict_Mass_Gatherings_and_Schools_and_Others': 37}"
robust,18,Morocco__None,Morocco,None,Africa,2020-07-03,1,2694.0,13395.0,79.88801791713325,45.0,185.0,75.67567567567568,0.4769511112233234,"{'Authorize_Schools_but_Restrict_Mass_Gatherings_and_Others': 21, 'Lockdown': 14, 'Mass_Gatherings_Authorized_But_Others_Restricted': 33, 'No_Measure': 0, 'Restrict_Mass_Gatherings': 0, 'Restrict_Mass_Gatherings_and_Schools': 1, 'Restrict_Mass_Gatherings_and_Schools_and_Others': 37}"
robust,18,Nepal__None,Nepal,None,Asia,2020-07-03,1,154646.0,5518.0,2702.573396158028,349.0,24.0,1354.1666666666665,0.4769511112233234,"{'Authorize_Schools_but_Restrict_Mass_Gatherings_and_Others': 21, 'Lockdown': 14, 'Mass_Gatherings_Authorized_But_Others_Restricted': 33, 'No_Measure': 0, 'Restrict_Mass_Gatherings': 0, 'Restrict_Mass_Gatherings_and_Schools': 1, 'Restrict_Mass_Gatherings_and_Schools_and_Others': 37}"
robust,18,New_Zealand__None,New Zealand,None,Oceania,2020-07-03,1,652431.0,36.0,1812208.3333333333,3082.0,0.0,,0.4769511112233234,"{'Authorize_Schools_but_Restrict_Mass_Gatherings_and_Others': 21, 'Lockdown': 14, 'Mass_Gatherings_Authorized_But_Others_Restricted': 33, 'No_Measure': 0, 'Restrict_Mass_Gatherings': 0, 'Restrict_Mass_Gatherings_and_Schools': 1, 'Restrict_Mass_Gatherings_and_Schools_and_Others': 37}"
robust,18,Peru__None,Peru,None,South America,2020-07-03,1,52348.0,140810.0,62.82366309210994,1803.0,9595.0,81.20896300156332,0.4769511112233234,"{'Authorize_Schools_but_Restrict_Mass_Gatherings_and_Others': 21, 'Lockdown': 14, 'Mass_Gatherings_Authorized_But_Others_Restricted': 33, 'No_Measure': 0, 'Restrict_Mass_Gatherings': 0, 'Restrict_Mass_Gatherings_and_Schools': 1, 'Restrict_Mass_Gatherings_and_Schools_and_Others': 37}"
robust,18,South_Sudan__None,South Sudan,None,Africa,2020-07-03,1,406.0,416.0,2.403846153846154,15.0,9.0,66.66666666666666,0.4769511112233234,"{'Authorize_Schools_but_Restrict_Mass_Gatherings_and_Others': 21, 'Lockdown': 14, 'Mass_Gatherings_Authorized_But_Others_Restricted': 33, 'No_Measure': 0, 'Restrict_Mass_Gatherings': 0, 'Restrict_Mass_Gatherings_and_Schools': 1, 'Restrict_Mass_Gatherings_and_Schools_and_Others': 37}"
robust,19,Australia__Queensland,Australia,Queensland,Oceania,2020-07-03,1,0.0,21.0,100.0,0.0,0.0,,0.4114709485717998,"{'Authorize_Schools_but_Restrict_Mass_Gatherings_and_Others': 19, 'Lockdown': 12, 'Mass_Gatherings_Authorized_But_Others_Restricted': 30, 'No_Measure': 0, 'Restrict_Mass_Gatherings': 0, 'Restrict_Mass_Gatherings_and_Schools': 1, 'Restrict_Mass_Gatherings_and_Schools_and_Others': 42}"
robust,19,Austria__None,Austria,None,Europe,2020-07-03,1,1074578.0,3316.0,32305.850422195414,9273.0,14.0,66135.71428571429,0.4114709485717998,"{'Authorize_Schools_but_Restrict_Mass_Gatherings_and_Others': 19, 'Lockdown': 12, 'Mass_Gatherings_Authorized_But_Others_Restricted': 30, 'No_Measure': 0, 'Restrict_Mass_Gatherings': 0, 'Restrict_Mass_Gatherings_and_Schools': 1, 'Restrict_Mass_Gatherings_and_Schools_and_Others': 42}"
robust,19,Azerbaijan__None,Azerbaijan,None,Asia,2020-07-03,1,12003.0,13109.0,8.436951712563888,242.0,232.0,4.310344827586207,0.4114709485717998,"{'Authorize_Schools_but_Restrict_Mass_Gatherings_and_Others': 19, 'Lockdown': 12, 'Mass_Gatherings_Authorized_But_Others_Restricted': 30, 'No_Measure': 0, 'Restrict_Mass_Gatherings': 0, 'Restrict_Mass_Gatherings_and_Schools': 1, 'Restrict_Mass_Gatherings_and_Schools_and_Others': 42}"
robust,19,Bahrain__None,Bahrain,None,Asia,2020-07-03,1,8576.0,13275.0,35.397363465160076,45.0,55.0,18.181818181818183,0.4114709485717998,"{'Authorize_Schools_but_Restrict_Mass_Gatherings_and_Others': 19, 'Lockdown': 12, 'Mass_Gatherings_Authorized_But_Others_Restricted': 30, 'No_Measure': 0, 'Restrict_Mass_Gatherings': 0, 'Restrict_Mass_Gatherings_and_Schools': 1, 'Restrict_Mass_Gatherings_and_Schools_and_Others': 42}"
robust,19,Burkina_Faso__None,Burkina Faso,None,Africa,2020-07-03,1,83.0,166.0,50.0,3.0,1.0,200.0,0.4114709485717998,"{'Authorize_Schools_but_Restrict_Mass_Gatherings_and_Others': 19, 'Lockdown': 12, 'Mass_Gatherings_Authorized_But_Others_Restricted': 30, 'No_Measure': 0, 'Restrict_Mass_Gatherings': 0, 'Restrict_Mass_Gatherings_and_Schools': 1, 'Restrict_Mass_Gatherings_and_Schools_and_Others': 42}"
robust,19,Canada__British_Columbia,Canada,British Columbia,North America,2020-07-03,1,87.0,840.0,89.64285714285715,9.0,18.0,50.0,0.4114709485717998,"{'Authorize_Schools_but_Restrict_Mass_Gatherings_and_Others': 19, 'Lockdown': 12, 'Mass_Gatherings_Authorized_But_Others_Restricted': 30, 'No_Measure': 0, 'Restrict_Mass_Gatherings': 0, 'Restrict_Mass_Gatherings_and_Schools': 1, 'Restrict_Mass_Gatherings_and_Schools_and_Others': 42}"
robust,19,Canada__Manitoba,Canada,Manitoba,North America,2020-07-03,1,7.0,118.0,94.0677966101695,0.0,1.0,100.0,0.4114709485717998,"{'Authorize_Schools_but_Restrict_Mass_Gatherings_and_Others': 19, 'Lockdown': 12, 'Mass_Gatherings_Authorized_But_Others_Restricted': 30, 'No_Measure': 0, 'Restrict_Mass_Gatherings': 0, 'Restrict_Mass_Gatherings_and_Schools': 1, 'Restrict_Mass_Gatherings_and_Schools_and_Others': 42}"
robust,19,Canada__Nova_Scotia,Canada,Nova Scotia,North America,2020-07-03,1,168653.0,7.0,2409228.5714285714,4547.0,1.0,454600.0,0.4114709485717998,"{'Authorize_Schools_but_Restrict_Mass_Gatherings_and_Others': 19, 'Lockdown': 12, 'Mass_Gatherings_Authorized_But_Others_Restricted': 30, 'No_Measure': 0, 'Restrict_Mass_Gatherings': 0, 'Restrict_Mass_Gatherings_and_Schools': 1, 'Restrict_Mass_Gatherings_and_Schools_and_Others': 42}"
robust,19,Colombia__None,Colombia,None,South America,2020-07-03,1,70568.0,221590.0,68.15379755404125,2594.0,7373.0,64.81757764817577,0.4114709485717998,"{'Authorize_Schools_but_Restrict_Mass_Gatherings_and_Others': 19, 'Lockdown': 12, 'Mass_Gatherings_Authorized_But_Others_Restricted': 30, 'No_Measure': 0, 'Restrict_Mass_Gatherings': 0, 'Restrict_Mass_Gatherings_and_Schools': 1, 'Restrict_Mass_Gatherings_and_Schools_and_Others': 42}"
robust,19,Cuba__None,Cuba,None,North America,2020-07-03,1,249.0,332.0,25.0,6.0,2.0,200.0,0.4114709485717998,"{'Authorize_Schools_but_Restrict_Mass_Gatherings_and_Others': 19, 'Lockdown': 12, 'Mass_Gatherings_Authorized_But_Others_Restricted': 30, 'No_Measure': 0, 'Restrict_Mass_Gatherings': 0, 'Restrict_Mass_Gatherings_and_Schools': 1, 'Restrict_Mass_Gatherings_and_Schools_and_Others': 42}"
robust,19,Ecuador__None,Ecuador,None,South America,2020-07-03,1,15261.0,26428.0,42.2544271227486,1471.0,1039.0,41.57844080846968,0.4114709485717998,"{'Authorize_Schools_but_Restrict_Mass_Gatherings_and_Others': 19, 'Lockdown': 12, 'Mass_Gatherings_Authorized_But_Others_Restricted': 30, 'No_Measure': 0, 'Restrict_Mass_Gatherings': 0, 'Restrict_Mass_Gatherings_and_Schools': 1, 'Restrict_Mass_Gatherings_and_Schools_and_Others': 42}"
robust,19,France__None,France,None,Europe,2020-07-03,1,6413.0,21259.0,69.83395267886542,1297.0,368.0,252.44565217391303,0.4114709485717998,"{'Authorize_Schools_but_Restrict_Mass_Gatherings_and_Others': 19, 'Lockdown': 12, 'Mass_Gatherings_Authorized_But_Others_Restricted': 30, 'No_Measure': 0, 'Restrict_Mass_Gatherings': 0, 'Restrict_Mass_Gatherings_and_Schools': 1, 'Restrict_Mass_Gatherings_and_Schools_and_Others': 42}"
robust,19,Gabon__None,Gabon,None,Africa,2020-07-03,1,2258.0,2026.0,11.451135241855875,20.0,7.0,185.71428571428572,0.4114709485717998,"{'Authorize_Schools_but_Restrict_Mass_Gatherings_and_Others': 19, 'Lockdown': 12, 'Mass_Gatherings_Authorized_But_Others_Restricted': 30, 'No_Measure': 0, 'Restrict_Mass_Gatherings': 0, 'Restrict_Mass_Gatherings_and_Schools': 1, 'Restrict_Mass_Gatherings_and_Schools_and_Others': 42}"
robust,19,Guinea__None,Guinea,None,Africa,2020-07-03,1,16534.0,1919.0,761.5945805106827,91.0,14.0,550.0,0.4114709485717998,"{'Authorize_Schools_but_Restrict_Mass_Gatherings_and_Others': 19, 'Lockdown': 12, 'Mass_Gatherings_Authorized_But_Others_Restricted': 30, 'No_Measure': 0, 'Restrict_Mass_Gatherings': 0, 'Restrict_Mass_Gatherings_and_Schools': 1, 'Restrict_Mass_Gatherings_and_Schools_and_Others': 42}"
robust,19,Hungary__None,Hungary,None,Europe,2020-07-03,1,7958.0,379.0,1999.736147757256,345.0,9.0,3733.3333333333335,0.4114709485717998,"{'Authorize_Schools_but_Restrict_Mass_Gatherings_and_Others': 19, 'Lockdown': 12, 'Mass_Gatherings_Authorized_But_Others_Restricted': 30, 'No_Measure': 0, 'Restrict_Mass_Gatherings': 0, 'Restrict_Mass_Gatherings_and_Schools': 1, 'Restrict_Mass_Gatherings_and_Schools_and_Others': 42}"
robust,19,"Korea,_South__None","Korea, South",None,Asia,2020-07-03,1,26.0,1365.0,98.09523809523809,3.0,19.0,84.21052631578947,0.4114709485717998,"{'Authorize_Schools_but_Restrict_Mass_Gatherings_and_Others': 19, 'Lockdown': 12, 'Mass_Gatherings_Authorized_But_Others_Restricted': 30, 'No_Measure': 0, 'Restrict_Mass_Gatherings': 0, 'Restrict_Mass_Gatherings_and_Schools': 1, 'Restrict_Mass_Gatherings_and_Schools_and_Others': 42}"
robust,19,Kuwait__None,Kuwait,None,Asia,2020-07-03,1,40992.0,19471.0,110.52847824970469,309.0,100.0,209.0,0.4114709485717998,"{'Authorize_Schools_but_Restrict_Mass_Gatherings_and_Others': 19, 'Lockdown': 12, 'Mass_Gatherings_Authorized_But_Others_Restricted': 30, 'No_Measure': 0, 'Restrict_Mass_Gatherings': 0, 'Restrict_Mass_Gatherings_and_Schools': 1, 'Restrict_Mass_Gatherings_and_Schools_and_Others': 42}"
robust,19,Liberia__None,Liberia,None,Africa,2020-07-03,1,431.0,347.0,24.207492795389047,14.0,41.0,65.85365853658537,0.4114709485717998,"{'Authorize_Schools_but_Restrict_Mass_Gatherings_and_Others': 19, 'Lockdown': 12, 'Mass_Gatherings_Authorized_But_Others_Restricted': 30, 'No_Measure': 0, 'Restrict_Mass_Gatherings': 0, 'Restrict_Mass_Gatherings_and_Schools': 1, 'Restrict_Mass_Gatherings_and_Schools_and_Others': 42}"
robust,19,Lithuania__None,Lithuania,None,Europe,2020-07-03,1,34.0,306.0,88.88888888888889,3.0,1.0,200.0,0.4114709485717998,"{'Authorize_Schools_but_Restrict_Mass_Gatherings_and_Others': 19, 'Lockdown': 12, 'Mass_Gatherings_Authorized_But_Others_Restricted': 30, 'No_Measure': 0, 'Restrict_Mass_Gatherings': 0, 'Restrict_Mass_Gatherings_and_Schools': 1, 'Restrict_Mass_Gatherings_and_Schools_and_Others': 42}"
robust,19,Nepal__None,Nepal,None,Asia,2020-07-03,1,130281.0,5518.0,2261.018484958318,296.0,24.0,1133.3333333333335,0.4114709485717998,"{'Authorize_Schools_but_Restrict_Mass_Gatherings_and_Others': 19, 'Lockdown': 12, 'Mass_Gatherings_Authorized_But_Others_Restricted': 30, 'No_Measure': 0, 'Restrict_Mass_Gatherings': 0, 'Restrict_Mass_Gatherings_and_Schools': 1, 'Restrict_Mass_Gatherings_and_Schools_and_Others': 42}"
robust,19,Norway__None,Norway,None,Europe,2020-07-03,1,543338.0,436.0,124518.80733944954,3904.0,5.0,77980.0,0.4114709485717998,"{'Authorize_Schools_but_Restrict_Mass_Gatherings_and_Others': 19, 'Lockdown': 12, 'Mass_Gatherings_Authorized_But_Others_Restricted': 30, 'No_Measure': 0, 'Restrict_Mass_Gatherings': 0, 'Restrict_Mass_Gatherings_and_Schools': 1, 'Restrict_Mass_Gatherings_and_Schools_and_Others': 42}"
robust,20,Albania__None,Albania,None,Europe,2020-07-03,1,1117.0,2931.0,61.89013988399864,21.0,102.0,79.41176470588235,0.4018033387957188,"{'Authorize_Schools_but_Restrict_Mass_Gatherings_and_Others': 19, 'Lockdown': 15, 'Mass_Gatherings_Authorized_But_Others_Restricted': 27, 'No_Measure': 0, 'Restrict_Mass_Gatherings': 0, 'Restrict_Mass_Gatherings_and_Schools': 1, 'Restrict_Mass_Gatherings_and_Schools_and_Others': 40}"
robust,20,Andorra__None,Andorra,None,Europe,2020-07-03,1,1.0,84.0,98.80952380952381,0.0,0.0,,0.4018033387957188,"{'Authorize_Schools_but_Restrict_Mass_Gatherings_and_Others': 19, 'Lockdown': 15, 'Mass_Gatherings_Authorized_But_Others_Restricted': 27, 'No_Measure': 0, 'Restrict_Mass_Gatherings': 0, 'Restrict_Mass_Gatherings_and_Schools': 1, 'Restrict_Mass_Gatherings_and_Schools_and_Others': 40}"
robust,20,Australia__South_Australia,Australia,South Australia,Oceania,2020-07-03,1,0.0,14.0,100.0,0.0,0.0,,0.4018033387957188,"{'Authorize_Schools_but_Restrict_Mass_Gatherings_and_Others': 19, 'Lockdown': 15, 'Mass_Gatherings_Authorized_But_Others_Restricted': 27, 'No_Measure': 0, 'Restrict_Mass_Gatherings': 0, 'Restrict_Mass_Gatherings_and_Schools': 1, 'Restrict_Mass_Gatherings_and_Schools_and_Others': 40}"
robust,20,Australia__Tasmania,Australia,Tasmania,Oceania,2020-07-03,1,0.0,1.0,100.0,0.0,0.0,,0.4018033387957188,"{'Authorize_Schools_but_Restrict_Mass_Gatherings_and_Others': 19, 'Lockdown': 15, 'Mass_Gatherings_Authorized_But_Others_Restricted': 27, 'No_Measure': 0, 'Restrict_Mass_Gatherings': 0, 'Restrict_Mass_Gatherings_and_Schools': 1, 'Restrict_Mass_Gatherings_and_Schools_and_Others': 40}"
robust,20,Canada__Manitoba,Canada,Manitoba,North America,2020-07-03,1,7.0,118.0,94.0677966101695,0.0,1.0,100.0,0.4018033387957188,"{'Authorize_Schools_but_Restrict_Mass_Gatherings_and_Others': 19, 'Lockdown': 15, 'Mass_Gatherings_Authorized_But_Others_Restricted': 27, 'No_Measure': 0, 'Restrict_Mass_Gatherings': 0, 'Restrict_Mass_Gatherings_and_Schools': 1, 'Restrict_Mass_Gatherings_and_Schools_and_Others': 40}"
robust,20,Canada__Nova_Scotia,Canada,Nova Scotia,North America,2020-07-03,1,172716.0,7.0,2467271.4285714286,4985.0,1.0,498400.0,0.4018033387957188,"{'Authorize_Schools_but_Restrict_Mass_Gatherings_and_Others': 19, 'Lockdown': 15, 'Mass_Gatherings_Authorized_But_Others_Restricted': 27, 'No_Measure': 0, 'Restrict_Mass_Gatherings': 0, 'Restrict_Mass_Gatherings_and_Schools': 1, 'Restrict_Mass_Gatherings_and_Schools_and_Others': 40}"
robust,20,Cote_d'Ivoire__None,Cote d'Ivoire,None,Africa,2020-07-03,1,5307.0,5831.0,8.98645172354656,43.0,31.0,38.70967741935484,0.4018033387957188,"{'Authorize_Schools_but_Restrict_Mass_Gatherings_and_Others': 19, 'Lockdown': 15, 'Mass_Gatherings_Authorized_But_Others_Restricted': 27, 'No_Measure': 0, 'Restrict_Mass_Gatherings': 0, 'Restrict_Mass_Gatherings_and_Schools': 1, 'Restrict_Mass_Gatherings_and_Schools_and_Others': 40}"
robust,20,Croatia__None,Croatia,None,Europe,2020-07-03,1,1405.0,2224.0,36.82553956834532,22.0,41.0,46.34146341463415,0.4018033387957188,"{'Authorize_Schools_but_Restrict_Mass_Gatherings_and_Others': 19, 'Lockdown': 15, 'Mass_Gatherings_Authorized_But_Others_Restricted': 27, 'No_Measure': 0, 'Restrict_Mass_Gatherings': 0, 'Restrict_Mass_Gatherings_and_Schools': 1, 'Restrict_Mass_Gatherings_and_Schools_and_Others': 40}"
robust,20,Cyprus__None,Cyprus,None,Europe,2020-07-03,1,36.0,178.0,79.7752808988764,1.0,0.0,,0.4018033387957188,"{'Authorize_Schools_but_Restrict_Mass_Gatherings_and_Others': 19, 'Lockdown': 15, 'Mass_Gatherings_Authorized_But_Others_Restricted': 27, 'No_Measure': 0, 'Restrict_Mass_Gatherings': 0, 'Restrict_Mass_Gatherings_and_Schools': 1, 'Restrict_Mass_Gatherings_and_Schools_and_Others': 40}"
robust,20,Czechia__None,Czechia,None,Europe,2020-07-03,1,1162.0,4846.0,76.02146099876187,49.0,32.0,53.125,0.4018033387957188,"{'Authorize_Schools_but_Restrict_Mass_Gatherings_and_Others': 19, 'Lockdown': 15, 'Mass_Gatherings_Authorized_But_Others_Restricted': 27, 'No_Measure': 0, 'Restrict_Mass_Gatherings': 0, 'Restrict_Mass_Gatherings_and_Schools': 1, 'Restrict_Mass_Gatherings_and_Schools_and_Others': 40}"
robust,20,Egypt__None,Egypt,None,Africa,2020-07-03,1,38063.0,20717.0,83.72833904522857,1591.0,1632.0,2.5122549019607843,0.4018033387957188,"{'Authorize_Schools_but_Restrict_Mass_Gatherings_and_Others': 19, 'Lockdown': 15, 'Mass_Gatherings_Authorized_But_Others_Restricted': 27, 'No_Measure': 0, 'Restrict_Mass_Gatherings': 0, 'Restrict_Mass_Gatherings_and_Schools': 1, 'Restrict_Mass_Gatherings_and_Schools_and_Others': 40}"
robust,20,Ethiopia__None,Ethiopia,None,Africa,2020-07-03,1,84641.0,14031.0,503.242819471171,745.0,240.0,210.41666666666666,0.4018033387957188,"{'Authorize_Schools_but_Restrict_Mass_Gatherings_and_Others': 19, 'Lockdown': 15, 'Mass_Gatherings_Authorized_But_Others_Restricted': 27, 'No_Measure': 0, 'Restrict_Mass_Gatherings': 0, 'Restrict_Mass_Gatherings_and_Schools': 1, 'Restrict_Mass_Gatherings_and_Schools_and_Others': 40}"
robust,20,France__None,France,None,Europe,2020-07-03,1,5351.0,21259.0,74.82948398325415,1186.0,368.0,222.2826086956522,0.4018033387957188,"{'Authorize_Schools_but_Restrict_Mass_Gatherings_and_Others': 19, 'Lockdown': 15, 'Mass_Gatherings_Authorized_But_Others_Restricted': 27, 'No_Measure': 0, 'Restrict_Mass_Gatherings': 0, 'Restrict_Mass_Gatherings_and_Schools': 1, 'Restrict_Mass_Gatherings_and_Schools_and_Others': 40}"
robust,20,Guyana__None,Guyana,None,South America,2020-07-03,1,87.0,225.0,61.33333333333333,2.0,8.0,75.0,0.4018033387957188,"{'Authorize_Schools_but_Restrict_Mass_Gatherings_and_Others': 19, 'Lockdown': 15, 'Mass_Gatherings_Authorized_But_Others_Restricted': 27, 'No_Measure': 0, 'Restrict_Mass_Gatherings': 0, 'Restrict_Mass_Gatherings_and_Schools': 1, 'Restrict_Mass_Gatherings_and_Schools_and_Others': 40}"
robust,20,"Korea,_South__None","Korea, South",None,Asia,2020-07-03,1,26.0,1365.0,98.09523809523809,3.0,19.0,84.21052631578947,0.4018033387957188,"{'Authorize_Schools_but_Restrict_Mass_Gatherings_and_Others': 19, 'Lockdown': 15, 'Mass_Gatherings_Authorized_But_Others_Restricted': 27, 'No_Measure': 0, 'Restrict_Mass_Gatherings': 0, 'Restrict_Mass_Gatherings_and_Schools': 1, 'Restrict_Mass_Gatherings_and_Schools_and_Others': 40}"
robust,20,Kuwait__None,Kuwait,None,Asia,2020-07-03,1,49060.0,19471.0,151.96445996610345,360.0,100.0,260.0,0.4018033387957188,"{'Authorize_Schools_but_Restrict_Mass_Gatherings_and_Others': 19, 'Lockdown': 15, 'Mass_Gatherings_Authorized_But_Others_Restricted': 27, 'No_Measure': 0, 'Restrict_Mass_Gatherings': 0, 'Restrict_Mass_Gatherings_and_Schools': 1, 'Restrict_Mass_Gatherings_and_Schools_and_Others': 40}"
robust,20,Liberia__None,Liberia,None,Africa,2020-07-03,1,427.0,347.0,23.054755043227665,14.0,41.0,65.85365853658537,0.4018033387957188,"{'Authorize_Schools_but_Restrict_Mass_Gatherings_and_Others': 19, 'Lockdown': 15, 'Mass_Gatherings_Authorized_But_Others_Restricted': 27, 'No_Measure': 0, 'Restrict_Mass_Gatherings': 0, 'Restrict_Mass_Gatherings_and_Schools': 1, 'Restrict_Mass_Gatherings_and_Schools_and_Others': 40}"
robust,20,Malaysia__None,Malaysia,None,Asia,2020-07-03,1,220.0,344.0,36.04651162790697,2.0,4.0,50.0,0.4018033387957188,"{'Authorize_Schools_but_Restrict_Mass_Gatherings_and_Others': 19, 'Lockdown': 15, 'Mass_Gatherings_Authorized_But_Others_Restricted': 27, 'No_Measure': 0, 'Restrict_Mass_Gatherings': 0, 'Restrict_Mass_Gatherings_and_Schools': 1, 'Restrict_Mass_Gatherings_and_Schools_and_Others': 40}"
robust,20,Monaco__None,Monaco,None,Europe,2020-07-03,1,15.0,17.0,11.76470588235294,1.0,0.0,,0.4018033387957188,"{'Authorize_Schools_but_Restrict_Mass_Gatherings_and_Others': 19, 'Lockdown': 15, 'Mass_Gatherings_Authorized_But_Others_Restricted': 27, 'No_Measure': 0, 'Restrict_Mass_Gatherings': 0, 'Restrict_Mass_Gatherings_and_Schools': 1, 'Restrict_Mass_Gatherings_and_Schools_and_Others': 40}"
robust,20,Nigeria__None,Nigeria,None,Africa,2020-07-03,1,16479.0,16266.0,1.3094798967170787,356.0,276.0,28.985507246376812,0.4018033387957188,"{'Authorize_Schools_but_Restrict_Mass_Gatherings_and_Others': 19, 'Lockdown': 15, 'Mass_Gatherings_Authorized_But_Others_Restricted': 27, 'No_Measure': 0, 'Restrict_Mass_Gatherings': 0, 'Restrict_Mass_Gatherings_and_Schools': 1, 'Restrict_Mass_Gatherings_and_Schools_and_Others': 40}"
robust,20,Norway__None,Norway,None,Europe,2020-07-03,1,195248.0,436.0,44681.65137614679,1162.0,5.0,23140.0,0.4018033387957188,"{'Authorize_Schools_but_Restrict_Mass_Gatherings_and_Others': 19, 'Lockdown': 15, 'Mass_Gatherings_Authorized_But_Others_Restricted': 27, 'No_Measure': 0, 'Restrict_Mass_Gatherings': 0, 'Restrict_Mass_Gatherings_and_Schools': 1, 'Restrict_Mass_Gatherings_and_Schools_and_Others': 40}"
robust,21,Albania__None,Albania,None,Europe,2020-07-03,1,1117.0,2931.0,61.89013988399864,21.0,102.0,79.41176470588235,0.4018033387957188,"{'Authorize_Schools_but_Restrict_Mass_Gatherings_and_Others': 21, 'Lockdown': 12, 'Mass_Gatherings_Authorized_But_Others_Restricted': 30, 'No_Measure': 0, 'Restrict_Mass_Gatherings': 0, 'Restrict_Mass_Gatherings_and_Schools': 1, 'Restrict_Mass_Gatherings_and_Schools_and_Others': 41}"
robust,21,Algeria__None,Algeria,None,Africa,2020-07-03,1,2650.0,17004.0,84.41543166313808,137.0,302.0,54.63576158940398,0.4018033387957188,"{'Authorize_Schools_but_Restrict_Mass_Gatherings_and_Others': 21, 'Lockdown': 12, 'Mass_Gatherings_Authorized_But_Others_Restricted': 30, 'No_Measure': 0, 'Restrict_Mass_Gatherings': 0, 'Restrict_Mass_Gatherings_and_Schools': 1, 'Restrict_Mass_Gatherings_and_Schools_and_Others': 41}"
robust,21,Australia__Queensland,Australia,Queensland,Oceania,2020-07-03,1,0.0,21.0,100.0,0.0,0.0,,0.4018033387957188,"{'Authorize_Schools_but_Restrict_Mass_Gatherings_and_Others': 21, 'Lockdown': 12, 'Mass_Gatherings_Authorized_But_Others_Restricted': 30, 'No_Measure': 0, 'Restrict_Mass_Gatherings': 0, 'Restrict_Mass_Gatherings_and_Schools': 1, 'Restrict_Mass_Gatherings_and_Schools_and_Others': 41}"
robust,21,Australia__Western_Australia,Australia,Western Australia,Oceania,2020-07-03,1,0.0,58.0,100.0,0.0,0.0,,0.4018033387957188,"{'Authorize_Schools_but_Restrict_Mass_Gatherings_and_Others': 21, 'Lockdown': 12, 'Mass_Gatherings_Authorized_But_Others_Restricted': 30, 'No_Measure': 0, 'Restrict_Mass_Gatherings': 0, 'Restrict_Mass_Gatherings_and_Schools': 1, 'Restrict_Mass_Gatherings_and_Schools_and_Others': 41}"
robust,21,Azerbaijan__None,Azerbaijan,None,Asia,2020-07-03,1,12113.0,13109.0,7.59783354946983,243.0,232.0,4.741379310344827,0.4018033387957188,"{'Authorize_Schools_but_Restrict_Mass_Gatherings_and_Others': 21, 'Lockdown': 12, 'Mass_Gatherings_Authorized_But_Others_Restricted': 30, 'No_Measure': 0, 'Restrict_Mass_Gatherings': 0, 'Restrict_Mass_Gatherings_and_Schools': 1, 'Restrict_Mass_Gatherings_and_Schools_and_Others': 41}"
robust,21,Bolivia__None,Bolivia,None,South America,2020-07-03,1,29776.0,45290.0,34.25480238463237,946.0,1942.0,51.28733264675592,0.4018033387957188,"{'Authorize_Schools_but_Restrict_Mass_Gatherings_and_Others': 21, 'Lockdown': 12, 'Mass_Gatherings_Authorized_But_Others_Restricted': 30, 'No_Measure': 0, 'Restrict_Mass_Gatherings': 0, 'Restrict_Mass_Gatherings_and_Schools': 1, 'Restrict_Mass_Gatherings_and_Schools_and_Others': 41}"
robust,21,Bulgaria__None,Bulgaria,None,Europe,2020-07-03,1,2507.0,6737.0,62.78759091583791,119.0,174.0,31.60919540229885,0.4018033387957188,"{'Authorize_Schools_but_Restrict_Mass_Gatherings_and_Others': 21, 'Lockdown': 12, 'Mass_Gatherings_Authorized_But_Others_Restricted': 30, 'No_Measure': 0, 'Restrict_Mass_Gatherings': 0, 'Restrict_Mass_Gatherings_and_Schools': 1, 'Restrict_Mass_Gatherings_and_Schools_and_Others': 41}"
robust,21,Canada__Manitoba,Canada,Manitoba,North America,2020-07-03,1,7.0,118.0,94.0677966101695,0.0,1.0,100.0,0.4018033387957188,"{'Authorize_Schools_but_Restrict_Mass_Gatherings_and_Others': 21, 'Lockdown': 12, 'Mass_Gatherings_Authorized_But_Others_Restricted': 30, 'No_Measure': 0, 'Restrict_Mass_Gatherings': 0, 'Restrict_Mass_Gatherings_and_Schools': 1, 'Restrict_Mass_Gatherings_and_Schools_and_Others': 41}"
robust,21,Croatia__None,Croatia,None,Europe,2020-07-03,1,1406.0,2224.0,36.780575539568346,22.0,41.0,46.34146341463415,0.4018033387957188,"{'Authorize_Schools_but_Restrict_Mass_Gatherings_and_Others': 21, 'Lockdown': 12, 'Mass_Gatherings_Authorized_But_Others_Restricted': 30, 'No_Measure': 0, 'Restrict_Mass_Gatherings': 0, 'Restrict_Mass_Gatherings_and_Schools': 1, 'Restrict_Mass_Gatherings_and_Schools_and_Others': 41}"
robust,21,France__None,France,None,Europe,2020-07-03,1,5308.0,21259.0,75.0317512582906,1181.0,368.0,220.92391304347828,0.4018033387957188,"{'Authorize_Schools_but_Restrict_Mass_Gatherings_and_Others': 21, 'Lockdown': 12, 'Mass_Gatherings_Authorized_But_Others_Restricted': 30, 'No_Measure': 0, 'Restrict_Mass_Gatherings': 0, 'Restrict_Mass_Gatherings_and_Schools': 1, 'Restrict_Mass_Gatherings_and_Schools_and_Others': 41}"
robust,21,Gabon__None,Gabon,None,Africa,2020-07-03,1,2324.0,2026.0,14.708785784797632,20.0,7.0,185.71428571428572,0.4018033387957188,"{'Authorize_Schools_but_Restrict_Mass_Gatherings_and_Others': 21, 'Lockdown': 12, 'Mass_Gatherings_Authorized_But_Others_Restricted': 30, 'No_Measure': 0, 'Restrict_Mass_Gatherings': 0, 'Restrict_Mass_Gatherings_and_Schools': 1, 'Restrict_Mass_Gatherings_and_Schools_and_Others': 41}"
robust,21,Guatemala__None,Guatemala,None,North America,2020-07-03,1,33460.0,29864.0,12.041253683364586,1804.0,1117.0,61.504028648164734,0.4018033387957188,"{'Authorize_Schools_but_Restrict_Mass_Gatherings_and_Others': 21, 'Lockdown': 12, 'Mass_Gatherings_Authorized_But_Others_Restricted': 30, 'No_Measure': 0, 'Restrict_Mass_Gatherings': 0, 'Restrict_Mass_Gatherings_and_Schools': 1, 'Restrict_Mass_Gatherings_and_Schools_and_Others': 41}"
robust,21,Lithuania__None,Lithuania,None,Europe,2020-07-03,1,26.0,306.0,91.50326797385621,3.0,1.0,200.0,0.4018033387957188,"{'Authorize_Schools_but_Restrict_Mass_Gatherings_and_Others': 21, 'Lockdown': 12, 'Mass_Gatherings_Authorized_But_Others_Restricted': 30, 'No_Measure': 0, 'Restrict_Mass_Gatherings': 0, 'Restrict_Mass_Gatherings_and_Schools': 1, 'Restrict_Mass_Gatherings_and_Schools_and_Others': 41}"
robust,21,Malawi__None,Malawi,None,Africa,2020-07-03,1,1135.0,2748.0,58.69723435225619,22.0,111.0,80.18018018018019,0.4018033387957188,"{'Authorize_Schools_but_Restrict_Mass_Gatherings_and_Others': 21, 'Lockdown': 12, 'Mass_Gatherings_Authorized_But_Others_Restricted': 30, 'No_Measure': 0, 'Restrict_Mass_Gatherings': 0, 'Restrict_Mass_Gatherings_and_Schools': 1, 'Restrict_Mass_Gatherings_and_Schools_and_Others': 41}"
robust,21,Malaysia__None,Malaysia,None,Asia,2020-07-03,1,220.0,344.0,36.04651162790697,2.0,4.0,50.0,0.4018033387957188,"{'Authorize_Schools_but_Restrict_Mass_Gatherings_and_Others': 21, 'Lockdown': 12, 'Mass_Gatherings_Authorized_But_Others_Restricted': 30, 'No_Measure': 0, 'Restrict_Mass_Gatherings': 0, 'Restrict_Mass_Gatherings_and_Schools': 1, 'Restrict_Mass_Gatherings_and_Schools_and_Others': 41}"
robust,21,Mali__None,Mali,None,Africa,2020-07-03,1,404.0,240.0,68.33333333333333,19.0,6.0,216.66666666666666,0.4018033387957188,"{'Authorize_Schools_but_Restrict_Mass_Gatherings_and_Others': 21, 'Lockdown': 12, 'Mass_Gatherings_Authorized_But_Others_Restricted': 30, 'No_Measure': 0, 'Restrict_Mass_Gatherings': 0, 'Restrict_Mass_Gatherings_and_Schools': 1, 'Restrict_Mass_Gatherings_and_Schools_and_Others': 41}"
robust,21,Mauritania__None,Mauritania,None,Africa,2020-07-03,1,2969.0,1591.0,86.61219358893779,98.0,28.0,250.0,0.4018033387957188,"{'Authorize_Schools_but_Restrict_Mass_Gatherings_and_Others': 21, 'Lockdown': 12, 'Mass_Gatherings_Authorized_But_Others_Restricted': 30, 'No_Measure': 0, 'Restrict_Mass_Gatherings': 0, 'Restrict_Mass_Gatherings_and_Schools': 1, 'Restrict_Mass_Gatherings_and_Schools_and_Others': 41}"
robust,21,Moldova__None,Moldova,None,Europe,2020-07-03,1,5349.0,8142.0,34.3036109064112,180.0,230.0,21.73913043478261,0.4018033387957188,"{'Authorize_Schools_but_Restrict_Mass_Gatherings_and_Others': 21, 'Lockdown': 12, 'Mass_Gatherings_Authorized_But_Others_Restricted': 30, 'No_Measure': 0, 'Restrict_Mass_Gatherings': 0, 'Restrict_Mass_Gatherings_and_Schools': 1, 'Restrict_Mass_Gatherings_and_Schools_and_Others': 41}"
robust,21,Nepal__None,Nepal,None,Asia,2020-07-03,1,141586.0,5518.0,2465.893439652048,321.0,24.0,1237.5,0.4018033387957188,"{'Authorize_Schools_but_Restrict_Mass_Gatherings_and_Others': 21, 'Lockdown': 12, 'Mass_Gatherings_Authorized_But_Others_Restricted': 30, 'No_Measure': 0, 'Restrict_Mass_Gatherings': 0, 'Restrict_Mass_Gatherings_and_Schools': 1, 'Restrict_Mass_Gatherings_and_Schools_and_Others': 41}"
robust,21,Netherlands__None,Netherlands,None,Europe,2020-07-03,1,113.0,5407.0,97.91011651562789,15.0,24.0,37.5,0.4018033387957188,"{'Authorize_Schools_but_Restrict_Mass_Gatherings_and_Others': 21, 'Lockdown': 12, 'Mass_Gatherings_Authorized_But_Others_Restricted': 30, 'No_Measure': 0, 'Restrict_Mass_Gatherings': 0, 'Restrict_Mass_Gatherings_and_Schools': 1, 'Restrict_Mass_Gatherings_and_Schools_and_Others': 41}"
robust,21,New_Zealand__None,New Zealand,None,Oceania,2020-07-03,1,598980.0,36.0,1663733.3333333333,2561.0,0.0,,0.4018033387957188,"{'Authorize_Schools_but_Restrict_Mass_Gatherings_and_Others': 21, 'Lockdown': 12, 'Mass_Gatherings_Authorized_But_Others_Restricted': 30, 'No_Measure': 0, 'Restrict_Mass_Gatherings': 0, 'Restrict_Mass_Gatherings_and_Schools': 1, 'Restrict_Mass_Gatherings_and_Schools_and_Others': 41}"
robust,22,Andorra__None,Andorra,None,Europe,2020-07-03,1,1.0,84.0,98.80952380952381,0.0,0.0,,0.4018033387957188,"{'Authorize_Schools_but_Restrict_Mass_Gatherings_and_Others': 20, 'Lockdown': 13, 'Mass_Gatherings_Authorized_But_Others_Restricted': 27, 'No_Measure': 0, 'Restrict_Mass_Gatherings': 0, 'Restrict_Mass_Gatherings_and_Schools': 1, 'Restrict_Mass_Gatherings_and_Schools_and_Others': 40}"
robust,22,Australia__South_Australia,Australia,South Australia,Oceania,2020-07-03,1,0.0,14.0,100.0,0.0,0.0,,0.4018033387957188,"{'Authorize_Schools_but_Restrict_Mass_Gatherings_and_Others': 20, 'Lockdown': 13, 'Mass_Gatherings_Authorized_But_Others_Restricted': 27, 'No_Measure': 0, 'Restrict_Mass_Gatherings': 0, 'Restrict_Mass_Gatherings_and_Schools': 1, 'Restrict_Mass_Gatherings_and_Schools_and_Others': 40}"
robust,22,Australia__Tasmania,Australia,Tasmania,Oceania,2020-07-03,1,0.0,1.0,100.0,0.0,0.0,,0.4018033387957188,"{'Authorize_Schools_but_Restrict_Mass_Gatherings_and_Others': 20, 'Lockdown': 13, 'Mass_Gatherings_Authorized_But_Others_Restricted': 27, 'No_Measure': 0, 'Restrict_Mass_Gatherings': 0, 'Restrict_Mass_Gatherings_and_Schools': 1, 'Restrict_Mass_Gatherings_and_Schools_and_Others': 40}"
robust,22,Australia__Victoria,Australia,Victoria,Oceania,2020-07-03,1,331.0,10499.0,96.84731879226594,4.0,142.0,97.1830985915493,0.4018033387957188,"{'Authorize_Schools_but_Restrict_Mass_Gatherings_and_Others': 20, 'Lockdown': 13, 'Mass_Gatherings_Authorized_But_Others_Restricted': 27, 'No_Measure': 0, 'Restrict_Mass_Gatherings': 0, 'Restrict_Mass_Gatherings_and_Schools': 1, 'Restrict_Mass_Gatherings_and_Schools_and_Others': 40}"
robust,22,Australia__Western_Australia,Australia,Western Australia,Oceania,2020-07-03,1,0.0,58.0,100.0,0.0,0.0,,0.4018033387957188,"{'Authorize_Schools_but_Restrict_Mass_Gatherings_and_Others': 20, 'Lockdown': 13, 'Mass_Gatherings_Authorized_But_Others_Restricted': 27, 'No_Measure': 0, 'Restrict_Mass_Gatherings': 0, 'Restrict_Mass_Gatherings_and_Schools': 1, 'Restrict_Mass_Gatherings_and_Schools_and_Others': 40}"
robust,22,Benin__None,Benin,None,Africa,2020-07-03,1,0.0,715.0,100.0,6.0,17.0,64.70588235294117,0.4018033387957188,"{'Authorize_Schools_but_Restrict_Mass_Gatherings_and_Others': 20, 'Lockdown': 13, 'Mass_Gatherings_Authorized_But_Others_Restricted': 27, 'No_Measure': 0, 'Restrict_Mass_Gatherings': 0, 'Restrict_Mass_Gatherings_and_Schools': 1, 'Restrict_Mass_Gatherings_and_Schools_and_Others': 40}"
robust,22,Congo_(Kinshasa)__None,Congo (Kinshasa),None,Africa,2020-07-03,1,3248.0,1799.0,80.54474708171206,63.0,33.0,90.9090909090909,0.4018033387957188,"{'Authorize_Schools_but_Restrict_Mass_Gatherings_and_Others': 20, 'Lockdown': 13, 'Mass_Gatherings_Authorized_But_Others_Restricted': 27, 'No_Measure': 0, 'Restrict_Mass_Gatherings': 0, 'Restrict_Mass_Gatherings_and_Schools': 1, 'Restrict_Mass_Gatherings_and_Schools_and_Others': 40}"
robust,22,Cote_d'Ivoire__None,Cote d'Ivoire,None,Africa,2020-07-03,1,5385.0,5831.0,7.648773795232379,44.0,31.0,41.935483870967744,0.4018033387957188,"{'Authorize_Schools_but_Restrict_Mass_Gatherings_and_Others': 20, 'Lockdown': 13, 'Mass_Gatherings_Authorized_But_Others_Restricted': 27, 'No_Measure': 0, 'Restrict_Mass_Gatherings': 0, 'Restrict_Mass_Gatherings_and_Schools': 1, 'Restrict_Mass_Gatherings_and_Schools_and_Others': 40}"
robust,22,Ecuador__None,Ecuador,None,South America,2020-07-03,1,14915.0,26428.0,43.56364461934312,1456.0,1039.0,40.13474494706448,0.4018033387957188,"{'Authorize_Schools_but_Restrict_Mass_Gatherings_and_Others': 20, 'Lockdown': 13, 'Mass_Gatherings_Authorized_But_Others_Restricted': 27, 'No_Measure': 0, 'Restrict_Mass_Gatherings': 0, 'Restrict_Mass_Gatherings_and_Schools': 1, 'Restrict_Mass_Gatherings_and_Schools_and_Others': 40}"
robust,22,Ethiopia__None,Ethiopia,None,Africa,2020-07-03,1,93153.0,14031.0,563.9084883472311,803.0,240.0,234.58333333333331,0.4018033387957188,"{'Authorize_Schools_but_Restrict_Mass_Gatherings_and_Others': 20, 'Lockdown': 13, 'Mass_Gatherings_Authorized_But_Others_Restricted': 27, 'No_Measure': 0, 'Restrict_Mass_Gatherings': 0, 'Restrict_Mass_Gatherings_and_Schools': 1, 'Restrict_Mass_Gatherings_and_Schools_and_Others': 40}"
robust,22,France__None,France,None,Europe,2020-07-03,1,5502.0,21259.0,74.119196575568,1202.0,368.0,226.6304347826087,0.4018033387957188,"{'Authorize_Schools_but_Restrict_Mass_Gatherings_and_Others': 20, 'Lockdown': 13, 'Mass_Gatherings_Authorized_But_Others_Restricted': 27, 'No_Measure': 0, 'Restrict_Mass_Gatherings': 0, 'Restrict_Mass_Gatherings_and_Schools': 1, 'Restrict_Mass_Gatherings_and_Schools_and_Others': 40}"
robust,22,Guatemala__None,Guatemala,None,North America,2020-07-03,1,30152.0,29864.0,0.964371818912403,1736.0,1117.0,55.416293643688455,0.4018033387957188,"{'Authorize_Schools_but_Restrict_Mass_Gatherings_and_Others': 20, 'Lockdown': 13, 'Mass_Gatherings_Authorized_But_Others_Restricted': 27, 'No_Measure': 0, 'Restrict_Mass_Gatherings': 0, 'Restrict_Mass_Gatherings_and_Schools': 1, 'Restrict_Mass_Gatherings_and_Schools_and_Others': 40}"
robust,22,Haiti__None,Haiti,None,North America,2020-07-03,1,969.0,1217.0,20.37797863599014,16.0,53.0,69.81132075471697,0.4018033387957188,"{'Authorize_Schools_but_Restrict_Mass_Gatherings_and_Others': 20, 'Lockdown': 13, 'Mass_Gatherings_Authorized_But_Others_Restricted': 27, 'No_Measure': 0, 'Restrict_Mass_Gatherings': 0, 'Restrict_Mass_Gatherings_and_Schools': 1, 'Restrict_Mass_Gatherings_and_Schools_and_Others': 40}"
robust,22,Hungary__None,Hungary,None,Europe,2020-07-03,1,2329.0,379.0,514.5118733509235,128.0,9.0,1322.2222222222222,0.4018033387957188,"{'Authorize_Schools_but_Restrict_Mass_Gatherings_and_Others': 20, 'Lockdown': 13, 'Mass_Gatherings_Authorized_But_Others_Restricted': 27, 'No_Measure': 0, 'Restrict_Mass_Gatherings': 0, 'Restrict_Mass_Gatherings_and_Schools': 1, 'Restrict_Mass_Gatherings_and_Schools_and_Others': 40}"
robust,22,India__None,India,None,Asia,2020-07-03,1,353669.0,1235089.0,71.36489759037607,10967.0,20527.0,46.57280654747406,0.4018033387957188,"{'Authorize_Schools_but_Restrict_Mass_Gatherings_and_Others': 20, 'Lockdown': 13, 'Mass_Gatherings_Authorized_But_Others_Restricted': 27, 'No_Measure': 0, 'Restrict_Mass_Gatherings': 0, 'Restrict_Mass_Gatherings_and_Schools': 1, 'Restrict_Mass_Gatherings_and_Schools_and_Others': 40}"
robust,22,Latvia__None,Latvia,None,Europe,2020-07-03,1,15.0,126.0,88.09523809523809,4.0,2.0,100.0,0.4018033387957188,"{'Authorize_Schools_but_Restrict_Mass_Gatherings_and_Others': 20, 'Lockdown': 13, 'Mass_Gatherings_Authorized_But_Others_Restricted': 27, 'No_Measure': 0, 'Restrict_Mass_Gatherings': 0, 'Restrict_Mass_Gatherings_and_Schools': 1, 'Restrict_Mass_Gatherings_and_Schools_and_Others': 40}"
robust,22,Lebanon__None,Lebanon,None,Asia,2020-07-03,1,371.0,3207.0,88.43155597131276,6.0,30.0,80.0,0.4018033387957188,"{'Authorize_Schools_but_Restrict_Mass_Gatherings_and_Others': 20, 'Lockdown': 13, 'Mass_Gatherings_Authorized_But_Others_Restricted': 27, 'No_Measure': 0, 'Restrict_Mass_Gatherings': 0, 'Restrict_Mass_Gatherings_and_Schools': 1, 'Restrict_Mass_Gatherings_and_Schools_and_Others': 40}"
robust,22,Liberia__None,Liberia,None,Africa,2020-07-03,1,431.0,347.0,24.207492795389047,14.0,41.0,65.85365853658537,0.4018033387957188,"{'Authorize_Schools_but_Restrict_Mass_Gatherings_and_Others': 20, 'Lockdown': 13, 'Mass_Gatherings_Authorized_But_Others_Restricted': 27, 'No_Measure': 0, 'Restrict_Mass_Gatherings': 0, 'Restrict_Mass_Gatherings_and_Schools': 1, 'Restrict_Mass_Gatherings_and_Schools_and_Others': 40}"
robust,22,Libya__None,Libya,None,Africa,2020-07-03,1,443.0,3235.0,86.30602782071097,19.0,69.0,72.46376811594203,0.4018033387957188,"{'Authorize_Schools_but_Restrict_Mass_Gatherings_and_Others': 20, 'Lockdown': 13, 'Mass_Gatherings_Authorized_But_Others_Restricted': 27, 'No_Measure': 0, 'Restrict_Mass_Gatherings': 0, 'Restrict_Mass_Gatherings_and_Schools': 1, 'Restrict_Mass_Gatherings_and_Schools_and_Others': 40}"
robust,22,Luxembourg__None,Luxembourg,None,Europe,2020-07-03,1,20.0,2441.0,99.18066366243343,2.0,8.0,75.0,0.4018033387957188,"{'Authorize_Schools_but_Restrict_Mass_Gatherings_and_Others': 20, 'Lockdown': 13, 'Mass_Gatherings_Authorized_But_Others_Restricted': 27, 'No_Measure': 0, 'Restrict_Mass_Gatherings': 0, 'Restrict_Mass_Gatherings_and_Schools': 1, 'Restrict_Mass_Gatherings_and_Schools_and_Others': 40}"
robust,22,Mongolia__None,Mongolia,None,Asia,2020-07-03,1,17.0,73.0,76.71232876712328,0.0,0.0,,0.4018033387957188,"{'Authorize_Schools_but_Restrict_Mass_Gatherings_and_Others': 20, 'Lockdown': 13, 'Mass_Gatherings_Authorized_But_Others_Restricted': 27, 'No_Measure': 0, 'Restrict_Mass_Gatherings': 0, 'Restrict_Mass_Gatherings_and_Schools': 1, 'Restrict_Mass_Gatherings_and_Schools_and_Others': 40}"
robust,23,Australia__Queensland,Australia,Queensland,Oceania,2020-07-03,1,0.0,21.0,100.0,0.0,0.0,,0.4769511112233234,"{'Authorize_Schools_but_Restrict_Mass_Gatherings_and_Others': 18, 'Lockdown': 15, 'Mass_Gatherings_Authorized_But_Others_Restricted': 29, 'No_Measure': 0, 'Restrict_Mass_Gatherings': 0, 'Restrict_Mass_Gatherings_and_Schools': 0, 'Restrict_Mass_Gatherings_and_Schools_and_Others': 40}"
robust,23,Bahrain__None,Bahrain,None,Asia,2020-07-03,1,8734.0,13275.0,34.207156308851225,45.0,55.0,18.181818181818183,0.4769511112233234,"{'Authorize_Schools_but_Restrict_Mass_Gatherings_and_Others': 18, 'Lockdown': 15, 'Mass_Gatherings_Authorized_But_Others_Restricted': 29, 'No_Measure': 0, 'Restrict_Mass_Gatherings': 0, 'Restrict_Mass_Gatherings_and_Schools': 0, 'Restrict_Mass_Gatherings_and_Schools_and_Others': 40}"
robust,23,Belarus__None,Belarus,None,Europe,2020-07-03,1,4608.0,4980.0,7.46987951807229,36.0,156.0,76.92307692307693,0.4769511112233234,"{'Authorize_Schools_but_Restrict_Mass_Gatherings_and_Others': 18, 'Lockdown': 15, 'Mass_Gatherings_Authorized_But_Others_Restricted': 29, 'No_Measure': 0, 'Restrict_Mass_Gatherings': 0, 'Restrict_Mass_Gatherings_and_Schools': 0, 'Restrict_Mass_Gatherings_and_Schools_and_Others': 40}"
robust,23,Belgium__None,Belgium,None,Europe,2020-07-03,1,399.0,8810.0,95.47105561861521,53.0,81.0,34.5679012345679,0.4769511112233234,"{'Authorize_Schools_but_Restrict_Mass_Gatherings_and_Others': 18, 'Lockdown': 15, 'Mass_Gatherings_Authorized_But_Others_Restricted': 29, 'No_Measure': 0, 'Restrict_Mass_Gatherings': 0, 'Restrict_Mass_Gatherings_and_Schools': 0, 'Restrict_Mass_Gatherings_and_Schools_and_Others': 40}"
robust,23,Burundi__None,Burundi,None,Africa,2020-07-03,1,39.0,204.0,80.88235294117648,0.0,0.0,,0.4769511112233234,"{'Authorize_Schools_but_Restrict_Mass_Gatherings_and_Others': 18, 'Lockdown': 15, 'Mass_Gatherings_Authorized_But_Others_Restricted': 29, 'No_Measure': 0, 'Restrict_Mass_Gatherings': 0, 'Restrict_Mass_Gatherings_and_Schools': 0, 'Restrict_Mass_Gatherings_and_Schools_and_Others': 40}"
robust,23,Canada__Ontario,Canada,Ontario,North America,2020-07-03,1,2448.0,3970.0,38.3375314861461,189.0,84.0,125.0,0.4769511112233234,"{'Authorize_Schools_but_Restrict_Mass_Gatherings_and_Others': 18, 'Lockdown': 15, 'Mass_Gatherings_Authorized_But_Others_Restricted': 29, 'No_Measure': 0, 'Restrict_Mass_Gatherings': 0, 'Restrict_Mass_Gatherings_and_Schools': 0, 'Restrict_Mass_Gatherings_and_Schools_and_Others': 40}"
robust,23,Canada__Saskatchewan,Canada,Saskatchewan,North America,2020-07-03,1,59.0,572.0,89.6853146853147,3.0,4.0,25.0,0.4769511112233234,"{'Authorize_Schools_but_Restrict_Mass_Gatherings_and_Others': 18, 'Lockdown': 15, 'Mass_Gatherings_Authorized_But_Others_Restricted': 29, 'No_Measure': 0, 'Restrict_Mass_Gatherings': 0, 'Restrict_Mass_Gatherings_and_Schools': 0, 'Restrict_Mass_Gatherings_and_Schools_and_Others': 40}"
robust,23,Central_African_Republic__None,Central African Republic,None,Africa,2020-07-03,1,686.0,649.0,5.701078582434515,13.0,11.0,18.181818181818183,0.4769511112233234,"{'Authorize_Schools_but_Restrict_Mass_Gatherings_and_Others': 18, 'Lockdown': 15, 'Mass_Gatherings_Authorized_But_Others_Restricted': 29, 'No_Measure': 0, 'Restrict_Mass_Gatherings': 0, 'Restrict_Mass_Gatherings_and_Schools': 0, 'Restrict_Mass_Gatherings_and_Schools_and_Others': 40}"
robust,23,Colombia__None,Colombia,None,South America,2020-07-03,1,71595.0,221590.0,67.69032898596508,2629.0,7373.0,64.34287264342873,0.4769511112233234,"{'Authorize_Schools_but_Restrict_Mass_Gatherings_and_Others': 18, 'Lockdown': 15, 'Mass_Gatherings_Authorized_But_Others_Restricted': 29, 'No_Measure': 0, 'Restrict_Mass_Gatherings': 0, 'Restrict_Mass_Gatherings_and_Schools': 0, 'Restrict_Mass_Gatherings_and_Schools_and_Others': 40}"
robust,23,Cuba__None,Cuba,None,North America,2020-07-03,1,258.0,332.0,22.289156626506024,6.0,2.0,200.0,0.4769511112233234,"{'Authorize_Schools_but_Restrict_Mass_Gatherings_and_Others': 18, 'Lockdown': 15, 'Mass_Gatherings_Authorized_But_Others_Restricted': 29, 'No_Measure': 0, 'Restrict_Mass_Gatherings': 0, 'Restrict_Mass_Gatherings_and_Schools': 0, 'Restrict_Mass_Gatherings_and_Schools_and_Others': 40}"
robust,23,Czechia__None,Czechia,None,Europe,2020-07-03,1,1133.0,4846.0,76.61989269500619,49.0,32.0,53.125,0.4769511112233234,"{'Authorize_Schools_but_Restrict_Mass_Gatherings_and_Others': 18, 'Lockdown': 15, 'Mass_Gatherings_Authorized_But_Others_Restricted': 29, 'No_Measure': 0, 'Restrict_Mass_Gatherings': 0, 'Restrict_Mass_Gatherings_and_Schools': 0, 'Restrict_Mass_Gatherings_and_Schools_and_Others': 40}"
robust,23,Ethiopia__None,Ethiopia,None,Africa,2020-07-03,1,113908.0,14031.0,711.8309457629534,942.0,240.0,292.5,0.4769511112233234,"{'Authorize_Schools_but_Restrict_Mass_Gatherings_and_Others': 18, 'Lockdown': 15, 'Mass_Gatherings_Authorized_But_Others_Restricted': 29, 'No_Measure': 0, 'Restrict_Mass_Gatherings': 0, 'Restrict_Mass_Gatherings_and_Schools': 0, 'Restrict_Mass_Gatherings_and_Schools_and_Others': 40}"
robust,23,Georgia__None,Georgia,None,Asia,2020-07-03,1,37.0,234.0,84.1880341880342,1.0,2.0,50.0,0.4769511112233234,"{'Authorize_Schools_but_Restrict_Mass_Gatherings_and_Others': 18, 'Lockdown': 15, 'Mass_Gatherings_Authorized_But_Others_Restricted': 29, 'No_Measure': 0, 'Restrict_Mass_Gatherings': 0, 'Restrict_Mass_Gatherings_and_Schools': 0, 'Restrict_Mass_Gatherings_and_Schools_and_Others': 40}"
robust,23,Ghana__None,Ghana,None,Africa,2020-07-03,1,9179.0,18424.0,50.179114198871034,72.0,74.0,2.7027027027027026,0.4769511112233234,"{'Authorize_Schools_but_Restrict_Mass_Gatherings_and_Others': 18, 'Lockdown': 15, 'Mass_Gatherings_Authorized_But_Others_Restricted': 29, 'No_Measure': 0, 'Restrict_Mass_Gatherings': 0, 'Restrict_Mass_Gatherings_and_Schools': 0, 'Restrict_Mass_Gatherings_and_Schools_and_Others': 40}"
robust,23,Guinea__None,Guinea,None,Africa,2020-07-03,1,19553.0,1919.0,918.9161021365294,107.0,14.0,664.2857142857143,0.4769511112233234,"{'Authorize_Schools_but_Restrict_Mass_Gatherings_and_Others': 18, 'Lockdown': 15, 'Mass_Gatherings_Authorized_But_Others_Restricted': 29, 'No_Measure': 0, 'Restrict_Mass_Gatherings': 0, 'Restrict_Mass_Gatherings_and_Schools': 0, 'Restrict_Mass_Gatherings_and_Schools_and_Others': 40}"
robust,23,Haiti__None,Haiti,None,North America,2020-07-03,1,1001.0,1217.0,17.748562037797864,17.0,53.0,67.9245283018868,0.4769511112233234,"{'Authorize_Schools_but_Restrict_Mass_Gatherings_and_Others': 18, 'Lockdown': 15, 'Mass_Gatherings_Authorized_But_Others_Restricted': 29, 'No_Measure': 0, 'Restrict_Mass_Gatherings': 0, 'Restrict_Mass_Gatherings_and_Schools': 0, 'Restrict_Mass_Gatherings_and_Schools_and_Others': 40}"
robust,23,Kosovo__None,Kosovo,None,Europe,2020-07-03,1,7135.0,6096.0,17.043963254593177,123.0,211.0,41.70616113744076,0.4769511112233234,"{'Authorize_Schools_but_Restrict_Mass_Gatherings_and_Others': 18, 'Lockdown': 15, 'Mass_Gatherings_Authorized_But_Others_Restricted': 29, 'No_Measure': 0, 'Restrict_Mass_Gatherings': 0, 'Restrict_Mass_Gatherings_and_Schools': 0, 'Restrict_Mass_Gatherings_and_Schools_and_Others': 40}"
robust,23,Liberia__None,Liberia,None,Africa,2020-07-03,1,453.0,347.0,30.547550432276655,15.0,41.0,63.41463414634146,0.4769511112233234,"{'Authorize_Schools_but_Restrict_Mass_Gatherings_and_Others': 18, 'Lockdown': 15, 'Mass_Gatherings_Authorized_But_Others_Restricted': 29, 'No_Measure': 0, 'Restrict_Mass_Gatherings': 0, 'Restrict_Mass_Gatherings_and_Schools': 0, 'Restrict_Mass_Gatherings_and_Schools_and_Others': 40}"
robust,23,Luxembourg__None,Luxembourg,None,Europe,2020-07-03,1,20.0,2441.0,99.18066366243343,2.0,8.0,75.0,0.4769511112233234,"{'Authorize_Schools_but_Restrict_Mass_Gatherings_and_Others': 18, 'Lockdown': 15, 'Mass_Gatherings_Authorized_But_Others_Restricted': 29, 'No_Measure': 0, 'Restrict_Mass_Gatherings': 0, 'Restrict_Mass_Gatherings_and_Schools': 0, 'Restrict_Mass_Gatherings_and_Schools_and_Others': 40}"
robust,23,Mongolia__None,Mongolia,None,Asia,2020-07-03,1,19.0,73.0,73.97260273972603,0.0,0.0,,0.4769511112233234,"{'Authorize_Schools_but_Restrict_Mass_Gatherings_and_Others': 18, 'Lockdown': 15, 'Mass_Gatherings_Authorized_But_Others_Restricted': 29, 'No_Measure': 0, 'Restrict_Mass_Gatherings': 0, 'Restrict_Mass_Gatherings_and_Schools': 0, 'Restrict_Mass_Gatherings_and_Schools_and_Others': 40}"
robust,23,Netherlands__None,Netherlands,None,Europe,2020-07-03,1,118.0,5407.0,97.81764379508046,15.0,24.0,37.5,0.4769511112233234,"{'Authorize_Schools_but_Restrict_Mass_Gatherings_and_Others': 18, 'Lockdown': 15, 'Mass_Gatherings_Authorized_But_Others_Restricted': 29, 'No_Measure': 0, 'Restrict_Mass_Gatherings': 0, 'Restrict_Mass_Gatherings_and_Schools': 0, 'Restrict_Mass_Gatherings_and_Schools_and_Others': 40}"
robust,24,Australia__Queensland,Australia,Queensland,Oceania,2020-07-03,1,0.0,21.0,100.0,0.0,0.0,,0.4018033387957188,"{'Authorize_Schools_but_Restrict_Mass_Gatherings_and_Others': 21, 'Lockdown': 17, 'Mass_Gatherings_Authorized_But_Others_Restricted': 27, 'No_Measure': 0, 'Restrict_Mass_Gatherings': 0, 'Restrict_Mass_Gatherings_and_Schools': 1, 'Restrict_Mass_Gatherings_and_Schools_and_Others': 40}"
robust,24,Australia__Tasmania,Australia,Tasmania,Oceania,2020-07-03,1,0.0,1.0,100.0,0.0,0.0,,0.4018033387957188,"{'Authorize_Schools_but_Restrict_Mass_Gatherings_and_Others': 21, 'Lockdown': 17, 'Mass_Gatherings_Authorized_But_Others_Restricted': 27, 'No_Measure': 0, 'Restrict_Mass_Gatherings': 0, 'Restrict_Mass_Gatherings_and_Schools': 1, 'Restrict_Mass_Gatherings_and_Schools_and_Others': 40}"
robust,24,Australia__Victoria,Australia,Victoria,Oceania,2020-07-03,1,339.0,10499.0,96.77112105914848,4.0,142.0,97.1830985915493,0.4018033387957188,"{'Authorize_Schools_but_Restrict_Mass_Gatherings_and_Others': 21, 'Lockdown': 17, 'Mass_Gatherings_Authorized_But_Others_Restricted': 27, 'No_Measure': 0, 'Restrict_Mass_Gatherings': 0, 'Restrict_Mass_Gatherings_and_Schools': 1, 'Restrict_Mass_Gatherings_and_Schools_and_Others': 40}"
robust,24,Australia__Western_Australia,Australia,Western Australia,Oceania,2020-07-03,1,0.0,58.0,100.0,0.0,0.0,,0.4018033387957188,"{'Authorize_Schools_but_Restrict_Mass_Gatherings_and_Others': 21, 'Lockdown': 17, 'Mass_Gatherings_Authorized_But_Others_Restricted': 27, 'No_Measure': 0, 'Restrict_Mass_Gatherings': 0, 'Restrict_Mass_Gatherings_and_Schools': 1, 'Restrict_Mass_Gatherings_and_Schools_and_Others': 40}"
robust,24,Bahrain__None,Bahrain,None,Asia,2020-07-03,1,7963.0,13275.0,40.015065913371004,43.0,55.0,21.818181818181817,0.4018033387957188,"{'Authorize_Schools_but_Restrict_Mass_Gatherings_and_Others': 21, 'Lockdown': 17, 'Mass_Gatherings_Authorized_But_Others_Restricted': 27, 'No_Measure': 0, 'Restrict_Mass_Gatherings': 0, 'Restrict_Mass_Gatherings_and_Schools': 1, 'Restrict_Mass_Gatherings_and_Schools_and_Others': 40}"
robust,24,Bulgaria__None,Bulgaria,None,Europe,2020-07-03,1,1924.0,6737.0,71.4412943446638,108.0,174.0,37.93103448275862,0.4018033387957188,"{'Authorize_Schools_but_Restrict_Mass_Gatherings_and_Others': 21, 'Lockdown': 17, 'Mass_Gatherings_Authorized_But_Others_Restricted': 27, 'No_Measure': 0, 'Restrict_Mass_Gatherings': 0, 'Restrict_Mass_Gatherings_and_Schools': 1, 'Restrict_Mass_Gatherings_and_Schools_and_Others': 40}"
robust,24,Burundi__None,Burundi,None,Africa,2020-07-03,1,40.0,204.0,80.3921568627451,0.0,0.0,,0.4018033387957188,"{'Authorize_Schools_but_Restrict_Mass_Gatherings_and_Others': 21, 'Lockdown': 17, 'Mass_Gatherings_Authorized_But_Others_Restricted': 27, 'No_Measure': 0, 'Restrict_Mass_Gatherings': 0, 'Restrict_Mass_Gatherings_and_Schools': 1, 'Restrict_Mass_Gatherings_and_Schools_and_Others': 40}"
robust,24,Canada__Alberta,Canada,Alberta,North America,2020-07-03,1,574407.0,2887.0,19796.328368548668,8080.0,46.0,17465.217391304348,0.4018033387957188,"{'Authorize_Schools_but_Restrict_Mass_Gatherings_and_Others': 21, 'Lockdown': 17, 'Mass_Gatherings_Authorized_But_Others_Restricted': 27, 'No_Measure': 0, 'Restrict_Mass_Gatherings': 0, 'Restrict_Mass_Gatherings_and_Schools': 1, 'Restrict_Mass_Gatherings_and_Schools_and_Others': 40}"
robust,24,Chile__None,Chile,None,South America,2020-07-03,1,85331.0,71115.0,19.990156788300638,5331.0,3553.0,50.04221784407543,0.4018033387957188,"{'Authorize_Schools_but_Restrict_Mass_Gatherings_and_Others': 21, 'Lockdown': 17, 'Mass_Gatherings_Authorized_But_Others_Restricted': 27, 'No_Measure': 0, 'Restrict_Mass_Gatherings': 0, 'Restrict_Mass_Gatherings_and_Schools': 1, 'Restrict_Mass_Gatherings_and_Schools_and_Others': 40}"
robust,24,Colombia__None,Colombia,None,South America,2020-07-03,1,66562.0,221590.0,69.96164086827022,2454.0,7373.0,66.71639766716397,0.4018033387957188,"{'Authorize_Schools_but_Restrict_Mass_Gatherings_and_Others': 21, 'Lockdown': 17, 'Mass_Gatherings_Authorized_But_Others_Restricted': 27, 'No_Measure': 0, 'Restrict_Mass_Gatherings': 0, 'Restrict_Mass_Gatherings_and_Schools': 1, 'Restrict_Mass_Gatherings_and_Schools_and_Others': 40}"
robust,24,Congo_(Kinshasa)__None,Congo (Kinshasa),None,Africa,2020-07-03,1,2767.0,1799.0,53.8076709282935,54.0,33.0,63.63636363636363,0.4018033387957188,"{'Authorize_Schools_but_Restrict_Mass_Gatherings_and_Others': 21, 'Lockdown': 17, 'Mass_Gatherings_Authorized_But_Others_Restricted': 27, 'No_Measure': 0, 'Restrict_Mass_Gatherings': 0, 'Restrict_Mass_Gatherings_and_Schools': 1, 'Restrict_Mass_Gatherings_and_Schools_and_Others': 40}"
robust,24,Costa_Rica__None,Costa Rica,None,North America,2020-07-03,1,3215.0,15216.0,78.87092534174553,26.0,163.0,84.04907975460122,0.4018033387957188,"{'Authorize_Schools_but_Restrict_Mass_Gatherings_and_Others': 21, 'Lockdown': 17, 'Mass_Gatherings_Authorized_But_Others_Restricted': 27, 'No_Measure': 0, 'Restrict_Mass_Gatherings': 0, 'Restrict_Mass_Gatherings_and_Schools': 1, 'Restrict_Mass_Gatherings_and_Schools_and_Others': 40}"
robust,24,Georgia__None,Georgia,None,Asia,2020-07-03,1,36.0,234.0,84.61538461538461,1.0,2.0,50.0,0.4018033387957188,"{'Authorize_Schools_but_Restrict_Mass_Gatherings_and_Others': 21, 'Lockdown': 17, 'Mass_Gatherings_Authorized_But_Others_Restricted': 27, 'No_Measure': 0, 'Restrict_Mass_Gatherings': 0, 'Restrict_Mass_Gatherings_and_Schools': 1, 'Restrict_Mass_Gatherings_and_Schools_and_Others': 40}"
robust,24,Germany__None,Germany,None,Europe,2020-07-03,1,5157.0,15630.0,67.00575815738964,370.0,143.0,158.74125874125875,0.4018033387957188,"{'Authorize_Schools_but_Restrict_Mass_Gatherings_and_Others': 21, 'Lockdown': 17, 'Mass_Gatherings_Authorized_But_Others_Restricted': 27, 'No_Measure': 0, 'Restrict_Mass_Gatherings': 0, 'Restrict_Mass_Gatherings_and_Schools': 1, 'Restrict_Mass_Gatherings_and_Schools_and_Others': 40}"
robust,24,Guinea__None,Guinea,None,Africa,2020-07-03,1,8189.0,1919.0,326.73267326732673,45.0,14.0,221.42857142857144,0.4018033387957188,"{'Authorize_Schools_but_Restrict_Mass_Gatherings_and_Others': 21, 'Lockdown': 17, 'Mass_Gatherings_Authorized_But_Others_Restricted': 27, 'No_Measure': 0, 'Restrict_Mass_Gatherings': 0, 'Restrict_Mass_Gatherings_and_Schools': 1, 'Restrict_Mass_Gatherings_and_Schools_and_Others': 40}"
robust,24,Liberia__None,Liberia,None,Africa,2020-07-03,1,403.0,347.0,16.138328530259365,14.0,41.0,65.85365853658537,0.4018033387957188,"{'Authorize_Schools_but_Restrict_Mass_Gatherings_and_Others': 21, 'Lockdown': 17, 'Mass_Gatherings_Authorized_But_Others_Restricted': 27, 'No_Measure': 0, 'Restrict_Mass_Gatherings': 0, 'Restrict_Mass_Gatherings_and_Schools': 1, 'Restrict_Mass_Gatherings_and_Schools_and_Others': 40}"
robust,24,Mauritius__None,Mauritius,None,Africa,2020-07-03,1,0.0,3.0,100.0,0.0,0.0,,0.4018033387957188,"{'Authorize_Schools_but_Restrict_Mass_Gatherings_and_Others': 21, 'Lockdown': 17, 'Mass_Gatherings_Authorized_But_Others_Restricted': 27, 'No_Measure': 0, 'Restrict_Mass_Gatherings': 0, 'Restrict_Mass_Gatherings_and_Schools': 1, 'Restrict_Mass_Gatherings_and_Schools_and_Others': 40}"
robust,24,Moldova__None,Moldova,None,Europe,2020-07-03,1,5184.0,8142.0,36.33014001473839,176.0,230.0,23.47826086956522,0.4018033387957188,"{'Authorize_Schools_but_Restrict_Mass_Gatherings_and_Others': 21, 'Lockdown': 17, 'Mass_Gatherings_Authorized_But_Others_Restricted': 27, 'No_Measure': 0, 'Restrict_Mass_Gatherings': 0, 'Restrict_Mass_Gatherings_and_Schools': 1, 'Restrict_Mass_Gatherings_and_Schools_and_Others': 40}"
robust,24,Mongolia__None,Mongolia,None,Asia,2020-07-03,1,13.0,73.0,82.1917808219178,0.0,0.0,,0.4018033387957188,"{'Authorize_Schools_but_Restrict_Mass_Gatherings_and_Others': 21, 'Lockdown': 17, 'Mass_Gatherings_Authorized_But_Others_Restricted': 27, 'No_Measure': 0, 'Restrict_Mass_Gatherings': 0, 'Restrict_Mass_Gatherings_and_Schools': 1, 'Restrict_Mass_Gatherings_and_Schools_and_Others': 40}"
robust,24,Niger__None,Niger,None,Africa,2020-07-03,1,80.0,70.0,14.285714285714285,6.0,1.0,500.0,0.4018033387957188,"{'Authorize_Schools_but_Restrict_Mass_Gatherings_and_Others': 21, 'Lockdown': 17, 'Mass_Gatherings_Authorized_But_Others_Restricted': 27, 'No_Measure': 0, 'Restrict_Mass_Gatherings': 0, 'Restrict_Mass_Gatherings_and_Schools': 1, 'Restrict_Mass_Gatherings_and_Schools_and_Others': 40}"
robust,24,Panama__None,Panama,None,North America,2020-07-03,1,15652.0,32441.0,51.75241207114454,278.0,802.0,65.33665835411472,0.4018033387957188,"{'Authorize_Schools_but_Restrict_Mass_Gatherings_and_Others': 21, 'Lockdown': 17, 'Mass_Gatherings_Authorized_But_Others_Restricted': 27, 'No_Measure': 0, 'Restrict_Mass_Gatherings': 0, 'Restrict_Mass_Gatherings_and_Schools': 1, 'Restrict_Mass_Gatherings_and_Schools_and_Others': 40}"
robust,25,Austria__None,Austria,None,Europe,2020-07-03,1,768761.0,3316.0,23083.3835946924,5649.0,14.0,40250.0,0.40969515594870864,"{'Authorize_Schools_but_Restrict_Mass_Gatherings_and_Others': 18, 'Lockdown': 15, 'Mass_Gatherings_Authorized_But_Others_Restricted': 28, 'No_Measure': 0, 'Restrict_Mass_Gatherings': 0, 'Restrict_Mass_Gatherings_and_Schools': 1, 'Restrict_Mass_Gatherings_and_Schools_and_Others': 42}"
robust,25,Belgium__None,Belgium,None,Europe,2020-07-03,1,489.0,8810.0,94.4494892167991,60.0,81.0,25.925925925925924,0.40969515594870864,"{'Authorize_Schools_but_Restrict_Mass_Gatherings_and_Others': 18, 'Lockdown': 15, 'Mass_Gatherings_Authorized_But_Others_Restricted': 28, 'No_Measure': 0, 'Restrict_Mass_Gatherings': 0, 'Restrict_Mass_Gatherings_and_Schools': 1, 'Restrict_Mass_Gatherings_and_Schools_and_Others': 42}"
robust,25,Brazil__None,Brazil,None,South America,2020-07-03,1,563691.0,1224917.0,53.98129016088436,23254.0,31554.0,26.304113583063955,0.40969515594870864,"{'Authorize_Schools_but_Restrict_Mass_Gatherings_and_Others': 18, 'Lockdown': 15, 'Mass_Gatherings_Authorized_But_Others_Restricted': 28, 'No_Measure': 0, 'Restrict_Mass_Gatherings': 0, 'Restrict_Mass_Gatherings_and_Schools': 1, 'Restrict_Mass_Gatherings_and_Schools_and_Others': 42}"
robust,25,Canada__Alberta,Canada,Alberta,North America,2020-07-03,1,532782.0,2887.0,18354.520263249047,7261.0,46.0,15684.782608695654,0.40969515594870864,"{'Authorize_Schools_but_Restrict_Mass_Gatherings_and_Others': 18, 'Lockdown': 15, 'Mass_Gatherings_Authorized_But_Others_Restricted': 28, 'No_Measure': 0, 'Restrict_Mass_Gatherings': 0, 'Restrict_Mass_Gatherings_and_Schools': 1, 'Restrict_Mass_Gatherings_and_Schools_and_Others': 42}"
robust,25,Canada__New_Brunswick,Canada,New Brunswick,North America,2020-07-03,1,211.0,5.0,4120.0,0.0,0.0,,0.40969515594870864,"{'Authorize_Schools_but_Restrict_Mass_Gatherings_and_Others': 18, 'Lockdown': 15, 'Mass_Gatherings_Authorized_But_Others_Restricted': 28, 'No_Measure': 0, 'Restrict_Mass_Gatherings': 0, 'Restrict_Mass_Gatherings_and_Schools': 1, 'Restrict_Mass_Gatherings_and_Schools_and_Others': 42}"
robust,25,Canada__Quebec,Canada,Quebec,North America,2020-07-03,1,751.0,4061.0,81.50701797586801,219.0,119.0,84.03361344537815,0.40969515594870864,"{'Authorize_Schools_but_Restrict_Mass_Gatherings_and_Others': 18, 'Lockdown': 15, 'Mass_Gatherings_Authorized_But_Others_Restricted': 28, 'No_Measure': 0, 'Restrict_Mass_Gatherings': 0, 'Restrict_Mass_Gatherings_and_Schools': 1, 'Restrict_Mass_Gatherings_and_Schools_and_Others': 42}"
robust,25,Colombia__None,Colombia,None,South America,2020-07-03,1,69142.0,221590.0,68.79732839929599,2544.0,7373.0,65.49572765495728,0.40969515594870864,"{'Authorize_Schools_but_Restrict_Mass_Gatherings_and_Others': 18, 'Lockdown': 15, 'Mass_Gatherings_Authorized_But_Others_Restricted': 28, 'No_Measure': 0, 'Restrict_Mass_Gatherings': 0, 'Restrict_Mass_Gatherings_and_Schools': 1, 'Restrict_Mass_Gatherings_and_Schools_and_Others': 42}"
robust,25,Ecuador__None,Ecuador,None,South America,2020-07-03,1,15200.0,26428.0,42.48524292417134,1468.0,1039.0,41.28970163618864,0.40969515594870864,"{'Authorize_Schools_but_Restrict_Mass_Gatherings_and_Others': 18, 'Lockdown': 15, 'Mass_Gatherings_Authorized_But_Others_Restricted': 28, 'No_Measure': 0, 'Restrict_Mass_Gatherings': 0, 'Restrict_Mass_Gatherings_and_Schools': 1, 'Restrict_Mass_Gatherings_and_Schools_and_Others': 42}"
robust,25,Egypt__None,Egypt,None,Africa,2020-07-03,1,37520.0,20717.0,81.1073031809625,1569.0,1632.0,3.860294117647059,0.40969515594870864,"{'Authorize_Schools_but_Restrict_Mass_Gatherings_and_Others': 18, 'Lockdown': 15, 'Mass_Gatherings_Authorized_But_Others_Restricted': 28, 'No_Measure': 0, 'Restrict_Mass_Gatherings': 0, 'Restrict_Mass_Gatherings_and_Schools': 1, 'Restrict_Mass_Gatherings_and_Schools_and_Others': 42}"
robust,25,Ethiopia__None,Ethiopia,None,Africa,2020-07-03,1,73231.0,14031.0,421.922885040268,666.0,240.0,177.5,0.40969515594870864,"{'Authorize_Schools_but_Restrict_Mass_Gatherings_and_Others': 18, 'Lockdown': 15, 'Mass_Gatherings_Authorized_But_Others_Restricted': 28, 'No_Measure': 0, 'Restrict_Mass_Gatherings': 0, 'Restrict_Mass_Gatherings_and_Schools': 1, 'Restrict_Mass_Gatherings_and_Schools_and_Others': 42}"
robust,25,France__None,France,None,Europe,2020-07-03,1,5766.0,21259.0,72.8773695846465,1230.0,368.0,234.23913043478262,0.40969515594870864,"{'Authorize_Schools_but_Restrict_Mass_Gatherings_and_Others': 18, 'Lockdown': 15, 'Mass_Gatherings_Authorized_But_Others_Restricted': 28, 'No_Measure': 0, 'Restrict_Mass_Gatherings': 0, 'Restrict_Mass_Gatherings_and_Schools': 1, 'Restrict_Mass_Gatherings_and_Schools_and_Others': 42}"
robust,25,Georgia__None,Georgia,None,Asia,2020-07-03,1,40.0,234.0,82.90598290598291,1.0,2.0,50.0,0.40969515594870864,"{'Authorize_Schools_but_Restrict_Mass_Gatherings_and_Others': 18, 'Lockdown': 15, 'Mass_Gatherings_Authorized_But_Others_Restricted': 28, 'No_Measure': 0, 'Restrict_Mass_Gatherings': 0, 'Restrict_Mass_Gatherings_and_Schools': 1, 'Restrict_Mass_Gatherings_and_Schools_and_Others': 42}"
robust,25,Ghana__None,Ghana,None,Africa,2020-07-03,1,8145.0,18424.0,55.79135909683022,67.0,74.0,9.45945945945946,0.40969515594870864,"{'Authorize_Schools_but_Restrict_Mass_Gatherings_and_Others': 18, 'Lockdown': 15, 'Mass_Gatherings_Authorized_But_Others_Restricted': 28, 'No_Measure': 0, 'Restrict_Mass_Gatherings': 0, 'Restrict_Mass_Gatherings_and_Schools': 1, 'Restrict_Mass_Gatherings_and_Schools_and_Others': 42}"
robust,25,"Korea,_South__None","Korea, South",None,Asia,2020-07-03,1,26.0,1365.0,98.09523809523809,3.0,19.0,84.21052631578947,0.40969515594870864,"{'Authorize_Schools_but_Restrict_Mass_Gatherings_and_Others': 18, 'Lockdown': 15, 'Mass_Gatherings_Authorized_But_Others_Restricted': 28, 'No_Measure': 0, 'Restrict_Mass_Gatherings': 0, 'Restrict_Mass_Gatherings_and_Schools': 1, 'Restrict_Mass_Gatherings_and_Schools_and_Others': 42}"
robust,25,Lebanon__None,Lebanon,None,Asia,2020-07-03,1,365.0,3207.0,88.61864671032117,6.0,30.0,80.0,0.40969515594870864,"{'Authorize_Schools_but_Restrict_Mass_Gatherings_and_Others': 18, 'Lockdown': 15, 'Mass_Gatherings_Authorized_But_Others_Restricted': 28, 'No_Measure': 0, 'Restrict_Mass_Gatherings': 0, 'Restrict_Mass_Gatherings_and_Schools': 1, 'Restrict_Mass_Gatherings_and_Schools_and_Others': 42}"
robust,25,Malaysia__None,Malaysia,None,Asia,2020-07-03,1,215.0,344.0,37.5,2.0,4.0,50.0,0.40969515594870864,"{'Authorize_Schools_but_Restrict_Mass_Gatherings_and_Others': 18, 'Lockdown': 15, 'Mass_Gatherings_Authorized_But_Others_Restricted': 28, 'No_Measure': 0, 'Restrict_Mass_Gatherings': 0, 'Restrict_Mass_Gatherings_and_Schools': 1, 'Restrict_Mass_Gatherings_and_Schools_and_Others': 42}"
robust,25,Namibia__None,Namibia,None,Africa,2020-07-03,1,817.0,2095.0,61.002386634844875,6.0,12.0,50.0,0.40969515594870864,"{'Authorize_Schools_but_Restrict_Mass_Gatherings_and_Others': 18, 'Lockdown': 15, 'Mass_Gatherings_Authorized_But_Others_Restricted': 28, 'No_Measure': 0, 'Restrict_Mass_Gatherings': 0, 'Restrict_Mass_Gatherings_and_Schools': 1, 'Restrict_Mass_Gatherings_and_Schools_and_Others': 42}"
robust,25,Netherlands__None,Netherlands,None,Europe,2020-07-03,1,127.0,5407.0,97.65119289809506,16.0,24.0,33.33333333333333,0.40969515594870864,"{'Authorize_Schools_but_Restrict_Mass_Gatherings_and_Others': 18, 'Lockdown': 15, 'Mass_Gatherings_Authorized_But_Others_Restricted': 28, 'No_Measure': 0, 'Restrict_Mass_Gatherings': 0, 'Restrict_Mass_Gatherings_and_Schools': 1, 'Restrict_Mass_Gatherings_and_Schools_and_Others': 42}"
robust,25,New_Zealand__None,New Zealand,None,Oceania,2020-07-03,1,606911.0,36.0,1685763.888888889,2633.0,0.0,,0.40969515594870864,"{'Authorize_Schools_but_Restrict_Mass_Gatherings_and_Others': 18, 'Lockdown': 15, 'Mass_Gatherings_Authorized_But_Others_Restricted': 28, 'No_Measure': 0, 'Restrict_Mass_Gatherings': 0, 'Restrict_Mass_Gatherings_and_Schools': 1, 'Restrict_Mass_Gatherings_and_Schools_and_Others': 42}"
robust,25,Nicaragua__None,Nicaragua,None,North America,2020-07-03,1,604.0,1383.0,56.326825741142436,15.0,40.0,62.5,0.40969515594870864,"{'Authorize_Schools_but_Restrict_Mass_Gatherings_and_Others': 18, 'Lockdown': 15, 'Mass_Gatherings_Authorized_But_Others_Restricted': 28, 'No_Measure': 0, 'Restrict_Mass_Gatherings': 0, 'Restrict_Mass_Gatherings_and_Schools': 1, 'Restrict_Mass_Gatherings_and_Schools_and_Others': 42}"
robust,25,Norway__None,Norway,None,Europe,2020-07-03,1,359483.0,436.0,82350.22935779816,2271.0,5.0,45320.0,0.40969515594870864,"{'Authorize_Schools_but_Restrict_Mass_Gatherings_and_Others': 18, 'Lockdown': 15, 'Mass_Gatherings_Authorized_But_Others_Restricted': 28, 'No_Measure': 0, 'Restrict_Mass_Gatherings': 0, 'Restrict_Mass_Gatherings_and_Schools': 1, 'Restrict_Mass_Gatherings_and_Schools_and_Others': 42}"
robust,26,Albania__None,Albania,None,Europe,2020-07-03,1,1020.0,2931.0,65.19959058341863,19.0,102.0,81.37254901960785,0.3544949562100602,"{'Authorize_Schools_but_Restrict_Mass_Gatherings_and_Others': 21, 'Lockdown': 15, 'Mass_Gatherings_Authorized_But_Others_Restricted': 29, 'No_Measure': 0, 'Restrict_Mass_Gatherings': 0, 'Restrict_Mass_Gatherings_and_Schools': 1, 'Restrict_Mass_Gatherings_and_Schools_and_Others': 37}"
robust,26,Angola__None,Angola,None,Africa,2020-07-03,1,351.0,998.0,64.82965931863728,14.0,40.0,65.0,0.3544949562100602,"{'Authorize_Schools_but_Restrict_Mass_Gatherings_and_Others': 21, 'Lockdown': 15, 'Mass_Gatherings_Authorized_But_Others_Restricted': 29, 'No_Measure': 0, 'Restrict_Mass_Gatherings': 0, 'Restrict_Mass_Gatherings_and_Schools': 1, 'Restrict_Mass_Gatherings_and_Schools_and_Others': 37}"
robust,26,Australia__Australian_Capital_Territory,Australia,Australian Capital Territory,Oceania,2020-07-03,1,0.0,5.0,100.0,0.0,0.0,,0.3544949562100602,"{'Authorize_Schools_but_Restrict_Mass_Gatherings_and_Others': 21, 'Lockdown': 15, 'Mass_Gatherings_Authorized_But_Others_Restricted': 29, 'No_Measure': 0, 'Restrict_Mass_Gatherings': 0, 'Restrict_Mass_Gatherings_and_Schools': 1, 'Restrict_Mass_Gatherings_and_Schools_and_Others': 37}"
robust,26,Bahrain__None,Bahrain,None,Asia,2020-07-03,1,7678.0,13275.0,42.16195856873823,42.0,55.0,23.636363636363637,0.3544949562100602,"{'Authorize_Schools_but_Restrict_Mass_Gatherings_and_Others': 21, 'Lockdown': 15, 'Mass_Gatherings_Authorized_But_Others_Restricted': 29, 'No_Measure': 0, 'Restrict_Mass_Gatherings': 0, 'Restrict_Mass_Gatherings_and_Schools': 1, 'Restrict_Mass_Gatherings_and_Schools_and_Others': 37}"
robust,26,Bangladesh__None,Bangladesh,None,Asia,2020-07-03,1,60070.0,84341.0,28.777225785798127,726.0,1237.0,41.30962004850445,0.3544949562100602,"{'Authorize_Schools_but_Restrict_Mass_Gatherings_and_Others': 21, 'Lockdown': 15, 'Mass_Gatherings_Authorized_But_Others_Restricted': 29, 'No_Measure': 0, 'Restrict_Mass_Gatherings': 0, 'Restrict_Mass_Gatherings_and_Schools': 1, 'Restrict_Mass_Gatherings_and_Schools_and_Others': 37}"
robust,26,Burkina_Faso__None,Burkina Faso,None,Africa,2020-07-03,1,79.0,166.0,52.40963855421686,2.0,1.0,100.0,0.3544949562100602,"{'Authorize_Schools_but_Restrict_Mass_Gatherings_and_Others': 21, 'Lockdown': 15, 'Mass_Gatherings_Authorized_But_Others_Restricted': 29, 'No_Measure': 0, 'Restrict_Mass_Gatherings': 0, 'Restrict_Mass_Gatherings_and_Schools': 1, 'Restrict_Mass_Gatherings_and_Schools_and_Others': 37}"
robust,26,Canada__British_Columbia,Canada,British Columbia,North America,2020-07-03,1,85.0,840.0,89.88095238095238,9.0,18.0,50.0,0.3544949562100602,"{'Authorize_Schools_but_Restrict_Mass_Gatherings_and_Others': 21, 'Lockdown': 15, 'Mass_Gatherings_Authorized_But_Others_Restricted': 29, 'No_Measure': 0, 'Restrict_Mass_Gatherings': 0, 'Restrict_Mass_Gatherings_and_Schools': 1, 'Restrict_Mass_Gatherings_and_Schools_and_Others': 37}"
robust,26,Canada__Manitoba,Canada,Manitoba,North America,2020-07-03,1,6.0,118.0,94.91525423728814,0.0,1.0,100.0,0.3544949562100602,"{'Authorize_Schools_but_Restrict_Mass_Gatherings_and_Others': 21, 'Lockdown': 15, 'Mass_Gatherings_Authorized_But_Others_Restricted': 29, 'No_Measure': 0, 'Restrict_Mass_Gatherings': 0, 'Restrict_Mass_Gatherings_and_Schools': 1, 'Restrict_Mass_Gatherings_and_Schools_and_Others': 37}"
robust,26,Chad__None,Chad,None,Africa,2020-07-03,1,3.0,67.0,95.52238805970148,0.0,1.0,100.0,0.3544949562100602,"{'Authorize_Schools_but_Restrict_Mass_Gatherings_and_Others': 21, 'Lockdown': 15, 'Mass_Gatherings_Authorized_But_Others_Restricted': 29, 'No_Measure': 0, 'Restrict_Mass_Gatherings': 0, 'Restrict_Mass_Gatherings_and_Schools': 1, 'Restrict_Mass_Gatherings_and_Schools_and_Others': 37}"
robust,26,Costa_Rica__None,Costa Rica,None,North America,2020-07-03,1,3087.0,15216.0,79.71214511041009,26.0,163.0,84.04907975460122,0.3544949562100602,"{'Authorize_Schools_but_Restrict_Mass_Gatherings_and_Others': 21, 'Lockdown': 15, 'Mass_Gatherings_Authorized_But_Others_Restricted': 29, 'No_Measure': 0, 'Restrict_Mass_Gatherings': 0, 'Restrict_Mass_Gatherings_and_Schools': 1, 'Restrict_Mass_Gatherings_and_Schools_and_Others': 37}"
robust,26,Cote_d'Ivoire__None,Cote d'Ivoire,None,Africa,2020-07-03,1,5228.0,5831.0,10.341279368890413,43.0,31.0,38.70967741935484,0.3544949562100602,"{'Authorize_Schools_but_Restrict_Mass_Gatherings_and_Others': 21, 'Lockdown': 15, 'Mass_Gatherings_Authorized_But_Others_Restricted': 29, 'No_Measure': 0, 'Restrict_Mass_Gatherings': 0, 'Restrict_Mass_Gatherings_and_Schools': 1, 'Restrict_Mass_Gatherings_and_Schools_and_Others': 37}"
robust,26,Croatia__None,Croatia,None,Europe,2020-07-03,1,514.0,2224.0,76.88848920863309,14.0,41.0,65.85365853658537,0.3544949562100602,"{'Authorize_Schools_but_Restrict_Mass_Gatherings_and_Others': 21, 'Lockdown': 15, 'Mass_Gatherings_Authorized_But_Others_Restricted': 29, 'No_Measure': 0, 'Restrict_Mass_Gatherings': 0, 'Restrict_Mass_Gatherings_and_Schools': 1, 'Restrict_Mass_Gatherings_and_Schools_and_Others': 37}"
robust,26,Ecuador__None,Ecuador,None,South America,2020-07-03,1,15056.0,26428.0,43.03011957015287,1462.0,1039.0,40.712223291626565,0.3544949562100602,"{'Authorize_Schools_but_Restrict_Mass_Gatherings_and_Others': 21, 'Lockdown': 15, 'Mass_Gatherings_Authorized_But_Others_Restricted': 29, 'No_Measure': 0, 'Restrict_Mass_Gatherings': 0, 'Restrict_Mass_Gatherings_and_Schools': 1, 'Restrict_Mass_Gatherings_and_Schools_and_Others': 37}"
robust,26,Hungary__None,Hungary,None,Europe,2020-07-03,1,1410.0,379.0,272.03166226912924,88.0,9.0,877.7777777777778,0.3544949562100602,"{'Authorize_Schools_but_Restrict_Mass_Gatherings_and_Others': 21, 'Lockdown': 15, 'Mass_Gatherings_Authorized_But_Others_Restricted': 29, 'No_Measure': 0, 'Restrict_Mass_Gatherings': 0, 'Restrict_Mass_Gatherings_and_Schools': 1, 'Restrict_Mass_Gatherings_and_Schools_and_Others': 37}"
robust,26,"Korea,_South__None","Korea, South",None,Asia,2020-07-03,1,26.0,1365.0,98.09523809523809,3.0,19.0,84.21052631578947,0.3544949562100602,"{'Authorize_Schools_but_Restrict_Mass_Gatherings_and_Others': 21, 'Lockdown': 15, 'Mass_Gatherings_Authorized_But_Others_Restricted': 29, 'No_Measure': 0, 'Restrict_Mass_Gatherings': 0, 'Restrict_Mass_Gatherings_and_Schools': 1, 'Restrict_Mass_Gatherings_and_Schools_and_Others': 37}"
robust,26,Latvia__None,Latvia,None,Europe,2020-07-03,1,13.0,126.0,89.68253968253968,4.0,2.0,100.0,0.3544949562100602,"{'Authorize_Schools_but_Restrict_Mass_Gatherings_and_Others': 21, 'Lockdown': 15, 'Mass_Gatherings_Authorized_But_Others_Restricted': 29, 'No_Measure': 0, 'Restrict_Mass_Gatherings': 0, 'Restrict_Mass_Gatherings_and_Schools': 1, 'Restrict_Mass_Gatherings_and_Schools_and_Others': 37}"
robust,26,Malaysia__None,Malaysia,None,Asia,2020-07-03,1,191.0,344.0,44.47674418604651,2.0,4.0,50.0,0.3544949562100602,"{'Authorize_Schools_but_Restrict_Mass_Gatherings_and_Others': 21, 'Lockdown': 15, 'Mass_Gatherings_Authorized_But_Others_Restricted': 29, 'No_Measure': 0, 'Restrict_Mass_Gatherings': 0, 'Restrict_Mass_Gatherings_and_Schools': 1, 'Restrict_Mass_Gatherings_and_Schools_and_Others': 37}"
robust,26,Mexico__None,Mexico,None,North America,2020-07-03,1,109825.0,197796.0,44.47562134724666,18371.0,18503.0,0.713397827379344,0.3544949562100602,"{'Authorize_Schools_but_Restrict_Mass_Gatherings_and_Others': 21, 'Lockdown': 15, 'Mass_Gatherings_Authorized_But_Others_Restricted': 29, 'No_Measure': 0, 'Restrict_Mass_Gatherings': 0, 'Restrict_Mass_Gatherings_and_Schools': 1, 'Restrict_Mass_Gatherings_and_Schools_and_Others': 37}"
robust,26,Nepal__None,Nepal,None,Asia,2020-07-03,1,121866.0,5518.0,2108.5175788329107,277.0,24.0,1054.1666666666665,0.3544949562100602,"{'Authorize_Schools_but_Restrict_Mass_Gatherings_and_Others': 21, 'Lockdown': 15, 'Mass_Gatherings_Authorized_But_Others_Restricted': 29, 'No_Measure': 0, 'Restrict_Mass_Gatherings': 0, 'Restrict_Mass_Gatherings_and_Schools': 1, 'Restrict_Mass_Gatherings_and_Schools_and_Others': 37}"
robust,26,Norway__None,Norway,None,Europe,2020-07-03,1,142384.0,436.0,32556.880733944956,851.0,5.0,16920.0,0.3544949562100602,"{'Authorize_Schools_but_Restrict_Mass_Gatherings_and_Others': 21, 'Lockdown': 15, 'Mass_Gatherings_Authorized_But_Others_Restricted': 29, 'No_Measure': 0, 'Restrict_Mass_Gatherings': 0, 'Restrict_Mass_Gatherings_and_Schools': 1, 'Restrict_Mass_Gatherings_and_Schools_and_Others': 37}"
robust,26,Oman__None,Oman,None,Asia,2020-07-03,1,20077.0,34053.0,41.0419052653217,92.0,218.0,57.798165137614674,0.3544949562100602,"{'Authorize_Schools_but_Restrict_Mass_Gatherings_and_Others': 21, 'Lockdown': 15, 'Mass_Gatherings_Authorized_But_Others_Restricted': 29, 'No_Measure': 0, 'Restrict_Mass_Gatherings': 0, 'Restrict_Mass_Gatherings_and_Schools': 1, 'Restrict_Mass_Gatherings_and_Schools_and_Others': 37}"
robust,27,Afghanistan__None,Afghanistan,None,Asia,2020-07-03,1,33807.0,4111.0,722.3546582340064,668.0,462.0,44.58874458874459,0.3380567333147651,"{'Authorize_Schools_but_Restrict_Mass_Gatherings_and_Others': 18, 'Lockdown': 13, 'Mass_Gatherings_Authorized_But_Others_Restricted': 31, 'No_Measure': 0, 'Restrict_Mass_Gatherings': 0, 'Restrict_Mass_Gatherings_and_Schools': 1, 'Restrict_Mass_Gatherings_and_Schools_and_Others': 39}"
robust,27,Bahrain__None,Bahrain,None,Asia,2020-07-03,1,8418.0,13275.0,36.58757062146893,44.0,55.0,20.0,0.3380567333147651,"{'Authorize_Schools_but_Restrict_Mass_Gatherings_and_Others': 18, 'Lockdown': 13, 'Mass_Gatherings_Authorized_But_Others_Restricted': 31, 'No_Measure': 0, 'Restrict_Mass_Gatherings': 0, 'Restrict_Mass_Gatherings_and_Schools': 1, 'Restrict_Mass_Gatherings_and_Schools_and_Others': 39}"
robust,27,Bangladesh__None,Bangladesh,None,Asia,2020-07-03,1,66948.0,84341.0,20.62223592321647,806.0,1237.0,34.84236054971706,0.3380567333147651,"{'Authorize_Schools_but_Restrict_Mass_Gatherings_and_Others': 18, 'Lockdown': 13, 'Mass_Gatherings_Authorized_But_Others_Restricted': 31, 'No_Measure': 0, 'Restrict_Mass_Gatherings': 0, 'Restrict_Mass_Gatherings_and_Schools': 1, 'Restrict_Mass_Gatherings_and_Schools_and_Others': 39}"
robust,27,Benin__None,Benin,None,Africa,2020-07-03,1,0.0,715.0,100.0,6.0,17.0,64.70588235294117,0.3380567333147651,"{'Authorize_Schools_but_Restrict_Mass_Gatherings_and_Others': 18, 'Lockdown': 13, 'Mass_Gatherings_Authorized_But_Others_Restricted': 31, 'No_Measure': 0, 'Restrict_Mass_Gatherings': 0, 'Restrict_Mass_Gatherings_and_Schools': 1, 'Restrict_Mass_Gatherings_and_Schools_and_Others': 39}"
robust,27,Bolivia__None,Bolivia,None,South America,2020-07-03,1,21553.0,45290.0,52.411128284389484,692.0,1942.0,64.36663233779608,0.3380567333147651,"{'Authorize_Schools_but_Restrict_Mass_Gatherings_and_Others': 18, 'Lockdown': 13, 'Mass_Gatherings_Authorized_But_Others_Restricted': 31, 'No_Measure': 0, 'Restrict_Mass_Gatherings': 0, 'Restrict_Mass_Gatherings_and_Schools': 1, 'Restrict_Mass_Gatherings_and_Schools_and_Others': 39}"
robust,27,Canada__British_Columbia,Canada,British Columbia,North America,2020-07-03,1,85.0,840.0,89.88095238095238,9.0,18.0,50.0,0.3380567333147651,"{'Authorize_Schools_but_Restrict_Mass_Gatherings_and_Others': 18, 'Lockdown': 13, 'Mass_Gatherings_Authorized_But_Others_Restricted': 31, 'No_Measure': 0, 'Restrict_Mass_Gatherings': 0, 'Restrict_Mass_Gatherings_and_Schools': 1, 'Restrict_Mass_Gatherings_and_Schools_and_Others': 39}"
robust,27,Colombia__None,Colombia,None,South America,2020-07-03,1,69538.0,221590.0,68.61861997382553,2558.0,7373.0,65.30584565305846,0.3380567333147651,"{'Authorize_Schools_but_Restrict_Mass_Gatherings_and_Others': 18, 'Lockdown': 13, 'Mass_Gatherings_Authorized_But_Others_Restricted': 31, 'No_Measure': 0, 'Restrict_Mass_Gatherings': 0, 'Restrict_Mass_Gatherings_and_Schools': 1, 'Restrict_Mass_Gatherings_and_Schools_and_Others': 39}"
robust,27,Cote_d'Ivoire__None,Cote d'Ivoire,None,Africa,2020-07-03,1,5109.0,5831.0,12.382095695421027,42.0,31.0,35.483870967741936,0.3380567333147651,"{'Authorize_Schools_but_Restrict_Mass_Gatherings_and_Others': 18, 'Lockdown': 13, 'Mass_Gatherings_Authorized_But_Others_Restricted': 31, 'No_Measure': 0, 'Restrict_Mass_Gatherings': 0, 'Restrict_Mass_Gatherings_and_Schools': 1, 'Restrict_Mass_Gatherings_and_Schools_and_Others': 39}"
robust,27,Denmark__None,Denmark,None,Europe,2020-07-03,1,320.0,1241.0,74.2143432715552,15.0,10.0,50.0,0.3380567333147651,"{'Authorize_Schools_but_Restrict_Mass_Gatherings_and_Others': 18, 'Lockdown': 13, 'Mass_Gatherings_Authorized_But_Others_Restricted': 31, 'No_Measure': 0, 'Restrict_Mass_Gatherings': 0, 'Restrict_Mass_Gatherings_and_Schools': 1, 'Restrict_Mass_Gatherings_and_Schools_and_Others': 39}"
robust,27,Finland__None,Finland,None,Europe,2020-07-03,1,374.0,235.0,59.148936170212764,14.0,2.0,600.0,0.3380567333147651,"{'Authorize_Schools_but_Restrict_Mass_Gatherings_and_Others': 18, 'Lockdown': 13, 'Mass_Gatherings_Authorized_But_Others_Restricted': 31, 'No_Measure': 0, 'Restrict_Mass_Gatherings': 0, 'Restrict_Mass_Gatherings_and_Schools': 1, 'Restrict_Mass_Gatherings_and_Schools_and_Others': 39}"
robust,27,Gabon__None,Gabon,None,Africa,2020-07-03,1,1566.0,2026.0,22.704837117472852,15.0,7.0,114.28571428571428,0.3380567333147651,"{'Authorize_Schools_but_Restrict_Mass_Gatherings_and_Others': 18, 'Lockdown': 13, 'Mass_Gatherings_Authorized_But_Others_Restricted': 31, 'No_Measure': 0, 'Restrict_Mass_Gatherings': 0, 'Restrict_Mass_Gatherings_and_Schools': 1, 'Restrict_Mass_Gatherings_and_Schools_and_Others': 39}"
robust,27,Ghana__None,Ghana,None,Africa,2020-07-03,1,8305.0,18424.0,54.922926617455495,67.0,74.0,9.45945945945946,0.3380567333147651,"{'Authorize_Schools_but_Restrict_Mass_Gatherings_and_Others': 18, 'Lockdown': 13, 'Mass_Gatherings_Authorized_But_Others_Restricted': 31, 'No_Measure': 0, 'Restrict_Mass_Gatherings': 0, 'Restrict_Mass_Gatherings_and_Schools': 1, 'Restrict_Mass_Gatherings_and_Schools_and_Others': 39}"
robust,27,Iceland__None,Iceland,None,Europe,2020-07-03,1,58336.0,88.0,66190.90909090909,327.0,0.0,,0.3380567333147651,"{'Authorize_Schools_but_Restrict_Mass_Gatherings_and_Others': 18, 'Lockdown': 13, 'Mass_Gatherings_Authorized_But_Others_Restricted': 31, 'No_Measure': 0, 'Restrict_Mass_Gatherings': 0, 'Restrict_Mass_Gatherings_and_Schools': 1, 'Restrict_Mass_Gatherings_and_Schools_and_Others': 39}"
robust,27,India__None,India,None,Asia,2020-07-03,1,309057.0,1235089.0,74.97694498129285,9613.0,20527.0,53.168996930871536,0.3380567333147651,"{'Authorize_Schools_but_Restrict_Mass_Gatherings_and_Others': 18, 'Lockdown': 13, 'Mass_Gatherings_Authorized_But_Others_Restricted': 31, 'No_Measure': 0, 'Restrict_Mass_Gatherings': 0, 'Restrict_Mass_Gatherings_and_Schools': 1, 'Restrict_Mass_Gatherings_and_Schools_and_Others': 39}"
robust,27,Luxembourg__None,Luxembourg,None,Europe,2020-07-03,1,19.0,2441.0,99.22163047931176,2.0,8.0,75.0,0.3380567333147651,"{'Authorize_Schools_but_Restrict_Mass_Gatherings_and_Others': 18, 'Lockdown': 13, 'Mass_Gatherings_Authorized_But_Others_Restricted': 31, 'No_Measure': 0, 'Restrict_Mass_Gatherings': 0, 'Restrict_Mass_Gatherings_and_Schools': 1, 'Restrict_Mass_Gatherings_and_Schools_and_Others': 39}"
robust,27,Malaysia__None,Malaysia,None,Asia,2020-07-03,1,218.0,344.0,36.627906976744185,2.0,4.0,50.0,0.3380567333147651,"{'Authorize_Schools_but_Restrict_Mass_Gatherings_and_Others': 18, 'Lockdown': 13, 'Mass_Gatherings_Authorized_But_Others_Restricted': 31, 'No_Measure': 0, 'Restrict_Mass_Gatherings': 0, 'Restrict_Mass_Gatherings_and_Schools': 1, 'Restrict_Mass_Gatherings_and_Schools_and_Others': 39}"
robust,27,Malta__None,Malta,None,Europe,2020-07-03,1,15.0,218.0,93.11926605504587,1.0,0.0,,0.3380567333147651,"{'Authorize_Schools_but_Restrict_Mass_Gatherings_and_Others': 18, 'Lockdown': 13, 'Mass_Gatherings_Authorized_But_Others_Restricted': 31, 'No_Measure': 0, 'Restrict_Mass_Gatherings': 0, 'Restrict_Mass_Gatherings_and_Schools': 1, 'Restrict_Mass_Gatherings_and_Schools_and_Others': 39}"
robust,27,Moldova__None,Moldova,None,Europe,2020-07-03,1,5322.0,8142.0,34.6352247605011,179.0,230.0,22.17391304347826,0.3380567333147651,"{'Authorize_Schools_but_Restrict_Mass_Gatherings_and_Others': 18, 'Lockdown': 13, 'Mass_Gatherings_Authorized_But_Others_Restricted': 31, 'No_Measure': 0, 'Restrict_Mass_Gatherings': 0, 'Restrict_Mass_Gatherings_and_Schools': 1, 'Restrict_Mass_Gatherings_and_Schools_and_Others': 39}"
robust,27,Mozambique__None,Mozambique,None,Africa,2020-07-03,1,184.0,1060.0,82.64150943396227,4.0,8.0,50.0,0.3380567333147651,"{'Authorize_Schools_but_Restrict_Mass_Gatherings_and_Others': 18, 'Lockdown': 13, 'Mass_Gatherings_Authorized_But_Others_Restricted': 31, 'No_Measure': 0, 'Restrict_Mass_Gatherings': 0, 'Restrict_Mass_Gatherings_and_Schools': 1, 'Restrict_Mass_Gatherings_and_Schools_and_Others': 39}"
robust,27,Nicaragua__None,Nicaragua,None,North America,2020-07-03,1,565.0,1383.0,59.1467823571945,14.0,40.0,65.0,0.3380567333147651,"{'Authorize_Schools_but_Restrict_Mass_Gatherings_and_Others': 18, 'Lockdown': 13, 'Mass_Gatherings_Authorized_But_Others_Restricted': 31, 'No_Measure': 0, 'Restrict_Mass_Gatherings': 0, 'Restrict_Mass_Gatherings_and_Schools': 1, 'Restrict_Mass_Gatherings_and_Schools_and_Others': 39}"
robust,27,Nigeria__None,Nigeria,None,Africa,2020-07-03,1,11573.0,16266.0,28.851592278372063,257.0,276.0,6.884057971014493,0.3380567333147651,"{'Authorize_Schools_but_Restrict_Mass_Gatherings_and_Others': 18, 'Lockdown': 13, 'Mass_Gatherings_Authorized_But_Others_Restricted': 31, 'No_Measure': 0, 'Restrict_Mass_Gatherings': 0, 'Restrict_Mass_Gatherings_and_Schools': 1, 'Restrict_Mass_Gatherings_and_Schools_and_Others': 39}"
robust,28,Albania__None,Albania,None,Europe,2020-07-03,1,1152.0,2931.0,60.69600818833163,22.0,102.0,78.43137254901961,0.47705985922806143,"{'Authorize_Schools_but_Restrict_Mass_Gatherings_and_Others': 17, 'Lockdown': 16, 'Mass_Gatherings_Authorized_But_Others_Restricted': 31, 'No_Measure': 0, 'Restrict_Mass_Gatherings': 0, 'Restrict_Mass_Gatherings_and_Schools': 1, 'Restrict_Mass_Gatherings_and_Schools_and_Others': 41}"
robust,28,Andorra__None,Andorra,None,Europe,2020-07-03,1,1.0,84.0,98.80952380952381,0.0,0.0,,0.47705985922806143,"{'Authorize_Schools_but_Restrict_Mass_Gatherings_and_Others': 17, 'Lockdown': 16, 'Mass_Gatherings_Authorized_But_Others_Restricted': 31, 'No_Measure': 0, 'Restrict_Mass_Gatherings': 0, 'Restrict_Mass_Gatherings_and_Schools': 1, 'Restrict_Mass_Gatherings_and_Schools_and_Others': 41}"
robust,28,Australia__Queensland,Australia,Queensland,Oceania,2020-07-03,1,0.0,21.0,100.0,0.0,0.0,,0.47705985922806143,"{'Authorize_Schools_but_Restrict_Mass_Gatherings_and_Others': 17, 'Lockdown': 16, 'Mass_Gatherings_Authorized_But_Others_Restricted': 31, 'No_Measure': 0, 'Restrict_Mass_Gatherings': 0, 'Restrict_Mass_Gatherings_and_Schools': 1, 'Restrict_Mass_Gatherings_and_Schools_and_Others': 41}"
robust,28,Belarus__None,Belarus,None,Europe,2020-07-03,1,5445.0,4980.0,9.33734939759036,41.0,156.0,73.71794871794873,0.47705985922806143,"{'Authorize_Schools_but_Restrict_Mass_Gatherings_and_Others': 17, 'Lockdown': 16, 'Mass_Gatherings_Authorized_But_Others_Restricted': 31, 'No_Measure': 0, 'Restrict_Mass_Gatherings': 0, 'Restrict_Mass_Gatherings_and_Schools': 1, 'Restrict_Mass_Gatherings_and_Schools_and_Others': 41}"
robust,28,Belgium__None,Belgium,None,Europe,2020-07-03,1,825.0,8810.0,90.6356413166856,88.0,81.0,8.641975308641975,0.47705985922806143,"{'Authorize_Schools_but_Restrict_Mass_Gatherings_and_Others': 17, 'Lockdown': 16, 'Mass_Gatherings_Authorized_But_Others_Restricted': 31, 'No_Measure': 0, 'Restrict_Mass_Gatherings': 0, 'Restrict_Mass_Gatherings_and_Schools': 1, 'Restrict_Mass_Gatherings_and_Schools_and_Others': 41}"
robust,28,Bolivia__None,Bolivia,None,South America,2020-07-03,1,31260.0,45290.0,30.97814086994922,992.0,1942.0,48.918640576725025,0.47705985922806143,"{'Authorize_Schools_but_Restrict_Mass_Gatherings_and_Others': 17, 'Lockdown': 16, 'Mass_Gatherings_Authorized_But_Others_Restricted': 31, 'No_Measure': 0, 'Restrict_Mass_Gatherings': 0, 'Restrict_Mass_Gatherings_and_Schools': 1, 'Restrict_Mass_Gatherings_and_Schools_and_Others': 41}"
robust,28,Burkina_Faso__None,Burkina Faso,None,Africa,2020-07-03,1,97.0,166.0,41.566265060240966,3.0,1.0,200.0,0.47705985922806143,"{'Authorize_Schools_but_Restrict_Mass_Gatherings_and_Others': 17, 'Lockdown': 16, 'Mass_Gatherings_Authorized_But_Others_Restricted': 31, 'No_Measure': 0, 'Restrict_Mass_Gatherings': 0, 'Restrict_Mass_Gatherings_and_Schools': 1, 'Restrict_Mass_Gatherings_and_Schools_and_Others': 41}"
robust,28,Cambodia__None,Cambodia,None,Asia,2020-07-03,1,26.0,102.0,74.50980392156863,0.0,0.0,,0.47705985922806143,"{'Authorize_Schools_but_Restrict_Mass_Gatherings_and_Others': 17, 'Lockdown': 16, 'Mass_Gatherings_Authorized_But_Others_Restricted': 31, 'No_Measure': 0, 'Restrict_Mass_Gatherings': 0, 'Restrict_Mass_Gatherings_and_Schools': 1, 'Restrict_Mass_Gatherings_and_Schools_and_Others': 41}"
robust,28,Cameroon__None,Cameroon,None,Africa,2020-07-03,1,7532.0,5126.0,46.93718298868513,162.0,78.0,107.6923076923077,0.47705985922806143,"{'Authorize_Schools_but_Restrict_Mass_Gatherings_and_Others': 17, 'Lockdown': 16, 'Mass_Gatherings_Authorized_But_Others_Restricted': 31, 'No_Measure': 0, 'Restrict_Mass_Gatherings': 0, 'Restrict_Mass_Gatherings_and_Schools': 1, 'Restrict_Mass_Gatherings_and_Schools_and_Others': 41}"
robust,28,Cyprus__None,Cyprus,None,Europe,2020-07-03,1,45.0,178.0,74.71910112359551,1.0,0.0,,0.47705985922806143,"{'Authorize_Schools_but_Restrict_Mass_Gatherings_and_Others': 17, 'Lockdown': 16, 'Mass_Gatherings_Authorized_But_Others_Restricted': 31, 'No_Measure': 0, 'Restrict_Mass_Gatherings': 0, 'Restrict_Mass_Gatherings_and_Schools': 1, 'Restrict_Mass_Gatherings_and_Schools_and_Others': 41}"
robust,28,Denmark__None,Denmark,None,Europe,2020-07-03,1,330.0,1241.0,73.40854149879131,16.0,10.0,60.0,0.47705985922806143,"{'Authorize_Schools_but_Restrict_Mass_Gatherings_and_Others': 17, 'Lockdown': 16, 'Mass_Gatherings_Authorized_But_Others_Restricted': 31, 'No_Measure': 0, 'Restrict_Mass_Gatherings': 0, 'Restrict_Mass_Gatherings_and_Schools': 1, 'Restrict_Mass_Gatherings_and_Schools_and_Others': 41}"
robust,28,France__None,France,None,Europe,2020-07-03,1,6682.0,21259.0,68.5686062373583,1325.0,368.0,260.05434782608694,0.47705985922806143,"{'Authorize_Schools_but_Restrict_Mass_Gatherings_and_Others': 17, 'Lockdown': 16, 'Mass_Gatherings_Authorized_But_Others_Restricted': 31, 'No_Measure': 0, 'Restrict_Mass_Gatherings': 0, 'Restrict_Mass_Gatherings_and_Schools': 1, 'Restrict_Mass_Gatherings_and_Schools_and_Others': 41}"
robust,28,Hungary__None,Hungary,None,Europe,2020-07-03,1,10879.0,379.0,2770.448548812665,451.0,9.0,4911.111111111111,0.47705985922806143,"{'Authorize_Schools_but_Restrict_Mass_Gatherings_and_Others': 17, 'Lockdown': 16, 'Mass_Gatherings_Authorized_But_Others_Restricted': 31, 'No_Measure': 0, 'Restrict_Mass_Gatherings': 0, 'Restrict_Mass_Gatherings_and_Schools': 1, 'Restrict_Mass_Gatherings_and_Schools_and_Others': 41}"
robust,28,Indonesia__None,Indonesia,None,Asia,2020-07-03,1,20714.0,52914.0,60.853460331859246,946.0,2299.0,58.85167464114832,0.47705985922806143,"{'Authorize_Schools_but_Restrict_Mass_Gatherings_and_Others': 17, 'Lockdown': 16, 'Mass_Gatherings_Authorized_But_Others_Restricted': 31, 'No_Measure': 0, 'Restrict_Mass_Gatherings': 0, 'Restrict_Mass_Gatherings_and_Schools': 1, 'Restrict_Mass_Gatherings_and_Schools_and_Others': 41}"
robust,28,Lithuania__None,Lithuania,None,Europe,2020-07-03,1,36.0,306.0,88.23529411764706,3.0,1.0,200.0,0.47705985922806143,"{'Authorize_Schools_but_Restrict_Mass_Gatherings_and_Others': 17, 'Lockdown': 16, 'Mass_Gatherings_Authorized_But_Others_Restricted': 31, 'No_Measure': 0, 'Restrict_Mass_Gatherings': 0, 'Restrict_Mass_Gatherings_and_Schools': 1, 'Restrict_Mass_Gatherings_and_Schools_and_Others': 41}"
robust,28,Malawi__None,Malawi,None,Africa,2020-07-03,1,1225.0,2748.0,55.42212518195051,23.0,111.0,79.27927927927928,0.47705985922806143,"{'Authorize_Schools_but_Restrict_Mass_Gatherings_and_Others': 17, 'Lockdown': 16, 'Mass_Gatherings_Authorized_But_Others_Restricted': 31, 'No_Measure': 0, 'Restrict_Mass_Gatherings': 0, 'Restrict_Mass_Gatherings_and_Schools': 1, 'Restrict_Mass_Gatherings_and_Schools_and_Others': 41}"
robust,28,Mauritius__None,Mauritius,None,Africa,2020-07-03,1,0.0,3.0,100.0,0.0,0.0,,0.47705985922806143,"{'Authorize_Schools_but_Restrict_Mass_Gatherings_and_Others': 17, 'Lockdown': 16, 'Mass_Gatherings_Authorized_But_Others_Restricted': 31, 'No_Measure': 0, 'Restrict_Mass_Gatherings': 0, 'Restrict_Mass_Gatherings_and_Schools': 1, 'Restrict_Mass_Gatherings_and_Schools_and_Others': 41}"
robust,28,Mexico__None,Mexico,None,North America,2020-07-03,1,162018.0,197796.0,18.088333434447613,23103.0,18503.0,24.860833378371076,0.47705985922806143,"{'Authorize_Schools_but_Restrict_Mass_Gatherings_and_Others': 17, 'Lockdown': 16, 'Mass_Gatherings_Authorized_But_Others_Restricted': 31, 'No_Measure': 0, 'Restrict_Mass_Gatherings': 0, 'Restrict_Mass_Gatherings_and_Schools': 1, 'Restrict_Mass_Gatherings_and_Schools_and_Others': 41}"
robust,28,Monaco__None,Monaco,None,Europe,2020-07-03,1,15.0,17.0,11.76470588235294,1.0,0.0,,0.47705985922806143,"{'Authorize_Schools_but_Restrict_Mass_Gatherings_and_Others': 17, 'Lockdown': 16, 'Mass_Gatherings_Authorized_But_Others_Restricted': 31, 'No_Measure': 0, 'Restrict_Mass_Gatherings': 0, 'Restrict_Mass_Gatherings_and_Schools': 1, 'Restrict_Mass_Gatherings_and_Schools_and_Others': 41}"
robust,28,Nepal__None,Nepal,None,Asia,2020-07-03,1,167726.0,5518.0,2939.615802827111,378.0,24.0,1475.0,0.47705985922806143,"{'Authorize_Schools_but_Restrict_Mass_Gatherings_and_Others': 17, 'Lockdown': 16, 'Mass_Gatherings_Authorized_But_Others_Restricted': 31, 'No_Measure': 0, 'Restrict_Mass_Gatherings': 0, 'Restrict_Mass_Gatherings_and_Schools': 1, 'Restrict_Mass_Gatherings_and_Schools_and_Others': 41}"
robust,28,Netherlands__None,Netherlands,None,Europe,2020-07-03,1,157.0,5407.0,97.09635657481043,19.0,24.0,20.833333333333336,0.47705985922806143,"{'Authorize_Schools_but_Restrict_Mass_Gatherings_and_Others': 17, 'Lockdown': 16, 'Mass_Gatherings_Authorized_But_Others_Restricted': 31, 'No_Measure': 0, 'Restrict_Mass_Gatherings': 0, 'Restrict_Mass_Gatherings_and_Schools': 1, 'Restrict_Mass_Gatherings_and_Schools_and_Others': 41}"
robust,29,Algeria__None,Algeria,None,Africa,2020-07-03,1,2696.0,17004.0,84.14490708068689,140.0,302.0,53.64238410596026,0.40969515594870864,"{'Authorize_Schools_but_Restrict_Mass_Gatherings_and_Others': 21, 'Lockdown': 16, 'Mass_Gatherings_Authorized_But_Others_Restricted': 27, 'No_Measure': 0, 'Restrict_Mass_Gatherings': 0, 'Restrict_Mass_Gatherings_and_Schools': 1, 'Restrict_Mass_Gatherings_and_Schools_and_Others': 41}"
robust,29,Australia__Tasmania,Australia,Tasmania,Oceania,2020-07-03,1,0.0,1.0,100.0,0.0,0.0,,0.40969515594870864,"{'Authorize_Schools_but_Restrict_Mass_Gatherings_and_Others': 21, 'Lockdown': 16, 'Mass_Gatherings_Authorized_But_Others_Restricted': 27, 'No_Measure': 0, 'Restrict_Mass_Gatherings': 0, 'Restrict_Mass_Gatherings_and_Schools': 1, 'Restrict_Mass_Gatherings_and_Schools_and_Others': 41}"
robust,29,Australia__Victoria,Australia,Victoria,Oceania,2020-07-03,1,340.0,10499.0,96.76159634250881,4.0,142.0,97.1830985915493,0.40969515594870864,"{'Authorize_Schools_but_Restrict_Mass_Gatherings_and_Others': 21, 'Lockdown': 16, 'Mass_Gatherings_Authorized_But_Others_Restricted': 27, 'No_Measure': 0, 'Restrict_Mass_Gatherings': 0, 'Restrict_Mass_Gatherings_and_Schools': 1, 'Restrict_Mass_Gatherings_and_Schools_and_Others': 41}"
robust,29,Canada__Alberta,Canada,Alberta,North America,2020-07-03,1,580021.0,2887.0,19990.786283339105,8195.0,46.0,17715.217391304348,0.40969515594870864,"{'Authorize_Schools_but_Restrict_Mass_Gatherings_and_Others': 21, 'Lockdown': 16, 'Mass_Gatherings_Authorized_But_Others_Restricted': 27, 'No_Measure': 0, 'Restrict_Mass_Gatherings': 0, 'Restrict_Mass_Gatherings_and_Schools': 1, 'Restrict_Mass_Gatherings_and_Schools_and_Others': 41}"
robust,29,Canada__Newfoundland_and_Labrador,Canada,Newfoundland and Labrador,North America,2020-07-03,1,0.0,5.0,100.0,0.0,0.0,,0.40969515594870864,"{'Authorize_Schools_but_Restrict_Mass_Gatherings_and_Others': 21, 'Lockdown': 16, 'Mass_Gatherings_Authorized_But_Others_Restricted': 27, 'No_Measure': 0, 'Restrict_Mass_Gatherings': 0, 'Restrict_Mass_Gatherings_and_Schools': 1, 'Restrict_Mass_Gatherings_and_Schools_and_Others': 41}"
robust,29,Canada__Nova_Scotia,Canada,Nova Scotia,North America,2020-07-03,1,172874.0,7.0,2469528.5714285714,5004.0,1.0,500300.0,0.40969515594870864,"{'Authorize_Schools_but_Restrict_Mass_Gatherings_and_Others': 21, 'Lockdown': 16, 'Mass_Gatherings_Authorized_But_Others_Restricted': 27, 'No_Measure': 0, 'Restrict_Mass_Gatherings': 0, 'Restrict_Mass_Gatherings_and_Schools': 1, 'Restrict_Mass_Gatherings_and_Schools_and_Others': 41}"
robust,29,Canada__Saskatchewan,Canada,Saskatchewan,North America,2020-07-03,1,61.0,572.0,89.33566433566433,3.0,4.0,25.0,0.40969515594870864,"{'Authorize_Schools_but_Restrict_Mass_Gatherings_and_Others': 21, 'Lockdown': 16, 'Mass_Gatherings_Authorized_But_Others_Restricted': 27, 'No_Measure': 0, 'Restrict_Mass_Gatherings': 0, 'Restrict_Mass_Gatherings_and_Schools': 1, 'Restrict_Mass_Gatherings_and_Schools_and_Others': 41}"
robust,29,Chad__None,Chad,None,Africa,2020-07-03,1,4.0,67.0,94.02985074626866,0.0,1.0,100.0,0.40969515594870864,"{'Authorize_Schools_but_Restrict_Mass_Gatherings_and_Others': 21, 'Lockdown': 16, 'Mass_Gatherings_Authorized_But_Others_Restricted': 27, 'No_Measure': 0, 'Restrict_Mass_Gatherings': 0, 'Restrict_Mass_Gatherings_and_Schools': 1, 'Restrict_Mass_Gatherings_and_Schools_and_Others': 41}"
robust,29,Congo_(Kinshasa)__None,Congo (Kinshasa),None,Africa,2020-07-03,1,3331.0,1799.0,85.15842134519177,65.0,33.0,96.96969696969697,0.40969515594870864,"{'Authorize_Schools_but_Restrict_Mass_Gatherings_and_Others': 21, 'Lockdown': 16, 'Mass_Gatherings_Authorized_But_Others_Restricted': 27, 'No_Measure': 0, 'Restrict_Mass_Gatherings': 0, 'Restrict_Mass_Gatherings_and_Schools': 1, 'Restrict_Mass_Gatherings_and_Schools_and_Others': 41}"
robust,29,Croatia__None,Croatia,None,Europe,2020-07-03,1,1716.0,2224.0,22.841726618705035,25.0,41.0,39.02439024390244,0.40969515594870864,"{'Authorize_Schools_but_Restrict_Mass_Gatherings_and_Others': 21, 'Lockdown': 16, 'Mass_Gatherings_Authorized_But_Others_Restricted': 27, 'No_Measure': 0, 'Restrict_Mass_Gatherings': 0, 'Restrict_Mass_Gatherings_and_Schools': 1, 'Restrict_Mass_Gatherings_and_Schools_and_Others': 41}"
robust,29,Djibouti__None,Djibouti,None,Africa,2020-07-03,1,969.0,512.0,89.2578125,41.0,4.0,925.0,0.40969515594870864,"{'Authorize_Schools_but_Restrict_Mass_Gatherings_and_Others': 21, 'Lockdown': 16, 'Mass_Gatherings_Authorized_But_Others_Restricted': 27, 'No_Measure': 0, 'Restrict_Mass_Gatherings': 0, 'Restrict_Mass_Gatherings_and_Schools': 1, 'Restrict_Mass_Gatherings_and_Schools_and_Others': 41}"
robust,29,El_Salvador__None,El Salvador,None,North America,2020-07-03,1,4116.0,10755.0,61.72942817294281,208.0,276.0,24.637681159420293,0.40969515594870864,"{'Authorize_Schools_but_Restrict_Mass_Gatherings_and_Others': 21, 'Lockdown': 16, 'Mass_Gatherings_Authorized_But_Others_Restricted': 27, 'No_Measure': 0, 'Restrict_Mass_Gatherings': 0, 'Restrict_Mass_Gatherings_and_Schools': 1, 'Restrict_Mass_Gatherings_and_Schools_and_Others': 41}"
robust,29,Estonia__None,Estonia,None,Europe,2020-07-03,1,9.0,98.0,90.81632653061224,0.0,-6.0,,0.40969515594870864,"{'Authorize_Schools_but_Restrict_Mass_Gatherings_and_Others': 21, 'Lockdown': 16, 'Mass_Gatherings_Authorized_But_Others_Restricted': 27, 'No_Measure': 0, 'Restrict_Mass_Gatherings': 0, 'Restrict_Mass_Gatherings_and_Schools': 1, 'Restrict_Mass_Gatherings_and_Schools_and_Others': 41}"
robust,29,Ethiopia__None,Ethiopia,None,Africa,2020-07-03,1,104036.0,14031.0,641.4724538521845,877.0,240.0,265.4166666666667,0.40969515594870864,"{'Authorize_Schools_but_Restrict_Mass_Gatherings_and_Others': 21, 'Lockdown': 16, 'Mass_Gatherings_Authorized_But_Others_Restricted': 27, 'No_Measure': 0, 'Restrict_Mass_Gatherings': 0, 'Restrict_Mass_Gatherings_and_Schools': 1, 'Restrict_Mass_Gatherings_and_Schools_and_Others': 41}"
robust,29,Gabon__None,Gabon,None,Africa,2020-07-03,1,2275.0,2026.0,12.290227048371175,20.0,7.0,185.71428571428572,0.40969515594870864,"{'Authorize_Schools_but_Restrict_Mass_Gatherings_and_Others': 21, 'Lockdown': 16, 'Mass_Gatherings_Authorized_But_Others_Restricted': 27, 'No_Measure': 0, 'Restrict_Mass_Gatherings': 0, 'Restrict_Mass_Gatherings_and_Schools': 1, 'Restrict_Mass_Gatherings_and_Schools_and_Others': 41}"
robust,29,Germany__None,Germany,None,Europe,2020-07-03,1,5237.0,15630.0,66.49392194497761,372.0,143.0,160.13986013986013,0.40969515594870864,"{'Authorize_Schools_but_Restrict_Mass_Gatherings_and_Others': 21, 'Lockdown': 16, 'Mass_Gatherings_Authorized_But_Others_Restricted': 27, 'No_Measure': 0, 'Restrict_Mass_Gatherings': 0, 'Restrict_Mass_Gatherings_and_Schools': 1, 'Restrict_Mass_Gatherings_and_Schools_and_Others': 41}"
robust,29,Latvia__None,Latvia,None,Europe,2020-07-03,1,15.0,126.0,88.09523809523809,4.0,2.0,100.0,0.40969515594870864,"{'Authorize_Schools_but_Restrict_Mass_Gatherings_and_Others': 21, 'Lockdown': 16, 'Mass_Gatherings_Authorized_But_Others_Restricted': 27, 'No_Measure': 0, 'Restrict_Mass_Gatherings': 0, 'Restrict_Mass_Gatherings_and_Schools': 1, 'Restrict_Mass_Gatherings_and_Schools_and_Others': 41}"
robust,29,Madagascar__None,Madagascar,None,Africa,2020-07-03,1,15618.0,9167.0,70.37198647321915,73.0,94.0,22.340425531914892,0.40969515594870864,"{'Authorize_Schools_but_Restrict_Mass_Gatherings_and_Others': 21, 'Lockdown': 16, 'Mass_Gatherings_Authorized_But_Others_Restricted': 27, 'No_Measure': 0, 'Restrict_Mass_Gatherings': 0, 'Restrict_Mass_Gatherings_and_Schools': 1, 'Restrict_Mass_Gatherings_and_Schools_and_Others': 41}"
robust,29,Malaysia__None,Malaysia,None,Asia,2020-07-03,1,226.0,344.0,34.30232558139535,3.0,4.0,25.0,0.40969515594870864,"{'Authorize_Schools_but_Restrict_Mass_Gatherings_and_Others': 21, 'Lockdown': 16, 'Mass_Gatherings_Authorized_But_Others_Restricted': 27, 'No_Measure': 0, 'Restrict_Mass_Gatherings': 0, 'Restrict_Mass_Gatherings_and_Schools': 1, 'Restrict_Mass_Gatherings_and_Schools_and_Others': 41}"
robust,29,Malta__None,Malta,None,Europe,2020-07-03,1,16.0,218.0,92.66055045871559,1.0,0.0,,0.40969515594870864,"{'Authorize_Schools_but_Restrict_Mass_Gatherings_and_Others': 21, 'Lockdown': 16, 'Mass_Gatherings_Authorized_But_Others_Restricted': 27, 'No_Measure': 0, 'Restrict_Mass_Gatherings': 0, 'Restrict_Mass_Gatherings_and_Schools': 1, 'Restrict_Mass_Gatherings_and_Schools_and_Others': 41}"
robust,29,South_Sudan__None,South Sudan,None,Africa,2020-07-03,1,389.0,416.0,6.490384615384616,15.0,9.0,66.66666666666666,0.40969515594870864,"{'Authorize_Schools_but_Restrict_Mass_Gatherings_and_Others': 21, 'Lockdown': 16, 'Mass_Gatherings_Authorized_But_Others_Restricted': 27, 'No_Measure': 0, 'Restrict_Mass_Gatherings': 0, 'Restrict_Mass_Gatherings_and_Schools': 1, 'Restrict_Mass_Gatherings_and_Schools_and_Others': 41}"
robust,30,Afghanistan__None,Afghanistan,None,Asia,2020-07-03,1,34307.0,4111.0,734.5171491121381,676.0,462.0,46.320346320346324,0.35285048845575534,"{'Authorize_Schools_but_Restrict_Mass_Gatherings_and_Others': 20, 'Lockdown': 13, 'Mass_Gatherings_Authorized_But_Others_Restricted': 28, 'No_Measure': 0, 'Restrict_Mass_Gatherings': 0, 'Restrict_Mass_Gatherings_and_Schools': 1, 'Restrict_Mass_Gatherings_and_Schools_and_Others': 41}"
robust,30,Bahrain__None,Bahrain,None,Asia,2020-07-03,1,8438.0,13275.0,36.43691148775894,44.0,55.0,20.0,0.35285048845575534,"{'Authorize_Schools_but_Restrict_Mass_Gatherings_and_Others': 20, 'Lockdown': 13, 'Mass_Gatherings_Authorized_But_Others_Restricted': 28, 'No_Measure': 0, 'Restrict_Mass_Gatherings': 0, 'Restrict_Mass_Gatherings_and_Schools': 1, 'Restrict_Mass_Gatherings_and_Schools_and_Others': 41}"
robust,30,Burkina_Faso__None,Burkina Faso,None,Africa,2020-07-03,1,78.0,166.0,53.01204819277109,2.0,1.0,100.0,0.35285048845575534,"{'Authorize_Schools_but_Restrict_Mass_Gatherings_and_Others': 20, 'Lockdown': 13, 'Mass_Gatherings_Authorized_But_Others_Restricted': 28, 'No_Measure': 0, 'Restrict_Mass_Gatherings': 0, 'Restrict_Mass_Gatherings_and_Schools': 1, 'Restrict_Mass_Gatherings_and_Schools_and_Others': 41}"
robust,30,Canada__British_Columbia,Canada,British Columbia,North America,2020-07-03,1,85.0,840.0,89.88095238095238,9.0,18.0,50.0,0.35285048845575534,"{'Authorize_Schools_but_Restrict_Mass_Gatherings_and_Others': 20, 'Lockdown': 13, 'Mass_Gatherings_Authorized_But_Others_Restricted': 28, 'No_Measure': 0, 'Restrict_Mass_Gatherings': 0, 'Restrict_Mass_Gatherings_and_Schools': 1, 'Restrict_Mass_Gatherings_and_Schools_and_Others': 41}"
robust,30,Canada__Saskatchewan,Canada,Saskatchewan,North America,2020-07-03,1,56.0,572.0,90.20979020979021,3.0,4.0,25.0,0.35285048845575534,"{'Authorize_Schools_but_Restrict_Mass_Gatherings_and_Others': 20, 'Lockdown': 13, 'Mass_Gatherings_Authorized_But_Others_Restricted': 28, 'No_Measure': 0, 'Restrict_Mass_Gatherings': 0, 'Restrict_Mass_Gatherings_and_Schools': 1, 'Restrict_Mass_Gatherings_and_Schools_and_Others': 41}"
robust,30,Cyprus__None,Cyprus,None,Europe,2020-07-03,1,35.0,178.0,80.33707865168539,1.0,0.0,,0.35285048845575534,"{'Authorize_Schools_but_Restrict_Mass_Gatherings_and_Others': 20, 'Lockdown': 13, 'Mass_Gatherings_Authorized_But_Others_Restricted': 28, 'No_Measure': 0, 'Restrict_Mass_Gatherings': 0, 'Restrict_Mass_Gatherings_and_Schools': 1, 'Restrict_Mass_Gatherings_and_Schools_and_Others': 41}"
robust,30,Czechia__None,Czechia,None,Europe,2020-07-03,1,1075.0,4846.0,77.81675608749484,48.0,32.0,50.0,0.35285048845575534,"{'Authorize_Schools_but_Restrict_Mass_Gatherings_and_Others': 20, 'Lockdown': 13, 'Mass_Gatherings_Authorized_But_Others_Restricted': 28, 'No_Measure': 0, 'Restrict_Mass_Gatherings': 0, 'Restrict_Mass_Gatherings_and_Schools': 1, 'Restrict_Mass_Gatherings_and_Schools_and_Others': 41}"
robust,30,Estonia__None,Estonia,None,Europe,2020-07-03,1,9.0,98.0,90.81632653061224,0.0,-6.0,,0.35285048845575534,"{'Authorize_Schools_but_Restrict_Mass_Gatherings_and_Others': 20, 'Lockdown': 13, 'Mass_Gatherings_Authorized_But_Others_Restricted': 28, 'No_Measure': 0, 'Restrict_Mass_Gatherings': 0, 'Restrict_Mass_Gatherings_and_Schools': 1, 'Restrict_Mass_Gatherings_and_Schools_and_Others': 41}"
robust,30,Georgia__None,Georgia,None,Asia,2020-07-03,1,37.0,234.0,84.1880341880342,1.0,2.0,50.0,0.35285048845575534,"{'Authorize_Schools_but_Restrict_Mass_Gatherings_and_Others': 20, 'Lockdown': 13, 'Mass_Gatherings_Authorized_But_Others_Restricted': 28, 'No_Measure': 0, 'Restrict_Mass_Gatherings': 0, 'Restrict_Mass_Gatherings_and_Schools': 1, 'Restrict_Mass_Gatherings_and_Schools_and_Others': 41}"
robust,30,Germany__None,Germany,None,Europe,2020-07-03,1,5506.0,15630.0,64.77287268074217,377.0,143.0,163.63636363636365,0.35285048845575534,"{'Authorize_Schools_but_Restrict_Mass_Gatherings_and_Others': 20, 'Lockdown': 13, 'Mass_Gatherings_Authorized_But_Others_Restricted': 28, 'No_Measure': 0, 'Restrict_Mass_Gatherings': 0, 'Restrict_Mass_Gatherings_and_Schools': 1, 'Restrict_Mass_Gatherings_and_Schools_and_Others': 41}"
robust,30,Guinea__None,Guinea,None,Africa,2020-07-03,1,14222.0,1919.0,641.1151641479938,78.0,14.0,457.1428571428571,0.35285048845575534,"{'Authorize_Schools_but_Restrict_Mass_Gatherings_and_Others': 20, 'Lockdown': 13, 'Mass_Gatherings_Authorized_But_Others_Restricted': 28, 'No_Measure': 0, 'Restrict_Mass_Gatherings': 0, 'Restrict_Mass_Gatherings_and_Schools': 1, 'Restrict_Mass_Gatherings_and_Schools_and_Others': 41}"
robust,30,Haiti__None,Haiti,None,North America,2020-07-03,1,801.0,1217.0,34.18241577649959,14.0,53.0,73.58490566037736,0.35285048845575534,"{'Authorize_Schools_but_Restrict_Mass_Gatherings_and_Others': 20, 'Lockdown': 13, 'Mass_Gatherings_Authorized_But_Others_Restricted': 28, 'No_Measure': 0, 'Restrict_Mass_Gatherings': 0, 'Restrict_Mass_Gatherings_and_Schools': 1, 'Restrict_Mass_Gatherings_and_Schools_and_Others': 41}"
robust,30,Honduras__None,Honduras,None,North America,2020-07-03,1,18662.0,21378.0,12.704649639816633,486.0,771.0,36.964980544747085,0.35285048845575534,"{'Authorize_Schools_but_Restrict_Mass_Gatherings_and_Others': 20, 'Lockdown': 13, 'Mass_Gatherings_Authorized_But_Others_Restricted': 28, 'No_Measure': 0, 'Restrict_Mass_Gatherings': 0, 'Restrict_Mass_Gatherings_and_Schools': 1, 'Restrict_Mass_Gatherings_and_Schools_and_Others': 41}"
robust,30,Latvia__None,Latvia,None,Europe,2020-07-03,1,15.0,126.0,88.09523809523809,4.0,2.0,100.0,0.35285048845575534,"{'Authorize_Schools_but_Restrict_Mass_Gatherings_and_Others': 20, 'Lockdown': 13, 'Mass_Gatherings_Authorized_But_Others_Restricted': 28, 'No_Measure': 0, 'Restrict_Mass_Gatherings': 0, 'Restrict_Mass_Gatherings_and_Schools': 1, 'Restrict_Mass_Gatherings_and_Schools_and_Others': 41}"
robust,30,Liberia__None,Liberia,None,Africa,2020-07-03,1,425.0,347.0,22.478386167146976,14.0,41.0,65.85365853658537,0.35285048845575534,"{'Authorize_Schools_but_Restrict_Mass_Gatherings_and_Others': 20, 'Lockdown': 13, 'Mass_Gatherings_Authorized_But_Others_Restricted': 28, 'No_Measure': 0, 'Restrict_Mass_Gatherings': 0, 'Restrict_Mass_Gatherings_and_Schools': 1, 'Restrict_Mass_Gatherings_and_Schools_and_Others': 41}"
robust,30,Mauritania__None,Mauritania,None,Africa,2020-07-03,1,2778.0,1591.0,74.60716530483973,95.0,28.0,239.28571428571428,0.35285048845575534,"{'Authorize_Schools_but_Restrict_Mass_Gatherings_and_Others': 20, 'Lockdown': 13, 'Mass_Gatherings_Authorized_But_Others_Restricted': 28, 'No_Measure': 0, 'Restrict_Mass_Gatherings': 0, 'Restrict_Mass_Gatherings_and_Schools': 1, 'Restrict_Mass_Gatherings_and_Schools_and_Others': 41}"
robust,30,Mozambique__None,Mozambique,None,Africa,2020-07-03,1,184.0,1060.0,82.64150943396227,4.0,8.0,50.0,0.35285048845575534,"{'Authorize_Schools_but_Restrict_Mass_Gatherings_and_Others': 20, 'Lockdown': 13, 'Mass_Gatherings_Authorized_But_Others_Restricted': 28, 'No_Measure': 0, 'Restrict_Mass_Gatherings': 0, 'Restrict_Mass_Gatherings_and_Schools': 1, 'Restrict_Mass_Gatherings_and_Schools_and_Others': 41}"
robust,30,Nicaragua__None,Nicaragua,None,North America,2020-07-03,1,565.0,1383.0,59.1467823571945,14.0,40.0,65.0,0.35285048845575534,"{'Authorize_Schools_but_Restrict_Mass_Gatherings_and_Others': 20, 'Lockdown': 13, 'Mass_Gatherings_Authorized_But_Others_Restricted': 28, 'No_Measure': 0, 'Restrict_Mass_Gatherings': 0, 'Restrict_Mass_Gatherings_and_Schools': 1, 'Restrict_Mass_Gatherings_and_Schools_and_Others': 41}"
robust,30,Nigeria__None,Nigeria,None,Africa,2020-07-03,1,11615.0,16266.0,28.593384974794052,258.0,276.0,6.521739130434782,0.35285048845575534,"{'Authorize_Schools_but_Restrict_Mass_Gatherings_and_Others': 20, 'Lockdown': 13, 'Mass_Gatherings_Authorized_But_Others_Restricted': 28, 'No_Measure': 0, 'Restrict_Mass_Gatherings': 0, 'Restrict_Mass_Gatherings_and_Schools': 1, 'Restrict_Mass_Gatherings_and_Schools_and_Others': 41}"
robust,30,Oman__None,Oman,None,Asia,2020-07-03,1,22339.0,34053.0,34.39931870907115,102.0,218.0,53.21100917431193,0.35285048845575534,"{'Authorize_Schools_but_Restrict_Mass_Gatherings_and_Others': 20, 'Lockdown': 13, 'Mass_Gatherings_Authorized_But_Others_Restricted': 28, 'No_Measure': 0, 'Restrict_Mass_Gatherings': 0, 'Restrict_Mass_Gatherings_and_Schools': 1, 'Restrict_Mass_Gatherings_and_Schools_and_Others': 41}"
robust,30,Pakistan__None,Pakistan,None,Asia,2020-07-03,1,110368.0,55178.0,100.02174779803545,2292.0,1380.0,66.08695652173913,0.35285048845575534,"{'Authorize_Schools_but_Restrict_Mass_Gatherings_and_Others': 20, 'Lockdown': 13, 'Mass_Gatherings_Authorized_But_Others_Restricted': 28, 'No_Measure': 0, 'Restrict_Mass_Gatherings': 0, 'Restrict_Mass_Gatherings_and_Schools': 1, 'Restrict_Mass_Gatherings_and_Schools_and_Others': 41}"
