date,case_cnt,death_cnt,pred_cases,pred_deaths,ape_cases_pct,ape_deaths_pct,region,country,province,model
2020-06-15,893322,44190,910319.1223024357,42793.58849372578,1.9026870828699718,3.160016986363929,Brazil,Brazil,None,delphi
2020-06-16,930305,45522,939545.648040597,44085.99585852545,0.9932923117253994,3.154527792000681,Brazil,Brazil,None,delphi
2020-06-17,961230,46707,969068.1880331673,45387.999649065096,0.8154331464027624,2.8239885904359183,Brazil,Brazil,None,delphi
2020-06-18,986750,47946,998865.1117569505,46698.58416598788,1.2277792507677223,2.6017099111753246,Brazil,Brazil,None,delphi
2020-06-19,1042809,49118,1028920.5012175838,48016.937365074955,1.331835339205571,2.2416682986380656,Brazil,Brazil,None,delphi
2020-06-20,1106332,50100,1059256.5868908165,49343.66111000576,4.255089169361778,1.5096584630623484,Brazil,Brazil,None,delphi
2020-06-21,1086536,50683,1090018.9153624068,50684.23082796887,0.32055222858761745,0.0024284828618534814,Brazil,Brazil,None,delphi
2020-06-22,1114728,51445,1121526.0671623566,52051.68219648042,0.6098408905451889,1.1792831110514501,Brazil,Brazil,None,delphi
2020-06-23,1154255,52851,1154096.2040891838,53460.26978943296,0.013757437552029144,1.1528065494181023,Brazil,Brazil,None,delphi
2020-06-24,1195288,53955,1187780.1852429223,54913.59726777616,0.6281176383497301,1.7766606760748034,Brazil,Brazil,None,delphi
2020-06-25,1236752,55135,1222361.4112905187,56403.06022691353,1.163579174279184,2.299918793712754,Brazil,Brazil,None,delphi
2020-06-26,1281636,56128,1257558.3041168991,57916.30090120152,1.8786688172851613,3.186111924888678,Brazil,Brazil,None,delphi
2020-06-27,1318556,57159,1293147.821227068,59443.23168088013,1.9269700166645876,3.9962764934308392,Brazil,Brazil,None,delphi
2020-06-28,1351439,57753,1328976.1200839835,60976.87188695996,1.6621453070406047,5.582172158952716,Brazil,Brazil,None,delphi
2020-06-29,1372989,58475,1364937.3521153815,62512.45716727465,0.5864320751745637,6.904586861521425,Brazil,Brazil,None,delphi
2020-06-30,1412669,59792,1400955.7347433583,64046.61812379741,0.829158511770391,7.11569795925443,Brazil,Brazil,None,delphi
2020-07-01,1459494,60878,1436974.1376777994,65576.85444607551,1.5429910861024818,7.718477029592805,Brazil,Brazil,None,delphi
2020-07-02,1503895,62137,1472947.079530989,67101.20550261842,2.057851144462276,7.989129669308824,Brazil,Brazil,None,delphi
2020-07-03,1546935,63350,1508836.4479580636,68618.0587752207,2.4628411692757894,8.31579917161911,Brazil,Brazil,None,delphi
2020-07-04,1580502,64410,1544608.8890379248,70126.02304856699,2.2709943399043584,8.874434169487639,Brazil,Brazil,None,delphi
2020-07-05,1605695,64968,1580234.220918527,71623.86085647008,1.5856547527066407,10.244829541420522,Brazil,Brazil,None,delphi
2020-07-06,1630149,65653,1615684.4751334807,73110.44036227468,0.887313053378511,11.358872195139105,Brazil,Brazil,None,delphi
2020-07-07,1676848,66953,1650933.3227945352,74584.70906058766,1.54543984937602,11.398606575639118,Brazil,Brazil,None,delphi
2020-07-08,1722098,68126,1685955.7362780147,76045.68085055775,2.0987344345086796,11.625048954228562,Brazil,Brazil,None,delphi
2020-07-09,1765060,69348,1720727.7945572168,77492.42337269371,2.5116543031275533,11.744280112899737,Brazil,Brazil,None,delphi
2020-07-10,1809371,70646,1755226.5757978815,78924.05340126442,2.9924445678701903,11.71765337211508,Brazil,Brazil,None,delphi
2020-07-11,1844318,71578,1789430.1023629708,80339.73490281851,2.9760538929311093,12.24082106627527,Brazil,Brazil,None,delphi
2020-07-12,1867976,72195,1823317.3168485174,81738.6769202982,2.390752512424282,13.219304550589648,Brazil,Brazil,None,delphi
2020-07-13,1890869,73030,1856868.0759338168,83120.13259816499,1.7981639164946464,13.816421468115825,Brazil,Brazil,None,delphi
2020-07-14,1933791,74324,1890063.1539121235,84483.39878718957,2.2612498500549685,13.66906892415581,Brazil,Brazil,None,delphi
2020-07-15,1973933,75604,1922884.2509012716,85827.81582991839,2.586143962268649,13.522850417859352,Brazil,Brazil,None,delphi
2020-07-16,2017616,76903,1955314.002666379,87152.7678107463,3.087901629131654,13.32817680811711,Brazil,Brazil,None,delphi
2020-07-17,2052234,78026,1987335.9901887858,88457.68243447036,3.162310429084313,13.369495340617696,Brazil,Brazil,None,delphi
2020-07-18,2077987,78870,2018934.7478595087,89742.03087387652,2.841800845745968,13.784748160107158,Brazil,Brazil,None,delphi
2020-07-19,2101399,79578,2050095.7696419635,91005.327547233,2.4413845422995095,14.359907948469425,Brazil,Brazil,None,delphi
2020-07-20,2124152,80346,2080805.512840399,92247.12981406173,2.040649028864269,14.812348858763011,Brazil,Brazil,None,delphi
2020-07-21,2171079,81663,2111051.399294634,93467.03756538738,2.764874088200665,14.454572530261414,Brazil,Brazil,None,delphi
2020-07-22,2237229,82959,2140821.813938482,94664.69266664388,4.309222974559948,14.110214282529782,Brazil,Brazil,None,delphi
2020-07-23,2294555,84272,2170106.1007345724,95839.77846138367,5.42366163658869,13.726716419906577,Brazil,Brazil,None,delphi
2020-07-24,2351458,85437,2198894.5560472277,96992.0190842358,6.488036101549434,13.52460770419818,Brazil,Brazil,None,delphi
2020-07-25,2398993,86536,2227178.4195466056,98121.17867212869,7.161945885352498,13.38769838232492,Brazil,Brazil,None,delphi
2020-07-26,2421666,87117,2254949.8627585713,99227.06049361534,6.88435718391507,13.900915428234834,Brazil,Brazil,None,delphi
2020-07-27,2449677,87802,2282201.975388851,100309.50600187431,6.8366166074608605,14.245126536837782,Brazil,Brazil,None,delphi
2020-07-28,2503681,89060,2308928.7495592865,101368.39381745232,7.778636752873608,13.820338892266248,Brazil,Brazil,None,delphi
2020-07-29,2559132,90259,2335125.0620999774,102403.6386471086,8.753238906786464,13.455321515980234,Brazil,Brazil,None,delphi
2020-07-30,2617187,91461,2360786.6550447047,103415.19014528142,9.796791171410195,13.070259613694821,Brazil,Brazil,None,delphi
2020-07-31,2670451,92728,2385910.1144788093,104403.03172475267,10.655162199987595,12.590621737503957,Brazil,Brazil,None,delphi
2020-08-01,2711992,93669,2410492.847889125,105367.17932306184,11.117258167091757,12.488848309538731,Brazil,Brazil,None,delphi
2020-08-02,2736058,94193,2434533.0601648507,106307.68013113343,11.020414765883958,12.861550360571833,Brazil,Brazil,None,delphi
2020-08-03,2756164,94795,2458029.7283966052,107224.61129044402,10.817000425351857,13.112095881052824,Brazil,Brazil,None,delphi
2020-08-04,2812447,96153,2480982.5756184617,108118.07856487761,11.7856238493219,12.443791212835384,Brazil,Brazil,None,delphi
2020-08-05,2868616,97519,2503392.0436346745,108988.21499320668,12.73171300603934,11.761005540670723,Brazil,Brazil,None,delphi
2020-08-06,2922605,98745,2525259.2650690707,109835.1795279005,13.595601695437093,11.231130212061878,Brazil,Brazil,None,delphi
2020-08-07,2972008,99830,2546586.034770911,110659.15566570447,14.314294080940861,10.847596579890284,Brazil,Brazil,None,delphi
2020-08-08,3018397,100657,2567374.780706345,111460.35007516138,14.942441941654955,10.732835346932031,Brazil,Brazil,None,delphi
2020-08-09,3041127,101226,2587628.534459594,112238.99122596066,14.912184382316351,10.879607241183752,Brazil,Brazil,None,delphi
2020-08-10,3067633,102015,2607350.901462651,112995.32802470778,15.004470826117371,10.763444615701395,Brazil,Brazil,None,delphi
2020-08-11,3118153,103209,2626546.0310666887,113729.62846140744,15.765966869916623,10.193518454211784,Brazil,Brazil,None,delphi
2020-08-12,3173107,104393,2645218.586562609,114442.17827065302,16.6363256403705,9.626295125777611,Brazil,Brazil,None,delphi
2020-08-13,3233820,105635,2663373.7152521675,115133.27961121252,17.640013505632115,8.991602793782857,Brazil,Brazil,None,delphi
2020-08-14,3283227,106642,2681017.0186651004,115803.24976740203,18.342014771896658,8.59065824665894,Brazil,Brazil,None,delphi
2020-08-15,3320108,107365,2698154.523011508,116452.41987534097,18.732929079068875,8.464043100955593,Brazil,Brazil,None,delphi
2020-08-16,3343114,107952,2714792.6499526384,117081.1336768931,18.79449369801214,8.456660068264698,Brazil,Brazil,None,delphi
2020-08-17,3367511,108748,2730938.1877670274,117689.74630381179,18.903362520062224,8.22244666919096,Brazil,Brazil,None,delphi
2020-08-18,3416775,110100,2746598.262982884,118278.62309433256,19.614306971255527,7.428358850438296,Brazil,Brazil,None,delphi
2020-08-19,3465378,111263,2761780.312541559,118848.13844418728,20.303634623941203,6.817305343364173,Brazil,Brazil,None,delphi
2020-08-20,3508352,112500,2776492.056551008,119398.67469375565,20.860504973531505,6.132155283338352,Brazil,Brazil,None,delphi
2020-08-21,3540678,113551,2790741.4716823627,119930.62105282233,21.180591070908942,5.618286983665781,Brazil,Brazil,None,delphi
2020-08-22,3586586,114379,2804536.765257062,120444.37255478097,21.804837099763898,5.3028725157423775,Brazil,Brazil,None,delphi
2020-08-23,3608459,114834,2817886.35006651,120940.3290564783,21.908871624521435,5.317527088212807,Brazil,Brazil,None,delphi
2020-08-24,3631972,115557,2830798.819960859,121418.89429802287,22.05890298821524,5.072729733398128,Brazil,Brazil,None,delphi
2020-08-25,3678279,116760,2843282.9262384847,121880.47498441256,22.700726991115012,4.385470181922372,Brazil,Brazil,None,delphi
2020-08-26,3726431,117839,2855347.554862789,122325.47991285207,23.3758103970585,3.807296321974956,Brazil,Brazil,None,delphi
2020-08-27,3768691,118824,2867001.7045282675,122754.31914189197,23.92579533508405,3.3076812276071954,Brazil,Brazil,None,delphi
2020-08-28,3812779,119673,2878254.4655933,123167.40320242611,24.510325261618892,2.919959558485298,Brazil,Brazil,None,delphi
2020-08-29,3850070,120570,2889114.9998929305,123565.14235043254,24.95941632508161,2.4841522355747996,Brazil,Brazil,None,delphi
2020-08-30,3864604,120971,2899592.5214408594,123947.94586119978,24.970513888593516,2.4608756323414567,Brazil,Brazil,None,delphi
2020-08-31,3914829,121618,2909696.2780261496,124316.22136464815,25.675009610224365,2.2186036315744,Brazil,Brazil,None,delphi
2020-09-01,3959158,122768,2919435.5337066003,124670.37422123471,26.261201656852286,1.549568471616963,Brazil,Brazil,None,delphi
2020-09-02,4005611,123972,2928819.5521974606,125010.80693767691,26.88207736104528,0.8379367419069731,Brazil,Brazil,None,delphi
2020-09-03,4052420,124839,2937857.581151117,125337.91860580642,27.503625459574348,0.39964963337292225,Brazil,Brazil,None,delphi
2020-09-04,4091959,125688,2946558.8373205485,125652.10439941722,27.991486783700704,0.028559290133329012,Brazil,Brazil,None,delphi
2020-09-05,4125816,126292,2954932.492596672,125953.7551234946,28.379440755557884,0.26782763477132326,Brazil,Brazil,None,delphi
2020-09-06,4140488,126750,2962987.6609075023,126243.25677892654,28.438684983327995,0.3997974130757042,Brazil,Brazil,None,delphi
2020-09-07,4150004,127070,2970733.38596476,126520.9901659535,28.416131985300254,0.43205306842410063,Brazil,Brazil,None,delphi
2020-09-08,4168790,127595,2978178.6298416597,126787.3305220477,28.560118647337486,0.6329946141716329,Brazil,Brazil,None,delphi
2020-09-09,4205877,128752,2985332.26236382,127042.64719310247,29.019981745452377,1.327632042141115,Brazil,Brazil,None,delphi
2020-09-10,4246638,129726,2992203.05129374,127287.30333677524,29.539483909536436,1.8798827245307526,Brazil,Brazil,None,delphi
2020-09-11,4288171,130574,2998799.6532878806,127521.655656798,30.068095388736115,2.3376356266959726,Brazil,Brazil,None,delphi
2020-09-12,4318971,131341,3005130.6056042234,127746.0541666079,30.420218019425842,2.7371086206075077,Brazil,Brazil,None,delphi
2020-09-13,4332991,131746,3011204.3185371757,127960.84196614727,30.505179481398052,2.873072452941818,Brazil,Brazil,None,delphi
2020-09-14,4353602,132204,3017029.06855579,128166.35507017556,30.700393178894398,3.0541019408069654,Brazil,Brazil,None,delphi
2020-09-15,4388154,133286,3022612.9921206445,128362.92223914705,31.118803211540786,3.693619555581941,Brazil,Brazil,None,delphi
2020-06-15,893322,44190,910319.1222164212,42793.588494434895,1.9026870732413597,3.160016984759234,Brazil,Brazil,None,delphi_constant
2020-06-16,930305,45522,939546.0802091133,44086.0086563175,0.9933387662232609,3.1544996785784916,Brazil,Brazil,None,delphi_constant
2020-06-17,961230,46707,969074.4324913988,45388.222800989424,0.8160827784608018,2.8235108206705113,Brazil,Brazil,None,delphi_constant
2020-06-18,986750,47946,998893.6866118215,46699.67982148931,1.2306751063411732,2.5994247247125655,Brazil,Brazil,None,delphi_constant
2020-06-19,1042809,49118,1028997.4205981441,48020.023243797164,1.3244591676765294,2.2353857164437385,Brazil,Brazil,None,delphi_constant
2020-06-20,1106332,50100,1059381.6671529282,49349.014395330436,4.243783317039714,1.498973262813501,Brazil,Brazil,None,delphi_constant
2020-06-21,1086536,50683,1090043.9281231058,50686.484416742074,0.3228542931946832,0.0068749220489597,Brazil,Brazil,None,delphi_constant
2020-06-22,1114728,51445,1120982.5731835477,52032.305608850766,0.5610851421645195,1.141618444651114,Brazil,Brazil,None,delphi_constant
2020-06-23,1154255,52851,1152196.472749548,53386.37508371022,0.17834250234583926,1.0129895057997385,Brazil,Brazil,None,delphi_constant
2020-06-24,1195288,53955,1183684.7736963558,54748.60424098376,0.9707473264723018,1.4708632026387936,Brazil,Brazil,None,delphi_constant
2020-06-25,1236752,55135,1215446.7621667827,56118.91123367914,1.7226766427883078,1.784549258509362,Brazil,Brazil,None,delphi_constant
2020-06-26,1281636,56128,1247481.7794920453,57497.217044713056,2.6648924115704236,2.439454540894127,Brazil,Brazil,None,delphi_constant
2020-06-27,1318556,57159,1279789.1705124609,58883.444570157575,2.9400973100527494,3.0169257162609124,Brazil,Brazil,None,delphi_constant
2020-06-28,1351439,57753,1312368.2516700265,60277.516443267865,2.891047863053645,4.3712299677382385,Brazil,Brazil,None,delphi_constant
2020-06-29,1372989,58475,1345218.291173809,61679.35325017382,2.022646126530586,5.479868747625178,Brazil,Brazil,None,delphi_constant
2020-06-30,1412669,59792,1378338.4965425003,63088.87340867404,2.4301873586452074,5.513903881245044,Brazil,Brazil,None,delphi_constant
2020-07-01,1459494,60878,1411728.0066613741,64505.99432262135,3.2727776433905094,5.959450577583611,Brazil,Brazil,None,delphi_constant
2020-07-02,1503895,62137,1445385.8866087717,65930.63058939464,3.8905052142089875,6.105268341559202,Brazil,Brazil,None,delphi_constant
2020-07-03,1546935,63350,1479311.1241874236,67362.69344141292,4.371474936734665,6.334164864108793,Brazil,Brazil,None,delphi_constant
2020-07-04,1580502,64410,1513502.6275119688,68802.09208969945,4.239119753599247,6.818959928115899,Brazil,Brazil,None,delphi_constant
2020-07-05,1605695,64968,1547959.2232583635,70248.73379206691,3.595687645638583,8.128207412983175,Brazil,Brazil,None,delphi_constant
2020-07-06,1630149,65653,1582679.6553345183,71702.52226107084,2.911963548453651,9.214388163634327,Brazil,Brazil,None,delphi_constant
2020-07-07,1676848,66953,1617662.5838255505,73163.35804487544,3.529563572515189,9.275697944640921,Brazil,Brazil,None,delphi_constant
2020-07-08,1722098,68126,1652906.5841254203,74631.14040150413,4.017855887096999,9.548689782908337,Brazil,Brazil,None,delphi_constant
2020-07-09,1765060,69348,1688410.146202165,76105.76541024039,4.342620296071242,9.744715651843443,Brazil,Brazil,None,delphi_constant
2020-07-10,1809371,70646,1724171.6739637218,77587.12546187478,4.70878145147005,9.82522076532964,Brazil,Brazil,None,delphi_constant
2020-07-11,1844318,71578,1760189.4847052784,79075.11130024944,4.561497274045017,10.474044120050069,Brazil,Brazil,None,delphi_constant
2020-07-12,1867976,72195,1796461.8086281621,80569.6113791152,3.82843202331496,11.599988058889398,Brazil,Brazil,None,delphi_constant
2020-07-13,1890869,73030,1832986.7884233315,82070.51030982318,3.0611433989699206,12.379173366867285,Brazil,Brazil,None,delphi_constant
2020-07-14,1933791,74324,1869762.478915681,83577.69034047636,3.311036253882612,12.450474060164089,Brazil,Brazil,None,delphi_constant
2020-07-15,1973933,75604,1906786.846768593,85091.0322736919,3.401642975288779,12.548320556705866,Brazil,Brazil,None,delphi_constant
2020-07-16,2017616,76903,1944057.7702482867,86610.41314995698,3.645799287461705,12.62293168011258,Brazil,Brazil,None,delphi_constant
2020-07-17,2052234,78026,1981573.0390471278,88135.70705136067,3.4431239786921073,12.956843938380377,Brazil,Brazil,None,delphi_constant
2020-07-18,2077987,78870,2019330.3541671657,89666.78714808251,2.8227628870071997,13.689345946598849,Brazil,Brazil,None,delphi_constant
2020-07-19,2101399,79578,2057327.3278652793,91203.52307849599,2.097253883470998,14.60896614453239,Brazil,Brazil,None,delphi_constant
2020-07-20,2124152,80346,2095561.4836594132,92745.78115959791,1.3459731855623713,15.432978816117684,Brazil,Brazil,None,delphi_constant
2020-07-21,2171079,81663,2134030.2563972757,94293.42708486204,1.706466858309821,15.4665234988453,Brazil,Brazil,None,delphi_constant
2020-07-22,2237229,82959,2172730.9923894387,95846.32327322439,2.8829416930748404,15.534569212773047,Brazil,Brazil,None,delphi_constant
2020-07-23,2294555,84272,2211660.949606142,97404.32866793367,3.612641684067629,15.583264510078882,Brazil,Brazil,None,delphi_constant
2020-07-24,2351458,85437,2250817.2979389345,98967.30179622468,4.279927690014683,15.836583443033675,Brazil,Brazil,None,delphi_constant
2020-07-25,2398993,86536,2290197.119529198,100535.0980697464,4.535064523773187,16.17719569860682,Brazil,Brazil,None,delphi_constant
2020-07-26,2421666,87117,2329797.4091625754,102107.56945393555,3.7936111271093793,17.20739861787659,Brazil,Brazil,None,delphi_constant
2020-07-27,2449677,87802,2369615.074730194,103684.56773776184,3.2682645618098154,18.08907284317196,Brazil,Brazil,None,delphi_constant
2020-07-28,2503681,89060,2409646.937758656,105265.9415624786,3.7558324020250096,18.196655695574453,Brazil,Brazil,None,delphi_constant
2020-07-29,2559132,90259,2449889.7340073665,106851.53638566911,4.268723379358061,18.383248635226526,Brazil,Brazil,None,delphi_constant
2020-07-30,2617187,91461,2490340.1141341254,108441.19772908738,4.846687908272301,18.565506313168868,Brazil,Brazil,None,delphi_constant
2020-07-31,2670451,92728,2530994.644430542,110034.76772499828,5.222202375907969,18.66401488762648,Brazil,Brazil,None,delphi_constant
2020-08-01,2711992,93669,2571849.8076254274,111632.08594209037,5.167500212927347,19.177194100599316,Brazil,Brazil,None,delphi_constant
2020-08-02,2736058,94193,2612902.003757327,113232.9920613493,4.501220231540162,20.213807885245508,Brazil,Brazil,None,delphi_constant
2020-08-03,2756164,94795,2654147.5511169853,114837.32202644958,3.701392547142141,21.142805028165597,Brazil,Brazil,None,delphi_constant
2020-08-04,2812447,96153,2695582.687257619,116444.91030573683,4.155253867624204,21.1037724311637,Brazil,Brazil,None,delphi_constant
2020-08-05,2868616,97519,2737203.5700745815,118055.59104991936,4.581039425472718,21.059066489524458,Brazil,Brazil,None,delphi_constant
2020-08-06,2922605,98745,2779006.2789539597,119669.19449731168,4.913381077704319,21.190130636803563,Brazil,Brazil,None,delphi_constant
2020-08-07,2972008,99830,2820986.8159881365,121285.55087117275,5.081452809409112,21.492087419786383,Brazil,Brazil,None,delphi_constant
2020-08-08,3018397,100657,2863141.1072601955,122904.48895808497,5.143653824854864,22.10227699820675,Brazil,Brazil,None,delphi_constant
2020-08-09,3041127,101226,2905465.0041950583,124525.8341720999,4.460911885789109,23.017637931065043,Brazil,Brazil,None,delphi_constant
2020-08-10,3067633,102015,2947954.2849763823,126149.41308677428,3.901337448893584,23.657710225725904,Brazil,Brazil,None,delphi_constant
2020-08-11,3118153,103209,2990604.6560304486,127775.04925077243,4.090509476909933,23.802235513155274,Brazil,Brazil,None,delphi_constant
2020-08-12,3173107,104393,3033411.7535736957,129402.56480972211,4.402475126943539,23.95712816924709,Brazil,Brazil,None,delphi_constant
2020-08-13,3233820,105635,3076371.1452244995,131031.78252087238,4.86881937694431,24.042014976922783,Brazil,Brazil,None,delphi_constant
2020-08-14,3283227,106642,3119478.3316783165,132662.5214395087,4.9874306078039545,24.399881322095148,Brazil,Brazil,None,delphi_constant
2020-08-15,3320108,107365,3162728.74844322,134294.60176516557,4.740184703533144,25.082291030750774,Brazil,Brazil,None,delphi_constant
2020-08-16,3343114,107952,3206117.7676371634,135927.84199085695,4.097863021208268,25.915075210146128,Brazil,Brazil,None,delphi_constant
2020-08-17,3367511,108748,3249640.6998434877,137562.05864170162,3.5002201969499818,26.49617339325929,Brazil,Brazil,None,delphi_constant
2020-08-18,3416775,110100,3293292.7960239644,139197.0698598909,3.6139986969008957,26.427856366840064,Brazil,Brazil,None,delphi_constant
2020-08-19,3465378,111263,3337069.2494887966,140832.6902875409,3.702590323803159,26.57639133183619,Brazil,Brazil,None,delphi_constant
2020-08-20,3508352,112500,3380965.197919756,142468.73607441864,3.630958412389744,26.63887651059435,Brazil,Brazil,None,delphi_constant
2020-08-21,3540678,113551,3424975.725447339,144105.02205681909,3.2677999680473904,26.907752513689076,Brazil,Brazil,None,delphi_constant
2020-08-22,3586586,114379,3469095.8647781163,145741.36168496808,3.2758209400773786,27.419685156338215,Brazil,Brazil,None,delphi_constant
2020-08-23,3608459,114834,3513320.5993711967,147377.57028455735,2.636538218358676,28.33966445874685,Brazil,Brazil,None,delphi_constant
2020-08-24,3631972,115557,3557644.8656624877,149013.45991677183,2.046467713338988,28.952343792908973,Brazil,Brazil,None,delphi_constant
2020-08-25,3678279,116760,3602063.5553329056,150648.84529352852,2.07204088289916,29.02436219041497,Brazil,Brazil,None,delphi_constant
2020-08-26,3726431,117839,3646571.5176208555,152283.5390132552,2.1430554431074804,29.23016914031451,Brazil,Brazil,None,delphi_constant
2020-08-27,3768691,118824,3691163.5616744435,153917.35426894037,2.0571449961155333,29.533894052498123,Brazil,Brazil,None,delphi_constant
2020-08-28,3812779,119673,3735834.458942877,155550.10506373952,2.018069787342064,29.979281094097686,Brazil,Brazil,None,delphi_constant
2020-08-29,3850070,120570,3780578.9456040347,157181.60351505032,1.8049296349408013,30.36543378539464,Brazil,Brazil,None,delphi_constant
2020-08-30,3864604,120971,3825391.725025491,158811.66483339504,1.0146518239516686,31.28077376676645,Brazil,Brazil,None,delphi_constant
2020-08-31,3914829,121618,3870267.470257803,160440.101321281,1.138275253968874,31.921344966436706,Brazil,Brazil,None,delphi_constant
2020-09-01,3959158,122768,3915200.826555763,162066.72869795642,1.1102657040774098,32.010563581679605,Brazil,Brazil,None,delphi_constant
2020-09-02,4005611,123972,3960186.413927132,163691.36080069255,1.1340238997962657,32.03897718895601,Brazil,Brazil,None,delphi_constant
2020-09-03,4052420,124839,4005218.8297043606,165313.81343905305,1.1647650119099064,32.421609784645064,Brazil,Brazil,None,delphi_constant
2020-09-04,4091959,125688,4050292.6511382237,166933.90270912836,1.0182494218973428,32.8161023400232,Brazil,Brazil,None,delphi_constant
2020-09-05,4125816,126292,4095402.438009732,168551.4447818184,0.7371526502943433,33.46169573830361,Brazil,Brazil,None,delphi_constant
2020-09-06,4140488,126750,4140542.735258056,170166.2582364922,0.001321951858231466,34.253458174747294,Brazil,Brazil,None,delphi_constant
2020-09-07,4150004,127070,4185708.0756218806,171778.16021407035,0.8603383423698048,35.1838830676559,Brazil,Brazil,None,delphi_constant
2020-09-08,4168790,127595,4230892.982290938,173386.97176155358,1.489712417534526,35.88853149539839,Brazil,Brazil,None,delphi_constant
2020-09-09,4205877,128752,4276091.971565793,174992.51173458566,1.6694490011427647,35.91440267691815,Brazil,Brazil,None,delphi_constant
2020-09-10,4246638,129726,4321299.555522185,176594.6035616548,1.7581332697108825,36.12892061857669,Brazil,Brazil,None,delphi_constant
2020-09-11,4288171,130574,4366510.244678135,178193.06855023807,1.8268684872439795,36.46902794602146,Brazil,Brazil,None,delphi_constant
2020-09-12,4318971,131341,4411718.550660184,179787.73248857103,2.1474455526601974,36.886221734699006,Brazil,Brazil,None,delphi_constant
2020-09-13,4332991,131746,4456918.988866755,181378.41971323756,2.860102614262407,37.67280958301395,Brazil,Brazil,None,delphi_constant
2020-09-14,4353602,132204,4502106.081125322,182964.9585346943,3.411062405918635,38.395932448862595,Brazil,Brazil,None,delphi_constant
2020-09-15,4388154,133286,4547274.358341048,184547.17679497274,3.626134323021652,38.4595357314142,Brazil,Brazil,None,delphi_constant
2020-06-15,893322,44190,910319.122300511,42793.588627667246,1.9026870826545181,3.160016683260361,Brazil,Brazil,None,themis
2020-06-16,930305,45522,939652.5972964574,44089.438748464694,1.0047884614677325,3.14696465782546,Brazil,Brazil,None,themis
2020-06-17,961230,46707,969844.0314132669,45417.172210289646,0.8961467508574328,2.761529941358585,Brazil,Brazil,None,themis
2020-06-18,986750,47946,1001261.0220943405,46793.56810608506,1.4705874937259213,2.403603833301919,Brazil,Brazil,None,themis
2020-06-19,1042809,49118,1034155.7837138588,48229.89960570169,0.829798772943194,1.808095594890484,Brazil,Brazil,None,themis
2020-06-20,1106332,50100,1068715.0020626194,49734.27014731675,3.4001545591540845,0.7299997059545964,Brazil,Brazil,None,themis
2020-06-21,1086536,50683,1105088.932485957,51313.00420554064,1.7075303980684422,1.2430286398607766,Brazil,Brazil,None,themis
2020-06-22,1114728,51445,1143408.4025643556,52971.456579881524,2.572861053490685,2.967162172964377,Brazil,Brazil,None,themis
2020-06-23,1154255,52851,1183794.7636189342,54714.48540030895,2.55920603496924,3.5259226888969923,Brazil,Brazil,None,themis
2020-06-24,1195288,53955,1226365.7290780796,56546.72651283082,2.60002016903705,4.803496455992625,Brazil,Brazil,None,themis
2020-06-25,1236752,55135,1271238.8108066006,58472.75304143959,2.7884984868915197,6.053782608940941,Brazil,Brazil,None,themis
2020-06-26,1281636,56128,1318533.3497112647,60497.16951671857,2.8789258191299805,7.784295746719227,Brazil,Brazil,None,themis
2020-06-27,1318556,57159,1368371.7203776147,62624.66836162777,3.7780511694319183,9.562218306177108,Brazil,Brazil,None,themis
2020-06-28,1351439,57753,1420880.0466489126,64860.05980299885,5.138304181610312,12.30595779093527,Brazil,Brazil,None,themis
2020-06-29,1372989,58475,1476188.6234624689,67208.28910760867,7.516420267203077,14.935081842853643,Brazil,Brazil,None,themis
2020-06-30,1412669,59792,1534432.157667728,69674.44704391809,8.619369269639803,16.52804228645653,Brazil,Brazil,None,themis
2020-07-01,1459494,60878,1595749.892316435,72263.77533757036,9.33583093294217,18.702610692812446,Brazil,Brazil,None,themis
2020-07-02,1503895,62137,1660285.6507255647,74981.66506850813,10.399040539769377,20.67152432288029,Brazil,Brazil,None,themis
2020-07-03,1546935,63350,1728187.820081137,77833.65425017494,11.71689955176765,22.862911207853095,Brazil,Brazil,None,themis
2020-07-04,1580502,64410,1799609.2846591836,80825.42503045808,13.863145042472807,25.485832992482653,Brazil,Brazil,None,themis
2020-07-05,1605695,64968,1874707.3130226678,83962.79840744144,16.753637086910516,29.237160459674673,Brazil,Brazil,None,themis
2020-07-06,1630149,65653,1953643.4001738431,87251.72412130842,19.844468215717896,32.89830490809014,Brazil,Brazil,None,themis
2020-07-07,1676848,66953,2036583.0636076853,90698.27070829952,21.45305141597123,35.4655813903776,Brazil,Brazil,None,themis
2020-07-08,1722098,68126,2123695.5910245143,94308.61523658567,23.32025186862271,38.43263252882257,Brazil,Brazil,None,themis
2020-07-09,1765060,69348,2215153.736759921,98089.03089364796,25.50019471065692,41.444642806783115,Brazil,Brazil,None,themis
2020-07-10,1809371,70646,2311133.363614879,102045.86902048749,27.731314562623094,44.446775501072224,Brazil,Brazil,None,themis
2020-07-11,1844318,71578,2411813.026567209,106185.54109999198,30.769912052433963,48.34941057306992,Brazil,Brazil,None,themis
2020-07-12,1867976,72195,2517373.4948359043,110514.4991915789,34.76476650855816,53.07777434944095,Brazil,Brazil,None,themis
2020-07-13,1890869,73030,2627997.208866579,115039.2157002475,38.98356834167671,57.52323113822744,Brazil,Brazil,None,themis
2020-07-14,1933791,74324,2743867.669044948,119766.15628379904,41.89060084802071,61.14062252273699,Brazil,Brazil,None,themis
2020-07-15,1973933,75604,2865168.753245732,124701.75170346799,45.150253491163674,64.94067999506375,Brazil,Brazil,None,themis
2020-07-16,2017616,76903,2992083.9607722126,129852.36770093328,48.29798934842966,68.85214842195138,Brazil,Brazil,None,themis
2020-07-17,2052234,78026,3124795.580798837,135224.27323662548,52.26312305511149,73.30668397281096,Brazil,Brazil,None,themis
2020-07-18,2077987,78870,3263483.7841084064,140823.60628867167,57.050250271460136,78.55154848316428,Brazil,Brazil,None,themis
2020-07-19,2101399,79578,3408325.6377395443,146656.33359681861,62.193169300049355,84.29256025134913,Brazil,Brazil,None,themis
2020-07-20,2124152,80346,3559494.0430661715,152728.20987666218,67.57247330069464,90.0881311784808,Brazil,Brazil,None,themis
2020-07-21,2171079,81663,3717156.5989189753,159044.73469991874,71.21240631589065,94.7573989443429,Brazil,Brazil,None,themis
2020-07-22,2237229,82959,3881474.3925574836,165611.10715326597,73.49472908484039,99.63006684418323,Brazil,Brazil,None,themis
2020-07-23,2294555,84272,4052600.7226231564,172432.1795818275,76.61815570440265,104.61384514646326,Brazil,Brazil,None,themis
2020-07-24,2351458,85437,4230679.759663901,179512.40724912335,79.91730065618444,110.11085039166093,Brazil,Brazil,None,themis
2020-07-25,2398993,86536,4415845.151354446,186855.7963892667,84.07078100496526,115.9283955686266,Brazil,Brazil,None,themis
2020-07-26,2421666,87117,4608218.581162104,194465.85198114032,90.2912532596198,123.22377031020389,Brazil,Brazil,None,themis
2020-07-27,2449677,87802,4807908.290907304,202345.5246861125,96.26702993526509,130.4566236374029,Brazil,Brazil,None,themis
2020-07-28,2503681,89060,5015007.579382908,210497.15747996216,100.30537354331113,136.35432009876732,Brazil,Brazil,None,themis
2020-07-29,2559132,90259,5229593.290906639,218922.4325173885,104.35027544130739,142.54914470289776,Brazil,Brazil,None,themis
2020-07-30,2617187,91461,5451724.309341792,227622.3188651059,108.30472982411237,148.8736388899158,Brazil,Brazil,None,themis
2020-07-31,2670451,92728,5681440.074685836,236597.02195329647,112.75208100376439,155.15164993669276,Brazil,Brazil,None,themis
2020-08-01,2711992,93669,5918759.140750584,245845.934365606,118.24397493615703,162.4624308635792,Brazil,Brazil,None,themis
2020-08-02,2736058,94193,6163677.793669693,255367.58999203154,125.27584552921367,171.1110061172609,Brazil,Brazil,None,themis
2020-08-03,2756164,94795,6416168.751937501,265159.62199422484,132.79343144811054,179.7189957215305,Brazil,Brazil,None,themis
2020-08-04,2812447,96153,6676179.969342444,275218.7251766017,137.37976108856253,186.22999300760426,Brazil,Brazil,None,themis
2020-08-05,2868616,97519,6943633.562455015,285540.6235643091,142.0551779134961,192.8051185556754,Brazil,Brazil,None,themis
2020-08-06,2922605,98745,7218424.884221733,296120.0439430618,146.9859896982908,199.88358290856428,Brazil,Brazil,None,themis
2020-08-07,2972008,99830,7500421.764662352,306950.69608292315,152.3688282354002,207.47340086439263,Brazil,Brazil,None,themis
2020-08-08,3018397,100657,7789463.938637547,318025.2603161802,158.06624968940625,215.94947228327905,Brazil,Brazil,None,themis
2020-08-09,3041127,101226,8085362.679130804,329335.3830673721,165.8673142927212,225.34663334259187,Brazil,Brazil,None,themis
2020-08-10,3067633,102015,8387900.652466822,340871.6808403368,173.43233862938695,234.13878433596702,Brazil,Brazil,None,themis
2020-08-11,3118153,103209,8696832.009380866,352623.75305226614,178.90972666770574,241.65988726977892,Brazil,Brazil,None,themis
2020-08-12,3173107,104393,9011882.722886853,364580.2039518324,184.00815739547556,249.23817109560255,Brazil,Brazil,None,themis
2020-08-13,3233820,105635,9332751.180507319,376728.6737162048,188.59835057323286,256.6324359503998,Brazil,Brazil,None,themis
2020-08-14,3283227,106642,9659109.034696613,389055.8806920014,194.19558972610218,264.8242537574327,Brazil,Brazil,None,themis
2020-08-15,3320108,107365,9990602.311250826,401547.6725328035,200.91196766041426,274.0023960627798,Brazil,Brazil,None,themis
2020-08-16,3343114,107952,10329028.453016698,414248.6893730957,208.96429056911305,283.7341497823993,Brazil,Brazil,None,themis
2020-08-17,3367511,108748,10683096.77129073,427465.0773474578,217.2401447624293,293.07856452298694,Brazil,Brazil,None,themis
2020-08-18,3416775,110100,11059830.957733322,441472.31752642436,223.69210608639202,300.9739487070158,Brazil,Brazil,None,themis
2020-08-19,3465378,111263,11463640.943687147,456440.59492731513,230.80492066629228,310.23574317366524,Brazil,Brazil,None,themis
2020-08-20,3508352,112500,11897352.701048346,472476.2594096514,239.11513727950745,319.97889725302343,Brazil,Brazil,None,themis
2020-08-21,3540678,113551,12362756.290562639,489644.52442885266,249.16352999517716,331.21110728118,Brazil,Brazil,None,themis
2020-08-22,3586586,114379,12860888.077066077,507981.2302783936,258.58301117179616,344.121062676185,Brazil,Brazil,None,themis
2020-08-23,3608459,114834,13392167.805451652,527498.6876985299,271.13260273850005,359.3575837282773,Brazil,Brazil,None,themis
2020-08-24,3631972,115557,13956458.91992694,548188.4213789923,284.26669919060333,374.3878963446544,Brazil,Brazil,None,themis
2020-08-25,3678279,116760,14553091.560294086,570022.3054635474,295.64947521093654,388.1999875501433,Brazil,Brazil,None,themis
2020-08-26,3726431,117839,15180871.442580506,592953.116369734,307.3836720062844,403.1891957414218,Brazil,Brazil,None,themis
2020-08-27,3768691,118824,15838088.513153061,616915.0371611967,320.2543671835409,419.1838661896559,Brazil,Brazil,None,themis
2020-08-28,3812779,119673,16522533.63580289,641824.3989123463,333.3462190125074,436.3151244744816,Brazil,Brazil,None,themis
2020-08-29,3850070,120570,17231527.899495147,667580.857088488,347.5640157060819,453.6873659189582,Brazil,Brazil,None,themis
2020-08-30,3864604,120971,17961966.515773937,694069.0900400471,364.7815537057338,473.7483281448009,Brazil,Brazil,None,themis
2020-08-31,3914829,121618,18710377.268971354,721161.0061555622,377.93600356417494,492.9722624574999,Brazil,Brazil,None,themis
2020-09-01,3959158,122768,19472991.90042819,748718.4010189669,391.8467992544928,509.8644606240771,Brazil,Brazil,None,themis
2020-09-02,4005611,123972,20245827.60197084,776595.960373246,405.4366887341492,526.4285164176152,Brazil,Brazil,None,themis
2020-09-03,4052420,124839,21024774.96869789,804644.4674703907,418.8202350372837,544.5457489008969,Brazil,Brazil,None,themis
2020-09-04,4091959,125688,21805688.32607843,832714.0954422838,432.8911733005738,562.5247401838551,Brazil,Brazil,None,themis
2020-09-05,4125816,126292,22584474.303516716,860657.6156934054,447.3941228478613,581.4822915888618,Brazil,Brazil,None,themis
2020-09-06,4140488,126750,23357174.828913186,888333.3193291462,464.1164719934748,600.8546898060325,Brazil,Brazil,None,themis
2020-09-07,4150004,127070,24120041.29436657,915607.735369401,481.2052541242507,620.5538170845998,Brazil,Brazil,None,themis
2020-09-08,4168790,127595,24869597.432413246,942357.7549316846,496.5663281770789,638.5538265070611,Brazil,Brazil,None,themis
2020-09-09,4205877,128752,25602689.307848923,968472.4182670417,508.7360450115142,652.1999023448503,Brazil,Brazil,None,themis
2020-09-10,4246638,129726,26316521.709656797,993854.1331625939,519.7024966492739,666.1179202030387,Brazil,Brazil,None,themis
2020-09-11,4288171,130574,27008681.034533374,1018419.4118918708,529.8415113234378,679.9557430207169,Brazil,Brazil,None,themis
2020-09-12,4318971,131341,27677145.43071845,1042099.1484198095,540.8273042518334,693.4301919581924,Brazil,Brazil,None,themis
2020-09-13,4332991,131746,28320283.488137037,1064838.4833985628,553.596637706772,708.2510917967626,Brazil,Brazil,None,themis
2020-09-14,4353602,132204,28936843.108905695,1086596.3135026884,564.6644114208349,721.9088026857648,Brazil,Brazil,None,themis
2020-09-15,4388154,133286,29525932.377813622,1107344.5219416276,572.8554279957729,730.803326637177,Brazil,Brazil,None,themis
2020-06-15,893322,44190,6033779.090520802,0.0,575.4316014293616,100.0,Brazil,Brazil,None,sir
2020-06-16,930305,45522,6789753.277814057,0.0,629.8416409472223,100.0,Brazil,Brazil,None,sir
2020-06-17,961230,46707,7635801.254384395,0.0,694.3781669719416,100.0,Brazil,Brazil,None,sir
2020-06-18,986750,47946,8581441.992229084,0.0,769.6672908263575,100.0,Brazil,Brazil,None,sir
2020-06-19,1042809,49118,9636872.94414268,0.0,824.1263686967297,100.0,Brazil,Brazil,None,sir
2020-06-20,1106332,50100,10812959.002750302,0.0,877.3701748435643,100.0,Brazil,Brazil,None,sir
2020-06-21,1086536,50683,12121176.87520486,0.0,1015.5798680582014,100.0,Brazil,Brazil,None,sir
2020-06-22,1114728,51445,13573522.254265847,0.0,1117.6532978687042,100.0,Brazil,Brazil,None,sir
2020-06-23,1154255,52851,15182292.876067646,0.0,1215.332649723644,100.0,Brazil,Brazil,None,sir
2020-06-24,1195288,53955,16960029.971816983,0.0,1318.9074074044902,100.0,Brazil,Brazil,None,sir
2020-06-25,1236752,55135,18919282.2580352,0.0,1429.7555417767833,100.0,Brazil,Brazil,None,sir
2020-06-26,1281636,56128,21072338.637475044,0.0,1544.1749948873974,100.0,Brazil,Brazil,None,sir
2020-06-27,1318556,57159,23430638.180402435,0.0,1676.9922688458007,100.0,Brazil,Brazil,None,sir
2020-06-28,1351439,57753,26004687.924003787,0.0,1824.222101330788,100.0,Brazil,Brazil,None,sir
2020-06-29,1372989,58475,28803547.29267027,0.0,1997.8716721452442,100.0,Brazil,Brazil,None,sir
2020-06-30,1412669,59792,31834525.17077056,0.0,2153.5020709572136,100.0,Brazil,Brazil,None,sir
2020-07-01,1459494,60878,35102154.45148489,0.0,2305.09069934408,100.0,Brazil,Brazil,None,sir
2020-07-02,1503895,62137,38607922.584873006,0.0,2467.195355052913,100.0,Brazil,Brazil,None,sir
2020-07-03,1546935,63350,42350240.82282318,0.0,2637.6871570442963,100.0,Brazil,Brazil,None,sir
2020-07-04,1580502,64410,46323656.93078279,0.0,2830.9457963851223,100.0,Brazil,Brazil,None,sir
2020-07-05,1605695,64968,50518248.78100586,0.0,3046.192071408696,100.0,Brazil,Brazil,None,sir
2020-07-06,1630149,65653,54919951.286888085,0.0,3269.0141997380656,100.0,Brazil,Brazil,None,sir
2020-07-07,1676848,66953,59510573.07487999,0.0,3448.9545310535,100.0,Brazil,Brazil,None,sir
2020-07-08,1722098,68126,64267796.48448694,0.0,3631.9476873259787,100.0,Brazil,Brazil,None,sir
2020-07-09,1765060,69348,69165383.96846938,0.0,3818.5854287372317,100.0,Brazil,Brazil,None,sir
2020-07-10,1809371,70646,74174360.86514972,0.0,3999.4556044697147,100.0,Brazil,Brazil,None,sir
2020-07-11,1844318,71578,79261574.9882557,0.0,4197.608925806488,100.0,Brazil,Brazil,None,sir
2020-07-12,1867976,72195,84393456.65040208,0.0,4417.909044356142,100.0,Brazil,Brazil,None,sir
2020-07-13,1890869,73030,89536704.41026163,0.0,4635.214571197774,100.0,Brazil,Brazil,None,sir
2020-07-14,1933791,74324,94658285.07256491,0.0,4794.959438355278,100.0,Brazil,Brazil,None,sir
2020-07-15,1973933,75604,99725433.68810047,0.0,4952.118470490157,100.0,Brazil,Brazil,None,sir
2020-07-16,2017616,76903,104706849.74273714,0.0,5089.632206660591,100.0,Brazil,Brazil,None,sir
2020-07-17,2052234,78026,109575353.38847941,0.0,5239.32063246586,100.0,Brazil,Brazil,None,sir
2020-07-18,2077987,78870,114306667.01842983,0.0,5400.836483502055,100.0,Brazil,Brazil,None,sir
2020-07-19,2101399,79578,118880317.07418132,0.0,5557.198707821852,100.0,Brazil,Brazil,None,sir
2020-07-20,2124152,80346,123279655.9299108,0.0,5703.711595493674,100.0,Brazil,Brazil,None,sir
2020-07-21,2171079,81663,127491861.89237909,0.0,5772.281105034827,100.0,Brazil,Brazil,None,sir
2020-07-22,2237229,82959,131507740.17941159,0.0,5778.152847983447,100.0,Brazil,Brazil,None,sir
2020-07-23,2294555,84272,135321840.4403816,0.0,5797.520017623529,100.0,Brazil,Brazil,None,sir
2020-07-24,2351458,85437,138932087.89271954,0.0,5808.338056334391,100.0,Brazil,Brazil,None,sir
2020-07-25,2398993,86536,142338645.9028239,0.0,5833.266412316497,100.0,Brazil,Brazil,None,sir
2020-07-26,2421666,87117,145543889.0855032,0.0,5910.072779875639,100.0,Brazil,Brazil,None,sir
2020-07-27,2449677,87802,148552403.3039761,0.0,5964.162879594987,100.0,Brazil,Brazil,None,sir
2020-07-28,2503681,89060,151370517.56679037,0.0,5945.918691989529,100.0,Brazil,Brazil,None,sir
2020-07-29,2559132,90259,154005348.20954096,0.0,5917.874349956976,100.0,Brazil,Brazil,None,sir
2020-07-30,2617187,91461,156465610.03265002,0.0,5878.388629954605,100.0,Brazil,Brazil,None,sir
2020-07-31,2670451,92728,158760132.45766777,0.0,5845.0681722925365,100.0,Brazil,Brazil,None,sir
2020-08-01,2711992,93669,160897773.62172487,0.0,5832.826262825439,100.0,Brazil,Brazil,None,sir
2020-08-02,2736058,94193,162887420.3775325,0.0,5853.361382599803,100.0,Brazil,Brazil,None,sir
2020-08-03,2756164,94795,164737988.29338217,0.0,5877.074959740501,100.0,Brazil,Brazil,None,sir
2020-08-04,2812447,96153,166458421.65314594,0.0,5818.633192132898,100.0,Brazil,Brazil,None,sir
2020-08-05,2868616,97519,168057504.7473367,0.0,5758.487324456696,100.0,Brazil,Brazil,None,sir
2020-08-06,2922605,98745,169543548.8410108,0.0,5701.110613340182,100.0,Brazil,Brazil,None,sir
2020-08-07,2972008,99830,170924547.59271032,0.0,5651.146954944614,100.0,Brazil,Brazil,None,sir
2020-08-08,3018397,100657,172208028.38616338,0.0,5605.280928458496,100.0,Brazil,Brazil,None,sir
2020-08-09,3041127,101226,173401050.6273366,0.0,5601.868110977825,100.0,Brazil,Brazil,None,sir
2020-08-10,3067633,102015,174510205.74443495,0.0,5588.757610328059,100.0,Brazil,Brazil,None,sir
2020-08-11,3118153,103209,175541617.1879019,0.0,5529.666574664614,100.0,Brazil,Brazil,None,sir
2020-08-12,3173107,104393,176500963.0300556,0.0,5462.401867634959,100.0,Brazil,Brazil,None,sir
2020-08-13,3233820,105635,177393679.51260024,0.0,5385.576795016428,100.0,Brazil,Brazil,None,sir
2020-08-14,3283227,106642,178224724.00472704,0.0,5328.339983946496,100.0,Brazil,Brazil,None,sir
2020-08-15,3320108,107365,178998685.04679185,0.0,5291.351276729307,100.0,Brazil,Brazil,None,sir
2020-08-16,3343114,107952,179719829.69080126,0.0,5275.821156287259,100.0,Brazil,Brazil,None,sir
2020-08-17,3367511,108748,180392103.50041258,0.0,5256.8378395916925,100.0,Brazil,Brazil,None,sir
2020-08-18,3416775,110100,181019130.55093384,0.0,5197.952910300908,100.0,Brazil,Brazil,None,sir
2020-08-19,3465378,111263,181604213.42932382,0.0,5140.53114636625,100.0,Brazil,Brazil,None,sir
2020-08-20,3508352,112500,182150434.1101658,0.0,5091.908739777702,100.0,Brazil,Brazil,None,sir
2020-08-21,3540678,113551,182660636.2800026,0.0,5058.916915912789,100.0,Brazil,Brazil,None,sir
2020-08-22,3586586,114379,183137378.10741663,0.0,5006.175569397099,100.0,Brazil,Brazil,None,sir
2020-08-23,3608459,114834,183583055.1562561,0.0,4987.574922044455,100.0,Brazil,Brazil,None,sir
2020-08-24,3631972,115557,183999900.5495751,0.0,4966.115612939061,100.0,Brazil,Brazil,None,sir
2020-08-25,3678279,116760,184389984.96963352,0.0,4912.941785265161,100.0,Brazil,Brazil,None,sir
2020-08-26,3726431,117839,184755216.6578971,0.0,4857.966930231557,100.0,Brazil,Brazil,None,sir
2020-08-27,3768691,118824,185097341.41503748,0.0,4811.449132206315,100.0,Brazil,Brazil,None,sir
2020-08-28,3812779,119673,185417944.91197392,0.0,4763.0656251509445,100.0,Brazil,Brazil,None,sir
2020-08-29,3850070,120570,185718521.49836275,0.0,4723.7699963471505,100.0,Brazil,Brazil,None,sir
2020-08-30,3864604,120971,186000420.32047164,0.0,4712.923143495987,100.0,Brazil,Brazil,None,sir
2020-08-31,3914829,121618,186264883.2619081,0.0,4657.931528092495,100.0,Brazil,Brazil,None,sir
2020-09-01,3959158,122768,186513077.4941788,0.0,4610.92786633367,100.0,Brazil,Brazil,None,sir
2020-09-02,4005611,123972,186746095.47668943,0.0,4562.1126084557245,100.0,Brazil,Brazil,None,sir
2020-09-03,4052420,124839,186964954.95674482,0.0,4513.66183556356,100.0,Brazil,Brazil,None,sir
2020-09-04,4091959,125688,187170598.9695488,0.0,4474.107388894874,100.0,Brazil,Brazil,None,sir
2020-09-05,4125816,126292,187363895.8382043,0.0,4441.256707478092,100.0,Brazil,Brazil,None,sir
2020-09-06,4140488,126750,187545645.18201342,0.0,4429.554129416953,100.0,Brazil,Brazil,None,sir
2020-09-07,4150004,127070,187716589.5171627,0.0,4423.286953871917,100.0,Brazil,Brazil,None,sir
2020-09-08,4168790,127595,187877400.6432099,0.0,4406.760970046702,100.0,Brazil,Brazil,None,sir
2020-09-09,4205877,128752,188028712.00395188,0.0,4370.618422839086,100.0,Brazil,Brazil,None,sir
2020-09-10,4246638,129726,188171121.12311855,0.0,4331.0610210505,100.0,Brazil,Brazil,None,sir
2020-09-11,4288171,130574,188305189.6043729,0.0,4291.2705347891415,100.0,Brazil,Brazil,None,sir
2020-09-12,4318971,131341,188431443.13131085,0.0,4262.878174715942,100.0,Brazil,Brazil,None,sir
2020-09-13,4332991,131746,188550371.4674615,0.0,4251.506187468691,100.0,Brazil,Brazil,None,sir
2020-09-14,4353602,132204,188662428.44775409,0.0,4233.4790007849615,100.0,Brazil,Brazil,None,sir
2020-09-15,4388154,133286,188768028.92245388,0.0,4201.763997399678,100.0,Brazil,Brazil,None,sir
2020-06-15,893322,44190,1642068.590235542,83776.46078733532,83.81598015447308,89.58239598853886,Brazil,Brazil,None,seir
2020-06-16,930305,45522,1758318.0596149708,89724.6224105173,89.00447268529899,97.10167042422852,Brazil,Brazil,None,seir
2020-06-17,961230,46707,1882685.577038169,96091.09131790999,95.86213258410254,105.73167045177381,Brazil,Brazil,None,seir
2020-06-18,986750,47946,2015727.0996858133,102904.58345752812,104.27941217996587,114.62600312336404,Brazil,Brazil,None,seir
2020-06-19,1042809,49118,2158033.8148602624,110195.70334364744,106.94430282633371,124.34892166547384,Brazil,Brazil,None,seir
2020-06-20,1106332,50100,2310234.320657134,117997.33455571932,108.81926227001786,135.52362186770324,Brazil,Brazil,None,seir
2020-06-21,1086536,50683,2472994.635702355,126344.64045664627,127.60356175058672,149.28406064488345,Brazil,Brazil,None,seir
2020-06-22,1114728,51445,2647018.378143866,135275.07342139469,137.4586785425562,162.95086679248652,Brazil,Brazil,None,seir
2020-06-23,1154255,52851,2833057.1404104135,144828.4611253838,145.44464961472235,174.03163823841325,Brazil,Brazil,None,seir
2020-06-24,1195288,53955,3031915.7949380404,155046.6791682699,153.6556708456908,187.3629490654618,Brazil,Brazil,None,seir
2020-06-25,1236752,55135,3244446.257109543,165974.52293034067,162.33604288568304,201.0329607877767,Brazil,Brazil,None,seir
2020-06-26,1281636,56128,3471548.1766810617,177659.95052822286,170.86849750483458,216.5264226913891,Brazil,Brazil,None,seir
2020-06-27,1318556,57159,3714168.9377820855,190154.08281488257,181.68458053977878,232.6756640509501,Brazil,Brazil,None,seir
2020-06-28,1351439,57753,3973307.8593116594,203511.23460274513,194.00571237855792,252.3821006748483,Brazil,Brazil,None,seir
2020-06-29,1372989,58475,4250038.4624884995,217788.44473149718,209.54643209002398,272.44710514150864,Brazil,Brazil,None,seir
2020-06-30,1412669,59792,4545496.281793811,233046.02490787843,221.76654841253054,289.76121372069576,Brazil,Brazil,None,seir
2020-07-01,1459494,60878,4860872.505495082,249348.45673841407,233.05190055560908,309.5871361385296,Brazil,Brazil,None,seir
2020-07-02,1503895,62137,5197414.0795955965,266764.4113303402,245.59687209516602,329.31652852622466,Brazil,Brazil,None,seir
2020-07-03,1546935,63350,5556426.151241008,285366.7382907977,259.1893745529714,350.46051821751803,Brazil,Brazil,None,seir
2020-07-04,1580502,64410,5939303.206293324,305231.66190676816,275.78587096336,373.88862273989776,Brazil,Brazil,None,seir
2020-07-05,1605695,64968,6347519.750966486,326439.1477333242,295.31291751960896,402.4614390674243,Brazil,Brazil,None,seir
2020-07-06,1630149,65653,6782607.492820986,349074.335184291,316.0728554764617,431.6959395370981,Brazil,Brazil,None,seir
2020-07-07,1676848,66953,7246154.922047876,373227.60904882214,332.12950261728406,457.4471779439639,Brazil,Brazil,None,seir
2020-07-08,1722098,68126,7739811.906348478,398994.47012552933,349.4408510054874,485.6713591367897,Brazil,Brazil,None,seir
2020-07-09,1765060,69348,8265336.169841519,426473.9036937243,368.27508242447954,514.9765006831117,Brazil,Brazil,None,seir
2020-07-10,1809371,70646,8824566.50203316,455769.3928033283,387.7145981688199,545.1453625163891,Brazil,Brazil,None,seir
2020-07-11,1844318,71578,9419386.382577155,486990.51148800267,410.72463547919364,580.3633958590666,Brazil,Brazil,None,seir
2020-07-12,1867976,72195,10051723.38811096,520252.9609171388,438.10773736445003,620.6218725910919,Brazil,Brazil,None,seir
2020-07-13,1890869,73030,10723570.313713416,555677.6191410832,467.1239157082493,660.8895236766851,Brazil,Brazil,None,seir
2020-07-14,1933791,74324,11437042.57115171,593388.1244566721,491.4311614415265,698.3802331099942,Brazil,Brazil,None,seir
2020-07-15,1973933,75604,12194291.943843067,633513.8169123654,517.7662536592208,737.9369040161438,Brazil,Brazil,None,seir
2020-07-16,2017616,76903,12997479.842349729,676190.5748677315,544.199879578162,779.2772386873484,Brazil,Brazil,None,seir
2020-07-17,2052234,78026,13848782.396257287,721560.477486194,574.814977057065,824.7692788124394,Brazil,Brazil,None,seir
2020-07-18,2077987,78870,14750474.344254872,769767.7432384761,609.8443996163052,875.9956171402005,Brazil,Brazil,None,seir
2020-07-19,2101399,79578,15704880.231914315,820959.8927225388,647.3535597910876,931.6417762730136,Brazil,Brazil,None,seir
2020-07-20,2124152,80346,16714273.622913886,875290.5155961325,686.8680594850974,989.4014830808409,Brazil,Brazil,None,seir
2020-07-21,2171079,81663,17780875.091226257,932919.172340206,718.9879360090655,1042.4012984340595,Brazil,Brazil,None,seir
2020-07-22,2237229,82959,18906939.026204128,994006.6324325389,745.1052183841765,1098.1902294296447,Brazil,Brazil,None,seir
2020-07-23,2294555,84272,20094760.610659763,1058713.3097154798,775.758507015947,1156.304952671682,Brazil,Brazil,None,seir
2020-07-24,2351458,85437,21346498.756415047,1127203.8735013194,807.7984278866578,1219.3392482195295,Brazil,Brazil,None,seir
2020-07-25,2398993,86536,22664161.390281934,1199647.3477531152,844.7364535987364,1286.2985898968236,Brazil,Brazil,None,seir
2020-07-26,2421666,87117,24049711.45670945,1276211.0139303836,893.1060458671611,1364.9391208723712,Brazil,Brazil,None,seir
2020-07-27,2449677,87802,25505096.991712745,1357057.108088377,941.1616303583183,1445.5879229270142,Brazil,Brazil,None,seir
2020-07-28,2503681,89060,27032010.897385474,1442348.920326471,979.6906993097552,1519.5249498388403,Brazil,Brazil,None,seir
2020-07-29,2559132,90259,28631869.249490194,1532250.8218430853,1018.8117396636904,1597.6155528457941,Brazil,Brazil,None,seir
2020-07-30,2617187,91461,30305972.7501907,1626919.240653257,1057.9597770503485,1678.8119970842838,Brazil,Brazil,None,seir
2020-07-31,2670451,92728,32055494.78634975,1726500.1199550126,1100.3775686709755,1761.8972909531237,Brazil,Brazil,None,seir
2020-08-01,2711992,93669,33881202.43169684,1831136.0837501339,1149.3105596069915,1854.9008570072638,Brazil,Brazil,None,seir
2020-08-02,2736058,94193,35783456.108971514,1940965.4387035714,1207.8471329544736,1960.6259899393497,Brazil,Brazil,None,seir
2020-08-03,2756164,94795,37762464.66760873,2056108.6284235236,1270.1094952117774,2069.0053572693955,Brazil,Brazil,None,seir
2020-08-04,2812447,96153,39818132.517745726,2176670.728255603,1315.782502487895,2163.7574784516373,Brazil,Brazil,None,seir
2020-08-05,2868616,97519,41949806.28884023,2302748.2762486218,1362.3709234292853,2261.3329466551354,Brazil,Brazil,None,seir
2020-08-06,2922605,98745,44156353.46872283,2434424.888892713,1410.8560160789032,2365.3652224342627,Brazil,Brazil,None,seir
2020-08-07,2972008,99830,46436480.16306955,2571754.914250943,1462.4614793455992,2476.1343426334197,Brazil,Brazil,None,seir
2020-08-08,3018397,100657,48788377.88737263,2714774.544569376,1516.3671606939918,2597.0548939163455,Brazil,Brazil,None,seir
2020-08-09,3041127,101226,51209582.4703741,2863505.863615653,1583.9014769976427,2728.8244755454657,Brazil,Brazil,None,seir
2020-08-10,3067633,102015,53697237.42801958,3017944.713010471,1650.445292120002,2858.334277322424,Brazil,Brazil,None,seir
2020-08-11,3118153,103209,56248253.45896576,3178051.8312145947,1703.8965201183444,2979.2390500969823,Brazil,Brazil,None,seir
2020-08-12,3173107,104393,58858901.64787447,3343768.4920814913,1754.9296209637578,3103.058147655007,Brazil,Brazil,None,seir
2020-08-13,3233820,105635,61524829.21637453,3515015.704057411,1802.5434073750096,3227.510488055484,Brazil,Brazil,None,seir
2020-08-14,3283227,106642,64241525.16738615,3691674.3823818043,1856.6580430590438,3361.7452620747963,Brazil,Brazil,None,seir
2020-08-15,3320108,107365,67004119.98544241,3873594.2590057394,1918.1307350677268,3507.8743156575597,Brazil,Brazil,None,seir
2020-08-16,3343114,107952,69807143.5924861,4060605.5414286708,1988.0874416034303,3661.4917198650055,Brazil,Brazil,None,seir
2020-08-17,3367511,108748,72644763.75357392,4252510.114358724,2057.2242452533615,3810.426044027223,Brazil,Brazil,None,seir
2020-08-18,3416775,110100,75511175.86568473,4449066.605105513,2110.013122482011,3940.93242970528,Brazil,Brazil,None,seir
2020-08-19,3465378,111263,78400201.90345563,4650012.358909546,2162.3852838984844,4079.2980226216678,Brazil,Brazil,None,seir
2020-08-20,3508352,112500,81305261.62935743,4855066.843890408,2217.477312121401,4215.614972347029,Brazil,Brazil,None,seir
2020-08-21,3540678,113551,84219847.49760818,5063914.612353331,2278.6361679206125,4359.594906564743,Brazil,Brazil,None,seir
2020-08-22,3586586,114379,87137524.59160237,5276210.1447719205,2329.539528442992,4512.918581882968,Brazil,Brazil,None,seir
2020-08-23,3608459,114834,90051658.01723853,5491596.594868748,2395.5710461789513,4682.204394925499,Brazil,Brazil,None,seir
2020-08-24,3631972,115557,92955540.33007342,5709702.568162808,2459.3683081828112,4841.026998072647,Brazil,Brazil,None,seir
2020-08-25,3678279,116760,95842881.00486231,5930125.879104171,2505.644677982891,4978.901917697988,Brazil,Brazil,None,seir
2020-08-26,3726431,117839,98707519.12447548,6152453.91993157,2548.8487006595715,5121.067660054456,Brazil,Brazil,None,seir
2020-08-27,3768691,118824,101543335.77317597,6376272.794967391,2594.3927154859866,5266.148921907519,Brazil,Brazil,None,seir
2020-08-28,3812779,119673,104344495.59930344,6601159.9227818735,2636.704529669919,5415.997696039937,Brazil,Brazil,None,seir
2020-08-29,3850070,120570,107105707.79013,6826677.500970336,2681.915855818985,5562.003401319014,Brazil,Brazil,None,seir
2020-08-30,3864604,120971,109821939.41422468,7052393.663918817,2741.7384915563066,5729.82174564054,Brazil,Brazil,None,seir
2020-08-31,3914829,121618,112488404.77126174,7277885.605125445,2773.392548467934,5884.217472023422,Brazil,Brazil,None,seir
2020-09-01,3959158,122768,115100798.55330437,7502732.23102547,2807.2039699679676,6011.309324111715,Brazil,Brazil,None,seir
2020-09-02,4005611,123972,117655379.32382414,7726514.57672963,2837.264235688991,6132.467473888967,Brazil,Brazil,None,seir
2020-09-03,4052420,124839,120148768.0098504,7948830.584676745,2864.8646490208416,6267.265505712754,Brazil,Brazil,None,seir
2020-09-04,4091959,125688,122577950.61632018,8169296.204779635,2895.581104706088,6399.662819664276,Brazil,Brazil,None,seir
2020-09-05,4125816,126292,124940396.90666774,8387541.280055458,2928.2590621265645,6541.387641383031,Brazil,Brazil,None,seir
2020-09-06,4140488,126750,127234092.10499786,8603211.376555478,2972.9250297307435,6687.543492351462,Brazil,Brazil,None,seir
2020-09-07,4150004,127070,129457404.29985517,8815975.0679908,3019.4525185964926,6837.888618864248,Brazil,Brazil,None,seir
2020-09-08,4168790,127595,131609099.4248446,9025523.495456073,3057.0095741173,6973.571453000566,Brazil,Brazil,None,seir
2020-09-09,4205877,128752,133688349.11557035,9231569.827501323,3078.608150347011,7070.0399430698735,Brazil,Brazil,None,seir
2020-09-10,4246638,129726,135694723.56849986,9433850.290412517,3095.3447307846786,7172.135339417324,Brazil,Brazil,None,seir
2020-09-11,4288171,130574,137628059.1659181,9632131.503859786,3109.481598702993,7276.760690382301,Brazil,Brazil,None,seir
2020-09-12,4318971,131341,139488540.5402637,9826202.109774005,3129.6706910109774,7381.443045030877,Brazil,Brazil,None,seir
2020-09-13,4332991,131746,141276714.86550888,10015871.627469786,3160.489460179098,7502.410416612106,Brazil,Brazil,None,seir
2020-09-14,4353602,132204,142993419.96708614,10200973.983666027,3184.485351832486,7616.085733915787,Brazil,Brazil,None,seir
2020-09-15,4388154,133286,144639602.3090767,10381374.547714232,3196.1377907219457,7688.795933342009,Brazil,Brazil,None,seir
2020-06-15,893322,44190,2350123.4973318856,313799.93097044807,163.07686336302987,610.1152545156101,Brazil,Brazil,None,seird
2020-06-16,930305,45522,2599332.3162114318,347163.86954360857,179.40646521425035,662.6287718984415,Brazil,Brazil,None,seird
2020-06-17,961230,46707,2874368.064971345,384006.31251869805,199.03020764763323,722.1600884636093,Brazil,Brazil,None,seird
2020-06-18,986750,47946,3177783.4291203823,424671.0288945256,222.04544505907094,785.7277539200885,Brazil,Brazil,None,seird
2020-06-19,1042809,49118,3512337.7837922024,469539.4153900915,236.81506237404957,855.9416413333023,Brazil,Brazil,None,seird
2020-06-20,1106332,50100,3881033.464607479,519022.4835685989,250.80188086464813,935.9730210950078,Brazil,Brazil,None,seird
2020-06-21,1086536,50683,4287127.534360775,573563.469209335,294.56838377750717,1031.6683487744117,Brazil,Brazil,None,seird
2020-06-22,1114728,51445,4734112.394638829,633651.4841411817,324.6876722069266,1131.7066462069815,Brazil,Brazil,None,seird
2020-06-23,1154255,52851,5225770.90735862,699805.7041743312,352.73972452868907,1224.1106207533087,Brazil,Brazil,None,seird
2020-06-24,1195288,53955,5766152.728547238,772588.1410516523,382.40697878228826,1331.912039758414,Brazil,Brazil,None,seird
2020-06-25,1236752,55135,6359565.794993327,852609.8652993812,414.2151211393495,1446.4040360921035,Brazil,Brazil,None,seird
2020-06-26,1281636,56128,7010634.109234364,940510.0827388644,447.0066469133485,1575.6522283688432,Brazil,Brazil,None,seird
2020-06-27,1318556,57159,7724213.299522431,1036984.7343174788,485.80851321615694,1714.210770512918,Brazil,Brazil,None,seird
2020-06-28,1351439,57753,8505441.743476963,1142764.9032186596,529.3618686064974,1878.7108950507497,Brazil,Brazil,None,seird
2020-06-29,1372989,58475,9359706.541851083,1258618.5639875631,581.7029518700502,2052.4045557718055,Brazil,Brazil,None,seird
2020-06-30,1412669,59792,10292568.174969958,1385367.5414467414,628.5902199998696,2216.9780931341006,Brazil,Brazil,None,seird
2020-07-01,1459494,60878,11309828.552991053,1523845.4358904748,674.9143575095926,2403.1134989494967,Brazil,Brazil,None,seird
2020-07-02,1503895,62137,12417345.876700576,1674939.7623092667,725.679045192688,2595.5594288576317,Brazil,Brazil,None,seird
2020-07-03,1546935,63350,13621105.437917039,1839542.0379681278,780.522157551354,2803.775908394835,Brazil,Brazil,None,seird
2020-07-04,1580502,64410,14927048.395025946,2018568.0535002097,844.449826385917,3033.93580732838,Brazil,Brazil,None,seird
2020-07-05,1605695,64968,16341020.250028552,2212940.2701016874,917.6914202279107,3306.2003911182237,Brazil,Brazil,None,seird
2020-07-06,1630149,65653,17868700.27387162,2423557.6802787534,996.1390813889785,3591.4652495373452,Brazil,Brazil,None,seird
2020-07-07,1676848,66953,19515377.657897417,2651322.800357431,1063.8131576563537,3859.976103173019,Brazil,Brazil,None,seird
2020-07-08,1722098,68126,21285989.792265657,2897061.767994985,1136.0498526951228,4152.505310740371,Brazil,Brazil,None,seird
2020-07-09,1765060,69348,23184758.050551035,3161584.424222262,1213.5393726304508,4459.013128312658,Brazil,Brazil,None,seird
2020-07-10,1809371,70646,25215288.518030487,3445573.697813923,1293.5941560923927,4777.238198643834,Brazil,Brazil,None,seird
2020-07-11,1844318,71578,27380144.354204398,3749657.673512457,1384.5674311156968,5138.561671899825,Brazil,Brazil,None,seird
2020-07-12,1867976,72195,29680958.68447441,4074291.4198058075,1488.9368324043996,5543.453729213668,Brazil,Brazil,None,seird
2020-07-13,1890869,73030,32118019.864191223,4419824.414966098,1598.5851407046825,5952.066842347115,Brazil,Brazil,None,seird
2020-07-14,1933791,74324,34690375.35314761,4786391.382826963,1693.9050990074734,6339.900143731451,Brazil,Brazil,None,seird
2020-07-15,1973933,75604,37395488.91478047,5173968.726683411,1794.4659679320657,6743.511886518452,Brazil,Brazil,None,seird
2020-07-16,2017616,76903,40229341.07469257,5582284.468568397,1893.9047407778571,7158.864372740201,Brazil,Brazil,None,seird
2020-07-17,2052234,78026,43186203.85360653,6010863.402372681,2004.3508612373894,7603.667242166304,Brazil,Brazil,None,seird
2020-07-18,2077987,78870,46258753.52464656,6458963.864757457,2126.132960631927,8089.379820917277,Brazil,Brazil,None,seird
2020-07-19,2101399,79578,49437997.7097479,6925612.318499062,2252.6230720461895,8602.923318629599,Brazil,Brazil,None,seird
2020-07-20,2124152,80346,52713409.097978465,7409575.072986304,2381.6213292635584,9122.083330827052,Brazil,Brazil,None,seird
2020-07-21,2171079,81663,56073027.38666436,7909379.718768556,2482.726256698368,9585.389611903256,Brazil,Brazil,None,seird
2020-07-22,2237229,82959,59503603.33721109,8423331.563314283,2559.701055958558,10053.607882585715,Brazil,Brazil,None,seird
2020-07-23,2294555,84272,62990880.77129042,8949513.363797722,2645.2329872803407,10519.794669401132,Brazil,Brazil,None,seird
2020-07-24,2351458,85437,66519720.40134597,9485857.021063453,2728.8712960786866,11002.750589397396,Brazil,Brazil,None,seird
2020-07-25,2398993,86536,70074540.7759015,10030108.65643311,2820.998134463148,11490.67747114855,Brazil,Brazil,None,seird
2020-07-26,2421666,87117,73639389.88817443,10579960.515167855,2940.856579238195,12044.541840476433,Brazil,Brazil,None,seird
2020-07-27,2449677,87802,77198479.30605099,11132976.47720395,3051.373805854853,12579.638820532506,Brazil,Brazil,None,seird
2020-07-28,2503681,89060,80736215.26865506,11686762.718547888,3124.700561639245,13022.34753935312,Brazil,Brazil,None,seird
2020-07-29,2559132,90259,84237682.82112327,12238887.896619618,3191.6505604682866,13459.742404214114,Brazil,Brazil,None,seird
2020-07-30,2617187,91461,87688737.42474966,12787018.100337986,3250.49568199558,13880.842217270734,Brazil,Brazil,None,seird
2020-07-31,2670451,92728,91076254.34710142,13328907.781466736,3310.519584411076,14274.199574526287,Brazil,Brazil,None,seird
2020-08-01,2711992,93669,94388313.07683696,13862440.504328359,3380.405291639391,14699.389877471052,Brazil,Brazil,None,seird
2020-08-02,2736058,94193,97614303.78687797,14385659.57187607,3467.698630178087,15172.535721206532,Brazil,Brazil,None,seird
2020-08-03,2756164,94795,100744978.36443752,14896803.770173272,3555.2606580899223,15614.756864996332,Brazil,Brazil,None,seird
2020-08-04,2812447,96153,103772539.34266406,15394302.320099229,3589.7598192130927,15910.215302797864,Brazil,Brazil,None,seird
2020-08-05,2868616,97519,106690633.65622583,15876786.588752719,3619.237209031318,16180.711029391932,Brazil,Brazil,None,seird
2020-08-06,2922605,98745,109494251.34300782,16343140.681409616,3646.46082323844,16450.85389782735,Brazil,Brazil,None,seird
2020-08-07,2972008,99830,112179824.61595063,16792400.54996255,3674.5465226187357,16720.99624357663,Brazil,Brazil,None,seird
2020-08-08,3018397,100657,114744937.64157839,17223888.56194202,3701.5190725931147,17011.46622881868,Brazil,Brazil,None,seird
2020-08-09,3041127,101226,117188425.30214882,17637067.05968115,3753.453844648672,17323.455495308666,Brazil,Brazil,None,seird
2020-08-10,3067633,102015,119510166.41055131,18031603.92917503,3795.843029806737,17575.443737857207,Brazil,Brazil,None,seird
2020-08-11,3118153,103209,121710933.45442367,18407370.41607573,3803.30216170995,17735.0438586516,Brazil,Brazil,None,seird
2020-08-12,3173107,104393,123792413.52219082,18764336.897176582,3801.2996889859314,17874.7079757997,Brazil,Brazil,None,seird
2020-08-13,3233820,105635,125756905.63864839,19102683.184552714,3788.803509120742,17983.668466467283,Brazil,Brazil,None,seird
2020-08-14,3283227,106642,127607390.75020424,19422648.264045473,3786.6453873035352,18112.944490956164,Brazil,Brazil,None,seird
2020-08-15,3320108,107365,129347279.78452839,19724623.782020412,3795.875669843523,18271.558498598624,Brazil,Brazil,None,seird
2020-08-16,3343114,107952,130980399.72648108,20009065.01987767,3817.9160425424043,18435.149899842218,Brazil,Brazil,None,seird
2020-08-17,3367511,108748,132510880.90589312,20276501.254011467,3834.9798977907753,18545.401528314513,Brazil,Brazil,None,seird
2020-08-18,3416775,110100,133943037.36075084,20527538.74182903,3820.159722567358,18544.449356792946,Brazil,Brazil,None,seird
2020-08-19,3465378,111263,135281375.46043405,20762793.68916409,3803.7985310818635,18561.004726786166,Brazil,Brazil,None,seird
2020-08-20,3508352,112500,136530423.35343325,20982955.113507237,3791.5828102035725,18551.515656450876,Brazil,Brazil,None,seird
2020-08-21,3540678,113551,137694782.92941618,21188694.999999724,3788.9383030429817,18560.069043865507,Brazil,Brazil,None,seird
2020-08-22,3586586,114379,138778998.14688227,21380723.954542667,3769.3899476237925,18592.87540067903,Brazil,Brazil,None,seird
2020-08-23,3608459,114834,139787562.79931796,21559743.834031988,3773.885301158138,18674.704211324162,Brazil,Brazil,None,seird
2020-08-24,3631972,115557,140724886.0177835,21726447.902771078,3774.6137364986153,18701.498743279142,Brazil,Brazil,None,seird
2020-08-25,3678279,116760,141595228.9492769,21881537.19972437,3749.49670618452,18640.61082538915,Brazil,Brazil,None,seird
2020-08-26,3726431,117839,142402747.72168934,22025673.88382541,3721.4245137422195,18591.3278997831,Brazil,Brazil,None,seird
2020-08-27,3768691,118824,143151409.54069752,22159524.47529629,3698.4384907305357,18549.030898889356,Brazil,Brazil,None,seird
2020-08-28,3812779,119673,143845033.69104874,22283720.056659218,3672.708402219188,18520.50759708474,Brazil,Brazil,None,seird
2020-08-29,3850070,120570,144487265.65342072,22398868.88134244,3652.847757402352,18477.48103287919,Brazil,Brazil,None,seird
2020-08-30,3864604,120971,145081555.85458714,22505563.427528854,3654.1118276177103,18504.09802971692,Brazil,Brazil,None,seird
2020-08-31,3914829,121618,145631199.7987711,22604354.22940036,3619.988786196565,18486.35582676936,Brazil,Brazil,None,seird
2020-09-01,3959158,122768,146139291.89003587,22695778.174743693,3591.170998733465,18386.7214377881,Brazil,Brazil,None,seird
2020-09-02,4005611,123972,146608758.2748433,22780338.988952853,3560.084772955819,18275.390401826906,Brazil,Brazil,None,seird
2020-09-03,4052420,124839,147042360.44518954,22858508.73632667,3528.50742137265,18210.390772376155,Brazil,Brazil,None,seird
2020-09-04,4091959,125688,147442673.22817355,22930742.388464354,3503.2294856369176,18144.177955305484,Brazil,Brazil,None,seird
2020-09-05,4125816,126292,147812125.71813577,22997459.502698846,3482.6155533386795,18109.751609523046,Brazil,Brazil,None,seird
2020-09-06,4140488,126750,148152986.09657422,23059056.757943347,3478.152770798375,18092.54971040895,Brazil,Brazil,None,seird
2020-09-07,4150004,127070,148467365.25384882,23115909.637154773,3477.5234253713693,18091.47685303752,Brazil,Brazil,None,seird
2020-09-08,4168790,127595,148757246.19158655,23168363.00411466,3468.355474648197,18057.73580791932,Brazil,Brazil,None,seird
2020-09-09,4205877,128752,149024467.34486538,23216743.48351588,3443.243593306827,17932.142012175253,Brazil,Brazil,None,seird
2020-09-10,4246638,129726,149270737.79437166,23261356.397907425,3415.033252054253,17831.14441045544,Brazil,Brazil,None,seird
2020-09-11,4288171,130574,149497656.70361486,23302481.950642325,3386.280204395181,17746.18833048105,Brazil,Brazil,None,seird
2020-09-12,4318971,131341,149706700.1443104,23340384.819010418,3366.258517232702,17670.8292300275,Brazil,Brazil,None,seird
2020-09-13,4332991,131746,149899237.90553004,23375310.88424027,3359.4864818673764,17642.710127245056,Brazil,Brazil,None,seird
2020-09-14,4353602,132204,150076547.45651394,23407485.729963858,3347.181149230314,17605.580564857235,Brazil,Brazil,None,seird
2020-09-15,4388154,133286,150239806.33350548,23437121.184410732,3323.758745329026,17484.08323785749,Brazil,Brazil,None,seird
2020-06-15,186461,8791,169149.94737191912,7947.415666105675,9.284007180097117,9.595999703040894,Germany,Germany,None,delphi
2020-06-16,186839,8800,169864.69692063722,7969.9040906411155,9.084989257790282,9.432908060896414,Germany,Germany,None,delphi
2020-06-17,187184,8830,170536.7963549684,7993.128396219898,8.8934971178261,9.477594606796176,Germany,Germany,None,delphi
2020-06-18,187764,8856,171162.67551989105,8016.889040188848,8.841590762930565,9.475056005094304,Germany,Germany,None,delphi
2020-06-19,188534,8872,171741.46005373416,8040.993440201361,8.906902705223375,9.366620376449939,Germany,Germany,None,delphi
2020-06-20,189135,8883,172273.96856803662,8065.262620628642,8.914812928312251,9.205644257248203,Germany,Germany,None,delphi
2020-06-21,189822,8882,172762.04725683542,8089.534656517435,8.987342217005713,8.922149780258556,Germany,Germany,None,delphi
2020-06-22,190359,8885,173208.12769538502,8113.666093026438,9.00975120935442,8.681304524181902,Germany,Germany,None,delphi
2020-06-23,190862,8895,173614.93287137643,8137.532092403089,9.036407000148575,8.515659444597084,Germany,Germany,None,delphi
2020-06-24,191449,8914,173985.28996233412,8161.025737158056,9.121860149525919,8.44709740679767,Germany,Germany,None,delphi
2020-06-25,192079,8927,174322.0163860243,8184.056924976569,9.244625187540384,8.322427187447424,Germany,Germany,None,delphi
2020-06-26,192556,8948,174627.83577010856,8206.551016972317,9.310623522451358,8.28619784340281,Germany,Germany,None,delphi
2020-06-27,193243,8954,174905.3428241064,8228.447371582772,9.489428944848509,8.103111775935094,Germany,Germany,None,delphi
2020-06-28,193499,8957,175156.97502981452,8249.697924585344,9.479131659690994,7.896640341795874,Germany,Germany,None,delphi
2020-06-29,193761,8961,175385.00387565503,8270.265705933316,9.483846658690327,7.70822781014043,Germany,Germany,None,delphi
2020-06-30,194259,8973,175591.53294761252,8290.123613295988,9.609576417250928,7.610346447163853,Germany,Germany,None,delphi
2020-07-01,194725,8985,175778.50135300212,8309.253061387772,9.729874770572795,7.520834041315842,Germany,Germany,None,delphi
2020-07-02,195228,8994,175947.689611503,8327.642940783582,9.875791581380227,7.4089065956906595,Germany,Germany,None,delphi
2020-07-03,195674,9003,176100.7301038556,8345.288577862339,10.002999834492265,7.305469533907158,Germany,Germany,None,delphi
2020-07-04,196096,9010,176239.11394153003,8362.190694331473,10.126104590848346,7.189892404756122,Germany,Germany,None,delphi
2020-07-05,196335,9012,176364.2032788549,8378.354842599643,10.171796532021853,7.0311269130088405,Germany,Germany,None,delphi
2020-07-06,196554,9016,176477.23943200862,8393.790300593939,10.214373947104297,6.901172353660838,Germany,Germany,None,delphi
2020-07-07,196944,9024,176579.35271843077,8408.509779572969,10.34032378826937,6.820591981682525,Germany,Germany,None,delphi
2020-07-08,197341,9036,176671.57205269524,8422.528608959094,10.473965342886052,6.789192021258371,Germany,Germany,None,delphi
2020-07-09,197783,9048,176754.83270220814,8435.864245106715,10.631938689266452,6.765426115089353,Germany,Germany,None,delphi
2020-07-10,198178,9054,176829.98413197577,8448.536020712874,10.77214214898941,6.687254023493767,Germany,Germany,None,delphi
2020-07-11,198556,9060,176897.79850206163,8460.564459469922,10.907855465429584,6.616286319316529,Germany,Germany,None,delphi
2020-07-12,198804,9063,176958.97605196788,8471.971165963902,10.988221538818193,6.521337681077993,Germany,Germany,None,delphi
2020-07-13,198963,9064,177014.15217092316,8482.778470817022,11.0316228791669,6.412417577040798,Germany,Germany,None,delphi
2020-07-14,199375,9068,177063.90352219454,8493.009067373034,11.190518609557598,6.340879274668794,Germany,Germany,None,delphi
2020-07-15,199726,9071,177108.75210728394,8502.685981199298,11.32413801543918,6.265174939926159,Germany,Germany,None,delphi
2020-07-16,200260,9078,177149.1714744325,8511.832238883924,11.540411727537943,6.236701488390348,Germany,Germany,None,delphi
2020-07-17,200843,9082,177185.59063285976,8520.4707334593,11.779055962687393,6.182881155480066,Germany,Germany,None,delphi
2020-07-18,201372,9083,177218.3974316201,8528.624179324303,11.994518884641307,6.103444023733321,Germany,Germany,None,delphi
2020-07-19,201574,9084,177247.94366183114,8536.314882478731,12.068052595160514,6.029118422735234,Germany,Germany,None,delphi
2020-07-20,201823,9086,177274.54737632544,8543.5647171346,12.163357309957021,5.970011917955087,Germany,Germany,None,delphi
2020-07-21,202345,9090,177298.4960263591,8550.395062266216,12.378118546858538,5.936247939865611,Germany,Germany,None,delphi
2020-07-22,202799,9095,177320.05012422352,8556.826682157733,12.563646702289697,5.917243736583478,Germany,Germany,None,delphi
2020-07-23,203368,9101,177339.4447560261,8562.879737680298,12.798746727102547,5.912759722225055,Germany,Germany,None,delphi
2020-07-24,204183,9111,177356.89245786474,8568.573730618187,13.138266918467872,5.95353165823524,Germany,Germany,None,delphi
2020-07-25,204964,9118,177372.58556767204,8573.927460350276,13.46159053898634,5.967016227788152,Germany,Germany,None,delphi
2020-07-26,205269,9118,177386.69740139917,8578.959040042031,13.58329927977475,5.91183329631464,Germany,Germany,None,delphi
2020-07-27,205609,9118,177399.3847180027,8583.685865209907,13.7200294160262,5.859992704431814,Germany,Germany,None,delphi
2020-07-28,206242,9122,177410.78912759924,8588.12461080709,13.97931113565654,5.852613343487283,Germany,Germany,None,delphi
2020-07-29,206926,9128,177421.038113919,8592.291245252482,14.258702089675054,5.868851388557389,Germany,Germany,None,delphi
2020-07-30,207828,9134,177430.24701445218,8596.201026180757,14.626399227028033,5.887880160053019,Germany,Germany,None,delphi
2020-07-31,208698,9141,177438.51980129647,8599.868512706209,14.97833242230569,5.919828107360146,Germany,Germany,None,delphi
2020-08-01,209653,9148,177445.95007157075,8603.30758064925,15.362074441305035,5.9542240856006705,Germany,Germany,None,delphi
2020-08-02,209893,9141,177452.62246958714,8606.531437542753,15.455673857828925,5.846937561068227,Germany,Germany,None,delphi
2020-08-03,210402,9148,177458.61313690976,8609.55263730756,15.657354427757456,5.885957178535627,Germany,Germany,None,delphi
2020-08-04,211281,9156,177463.99067308748,8612.383102023476,16.00570298650258,5.9372749888218035,Germany,Germany,None,delphi
2020-08-05,212022,9168,177468.8170341523,8615.034143937586,16.2969800142663,6.031477487591774,Germany,Germany,None,delphi
2020-08-06,213067,9175,177473.14786106668,8617.516479985688,16.70547393023477,6.076114659556529,Germany,Germany,None,delphi
2020-08-07,214214,9183,177477.03333651612,8619.840260798132,17.14965719490037,6.132633553325366,Germany,Germany,None,delphi
2020-08-08,215336,9195,177480.51869469607,8622.015091242965,17.579727173024448,6.23148351013632,Germany,Germany,None,delphi
2020-08-09,215891,9196,177483.6445231366,8624.050046035914,17.79016053326141,6.219551478513327,Germany,Germany,None,delphi
2020-08-10,216327,9197,177486.44745701968,8625.953702935169,17.954556085454115,6.209049658201929,Germany,Germany,None,delphi
2020-08-11,217293,9201,177488.96043776124,8627.734157775874,18.318141662289516,6.230473233606409,Germany,Germany,None,delphi
2020-08-12,218519,9207,177491.2130330435,8629.399044226386,18.775386564535125,6.273497944755232,Germany,Germany,None,delphi
2020-08-13,219964,9211,177493.23192642367,8630.955565000018,19.308054078656657,6.297301433068957,Germany,Germany,None,delphi
2020-08-14,221413,9225,177495.0410514941,8632.410502169703,19.83531181480125,6.423734393824356,Germany,Germany,None,delphi
2020-08-15,222828,9231,177496.66192294616,8633.770242463494,20.34364535742987,6.469827294296462,Germany,Germany,None,delphi
2020-08-16,223453,9231,177498.11392678323,8635.040800868841,20.565795076914057,6.456063255672831,Germany,Germany,None,delphi
2020-08-17,224014,9232,177499.41442260216,8636.227830208938,20.764142231020312,6.453338060995038,Germany,Germany,None,delphi
2020-08-18,225404,9236,177500.5790409143,8637.336649072824,21.252249720096223,6.481846588644174,Germany,Germany,None,delphi
2020-08-19,226914,9243,177501.62183117136,8638.372256859695,21.775817344380975,6.541466440985665,Germany,Germany,None,delphi
2020-08-20,228621,9253,177502.55537002912,8639.33934565298,22.359470315487588,6.632018311326279,Germany,Germany,None,delphi
2020-08-21,230048,9260,177503.39099145116,8640.242326458825,22.840715419629312,6.6928474464489724,Germany,Germany,None,delphi
2020-08-22,232082,9267,177504.1388522155,8641.085337386343,23.516628238202237,6.754231818427292,Germany,Germany,None,delphi
2020-08-23,232864,9269,177504.80805824816,8641.872260064109,23.7731860406726,6.765861904584006,Germany,Germany,None,delphi
2020-08-24,233575,9272,177505.4068079261,8642.606739168863,24.004963370255332,6.788106782044187,Germany,Germany,None,delphi
2020-08-25,234853,9277,177505.9424313014,8643.292188327123,24.41827763268879,6.83095625388463,Germany,Germany,None,delphi
2020-08-26,236429,9280,177506.42151446428,8643.931809168746,24.921891343928078,6.854183090854035,Germany,Germany,None,delphi
2020-08-27,237936,9285,177506.84997283272,8644.52860320904,25.397228677950075,6.8979148819704825,Germany,Germany,None,delphi
2020-08-28,239507,9288,177507.23309132317,8645.085378854565,25.886411214986126,6.921992045062828,Germany,Germany,None,delphi
2020-08-29,240986,9289,177507.5756257751,8645.604769608217,26.341125365882213,6.926420824542825,Germany,Germany,None,delphi
2020-08-30,241771,9295,177507.88183378635,8646.089240037923,26.580159806682214,6.9812884342342825,Germany,Germany,None,delphi
2020-08-31,242381,9298,177508.1555245839,8646.541095815253,26.764822521326376,7.006441215151071,Germany,Germany,None,delphi
2020-09-01,243599,9302,177508.4001245266,8646.962497407028,27.1308995010133,7.041899619361122,Germany,Germany,None,delphi
2020-09-02,244855,9313,177508.6186926829,8647.35546368752,27.504597131901363,7.147477035460972,Germany,Germany,None,delphi
2020-09-03,246166,9321,177508.8139728454,8647.721884008695,27.890604724923257,7.223239094424469,Germany,Germany,None,delphi
2020-09-04,247619,9322,177508.98842745557,8648.063526469616,28.313663964616786,7.229526641604638,Germany,Germany,None,delphi
2020-09-05,248997,9324,177509.14425257084,8648.382041896766,28.710328135451093,7.24600984666703,Germany,Germany,None,delphi
2020-09-06,249985,9325,177509.28342181706,8648.678975574918,28.99202615284235,7.252772379893643,Germany,Germany,None,delphi
2020-09-07,250799,9325,177509.40770073095,8648.95577138548,29.22244199509131,7.249804060209337,Germany,Germany,None,delphi
2020-09-08,252298,9329,177509.51866542973,8649.213777397736,29.642914860431024,7.286806973976464,Germany,Germany,None,delphi
2020-09-09,253474,9338,177509.61773273503,8649.454255114431,29.96929952076543,7.373589043537895,Germany,Germany,None,delphi
2020-09-10,255366,9341,177509.70616623806,8649.67838159097,30.488120514775634,7.400937998169689,Germany,Germany,None,delphi
2020-09-11,256850,9342,177509.78509664407,8649.887256349652,30.88970796315201,7.408614254446033,Germany,Germany,None,delphi
2020-09-12,258480,9347,177509.85553882932,8650.081907409964,31.325496928648516,7.456061758746511,Germany,Germany,None,delphi
2020-09-13,259428,9349,177509.91839622514,8650.263293080201,31.576422592694257,7.4739192097529035,Germany,Germany,None,delphi
2020-09-14,260355,9350,177509.9744790741,8650.432309007636,31.820024781903903,7.482007390292663,Germany,Germany,None,delphi
2020-09-15,261762,9362,177510.02451240626,8650.589791453263,32.18648065326279,7.598912716799153,Germany,Germany,None,delphi
2020-06-15,186461,8791,169149.94734916635,7947.4156661476845,9.28400719229954,9.595999702563024,Germany,Germany,None,delphi_constant
2020-06-16,186839,8800,169864.69948475616,7969.904092342968,9.084987885422125,9.432908041557177,Germany,Germany,None,delphi_constant
2020-06-17,187184,8830,170536.83599602006,7993.128450300096,8.893475940240586,9.477593994336397,Germany,Germany,None,delphi_constant
2020-06-18,187764,8856,171162.855393463,8016.889416495096,8.841494965242012,9.475051755927097,Germany,Germany,None,delphi_constant
2020-06-19,188534,8872,171741.96644269713,8040.994867871043,8.90663411231018,9.366604284591485,Germany,Germany,None,delphi_constant
2020-06-20,189135,8883,172275.06879561223,8065.266530671339,8.914231212830927,9.205600240106508,Germany,Germany,None,delphi_constant
2020-06-21,189822,8882,172764.07817174672,8089.543383453814,8.986272312088841,8.922051526077299,Germany,Germany,None,delphi_constant
2020-06-22,190359,8885,173211.47966455197,8113.6830149003135,9.007990342168236,8.681114069777001,Germany,Germany,None,delphi_constant
2020-06-23,190862,8895,173620.0323529362,8137.561705415872,9.033735184093118,8.51532652708407,Germany,Germany,None,delphi_constant
2020-06-24,191449,8914,173992.58248692474,8161.073666555926,9.118051028250477,8.446559720036726,Germany,Germany,None,delphi_constant
2020-06-25,192079,8927,174331.9511611886,8184.12988518096,9.239452953634391,8.32160988931377,Germany,Germany,None,delphi_constant
2020-06-26,192556,8948,174640.85264204853,8206.656721470508,9.303863477612472,8.285016523575008,Germany,Germany,None,delphi_constant
2020-06-27,193243,8954,174921.8617196913,8228.594417469292,9.480880694415161,8.10146953909658,Germany,Germany,None,delphi_constant
2020-06-28,193499,8957,175177.3871227195,8249.89564457231,9.468582719952305,7.894432906416092,Germany,Germany,None,delphi_constant
2020-06-29,193761,8961,175409.66631352087,8270.524022335216,9.471118381139204,7.705345136310504,Germany,Germany,None,delphi_constant
2020-06-30,194259,8973,175620.76353238247,8290.45285136558,9.59452919433207,7.606677238765401,Germany,Germany,None,delphi_constant
2020-07-01,194725,8985,175812.57709942322,8309.663843179142,9.71237535014856,7.516262179419682,Germany,Germany,None,delphi_constant
2020-07-02,195228,8994,175986.84515315024,8328.145918924243,9.855735266892948,7.403314221433808,Germany,Germany,None,delphi_constant
2020-07-03,195674,9003,176145.15700001383,8345.894452451372,9.98029528705202,7.298739837261227,Germany,Germany,None,delphi_constant
2020-07-04,196096,9010,176288.96363516268,8362.909911761051,10.100683524823207,7.181909969355702,Germany,Germany,None,delphi_constant
2020-07-05,196335,9012,176419.5861739173,8379.197552182897,10.143588166186715,7.021775941157377,Germany,Germany,None,delphi_constant
2020-07-06,196554,9016,176538.2285954888,8394.766341205735,10.183344731987754,6.890346703574362,Germany,Germany,None,delphi_constant
2020-07-07,196944,9024,176645.9873978968,8409.628313440235,10.306489460000408,6.808196881203073,Germany,Germany,None,delphi_constant
2020-07-08,197341,9036,176743.85720158328,8423.79836770406,10.43733577838195,6.775139799645205,Germany,Germany,None,delphi_constant
2020-07-09,197783,9048,176832.74487791714,8437.293311482092,10.59254593270547,6.749631835962735,Germany,Germany,None,delphi_constant
2020-07-10,198178,9054,176913.4742398824,8450.131669352935,10.730013301233033,6.6696303362830225,Germany,Germany,None,delphi_constant
2020-07-11,198556,9060,176986.79201593724,8462.333405886318,10.863035105493038,6.596761524433573,Germany,Germany,None,delphi_constant
2020-07-12,198804,9063,177053.37932881227,8473.919293073162,10.9407359364941,6.499842292031752,Germany,Germany,None,delphi_constant
2020-07-13,198963,9064,177113.85354900607,8484.910884413588,10.981512367120484,6.388891389964828,Germany,Germany,None,delphi_constant
2020-07-14,199375,9068,177168.7748658687,8495.330222101065,11.13791856257369,6.315282067698883,Germany,Germany,None,delphi_constant
2020-07-15,199726,9071,177218.6540814736,8505.199480674875,11.269111642213035,6.237465762596458,Germany,Germany,None,delphi_constant
2020-07-16,200260,9078,177263.95346927026,8514.540985020929,11.483095241550854,6.206862910102127,Germany,Germany,None,delphi_constant
2020-07-17,200843,9082,177305.093129078,8523.37696058217,11.719555508990599,6.150881297267443,Germany,Germany,None,delphi_constant
2020-07-18,201372,9083,177342.45583565405,8531.729356390355,11.932912303769118,6.069257333586315,Germany,Germany,None,delphi_constant
2020-07-19,201574,9084,177376.3876811331,8539.619867032616,12.004332066073445,5.992735941957114,Germany,Germany,None,delphi_constant
2020-07-20,201823,9086,177407.20363123863,8547.069750355051,12.097628302404269,5.931435721383988,Germany,Germany,None,delphi_constant
2020-07-21,202345,9090,177435.1904074687,8554.099752526221,12.310563439932439,5.895492271438713,Germany,Germany,None,delphi_constant
2020-07-22,202799,9095,177460.60714616533,8560.730125139049,12.494338164307845,5.874325177140747,Germany,Germany,None,delphi_constant
2020-07-23,203368,9101,177483.68994213836,8566.98051000263,12.727818564307878,5.867701241592906,Germany,Germany,None,delphi_constant
2020-07-24,204183,9111,177504.6535252408,8572.869916814829,13.065899940131743,5.906377820054564,Germany,Germany,None,delphi_constant
2020-07-25,204964,9118,177523.69195233448,8578.416736504465,13.387867160899239,5.9177809113351065,Germany,Germany,None,delphi_constant
2020-07-26,205269,9118,177540.98216930754,8583.638680941354,13.508137044898385,5.860510189281045,Germany,Germany,None,delphi_constant
2020-07-27,205609,9118,177556.68497358463,8588.552785055615,13.643524858549657,5.806615649751969,Germany,Germany,None,delphi_constant
2020-07-28,206242,9122,177570.94570821858,8593.175419388917,13.90165644814413,5.797243812881853,Germany,Germany,None,delphi_constant
2020-07-29,206926,9128,177583.89697167507,8597.52226948907,14.17999817728315,5.811543936359873,Germany,Germany,None,delphi_constant
2020-07-30,207828,9134,177595.65916819253,8601.608347641613,14.546808337571196,5.82868023164426,Germany,Germany,None,delphi_constant
2020-07-31,208698,9141,177606.34116884245,8605.448007055076,14.89791892167512,5.858789989551731,Germany,Germany,None,delphi_constant
2020-08-01,209653,9148,177616.0423288768,8609.054946844442,15.280944070021993,5.891397607734561,Germany,Germany,None,delphi_constant
2020-08-02,209893,9141,177624.85280535757,8612.442226423964,15.3736176026082,5.782275173132438,Germany,Germany,None,delphi_constant
2020-08-03,210402,9148,177632.85415548546,8615.622282184722,15.57454104263008,5.819607759240028,Germany,Germany,None,delphi_constant
2020-08-04,211281,9156,177640.12082001363,8618.606947318107,15.922340002170742,5.869299395826705,Germany,Germany,None,delphi_constant
2020-08-05,212022,9168,177646.72030775534,8621.407465811424,16.213072083201112,5.961960451446072,Germany,Germany,None,delphi_constant
2020-08-06,213067,9175,177652.71371737213,8624.034511419435,16.621197220887264,6.0050734450197805,Germany,Germany,None,delphi_constant
2020-08-07,214214,9183,177658.15681970387,8626.498214875852,17.065104605812937,6.060130514256215,Germany,Germany,None,delphi_constant
2020-08-08,215336,9195,177663.10016534402,8628.808176299164,17.494938066396692,6.157605477986252,Germany,Germany,None,delphi_constant
2020-08-09,215891,9196,177667.58952777248,8630.973485769944,17.704957813075822,6.144263965094127,Germany,Germany,None,delphi_constant
2020-08-10,216327,9197,177671.66668867107,8633.002753076384,17.86893606037569,6.132404555002896,Germany,Germany,None,delphi_constant
2020-08-11,217293,9201,177675.36950080396,8634.904118214898,18.23235470042571,6.152547351212938,Germany,Germany,None,delphi_constant
2020-08-12,218519,9207,177678.7322571343,8636.68527275519,18.68957287140509,6.194360022209292,Germany,Germany,None,delphi_constant
2020-08-13,219964,9211,177681.78625812067,8638.353489141884,19.222333537251245,6.216985244361264,Germany,Germany,None,delphi_constant
2020-08-14,221413,9225,177684.5598486475,8639.915629367611,19.749716661330858,6.342378001435106,Germany,Germany,None,delphi_constant
2020-08-15,222828,9231,177687.0787209652,8641.37816636213,20.25819074758774,6.3874101791557765,Germany,Germany,None,delphi_constant
2020-08-16,223453,9231,177689.36632297497,8642.74721116564,20.480205536298477,6.372579231224779,Germany,Germany,None,delphi_constant
2020-08-17,224014,9232,177691.4438801832,8644.028520007065,20.678420152230135,6.368841854342885,Germany,Germany,None,delphi_constant
2020-08-18,225404,9236,177693.33064135362,8645.227515084232,21.16673588696136,6.39641062056916,Germany,Germany,None,delphi_constant
2020-08-19,226914,9243,177695.04417145925,8646.349308786921,21.69057697124935,6.455162730856637,Germany,Germany,None,delphi_constant
2020-08-20,228621,9253,177696.60036506894,8647.398709451489,22.274594037700414,6.544918302696545,Germany,Germany,None,delphi_constant
2020-08-21,230048,9260,177698.01364348238,8648.380241049419,22.756114531105517,6.6049649994663175,Germany,Germany,None,delphi_constant
2020-08-22,232082,9267,177699.29716448273,8649.2981641939,23.432537997568648,6.665607378937084,Germany,Germany,None,delphi_constant
2020-08-23,232864,9269,177700.4628308483,8650.156480825015,23.689164992936522,6.676486343456521,Germany,Germany,None,delphi_constant
2020-08-24,233575,9272,177701.52144705146,8650.958952467416,23.92100120002078,6.698026828435983,Germany,Germany,None,delphi_constant
2020-08-25,234853,9277,177702.48286933385,8651.70911809624,24.334591055113687,6.740227249151237,Germany,Germany,None,delphi_constant
2020-08-26,236429,9280,177703.3560114126,8652.41029796658,24.838595937295086,6.762820065015298,Germany,Germany,None,delphi_constant
2020-08-27,237936,9285,177704.1489679045,8653.065610226871,25.314307642431366,6.805970810696055,Germany,Germany,None,delphi_constant
2020-08-28,239507,9288,177704.86912185274,8653.677985915261,25.80389336351224,6.829479049146628,Germany,Germany,None,delphi_constant
2020-08-29,240986,9289,177705.52314874023,8654.250172100348,26.258984692579556,6.83334942296966,Germany,Germany,None,delphi_constant
2020-08-30,241771,9295,177706.11711282338,8654.784746741068,26.49816681371075,6.887738066260695,Germany,Germany,None,delphi_constant
2020-08-31,242381,9298,177706.65654451575,8655.284131181677,26.682926242355737,6.912409860382046,Germany,Germany,None,delphi_constant
2020-09-01,243599,9302,177707.1464432743,8655.750592726912,27.04931200732585,6.947424288035775,Germany,Germany,None,delphi_constant
2020-09-02,244855,9313,177707.59135208116,8656.186257721067,27.423335708038977,7.05265480810623,Germany,Germany,None,delphi_constant
2020-09-03,246166,9321,177707.99541361496,8656.593121942864,27.809691259712977,7.128064349931725,Germany,Germany,None,delphi_constant
2020-09-04,247619,9322,177708.3623722843,8656.973052702333,28.23314754833664,7.133951376289069,Germany,Germany,None,delphi_constant
2020-09-05,248997,9324,177708.69563122038,8657.327800171657,28.630186053960337,7.150066493225471,Germany,Germany,None,delphi_constant
2020-09-06,249985,9325,177708.9982936239,8657.659006074811,28.912135410675077,7.156471784720522,Germany,Germany,None,delphi_constant
2020-09-07,250799,9325,177709.27316408843,8657.968205368417,29.142750503754627,7.1531559746014235,Germany,Germany,None,delphi_constant
2020-09-08,252298,9329,177709.52279167465,8658.256835895128,29.56364188710388,7.18987205600677,Germany,Germany,None,delphi_constant
2020-09-09,253474,9338,177709.7495009725,8658.526245734367,29.89034397966951,7.276437719700504,Germany,Germany,None,delphi_constant
2020-09-10,255366,9341,177709.9553928222,8658.777694516506,30.409703957135175,7.303525377191885,Germany,Germany,None,delphi_constant
2020-09-11,256850,9342,177710.1423763385,8659.01236148696,30.811702403605796,7.310935972094191,Germany,Germany,None,delphi_constant
2020-09-12,258480,9347,177710.31219288992,8659.231351844826,31.2479448340723,7.358175330642705,Germany,Germany,None,delphi_constant
2020-09-13,259428,9349,177710.4664163512,8659.435697740168,31.499118670170063,7.375808131990934,Germany,Germany,None,delphi_constant
2020-09-14,260355,9350,177710.60647633104,8659.626364834883,31.74296384692783,7.383675242407667,Germany,Germany,None,delphi_constant
2020-09-15,261762,9362,177710.7336766828,8659.804257719952,32.1098044495829,7.500488595172483,Germany,Germany,None,delphi_constant
2020-06-15,186461,8791,169149.9484851476,7947.415655720194,9.284006583066923,9.595999821178545,Germany,Germany,None,themis
2020-06-16,186839,8800,169876.00647755704,7969.913879699997,9.0789361548943,9.432796821590944,Germany,Germany,None,themis
2020-06-17,187184,8830,170617.3282459506,7993.2687123741,8.850474268126227,9.476005522377125,Germany,Germany,None,themis
2020-06-18,187764,8856,171407.65192491224,8017.530772686123,8.711120382548179,9.467809703182894,Germany,Germany,None,themis
2020-06-19,188534,8872,172270.35326370847,8042.8393774240085,8.626373352441219,9.34581405067619,Germany,Germany,None,themis
2020-06-20,189135,8883,173223.67765593526,8069.391645894204,8.412680013781024,9.159161928467816,Germany,Germany,None,themis
2020-06-21,189822,8882,174283.68462462848,8097.426860894113,8.185729459900072,8.833293617494787,Germany,Germany,None,themis
2020-06-22,190359,8885,175465.94085386582,8127.219359087203,7.823669564419955,8.528763544319606,Germany,Germany,None,themis
2020-06-23,190862,8895,176786.53758095778,8159.07625106692,7.374680354938238,8.27345417575132,Germany,Germany,None,themis
2020-06-24,191449,8914,178262.73930200742,8193.338004610934,6.887610119662457,8.084608429314178,Germany,Germany,None,themis
2020-06-25,192079,8927,179913.44069496263,8230.38073467598,6.333622782832777,7.803509189246327,Germany,Germany,None,themis
2020-06-26,192556,8948,181759.5526906914,8270.619712911222,5.606912954833191,7.570186489592954,Germany,Germany,None,themis
2020-06-27,193243,8954,183824.30974423018,8314.513765619424,4.8740136800659375,7.141905677692385,Germany,Germany,None,themis
2020-06-28,193499,8957,186133.6171728392,8362.57038803378,3.806419065297905,6.636481098204973,Germany,Germany,None,themis
2020-06-29,193761,8961,188716.36573678802,8415.351625745823,2.603534386802286,6.089146013326379,Germany,Germany,None,themis
2020-06-30,194259,8973,191604.82625590893,8473.480831939713,1.3663067060424823,5.566913719606458,Germany,Germany,None,themis
2020-07-01,194725,8985,194834.9855142423,8537.649497769096,0.056482482599712086,4.978859234623301,Germany,Germany,None,themis
2020-07-02,195228,8994,198447.06914024844,8608.626486109893,1.648876769852909,4.28478445508235,Germany,Germany,None,themis
2020-07-03,195674,9003,202485.90103263393,8687.265629091795,3.481249952795943,3.506990679864547,Germany,Germany,None,themis
2020-07-04,196096,9010,207001.56439539147,8774.517699053764,5.561339545626361,2.613566048237915,Germany,Germany,None,themis
2020-07-05,196335,9012,212049.86815526662,8871.439829190826,8.004109382059553,1.5597000755567516,Germany,Germany,None,themis
2020-07-06,196554,9016,217693.05012105205,8979.209171140377,10.754830795126043,0.4080615445832154,Germany,Germany,None,themis
2020-07-07,196944,9024,224000.52017282322,9099.136501275778,13.738179468693243,0.8326296683929283,Germany,Germany,None,themis
2020-07-08,197341,9036,231049.49403684665,9232.680318724964,17.081343479989787,2.176630353308591,Germany,Germany,None,themis
2020-07-09,197783,9048,238926.09152445095,9381.465968796138,20.8021374559244,3.685521317375525,Germany,Germany,None,themis
2020-07-10,198178,9054,247725.97860442626,9547.301186235753,25.001755292931737,5.448433689372129,Germany,Germany,None,themis
2020-07-11,198556,9060,257555.6792945133,9732.19984474485,29.714377452463438,7.419424334932115,Germany,Germany,None,themis
2020-07-12,198804,9063,268533.48042759474,9938.401532726693,35.07448563791208,9.659070205524587,Germany,Germany,None,themis
2020-07-13,198963,9064,280790.6882628402,10168.398146252452,41.12708808313114,12.184445567657233,Germany,Germany,None,themis
2020-07-14,199375,9068,294473.1000521886,10424.960580950195,47.69810660924821,14.964276366896728,Germany,Germany,None,themis
2020-07-15,199726,9071,309741.99218460434,10711.16697927907,55.08346043309551,18.081435114971566,Germany,Germany,None,themis
2020-07-16,200260,9078,326776.2305614974,11030.437565105909,63.17598649830091,21.50735365835987,Germany,Germany,None,themis
2020-07-17,200843,9082,345773.10018995777,11386.566028728397,72.16089193547087,25.375093908042253,Germany,Germany,None,themis
2020-07-18,201372,9083,366950.75847357046,11783.761303919555,82.2253135855881,29.73424313464224,Germany,Germany,None,themis
2020-07-19,201574,9084,390549.2388698857,12226.683903879823,93.74980844250035,34.595815762657665,Germany,Germany,None,themis
2020-07-20,201823,9086,416832.7657818378,12720.493393604542,106.53382705729169,40.0010278847077,Germany,Germany,None,themis
2020-07-21,202345,9090,446091.29055361595,13270.890974900407,120.46074306437815,45.994400163920865,Germany,Germany,None,themis
2020-07-22,202799,9095,478642.1544245763,13884.171116111133,136.01800522910682,52.65718654327798,Germany,Germany,None,themis
2020-07-23,203368,9101,514832.3197090963,14567.270026338036,153.15306228565765,60.06230113545803,Germany,Germany,None,themis
2020-07-24,204183,9111,555038.9932347354,15327.820483658767,171.8340866941594,68.23422767708009,Germany,Germany,None,themis
2020-07-25,204964,9118,599672.3848195842,16174.203194539883,192.5744934815793,77.38762003224264,Germany,Germany,None,themis
2020-07-26,205269,9118,649175.0142925195,17115.60365582493,216.2557494275899,87.71225768616944,Germany,Germany,None,themis
2020-07-27,205609,9118,704024.5357743878,18162.06114953847,242.40939636610642,99.18908915922866,Germany,Germany,None,themis
2020-07-28,206242,9122,764731.4258116813,19324.524498007355,270.7932554046612,111.84525869334965,Germany,Germany,None,themis
2020-07-29,206926,9128,831841.1994427968,20614.89170090274,301.9993618215192,125.8423718328521,Germany,Germany,None,themis
2020-07-30,207828,9134,905930.087815788,22046.057880750628,335.9037703369074,141.36257806821357,Germany,Germany,None,themis
2020-07-31,208698,9141,987605.7182292575,23631.93710259956,373.2224162326699,158.52682532107605,Germany,Germany,None,themis
2020-08-01,209653,9148,1077500.466735948,25387.490599714005,413.94469277136415,177.5195736741802,Germany,Germany,None,themis
2020-08-02,209893,9141,1176269.2195962064,27328.721960192892,460.413743953446,198.96862444144944,Germany,Germany,None,themis
2020-08-03,210402,9148,1284580.5467974623,29472.66647705636,510.53628140296297,222.17606555592872,Germany,Germany,None,themis
2020-08-04,211281,9156,1403109.5422814852,31837.352302211122,564.0964129673208,247.7211915925199,Germany,Germany,None,themis
2020-08-05,212022,9168,1532527.7326375009,34441.72488071827,622.8154307748728,275.67326440574027,Germany,Germany,None,themis
2020-08-06,213067,9175,1673488.7974687621,37305.56669984048,685.4284321217092,306.60018201461014,Germany,Germany,None,themis
2020-08-07,214214,9183,1826618.3522726833,40449.332731606795,752.7072704270885,340.4805916542175,Germany,Germany,None,themis
2020-08-08,215336,9195,1992492.1733326511,43894.01216846525,825.2945040925118,377.36826719374926,Germany,Germany,None,themis
2020-08-09,215891,9196,2171624.8588418704,47660.87331913378,905.8894807295675,418.2783092554783,Germany,Germany,None,themis
2020-08-10,216327,9197,2364445.471149494,51771.228987918636,992.9960065777707,462.91430888244685,Germany,Germany,None,themis
2020-08-11,217293,9201,2571280.8271786077,56246.123048484944,1083.3242797414587,511.30445656434017,Germany,Germany,None,themis
2020-08-12,218519,9207,2792336.924101414,61105.96195246251,1177.8462852664593,563.690256896519,Germany,Germany,None,themis
2020-08-13,219964,9211,3027675.209143398,66370.17286712994,1276.441239995362,620.553391240147,Germany,Germany,None,themis
2020-08-14,221413,9225,3277203.2073975457,72056.73091364192,1380.131341609366,681.1027741316198,Germany,Germany,None,themis
2020-08-15,222828,9231,3540653.076564894,78181.76900846582,1488.9623730253354,746.9479905586157,Germany,Germany,None,themis
2020-08-16,223453,9231,3817575.387390935,84759.11126789961,1608.4466923205034,818.2007503834863,Germany,Germany,None,themis
2020-08-17,224014,9232,4107334.8013276937,91799.81250162945,1733.51701292227,894.3653867160903,Germany,Germany,None,themis
2020-08-18,225404,9236,4409103.165136124,99311.79274750779,1856.089140004669,975.2684359842766,Germany,Germany,None,themis
2020-08-19,226914,9243,4721874.782259901,107299.38814723733,1980.909411609641,1060.8718830167406,Germany,Germany,None,themis
2020-08-20,228621,9253,5044469.206310539,115763.08524778544,2106.476748116113,1151.0870555256179,Germany,Germany,None,themis
2020-08-21,230048,9260,5375553.662433969,124699.23541711694,2236.7095834060583,1246.6440109839843,Germany,Germany,None,themis
2020-08-22,232082,9267,5713667.087186991,134099.87890685792,2361.917377128339,1347.068942558087,Germany,Germany,None,themis
2020-08-23,232864,9269,6057240.397769245,143952.70643714137,2501.192282950239,1453.055415224311,Germany,Germany,None,themis
2020-08-24,233575,9272,6404638.309794227,154241.02566228647,2642.005056103704,1563.5140817761699,Germany,Germany,None,themis
2020-08-25,234853,9277,6754178.915849643,164943.94820552596,2775.917665880207,1677.9880155818255,Germany,Germany,None,themis
2020-08-26,236429,9280,7104179.589893669,176036.55618416192,2904.7835036707293,1796.9456485362275,Germany,Germany,None,themis
2020-08-27,237936,9285,7452978.215242387,187490.26180425484,3032.3457632482628,1919.2812256785658,Germany,Germany,None,themis
2020-08-28,239507,9288,7798972.782492579,199273.16748906887,3156.260895294325,2045.4906060407932,Germany,Germany,None,themis
2020-08-29,240986,9289,8140640.555498185,211350.54337792436,3278.055387241659,2175.277676584394,Germany,Germany,None,themis
2020-08-30,241771,9295,8476568.172311578,223685.34940554205,3406.031812050071,2306.5126348094896,Germany,Germany,None,themis
2020-08-31,242381,9298,8805465.022003924,236238.69014619454,3532.9023405316116,2440.7473665970588,Germany,Germany,None,themis
2020-09-01,243599,9302,9126179.020328762,248970.55074342125,3646.394287467831,2576.5270989402416,Germany,Germany,None,themis
2020-09-02,244855,9313,9437708.286488965,261840.10904025333,3754.4070108794854,2711.5549129201477,Germany,Germany,None,themis
2020-09-03,246166,9321,9739199.71310538,274806.4955936795,3856.3545384437257,2848.251213321312,Germany,Germany,None,themis
2020-09-04,247619,9322,10029954.515975337,287829.151532927,3950.5593334822192,2987.633035109708,Germany,Germany,None,themis
2020-09-05,248997,9324,10309425.636575397,300868.32388253574,4040.381465068012,3126.8160004561964,Germany,Germany,None,themis
2020-09-06,249985,9325,10577202.039507858,313885.5783842028,4131.134683884176,3266.065183744802,Germany,Germany,None,themis
2020-09-07,250799,9325,10833016.896647897,326843.97455672035,4219.401950026873,3405.0292177664383,Germany,Germany,None,themis
2020-09-08,252298,9329,11076717.007482966,339708.58702342503,4290.330881530162,3541.425522815147,Germany,Germany,None,themis
2020-09-09,253474,9338,11308271.154923283,352446.5529917992,4361.31404204111,3674.325904816869,Germany,Germany,None,themis
2020-09-10,255366,9341,11527738.997978,365027.43811197724,4414.202751336513,3807.798288320065,Germany,Germany,None,themis
2020-09-11,256850,9342,11735275.573907938,377423.2281041377,4468.921772983429,3940.068808650585,Germany,Germany,None,themis
2020-09-12,258480,9347,11931103.408119816,389608.5371114608,4515.871018306954,4068.2736397930976,Germany,Germany,None,themis
2020-09-13,259428,9349,12115514.375543946,401560.5512977137,4570.087413673137,4195.224636835102,Germany,Germany,None,themis
2020-09-14,260355,9350,12288846.307674233,413259.10684032715,4620.0346863606355,4319.883495618472,Germany,Germany,None,themis
2020-09-15,261762,9362,12451481.762177072,424686.6018259516,4656.795013094747,4436.280728754023,Germany,Germany,None,themis
2020-06-15,186461,8791,722656.7819277601,12.0,287.56457485895714,99.863496758048,Germany,Germany,None,sir
2020-06-16,186839,8800,765835.6993797452,12.0,309.89070771078053,99.86363636363636,Germany,Germany,None,sir
2020-06-17,187184,8830,811559.4494711434,12.0,333.56240355540183,99.86409966024915,Germany,Germany,None,sir
2020-06-18,187764,8856,859972.9615518934,12.0,358.0073717815414,99.86449864498645,Germany,Germany,None,sir
2020-06-19,188534,8872,911228.8727912937,12.0,383.32336490569,99.86474301172227,Germany,Germany,None,sir
2020-06-20,189135,8883,965486.890152479,12.0,410.4749994197156,99.86491050320836,Germany,Germany,None,sir
2020-06-21,189822,8882,1022915.7207618131,12.0,438.88154205614376,99.86489529385274,Germany,Germany,None,sir
2020-06-22,190359,8885,1083693.1007665165,12.0,469.2891330415249,99.86494091164884,Germany,Germany,None,sir
2020-06-23,190862,8895,1148005.7953346674,12.0,501.4847352195133,99.86509274873524,Germany,Germany,None,sir
2020-06-24,191449,8914,1216049.5986552013,12.0,535.1820059938685,99.86538030065066,Germany,Germany,None,sir
2020-06-25,192079,8927,1288029.4187192942,12.0,570.5727428398181,99.8655763414361,Germany,Germany,None,sir
2020-06-26,192556,8948,1364160.9466870623,12.0,608.4489430020681,99.86589181940099,Germany,Germany,None,sir
2020-06-27,193243,8954,1444669.0932371947,12.0,647.5919403223893,99.8659816841635,Germany,Germany,None,sir
2020-06-28,193499,8957,1529789.368376741,12.0,690.5929066179882,99.86602657139667,Germany,Germany,None,sir
2020-06-29,193761,8961,1619768.6388726002,12.0,735.9621589858641,99.86608637428859,Germany,Germany,None,sir
2020-06-30,194259,8973,1714865.128251521,12.0,782.7725501786382,99.86626546305584,Germany,Germany,None,sir
2020-07-01,194725,8985,1815348.4168001013,12.0,832.262635408962,99.86644407345577,Germany,Germany,None,sir
2020-07-02,195228,8994,1921499.441564789,12.0,884.2335328768359,99.866577718479,Germany,Germany,None,sir
2020-07-03,195674,9003,2033610.6273893537,12.0,939.2850493112797,99.86671109630123,Germany,Germany,None,sir
2020-07-04,196096,9010,2151986.754754527,12.0,997.414916548286,99.86681465038846,Germany,Germany,None,sir
2020-07-05,196335,9012,2276944.329940076,12.0,1059.7241092724557,99.86684420772303,Germany,Germany,None,sir
2020-07-06,196554,9016,2408811.667343661,12.0,1125.5215703285921,99.86690328305235,Germany,Germany,None,sir
2020-07-07,196944,9024,2547928.950598475,12.0,1193.732711125231,99.86702127659575,Germany,Germany,None,sir
2020-07-08,197341,9036,2694648.2325732405,12.0,1265.4781482678413,99.867197875166,Germany,Germany,None,sir
2020-07-09,197783,9048,2849333.435372211,12.0,1340.6361696264144,99.86737400530504,Germany,Germany,None,sir
2020-07-10,198178,9054,3012360.3503351714,12.0,1420.0276268481725,99.8674618952949,Germany,Germany,None,sir
2020-07-11,198556,9060,3184115.661523917,12.0,1503.6360832832638,99.86754966887416,Germany,Germany,None,sir
2020-07-12,198804,9063,3364995.879848961,12.0,1592.6198063665524,99.86759351208208,Germany,Germany,None,sir
2020-07-13,198963,9064,3555410.6989799463,12.0,1686.9707930519476,99.8676081200353,Germany,Germany,None,sir
2020-07-14,199375,9068,3755776.9121035067,12.0,1783.7752537196272,99.86766651962947,Germany,Germany,None,sir
2020-07-15,199726,9071,3966517.9336228464,12.0,1885.9797590813646,99.8677102855253,Germany,Germany,None,sir
2020-07-16,200260,9078,4188063.7991577387,12.0,1991.3131924287122,99.86781229345671,Germany,Germany,None,sir
2020-07-17,200843,9082,4420851.165544529,12.0,2101.147745026976,99.86787051310284,Germany,Germany,None,sir
2020-07-18,201372,9083,4665323.310836133,12.0,2216.7686226665737,99.86788506000221,Germany,Germany,None,sir
2020-07-19,201574,9084,4921928.885763714,12.0,2341.74788701108,99.8678996036988,Germany,Germany,None,sir
2020-07-20,201823,9086,5191109.895062586,12.0,2472.110163391975,99.86792868148801,Germany,Germany,None,sir
2020-07-21,202345,9090,5473320.7345917765,12.0,2604.944888478478,99.86798679867987,Germany,Germany,None,sir
2020-07-22,202799,9095,5769010.293663964,12.0,2744.6936590732516,99.86805937328202,Germany,Germany,None,sir
2020-07-23,203368,9101,6078616.144723879,12.0,2888.973754338873,99.86814635754313,Germany,Germany,None,sir
2020-07-24,204183,9111,6402564.543348299,12.0,3035.699124485535,99.86829107672045,Germany,Germany,None,sir
2020-07-25,204964,9118,6741270.428246049,12.0,3189.002180015051,99.86839219127002,Germany,Germany,None,sir
2020-07-26,205269,9118,7095137.4212580025,12.0,3356.507032848605,99.86839219127002,Germany,Germany,None,sir
2020-07-27,205609,9118,7464557.82735708,12.0,3530.46259033266,99.86839219127002,Germany,Germany,None,sir
2020-07-28,206242,9122,7849908.402820524,12.0,3706.1638283281404,99.86844990133743,Germany,Germany,None,sir
2020-07-29,206926,9128,8251519.806643762,12.0,3887.666995275491,99.86853637160385,Germany,Germany,None,sir
2020-07-30,207828,9134,8669725.89781072,12.0,4071.5870324550688,99.86862272826801,Germany,Germany,None,sir
2020-07-31,208698,9141,9104824.573328208,12.0,4262.679361243619,99.8687233344273,Germany,Germany,None,sir
2020-08-01,209653,9148,9557066.702471158,12.0,4458.516549952139,99.86882378662003,Germany,Germany,None,sir
2020-08-02,209893,9141,10026656.126782615,12.0,4677.032167238838,99.8687233344273,Germany,Germany,None,sir
2020-08-03,210402,9148,10513749.660073753,12.0,4896.981806291648,99.86882378662003,Germany,Germany,None,sir
2020-08-04,211281,9156,11018457.088423863,12.0,5115.072386264673,99.8689384010485,Germany,Germany,None,sir
2020-08-05,212022,9168,11540841.170180356,12.0,5343.228141504351,99.86910994764398,Germany,Germany,None,sir
2020-08-06,213067,9175,12080917.635958761,12.0,5570.008793458753,99.8692098092643,Germany,Germany,None,sir
2020-08-07,214214,9183,12638655.188378764,12.0,5800.013625803525,99.86932375040837,Germany,Germany,None,sir
2020-08-08,215336,9195,13213960.138898296,12.0,6036.438003352108,99.8694942903752,Germany,Germany,None,sir
2020-08-09,215891,9196,13806649.496690493,12.0,6295.194564243296,99.86950848194867,Germany,Germany,None,sir
2020-08-10,216327,9197,14416470.736773094,12.0,6564.2031446713045,99.86952267043601,Germany,Germany,None,sir
2020-08-11,217293,9201,15043102.324582351,12.0,6822.957630748506,99.86957939354419,Germany,Germany,None,sir
2020-08-12,218519,9207,15686153.715973029,12.0,7078.393510849413,99.86966438579343,Germany,Germany,None,sir
2020-08-13,219964,9211,16345165.357218402,12.0,7330.8365719928715,99.86972098577787,Germany,Germany,None,sir
2020-08-14,221413,9225,17019608.685010258,12.0,7586.815446703788,99.86991869918698,Germany,Germany,None,sir
2020-08-15,222828,9231,17708886.126458894,12.0,7847.334323540531,99.87000324991875,Germany,Germany,None,sir
2020-08-16,223453,9231,18412331.099093124,12.0,8139.912240647082,99.87000324991875,Germany,Germany,None,sir
2020-08-17,224014,9232,19129208.01086027,12.0,8439.29129914214,99.87001733102254,Germany,Germany,None,sir
2020-08-18,225404,9236,19858712.260126173,12.0,8710.27499961233,99.87007362494586,Germany,Germany,None,sir
2020-08-19,226914,9243,20599970.235675167,12.0,8978.3161178575,99.87017202207076,Germany,Germany,None,sir
2020-08-20,228621,9253,21352039.316710126,12.0,9239.491698798503,99.87031233113585,Germany,Germany,None,sir
2020-08-21,230048,9260,22113944.402923703,12.0,9512.75229644409,99.87041036717062,Germany,Germany,None,sir
2020-08-22,232082,9267,22884706.562069137,12.0,9760.612439598563,99.87050825509873,Germany,Germany,None,sir
2020-08-23,232864,9269,23663173.837175842,12.0,10061.799950690463,99.87053619592189,Germany,Germany,None,sir
2020-08-24,233575,9272,24448182.19250154,12.0,10366.951596918138,99.87057808455565,Germany,Germany,None,sir
2020-08-25,234853,9277,25238568.10675812,12.0,10646.538518459683,99.87064783874096,Germany,Germany,None,sir
2020-08-26,236429,9280,26033168.57311162,12.0,10910.987896202081,99.87068965517241,Germany,Germany,None,sir
2020-08-27,237936,9285,26830821.09918224,12.0,11176.486575878489,99.87075928917609,Germany,Germany,None,sir
2020-08-28,239507,9288,27630363.70704434,12.0,11436.349128436472,99.87080103359173,Germany,Germany,None,sir
2020-08-29,240986,9289,28430634.933226444,12.0,11697.629295156748,99.87081494240499,Germany,Germany,None,sir
2020-08-30,241771,9295,29230473.828711234,12.0,11990.148871746915,99.8708983324368,Germany,Germany,None,sir
2020-08-31,242381,9298,30028719.958935544,12.0,12289.056881082075,99.870939987094,Germany,Germany,None,sir
2020-09-01,243599,9302,30824213.403790377,12.0,12553.669926309376,99.87099548484197,Germany,Germany,None,sir
2020-09-02,244855,9313,31615794.757620893,12.0,12812.047847755159,99.87114785783314,Germany,Germany,None,sir
2020-09-03,246166,9321,32402333.497852966,12.0,13062.798070348043,99.8712584486643,Germany,Germany,None,sir
2020-09-04,247619,9322,33182848.55388032,12.0,13300.76833921481,99.87127225917185,Germany,Germany,None,sir
2020-09-05,248997,9324,33956337.843009524,12.0,13537.247775278225,99.87129987129987,Germany,Germany,None,sir
2020-09-06,249985,9325,34721846.66473397,12.0,13789.572040216,99.87131367292226,Germany,Germany,None,sir
2020-09-07,250799,9325,35478482.170284234,12.0,14046.181671491608,99.87131367292226,Germany,Germany,None,sir
2020-09-08,252298,9329,36225413.362628095,12.0,14258.18490936436,99.87136884982313,Germany,Germany,None,sir
2020-09-09,253474,9338,36961871.09647052,12.0,14482.115363497052,99.87149282501606,Germany,Germany,None,sir
2020-09-10,255366,9341,37687148.07825366,12.0,14658.09155418249,99.87153409699175,Germany,Germany,None,sir
2020-09-11,256850,9342,38400598.86615686,12.0,14850.593290308296,99.87154784842646,Germany,Germany,None,sir
2020-09-12,258480,9347,39101639.87009666,12.0,15027.53012615934,99.87161656146357,Germany,Germany,None,sir
2020-09-13,259428,9349,39789749.35172679,12.0,15237.492233578025,99.87164402609905,Germany,Germany,None,sir
2020-09-14,260355,9350,40464467.42443818,12.0,15442.035845072374,99.87165775401068,Germany,Germany,None,sir
2020-09-15,261762,9362,41125396.05335892,12.0,15610.987864303803,99.87182226020082,Germany,Germany,None,sir
2020-06-15,186461,8791,413454.55955904257,28769.40229485573,121.73782161365784,227.2597235224176,Germany,Germany,None,seir
2020-06-16,186839,8800,432416.29857313086,30108.780853201308,131.43792172572688,242.14523696819668,Germany,Germany,None,seir
2020-06-17,187184,8830,452237.24012110964,31509.13951748885,141.6003718913527,256.84189714030407,Germany,Germany,None,seir
2020-06-18,187764,8856,472956.0965647358,32973.1962377696,151.8885923631451,272.3260641121229,Germany,Germany,None,seir
2020-06-19,188534,8872,494613.07161222416,34503.775666981106,162.3468825846925,288.90639841051745,Germany,Germany,None,seir
2020-06-20,189135,8883,517250.02366325166,36103.84775440053,173.48191697107973,306.4375521152823,Germany,Germany,None,seir
2020-06-21,189822,8882,540910.4698336076,37776.52798856482,184.95668038141392,325.3155594299124,Germany,Germany,None,seir
2020-06-22,190359,8885,565639.5859551934,39525.0773972707,197.1436002265159,344.8517433570141,Germany,Germany,None,seir
2020-06-23,190862,8895,591484.2065760226,41352.90254757466,209.90150295817008,364.9005345427168,Germany,Germany,None,seir
2020-06-24,191449,8914,618492.8944161014,43263.55700505472,223.05882737235575,385.3439197336181,Germany,Germany,None,seir
2020-06-25,192079,8927,646717.1146869346,45260.72590308581,236.6932953039815,407.0093637625833,Germany,Germany,None,seir
2020-06-26,192556,8948,676210.8432592939,47348.19890156925,251.17619978566958,429.1484007774838,Germany,Germany,None,seir
2020-06-27,193243,8954,707030.0733753276,49529.95062575738,265.8761628495354,453.16004719407397,Germany,Germany,None,seir
2020-06-28,193499,8957,739232.8956189943,51810.15184481972,282.034478534253,478.43197325912377,Germany,Germany,None,seir
2020-06-29,193761,8961,772879.497916062,54193.16947184295,298.88290105648815,504.76698439731,Germany,Germany,None,seir
2020-06-30,194259,8973,808032.165534109,56683.566563830944,315.9561026949119,531.7125438964778,Germany,Germany,None,seir
2020-07-01,194725,8985,844755.305567338,59286.10276635649,333.81964594548106,559.8341988464829,Germany,Germany,None,seir
2020-07-02,195228,8994,883116.818147344,62005.71185562871,352.3515162514312,589.4119619260475,Germany,Germany,None,seir
2020-07-03,195674,9003,923188.3697683845,64847.45034432242,371.79920161512746,620.2871303379143,Germany,Germany,None,seir
2020-07-04,196096,9010,965044.0964172065,67816.60832704649,392.1283944686309,652.6815574588956,Germany,Germany,None,seir
2020-07-05,196335,9012,1008760.6571775749,70918.73299826478,413.79563357403157,686.9366733052018,Germany,Germany,None,seir
2020-07-06,196554,9016,1054417.2342302734,74159.62865229615,436.45167955384954,722.5335919731161,Germany,Germany,None,seir
2020-07-07,196944,9024,1102095.5328531032,77545.3566833144,459.59843044373184,759.3235448062322,Germany,Germany,None,seir
2020-07-08,197341,9036,1151879.8922490177,81082.23512779044,483.7002408262944,797.3244259383625,Germany,Germany,None,seir
2020-07-09,197783,9048,1203859.5685386606,84776.76949181968,508.67696846476224,836.9669484064951,Germany,Germany,None,seir
2020-07-10,198178,9054,1258128.3680866745,88635.63196497175,534.8476460993019,878.9665558313645,Germany,Germany,None,seir
2020-07-11,198556,9060,1314782.9202170302,92665.80757901467,562.1723444353382,922.8014081568947,Germany,Germany,None,seir
2020-07-12,198804,9063,1373922.6970935182,96874.60825017621,591.0940912122081,968.9022205690854,Germany,Germany,None,seir
2020-07-13,198963,9064,1435650.0137197494,101269.67277914396,621.5663282719648,1017.2735302200349,Germany,Germany,None,seir
2020-07-14,199375,9068,1500070.0279391548,105858.96685106526,652.3862209099209,1067.3904593192021,Germany,Germany,None,seir
2020-07-15,199726,9071,1567291.8188612899,110650.75165705055,684.720977169367,1119.8296952601759,Germany,Germany,None,seir
2020-07-16,200260,9078,1637431.7113279195,115653.42862014126,717.6529068850092,1173.9967902637284,Germany,Germany,None,seir
2020-07-17,200843,9082,1710609.838970251,120875.70855454839,751.7149410087735,1230.9371124702532,Germany,Germany,None,seir
2020-07-18,201372,9083,1786949.243140595,126326.70380947494,787.3871457504495,1290.8037411590328,Germany,Germany,None,seir
2020-07-19,201574,9084,1866575.8797462226,132015.92848869204,826.0003173753672,1353.279705952136,Germany,Germany,None,seir
2020-07-20,201823,9086,1949618.6192493653,137953.2984505389,866.004181510217,1418.3061682868026,Germany,Germany,None,seir
2020-07-21,202345,9090,2036209.874179394,144149.10844147592,906.3059992485082,1485.7987727335085,Germany,Germany,None,seir
2020-07-22,202799,9095,2126490.6242775186,150613.8022118277,948.5705670528546,1556.0066213504967,Germany,Germany,None,seir
2020-07-23,203368,9101,2220607.289774768,157358.11264789797,991.9157830999804,1629.020026897022,Germany,Germany,None,seir
2020-07-24,204183,9111,2318708.833155591,164393.24481028385,1035.6032740999942,1704.3381056995265,Germany,Germany,None,seir
2020-07-25,204964,9118,2420946.7587127225,171730.87884417226,1081.1570610998626,1783.4270546629991,Germany,Germany,None,seir
2020-07-26,205269,9118,2527475.1125471825,179383.16997933976,1131.2989845262473,1867.3521603349393,Germany,Germany,None,seir
2020-07-27,205609,9118,2638451.4385785353,187362.7039892056,1183.2373284138998,1954.866242478675,Germany,Germany,None,seir
2020-07-28,206242,9122,2754043.6706835213,195682.15787990543,1235.3456961644677,2045.1672646339116,Germany,Germany,None,seir
2020-07-29,206926,9128,2874425.2716615344,204354.53225644905,1289.1078316217074,2138.7656908024655,Germany,Germany,None,seir
2020-07-30,207828,9134,2999771.1932828603,213393.36339721005,1343.3912626223898,2236.253157403219,Germany,Germany,None,seir
2020-07-31,208698,9141,3130257.8647717317,222812.72453584865,1399.8983530133166,2337.5092936861247,Germany,Germany,None,seir
2020-08-01,209653,9148,3266063.192806325,232627.22586131163,1457.8423360535385,2442.929884797897,Germany,Germany,None,seir
2020-08-02,209893,9141,3407369.8143236516,242851.8401669053,1523.3842073454814,2556.731650442023,Germany,Germany,None,seir
2020-08-03,210402,9148,3554372.9113049856,253501.50110687217,1589.3246790928724,2671.113916778226,Germany,Germany,None,seir
2020-08-04,211281,9156,3707269.818920911,264591.59952730907,1654.663135313119,2789.816508598832,Germany,Germany,None,seir
2020-08-05,212022,9168,3866257.314896211,276138.1005072141,1723.5170477102429,2911.977536073452,Germany,Germany,None,seir
2020-08-06,213067,9175,4031531.619926834,288157.5433278968,1792.1426687036633,3040.681671148739,Germany,Germany,None,seir
2020-08-07,214214,9183,4203288.992223748,300667.00375108776,1862.1915431408536,3174.169702178893,Germany,Germany,None,seir
2020-08-08,215336,9195,4381736.6264760755,313683.4952791163,1934.837011217853,3311.457262415621,Germany,Germany,None,seir
2020-08-09,215891,9196,4567089.601190111,327224.1116119426,2015.4608581136365,3458.3309222699277,Germany,Germany,None,seir
2020-08-10,216327,9197,4759559.55612386,341306.50892707263,2100.1689831245567,3611.0634873009963,Germany,Germany,None,seir
2020-08-11,217293,9201,4959354.299665973,355948.9146675045,2182.3350497558467,3768.5894431855722,Germany,Germany,None,seir
2020-08-12,218519,9207,5166677.870617501,371170.1223285844,2264.406697183083,3931.390489069017,Germany,Germany,None,seir
2020-08-13,219964,9211,5381739.7403536495,386988.9447483389,2346.6456967293057,4101.378186389523,Germany,Germany,None,seir
2020-08-14,221413,9225,5604762.138750754,403423.8242646968,2431.3609132032693,4273.157986609179,Germany,Germany,None,seir
2020-08-15,222828,9231,5835961.145429732,420493.6461401461,2519.0430042138923,4455.233952336108,Germany,Germany,None,seir
2020-08-16,223453,9231,6075544.2973318165,438217.8077898095,2618.9361061752656,4647.240903367018,Germany,Germany,None,seir
2020-08-17,224014,9232,6323710.5955334185,456616.2180293207,2722.908655500736,4846.0162264874425,Germany,Germany,None,seir
2020-08-18,225404,9236,6580659.429824765,475708.7418476977,2819.495408167009,5050.592700819594,Germany,Germany,None,seir
2020-08-19,226914,9243,6846604.623058515,495514.4321958717,2917.268490731517,5260.969730562281,Germany,Germany,None,seir
2020-08-20,228621,9253,7121750.021414194,516052.58569677366,3015.090049214287,5477.138070861058,Germany,Germany,None,seir
2020-08-21,230048,9260,7406284.739777595,537342.88265593,3119.4519142864074,5702.838905571598,Germany,Germany,None,seir
2020-08-22,232082,9267,7700383.184598296,559405.3847704644,3217.9579564973997,5936.531615090799,Germany,Germany,None,seir
2020-08-23,232864,9269,8004217.2259524865,582259.7773827008,3337.2926798270605,6181.797145136486,Germany,Germany,None,seir
2020-08-24,233575,9272,8317972.025805999,605924.4824921369,3461.156812932034,6434.992261563167,Germany,Germany,None,seir
2020-08-25,234853,9277,8641815.707801733,630417.9554321147,3579.670137405838,6695.493752636786,Germany,Germany,None,seir
2020-08-26,236429,9280,8975894.20625528,655758.8313992001,3696.4438399076594,6966.366717663795,Germany,Germany,None,seir
2020-08-27,237936,9285,9320331.588701636,681965.9004614592,3817.159063236179,7244.813144442211,Germany,Germany,None,seir
2020-08-28,239507,9288,9675250.985223768,709056.8478702202,3939.6526970918467,7534.117655794792,Germany,Germany,None,seir
2020-08-29,240986,9289,10040782.722035488,737047.7408812786,4066.5419244418713,7834.629571334682,Germany,Germany,None,seir
2020-08-30,241771,9295,10417029.803792363,765954.477281514,4208.634949515187,8140.500024545605,Germany,Germany,None,seir
2020-08-31,242381,9298,10804064.848799128,795792.8616312592,4357.471851671182,8458.7530827195,Germany,Germany,None,seir
2020-09-01,243599,9302,11201932.708600141,826578.4348274464,4498.513421073215,8786.029185416539,Germany,Germany,None,seir
2020-09-02,244855,9313,11610685.023898764,858324.4739876228,4641.861519633564,9116.41226229596,Germany,Germany,None,seir
2020-09-03,246166,9321,12030365.2320167,891042.6200213409,4787.094575212133,9459.517433980698,Germany,Germany,None,seir
2020-09-04,247619,9322,12460978.93506765,924744.0973140615,4932.319383838741,9820.018207617051,Germany,Germany,None,seir
2020-09-05,248997,9324,12902493.28972715,959439.7169914171,5081.786643906212,10190.001254734203,Germany,Germany,None,seir
2020-09-06,249985,9325,13354849.828368511,995139.1170608483,5242.260466975423,10571.733158829473,Germany,Germany,None,seir
2020-09-07,250799,9325,13818003.397462599,1031848.5525438413,5409.59270071356,10965.4000272798,Germany,Germany,None,seir
2020-09-08,252298,9329,14291877.592014017,1069572.989914409,5564.681286420827,11365.033657566823,Germany,Germany,None,seir
2020-09-09,253474,9338,14776350.78451148,1108316.6576622701,5729.533121547567,11768.886888651426,Germany,Germany,None,seir
2020-09-10,255366,9341,15271257.27156825,1148082.977775603,5880.145074743016,12190.793039027974,Germany,Germany,None,seir
2020-09-11,256850,9342,15776425.678855238,1188872.4201567734,6042.272018242257,12626.10169296482,Germany,Germany,None,seir
2020-09-12,258480,9347,16291683.29256218,1230682.1443313863,6202.879639648011,13066.600452887411,Germany,Germany,None,seir
2020-09-13,259428,9349,16816810.35412533,1273508.2043075392,6382.264965279511,13521.865486228893,Germany,Germany,None,seir
2020-09-14,260355,9350,17351537.731489964,1317345.637010627,6564.568658750538,13989.258149846279,Germany,Germany,None,seir
2020-09-15,261762,9362,17895566.71614321,1362187.4054975156,6736.579303391329,14450.175234965986,Germany,Germany,None,seir
2020-06-15,186461,8791,404332.5406843155,20707.57140520218,116.84563564730183,135.55421914687952,Germany,Germany,None,seird
2020-06-16,186839,8800,419561.1692715519,21496.536187970465,124.55759732794111,144.2788203178462,Germany,Germany,None,seird
2020-06-17,187184,8830,435341.4255677584,22314.185116214026,132.57405844931105,152.7087782130694,Germany,Germany,None,seird
2020-06-18,187764,8856,451693.0475297898,23161.482071675407,140.5642442266834,161.53435040283884,Germany,Germany,None,seird
2020-06-19,188534,8872,468636.2165486274,24039.44922101849,148.56854283504694,170.958625124194,Germany,Germany,None,seird
2020-06-20,189135,8883,486191.44830918557,24949.1860658183,157.06053787463216,180.8644159160002,Germany,Germany,None,seird
2020-06-21,189822,8882,504379.7602051772,25891.84872631308,165.71196184065977,191.50921781482865,Germany,Germany,None,seird
2020-06-22,190359,8885,523223.4685255877,26868.54922369528,174.8614294704152,202.40348028919843,Germany,Germany,None,seird
2020-06-23,190862,8895,542745.4951777963,27880.44918631774,184.36540284488078,213.43956364606788,Germany,Germany,None,seird
2020-06-24,191449,8914,562969.1800738312,28928.79015458428,194.05699694113378,224.53208609585235,Germany,Germany,None,seird
2020-06-25,192079,8927,583918.41480158,30014.877346979814,203.99909141633393,236.22580202733073,Germany,Germany,None,seird
2020-06-26,192556,8948,605618.3970656863,31139.983954905085,214.51546410690204,248.01054933957403,Germany,Germany,None,seird
2020-06-27,193243,8954,628095.0912607273,32305.42484906852,225.02863817096986,260.79321922122534,Germany,Germany,None,seird
2020-06-28,193499,8957,651374.93599199,33512.60143523911,236.62961358559477,274.14984297464673,Germany,Germany,None,seird
2020-06-29,193761,8961,675484.9134872952,34762.99350896944,248.61758222103268,287.93654178071023,Germany,Germany,None,seird
2020-06-30,194259,8973,700453.3732321806,36058.054647487515,260.57705086105693,301.85060344909743,Germany,Germany,None,seird
2020-07-01,194725,8985,726309.7232100898,37399.25447692225,272.992539843415,316.2410069774318,Germany,Germany,None,seird
2020-07-02,195228,8994,753083.8232188183,38788.165771517204,285.7458065537824,331.26713110426067,Germany,Germany,None,seird
2020-07-03,195674,9003,780805.996180764,40226.463901947136,299.0341057988103,346.81177276404685,Germany,Germany,None,seird
2020-07-04,196096,9010,809507.8948687551,41715.816541300286,312.81203842442227,362.9946341986713,Germany,Germany,None,seird
2020-07-05,196335,9012,839222.7170278932,43257.85625451509,327.4442748505835,380.0028434810818,Germany,Germany,None,seird
2020-07-06,196554,9016,869984.0791506418,44854.33511121403,342.6183538114929,397.4970620143526,Germany,Germany,None,seird
2020-07-07,196944,9024,901825.9694654001,46507.132800935215,357.9098471978837,415.3715957550445,Germany,Germany,None,seird
2020-07-08,197341,9036,934783.5731207805,48218.15088109309,373.6894883074376,433.62274104795364,Germany,Germany,None,seird
2020-07-09,197783,9048,968894.0598234104,49989.21032452553,389.87732000394897,452.48906194214777,Germany,Germany,None,seird
2020-07-10,198178,9054,1004195.0285728842,51822.2603666631,406.7136758736511,472.36868087765737,Germany,Germany,None,seird
2020-07-11,198556,9060,1040724.4112369672,53719.394011098855,424.1465436637358,492.929293720738,Germany,Germany,None,seird
2020-07-12,198804,9063,1078521.2971934988,55682.74152121662,442.50482746499006,514.3963535387468,Germany,Germany,None,seird
2020-07-13,198963,9064,1117626.9577507998,57714.335982864286,461.7260283323029,536.7424534737895,Germany,Germany,None,seird
2020-07-14,199375,9068,1158083.1116260728,59816.34445411544,480.8567331039863,559.6420870546475,Germany,Germany,None,seird
2020-07-15,199726,9071,1199931.7826303318,61991.08926073808,500.7889722070896,583.3986248565548,Germany,Germany,None,seird
2020-07-16,200260,9078,1243216.200117211,64240.93063669362,520.8010586823185,607.6551072559333,Germany,Germany,None,seird
2020-07-17,200843,9082,1287981.9151462922,66568.11858617495,541.2879289526109,632.9676127083787,Germany,Germany,None,seird
2020-07-18,201372,9083,1334274.8800054183,68975.04726018336,562.5920584815259,659.386185843701,Germany,Germany,None,seird
2020-07-19,201574,9084,1382141.2375216684,71464.28437737345,585.6743615355495,686.7050239693247,Germany,Germany,None,seird
2020-07-20,201823,9086,1431628.3840759962,74038.43127328978,609.3484806369919,714.8627699019347,Germany,Germany,None,seird
2020-07-21,202345,9090,1482786.2731182294,76699.94819069856,632.8010443145268,743.783808478532,Germany,Germany,None,seird
2020-07-22,202799,9095,1535665.102525105,79451.45800319113,657.2350467828269,773.572930216505,Germany,Germany,None,seird
2020-07-23,203368,9101,1590315.0407043942,82295.7828812833,681.9888284805841,804.2498943114307,Germany,Germany,None,seird
2020-07-24,204183,9111,1646787.5956243475,85235.76244992074,706.5253207291241,835.5258747658957,Germany,Germany,None,seird
2020-07-25,204964,9118,1705137.035919352,88274.06099642595,731.920257176554,868.1296446197188,Germany,Germany,None,seird
2020-07-26,205269,9118,1765417.596984343,91413.531590164,760.0507611886563,902.5612150708927,Germany,Germany,None,seird
2020-07-27,205609,9118,1827683.2123542076,94657.25077121968,788.9120672510483,938.1361128670726,Germany,Germany,None,seird
2020-07-28,206242,9122,1891989.4072908624,98008.2649822089,817.3637800694631,974.4164106797731,Germany,Germany,None,seird
2020-07-29,206926,9128,1958394.4055829954,101469.43582384977,846.4225885500108,1011.628350392745,Germany,Germany,None,seird
2020-07-30,207828,9134,2026955.993606544,105043.84584300056,875.3045757099834,1050.031156590766,Germany,Germany,None,seird
2020-07-31,208698,9141,2097731.3759723846,108734.8155855663,905.1516430307835,1089.528668477916,Germany,Germany,None,seird
2020-08-01,209653,9148,2170779.8408276504,112545.54375016945,935.4155871023313,1130.2748551614502,Germany,Germany,None,seird
2020-08-02,209893,9141,2246162.915018347,116479.07402360032,970.1466533035152,1174.2487039011085,Germany,Germany,None,seird
2020-08-03,210402,9148,2323941.1526256376,120538.70718808896,1004.5242690780684,1217.6509312209112,Germany,Germany,None,seird
2020-08-04,211281,9156,2404174.2700829306,124727.98004697985,1037.903678079397,1262.2540415790722,Germany,Germany,None,seird
2020-08-05,212022,9168,2486924.770575085,129050.17206455194,1072.9560001203108,1307.6153148402263,Germany,Germany,None,seird
2020-08-06,213067,9175,2572256.462373836,133508.48386867417,1107.252395900743,1355.1333391681108,Germany,Germany,None,seird
2020-08-07,214214,9183,2660231.520618195,138106.41028696173,1141.8569844259457,1403.9356450719997,Germany,Germany,None,seird
2020-08-08,215336,9195,2750911.196822098,142847.64103930254,1177.4971193029025,1453.5360635051936,Germany,Germany,None,seird
2020-08-09,215891,9196,2844360.25419982,147735.451058138,1217.4982996974493,1506.518606547825,Germany,Germany,None,seird
2020-08-10,216327,9197,2940643.268428846,152773.16744706576,1259.3510141724546,1561.1195764604302,Germany,Germany,None,seird
2020-08-11,217293,9201,3039822.443484882,157964.44189902744,1298.9509296134167,1616.8181925771921,Germany,Germany,None,seird
2020-08-12,218519,9207,3141959.523871119,163312.98586917468,1337.8427156774098,1673.7915267641433,Germany,Germany,None,seird
2020-08-13,219964,9211,3247119.889761159,168821.99695955493,1376.2051470973245,1732.8302785751268,Germany,Germany,None,seird
2020-08-14,221413,9225,3355366.854203267,174494.8860003274,1415.433535611399,1791.5434796783459,Germany,Germany,None,seird
2020-08-15,222828,9231,3466760.621688599,180335.40032904994,1455.8011657819482,1853.584663948109,Germany,Germany,None,seird
2020-08-16,223453,9231,3581362.384775588,186347.05560727508,1502.7363180514863,1918.7093013462795,Germany,Germany,None,seird
2020-08-17,224014,9232,3699235.487812767,192532.94584638788,1551.341205376792,1985.495513934011,Germany,Germany,None,seird
2020-08-18,225404,9236,3820439.4991969825,198896.49569069088,1594.929770189075,2053.4917246718373,Germany,Germany,None,seird
2020-08-19,226914,9243,3945030.4973017066,205441.40987127446,1638.5575580623963,2122.670235543378,Germany,Germany,None,seird
2020-08-20,228621,9253,4073067.387276547,212170.7915746999,1681.5806016405083,2192.994613365394,Germany,Germany,None,seird
2020-08-21,230048,9260,4204608.155975141,219087.60107564434,1727.709067662027,2265.956815071753,Germany,Germany,None,seird
2020-08-22,232082,9267,4339705.605877403,226195.1911041951,1769.9018475699984,2340.867498696397,Germany,Germany,None,seird
2020-08-23,232864,9269,4478409.901635967,233496.94690300224,1823.186882315844,2419.116915557258,Germany,Germany,None,seird
2020-08-24,233575,9272,4620774.570986346,240995.4316975924,1878.2830230060351,2499.1741986366737,Germany,Germany,None,seird
2020-08-25,234853,9277,4766848.4963664375,248693.41302107606,1929.7158206905756,2580.752538763351,Germany,Germany,None,seird
2020-08-26,236429,9280,4916674.388027344,256594.04280945112,1979.556394531696,2665.0220130328785,Germany,Germany,None,seird
2020-08-27,237936,9285,5070295.1710333815,264699.9599777446,2030.949150625959,2750.8342485486764,Germany,Germany,None,seird
2020-08-28,239507,9288,5227754.092060492,273013.2235674823,2082.7145311245567,2839.418858392359,Germany,Germany,None,seird
2020-08-29,240986,9289,5389087.100531355,281536.29029873817,2136.2656339087557,2930.856823110541,Germany,Germany,None,seird
2020-08-30,241771,9295,5554324.240973695,290271.8076674381,2197.3492441085555,3022.8812013710394,Germany,Germany,None,seird
2020-08-31,242381,9298,5723498.352660174,299221.3802384806,2261.364278825557,3118.1262662774852,Germany,Germany,None,seird
2020-09-01,243599,9302,5896637.262331433,308386.5737864966,2320.632786805953,3215.2717027144336,Germany,Germany,None,seird
2020-09-02,244855,9313,6073759.975788313,317769.39724069845,2380.553787257076,3312.105629128084,Germany,Germany,None,seird
2020-09-03,246166,9321,6254882.84445783,327371.43059788,2440.9206976015494,3412.1921531797016,Germany,Germany,None,seird
2020-09-04,247619,9322,6440023.081965941,337193.288643998,2500.779052482217,3517.177522462969,Germany,Germany,None,seird
2020-09-05,248997,9324,6629188.627035789,347235.9521781245,2562.35682640184,3624.1093112196963,Germany,Germany,None,seird
2020-09-06,249985,9325,6822378.688622123,357500.67443003407,2629.1152223621907,3733.7873933515716,Germany,Germany,None,seird
2020-09-07,250799,9325,7019594.10505399,367987.51049770135,2698.8923819688234,3846.2467613694516,Germany,Germany,None,seird
2020-09-08,252298,9329,7220830.2877683155,378696.2355111788,2762.0243869425503,3959.3443617877456,Germany,Germany,None,seird
2020-09-09,253474,9338,7426071.463642079,389627.1040922654,2829.717234762571,4072.4898703391027,Germany,Germany,None,seird
2020-09-10,255366,9341,7635296.798976513,400779.9818027037,2889.9425918002057,4190.546855825968,Germany,Germany,None,seird
2020-09-11,256850,9342,7848486.442428553,412153.46057748725,2955.669239800877,4311.8332324714975,Germany,Germany,None,seird
2020-09-12,258480,9347,8065609.67957826,423746.46192904655,3020.3999069863276,4433.5023208414095,Germany,Germany,None,seird
2020-09-13,259428,9349,8286625.3069181,435558.17185652745,3094.1907993424384,4558.874444930232,Germany,Germany,None,seird
2020-09-14,260355,9350,8511492.385996519,447586.51093159564,3169.1872197563016,4687.021507289793,Germany,Germany,None,seird
2020-09-15,261762,9362,8740161.685810547,459829.2984150078,3238.972687330685,4811.656680356846,Germany,Germany,None,seird
2020-06-15,386464,31472,385953.7330473073,31653.922759924364,0.13203479565825166,0.5780463902019702,US - New York,US,New York,delphi
2020-06-16,386973,31519,386156.40561240976,31675.764598251906,0.2110210240999359,0.49736539310227523,US - New York,US,New York,delphi
2020-06-17,387384,31537,386342.819408529,31695.932150549783,0.26877222380661764,0.5039545630522333,US - New York,US,New York,delphi
2020-06-18,388083,31569,386514.201682713,31714.545439143367,0.4042429885583756,0.46103911794281355,US - New York,US,New York,delphi
2020-06-19,388907,31588,386671.69243725744,31731.71684220575,0.5747666055747407,0.45497290808456115,US - New York,US,New York,delphi
2020-06-20,389602,31656,386816.3556180651,31747.55113600717,0.7149974543084721,0.28920626739691896,US - New York,US,New York,delphi
2020-06-21,390268,31693,386949.17781073914,31762.14635131631,0.850395674065221,0.2181754687669541,US - New York,US,New York,delphi
2020-06-22,390910,31729,387071.0763232291,31775.59385423053,0.9820479590624132,0.14684942554297414,US - New York,US,New York,delphi
2020-06-23,391411,31791,387182.90356089675,31787.97878955358,1.0802191147165632,0.009503351408949045,US - New York,US,New York,delphi
2020-06-24,391884,31813,387285.4483648115,31799.380627024682,1.173447151501086,0.04281071566754998,US - New York,US,New York,delphi
2020-06-25,392698,31846,387379.443952427,31809.87317893335,1.354362906756079,0.1134422566936175,US - New York,US,New York,delphi
2020-06-26,393527,31869,387465.5686019269,31819.52524553676,1.5402834870474187,0.15524413838915865,US - New York,US,New York,delphi
2020-06-27,394261,31890,387544.45012905187,31828.4007817595,1.7035795756993801,0.19316154982909653,US - New York,US,New York,delphi
2020-06-28,394872,31917,387616.67036984867,31836.559132763337,1.8373877180836657,0.25203141660138045,US - New York,US,New York,delphi
2020-06-29,395406,31948,387682.766216882,31844.055542076352,1.9532414235287323,0.3253551331026915,US - New York,US,New York,delphi
2020-06-30,395909,31909,387743.2346121201,31850.94116733143,2.062535933227059,0.18195127603048783,US - New York,US,New York,delphi
2020-07-01,396456,31926,387798.53445168905,31857.263503081096,2.1837140939501363,0.2152994328099476,US - New York,US,New York,delphi
2020-07-02,397363,31950,387849.08882503456,31863.066623543535,2.394261965750571,0.2720919450906583,US - New York,US,New York,delphi
2020-07-03,398277,32030,387895.2887376378,31868.39126201284,2.6066559862513263,0.5045542865662209,US - New York,US,New York,delphi
2020-07-04,399054,32044,387937.494273786,31873.27523460397,2.7857146466929223,0.5327823161778473,US - New York,US,New York,delphi
2020-07-05,399776,32082,387976.0373387993,31877.753497278267,2.9516435857081786,0.6366389337377132,US - New York,US,New York,delphi
2020-07-06,400298,32099,388011.2239007917,31881.85836083438,3.0694073163513873,0.6764747785464353,US - New York,US,New York,delphi
2020-07-07,400746,32121,388043.3352492067,31885.61976877913,3.169754595377947,0.7327923514861673,US - New York,US,New York,delphi
2020-07-08,401314,32142,388072.6304995669,31889.06531562359,3.2995035060907654,0.7869288917192787,US - New York,US,New York,delphi
2020-07-09,402079,32165,388099.3479231643,31892.220527105,3.4768421322266736,0.8480630278097291,US - New York,US,New York,delphi
2020-07-10,402999,32205,388123.7063852265,31895.108985535306,3.6911490139611978,0.9622450379279439,US - New York,US,New York,delphi
2020-07-11,403877,32216,388145.9071771926,31897.752394274434,3.895020717398459,0.9878557416363491,US - New York,US,New York,delphi
2020-07-12,404624,32231,388166.1350637266,31900.170829195707,4.067446551928069,1.026431605610414,US - New York,US,New York,delphi
2020-07-13,405259,32254,388184.559634018,31902.382771350014,4.213216823311021,1.0901507678117006,US - New York,US,New York,delphi
2020-07-14,406132,32265,388201.3365881626,31904.40523674425,4.414984146001157,1.1176034813443387,US - New York,US,New York,delphi
2020-07-15,406834,32284,388216.60862677655,31906.25394037281,4.576164079999078,1.170072046918562,US - New York,US,New York,delphi
2020-07-16,407724,32293,388230.50661583804,31907.943308277256,4.781051246471133,1.1923843920439237,US - New York,US,New York,delphi
2020-07-17,408551,32320,388243.1505097966,31909.486635321307,4.970701207487787,1.27015273724843,US - New York,US,New York,delphi
2020-07-18,409380,32331,388254.6501215371,31910.896166756655,5.160327783101985,1.299383975884895,US - New York,US,New York,delphi
2020-07-19,410024,32350,388265.1060264416,31912.18312734279,5.30673667237976,1.3533751859573764,US - New York,US,New York,delphi
2020-07-20,410698,32361,388274.6102978629,31913.357865860144,5.459824421384349,1.3832765802659261,US - New York,US,New York,delphi
2020-07-21,411398,32373,388283.24713220436,31914.429882807937,5.618586592009597,1.416520301461288,US - New York,US,New York,delphi
2020-07-22,411954,32416,388291.0935486704,31915.407888638732,5.744065223624382,1.5442747759170397,US - New York,US,New York,delphi
2020-07-23,412807,32425,388298.21996772964,31916.29990686539,5.937103787549716,1.5688514822964021,US - New York,US,New York,delphi
2020-07-24,413557,32436,388304.69071296474,31917.113281739716,6.10612546445478,1.5997247449139365,US - New York,US,New York,delphi
2020-07-25,414317,32446,388310.564570826,31917.85475361997,6.27694143112013,1.6277668938544982,US - New York,US,New York,delphi
2020-07-26,414945,32463,388315.8952174272,31918.530518771095,6.417502267185476,1.6772001393244782,US - New York,US,New York,delphi
2020-07-27,415580,32473,388320.73162850196,31919.146237730063,6.559331144785128,1.7055823677206812,US - New York,US,New York,delphi
2020-07-28,416085,32487,388325.11852796207,31919.707110398256,6.67168522586441,1.7462150694177483,US - New York,US,New York,delphi
2020-07-29,416657,32488,388329.0967001692,31920.217904011348,6.798854525384381,1.747667126288636,US - New York,US,New York,delphi
2020-07-30,417454,32505,388332.70331552473,31920.68297046698,6.975929487913703,1.797621995179265,US - New York,US,New York,delphi
2020-07-31,418144,32508,388335.9722945114,31921.10630839492,7.128651303256441,1.805382341593087,US - New York,US,New York,delphi
2020-08-01,418899,32517,388338.9345254403,31921.491572698957,7.295330252533362,1.8313756721131822,US - New York,US,New York,delphi
2020-08-02,419452,32530,388341.6181420964,31921.842101765713,7.416911078717854,1.8695293520881866,US - New York,US,New York,delphi
2020-08-03,420042,32530,388344.04879114154,31922.160960143046,7.546376602544141,1.8685491541867618,US - New York,US,New York,delphi
2020-08-04,420675,32536,388346.24979558797,31922.45094166614,7.684970631583059,1.8857544207458246,US - New York,US,New York,delphi
2020-08-05,421159,32569,388348.2423923886,31922.714601118427,7.790586834808569,1.984357514451083,US - New York,US,New York,delphi
2020-08-06,421901,32574,388350.0459149609,31922.954279474237,7.952328647014132,1.9986667910780458,US - New York,US,New York,delphi
2020-08-07,422479,32577,388351.67792507587,31923.172107051818,8.077874184261024,2.0070230314276394,US - New York,US,New York,delphi
2020-08-08,423177,32586,388353.1544101233,31923.370033941144,8.229144209131569,2.0334805316972187,US - New York,US,New York,delphi
2020-08-09,423751,32588,388354.48990406096,31923.549842797936,8.35313901228293,2.038941196765876,US - New York,US,New York,delphi
2020-08-10,424272,32597,388355.69759591465,31923.713154505593,8.465395407683125,2.065487147573112,US - New York,US,New York,delphi
2020-08-11,424854,32603,388356.7894895938,31923.861453631533,8.590530043357525,2.083055382536783,US - New York,US,New York,delphi
2020-08-12,425318,32611,388357.7764803689,31923.996093583246,8.69002100067034,2.106663108818356,US - New York,US,New York,delphi
2020-08-13,425960,32613,388358.6684510108,31924.118305335724,8.827432516900465,2.112291707798352,US - New York,US,New York,delphi
2020-08-14,426610,32631,388359.47439048946,31924.22921591774,8.966157757556209,2.165948895474422,US - New York,US,New York,delphi
2020-08-15,427302,32642,388360.20244475466,31924.329850136484,9.113413359929359,2.1986096129634083,US - New York,US,New York,delphi
2020-08-16,427912,32649,388360.86000313674,31924.42114104532,9.242820953107943,2.219298780834571,US - New York,US,New York,delphi
2020-08-17,428385,32656,388361.4537793031,31924.50394188497,9.342891609346005,2.240005077520302,US - New York,US,New York,delphi
2020-08-18,428923,32668,388361.9898490649,31924.579026892497,9.456478237570634,2.2756856039779065,US - New York,US,New York,delphi
2020-08-19,429440,32673,388362.4737251408,31924.647101831128,9.565370313631522,2.290432155507215,US - New York,US,New York,delphi
2020-08-20,430123,32671,388362.91040938307,31924.708810954686,9.708871553164311,2.2842618500973777,US - New York,US,New York,delphi
2020-08-21,430860,32667,388363.3044235165,31924.76473803782,9.863226007632061,2.27212557615386,US - New York,US,New York,delphi
2020-08-22,431543,32673,388363.65987099847,31924.815415757912,10.00580246441294,2.2899170086679765,US - New York,US,New York,delphi
2020-08-23,432085,32685,388363.9804696295,31924.861329348576,10.118615441491947,2.3256499025590456,US - New York,US,New York,delphi
2020-08-24,432558,32686,388364.26957751607,31924.902918186297,10.216833447187183,2.328510927656192,US - New York,US,New York,delphi
2020-08-25,433113,32715,388364.5302424236,31924.940583423886,10.331823278815556,2.4149760555589608,US - New York,US,New York,delphi
2020-08-26,433595,32721,388364.76522125246,31924.97468964205,10.431447497952592,2.4327658395463128,US - New York,US,New York,delphi
2020-08-27,434393,32721,388364.9770033362,31925.00556700047,10.595940311345673,2.432671473975522,US - New York,US,New York,delphi
2020-08-28,435062,32724,388365.16784733493,31925.033516921034,10.733374128897736,2.4415306291375325,US - New York,US,New York,delphi
2020-08-29,435756,32725,388365.33979308885,31925.05881273735,10.875503769749848,2.444434491253328,US - New York,US,New York,delphi
2020-08-30,436469,32743,388365.49468258745,31925.081702124517,11.021058842074133,2.49799437398981,US - New York,US,New York,delphi
2020-08-31,437154,32791,388365.6341860737,31925.102411069955,11.160452795565483,2.640656243878032,US - New York,US,New York,delphi
2020-09-01,437757,32800,388365.7598097924,31925.12114410343,11.282798490991032,2.667313585050523,US - New York,US,New York,delphi
2020-09-02,438405,32806,388365.87291418464,31925.13808669035,11.413904286177248,2.6850634436068126,US - New York,US,New York,delphi
2020-09-03,439322,32810,388365.9747318367,31925.153407910344,11.59878751079238,2.6968808049059922,US - New York,US,New York,delphi
2020-09-04,440192,32816,388366.0663728953,31925.167260540613,11.773483758701811,2.7146292645641976,US - New York,US,New York,delphi
2020-09-05,441012,32821,388366.1488402305,31925.17978320304,11.937509899905109,2.7294117083481955,US - New York,US,New York,delphi
2020-09-06,441748,32821,388366.2230417005,31925.191102155615,12.08421474648431,2.7293772214264793,US - New York,US,New York,delphi
2020-09-07,442315,32836,388366.28979406494,31925.201331330827,12.196898184763134,2.7737808157789408,US - New York,US,New York,delphi
2020-09-08,442817,32850,388366.34983518184,31925.21057413934,12.296422712953243,2.815188510991358,US - New York,US,New York,delphi
2020-09-09,443409,32854,388366.40383252926,31925.21892469534,12.4135044997893,2.826995420054366,US - New York,US,New York,delphi
2020-09-10,444071,32854,388366.4523860013,31925.22646783082,12.544063362389956,2.8269724604893764,US - New York,US,New York,delphi
2020-09-11,445102,32854,388366.4960374158,31925.23328053712,12.746629752862082,2.8269517241823863,US - New York,US,New York,delphi
2020-09-12,446028,32858,388366.535276694,31925.239432853632,12.92776792562485,2.8387624540336236,US - New York,US,New York,delphi
2020-09-13,446862,32858,388366.5705437516,31925.244987853497,13.090267119658511,2.838745547953323,US - New York,US,New York,delphi
2020-09-14,447524,32865,388366.6022356541,31925.25000274087,13.218821284298926,2.859424911788007,US - New York,US,New York,delphi
2020-09-15,448213,32873,388366.6307112145,31925.254529522197,13.352216309831597,2.8830513505849873,US - New York,US,New York,delphi
2020-06-15,386464,31472,385953.7332284454,31653.922759924364,0.13203474878762256,0.5780463902019702,US - New York,US,New York,delphi_constant
2020-06-16,386973,31519,386156.4053316307,31675.764594853976,0.2110210966577189,0.4973653823216972,US - New York,US,New York,delphi_constant
2020-06-17,387384,31537,386342.8307706433,31695.932154568392,0.2687692907700598,0.5039545757947568,US - New York,US,New York,delphi_constant
2020-06-18,388083,31569,386514.2623108505,31714.545590446025,0.40422736609166277,0.46103959721886983,US - New York,US,New York,delphi_constant
2020-06-19,388907,31588,386671.8709004755,31731.71742341402,0.5747207171700488,0.45497474804995064,US - New York,US,New York,delphi_constant
2020-06-20,389602,31656,386816.7498061018,31747.55280848083,0.7148962772003781,0.28921155067231613,US - New York,US,New York,delphi_constant
2020-06-21,390268,31693,386949.9115751005,31762.15013056981,0.8502076585575807,0.21818739333547202,US - New York,US,New York,delphi_constant
2020-06-22,390910,31729,387072.2939991922,31775.601109908333,0.9817364612846465,0.14687229319655032,US - New York,US,New York,delphi_constant
2020-06-23,391411,31791,387184.7629020694,31787.991458228742,1.07974407922379,0.009463501529546173,US - New York,US,New York,delphi_constant
2020-06-24,391884,31813,387288.1166008299,31799.40094991337,1.172766277564311,0.04274683332797368,US - New York,US,New York,delphi_constant
2020-06-25,392698,31846,387383.0906169626,31809.903813684563,1.3534342886995652,0.11334606015021378,US - New York,US,New York,delphi_constant
2020-06-26,393527,31869,387470.36289589014,31819.569267894458,1.5390651986038724,0.15510600302972205,US - New York,US,New York,delphi_constant
2020-06-27,394261,31890,387550.55617207126,31828.461463873344,1.7020308445239936,0.19297126411620022,US - New York,US,New York,delphi_constant
2020-06-28,394872,31917,387624.24327503546,31836.639964015074,1.8354699054287302,0.25177816206073905,US - New York,US,New York,delphi_constant
2020-06-29,395406,31948,387691.9523423147,31844.1602097691,1.950918210063908,0.3250275141821106,US - New York,US,New York,delphi_constant
2020-06-30,395909,31909,387754.1676806344,31851.073456941926,2.059774422750072,0.18153669202442715,US - New York,US,New York,delphi_constant
2020-07-01,396456,31926,387811.3340245312,31857.42713229447,2.1804855962499787,0.21478690630060254,US - New York,US,New York,delphi_constant
2020-07-02,397363,31950,387863.86170142127,31863.26531754262,2.3905442375306043,0.271470054639686,US - New York,US,New York,delphi_constant
2020-07-03,398277,32030,387912.1270574797,31868.62872301222,2.6024281950803854,0.503812915978078,US - New York,US,New York,delphi_constant
2020-07-04,399054,32044,387956.4751094455,31873.55489225068,2.780958188755027,0.5319095860358298,US - New York,US,New York,delphi_constant
2020-07-05,399776,32082,387997.22424250026,31878.0786665752,2.946343891954429,0.6356253769241368,US - New York,US,New York,delphi_constant
2020-07-06,400298,32099,388034.6667108916,31882.232200679955,3.063550976799388,0.6753101321537899,US - New York,US,New York,delphi_constant
2020-07-07,400746,32121,388069.0701739327,31886.04507379222,3.16333284076879,0.7314682799656974,US - New York,US,New York,delphi_constant
2020-07-08,401314,32142,388100.6815896186,31889.544693435928,3.2925136951069196,0.7854374543092281,US - New York,US,New York,delphi_constant
2020-07-09,402079,32165,388129.72780026775,31892.756336549122,3.4692864336939384,0.8463972126562339,US - New York,US,New York,delphi_constant
2020-07-10,402999,32205,388156.41646007885,31895.703212511977,3.6830323499366373,0.9603998990468041,US - New York,US,New York,delphi_constant
2020-07-11,403877,32216,388180.93911265704,31898.406796390755,3.8863468054241657,0.9858244462665924,US - New York,US,New York,delphi_constant
2020-07-12,404624,32231,388203.4717833003,31900.886880493872,4.0582190420488455,1.0242099826444355,US - New York,US,New York,delphi_constant
2020-07-13,405259,32254,388224.17557435686,31903.161612391086,4.203441361115518,1.0877360563307303,US - New York,US,New York,delphi_constant
2020-07-14,406132,32265,388243.199051863,31905.247763089632,4.404676545590353,1.1149922110967552,US - New York,US,New York,delphi_constant
2020-07-15,406834,32284,388260.67879026814,31907.160779585072,4.5653316118446,1.16726310375086,US - New York,US,New York,delphi_constant
2020-07-16,407724,32293,388276.73977481434,31908.91480917017,4.769711919137863,1.1893759973673186,US - New York,US,New York,delphi_constant
2020-07-17,408551,32320,388291.4972405637,31910.522912436834,4.958867499880387,1.2669464342919732,US - New York,US,New York,delphi_constant
2020-07-18,409380,32331,388305.05714606296,31911.997111913184,5.148014767193572,1.2959787451263982,US - New York,US,New York,delphi_constant
2020-07-19,410024,32350,388317.5164549952,31913.348408263304,5.293954389256434,1.3497730811026152,US - New York,US,New York,delphi_constant
2020-07-20,410698,32361,388328.9645513878,31914.58694819619,5.4465898174844245,1.3794785445561353,US - New York,US,New York,delphi_constant
2020-07-21,411398,32373,388339.48363878834,31915.72206724521,5.604916980931278,1.4125287515979073,US - New York,US,New York,delphi_constant
2020-07-22,411954,32416,388349.1489406255,31916.762300697814,5.729972535616723,1.540096555102993,US - New York,US,New York,delphi_constant
2020-07-23,412807,32425,388358.02978989715,31917.71551529967,5.92261521972807,1.564485689129773,US - New York,US,New York,delphi_constant
2020-07-24,413557,32436,388366.1899603745,31918.58894589313,6.091254661298322,1.5951752808819504,US - New York,US,New York,delphi_constant
2020-07-25,414317,32446,388373.687809044,31919.389202624192,6.261705937954762,1.6230376544899463,US - New York,US,New York,delphi_constant
2020-07-26,414945,32463,388380.5771156842,31920.122373808328,6.401914201717282,1.6722965412675102,US - New York,US,New York,delphi_constant
2020-07-27,415580,32473,388386.9073563759,31920.794056952975,6.5434074410761145,1.7005079390479023,US - New York,US,New York,delphi_constant
2020-07-28,416085,32487,388392.7238033878,31921.409363212984,6.6554372776265,1.740975272530599,US - New York,US,New York,delphi_constant
2020-07-29,416657,32488,388398.0681715821,31921.97299732945,6.782300988203216,1.7422648444673454,US - New York,US,New York,delphi_constant
2020-07-30,417454,32505,388402.9788452011,31922.48928389104,6.959095170916775,1.7920649626487057,US - New York,US,New York,delphi_constant
2020-07-31,418144,32508,388407.4909459859,31922.962169720857,7.111547470252858,1.799673404328606,US - New York,US,New York,delphi_constant
2020-08-01,418899,32517,388411.63682952174,31923.395285590854,7.277974683749128,1.8255211563463614,US - New York,US,New York,delphi_constant
2020-08-02,419452,32530,388415.4462752415,31923.791968617,7.399309986543991,1.8635352947525397,US - New York,US,New York,delphi_constant
2020-08-03,420042,32530,388418.94653086696,31924.15526311791,7.528545590472628,1.8624184964097414,US - New York,US,New York,delphi_constant
2020-08-04,420675,32536,388422.1626914478,31924.487967825688,7.666925134260932,1.879493583028991,US - New York,US,New York,delphi_constant
2020-08-05,421159,32569,388425.11786087696,31924.792655215086,7.772333522285655,1.9779770480669172,US - New York,US,New York,delphi_constant
2020-08-06,421901,32574,388427.83317904477,31925.071671298843,7.933891320702068,1.9921665398819814,US - New York,US,New York,delphi_constant
2020-08-07,422479,32577,388430.328108543,31925.327171267836,8.059257830911594,2.0004077377664116,US - New York,US,New York,delphi_constant
2020-08-08,423177,32586,388432.62057425344,31925.56113640987,8.210365739571518,2.026756470846776,US - New York,US,New York,delphi_constant
2020-08-09,423751,32588,388434.72697846295,31925.775373258384,8.33420405415847,2.0321119023616543,US - New York,US,New York,delphi_constant
2020-08-10,424272,32597,388436.66241434397,31925.97153997099,8.446312173713096,2.0585589472313726,US - New York,US,New York,delphi_constant
2020-08-11,424854,32603,388438.44078857853,31926.151161339836,8.571311370828912,2.076032385547845,US - New York,US,New York,delphi_constant
2020-08-12,425318,32611,388440.0748288449,31926.315627670065,8.670671161614386,2.0995503735854015,US - New York,US,New York,delphi_constant
2020-08-13,425960,32613,388441.5762388139,31926.46621372202,8.807968767298826,2.1050924057215883,US - New York,US,New York,delphi_constant
2020-08-14,426610,32631,388442.95580735226,31926.604092168876,8.946589201530141,2.158670919772988,US - New York,US,New York,delphi_constant
2020-08-15,427302,32642,388444.2234121096,31926.730332537376,9.09375022534189,2.191255644453845,US - New York,US,New York,delphi_constant
2020-08-16,427912,32649,388445.38812760194,31926.845914179474,9.22306732982437,2.211871989404044,US - New York,US,New York,delphi_constant
2020-08-17,428385,32656,388446.45832326566,31926.951738395623,9.323048584038736,2.232509375319627,US - New York,US,New York,delphi_constant
2020-08-18,428923,32668,388447.44166624424,31927.04862771659,9.43655582324934,2.2681259100141085,US - New York,US,New York,delphi_constant
2020-08-19,429440,32673,388448.3451919873,31927.13733412314,9.545374163564809,2.2828104731027423,US - New York,US,New York,delphi_constant
2020-08-20,430123,32671,388449.1753922376,31927.218549922047,9.688815666161165,2.2765799947291274,US - New York,US,New York,delphi_constant
2020-08-21,430860,32667,388449.9382194451,31927.292907577877,9.843118827590141,2.2643863606150627,US - New York,US,New York,delphi_constant
2020-08-22,431543,32673,388450.6391280967,31927.360984256804,9.985647055311594,2.2821259625476573,US - New York,US,New York,delphi_constant
2020-08-23,432085,32685,388451.2831525416,31927.42331141186,10.098410462630822,2.317811499428296,US - New York,US,New York,delphi_constant
2020-08-24,432558,32686,388451.8749146635,31927.480375281884,10.196580593894115,2.320625419806999,US - New York,US,New York,delphi_constant
2020-08-25,433113,32715,388452.4186438179,31927.532618792113,10.311531022200239,2.4070529763346697,US - New York,US,New York,delphi_constant
2020-08-26,433595,32721,388452.91824317444,31927.580449670055,10.411116769525838,2.4248022686652155,US - New York,US,New York,delphi_constant
2020-08-27,434393,32721,388453.3773012759,31927.62424161077,10.575590006911735,2.424668434305887,US - New York,US,New York,delphi_constant
2020-08-28,435062,32724,388453.79909897794,31927.6643346173,10.713002032129229,2.433491215568694,US - New York,US,New York,delphi_constant
2020-08-29,435756,32725,388454.186661373,31927.70104129417,10.855114637234367,2.4363604544104787,US - New York,US,New York,delphi_constant
2020-08-30,436469,32743,388454.542773996,31927.73464868263,11.000656914008552,2.489892042016212,US - New York,US,New York,delphi_constant
2020-08-31,437154,32791,388454.86998370936,31927.76541795816,11.140039898134441,2.632535092073561,US - New York,US,New York,delphi_constant
2020-09-01,437757,32800,388455.1706341255,31927.793588640525,11.26237372923209,2.6591658882910827,US - New York,US,New York,delphi_constant
2020-09-02,438405,32806,388455.4468866364,31927.819381058347,11.393472499940382,2.676890260750024,US - New York,US,New York,delphi_constant
2020-09-03,439322,32810,388455.7007197931,31927.842995995383,11.57836376967393,2.688683340459059,US - New York,US,New York,delphi_constant
2020-09-04,440192,32816,388455.93394888815,31927.86461690858,11.753068218212018,2.7064096266803372,US - New York,US,New York,delphi_constant
2020-09-05,441012,32821,388456.1482500102,31927.88441276755,11.917102425782018,2.721171162464425,US - New York,US,New York,delphi_constant
2020-09-06,441748,32821,388456.3451610533,31927.90253801669,12.063813495238621,2.721115937915696,US - New York,US,New York,delphi_constant
2020-09-07,442315,32836,388456.52608858695,31927.91913322265,12.176497272625403,2.7655039188005515,US - New York,US,New York,delphi_constant
2020-09-08,442817,32850,388456.69233144395,31927.934327845272,12.276020945120909,2.8068970233020627,US - New York,US,New York,delphi_constant
2020-09-09,443409,32854,388456.84508454514,31927.94824061923,12.393107698638245,2.8186880117512962,US - New York,US,New York,delphi_constant
2020-09-10,444071,32854,388456.98543946096,31927.960979445605,12.523676295128267,2.8186492377013312,US - New York,US,New York,delphi_constant
2020-09-11,445102,32854,388457.11440173665,31927.97264340326,12.726270742046397,2.81861373530389,US - New York,US,New York,delphi_constant
2020-09-12,446028,32858,388457.2328988512,31927.983323642515,12.907433412509702,2.8304116999132183,US - New York,US,New York,delphi_constant
2020-09-13,446862,32858,388457.3417795617,31927.99310319043,13.069954084356755,2.8303819368481626,US - New York,US,New York,delphi_constant
2020-09-14,447524,32865,388457.44182198413,31928.002057834045,13.198523024020133,2.8510510943738185,US - New York,US,New York,delphi_constant
2020-09-15,448213,32873,388457.5337450499,31928.0102574265,13.33193509669512,2.874668398301037,US - New York,US,New York,delphi_constant
2020-06-15,386464,31472,385953.7328139724,31653.922759375066,0.13203485603512935,0.5780463884566143,US - New York,US,New York,themis
2020-06-16,386973,31519,386156.92683543084,31675.76516931926,0.21088633175160948,0.4973672049216668,US - New York,US,New York,themis
2020-06-17,387384,31537,386346.42357532325,31695.940194299186,0.2678418377312306,0.5039800688054864,US - New York,US,New York,themis
2020-06-18,388083,31569,386524.87940072955,31714.581057639738,0.4014915879516622,0.4611519453886344,US - New York,US,New York,themis
2020-06-19,388907,31588,386694.0805727549,31731.81563435044,0.5690099245436824,0.4552856602204684,US - New York,US,New York,themis
2020-06-20,389602,31656,386855.2543814422,31747.76396839657,0.7050132233812431,0.2898785961478763,US - New York,US,New York,themis
2020-06-21,390268,31693,387009.2667911439,31762.53719238359,0.8349988235920137,0.2194086782052449,US - New York,US,New York,themis
2020-06-22,390910,31729,387156.74883674376,31776.23726507724,0.960131785642792,0.1488772576420351,US - New York,US,New York,themis
2020-06-23,391411,31791,387298.1790161325,31788.95716942086,1.050767858815289,0.0064258141585331165,US - New York,US,New York,themis
2020-06-24,391884,31813,387433.93604170816,31800.78139873469,1.1355564295280842,0.03840757321004309,US - New York,US,New York,themis
2020-06-25,392698,31846,387564.32967611036,31811.786538772398,1.3072820141405468,0.10743409290837856,US - New York,US,New York,themis
2020-06-26,393527,31869,387689.62566133804,31822.04192707908,1.483347861433132,0.14734718039762534,US - New York,US,New York,themis
2020-06-27,394261,31890,387810.0569240463,31831.610290963097,1.6362113107696912,0.18309723749420753,US - New York,US,New York,themis
2020-06-28,394872,31917,387925.83439814026,31840.548373494752,1.7590929723707283,0.2395326205634865,US - New York,US,New York,themis
2020-06-29,395406,31948,388037.15136966115,31848.907502640373,1.8636157848739903,0.31016807737456675,US - New York,US,New York,themis
2020-06-30,395909,31909,388144.1890976769,31856.73418600815,1.9612615278569339,0.16379646492165043,US - New York,US,New York,themis
2020-07-01,396456,31926,388247.1169690623,31864.07045567363,2.0705659722485454,0.1939784010723832,US - New York,US,New York,themis
2020-07-02,397363,31950,388346.0969555935,31870.954555306642,2.2691853656245042,0.24740358276481425,US - New York,US,New York,themis
2020-07-03,398277,32030,388441.2823840576,31877.421059791654,2.4695670641142753,0.47636259821525595,US - New York,US,New York,themis
2020-07-04,399054,32044,388532.8200162653,31883.50141729203,2.6365303903067447,0.5008693755709931,US - New York,US,New York,themis
2020-07-05,399776,32082,388620.8508106062,31889.224317145367,2.7903498932886897,0.6008842430479193,US - New York,US,New York,themis
2020-07-06,400298,32099,388705.509372329,31894.615719088473,2.895965162871413,0.6367309913440503,US - New York,US,New York,themis
2020-07-07,400746,32121,388786.92520739045,31899.69938369654,2.984203159260367,0.6889592986004757,US - New York,US,New York,themis
2020-07-08,401314,32142,388865.22279252874,31904.497041257582,3.1020042180116456,0.7389177983399223,US - New York,US,New York,themis
2020-07-09,402079,32165,388940.5215169454,31909.028415708366,3.267636082226282,0.7958078168556938,US - New York,US,New York,themis
2020-07-10,402999,32205,389012.9362881176,31913.311648035542,3.4704958850722694,0.9057238067519267,US - New York,US,New York,themis
2020-07-11,403877,32216,389082.57760186493,31917.363388614023,3.6631009931575864,0.9269822801898954,US - New York,US,New York,themis
2020-07-12,404624,32231,389149.55158987566,31921.198805518223,3.82440201523497,0.9611901414221625,US - New York,US,New York,themis
2020-07-13,405259,32254,389213.9603926436,31924.831906715786,3.9592062378272708,1.020549678440546,US - New York,US,New York,themis
2020-07-14,406132,32265,389275.9022519124,31928.275609455348,4.150398823064324,1.043621232123515,US - New York,US,New York,themis
2020-07-15,406834,32284,389335.4715656217,31931.5417236909,4.301147011896333,1.0917428952704078,US - New York,US,New York,themis
2020-07-16,407724,32293,389392.7591717522,31934.6411913111,4.495992590146226,1.1097104904744046,US - New York,US,New York,themis
2020-07-17,408551,32320,389447.8524573913,31937.58415860588,4.675829343853944,1.1832173310461591,US - New York,US,New York,themis
2020-07-18,409380,32331,389500.8354003966,31940.379940926585,4.855919829889929,1.208190464487381,US - New York,US,New York,themis
2020-07-19,410024,32350,389551.7887903736,31943.03718285422,4.992929977178507,1.257999434762846,US - New York,US,New York,themis
2020-07-20,410698,32361,389600.79036731145,31945.563947525286,5.136915600438412,1.2837552995108727,US - New York,US,New York,themis
2020-07-21,411398,32373,389647.9148521661,31947.967682589366,5.28687187293908,1.3129222420246325,US - New York,US,New York,themis
2020-07-22,411954,32416,389693.23409038386,31950.255294898972,5.40370184768594,1.4367741396255789,US - New York,US,New York,themis
2020-07-23,412807,32425,389736.8172347162,31952.433259211506,5.588612297098595,1.45741477498379,US - New York,US,New York,themis
2020-07-24,413557,32436,389778.7307804215,31954.507607318446,5.749695741960232,1.4844382558933087,US - New York,US,New York,themis
2020-07-25,414317,32446,389819.0386211607,31956.483924784145,5.912854500017927,1.5087100881953257,US - New York,US,New York,themis
2020-07-26,414945,32463,389857.8022580292,31958.36746070013,6.04590915470022,1.554485227181313,US - New York,US,New York,themis
2020-07-27,415580,32473,389895.0808567262,31960.163145738745,6.180499336655706,1.57927156179366,US - New York,US,New York,themis
2020-07-28,416085,32487,389930.9312708793,31961.875564085083,6.285751403948884,1.6164140607471198,US - New York,US,New York,themis
2020-07-29,416657,32488,389965.40817451634,31963.509009024452,6.406130660347397,1.6144145252879458,US - New York,US,New York,themis
2020-07-30,417454,32505,389998.5641971426,31965.067536757397,6.576876926046317,1.6610751061147615,US - New York,US,New York,themis
2020-07-31,418144,32508,390030.4499474741,31966.554958501165,6.723413477779397,1.66557475544123,US - New York,US,New York,themis
2020-08-01,418899,32517,390061.11404058855,31967.97482631237,6.8842097878991,1.6884250505508833,US - New York,US,New York,themis
2020-08-02,419452,32530,390090.60326836247,31969.330498373,6.999942003289419,1.7235459625791534,US - New York,US,New York,themis
2020-08-03,420042,32530,390118.962658434,31970.625155416445,7.123820318341023,1.719566076186767,US - New York,US,New York,themis
2020-08-04,420675,32536,390146.2354918601,31971.8617854081,7.257090273522297,1.7338892752394315,US - New York,US,New York,themis
2020-08-05,421159,32569,390172.46335205203,31973.043189303295,7.357443779652809,1.8298283972388019,US - New York,US,New York,themis
2020-08-06,421901,32574,390197.6862778881,31974.172028728193,7.514396439475594,1.8414317285927635,US - New York,US,New York,themis
2020-08-07,422479,32577,390221.9427895156,31975.250830121753,7.635185940717622,1.847159560052328,US - New York,US,New York,themis
2020-08-08,423177,32586,390245.2699015746,31976.281968566927,7.782022675718532,1.8711042516205505,US - New York,US,New York,themis
2020-08-09,423751,32588,390267.7031860072,31977.267681910962,7.901644318005806,1.8741018721278937,US - New York,US,New York,themis
2020-08-10,424272,32597,390289.27689743973,31978.210103128255,8.009654915375105,1.898303208490798,US - New York,US,New York,themis
2020-08-11,424854,32603,390310.02398797974,31979.11126129459,8.130787520423546,1.913593039614174,US - New York,US,New York,themis
2020-08-12,425318,32611,390329.97611729306,31979.97306729915,8.226320983994786,1.9350125193979026,US - New York,US,New York,themis
2020-08-13,425960,32613,390349.163712039,31980.797327026037,8.360136230622826,1.9384989819212055,US - New York,US,New York,themis
2020-08-14,426610,32631,390367.6160745531,31981.58576549949,8.495437032757529,1.9901757056189189,US - New York,US,New York,themis
2020-08-15,427302,32642,390385.3613936472,31982.340027460006,8.639472458905596,2.0208932434899634,US - New York,US,New York,themis
2020-08-16,427912,32649,390402.4267536442,31983.061665972786,8.765721280626813,2.039689834381495,US - New York,US,New York,themis
2020-08-17,428385,32656,390418.838176587,31983.752149915574,8.862626334585242,2.0585737692443233,US - New York,US,New York,themis
2020-08-18,428923,32668,390434.6207251438,31984.412884691603,8.97326076588483,2.0925282089763595,US - New York,US,New York,themis
2020-08-19,429440,32673,390449.79851301556,31985.0452132494,9.079312939405842,2.105575817190343,US - New York,US,New York,themis
2020-08-20,430123,32671,390464.3947151567,31985.65040848906,9.220294028648388,2.0977306832081712,US - New York,US,New York,themis
2020-08-21,430860,32667,390478.4315851928,31986.229673085785,9.372317786475236,2.0839695316809466,US - New York,US,New York,themis
2020-08-22,431543,32673,390491.93055549794,31986.784158680744,9.512625496069237,2.100253546718255,US - New York,US,New York,themis
2020-08-23,432085,32685,390504.91225300636,31987.314967830527,9.623126872488893,2.134572532260893,US - New York,US,New York,themis
2020-08-24,432558,32686,390517.39650922315,31987.82315059879,9.719067383050794,2.1360118992878,US - New York,US,New York,themis
2020-08-25,433113,32715,390529.40235955035,31988.30969789179,9.831983256205573,2.2212755681131306,US - New York,US,New York,themis
2020-08-26,433595,32721,390540.948126729,31988.775557603014,9.929554508993647,2.2377813709757834,US - New York,US,New York,themis
2020-08-27,434393,32721,390552.0514535539,31989.22163875364,10.092462020899532,2.2364180839410803,US - New York,US,New York,themis
2020-08-28,435062,32724,390562.72930733813,31989.648810725274,10.228259579706311,2.2440752636435843,US - New York,US,New York,themis
2020-08-29,435756,32725,390572.9979810716,31990.057895690854,10.368876623369136,2.245812389027184,US - New York,US,New York,themis
2020-08-30,436469,32743,390582.87313482276,31990.44967657502,10.513032280683678,2.2983548343920255,US - New York,US,New York,themis
2020-08-31,437154,32791,390592.36985466187,31990.82490522398,10.651081803057535,2.440227790479154,US - New York,US,New York,themis
2020-09-01,437757,32800,390601.50265535223,31991.184302533442,10.772071570448393,2.4659015166663356,US - New York,US,New York,themis
2020-09-02,438405,32806,390610.285487684,31991.528554755554,10.901954702231038,2.48269049943439,US - New York,US,New York,themis
2020-09-03,439322,32810,390618.7317401301,31991.858311338325,11.08600713369007,2.493574180620772,US - New York,US,New York,themis
2020-09-04,440192,32816,390626.8543067797,31992.174195549153,11.259892431761665,2.510439433358263,US - New York,US,New York,themis
2020-09-05,441012,32821,390634.6656024541,31992.47680595096,11.42312100295364,2.524369135763813,US - New York,US,New York,themis
2020-09-06,441748,32821,390642.1775661098,31992.766715879832,11.568999165562763,2.5234858295608538,US - New York,US,New York,themis
2020-09-07,442315,32836,390649.40166056395,31993.04446822704,11.680724899548071,2.567168753115364,US - New York,US,New York,themis
2020-09-08,442817,32850,390656.34890128067,31993.310580561043,11.779279273090088,2.607882555369732,US - New York,US,New York,themis
2020-09-09,443409,32854,390663.0299017216,31993.56555058047,11.895556945907373,2.618964051316517,US - New York,US,New York,themis
2020-09-10,444071,32854,390669.4548750743,31993.809856211275,12.0254520391842,2.6182204413122436,US - New York,US,New York,themis
2020-09-11,445102,32854,390675.633639977,31994.043953991662,12.227841339743021,2.6175079016507503,US - New York,US,New York,themis
2020-09-12,446028,32858,390681.5756161197,31994.268275766604,12.40873317008804,2.6286801516628997,US - New York,US,New York,themis
2020-09-13,446862,32858,390687.2898703316,31994.483235716853,12.570930204328945,2.6280259427936805,US - New York,US,New York,themis
2020-09-14,447524,32865,390692.78513623733,31994.689232179644,12.699031753327791,2.6481386515148517,US - New York,US,New York,themis
2020-09-15,448213,32873,390698.0698138914,31994.88664746043,12.83205310557896,2.671229740332707,US - New York,US,New York,themis
2020-06-15,386464,31472,389698.662875362,10.0,0.8369894415422843,99.96822572445349,US - New York,US,New York,sir
2020-06-16,386973,31519,389698.6645109076,10.0,0.7043552162315214,99.96827310511121,US - New York,US,New York,sir
2020-06-17,387384,31537,389698.6660288422,10.0,0.5975120368528937,99.96829121349526,US - New York,US,New York,sir
2020-06-18,388083,31569,389698.6674380171,10.0,0.41632007534911036,99.96832335519021,US - New York,US,New York,sir
2020-06-19,388907,31588,389698.668746488,10.0,0.2035624831869815,99.96834240850956,US - New York,US,New York,sir
2020-06-20,389602,31656,389698.66996157076,10.0,0.02481249109880393,99.96841041192823,US - New York,US,New York,sir
2020-06-21,390268,31693,389698.6710900936,10.0,0.14588152497934345,99.96844729119995,US - New York,US,New York,sir
2020-06-22,390910,31729,389698.6721384228,10.0,0.3098738486038255,99.96848309117841,US - New York,US,New York,sir
2020-06-23,391411,31791,389698.67311246286,10.0,0.4374754126831242,99.96854455663554,US - New York,US,New York,sir
2020-06-24,391884,31813,389698.674017659,10.0,0.5576461356781647,99.96856630937039,US - New York,US,New York,sir
2020-06-25,392698,31846,389698.67485896766,10.0,0.7637739792492814,99.9685988821202,US - New York,US,New York,sir
2020-06-26,393527,31869,389698.67564092984,10.0,0.9728238110905124,99.96862154444757,US - New York,US,New York,sir
2020-06-27,394261,31890,389698.67636780004,10.0,1.1571835997473645,99.96864220758859,US - New York,US,New York,sir
2020-06-28,394872,31917,389698.6770435525,10.0,1.3101265616319946,99.96866873453018,US - New York,US,New York,sir
2020-06-29,395406,31948,389698.6776718807,10.0,1.4434081243378467,99.96869913609615,US - New York,US,New York,sir
2020-06-30,395909,31909,389698.6782561976,10.0,1.5686235331357459,99.96866087937573,US - New York,US,New York,sir
2020-07-01,396456,31926,389698.6787996079,10.0,1.7044315637528735,99.9686775668734,US - New York,US,New York,sir
2020-07-02,397363,31950,389698.67930497957,10.0,1.9287957598016003,99.96870109546165,US - New York,US,New York,sir
2020-07-03,398277,32030,389698.6797750051,10.0,2.1538577987167,99.9687792694349,US - New York,US,New York,sir
2020-07-04,399054,32044,389698.68021220196,10.0,2.344374392387507,99.9687929097491,US - New York,US,New York,sir
2020-07-05,399776,32082,389698.680618913,10.0,2.5207414604896314,99.96882987344928,US - New York,US,New York,sir
2020-07-06,400298,32099,389698.6809973033,10.0,2.6478570971368134,99.96884638150722,US - New York,US,New York,sir
2020-07-07,400746,32121,389698.6813493423,10.0,2.756688438726205,99.96886771893777,US - New York,US,New York,sir
2020-07-08,401314,32142,389698.68167686247,10.0,2.8943217338885585,99.96888805923714,US - New York,US,New York,sir
2020-07-09,402079,32165,389698.6819815855,10.0,3.0790760070569436,99.96891030623348,US - New York,US,New York,sir
2020-07-10,402999,32205,389698.6822651219,10.0,3.3003351707766275,99.96894892097501,US - New York,US,New York,sir
2020-07-11,403877,32216,389698.6825289713,10.0,3.5105533296099343,99.96895952321829,US - New York,US,New York,sir
2020-07-12,404624,32231,389698.68277451774,10.0,3.6886880722552933,99.96897396916012,US - New York,US,New York,sir
2020-07-13,405259,32254,389698.6830030219,10.0,3.839598132793614,99.96899609350778,US - New York,US,New York,sir
2020-07-14,406132,32265,389698.6832156636,10.0,4.04629942588528,99.96900666356733,US - New York,US,New York,sir
2020-07-15,406834,32284,389698.6834135512,10.0,4.211869358620177,99.9690249039772,US - New York,US,New York,sir
2020-07-16,407724,32293,389698.68359772157,10.0,4.420960356093444,99.96903353667977,US - New York,US,New York,sir
2020-07-17,408551,32320,389698.68376914057,10.0,4.6144339949870234,99.9690594059406,US - New York,US,New York,sir
2020-07-18,409380,32331,389698.68392869696,10.0,4.807591008672392,99.96906993288175,US - New York,US,New York,sir
2020-07-19,410024,32350,389698.6840772033,10.0,4.957103955572534,99.96908809891808,US - New York,US,New York,sir
2020-07-20,410698,32361,389698.68421542266,10.0,5.113079631402476,99.96909860634715,US - New York,US,New York,sir
2020-07-21,411398,32373,389698.68434407184,10.0,5.274531148894298,99.96911006085318,US - New York,US,New York,sir
2020-07-22,411954,32416,389698.68446382135,10.0,5.402378793792183,99.96915103652518,US - New York,US,New York,sir
2020-07-23,412807,32425,389698.6845752954,10.0,5.597849703300714,99.96915959907479,US - New York,US,New York,sir
2020-07-24,413557,32436,389698.6846790666,10.0,5.769051260390566,99.96917005796028,US - New York,US,New York,sir
2020-07-25,414317,32446,389698.6847756611,10.0,5.941903234561678,99.96917955988411,US - New York,US,New York,sir
2020-07-26,414945,32463,389698.68486557394,10.0,6.084255777133368,99.96919569971968,US - New York,US,New York,sir
2020-07-27,415580,32473,389698.68494927016,10.0,6.227757604006411,99.9692051858467,US - New York,US,New York,sir
2020-07-28,416085,32487,389698.6850271843,10.0,6.341568422994265,99.96921845661342,US - New York,US,New York,sir
2020-07-29,416657,32488,389698.68509972084,10.0,6.470145683446855,99.96921940408767,US - New York,US,New York,sir
2020-07-30,417454,32505,389698.68516724947,10.0,6.648712153375111,99.96923550223042,US - New York,US,New York,sir
2020-07-31,418144,32508,389698.685230112,10.0,6.802755694183824,99.96923834133136,US - New York,US,New York,sir
2020-08-01,418899,32517,389698.68528863025,10.0,6.97072915222279,99.96924685549098,US - New York,US,New York,sir
2020-08-02,419452,32530,389698.6853431064,10.0,7.09337770636297,99.96925914540424,US - New York,US,New York,sir
2020-08-03,420042,32530,389698.68539382267,10.0,7.223876328123695,99.96925914540424,US - New York,US,New York,sir
2020-08-04,420675,32536,389698.68544104137,10.0,7.363478827826382,99.96926481435948,US - New York,US,New York,sir
2020-08-05,421159,32569,389698.68548500165,10.0,7.469937604324815,99.96929595627743,US - New York,US,New York,sir
2020-08-06,421901,32574,389698.6855259261,10.0,7.632670809994259,99.96930066924541,US - New York,US,New York,sir
2020-08-07,422479,32577,389698.68556402414,10.0,7.759039960797072,99.96930349633176,US - New York,US,New York,sir
2020-08-08,423177,32586,389698.68559949234,10.0,7.911184776230197,99.96931197446757,US - New York,US,New York,sir
2020-08-09,423751,32588,389698.68563251424,10.0,8.03592542967114,99.96931385786179,US - New York,US,New York,sir
2020-08-10,424272,32597,389698.6856632599,10.0,8.148856001984605,99.96932233027579,US - New York,US,New York,sir
2020-08-11,424854,32603,389698.6856918844,10.0,8.274681257117875,99.96932797595314,US - New York,US,New York,sir
2020-08-12,425318,32611,389698.6857185329,10.0,8.37474884238784,99.96933550029131,US - New York,US,New York,sir
2020-08-13,425960,32613,389698.6857433417,10.0,8.512844928316817,99.96933738079908,US - New York,US,New York,sir
2020-08-14,426610,32631,389698.68576643884,10.0,8.652238398903252,99.96935429499555,US - New York,US,New York,sir
2020-08-15,427302,32642,389698.6857879437,10.0,8.80017276119847,99.96936462226579,US - New York,US,New York,sir
2020-08-16,427912,32649,389698.6858079666,10.0,8.930180549279612,99.96937119054182,US - New York,US,New York,sir
2020-08-17,428385,32656,389698.68582660827,10.0,9.030735010187502,99.96937775600196,US - New York,US,New York,sir
2020-08-18,428923,32668,389698.68584396335,10.0,9.144838154176076,99.96938900453043,US - New York,US,New York,sir
2020-08-19,429440,32673,389698.68586012063,10.0,9.254218083988302,99.96939368897867,US - New York,US,New York,sir
2020-08-20,430123,32671,389698.68587516365,10.0,9.398314929644858,99.96939181537144,US - New York,US,New York,sir
2020-08-21,430860,32667,389698.6858891699,10.0,9.553292046332935,99.9693880674687,US - New York,US,New York,sir
2020-08-22,431543,32673,389698.6859022111,10.0,9.696441396984515,99.96939368897867,US - New York,US,New York,sir
2020-08-23,432085,32685,389698.6859143527,10.0,9.809716626508045,99.96940492580694,US - New York,US,New York,sir
2020-08-24,432558,32686,389698.6859256564,10.0,9.908339245683491,99.96940586183686,US - New York,US,New York,sir
2020-08-25,433113,32715,389698.68593618023,10.0,10.023784569805054,99.96943298181262,US - New York,US,New York,sir
2020-08-26,433595,32721,389698.68594597845,10.0,10.123805406893888,99.96943858684025,US - New York,US,New York,sir
2020-08-27,434393,32721,389698.68595510157,10.0,10.288912124481389,99.96943858684025,US - New York,US,New York,sir
2020-08-28,435062,32724,389698.68596359604,10.0,10.426861926898685,99.9694413885833,US - New York,US,New York,sir
2020-08-29,435756,32725,389698.68597150454,10.0,10.569519186998104,99.9694423223835,US - New York,US,New York,sir
2020-08-30,436469,32743,389698.68597886735,10.0,10.715609589943995,99.9694591210335,US - New York,US,New York,sir
2020-08-31,437154,32791,389698.6859857223,10.0,10.855514078397478,99.96950382726968,US - New York,US,New York,sir
2020-09-01,437757,32800,389698.6859921047,10.0,10.978308515431005,99.96951219512195,US - New York,US,New York,sir
2020-09-02,438405,32806,389698.6859980474,10.0,11.109890170493628,99.96951777113942,US - New York,US,New York,sir
2020-09-03,439322,32810,389698.68600358063,10.0,11.295431140807738,99.96952148735141,US - New York,US,New York,sir
2020-09-04,440192,32816,389698.6860087321,10.0,11.470747762628097,99.96952705997074,US - New York,US,New York,sir
2020-09-05,441012,32821,389698.68601352815,10.0,11.635355497463076,99.9695317022638,US - New York,US,New York,sir
2020-09-06,441748,32821,389698.68601799343,10.0,11.782580562222481,99.9695317022638,US - New York,US,New York,sir
2020-09-07,442315,32836,389698.68602215097,10.0,11.895665753557767,99.96954562066026,US - New York,US,New York,sir
2020-09-08,442817,32850,389698.68602602213,10.0,11.995545332265444,99.96955859969559,US - New York,US,New York,sir
2020-09-09,443409,32854,389698.6860296265,10.0,12.113041000605193,99.9695623059597,US - New York,US,New York,sir
2020-09-10,444071,32854,389698.6860329822,10.0,12.244058712912532,99.9695623059597,US - New York,US,New York,sir
2020-09-11,445102,32854,389698.68603610643,10.0,12.447329817411193,99.9695623059597,US - New York,US,New York,sir
2020-09-12,446028,32858,389698.6860390152,10.0,12.629098164461608,99.96956601132145,US - New York,US,New York,sir
2020-09-13,446862,32858,389698.6860417235,10.0,12.792162671759186,99.96956601132145,US - New York,US,New York,sir
2020-09-14,447524,32865,389698.68604424514,10.0,12.921164888532202,99.96957249353416,US - New York,US,New York,sir
2020-09-15,448213,32873,389698.686046593,10.0,13.055023828716925,99.96957989839686,US - New York,US,New York,sir
2020-06-15,386464,31472,389700.70460734336,33957.36408862979,0.8375177525832573,7.89706433855423,US - New York,US,New York,seir
2020-06-16,386973,31519,389700.73091665946,33960.38889911553,0.7048892084614338,7.745768898491489,US - New York,US,New York,seir
2020-06-17,387384,31537,389700.7526250268,33963.12559305746,0.5980506745314206,7.692949846394592,US - New York,US,New York,seir
2020-06-18,388083,31569,389700.77053477964,33965.60157987009,0.41686199467115115,7.591629699610662,US - New York,US,New York,seir
2020-06-19,388907,31588,389700.7853112929,33967.841690408124,0.20410671736248387,7.534005604685716,US - New York,US,New York,seir
2020-06-20,389602,31656,389700.797503303,33969.868386965114,0.025358571902346434,7.3094149196522435,US - New York,US,New York,seir
2020-06-21,390268,31693,389700.8075614381,33971.70198162154,0.14533408800154682,7.189922006820243,US - New York,US,New York,seir
2020-06-22,390910,31729,389700.81586099876,33973.360882623376,0.30932545573181586,7.073531730036799,US - New York,US,New York,seir
2020-06-23,391411,31791,389700.822707688,33974.861708566255,0.43692622136628034,6.869433828964976,US - New York,US,New York,seir
2020-06-24,391884,31813,389700.8283571943,33976.21953410308,0.5570963965881951,6.799797359894012,US - New York,US,New York,seir
2020-06-25,392698,31846,389700.8330180665,33977.44796871098,0.7632244070337822,6.692984892014627,US - New York,US,New York,seir
2020-06-26,393527,31869,389700.8368634619,33978.55934296233,0.9722746181426225,6.619471407833108,US - New York,US,New York,seir
2020-06-27,394261,31890,389700.8400364511,33979.56481364416,1.1566348088065728,6.552413965644903,US - New York,US,New York,seir
2020-06-28,394872,31917,389700.8426539075,33980.474458929944,1.3095781281257,6.465126606291144,US - New York,US,New York,seir
2020-06-29,395406,31948,389700.84481384035,33981.29742319178,1.4428600441469408,6.364396591936219,US - New York,US,New York,seir
2020-06-30,395909,31909,389700.84659570124,33982.0419533371,1.5680758467978153,6.4967311834814705,US - New York,US,New York,seir
2020-07-01,396456,31926,389700.8480657771,33982.71552725102,1.7038843993338229,6.442133456277081,US - New York,US,New York,seir
2020-07-02,397363,31950,389700.8492789115,33983.32491212191,1.9282496661965298,6.364084231993466,US - New York,US,New York,seir
2020-07-03,398277,32030,389700.85027955024,33983.8762119915,2.1533128251065863,6.100144277213541,US - New York,US,New York,seir
2020-07-04,399054,32044,389700.85110526014,33984.374973276645,2.3438303825396716,6.055345691164163,US - New York,US,New York,seir
2020-07-05,399776,32082,389700.85178658593,33984.82619999785,2.520198364437602,5.931133345794681,US - New York,US,New York,seir
2020-07-06,400298,32099,389700.8523485215,33985.23441422887,2.6473146634453517,5.8763027328853585,US - New York,US,New York,seir
2020-07-07,400746,32121,389700.8528122931,33985.60372700278,2.7561465835484067,5.804936729873855,US - New York,US,New York,seir
2020-07-08,401314,32142,389700.853194965,33985.93784082614,2.893780631883016,5.736848487418767,US - New York,US,New York,seir
2020-07-09,402079,32165,389700.8535105329,33986.24010294094,3.0785359318609333,5.662179707573255,US - New York,US,New York,seir
2020-07-10,402999,32205,389700.85377097974,33986.51356002494,3.299796334239108,5.531791833643663,US - New York,US,New York,seir
2020-07-11,403877,32216,389700.85398594657,33986.760956827195,3.5100156765682207,5.496526436637679,US - New York,US,New York,seir
2020-07-12,404624,32231,389700.8541631807,33986.98476578024,3.6881514286891814,5.448123749744775,US - New York,US,New York,seir
2020-07-13,405259,32254,389700.85430938797,33987.18724207632,3.8390623504011088,5.373557518683938,US - New York,US,New York,seir
2020-07-14,406132,32265,389700.85443014884,33987.370427779046,4.045764817805826,5.33820061298325,US - New York,US,New York,seir
2020-07-15,406834,32284,389700.85452974215,33987.53614911973,4.211335697178173,5.276719579729069,US - New York,US,New York,seir
2020-07-16,407724,32293,389700.85461182456,33987.68606834,4.420427884592382,5.2478433974545595,US - New York,US,New York,seir
2020-07-17,408551,32320,389700.85467958346,33987.821701108995,4.613902626701818,5.160339421748127,US - New York,US,New York,seir
2020-07-18,409380,32331,389700.85473556624,33987.94441277313,4.807060741715217,5.124940189827512,US - New York,US,New York,seir
2020-07-19,410024,32350,389700.8547817134,33988.05542274055,4.956574546437917,5.063540719445292,US - New York,US,New York,seir
2020-07-20,410698,32361,389700.85481973167,33988.15584623309,5.112551115483477,5.028138333899097,US - New York,US,New York,seir
2020-07-21,411398,32373,389700.85485112265,33988.24670052752,5.274003555894133,4.989487228639661,US - New York,US,New York,seir
2020-07-22,411954,32416,389700.8548770735,33988.32890113852,5.40185193563517,4.850471684163748,US - New York,US,New York,seir
2020-07-23,412807,32425,389700.854898466,33988.4032631179,5.597323955633995,4.8215983442340775,US - New York,US,New York,seir
2020-07-24,413557,32436,389700.8549160827,33988.470532282576,5.768526487018066,4.786257652862794,US - New York,US,New York,seir
2020-07-25,414317,32446,389700.85493061924,33988.53139027277,5.941379443609786,4.754149634077458,US - New York,US,New York,seir
2020-07-26,414945,32463,389700.8549426457,33988.58645279885,6.083732797685066,4.6994623195602765,US - New York,US,New York,seir
2020-07-27,415580,32473,389700.85495256574,33988.636265908295,6.227235441415433,4.667373713264236,US - New York,US,New York,seir
2020-07-28,416085,32487,389700.8549607339,33988.681327189224,6.341046910911495,4.622406892570026,US - New York,US,New York,seir
2020-07-29,416657,32488,389700.85496746725,33988.7220925067,6.469624903105611,4.619312030616539,US - New York,US,New York,seir
2020-07-30,417454,32505,389700.85497303796,33988.75897559993,6.648192382145587,4.564709969542928,US - New York,US,New York,seir
2020-07-31,418144,32508,389700.8549776378,33988.79234394718,6.8022367945880315,4.555162864363166,US - New York,US,New York,seir
2020-08-01,418899,32517,389700.85498142627,33988.82252924557,6.970211200927606,4.526317093352918,US - New York,US,New York,seir
2020-08-02,419452,32530,389700.8549845469,33988.84983594813,7.092860450171439,4.484629068392656,US - New York,US,New York,seir
2020-08-03,420042,32530,389700.8549871263,33988.87454140845,7.2233598099413125,4.484705015088989,US - New York,US,New York,seir
2020-08-04,420675,32536,389700.85498925875,33988.89689362046,7.36296309757919,4.4655055741961585,US - New York,US,New York,seir
2020-08-05,421159,32569,389700.854991016,33988.91711398213,7.469422476780509,4.359719715011595,US - New York,US,New York,seir
2020-08-06,421901,32574,389700.85499246285,33988.93540562963,7.632156597765152,4.34375700138033,US - New York,US,New York,seir
2020-08-07,422479,32577,389700.8549936572,33988.951954133176,7.75852646080463,4.334198833941663,US - New York,US,New York,seir
2020-08-08,423177,32586,389700.85499464546,33988.96692677994,7.910672131366908,4.305428487018781,US - New York,US,New York,seir
2020-08-09,423751,32588,389700.8549954604,33988.98047186653,8.03541348682117,4.299068589255348,US - New York,US,New York,seir
2020-08-10,424272,32597,389700.85499613144,33988.99272481644,8.148344694881716,4.27030930704187,US - New York,US,New York,seir
2020-08-11,424854,32603,389700.8549966847,33989.00380966041,8.274170657052846,4.25115421789532,US - New York,US,New York,seir
2020-08-12,425318,32611,389700.85499714245,33989.01383889266,8.37423880551906,4.225610496129089,US - New York,US,New York,seir
2020-08-13,425960,32613,389700.8549975204,33989.0229123347,8.512335665902809,4.219246657267659,US - New York,US,New York,seir
2020-08-14,426610,32631,389700.85499783163,33989.03112022729,8.651729917762916,4.161782109733974,US - New York,US,New York,seir
2020-08-15,427302,32642,389700.85499808803,33989.038545394156,8.799665108497495,4.126703466068735,US - New York,US,New York,seir
2020-08-16,427912,32649,389700.85499829997,33989.0452632638,8.929673624880824,4.104399103383862,US - New York,US,New York,seir
2020-08-17,428385,32656,389700.8549984752,33989.05134121914,9.030228649818465,4.082102343272731,US - New York,US,New York,seir
2020-08-18,428923,32668,389700.8549986195,33989.05683946881,9.144332432949613,4.04388649280277,US - New York,US,New York,seir
2020-08-19,429440,32673,389700.85499873845,33989.06181326984,9.253712975331025,4.027979718023556,US - New York,US,New York,seir
2020-08-20,430123,32671,389700.8549988366,33989.06631309324,9.397810626533204,4.034361706385593,US - New York,US,New York,seir
2020-08-21,430860,32667,389700.8549989178,33989.070384414605,9.552788609080029,4.047112940933066,US - New York,US,New York,seir
2020-08-22,431543,32673,389700.8549989847,33989.07406754677,9.695938759524607,4.0280172238446665,US - New York,US,New York,seir
2020-08-23,432085,32685,389700.85499903985,33989.077399321104,9.809214622345177,3.9898344785715287,US - New York,US,New York,seir
2020-08-24,432558,32686,389700.8549990853,33989.080413469776,9.907837793062363,3.9866622207360205,US - New York,US,New York,seir
2020-08-25,433113,32715,389700.85499912297,33989.08314058561,10.023283762176852,3.8944922530509185,US - New York,US,New York,seir
2020-08-26,433595,32721,389700.854999154,33989.08560780647,10.123305158234299,3.87544881820992,US - New York,US,New York,seir
2020-08-27,434393,32721,389700.8549991796,33989.08783966578,10.28841279689599,3.875455639087372,US - New York,US,New York,seir
2020-08-28,435062,32724,389700.8549992007,33989.08985868438,10.426363369082873,3.8659389398740474,US - New York,US,New York,seir
2020-08-29,435756,32725,389700.8549992181,33989.091685376945,10.569021425013522,3.862770619944828,US - New York,US,New York,seir
2020-08-30,436469,32743,389700.85499923246,33989.093338075756,10.715112642769027,3.805678581912946,US - New York,US,New York,seir
2020-08-31,437154,32791,389700.85499924433,33989.0948331433,10.855017911481005,3.6537306978844892,US - New York,US,New York,seir
2020-09-01,437757,32800,389700.8549992541,33989.09618559762,10.977813033428568,3.6252932487732323,US - New York,US,New York,seir
2020-09-02,438405,32806,389700.85499926214,33989.09740916274,11.109395422209568,3.6063445990451233,US - New York,US,New York,seir
2020-09-03,439322,32810,389700.85499926883,33989.09851621993,11.29493742647333,3.5937169040534247,US - New York,US,New York,seir
2020-09-04,440192,32816,389700.85499927436,33989.09951773074,11.47025502524481,3.57477912521557,US - New York,US,New York,seir
2020-09-05,441012,32821,389700.85499927885,33989.10042369594,11.634863677342375,3.5590031494955716,US - New York,US,New York,seir
2020-09-06,441748,32821,389700.85499928263,33989.10124328321,11.782089562537323,3.559005646638453,US - New York,US,New York,seir
2020-09-07,442315,32836,389700.8549992857,33989.10198482111,11.895175384220359,3.5117005263159555,US - New York,US,New York,seir
2020-09-08,442817,32850,389700.8549992882,33989.10265570596,11.995055519709446,3.4675879930166196,US - New York,US,New York,seir
2020-09-09,443409,32854,389700.8549992903,33989.10326259141,12.11255184281548,3.454992581090304,US - New York,US,New York,seir
2020-09-10,444071,32854,389700.85499929206,33989.10381159102,12.243570285091335,3.4549942521185235,US - New York,US,New York,seir
2020-09-11,445102,32854,389700.8549992935,33989.10430828402,12.44684252164818,3.4549957639374775,US - New York,US,New York,seir
2020-09-12,446028,32858,389700.8549992947,33989.104757673675,12.6286118810266,3.4424029389301682,US - New York,US,New York,seir
2020-09-13,446862,32858,389700.85499929567,33989.10516421037,12.791677296504139,3.4424041761834876,US - New York,US,New York,seir
2020-09-14,447524,32865,389700.8549992965,33989.10553197094,12.920680231831927,3.4203728342338082,US - New York,US,New York,seir
2020-09-15,448213,32873,389700.8549992971,33989.10586468085,13.054539917562158,3.395205380345123,US - New York,US,New York,seir
2020-06-15,386464,31472,590686.9145582565,128468.32724342778,52.84396853478112,308.198802883286,US - New York,US,New York,seird
2020-06-16,386973,31519,613245.2099712295,133390.38154407236,58.47235077672849,323.20626144253424,US - New York,US,New York,seird
2020-06-17,387384,31537,636560.6803165374,138479.29150060937,64.32291481231476,339.1010289520543,US - New York,US,New York,seird
2020-06-18,388083,31569,660652.2623038485,143739.76398834406,70.23478542060552,355.3193448900632,US - New York,US,New York,seird
2020-06-19,388907,31588,685539.840847479,149175.92969161065,76.27346405374008,372.2550642383521,US - New York,US,New York,seird
2020-06-20,389602,31656,711242.9743962077,154792.1503066154,82.55629447390098,388.9820264929726,US - New York,US,New York,seird
2020-06-21,390268,31693,737780.5466022078,160593.22763166946,89.04459156328673,406.7151346722287,US - New York,US,New York,seird
2020-06-22,390910,31729,765172.1331589858,166583.45356305284,95.74125327031433,425.01955171311056,US - New York,US,New York,seird
2020-06-23,391411,31791,793437.310838724,172767.0183298996,102.71206247109153,443.44631603252367,US - New York,US,New York,seird
2020-06-24,391884,31813,822594.6464523803,179148.64845548564,109.90768861509537,463.1303192263718,US - New York,US,New York,seird
2020-06-25,392698,31846,852662.8757140207,185732.78206647924,117.12941642534993,483.22169838120715,US - New York,US,New York,seird
2020-06-26,393527,31869,883661.1172162065,192523.36306895266,124.54904421201252,504.1085790861108,US - New York,US,New York,seird
2020-06-27,394261,31890,915607.2402169566,199524.87974871977,132.23378427411197,525.6659760072744,US - New York,US,New York,seird
2020-06-28,394872,31917,948518.6219255959,206741.82236150658,140.20913661277476,547.7482920121145,US - New York,US,New York,seird
2020-06-29,395406,31948,982413.308715406,214177.83200760427,148.4568541487499,570.3951170890331,US - New York,US,New York,seird
2020-06-30,395909,31909,1017307.9716023547,221837.00520520314,156.95500016477388,595.2176665053845,US - New York,US,New York,seird
2020-07-01,396456,31926,1053218.1329285402,229723.70455044747,165.6582654641474,619.5505373377418,US - New York,US,New York,seird
2020-07-02,397363,31950,1090160.0185626163,237841.2326736296,174.34864810327494,644.4170036733321,US - New York,US,New York,seird
2020-07-03,398277,32030,1128148.503184998,246193.1389841956,183.25725642831446,668.6329659200612,US - New York,US,New York,seird
2020-07-04,399054,32044,1167196.7275089757,254783.4327343366,192.4909229099259,695.1049579775827,US - New York,US,New York,seird
2020-07-05,399776,32082,1207318.2804572112,263615.02924947266,201.9986893803558,721.6913822376181,US - New York,US,New York,seird
2020-07-06,400298,32099,1248525.5681067493,272690.7664791827,211.89902725138504,749.5304105398384,US - New York,US,New York,seird
2020-07-07,400746,32121,1290828.7388955038,282014.0791101804,222.10645618309445,777.9741574365069,US - New York,US,New York,seird
2020-07-08,401314,32142,1334237.9330189696,291587.3968166781,232.46732808199306,807.1849816958437,US - New York,US,New York,seird
2020-07-09,402079,32165,1378762.3477028557,301412.6861438628,242.90832092769224,837.0828109555814,US - New York,US,New York,seird
2020-07-10,402999,32205,1424408.4727524598,311492.5905007741,253.45211098599742,867.2181043340291,US - New York,US,New York,seird
2020-07-11,403877,32216,1471182.2048382226,321828.9197071635,264.26491353511653,898.9723109857323,US - New York,US,New York,seird
2020-07-12,404624,32231,1519088.7577286584,332422.61518700275,275.4321932778724,931.3754310663733,US - New York,US,New York,seird
2020-07-13,405259,32254,1568130.2768232403,343275.3188880338,286.9452070955217,964.2875887890922,US - New York,US,New York,seird
2020-07-14,406132,32265,1618307.6610570364,354388.06405189587,298.46839477239826,998.3668496881942,US - New York,US,New York,seird
2020-07-15,406834,32284,1669621.372739992,365760.62399567245,310.3937656980469,1032.9470449624348,US - New York,US,New York,seird
2020-07-16,407724,32293,1722068.5504173385,377393.44050855003,322.36134012649205,1068.6540132801226,US - New York,US,New York,seird
2020-07-17,408551,32320,1775644.414793713,389286.6046952162,334.62001434183566,1104.4758808639117,US - New York,US,New York,seird
2020-07-18,409380,32331,1830343.9618895755,401438.5970413626,347.10146120708765,1141.6522750343713,US - New York,US,New York,seird
2020-07-19,410024,32350,1886158.73319707,413848.47893014835,360.0117878946281,1179.2843243590366,US - New York,US,New York,seird
2020-07-20,410698,32361,1943077.7079171743,426515.23684168403,373.11594113367346,1217.9915232585026,US - New York,US,New York,seird
2020-07-21,411398,32373,2001089.8007280082,439435.96455566987,386.4121363565229,1257.415020404874,US - New York,US,New York,seird
2020-07-22,411954,32416,2060180.485115472,452608.1936383083,400.09964343481846,1296.2493633955712,US - New York,US,New York,seird
2020-07-23,412807,32425,2120332.120963557,466029.6437762311,413.63763719209146,1337.254105709271,US - New York,US,New York,seird
2020-07-24,413557,32436,2181527.0542982295,479695.9870089551,427.50335607866134,1378.899947616707,US - New York,US,New York,seird
2020-07-25,414317,32446,2243744.4040182536,493603.1062591786,441.552580275068,1421.3064977475763,US - New York,US,New York,seird
2020-07-26,414945,32463,2306959.746789719,507747.3181277882,455.9675973417487,1464.0800854135114,US - New York,US,New York,seird
2020-07-27,415580,32473,2371148.5672692284,522122.89429761935,470.5636862383244,1507.8677495076504,US - New York,US,New York,seird
2020-07-28,416085,32487,2436283.565400272,536723.9965052033,485.5254492231809,1552.1192985046428,US - New York,US,New York,seird
2020-07-29,416657,32488,2502333.625345581,551545.4390086563,500.5740033998183,1597.6897285417888,US - New York,US,New York,seird
2020-07-30,417454,32505,2569267.3176636505,566580.1771981171,515.4611807920514,1643.0554597696264,US - New York,US,New York,seird
2020-07-31,418144,32508,2637051.106190266,581820.6417440358,530.6562108245644,1689.7767987696436,US - New York,US,New York,seird
2020-08-01,418899,32517,2705647.566199433,597260.0843331662,545.8949690019391,1736.7625682970945,US - New York,US,New York,seird
2020-08-02,419452,32530,2775018.57310972,612890.2950503294,561.5819147625282,1784.077144329325,US - New York,US,New York,seird
2020-08-03,420042,32530,2845124.789725811,628702.044175449,577.3429299274385,1832.683812405315,US - New York,US,New York,seird
2020-08-04,420675,32536,2915923.1733073136,644687.003159332,593.153425639107,1881.457472213339,US - New York,US,New York,seird
2020-08-05,421159,32569,2987369.4306203164,660835.9984167193,609.3210475426897,1929.0337388827388,US - New York,US,New York,seird
2020-08-06,421901,32574,3059419.083184797,677138.3170458529,625.1509437486038,1978.769316159676,US - New York,US,New York,seird
2020-08-07,422479,32577,3132024.4439365924,693584.0879637823,641.3444085828154,2029.0606500407719,US - New York,US,New York,seird
2020-08-08,423177,32586,3205135.941125477,710163.3708456723,657.3984269290338,2079.351165671369,US - New York,US,New York,seird
2020-08-09,423751,32588,3278704.770609219,726864.2947440898,673.7338131613185,2130.4661063707185,US - New York,US,New York,seird
2020-08-10,424272,32597,3352679.745610402,743675.5924860134,690.219421882755,2181.4234208240437,US - New York,US,New York,seird
2020-08-11,424854,32603,3427007.4583751275,760586.5772894835,706.6317978352863,2232.872978834719,US - New York,US,New York,seird
2020-08-12,425318,32611,3501635.548104963,777584.8092025964,723.2982258227873,2284.4249155272655,US - New York,US,New York,seird
2020-08-13,425960,32613,3576510.6245150245,794657.8506000905,739.6353236254635,2336.62910679818,US - New York,US,New York,seird
2020-08-14,426610,32631,3651577.267821909,811794.1799963141,755.9521032844774,2387.8004964491256,US - New York,US,New York,seird
2020-08-15,427302,32642,3726780.467832102,828981.4488171854,772.1654632630087,2439.615981916504,US - New York,US,New York,seird
2020-08-16,427912,32649,3802065.916441205,846206.4270206395,788.515843547553,2491.829541549939,US - New York,US,New York,seird
2020-08-17,428385,32656,3877378.0052055744,863456.7670309112,805.1152596859307,2544.0983801779494,US - New York,US,New York,seird
2020-08-18,428923,32668,3952660.582197669,880720.504855924,821.5315061672303,2595.973138410445,US - New York,US,New York,seird
2020-08-19,429440,32673,4027859.3912313497,897984.3427615189,837.9329804469425,2648.398808684599,US - New York,US,New York,seird
2020-08-20,430123,32671,4102920.0462491605,915235.4312436403,853.8945943948966,2701.369505811393,US - New York,US,New York,seird
2020-08-21,430860,32667,4177787.766752672,932461.7263269974,869.6392718638704,2754.4455454342224,US - New York,US,New York,seird
2020-08-22,431543,32673,4252408.878759031,949650.9260606609,885.3963286993488,2806.5311604709113,US - New York,US,New York,seird
2020-08-23,432085,32685,4326731.351693846,966790.2014753692,901.3611561831228,2857.901794325743,US - New York,US,New York,seird
2020-08-24,432558,32686,4400703.559974025,983867.4041136103,917.3672802199993,2910.057529564983,US - New York,US,New York,seird
2020-08-25,433113,32715,4474274.49366519,1000870.9729094519,933.0501494217884,2959.364123213975,US - New York,US,New York,seird
2020-08-26,433595,32721,4547394.997626227,1017789.0752807567,948.7655525608523,3010.5072439129513,US - New York,US,New York,seird
2020-08-27,434393,32721,4620017.124118679,1034610.2417193466,963.5569919677986,3061.9151056488085,US - New York,US,New York,seird
2020-08-28,435062,32724,4692094.349241849,1051323.4029593628,978.4886635104534,3112.6983344314963,US - New York,US,New York,seird
2020-08-29,435756,32725,4763581.940210488,1067917.647456884,993.1764428282083,3163.3083191959786,US - New York,US,New York,seird
2020-08-30,436469,32743,4834436.903006626,1084382.306083967,1007.624345144014,3211.798876352096,US - New York,US,New York,seird
2020-08-31,437154,32791,4904617.394416418,1100707.6044084197,1021.9427008368717,3256.7369229618484,US - New York,US,New York,seird
2020-09-01,437757,32800,4974083.645171954,1116883.9795664586,1036.2659295389803,3305.1340840440807,US - New York,US,New York,seird
2020-09-02,438405,32806,5042798.588523977,1132901.6223523004,1050.2602818225105,3353.3366529058726,US - New York,US,New York,seird
2020-09-03,439322,32810,5110726.309789967,1148751.8070916808,1063.321279105068,3401.224648252608,US - New York,US,New York,seird
2020-09-04,440192,32816,5177832.473133542,1164426.6134736824,1076.2668274601858,3448.350236085088,US - New York,US,New York,seird
2020-09-05,441012,32821,5244085.9259430915,1179917.6370786044,1089.1027740612708,3495.008187071096,US - New York,US,New York,seird
2020-09-06,441748,32821,5309457.621624645,1195216.898131542,1101.9200135879832,3541.6224311615792,US - New York,US,New York,seird
2020-09-07,442315,32836,5373918.935865589,1210318.288206475,1114.952903669464,3585.949227087572,US - New York,US,New York,seird
2020-09-08,442817,32850,5437444.446609916,1225215.2534346187,1127.9213414593198,3629.726798887728,US - New York,US,New York,seird
2020-09-09,443409,32854,5500012.131309388,1239900.6243893416,1140.3925340508172,3673.9715845539104,US - New York,US,New York,seird
2020-09-10,444071,32854,5561600.124549097,1254369.3421196253,1152.4123675153517,3718.011024896893,US - New York,US,New York,seird
2020-09-11,445102,32854,5622188.458642118,1268616.9839943913,1163.1236118108025,3761.377561314882,US - New York,US,New York,seird
2020-09-12,446028,32858,5681760.931884525,1282638.145439614,1173.8574555598584,3803.579479699355,US - New York,US,New York,seird
2020-09-13,446862,32858,5740302.855687701,1296428.3304158885,1184.580665997042,3845.5485130436678,US - New York,US,New York,seird
2020-09-14,447524,32865,5797800.129500464,1309984.7062675562,1195.5283134536837,3885.956812011429,US - New York,US,New York,seird
2020-09-15,448213,32873,5854241.978389193,1323303.7070303953,1206.129447023891,3925.5033219675574,US - New York,US,New York,seird
2020-06-15,89333,2275,91375.83264427487,1771.7195749184982,2.286761492701315,22.12221648709898,US - Texas,US,Texas,delphi
2020-06-16,93426,2327,93499.30218353712,1807.9472359084943,0.07846015406537608,22.305662401869604,US - Texas,US,Texas,delphi
2020-06-17,97406,2366,95822.99807753725,1846.9710723115256,1.6251585348569357,21.93697919224321,US - Texas,US,Texas,delphi
2020-06-18,100317,2403,98540.1134831366,1891.9357968922268,1.7712715859359758,21.26775709978249,US - Texas,US,Texas,delphi
2020-06-19,104271,2432,101773.6337287476,1945.3225951237678,2.3950727155703837,20.01140645050297,US - Texas,US,Texas,delphi
2020-06-20,108115,2464,105482.67536147169,2006.9377881031387,2.434745075640117,18.549602755554435,US - Texas,US,Texas,delphi
2020-06-21,110703,2483,109544.52353725351,2074.8053807900624,1.046472510001075,16.43957387071839,US - Texas,US,Texas,delphi
2020-06-22,114388,2506,113852.66753004953,2146.9809541724367,0.46799705384347456,14.326378524643388,US - Texas,US,Texas,delphi
2020-06-23,120651,2539,118337.84440139343,2222.1494381471935,1.917228699809007,12.479344696841533,US - Texas,US,Texas,delphi
2020-06-24,126509,2587,122957.84573205974,2299.503362768384,2.8070368653141378,11.113128613514348,US - Texas,US,Texas,delphi
2020-06-25,131037,2640,127687.1892271956,2378.5544475780316,2.5563854276306675,9.903240622044256,US - Texas,US,Texas,delphi
2020-06-26,140067,2687,132510.53630439064,2459.0077981943427,5.394892227012329,8.485009371256318,US - Texas,US,Texas,delphi
2020-06-27,145196,2740,137418.69042880108,2540.68534739891,5.356421369182978,7.274257394200367,US - Texas,US,Texas,delphi
2020-06-28,150391,2775,142406.17045363114,2623.4795920828387,5.309379913936908,5.460194879897704,US - Texas,US,Texas,delphi
2020-06-29,158766,2817,147469.73894118494,2707.325499110802,7.115037891497586,3.893308515768479,US - Texas,US,Texas,delphi
2020-06-30,166154,2860,152607.5095043508,2792.1834958955874,8.152972841851051,2.371206437217224,US - Texas,US,Texas,delphi
2020-07-01,173206,2931,157818.40519091548,2878.02938953426,8.883984855654262,1.8072538541705838,US - Texas,US,Texas,delphi
2020-07-02,178760,3009,163101.82955534343,2964.848177000226,8.759325601172842,1.4673254569549399,US - Texas,US,Texas,delphi
2020-07-03,185503,3084,168457.46685439913,3052.6300704551645,9.188818049088624,1.017183188872746,US - Texas,US,Texas,delphi
2020-07-04,189589,3152,173885.1605692086,3141.3683599674314,8.283096292923858,0.33729822438352197,US - Texas,US,Texas,delphi
2020-07-05,196993,3219,179384.83938481848,3231.0581993783885,8.93847020715534,0.3745945752838928,US - Texas,US,Texas,delphi
2020-07-06,204711,3283,184956.47199094074,3321.6954503290904,9.649959215215235,1.1786612954337607,US - Texas,US,Texas,delphi
2020-07-07,212764,3410,190600.0393888926,3413.2762899208483,10.417157325067873,0.09607888330933387,US - Texas,US,Texas,delphi
2020-07-08,223470,3530,196315.51781177684,3505.7971346042914,12.151287505357839,0.6856335806149749,US - Texas,US,Texas,delphi
2020-07-09,233662,3688,202102.86810045067,3599.254074367259,13.50631762954581,2.4063428859203118,US - Texas,US,Texas,delphi
2020-07-10,243726,3773,207962.0290042364,3693.642904483848,14.67384316640966,2.1032890409793845,US - Texas,US,Texas,delphi
2020-07-11,251357,3875,213892.9128711347,3788.9592802452676,14.904731966432324,2.2204056710898694,US - Texas,US,Texas,delphi
2020-07-12,257730,3986,219895.40280218594,3885.1982482885232,14.679935280259985,2.5288949250245043,US - Texas,US,Texas,delphi
2020-07-13,268321,4085,225969.35069626343,3982.3544798073794,15.783948816431279,2.512742232377492,US - Texas,US,Texas,delphi
2020-07-14,277363,4210,232114.57585132806,4080.422361157682,16.31379244840586,3.0778536542118244,US - Texas,US,Texas,delphi
2020-07-15,287113,4373,238330.8639151079,4179.395558851462,16.990570292843614,4.427268263172609,US - Texas,US,Texas,delphi
2020-07-16,295390,4558,244617.96604973098,4279.267454956083,17.188135668190874,6.115237934267587,US - Texas,US,Texas,delphi
2020-07-17,301525,4722,250975.5982494509,4380.030975598575,16.764580631970514,7.2420377891025955,US - Texas,US,Texas,delphi
2020-07-18,311898,4869,257403.44075713263,4481.678327182899,17.471916858353488,7.954850540503204,US - Texas,US,Texas,delphi
2020-07-19,317660,4982,263901.1375488947,4584.201544755797,16.92339685547608,7.984714075556064,US - Texas,US,Texas,delphi
2020-07-20,327368,5120,270468.29588656506,4687.591959402102,17.380960910484514,8.445469542927704,US - Texas,US,Texas,delphi
2020-07-21,337248,5261,277104.4859099432,4791.840398495284,17.833616237918925,8.917688680948798,US - Texas,US,Texas,delphi
2020-07-22,346464,5509,283809.24027592514,4896.937408734627,18.08406060198891,11.110230373305013,US - Texas,US,Texas,delphi
2020-07-23,355679,5710,290582.0538434492,5002.872701234192,18.302161824721384,12.384015740206788,US - Texas,US,Texas,delphi
2020-07-24,364304,5884,297422.383388023,5109.635805305351,18.358737925462524,13.160506368025986,US - Texas,US,Texas,delphi
2020-07-25,369784,6037,304329.64736885036,5217.215576805485,17.700698956999123,13.579334490550185,US - Texas,US,Texas,delphi
2020-07-26,374209,6173,311303.22572704614,5325.600326665321,16.81033173252216,13.7275177925592,US - Texas,US,Texas,delphi
2020-07-27,384782,6868,318342.4597276334,5434.7781021896335,17.26680049284182,20.868111499859733,US - Texas,US,Texas,delphi
2020-07-28,394832,7150,325446.6518485409,5544.736082017361,17.573385174316957,22.4512436081488,US - Texas,US,Texas,delphi
2020-07-29,401862,7442,332615.0657008613,5655.461346500884,17.231520845250042,24.006163040837354,US - Texas,US,Texas,delphi
2020-07-30,410640,7590,339846.92600782827,5766.940154210476,17.23969267294266,24.019233804868563,US - Texas,US,Texas,delphi
2020-07-31,419238,7701,347141.4186136753,5879.15844910993,17.197053078758298,23.65720751707661,US - Texas,US,Texas,delphi
2020-08-01,423963,7977,354497.69054899045,5992.101675974231,16.384757502661685,24.88276700546282,US - Texas,US,Texas,delphi
2020-08-02,428563,7996,361914.8501368368,6105.754633587134,15.55154081504077,23.639887023672664,US - Texas,US,Texas,delphi
2020-08-03,433421,8151,369391.96714459575,6220.101940112456,14.772941979139048,23.689094097503915,US - Texas,US,Texas,delphi
2020-08-04,451098,8362,376928.07299067173,6335.127335309441,16.442087309038893,24.239089508377887,US - Texas,US,Texas,delphi
2020-08-05,460425,8725,384522.16098660347,6450.814545325795,16.485386113568232,26.06516280428888,US - Texas,US,Texas,delphi
2020-08-06,470149,8976,392173.1866438991,6567.146370586177,16.58534068052912,26.836604605768972,US - Texas,US,Texas,delphi
2020-08-07,478227,9256,399880.0680113423,6684.105585244098,16.382791433494486,27.786240435997218,US - Texas,US,Texas,delphi
2020-08-08,493381,9465,407641.6860800697,6801.674142719727,17.377911577448323,28.138677837086885,US - Texas,US,Texas,delphi
2020-08-09,505411,9582,415456.8852198863,6919.833858679196,17.798210719615064,27.782990412448385,US - Texas,US,Texas,delphi
2020-08-10,518105,9677,423324.4736810302,7038.5658863779145,18.29369072272412,27.265000657456707,US - Texas,US,Texas,delphi
2020-08-11,530026,9660,431243.22413088026,7157.851124528636,18.637345313082704,25.90216227196029,US - Texas,US,Texas,delphi
2020-08-12,539104,9958,439211.8742516583,7277.669950816969,18.529286695765887,26.916349158295155,US - Texas,US,Texas,delphi
2020-08-13,545902,10188,447229.1273766953,7398.002409474874,18.075198959392843,27.38513536047434,US - Texas,US,Texas,delphi
2020-08-14,561507,10490,455293.6531834229,7518.828122066151,18.9157653985751,28.32385012329694,US - Texas,US,Texas,delphi
2020-08-15,570718,10687,463404.08842682,7640.12635138606,18.803316449311218,28.51009309080134,US - Texas,US,Texas,delphi
2020-08-16,573607,10817,471559.03772655857,7761.875983691253,17.790571292442635,28.243727616795294,US - Texas,US,Texas,delphi
2020-08-17,581412,10876,479757.0743941247,7884.055579969906,17.484146458255992,27.509602979313115,US - Texas,US,Texas,delphi
2020-08-18,590434,11098,487996.74131218414,8006.6433151959245,17.349485071627964,27.855079156641516,US - Texas,US,Texas,delphi
2020-08-19,598280,11335,496276.5518509714,8129.6171332792155,17.04944978087661,28.27863137821601,US - Texas,US,Texas,delphi
2020-08-20,603035,11582,504594.99083695293,8252.954526500756,16.324095477550568,28.74326950007981,US - Texas,US,Texas,delphi
2020-08-21,608659,11814,512950.51555339794,8376.632908031757,15.724483569059533,29.095709259930953,US - Texas,US,Texas,delphi
2020-08-22,612652,11973,521341.556794188,8500.629126266895,14.904128804902623,29.00167772265184,US - Texas,US,Texas,delphi
2020-08-23,615723,12092,529766.5199431856,8624.920140807855,13.960251615875057,28.67250958643851,US - Texas,US,Texas,delphi
2020-08-24,619102,12143,538223.7861073528,8749.482221113758,13.063794640083085,27.946288222731138,US - Texas,US,Texas,delphi
2020-08-25,626307,12321,546711.7132698774,8874.291913805022,12.708669507146277,27.974256035995275,US - Texas,US,Texas,delphi
2020-08-26,631210,12506,555228.6374945515,8999.325042033684,12.037414252855392,28.039940492294225,US - Texas,US,Texas,delphi
2020-08-27,639318,12727,563772.8741482997,9124.557715324288,11.81651789120599,28.305510211956562,US - Texas,US,Texas,delphi
2020-08-28,644951,12886,572342.7191669497,9249.965493548701,11.257953058922347,28.216937035940543,US - Texas,US,Texas,delphi
2020-08-29,648965,13016,580936.4503424271,9375.524006712307,10.482622276636318,27.969237809524376,US - Texas,US,Texas,delphi
2020-08-30,650429,13092,589552.3286399733,9501.208720410334,9.359464501125672,27.42736999381047,US - Texas,US,Texas,delphi
2020-08-31,655014,13137,598188.5995430698,9626.994800741359,8.675448228118814,26.718468442251968,US - Texas,US,Texas,delphi
2020-09-01,658712,13266,606843.4944141668,9752.857681123029,7.874231164125327,26.482303021837566,US - Texas,US,Texas,delphi
2020-09-02,662445,13461,615515.2318863,9878.772253913645,7.0843267159839645,26.61189916117937,US - Texas,US,Texas,delphi
2020-09-03,666892,13648,624202.0192628333,10004.713794280078,6.4013334598655725,26.694652738276098,US - Texas,US,Texas,delphi
2020-09-04,670462,13772,632902.0539414728,10130.657261873992,5.602099158271045,26.440188339573105,US - Texas,US,Texas,delphi
2020-09-05,674346,13914,641613.524848348,10256.577612493138,4.853958524504039,26.285916253463142,US - Texas,US,Texas,delphi
2020-09-06,675995,13994,650334.61388249,10382.450045218955,3.7959431826433674,25.807845896677467,US - Texas,US,Texas,delphi
2020-09-07,677828,14041,659063.4973741118,10508.249372041006,2.768328045741429,25.160249469118966,US - Texas,US,Texas,delphi
2020-09-08,682184,14139,667798.3475435029,10633.950840546351,2.108764271295878,24.789936766770275,US - Texas,US,Texas,delphi
2020-09-09,685795,14267,676537.3339688287,10759.529575361797,1.3499173996852318,24.584498665719508,US - Texas,US,Texas,delphi
2020-09-10,690801,14283,685278.6250537181,10884.96064185938,0.7994161772032606,23.790795758178398,US - Texas,US,Texas,delphi
2020-09-11,693754,14560,694020.3894931566,11010.219567444885,0.038398264104650026,24.380360113702714,US - Texas,US,Texas,delphi
2020-09-12,700280,14666,702760.7977387516,11135.281645594536,0.35425797377500845,24.074173969763155,US - Texas,US,Texas,delphi
2020-09-13,710126,14743,711498.023455863,11260.122418866755,0.1932084525651791,23.62394072531537,US - Texas,US,Texas,delphi
2020-09-14,714438,14790,720230.244974251,11384.717766880007,0.8107414463187879,23.02422064313721,US - Texas,US,Texas,delphi
2020-09-15,718157,14927,728955.6467277718,11509.043423996602,1.5036610000002573,22.89781319758423,US - Texas,US,Texas,delphi
2020-06-15,89333,2275,91375.83256740996,1771.7195806958737,2.286761406658191,22.12221623314841,US - Texas,US,Texas,delphi_constant
2020-06-16,93426,2327,93493.86239030489,1807.89881391805,0.0726375851528338,22.30774327812419,US - Texas,US,Texas,delphi_constant
2020-06-17,97406,2366,95735.93406482918,1845.9302037290427,1.7145411321384887,21.98097194720868,US - Texas,US,Texas,delphi_constant
2020-06-18,100317,2403,98141.17373071515,1886.5192261550553,2.1689506955798628,21.493165786306477,US - Texas,US,Texas,delphi_constant
2020-06-19,104271,2432,100739.82992265948,1930.1934439658894,3.3865313244723048,20.633493257981524,US - Texas,US,Texas,delphi_constant
2020-06-20,108115,2464,103557.82049117138,1977.3888518509052,4.215122331617829,19.748829064492483,US - Texas,US,Texas,delphi_constant
2020-06-21,110703,2483,106619.3533885323,2028.5010605342798,3.6888310266819344,18.30442768689973,US - Texas,US,Texas,delphi_constant
2020-06-22,114388,2506,109948.46265526832,2083.9149439010775,3.8811215728325363,16.842979094130982,US - Texas,US,Texas,delphi_constant
2020-06-23,120651,2539,113569.93470196587,2144.0222848780645,5.869048162082474,15.556428323038027,US - Texas,US,Texas,delphi_constant
2020-06-24,126509,2587,117509.8930960642,2209.2325580319107,7.113412408552591,14.602529647007703,US - Texas,US,Texas,delphi_constant
2020-06-25,131037,2640,121796.19321730679,2279.9798637215395,7.052059176181697,13.637126374184112,US - Texas,US,Texas,delphi_constant
2020-06-26,140067,2687,126458.71208767676,2356.7278481187523,9.71555606411449,12.291483136629987,US - Texas,US,Texas,delphi_constant
2020-06-27,145196,2740,131529.5812971883,2439.9736057321566,9.412393387429201,10.949868403935891,US - Texas,US,Texas,delphi_constant
2020-06-28,150391,2775,137043.3896959826,2530.2507414718048,8.875271993681407,8.819793100115144,US - Texas,US,Texas,delphi_constant
2020-06-29,158766,2817,143037.3703893056,2628.1320961000365,9.906799699365349,6.704575928291214,US - Texas,US,Texas,delphi_constant
2020-06-30,166154,2860,149551.57957538782,2734.232404065863,9.992188225749715,4.397468389305483,US - Texas,US,Texas,delphi_constant
2020-07-01,173206,2931,156629.07065397865,2849.2109529634927,9.570643826438664,2.7904826692769475,US - Texas,US,Texas,delphi_constant
2020-07-02,178760,3009,164316.0645249369,2973.7738289787994,8.080071310731206,1.1706936198471443,US - Texas,US,Texas,delphi_constant
2020-07-03,185503,3084,172662.1153112016,3108.6761733014896,6.922197855990683,0.800135321059974,US - Texas,US,Texas,delphi_constant
2020-07-04,189589,3152,181720.26957117164,3254.7244863048595,4.150415070931522,3.2590255807379287,US - Texas,US,Texas,delphi_constant
2020-07-05,196993,3219,191547.21612459444,3412.778778896906,2.7644555265443724,6.019844016679273,US - Texas,US,Texas,delphi_constant
2020-07-06,204711,3283,202203.42279815683,3583.7541673737755,1.2249352510823426,9.160955448485396,US - Texas,US,Texas,delphi_constant
2020-07-07,212764,3410,213753.2555282331,3768.6223575371646,0.46495437584981547,10.516784678509225,US - Texas,US,Texas,delphi_constant
2020-07-08,223470,3530,226265.07447128376,3968.412987046651,1.250760491915587,12.419631361094925,US - Texas,US,Texas,delphi_constant
2020-07-09,233662,3688,239811.30094778087,4184.214396713159,2.6317077435701424,13.454837221072635,US - Texas,US,Texas,delphi_constant
2020-07-10,243726,3773,254468.44821358172,4417.173529356579,4.4075922197802955,17.073244880905882,US - Texas,US,Texas,delphi_constant
2020-07-11,251357,3875,270317.1081210688,4668.495362735306,7.54309930539782,20.477299683491772,US - Texas,US,Texas,delphi_constant
2020-07-12,257730,3986,287441.8849183428,4939.441780813391,11.528298963389132,23.919763693261196,US - Texas,US,Texas,delphi_constant
2020-07-13,268321,4085,305931.2666492675,5231.3293714079455,14.016892695416134,28.06191851671837,US - Texas,US,Texas,delphi_constant
2020-07-14,277363,4210,325877.4239398572,5545.5257692470395,17.491310643401327,31.722702357411865,US - Texas,US,Texas,delphi_constant
2020-07-15,287113,4373,347375.9252999962,5883.444996909365,20.98927087940853,34.54024689936805,US - Texas,US,Texas,delphi_constant
2020-07-16,295390,4558,370525.3577660489,6246.541551584271,25.43598556689425,37.04566809092301,US - Texas,US,Texas,delphi_constant
2020-07-17,301525,4722,395426.84162476816,6636.303055813456,31.142307146925845,40.540090127349764,US - Texas,US,Texas,delphi_constant
2020-07-18,311898,4869,422183.4283729069,7054.240599671254,35.35945353061159,44.88068596572713,US - Texas,US,Texas,delphi_constant
2020-07-19,317660,4982,450899.37168796756,7501.877487123091,41.94401929357412,50.57963643362285,US - Texas,US,Texas,delphi_constant
2020-07-20,327368,5120,481679.262602112,7980.73604970946,47.13694148545735,55.87375097088788,US - Texas,US,Texas,delphi_constant
2020-07-21,337248,5261,514627.02203185286,8492.322591415841,52.59601896285607,61.42031156464248,US - Texas,US,Texas,delphi_constant
2020-07-22,346464,5509,549844.7466161608,9038.110073263586,58.701841061744034,64.06081091420559,US - Texas,US,Texas,delphi_constant
2020-07-23,355679,5710,587431.4074050061,9619.518329875084,65.157742628889,68.46792171409953,US - Texas,US,Texas,delphi_constant
2020-07-24,364304,5884,627481.405204759,10237.892502187537,72.24115167683006,73.99545381012129,US - Texas,US,Texas,delphi_constant
2020-07-25,369784,6037,670082.9917288361,10894.479580420306,81.20929832789847,80.46181183402858,US - Texas,US,Texas,delphi_constant
2020-07-26,374209,6173,715316.5717020854,11590.403284947708,91.15429391117942,87.75965146521477,US - Texas,US,Texas,delphi_constant
2020-07-27,384782,6868,763252.9077214389,12326.637711979754,98.35982653072101,79.47929108881414,US - Texas,US,Texas,delphi_constant
2020-07-28,394832,7150,813951.2568468476,13103.979964128948,106.15128886383263,83.27244705075452,US - Texas,US,Texas,delphi_constant
2020-07-29,401862,7442,867457.4751656953,13923.022275288598,115.85954262052529,87.08710394099165,US - Texas,US,Texas,delphi_constant
2020-07-30,410640,7590,923802.1335445917,14784.12459244057,124.96642644277026,94.78425022978354,US - Texas,US,Texas,delphi_constant
2020-07-31,419238,7701,982998.6942774599,15687.388183743476,134.47270864698808,103.70585876825706,US - Texas,US,Texas,delphi_constant
2020-08-01,423963,7977,1045041.8035867589,16632.63108657644,146.4936335450874,108.50734720542108,US - Texas,US,Texas,delphi_constant
2020-08-02,428563,7996,1109905.7585525063,17619.36625717548,158.9831036632902,120.35225434186442,US - Texas,US,Texas,delphi_constant
2020-08-03,433421,8151,1177543.2085138098,18646.783302800304,171.68577630382694,128.76681760275187,US - Texas,US,Texas,delphi_constant
2020-08-04,451098,8362,1247884.149880571,19713.734658797785,176.63260530540396,135.7538227552952,US - Texas,US,Texas,delphi_constant
2020-08-05,460425,8725,1320835.269293148,20818.72701144663,186.87305626174688,138.6100517071247,US - Texas,US,Texas,delphi_constant
2020-08-06,470149,8976,1396279.6830209638,21959.918659895397,196.98663254010194,144.65150022165102,US - Texas,US,Texas,delphi_constant
2020-08-07,478227,9256,1474077.1104439034,23135.123355780735,208.23795194414018,149.94731369685323,US - Texas,US,Texas,delphi_constant
2020-08-08,493381,9465,1554064.506685608,24341.82095818283,214.98264154590632,157.177189204256,US - Texas,US,Texas,delphi_constant
2020-08-09,505411,9582,1636057.1644715024,25577.174996842925,223.70826208204858,166.9293988399387,US - Texas,US,Texas,delphi_constant
2020-08-10,518105,9677,1719850.278792779,26838.056942337294,231.9501411476012,177.33860641042983,US - Texas,US,Texas,delphi_constant
2020-08-11,530026,9660,1805220.950545041,28121.076968508296,240.59101827929967,191.10845723093476,US - Texas,US,Texas,delphi_constant
2020-08-12,539104,9958,1891930.588544673,29422.621769430436,250.93981653719374,195.467179849673,US - Texas,US,Texas,delphi_constant
2020-08-13,545902,10188,1979727.6547078812,30738.895558670916,262.6525740348783,201.716681965753,US - Texas,US,Texas,delphi_constant
2020-08-14,561507,10490,2068350.6833484706,32065.964003531946,268.35706114945503,205.68125837494705,US - Texas,US,Texas,delphi_constant
2020-08-15,570718,10687,2157531.492731031,33399.80504657674,278.0381016072791,212.52741692314717,US - Texas,US,Texas,delphi_constant
2020-08-16,573607,10817,2246998.5066685155,34736.35813884588,291.73136078683063,221.12746730928978,US - Texas,US,Texas,delphi_constant
2020-08-17,581412,10876,2336480.0966996253,36071.572374084,301.86306727408885,231.66212186542845,US - Texas,US,Texas,delphi_constant
2020-08-18,590434,11098,2425707.856630162,37401.45741504555,310.83471761960897,237.010789466981,US - Texas,US,Texas,delphi_constant
2020-08-19,598280,11335,2514419.7289383775,38722.12802041173,320.2747424179945,241.61559788629668,US - Texas,US,Texas,delphi_constant
2020-08-20,603035,11582,2602362.912068171,40029.8486603581,331.5442573098031,245.62121102018733,US - Texas,US,Texas,delphi_constant
2020-08-21,608659,11814,2689296.4836751674,41321.07100647571,341.8395988024768,249.76359409578217,US - Texas,US,Texas,delphi_constant
2020-08-22,612652,11973,2774993.693676698,42592.46676700548,352.94778988344086,255.73763273202604,US - Texas,US,Texas,delphi_constant
2020-08-23,615723,12092,2859243.891518499,43840.95622902653,364.3717859359645,262.5616624960844,US - Texas,US,Texas,delphi_constant
2020-08-24,619102,12143,2941854.0677010193,45063.73073085738,375.18083735814446,271.1087106222299,US - Texas,US,Texas,delphi_constant
2020-08-25,626307,12321,3022650.002979331,46258.26838767505,382.6147564979045,275.4424834646137,US - Texas,US,Texas,delphi_constant
2020-08-26,631210,12506,3101477.0312639554,47422.34422408064,391.3542293791219,279.19673935775336,US - Texas,US,Texas,delphi_constant
2020-08-27,639318,12727,3178200.433144033,48554.03492337383,397.1235649776845,281.50416377287524,US - Texas,US,Texas,delphi_constant
2020-08-28,644951,12886,3252705.4859648766,49651.71841416806,404.33373790642645,285.31521351985145,US - Texas,US,Texas,delphi_constant
2020-08-29,648965,13016,3324897.2033462175,50714.06907863498,412.3384471190615,289.62868069018884,US - Texas,US,Texas,delphi_constant
2020-08-30,650429,13092,3394699.8018949823,51740.04873655857,421.9170427356379,295.203549775119,US - Texas,US,Texas,delphi_constant
2020-08-31,655014,13137,3462055.9356449023,52728.89421780053,428.54686092891177,301.3769827038177,US - Texas,US,Texas,delphi_constant
2020-09-01,658712,13266,3526925.7398177423,53680.10217655359,435.4275828917254,304.6442196333001,US - Texas,US,Texas,delphi_constant
2020-09-02,662445,13461,3589285.7249872833,54593.41176424302,441.823958968259,305.5672815113515,US - Texas,US,Texas,delphi_constant
2020-09-03,666892,13648,3649127.560940174,55468.78575142824,447.1841858861966,306.4242801247673,US - Texas,US,Texas,delphi_constant
2020-09-04,670462,13772,3706456.7867599935,56306.390646557586,452.8213063171356,308.8468678954225,US - Texas,US,Texas,delphi_constant
2020-09-05,674346,13914,3761291.4801942194,57106.57630584956,457.7687834129986,310.42530045888714,US - Texas,US,Texas,delphi_constant
2020-09-06,675995,13994,3813660.915457102,57869.855468256836,464.15519574214335,313.5333390614323,US - Texas,US,Texas,delphi_constant
2020-09-07,677828,14041,3863604.2345015067,58596.883586071635,469.99773312721027,317.3269965534622,US - Texas,US,Texas,delphi_constant
2020-09-08,682184,14139,3911169.1526492448,59288.43925823059,473.33053144741666,319.32554818749975,US - Texas,US,Texas,delphi_constant
2020-09-09,685795,14267,3956410.715453435,59945.40551209963,476.90865571394295,320.1682590039926,US - Texas,US,Texas,delphi_constant
2020-09-10,690801,14283,3999390.11989177,60568.75212218393,478.9496714526717,324.06183660424233,US - Texas,US,Texas,delphi_constant
2020-09-11,693754,14560,4040173.6095356788,61159.51910199048,482.3640093658096,320.05164218400057,US - Texas,US,Texas,delphi_constant
2020-09-12,700280,14666,4078831.4502567295,61718.80145888192,482.4572242898169,320.82913854412874,US - Texas,US,Texas,delphi_constant
2020-09-13,710126,14743,4115436.990342291,62247.73526152141,479.5361654611,322.21891922621865,US - Texas,US,Texas,delphi_constant
2020-09-14,714438,14790,4150065.80660138,62747.485035435,480.8853681637007,324.2561530455375,US - Texas,US,Texas,delphi_constant
2020-09-15,718157,14927,4182794.9361372,63219.23251853265,482.4346119493648,323.52269390053357,US - Texas,US,Texas,delphi_constant
2020-06-15,89333,2275,91375.832711181,1771.7195781846578,2.2867615675965283,22.122216343531523,US - Texas,US,Texas,themis
2020-06-16,93426,2327,93481.68591822115,1807.774600920663,0.059604305248162515,22.313081180891146,US - Texas,US,Texas,themis
2020-06-17,97406,2366,95647.21556776275,1844.772920211754,1.8056222740254757,22.029885029089016,US - Texas,US,Texas,themis
2020-06-18,100317,2403,97865.7092791108,1882.5897519064827,2.443544684240158,21.656689475385658,US - Texas,US,Texas,themis
2020-06-19,104271,2432,100133.38529881445,1921.1475881885092,3.9681356284926297,21.00544456461722,US - Texas,US,Texas,themis
2020-06-20,108115,2464,102448.23433955136,1960.4032253348403,5.241424095128928,20.438180789982134,US - Texas,US,Texas,themis
2020-06-21,110703,2483,104809.32010763064,2000.3341642151229,5.323866464657106,19.43881738964467,US - Texas,US,Texas,themis
2020-06-22,114388,2506,107216.35675815534,2040.930377014518,6.2695765655878795,18.55824513110463,US - Texas,US,Texas,themis
2020-06-23,120651,2539,109669.45363388238,2082.189399233009,9.101910772490587,17.99175268873536,US - Texas,US,Texas,themis
2020-06-24,126509,2587,112168.96098186582,2124.1133669211936,11.33519276741906,17.892796021600557,US - Texas,US,Texas,themis
2020-06-25,131037,2640,114715.37668517526,2166.707165283499,12.45573640637739,17.92775889077656,US - Texas,US,Texas,themis
2020-06-26,140067,2687,117309.28984037785,2209.9773337072006,16.247731556770795,17.752983486892422,US - Texas,US,Texas,themis
2020-06-27,145196,2740,119951.3465816232,2253.931442111165,17.386603913590452,17.739728390103473,US - Texas,US,Texas,themis
2020-06-28,150391,2775,122642.22933453966,2298.5777510524845,18.451084616406792,17.168369331442,US - Texas,US,Texas,themis
2020-06-29,158766,2817,125382.64418080708,2343.9248954825666,21.026766322255973,16.793578435123653,US - Texas,US,Texas,themis
2020-06-30,166154,2860,128173.31311769145,2389.9817218898747,22.858725569236103,16.43420552832606,US - Texas,US,Texas,themis
2020-07-01,173206,2931,131014.9692679854,2436.757235391974,24.358873671821183,16.86259858778662,US - Texas,US,Texas,themis
2020-07-02,178760,3009,133908.35386639062,2484.2606081930066,25.09042634460135,17.43899607201706,US - Texas,US,Texas,themis
2020-07-03,185503,3084,136854.21431411535,2532.50105443273,26.22533634813704,17.88258578363391,US - Texas,US,Texas,themis
2020-07-04,189589,3152,139853.30287251645,2581.4877877300346,26.233429749343873,18.100006734453217,US - Texas,US,Texas,themis
2020-07-05,196993,3219,142906.37573634603,2631.230064176627,27.456114818117378,18.259395334680743,US - Texas,US,Texas,themis
2020-07-06,204711,3283,146014.1923304272,2681.737218854233,28.673011059284942,18.314431347723634,US - Texas,US,Texas,themis
2020-07-07,212764,3410,149177.51473525265,2733.0185559232496,29.885923024923084,19.852828272045468,US - Texas,US,Texas,themis
2020-07-08,223470,3530,152397.10718335942,2785.083327819403,31.80422106620154,21.102455302566483,US - Texas,US,Texas,themis
2020-07-09,233662,3688,155673.73559155554,2837.940828599157,33.37652866467139,23.049326773341726,US - Texas,US,Texas,themis
2020-07-10,243726,3773,159008.16710897323,2891.600378137245,34.75945647613582,23.360710889550884,US - Texas,US,Texas,themis
2020-07-11,251357,3875,162401.1696675914,2946.0712205835753,35.39023394312019,23.97235559784322,US - Texas,US,Texas,themis
2020-07-12,257730,3986,165853.5115267313,3001.3625294629237,35.64834845507651,24.702395146439446,US - Texas,US,Texas,themis
2020-07-13,268321,4085,169365.96080681658,3057.483539020037,36.87934943339635,25.1534017375756,US - Texas,US,Texas,themis
2020-07-14,277363,4210,172939.28501086961,3114.4434307555366,37.648754516330726,26.02272135972597,US - Texas,US,Texas,themis
2020-07-15,287113,4373,176574.25053039048,3172.2512673059614,38.500085147523635,27.458237655935026,US - Texas,US,Texas,themis
2020-07-16,295390,4558,180271.62213408272,3230.9160745380773,38.97165708585845,29.1154876143467,US - Texas,US,Texas,themis
2020-07-17,301525,4722,184032.16243989073,3290.446899932726,38.96620099829509,30.31666878583808,US - Texas,US,Texas,themis
2020-07-18,311898,4869,187856.63137010482,3350.852656669775,39.7698506017657,31.179859177043024,US - Texas,US,Texas,themis
2020-07-19,317660,4982,191745.78558762587,3412.1421179346003,39.6380452094611,31.51059578613809,US - Texas,US,Texas,themis
2020-07-20,327368,5120,195700.37791340234,3474.324084802528,40.22006490756508,32.14210771870062,US - Texas,US,Texas,themis
2020-07-21,337248,5261,199721.1567271878,3537.4072516648016,40.77914272962692,32.76169451311915,US - Texas,US,Texas,themis
2020-07-22,346464,5509,203808.86534936645,3601.4001176063593,41.17459091006094,34.62697190767182,US - Texas,US,Texas,themis
2020-07-23,355679,5710,207964.24140319307,3666.3111227660656,41.53035703451903,35.79139890076943,US - Texas,US,Texas,themis
2020-07-24,364304,5884,212188.01615988708,3732.1486615055423,41.755232948337905,36.571232809219204,US - Texas,US,Texas,themis
2020-07-25,369784,6037,216480.9138660742,3798.9209004316785,41.45746872063848,37.07270332231773,US - Texas,US,Texas,themis
2020-07-26,374209,6173,220843.6510515516,3866.635843809385,40.98387504000395,37.36212791496218,US - Texas,US,Texas,themis
2020-07-27,384782,6868,225276.9358192255,3935.301484563346,41.453359091842785,42.70091024223433,US - Texas,US,Texas,themis
2020-07-28,394832,7150,229781.46711921223,4004.9255767158884,41.80272441969946,43.98705487110646,US - Texas,US,Texas,themis
2020-07-29,401862,7442,234357.93400380766,4075.51562473084,41.681986850260124,45.2362856123241,US - Texas,US,Texas,themis
2020-07-30,410640,7590,239007.01486433845,4147.079113030894,41.79646043630956,45.36127650815686,US - Texas,US,Texas,themis
2020-07-31,419238,7701,243729.37665398946,4219.623290746031,41.8637202128649,45.206813521022845,US - Texas,US,Texas,themis
2020-08-01,423963,7977,248525.6740927621,4293.155091256935,41.38033882844444,46.18083124912957,US - Texas,US,Texas,themis
2020-08-02,428563,7996,253396.54885465928,4367.681387602451,40.87297576910296,45.376670990464596,US - Texas,US,Texas,themis
2020-08-03,433421,8151,258342.628742621,4443.208825458462,40.39452893546437,45.48878879329577,US - Texas,US,Texas,themis
2020-08-04,451098,8362,263364.52684754203,4519.7436776706545,41.617004099432485,45.949011269186144,US - Texas,US,Texas,themis
2020-08-05,460425,8725,268462.84069044766,4597.2921136784325,41.692384060281775,47.308972909129714,US - Texas,US,Texas,themis
2020-08-06,470149,8976,273638.15135453915,4675.860070017812,41.797568142325275,47.90708478144149,US - Texas,US,Texas,themis
2020-08-07,478227,9256,278891.0226036979,4755.453057688208,41.68229259249313,48.6230222808102,US - Texas,US,Texas,themis
2020-08-08,493381,9465,284221.999985664,4836.076454130044,42.392998517238404,48.90568986656055,US - Texas,US,Texas,themis
2020-08-09,505411,9582,289631.6099279173,4917.735375920749,42.69384522143022,48.67735988394126,US - Texas,US,Texas,themis
2020-08-10,518105,9677,295120.35882253404,5000.434464636011,43.03850400545565,48.32660468496423,US - Texas,US,Texas,themis
2020-08-11,530026,9660,300688.7320979183,5084.178217971175,43.26905998990271,47.36875550754477,US - Texas,US,Texas,themis
2020-08-12,539104,9958,306337.19328698836,5168.970816247007,43.17660538838733,48.09227941105637,US - Texas,US,Texas,themis
2020-08-13,545902,10188,312066.1830867311,5254.815923490936,42.83476098517113,48.42151625941366,US - Texas,US,Texas,themis
2020-08-14,561507,10490,317876.11840778455,5341.717068789678,43.38875233829951,49.07800697054645,US - Texas,US,Texas,themis
2020-08-15,570718,10687,323767.3914251027,5429.677371790652,43.27016294823316,49.19362429315382,US - Texas,US,Texas,themis
2020-08-16,573607,10817,329740.3686219781,5518.699421950377,42.51458426728089,48.98123858786746,US - Texas,US,Texas,themis
2020-08-17,581412,10876,335795.3898288573,5608.785681337706,42.24484705701683,48.429701348494795,US - Texas,US,Texas,themis
2020-08-18,590434,11098,341932.7672680735,5699.938076774796,42.08789343634115,48.63995245292128,US - Texas,US,Texas,themis
2020-08-19,598280,11335,348152.7845935911,5792.15805224562,41.80771802607624,48.90023773934169,US - Texas,US,Texas,themis
2020-08-20,603035,11582,354455.6959327698,5885.446879112173,41.22137256829706,49.18453739326392,US - Texas,US,Texas,themis
2020-08-21,608659,11814,360841.724937671,5979.805166306941,40.715289688040265,49.383738223235646,US - Texas,US,Texas,themis
2020-08-22,612652,11973,367311.06383370195,6075.23315971907,40.04572516963922,49.25888950372447,US - Texas,US,Texas,themis
2020-08-23,615723,12092,373863.87248003087,6171.730789881175,39.28050885218989,48.960215101875825,US - Texas,US,Texas,themis
2020-08-24,619102,12143,380500.2774405212,6269.297254419291,38.5399695945868,48.371100597716456,US - Texas,US,Texas,themis
2020-08-25,626307,12321,387220.37105722225,6367.931538041042,38.174031097014364,48.31643910363573,US - Texas,US,Texas,themis
2020-08-26,631210,12506,394024.21054593334,6467.632057134777,37.57636752492303,48.28376733460117,US - Texas,US,Texas,themis
2020-08-27,639318,12727,400911.8171002808,6568.396590226046,37.29070398451463,48.390063721017945,US - Texas,US,Texas,themis
2020-08-28,644951,12886,407883.1750100917,6670.222714111881,36.75749397859811,48.23666991997609,US - Texas,US,Texas,themis
2020-08-29,648965,13016,414938.23080662906,6773.107195216373,36.06153940403118,47.963220688257735,US - Texas,US,Texas,themis
2020-08-30,650429,13092,422076.89241645206,6877.0464366666665,35.10792224570982,47.4713837712598,US - Texas,US,Texas,themis
2020-08-31,655014,13137,429299.02834621305,6982.036366137633,34.459564475535934,46.852124791522925,US - Texas,US,Texas,themis
2020-09-01,658712,13266,436604.46688984724,7088.072112887963,33.718458614713676,46.569635814202,US - Texas,US,Texas,themis
2020-09-02,662445,13461,443992.99535541516,7195.14861846385,32.97662517561229,46.5481864760133,US - Texas,US,Texas,themis
2020-09-03,666892,13648,451464.35933282285,7303.259960148877,32.30322760914468,46.48842350418466,US - Texas,US,Texas,themis
2020-09-04,670462,13772,459018.2619783122,7412.399796683168,31.537020445854914,46.17775343680535,US - Texas,US,Texas,themis
2020-09-05,674346,13914,466654.3633410833,7522.561283427926,30.798972138771003,45.93530772295583,US - Texas,US,Texas,themis
2020-09-06,675995,13994,474372.2797225086,7633.736733797318,29.82606680189815,45.44993044306619,US - Texas,US,Texas,themis
2020-09-07,677828,14041,482171.58306532324,7745.918262295979,28.865201339377656,44.833571239256614,US - Texas,US,Texas,themis
2020-09-08,682184,14139,490051.800395133,7859.09701391221,28.16427820131622,44.41546775647352,US - Texas,US,Texas,themis
2020-09-09,685795,14267,498012.4132861154,7973.263817916108,27.381737503756163,44.11394253931375,US - Texas,US,Texas,themis
2020-09-10,690801,14283,506052.8573845768,8088.408803488682,26.74404678270923,43.37037874754126,US - Texas,US,Texas,themis
2020-09-11,693754,14560,514172.5219677673,8204.521401854468,25.88546920554443,43.65026509715338,US - Texas,US,Texas,themis
2020-09-12,700280,14666,522370.74955095444,8321.590715454611,25.40544502899491,43.25930236291688,US - Texas,US,Texas,themis
2020-09-13,710126,14743,530646.8355499997,8439.604840193932,25.274270263305425,42.75517302995367,US - Texas,US,Texas,themis
2020-09-14,714438,14790,539000.0279802417,8558.551715915915,24.556080726355304,42.132848438702396,US - Texas,US,Texas,themis
2020-09-15,718157,14927,547429.5272258078,8678.418273717736,23.77300127607086,41.86093472420623,US - Texas,US,Texas,themis
2020-06-15,89333,2275,109527.49633043777,0.0,22.605863824608793,100.0,US - Texas,US,Texas,sir
2020-06-16,93426,2327,113580.88645461865,0.0,21.573102192771447,100.0,US - Texas,US,Texas,sir
2020-06-17,97406,2366,117777.20708751086,0.0,20.913708690954213,100.0,US - Texas,US,Texas,sir
2020-06-18,100317,2403,122121.38770869687,0.0,21.735486217387752,100.0,US - Texas,US,Texas,sir
2020-06-19,104271,2432,126618.54123782627,0.0,21.43217312371251,100.0,US - Texas,US,Texas,sir
2020-06-20,108115,2464,131273.96403461578,0.0,21.42067616391415,100.0,US - Texas,US,Texas,sir
2020-06-21,110703,2483,136093.13589884926,0.0,22.93536390057113,100.0,US - Texas,US,Texas,sir
2020-06-22,114388,2506,141081.72007037772,0.0,23.3361192348653,100.0,US - Texas,US,Texas,sir
2020-06-23,120651,2539,146245.5632291193,0.0,21.21371826932167,100.0,US - Texas,US,Texas,sir
2020-06-24,126509,2587,151590.69549505925,0.0,19.826016722177275,100.0,US - Texas,US,Texas,sir
2020-06-25,131037,2640,157123.33042825005,0.0,19.90760657543293,100.0,US - Texas,US,Texas,sir
2020-06-26,140067,2687,162849.8650288112,0.0,16.26569072573212,100.0,US - Texas,US,Texas,sir
2020-06-27,145196,2740,168776.92861955895,0.0,16.240756370395157,100.0,US - Texas,US,Texas,sir
2020-06-28,150391,2775,174911.43533909234,0.0,16.304456609166994,100.0,US - Texas,US,Texas,sir
2020-06-29,158766,2817,181260.38528018072,0.0,14.168263532608192,100.0,US - Texas,US,Texas,sir
2020-06-30,166154,2860,187831.02701395386,0.0,13.046346771040037,100.0,US - Texas,US,Texas,sir
2020-07-01,173206,2931,194630.86922869855,0.0,12.369588368011817,100.0,US - Texas,US,Texas,sir
2020-07-02,178760,3009,201667.68072985875,0.0,12.814768812854528,100.0,US - Texas,US,Texas,sir
2020-07-03,185503,3084,208949.4904400356,0.0,12.639413076896647,100.0,US - Texas,US,Texas,sir
2020-07-04,189589,3152,216484.58739898726,0.0,14.18625943434865,100.0,US - Texas,US,Texas,sir
2020-07-05,196993,3219,224281.5207636292,0.0,13.852533218758639,100.0,US - Texas,US,Texas,sir
2020-07-06,204711,3283,232349.09980803382,0.0,13.501033070051838,100.0,US - Texas,US,Texas,sir
2020-07-07,212764,3410,240696.39392343082,0.0,13.128345924794992,100.0,US - Texas,US,Texas,sir
2020-07-08,223470,3530,249332.73261820694,0.0,11.57324590245086,100.0,US - Texas,US,Texas,sir
2020-07-09,233662,3688,258267.70659575326,0.0,10.530469907709966,100.0,US - Texas,US,Texas,sir
2020-07-10,243726,3773,267511.3139502529,0.0,9.759038407988024,100.0,US - Texas,US,Texas,sir
2020-07-11,251357,3875,277073.7853610342,0.0,10.231179303156154,100.0,US - Texas,US,Texas,sir
2020-07-12,257730,3986,286965.582680202,0.0,11.343492290459773,100.0,US - Texas,US,Texas,sir
2020-07-13,268321,4085,297197.5169631284,0.0,10.76192954078451,100.0,US - Texas,US,Texas,sir
2020-07-14,277363,4210,307780.7484684532,0.0,10.966765022174256,100.0,US - Texas,US,Texas,sir
2020-07-15,287113,4373,318726.78665808315,0.0,11.010921364787784,100.0,US - Texas,US,Texas,sir
2020-07-16,295390,4558,330047.4901971929,0.0,11.732790614845756,100.0,US - Texas,US,Texas,sir
2020-07-17,301525,4722,341755.06695422414,0.0,13.34219947076499,100.0,US - Texas,US,Texas,sir
2020-07-18,311898,4869,353862.0740008861,0.0,13.454422279362522,100.0,US - Texas,US,Texas,sir
2020-07-19,317660,4982,366381.41761215543,0.0,15.33759919793346,100.0,US - Texas,US,Texas,sir
2020-07-20,327368,5120,379326.3532662761,0.0,15.87154311547742,100.0,US - Texas,US,Texas,sir
2020-07-21,337248,5261,392710.4856447596,0.0,16.44560846758457,100.0,US - Texas,US,Texas,sir
2020-07-22,346464,5509,406547.77987168316,0.0,17.341997977187575,100.0,US - Texas,US,Texas,sir
2020-07-23,355679,5710,420852.70471762074,0.0,18.323742677420015,100.0,US - Texas,US,Texas,sir
2020-07-24,364304,5884,435640.00837339816,0.0,19.581450759090803,100.0,US - Texas,US,Texas,sir
2020-07-25,369784,6037,450924.8053797119,0.0,21.94275722576204,100.0,US - Texas,US,Texas,sir
2020-07-26,374209,6173,466722.631914097,0.0,24.72244973105858,100.0,US - Texas,US,Texas,sir
2020-07-27,384782,6868,483049.44579092716,0.0,25.53847263929372,100.0,US - Texas,US,Texas,sir
2020-07-28,394832,7150,499921.6264614145,0.0,26.616289070139832,100.0,US - Texas,US,Texas,sir
2020-07-29,401862,7442,517355.97501360986,0.0,28.73971040148356,100.0,US - Texas,US,Texas,sir
2020-07-30,410640,7590,535369.7141724029,0.0,30.37446770222162,100.0,US - Texas,US,Texas,sir
2020-07-31,419238,7701,553980.4882995213,0.0,32.13985571430101,100.0,US - Texas,US,Texas,sir
2020-08-01,423963,7977,573206.363393532,0.0,35.2019783314893,100.0,US - Texas,US,Texas,sir
2020-08-02,428563,7996,593065.8270898401,0.0,38.384747887671146,100.0,US - Texas,US,Texas,sir
2020-08-03,433421,8151,613577.7886606895,0.0,41.56623436812925,100.0,US - Texas,US,Texas,sir
2020-08-04,451098,8362,634761.5772740867,0.0,40.7147842096588,100.0,US - Texas,US,Texas,sir
2020-08-05,460425,8725,656636.9305927781,0.0,42.6153946012441,100.0,US - Texas,US,Texas,sir
2020-08-06,470149,8976,679224.0753545522,0.0,44.4699606623756,100.0,US - Texas,US,Texas,sir
2020-08-07,478227,9256,702543.6586901612,0.0,46.90589588002375,100.0,US - Texas,US,Texas,sir
2020-08-08,493381,9465,726616.7236187272,0.0,47.272943955832744,100.0,US - Texas,US,Texas,sir
2020-08-09,505411,9582,751464.7090477417,0.0,48.683884808154495,100.0,US - Texas,US,Texas,sir
2020-08-10,518105,9677,777109.4497730663,0.0,49.99072577432496,100.0,US - Texas,US,Texas,sir
2020-08-11,530026,9660,803573.1764789321,0.0,51.61014298901038,100.0,US - Texas,US,Texas,sir
2020-08-12,539104,9958,830878.5157379399,0.0,54.12212035858385,100.0,US - Texas,US,Texas,sir
2020-08-13,545902,10188,859048.4900110599,0.0,57.36313294530152,100.0,US - Texas,US,Texas,sir
2020-08-14,561507,10490,888106.5176476329,0.0,58.1648167605449,100.0,US - Texas,US,Texas,sir
2020-08-15,570718,10687,918076.4128853683,0.0,60.863405900176325,100.0,US - Texas,US,Texas,sir
2020-08-16,573607,10817,948982.3858503457,0.0,65.44121425476777,100.0,US - Texas,US,Texas,sir
2020-08-17,581412,10876,980849.0425570149,0.0,68.70120371733209,100.0,US - Texas,US,Texas,sir
2020-08-18,590434,11098,1013701.1395071065,0.0,71.68746032699785,100.0,US - Texas,US,Texas,sir
2020-08-19,598280,11335,1047563.5140833606,0.0,75.09586048060449,100.0,US - Texas,US,Texas,sir
2020-08-20,603035,11582,1082461.9386699882,0.0,79.50234043960768,100.0,US - Texas,US,Texas,sir
2020-08-21,608659,11814,1118422.3192066285,0.0,83.751874071792,100.0,US - Texas,US,Texas,sir
2020-08-22,612652,11973,1155470.6538321075,0.0,88.6014660577469,100.0,US - Texas,US,Texas,sir
2020-08-23,615723,12092,1193633.032884439,0.0,93.85876975270357,100.0,US - Texas,US,Texas,sir
2020-08-24,619102,12143,1232935.6389008234,0.0,99.14903180749269,100.0,US - Texas,US,Texas,sir
2020-08-25,626307,12321,1273404.7466176497,0.0,103.31957755823417,100.0,US - Texas,US,Texas,sir
2020-08-26,631210,12506,1315066.7229704931,0.0,108.34060343950398,100.0,US - Texas,US,Texas,sir
2020-08-27,639318,12727,1357948.0270941162,0.0,112.4057240831818,100.0,US - Texas,US,Texas,sir
2020-08-28,644951,12886,1402075.2103224697,0.0,117.39251669079817,100.0,US - Texas,US,Texas,sir
2020-08-29,648965,13016,1447474.9161886908,0.0,123.0436026886952,100.0,US - Texas,US,Texas,sir
2020-08-30,650429,13092,1494173.8804251049,0.0,129.72128863028937,100.0,US - Texas,US,Texas,sir
2020-08-31,655014,13137,1542198.9309632238,0.0,135.44518605147735,100.0,US - Texas,US,Texas,sir
2020-09-01,658712,13266,1591576.820806075,0.0,141.61952732090427,100.0,US - Texas,US,Texas,sir
2020-09-02,662445,13461,1642332.684155165,0.0,147.9198551057318,100.0,US - Texas,US,Texas,sir
2020-09-03,666892,13648,1694492.8826932898,0.0,154.0880506428762,100.0,US - Texas,US,Texas,sir
2020-09-04,670462,13772,1748083.6646392806,0.0,160.72822391713186,100.0,US - Texas,US,Texas,sir
2020-09-05,674346,13914,1803130.5698445514,0.0,167.3895255320787,100.0,US - Texas,US,Texas,sir
2020-09-06,675995,13994,1859658.4297930975,0.0,175.09943561610626,100.0,US - Texas,US,Texas,sir
2020-09-07,677828,14041,1917691.3676014976,0.0,182.91710693590372,100.0,US - Texas,US,Texas,sir
2020-09-08,682184,14139,1977252.7980189128,0.0,189.84156738048867,100.0,US - Texas,US,Texas,sir
2020-09-09,685795,14267,2038365.427427086,0.0,197.22663878084353,100.0,US - Texas,US,Texas,sir
2020-09-10,690801,14283,2101051.2538403426,0.0,204.1471065965948,100.0,US - Texas,US,Texas,sir
2020-09-11,693754,14560,2165331.5669055916,0.0,212.11806590024588,100.0,US - Texas,US,Texas,sir
2020-09-12,700280,14666,2231226.947902322,0.0,218.61925913953303,100.0,US - Texas,US,Texas,sir
2020-09-13,710126,14743,2298757.2697426076,0.0,223.71118220465206,100.0,US - Texas,US,Texas,sir
2020-09-14,714438,14790,2367941.696971103,0.0,231.4411743175899,100.0,US - Texas,US,Texas,sir
2020-09-15,718157,14927,2438798.6857650466,0.0,239.59129908432928,100.0,US - Texas,US,Texas,sir
2020-06-15,89333,2275,114587.01301993264,3675.0712476409153,28.269523042921023,61.54159330289738,US - Texas,US,Texas,seir
2020-06-16,93426,2327,118952.7775484382,3815.2363290834396,27.32299097514418,63.95514950938718,US - Texas,US,Texas,seir
2020-06-17,97406,2366,123477.7843060178,3960.5299689805775,26.766096858528016,67.39348981321122,US - Texas,US,Texas,seir
2020-06-18,100317,2403,128167.80249032173,4111.135531549001,27.762794431972377,71.08345949017898,US - Texas,US,Texas,seir
2020-06-19,104271,2432,133028.78741180518,4267.244100085338,27.57985193563425,75.46233964166686,US - Texas,US,Texas,seir
2020-06-20,108115,2464,138066.88049372815,4429.054476966168,27.70372334433534,79.75058753921137,US - Texas,US,Texas,seir
2020-06-21,110703,2483,143288.4092721555,4596.7731836480325,29.434983037637185,85.12981005429047,US - Texas,US,Texas,seir
2020-06-22,114388,2506,148699.88739595696,4770.614460667423,29.996055002235337,90.36769595640158,US - Texas,US,Texas,seir
2020-06-23,120651,2539,154308.01462680713,4950.80026764079,27.896175437258808,94.99016414497005,US - Texas,US,Texas,seir
2020-06-24,126509,2587,160119.71249704904,5137.56031041421,26.567842996979696,98.59143063062274,US - Texas,US,Texas,seir
2020-06-25,131037,2640,166142.3277780969,5331.129525725103,26.790393383622103,101.9367244592842,US - Texas,US,Texas,seir
2020-06-26,140067,2687,172383.45942036295,5531.74865944173,23.07214363152131,105.87080980430702,US - Texas,US,Texas,seir
2020-06-27,145196,2740,178850.9308071345,5739.668482662735,23.178965541154362,109.47695192199764,US - Texas,US,Texas,seir
2020-06-28,150391,2775,185552.79716720496,5955.149986209137,23.380253583794882,114.59999950303197,US - Texas,US,Texas,seir
2020-06-29,158766,2817,192497.34557487385,6178.464380624327,21.245950376575497,119.32780903884724,US - Texas,US,Texas,seir
2020-06-30,166154,2860,199693.09494994686,6409.893096174069,20.18554771473865,124.12213622986255,US - Texas,US,Texas,seir
2020-07-01,173206,2931,207148.7960577357,6649.727782846499,19.59677843592929,126.87573465870008,US - Texas,US,Texas,seir
2020-07-02,178760,3009,214873.45930034833,6898.270255368943,20.202203681107818,129.25457811129755,US - Texas,US,Texas,seir
2020-07-03,185503,3084,222876.64097077135,7155.828949186879,20.14718951756648,132.03077007739557,US - Texas,US,Texas,seir
2020-07-04,189589,3152,231168.2718199506,7422.719071423331,21.931268069323963,135.49235632688232,US - Texas,US,Texas,seir
2020-07-05,196993,3219,239758.54934765428,7699.26865451886,21.709172075989642,139.18200231496925,US - Texas,US,Texas,seir
2020-07-06,204711,3283,248657.9502754336,7985.818957264673,21.467801083201977,143.24760759258828,US - Texas,US,Texas,seir
2020-07-07,212764,3410,257877.23054662277,8282.724464802619,21.203413428316242,142.89514559538472,US - Texas,US,Texas,seir
2020-07-08,223470,3530,267427.42532633885,8590.352888625192,19.670392144958544,143.35277304887228,US - Texas,US,Texas,seir
2020-07-09,233662,3688,277319.849001482,8909.085166575529,18.68418870055123,141.56955440823018,US - Texas,US,Texas,seir
2020-07-10,243726,3773,287566.17980380944,9239.314830338302,17.98748586683794,144.8797993728678,US - Texas,US,Texas,seir
2020-07-11,251357,3875,298178.84419644554,9581.441367341942,18.62762691965831,147.26300302817916,US - Texas,US,Texas,seir
2020-07-12,257730,3986,309170.6726748734,9935.87504150539,19.95913268725929,149.26931865291994,US - Texas,US,Texas,seir
2020-07-13,268321,4085,320554.8105426966,10303.042782633682,19.466911103751336,152.21646958711582,US - Texas,US,Texas,seir
2020-07-14,277363,4210,332344.723359259,10683.38828267795,19.82302014301079,153.76219198759978,US - Texas,US,Texas,seir
2020-07-15,287113,4373,344554.19693964475,11077.371995735413,20.006477219646882,153.31287435937372,US - Texas,US,Texas,seir
2020-07-16,295390,4558,357197.3373546781,11485.471138049372,20.92397757360712,151.98488674965714,US - Texas,US,Texas,seir
2020-07-17,301525,4722,370288.57857386564,11908.17964698987,22.805266088671136,152.1850835872484,US - Texas,US,Texas,seir
2020-07-18,311898,4869,383843.09223574976,12346.002398182101,23.066865525187648,153.5634092869604,US - Texas,US,Texas,seir
2020-07-19,317660,4982,397876.86275227857,12799.450885911723,25.25242798976219,156.913907786265,US - Texas,US,Texas,seir
2020-07-20,327368,5120,412406.2226276604,13269.05574604221,25.97633935743884,159.16124503988692,US - Texas,US,Texas,seir
2020-07-21,337248,5261,427447.84870031616,13755.368381000711,26.745851332051235,161.45919750999263,US - Texas,US,Texas,seir
2020-07-22,346464,5509,443018.7621428801,14258.960959778062,27.86862766200244,158.83029514935672,US - Texas,US,Texas,seir
2020-07-23,355679,5710,459136.3284621993,14780.42641792877,29.087274891742076,158.85160101451433,US - Texas,US,Texas,seir
2020-07-24,364304,5884,475818.2577034812,15320.378456306878,30.610220503612695,160.3735291690496,US - Texas,US,Texas,seir
2020-07-25,369784,6037,493082.98056933813,15879.445751081397,33.3435142054113,163.03537768894148,US - Texas,US,Texas,seir
2020-07-26,374209,6173,510950.1036138867,16458.261250016374,36.541372231530154,166.61690021085977,US - Texas,US,Texas,seir
2020-07-27,384782,6868,529439.6428707023,17057.479227433592,37.594701121856616,148.36166609542215,US - Texas,US,Texas,seir
2020-07-28,394832,7150,548571.9510903243,17677.779025663975,38.93806760605126,147.24166469460104,US - Texas,US,Texas,seir
2020-07-29,401862,7442,568367.7177402554,18319.865055047616,41.43355623080943,146.16857101649578,US - Texas,US,Texas,seir
2020-07-30,410640,7590,588847.9690049619,18984.466793933763,43.397615674303985,150.12472719280322,US - Texas,US,Texas,seir
2020-07-31,419238,7701,610034.0705776588,19672.33875263964,45.51020436545801,155.45174331437008,US - Texas,US,Texas,seir
2020-08-01,423963,7977,631948.3173799491,20384.249850233504,49.057421845762285,155.53779428649247,US - Texas,US,Texas,seir
2020-08-02,428563,7996,654614.4069781211,21120.972178871343,52.746365640085855,164.14422434806582,US - Texas,US,Texas,seir
2020-08-03,433421,8151,678056.4034322475,21883.30400660842,56.44290503511539,168.47385604966777,US - Texas,US,Texas,seir
2020-08-04,451098,8362,702298.6479131135,22672.07299215426,55.6864911644728,171.13218120251446,US - Texas,US,Texas,seir
2020-08-05,460425,8725,727365.7587022177,23488.136184872645,57.97703397995715,169.2049992535547,US - Texas,US,Texas,seir
2020-08-06,470149,8976,753282.631191771,24332.380024781647,60.222106436846836,171.08266516022334,US - Texas,US,Texas,seir
2020-08-07,478227,9256,780074.5156242208,25205.718864768256,63.11804135362931,172.3176195415758,US - Texas,US,Texas,seir
2020-08-08,493381,9465,807768.2463640128,26109.069975936236,63.720987708082156,175.84859985141296,US - Texas,US,Texas,seir
2020-08-09,505411,9582,836391.8413945814,27043.36077302511,65.48746295481922,182.23085757696836,US - Texas,US,Texas,seir
2020-08-10,518105,9677,865973.4732632706,28009.551485755128,67.14246596023405,189.4445746177031,US - Texas,US,Texas,seir
2020-08-11,530026,9660,896541.4548971592,29008.635675218204,69.15046712749172,200.29643556126504,US - Texas,US,Texas,seir
2020-08-12,539104,9958,928124.2396030606,30041.64023387794,72.16051811952066,201.68347292506468,US - Texas,US,Texas,seir
2020-08-13,545902,10188,960750.4216131561,31109.625373331342,75.9932042038967,205.35556903544702,US - Texas,US,Texas,seir
2020-08-14,561507,10490,994449.563008726,32213.666902306577,77.10368045433556,207.08929363495307,US - Texas,US,Texas,seir
2020-08-15,570718,10687,1029253.3645916351,33354.831286559674,80.34359606524326,212.10659012407294,US - Texas,US,Texas,seir
2020-08-16,573607,10817,1065193.7244273112,34534.215490675255,85.70096327752472,219.25871767287836,US - Texas,US,Texas,seir
2020-08-17,581412,10876,1102302.4386808053,35752.95282989089,89.59058957861298,228.73255636163012,US - Texas,US,Texas,seir
2020-08-18,590434,11098,1140611.201616791,37012.212970097135,93.18182923354533,233.50345080282153,US - Texas,US,Texas,seir
2020-08-19,598280,11335,1180151.605599566,38313.20192783749,97.25740549568194,238.00795701665183,US - Texas,US,Texas,seir
2020-08-20,603035,11582,1220955.7378936731,39657.14837383225,102.46846997167214,242.40328418090354,US - Texas,US,Texas,seir
2020-08-21,608659,11814,1263058.3118771904,41045.25755307203,107.51493231467708,247.42896185095674,US - Texas,US,Texas,seir
2020-08-22,612652,11973,1306494.3782495756,42478.75819786534,113.25228322923546,254.7879244789555,US - Texas,US,Texas,seir
2020-08-23,615723,12092,1351298.5063684294,43958.91692756799,119.4653287872029,263.53718927859734,US - Texas,US,Texas,seir
2020-08-24,619102,12143,1397504.7868678719,45487.038157491996,125.73094366806632,274.5947307707485,US - Texas,US,Texas,seir
2020-08-25,626307,12321,1445146.831658541,47064.46409890554,130.7409675540176,281.98574871281176,US - Texas,US,Texas,seir
2020-08-26,631210,12506,1494258.5302377213,48692.556593059744,136.72922327556935,289.3535630342215,US - Texas,US,Texas,seir
2020-08-27,639318,12727,1544876.7662562467,50372.63748722937,141.6444971448085,295.79349011730466,US - Texas,US,Texas,seir
2020-08-28,644951,12886,1597038.479368181,52106.04839828921,147.62167658755178,304.3616979535093,US - Texas,US,Texas,seir
2020-08-29,648965,13016,1650779.5913855145,53894.16802513212,154.3711280863397,314.06090984274834,US - Texas,US,Texas,seir
2020-08-30,650429,13092,1706135.0090679848,55738.41202385452,162.30918502526558,325.74405762186467,US - Texas,US,Texas,seir
2020-08-31,655014,13137,1763138.6247055873,57640.23298808287,169.1757160466169,338.76252560008277,US - Texas,US,Texas,seir
2020-09-01,658712,13266,1821824.9204186997,59601.08144871617,176.5738168454043,349.2769595109013,US - Texas,US,Texas,seir
2020-09-02,662445,13461,1882231.5376090563,61622.350392668224,184.13400925496552,357.784342862107,US - Texas,US,Texas,seir
2020-09-03,666892,13648,1944395.1420329316,63705.45572386073,191.560723780302,366.7750272850288,US - Texas,US,Texas,seir
2020-09-04,670462,13772,2008350.6740260324,65851.84650892323,199.5472784477021,378.1574681159108,US - Texas,US,Texas,seir
2020-09-05,674346,13914,2074131.3485034986,68063.00497719318,207.57672596908688,389.16921788984604,US - Texas,US,Texas,seir
2020-09-06,675995,13994,2141768.794085167,70340.44268591718,216.83204669933457,402.64715367955677,US - Texas,US,Texas,seir
2020-09-07,677828,14041,2211296.7590231965,72685.61309438036,226.2327255621185,417.6669261048384,US - Texas,US,Texas,seir
2020-09-08,682184,14139,2282750.8482795195,75099.91751657738,234.6239208599908,431.1543780789121,US - Texas,US,Texas,seir
2020-09-09,685795,14267,2356164.247632082,77584.78190933788,243.56684543224753,443.80585904070847,US - Texas,US,Texas,seir
2020-09-10,690801,14283,2431567.5365536464,80141.65814729089,251.9924749028514,461.09821569201773,US - Texas,US,Texas,seir
2020-09-11,693754,14560,2508988.6882117875,82772.02402286479,261.65394191770963,468.48917598121426,US - Texas,US,Texas,seir
2020-09-12,700280,14666,2588455.4403829826,85477.3285959766,269.63149602772927,482.8264598116501,US - Texas,US,Texas,seir
2020-09-13,710126,14743,2669998.3306762846,88258.91598279447,275.98937803661386,498.6496369992164,US - Texas,US,Texas,seir
2020-09-14,714438,14790,2753644.47268437,91118.15219377805,285.42805291493033,516.0794604041788,US - Texas,US,Texas,seir
2020-09-15,718157,14927,2839418.492892536,94056.39958025317,295.3757316147494,530.1091952854102,US - Texas,US,Texas,seir
2020-06-15,89333,2275,229904.1068179807,20500.558234916374,157.3563037376789,801.1234388974231,US - Texas,US,Texas,seird
2020-06-16,93426,2327,250275.4361040818,22320.729424681587,167.8862801619269,859.2062494491441,US - Texas,US,Texas,seird
2020-06-17,97406,2366,272422.5858047921,24300.315451898045,179.67741802845012,927.0632059128505,US - Texas,US,Texas,seird
2020-06-18,100317,2403,296495.6752384787,26452.705301826638,195.55875398833567,1000.8200292062687,US - Texas,US,Texas,seird
2020-06-19,104271,2432,322656.1954180247,28792.450171749057,209.44001248479896,1083.900089298892,US - Texas,US,Texas,seird
2020-06-20,108115,2464,351077.0384425711,31335.473335789164,224.7255593049726,1171.7318723940407,US - Texas,US,Texas,seird
2020-06-21,110703,2483,381945.0193590196,34098.704285316664,245.0177676838203,1273.2865197469457,US - Texas,US,Texas,seird
2020-06-22,114388,2506,415461.4276486061,37100.207347368094,263.20368189723234,1380.4552014113365,US - Texas,US,Texas,seird
2020-06-23,120651,2539,451840.76143415004,40359.767154333946,274.50229292268614,1489.5930348300096,US - Texas,US,Texas,seird
2020-06-24,126509,2587,491312.889285484,43898.57315137138,288.36200530040077,1596.891115244352,US - Texas,US,Texas,seird
2020-06-25,131037,2640,534125.491415641,47738.89840271185,307.61425506966816,1708.2916061633277,US - Texas,US,Texas,seird
2020-06-26,140067,2687,580541.1347637047,51905.03249870875,314.4738837582762,1831.7094342653054,US - Texas,US,Texas,seird
2020-06-27,145196,2740,630838.8909105379,56423.07240115929,334.4740150627689,1959.2362190204121,US - Texas,US,Texas,seird
2020-06-28,150391,2775,685318.474956156,61320.16735862743,355.6911483773337,2109.7357606712585,US - Texas,US,Texas,seird
2020-06-29,158766,2817,744295.4856195778,66625.73543253118,368.8003008324061,2265.130828275867,US - Texas,US,Texas,seird
2020-06-30,166154,2860,808102.5862420294,72371.30558527647,386.3575876849365,2430.465230254422,US - Texas,US,Texas,seird
2020-07-01,173206,2931,877094.8243626537,78589.37039322552,406.388245420282,2581.315946544712,US - Texas,US,Texas,seird
2020-07-02,178760,3009,951642.3463945463,85314.95032364342,432.3575444140447,2735.3257003537196,US - Texas,US,Texas,seird
2020-07-03,185503,3084,1032131.9788548179,92585.2181981072,456.3963811123367,2902.114727565084,US - Texas,US,Texas,seird
2020-07-04,189589,3152,1118972.569583091,100438.10068210906,490.2096480191841,3086.487965802952,US - Texas,US,Texas,seird
2020-07-05,196993,3219,1212584.0018390238,108914.34173603391,515.5467462493712,3283.483744517984,US - Texas,US,Texas,seird
2020-07-06,204711,3283,1313401.4765101122,118056.29799176012,541.5881298562912,3495.9883640499575,US - Texas,US,Texas,seird
2020-07-07,212764,3410,1421877.3026204403,127906.88244379147,568.2884804856274,3650.934969026143,US - Texas,US,Texas,seird
2020-07-08,223470,3530,1538466.677264958,138511.9553383915,588.4443895220647,3823.8514260167562,US - Texas,US,Texas,seird
2020-07-09,233662,3688,1663637.4109657041,149917.51860908745,611.9845807044809,3965.0086390750394,US - Texas,US,Texas,seird
2020-07-10,243726,3773,1797861.1453649478,162170.30991275745,637.6566904494997,4198.179430499799,US - Texas,US,Texas,seird
2020-07-11,251357,3875,1941601.871726592,175319.25282054485,672.4479014813958,4424.367814723738,US - Texas,US,Texas,seird
2020-07-12,257730,3986,2095328.4924280313,189411.27455223957,712.9936338136931,4651.913561270436,US - Texas,US,Texas,seird
2020-07-13,268321,4085,2259490.236554713,204494.71960696226,742.0847554066632,4905.990688052932,US - Texas,US,Texas,seird
2020-07-14,277363,4210,2434520.5570918517,220616.9999795749,777.7380389928908,5140.308788113418,US - Texas,US,Texas,seird
2020-07-15,287113,4373,2620834.5657243705,237822.7015041891,812.8233711898696,5338.433604029022,US - Texas,US,Texas,seird
2020-07-16,295390,4558,2818802.9091495886,256157.1012171824,854.2648394155485,5519.945178086494,US - Texas,US,Texas,seird
2020-07-17,301525,4722,3028770.0219372367,275659.7872409733,904.483880917747,5737.776095742764,US - Texas,US,Texas,seird
2020-07-18,311898,4869,3251021.1614146107,296368.86383454275,942.3347252674306,5986.852820590321,US - Texas,US,Texas,seird
2020-07-19,317660,4982,3485786.233105542,318317.7929147968,997.332441322654,6289.35754545959,US - Texas,US,Texas,seird
2020-07-20,327368,5120,3733235.0531061664,341533.1606705029,1040.378733751059,6570.56954434576,US - Texas,US,Texas,seird
2020-07-21,337248,5261,3993447.390065414,366038.729680847,1084.127819902687,6857.5884752109305,US - Texas,US,Texas,seird
2020-07-22,346464,5509,4266437.309477509,391847.1389663779,1131.4229788599996,7012.85421975636,US - Texas,US,Texas,seird
2020-07-23,355679,5710,4552109.947132189,418966.8562528013,1179.8365793685286,7237.423051712807,US - Texas,US,Texas,seird
2020-07-24,364304,5884,4850282.4562788885,447395.2792484691,1231.3832558190106,7503.590741816267,US - Texas,US,Texas,seird
2020-07-25,369784,6037,5160665.400321907,477120.6499610621,1295.5891548368527,7803.273976495977,US - Texas,US,Texas,seird
2020-07-26,374209,6173,5482852.757009974,508123.00108338054,1365.1846313183205,8131.378601707121,US - Texas,US,Texas,seird
2020-07-27,384782,6868,5816343.498468927,540367.8437491152,1411.5944868702088,7767.906868798998,US - Texas,US,Texas,seird
2020-07-28,394832,7150,6160504.549435387,573814.6523147749,1460.2850198148549,7925.379752654195,US - Texas,US,Texas,seird
2020-07-29,401862,7442,6514613.720115418,608406.6715308729,1521.1071761239973,8075.3113616080755,US - Texas,US,Texas,seird
2020-07-30,410640,7590,6877828.708884366,644079.7576216604,1574.9047118849517,8385.899309903298,US - Texas,US,Texas,seird
2020-07-31,419238,7701,7249214.189815791,680757.2369530522,1629.1405334954827,8739.855044189744,US - Texas,US,Texas,seird
2020-08-01,423963,7977,7627749.746370782,718350.9655271273,1699.1545833883574,8905.277241157419,US - Texas,US,Texas,seird
2020-08-02,428563,7996,8012322.108851096,756766.6061293087,1769.5785937775997,9364.31473398335,US - Texas,US,Texas,seird
2020-08-03,433421,8151,8401771.415631881,795895.8320877892,1838.4781576416187,9664.394946482507,US - Texas,US,Texas,seird
2020-08-04,451098,8362,8794868.120273547,835627.8519668413,1849.6579723859445,9893.157760904583,US - Texas,US,Texas,seird
2020-08-05,460425,8725,9190358.63529621,875841.8512616535,1896.0598654061378,9938.302020190871,US - Texas,US,Texas,seird
2020-08-06,470149,8976,9586968.858039616,916412.9899445768,1939.1341591792423,10109.592133963644,US - Texas,US,Texas,seird
2020-08-07,478227,9256,9983413.220508147,957215.3124006934,1987.5887853484112,10241.565605020456,US - Texas,US,Texas,seird
2020-08-08,493381,9465,10378434.229337258,998117.0026210668,2003.5334212986027,10445.346039313965,US - Texas,US,Texas,seird
2020-08-09,505411,9582,10770793.063849067,1038990.0586597386,2031.0958930155987,10743.144006050288,US - Texas,US,Texas,seird
2020-08-10,518105,9677,11159299.247964054,1079706.3740175485,2053.868279202875,11057.449354320022,US - Texas,US,Texas,seird
2020-08-11,530026,9660,11542824.547093477,1120140.1735627668,2077.7845892642017,11495.653970629055,US - Texas,US,Texas,seird
2020-08-12,539104,9958,11920305.685651094,1160172.0621760506,2111.1328585302826,11550.653365897275,US - Texas,US,Texas,seird
2020-08-13,545902,10188,12290761.395253189,1199687.4349477917,2151.459308676867,11675.495042675615,US - Texas,US,Texas,seird
2020-08-14,561507,10490,12653294.729058305,1238580.2217497767,2153.4527136898214,11707.247109149444,US - Texas,US,Texas,seird
2020-08-15,570718,10687,13007110.297645418,1276750.1755208774,2179.0783359987627,11846.759385429748,US - Texas,US,Texas,seird
2020-08-16,573607,10817,13351508.732571838,1314105.7106095771,2227.6404807772287,12048.522793839116,US - Texas,US,Texas,seird
2020-08-17,581412,10876,13685879.539010096,1350568.392366766,2253.9038649030454,12317.877826101196,US - Texas,US,Texas,seird
2020-08-18,590434,11098,14009722.487729738,1386065.6591275206,2272.7838315086424,12389.3283395884,US - Texas,US,Texas,seird
2020-08-19,598280,11335,14322632.821343798,1420535.543122619,2293.968179003777,12432.294160764173,US - Texas,US,Texas,seird
2020-08-20,603035,11582,14624290.889028609,1453929.2470912964,2325.114775929856,12453.352159310105,US - Texas,US,Texas,seird
2020-08-21,608659,11814,14914481.047661485,1486202.523036077,2350.3837202212544,12480.011198883332,US - Texas,US,Texas,seird
2020-08-22,612652,11973,15193062.973051174,1517324.1556826364,2379.884660957799,12572.881948405884,US - Texas,US,Texas,seird
2020-08-23,615723,12092,15459972.339594318,1547272.6541806126,2410.864843378324,12695.8373650398,US - Texas,US,Texas,seird
2020-08-24,619102,12143,15715228.954055678,1576030.5678428144,2438.390920083553,12878.922571381161,US - Texas,US,Texas,seird
2020-08-25,626307,12321,15958904.013898965,1603593.6484940422,2448.096063735351,12915.12578925446,US - Texas,US,Texas,seird
2020-08-26,631210,12506,16191133.142036337,1629962.1631265192,2465.0945235399213,12933.44125321061,US - Texas,US,Texas,seird
2020-08-27,639318,12727,16412106.145962793,1655142.0295605182,2467.127180208096,12904.96605296235,US - Texas,US,Texas,seird
2020-08-28,644951,12886,16622047.517297974,1679148.6566836168,2477.2574222379644,12930.798204901575,US - Texas,US,Texas,seird
2020-08-29,648965,13016,16821229.199516058,1701998.632681164,2492.008690686872,12976.203385688106,US - Texas,US,Texas,seird
2020-08-30,650429,13092,17009948.631010994,1723715.6120892777,2515.1891491632437,13066.17485555513,US - Texas,US,Texas,seird
2020-08-31,655014,13137,17188527.897906717,1744327.13346215,2524.1466438742864,13177.971633265966,US - Texas,US,Texas,seird
2020-09-01,658712,13266,17357315.474902205,1763861.5916919508,2535.0386018323948,13196.107279450856,US - Texas,US,Texas,seird
2020-09-02,662445,13461,17516666.521021686,1782353.3608276616,2544.2446574465334,13140.868886618095,US - Texas,US,Texas,seird
2020-09-03,666892,13648,17666952.31110882,1799836.5059282086,2549.1474348333495,13087.547669462256,US - Texas,US,Texas,seird
2020-09-04,670462,13772,17808550.21726346,1816347.0811496421,2556.1610079711395,13088.69504174878,US - Texas,US,Texas,seird
2020-09-05,674346,13914,17941836.5153964,1831923.7648173224,2560.627706755345,13066.046893900548,US - Texas,US,Texas,seird
2020-09-06,675995,13994,18067193.309759025,1846603.6058487587,2572.6815005671674,13095.681047940252,US - Texas,US,Texas,seird
2020-09-07,677828,14041,18184995.366966117,1860425.9224358578,2582.8333097727027,13149.953154589115,US - Texas,US,Texas,seird
2020-09-08,682184,14139,18295613.047333516,1873429.6625328155,2581.9176420633607,13150.086021167095,US - Texas,US,Texas,seird
2020-09-09,685795,14267,18399413.077484764,1885652.3378349247,2582.931937019775,13116.880478271009,US - Texas,US,Texas,seird
2020-09-10,690801,14283,18496748.68287771,1897132.8848398186,2577.579893902543,13182.45386011215,US - Texas,US,Texas,seird
2020-09-11,693754,14560,18587966.318739526,1907908.297642066,2579.331047999655,13003.765780508695,US - Texas,US,Texas,seird
2020-09-12,700280,14666,18673402.037914783,1918014.6505464918,2566.5622376641886,12977.9670704111,US - Texas,US,Texas,seird
2020-09-13,710126,14743,18753377.066599064,1927488.1761799767,2540.8520553534254,12973.921021365913,US - Texas,US,Texas,seird
2020-09-14,714438,14790,18828203.589241143,1936362.8168311347,2535.3866380625254,12992.378748013081,US - Texas,US,Texas,seird
2020-09-15,718157,14927,18898180.05860345,1944671.8126121606,2531.4830961201314,12927.88110546098,US - Texas,US,Texas,seird
